mtllib falan1_visuals.mtl
v 0.05373869463801384 -0.09607645869255065 0.061547525227069855
v 0.0511845238506794 -0.09913330525159834 0.05848187208175659
v 0.053317517042160034 -0.09850594401359557 0.05857519432902336
v 0.05581674352288246 -0.09112700819969176 0.06719651818275452
v 0.05544852092862129 -0.09252519905567168 0.06552782654762268
v 0.06038819998502731 -0.0908403918147087 0.06604111194610596
v 0.05607832223176956 -0.09064400196075438 0.06772822141647339
v 0.05604904145002365 -0.0906616374850273 0.06771537661552429
v 0.056095190346241 -0.0906408131122589 0.06772667914628983
v 0.056095190346241 -0.0906408131122589 0.06772667914628983
v 0.05604904145002365 -0.0906616374850273 0.06771537661552429
v 0.05581674352288246 -0.09112700819969176 0.06719651818275452
v 0.056095190346241 -0.0906408131122589 0.06772667914628983
v 0.05581674352288246 -0.09112700819969176 0.06719651818275452
v 0.056107040494680405 -0.09064221382141112 0.0677209421992302
v 0.037095025181770325 -0.10413160175085066 0.05677095800638199
v 0.050795216113328934 -0.09391704201698302 0.06529451906681061
v 0.03431221842765808 -0.0934273600578308 0.07141190022230148
v 0.05483480915427208 -0.09272117167711257 0.06548116356134415
v 0.054588932543992996 -0.09526173025369643 0.06230815127491951
v 0.06002026051282883 -0.09337626397609709 0.06291475892066956
v 0.06122153624892235 -0.09102437645196913 0.06552782654762268
v 0.0542074516415596 -0.09867521375417708 0.05806191638112068
v 0.0776047557592392 -0.09302972257137297 0.05750184506177902
v 0.0749608725309372 -0.08285983651876448 0.07141190022230148
v 0.057680707424879074 -0.09460362792015074 0.06212150305509567
v 0.05818834528326988 -0.09702114015817641 0.058855168521404266
v 0.06073152646422386 -0.09355555474758147 0.06244813650846481
v 0.06214473396539688 -0.09573763608932494 0.05918180197477341
v 0.06299581378698349 -0.0959898605942726 0.05857519432902336
v 0.054688237607479095 -0.0930870622396469 0.06506120413541794
v 0.05163741856813431 -0.09413513541221617 0.0647345706820488
v 0.05322246626019478 -0.09611958265304564 0.061664219945669174
v 0.05092265456914902 -0.09905570000410079 0.05866852030158043
v 0.055526357144117355 -0.09144022315740584 0.06689196079969406
v 0.05565934628248215 -0.09117036312818526 0.067193403840065
v 0.05571138486266136 -0.09076884388923644 0.06769048422574997
v 0.05768783017992973 -0.09718767553567885 0.05880850553512573
v 0.057180192321538925 -0.09477017074823378 0.06207484379410744
v 0.05530020222067833 -0.0954410210251808 0.061841532588005066
v 0.05530194938182831 -0.09289109706878661 0.06510786712169647
v 0.06002026051282883 -0.09337626397609709 0.06291475892066956
v 0.06073152646422386 -0.09355555474758147 0.06244813650846481
v 0.0776047557592392 -0.09302972257137297 0.05750184506177902
v 0.07853073626756668 -0.09652578085660933 0.05271434783935547
v 0.03789963200688362 -0.10716085880994795 0.05262194201350212
v 0.05092265456914902 -0.09905570000410079 0.05866852030158043
v 0.056107040494680405 -0.09064221382141112 0.0677209421992302
v 0.05516389384865761 -0.09026824682950972 0.06851419061422348
v 0.05516389384865761 -0.09026824682950972 0.06851419061422348
v 0.03431221842765808 -0.0934273600578308 0.07141190022230148
v 0.05501183867454529 -0.09038062393665312 0.06842087209224701
v 0.05501183867454529 -0.09038062393665312 0.06842087209224701
v 0.05501183867454529 -0.09038062393665312 0.06842087209224701
v 0.05571138486266136 -0.09076884388923644 0.06769048422574997
v 0.055541377514600754 -0.09055227786302565 0.06802456825971603
v 0.07494163513183594 -0.08278585225343703 0.0715131014585495
v 0.07565180957317352 -0.08247570693492888 0.07142134010791779
v 0.07454010844230652 -0.08124134689569472 0.07030757516622543
v 0.07454010844230652 -0.08124134689569472 0.07030757516622543
v 0.07565180957317352 -0.08247570693492888 0.07142134010791779
v 0.07619274407625198 -0.08197764307260512 0.07116001099348068
v 0.07038994878530502 -0.05732860416173934 0.05203578248620033
v 0.06845401227474213 -0.05783067271113395 0.05203480273485184
v 0.07647576928138733 -0.08073812723159789 0.07030757516622543
v 0.07647576928138733 -0.08073812723159789 0.07030757516622543
v 0.06845401227474213 -0.05783067271113395 0.05203480273485184
v 0.07648207992315292 -0.08136749267578124 0.07076891511678696
v 0.06845251470804214 -0.05782501026988029 0.03002350963652134
v 0.07619941234588623 -0.08762397617101668 0.053282495588064194
v 0.06845401227474213 -0.05783067271113395 0.05203480273485184
v 0.07355552911758423 -0.07745409011840819 0.06719255447387695
v 0.06845401227474213 -0.05783067271113395 0.05203480273485184
v 0.07355552911758423 -0.07745409011840819 0.06719255447387695
v 0.07454010844230652 -0.08124134689569472 0.07030757516622543
v 0.07454010844230652 -0.08124134689569472 0.07030757516622543
v 0.0749608725309372 -0.08285983651876448 0.07141190022230148
v 0.07494163513183594 -0.08278585225343703 0.0715131014585495
v 0.07913804799318314 -0.09097878634929656 0.05630071833729744
v 0.07038994878530502 -0.05732863768935203 0.03003576397895813
v 0.07647576928138733 -0.08073812723159789 0.07030757516622543
v 0.07038994878530502 -0.05732860416173934 0.05203578248620033
v 0.03431221842765808 -0.0934273600578308 0.07141190022230148
v 0.0361957773566246 -0.09073652327060698 0.06980259716510773
v 0.033290594816207886 -0.09347204118967055 0.07125038653612137
v 0.03405710682272911 -0.08978369086980818 0.06869946420192719
v 0.03022097796201706 -0.07769013196229933 0.059128522872924805
v 0.028330335393548012 -0.07818155735731123 0.05912845581769943
v 0.03022155910730362 -0.07769236713647841 0.05913027003407478
v 0.03022155910730362 -0.07769236713647841 0.05913027003407478
v 0.028330335393548012 -0.07818155735731123 0.05912845581769943
v 0.028285326436161995 -0.07819335162639617 0.0591285265982151
v 0.03022155910730362 -0.07769236713647841 0.05913027003407478
v 0.028285326436161995 -0.07819335162639617 0.0591285265982151
v 0.032906871289014816 -0.08802160620689391 0.06719255447387695
v 0.03197503462433815 -0.09238608181476592 0.07020637392997742
v 0.03243512660264969 -0.09309090673923491 0.07080913335084915
v 0.07284798473119736 -0.08055288344621657 0.06932364404201508
v 0.0749608725309372 -0.08285983651876448 0.07141190022230148
v 0.07357131689786911 -0.07902749627828597 0.06834588944911957
v 0.07355552911758423 -0.07745409011840819 0.06719255447387695
v 0.0714956521987915 -0.08179803192615508 0.06997695565223694
v 0.06972020119428635 -0.08257338404655455 0.07020637392997742
v 0.03874983638525009 -0.0906248167157173 0.07020637392997742
v 0.028285322710871696 -0.07819335907697676 0.03635715693235397
v 0.028297193348407745 -0.07823901623487471 0.036164164543151855
v 0.028383400291204453 -0.0785662457346916 0.03641980513930321
v 0.034759387373924255 -0.10309189558029173 0.05556289106607437
v 0.03197503462433815 -0.09238608181476592 0.07020637392997742
v 0.028383400291204453 -0.0785662457346916 0.03641980513930321
v 0.028285326436161995 -0.07819335162639617 0.0591285265982151
v 0.028383400291204453 -0.0785662457346916 0.03641980513930321
v 0.028285326436161995 -0.07819335162639617 0.0591285265982151
v 0.028285322710871696 -0.07819335907697676 0.03635715693235397
v 0.07913804799318314 -0.09097878634929656 0.05630071833729744
v 0.08006402105093002 -0.09447484463453291 0.05151321738958359
v 0.07038994878530502 -0.05732863768935203 0.03003576397895813
v 0.07004664093255997 -0.0559423342347145 0.02143743447959423
v 0.07038994878530502 -0.05732863768935203 0.03003576397895813
v 0.07004664093255997 -0.0559423342347145 0.02143743447959423
v 0.07036545127630234 -0.05723439157009124 0.029962319880723953
v 0.07036545127630234 -0.05723439157009124 0.029962319880723953
v 0.06921441107988358 -0.052809089422225945 0.0267627015709877
v 0.034759387373924255 -0.10309189558029173 0.05556289106607437
v 0.028383400291204453 -0.0785662457346916 0.03641980513930321
v 0.03556329384446144 -0.10612279176712035 0.05141201242804527
v 0.029042601585388184 -0.08104052394628523 0.031834546476602554
v 0.052962932735681534 -0.09048613905906676 0.043358732014894485
v 0.052361860871315 -0.09183058887720107 0.04422425478696823
v 0.05125690624117851 -0.07904087007045744 0.0346708744764328
v 0.08006402105093002 -0.09447484463453291 0.05151321738958359
v 0.060452982783317566 -0.0647454261779785 0.026010315865278244
v 0.06101420521736145 -0.06399472802877425 0.025570672005414963
v 0.07004664093255997 -0.0559423342347145 0.02143743447959423
v 0.061072658747434616 -0.0631546303629875 0.024968497455120087
v 0.05994623899459839 -0.05882178619503974 0.021586578339338303
v 0.06591402739286423 -0.08286734670400618 0.04030005261301994
v 0.08007039874792099 -0.09510444849729537 0.05197422206401825
v 0.06651509553194046 -0.08152289688587187 0.0394345298409462
v 0.0662471130490303 -0.08018556237220763 0.03840610384941101
v 0.060452982783317566 -0.0647454261779785 0.026010315865278244
v 0.06518185883760452 -0.0792136564850807 0.037490345537662506
v 0.054833393543958664 -0.07633256912231444 0.033384885638952255
v 0.0585806705057621 -0.09044021368026732 0.04441174492239952
v 0.057515423744916916 -0.08946832269430159 0.04349598288536072
v 0.052923232316970825 -0.07866831868886946 0.03472111374139786
v 0.055938344448804855 -0.08912228047847746 0.042938265949487686
v 0.05427202209830284 -0.08949483931064604 0.04288802668452263
v 0.06802410632371902 -0.05064248293638229 0.017176037654280663
v 0.06929899007081985 -0.05355070531368255 0.01954634115099907
v 0.0635693371295929 -0.053057055920362466 0.018077658489346504
v 0.06093441694974899 -0.054485231637954705 0.01861095055937767
v 0.05868048593401909 -0.0557069107890129 0.019067132845520973
v 0.04094814136624336 -0.08797759562730788 0.039203036576509476
v 0.042013391852378845 -0.0889494940638542 0.04011879488825798
v 0.03556329384446144 -0.10612279176712035 0.05141201242804527
v 0.026930464431643486 -0.07291606068611144 0.025493158027529716
v 0.036439523100852966 -0.06776195764541625 0.02356857806444168
v 0.036887478083372116 -0.06948503851890563 0.024913493543863297
v 0.05456540361046791 -0.074995219707489 0.03235646337270737
v 0.05350015312433243 -0.07402332872152327 0.031440701335668564
v 0.059539370238780975 -0.06520556658506392 0.02616962417960167
v 0.051923081278800964 -0.07367729395627974 0.030882982537150383
v 0.039223819971084595 -0.07052310556173323 0.026123423129320145
v 0.05262984707951546 -0.09316793084144591 0.04525267705321312
v 0.04525679349899292 -0.08892297744750975 0.04072675481438637
v 0.05369509756565094 -0.09413982182741164 0.04616843909025192
v 0.03789963200688362 -0.10716085880994795 0.05262194201350212
v 0.0552721731364727 -0.09448586404323576 0.046726156026124954
v 0.07853073626756668 -0.09652578085660933 0.05271434783935547
v 0.056938499212265015 -0.09411331266164778 0.04677639529109001
v 0.058247584849596024 -0.09312200546264647 0.04630569368600845
v 0.04259031265974045 -0.08430449664592742 0.036838382482528687
v 0.037188414484262466 -0.07003753632307051 0.025375165045261383
v 0.04425663873553276 -0.08393195271492003 0.036888621747493744
v 0.037738095968961716 -0.07042883336544035 0.025767220184206963
v 0.03720514103770256 -0.1072406768798828 0.05254590883851051
v 0.04359046742320061 -0.08929552882909773 0.04067651554942131
v 0.05025675147771835 -0.07404983788728713 0.030832743272185326
v 0.048947665840387344 -0.07504114508628844 0.03130344673991203
v 0.03845283389091492 -0.07059933990240096 0.026029974222183228
v 0.048346590250730515 -0.07638559490442275 0.03216896951198578
v 0.028056906536221504 -0.07802217453718184 0.029439762234687805
v 0.02771160379052162 -0.0771917477250099 0.028766555711627007
v 0.02670431323349476 -0.07513138651847838 0.02706715650856495
v 0.02576969936490059 -0.07354521751403807 0.02572808973491192
v 0.03720514103770256 -0.1072406768798828 0.05254590883851051
v 0.03641390800476074 -0.10706658661365508 0.05226574093103409
v 0.03582185134291649 -0.10662606358528136 0.051829539239406586
v 0.03582185134291649 -0.10662606358528136 0.051829539239406586
v 0.06518185883760452 -0.0792136564850807 0.037490345537662506
v 0.06360478699207306 -0.07886762171983717 0.036932624876499176
v 0.054833393543958664 -0.07633256912231444 0.033384885638952255
v 0.06360478699207306 -0.07886762171983717 0.036932624876499176
v 0.061938460916280746 -0.07924018055200575 0.03688238561153412
v 0.054232317954301834 -0.07767701148986815 0.034250408411026
v 0.06062937155365944 -0.08023148030042647 0.037353090941905975
v 0.06002829596400261 -0.08157593011856078 0.03821861371397972
v 0.06029628589749336 -0.08291327208280562 0.03924703598022461
v 0.06029628589749336 -0.08291327208280562 0.03924703598022461
v 0.05884866043925285 -0.09177755564451216 0.04544017091393471
v 0.061361536383628845 -0.08388517051935195 0.04016279801726341
v 0.0629386156797409 -0.08423120528459548 0.04072051867842674
v 0.08007039874792099 -0.09510444849729537 0.05197422206401825
v 0.07978124916553497 -0.09571530669927596 0.05236436799168587
v 0.06591402739286423 -0.08286734670400618 0.04030005261301994
v 0.07978124916553497 -0.09571530669927596 0.05236436799168587
v 0.0792405903339386 -0.09621440619230269 0.05262426659464836
v 0.06460493803024292 -0.0838586539030075 0.0407707579433918
v 0.0629386156797409 -0.08423120528459548 0.04072051867842674
v 0.058247584849596024 -0.09312200546264647 0.04630569368600845
v 0.05884866043925285 -0.09177755564451216 0.04544017091393471
v 0.04068015143275261 -0.08664025366306304 0.03817461058497429
v 0.029042601585388184 -0.08104052394628523 0.031834546476602554
v 0.04128123074769974 -0.08529581129550932 0.03730908781290054
v 0.04259031265974045 -0.08430449664592742 0.036838382482528687
v 0.036887478083372116 -0.06948503851890563 0.024913493543863297
v 0.037188414484262466 -0.07003753632307051 0.025375165045261383
v 0.04656587541103363 -0.08793167024850844 0.04025604948401451
v 0.04716695472598076 -0.08658722043037413 0.039390526711940765
v 0.046898964792490005 -0.08524987846612929 0.03836210444569588
v 0.04967983067035675 -0.07869483530521391 0.03411315754055977
v 0.04583371430635452 -0.08427798002958296 0.037446342408657074
v 0.04861458018422127 -0.07772293686866759 0.033197395503520966
v 0.037738095968961716 -0.07042883336544035 0.025767220184206963
v 0.03845283389091492 -0.07059933990240096 0.026029974222183228
v 0.06402967870235443 -0.04200033843517303 0.019405826926231384
v 0.06388355791568756 -0.04210501909255981 0.019405854865908623
v 0.06321267038583755 -0.04121629148721694 0.018976252526044846
v 0.06402967870235443 -0.04200033843517303 0.019405826926231384
v 0.06321267038583755 -0.04121629148721694 0.018976252526044846
v 0.06299755722284317 -0.04062571004033088 0.01875096559524536
v 0.06299755722284317 -0.04062571004033088 0.01875096559524536
v 0.06321267038583755 -0.04121629148721694 0.018976252526044846
v 0.06282245367765427 -0.04071426391601562 0.018737060949206352
v 0.06299755722284317 -0.04062571004033088 0.01875096559524536
v 0.06282245367765427 -0.04071426391601562 0.018737060949206352
v 0.06297373026609421 -0.04059542715549468 0.01873640902340412
v 0.06299753487110138 -0.04062568023800849 0.04175109043717384
v 0.0629737451672554 -0.04059541597962379 0.041736409068107605
v 0.06140253320336342 -0.04183289408683776 0.041736409068107605
v 0.06299753487110138 -0.04062568023800849 0.04175109043717384
v 0.06140253320336342 -0.04183289408683776 0.041736409068107605
v 0.06366944313049316 -0.04150590673089027 0.042183831334114075
v 0.06366944313049316 -0.04150590673089027 0.042183831334114075
v 0.06140253320336342 -0.04183289408683776 0.041736409068107605
v 0.06339763104915619 -0.044628467410802834 0.043228477239608765
v 0.06366944313049316 -0.04150590673089027 0.042183831334114075
v 0.06339763104915619 -0.044628467410802834 0.043228477239608765
v 0.0650544986128807 -0.04350725561380386 0.043207842856645584
v 0.0650544986128807 -0.04350725561380386 0.043207842856645584
v 0.06339763104915619 -0.044628467410802834 0.043228477239608765
v 0.06597092747688293 -0.04500870406627654 0.04401392862200737
v 0.06597092747688293 -0.04500870406627654 0.04401392862200737
v 0.06339763104915619 -0.044628467410802834 0.043228477239608765
v 0.06423883140087128 -0.04600867629051208 0.04401379078626633
v 0.06597092747688293 -0.04500870406627654 0.04401392862200737
v 0.06423883140087128 -0.04600867629051208 0.04401379078626633
v 0.06673558056354523 -0.046407304704189294 0.04479523003101349
v 0.06673558056354523 -0.046407304704189294 0.04479523003101349
v 0.06423883140087128 -0.04600867629051208 0.04401379078626633
v 0.06504762917757034 -0.047498524188995354 0.04489975795149803
v 0.06673558056354523 -0.046407304704189294 0.04479523003101349
v 0.06504762917757034 -0.047498524188995354 0.04489975795149803
v 0.0670333057641983 -0.04699710756540298 0.04513377696275711
v 0.0670333057641983 -0.04699710756540298 0.04513377696275711
v 0.06504762917757034 -0.047498524188995354 0.04489975795149803
v 0.0653076022863388 -0.04802065715193748 0.045219969004392624
v 0.0670333057641983 -0.04699710756540298 0.04513377696275711
v 0.0653076022863388 -0.04802065715193748 0.045219969004392624
v 0.06811133027076721 -0.04943202435970306 0.046589143574237823
v 0.06811133027076721 -0.04943202435970306 0.046589143574237823
v 0.0653076022863388 -0.04802065715193748 0.045219969004392624
v 0.06634686142206192 -0.05041329562664031 0.04675379768013954
v 0.06811133027076721 -0.04943202435970306 0.046589143574237823
v 0.06634686142206192 -0.05041329562664031 0.04675379768013954
v 0.06907353550195694 -0.052288107573986047 0.04841533675789833
v 0.06907353550195694 -0.052288107573986047 0.04841533675789833
v 0.06634686142206192 -0.05041329562664031 0.04675379768013954
v 0.06727887690067291 -0.053312700241804116 0.04876270517706871
v 0.06907353550195694 -0.052288107573986047 0.04841533675789833
v 0.06727887690067291 -0.053312700241804116 0.04876270517706871
v 0.06921443343162537 -0.05280912294983863 0.04876268655061722
v -0.007082874421030283 -0.03869605436921119 0.008353878743946552
v -0.006894039921462536 -0.03885718807578086 0.008422820828855038
v -0.0073548853397369385 -0.03901425376534461 0.00835494976490736
v -0.0073548853397369385 -0.03901425376534461 0.00835494976490736
v -0.006894039921462536 -0.03885718807578086 0.008422820828855038
v -0.007040007039904594 -0.03903767839074134 0.008425496518611908
v -0.0073548853397369385 -0.03901425376534461 0.00835494976490736
v -0.007040007039904594 -0.03903767839074134 0.008425496518611908
v -0.007166089955717325 -0.03918283805251121 0.008424927480518818
v -0.007166089955717325 -0.03918283805251121 0.008424927480518818
v -0.007040007039904594 -0.03903767839074134 0.008425496518611908
v -0.007162353955209255 -0.03918905183672904 0.008427564054727554
v -0.006700259633362293 -0.039742723107337945 0.008695540018379688
v -0.006344328634440899 -0.03932546824216842 0.008694702759385109
v -0.006144758313894272 -0.04051834717392921 0.00914404634386301
v -0.006144758313894272 -0.04051834717392921 0.00914404634386301
v -0.006344328634440899 -0.03932546824216842 0.008694702759385109
v -0.005640170071274042 -0.03992499411106109 0.00914333201944828
v -0.006700259633362293 -0.039742723107337945 0.008695540018379688
v -0.006629809737205505 -0.039660084992647164 0.0086952680721879
v -0.006344328634440899 -0.03932546824216842 0.008694702759385109
v -0.006344328634440899 -0.03932546824216842 0.008694702759385109
v -0.006629809737205505 -0.039660084992647164 0.0086952680721879
v -0.006488020531833172 -0.0394870713353157 0.008693329989910126
v -0.006344328634440899 -0.03932546824216842 0.008694702759385109
v -0.006488020531833172 -0.0394870713353157 0.008693329989910126
v -0.0063509466126561165 -0.03931982442736625 0.008691459894180298
v 0.06845401227474213 -0.05783067271113395 0.05203480273485184
v 0.07038994878530502 -0.05732860416173934 0.05203578248620033
v 0.0673043504357338 -0.053410697728395455 0.04882851615548134
v 0.0673043504357338 -0.053410697728395455 0.04882851615548134
v 0.07038994878530502 -0.05732860416173934 0.05203578248620033
v 0.06921443343162537 -0.05280912294983863 0.04876268655061722
v 0.0673043504357338 -0.053410697728395455 0.04882851615548134
v 0.06921443343162537 -0.05280912294983863 0.04876268655061722
v 0.06727887690067291 -0.053312700241804116 0.04876270517706871
v 0.03022155910730362 -0.07769236713647841 0.05913027003407478
v 0.032906871289014816 -0.08802160620689391 0.06719255447387695
v 0.03022155910730362 -0.07769236713647841 0.03713718056678772
v 0.035568322986364365 -0.0982590466737747 0.053190093487501144
v 0.05694824457168579 -0.0360690914094448 0.0392581932246685
v 0.06140253320336342 -0.04183289408683776 0.041736409068107605
v 0.0629737451672554 -0.04059541597962379 0.041736409068107605
v 0.0629737451672554 -0.04059541597962379 0.041736409068107605
v 0.06018722429871559 -0.03701209649443626 0.04012055695056915
v 0.05694824457168579 -0.0360690914094448 0.0392581932246685
v 0.05694824457168579 -0.0360690914094448 0.0392581932246685
v 0.06018722429871559 -0.03701209649443626 0.04012055695056915
v 0.05881699547171593 -0.03522196412086486 0.03939852491021156
v 0.05694824457168579 -0.0360690914094448 0.0392581932246685
v 0.05881699547171593 -0.03522196412086486 0.03939852491021156
v 0.058539487421512604 -0.03485749661922454 0.0392581932246685
v -0.013427337631583214 -0.030743170529603955 0.028999999165534973
v -0.014473129995167255 -0.03134696185588836 0.029000001028180122
v -0.012861475348472595 -0.03172358125448226 0.029031803831458092
v -0.012861475348472595 -0.03172358125448226 0.029031803831458092
v -0.014473129995167255 -0.03134696185588836 0.029000001028180122
v -0.014507634565234184 -0.031535357236862176 0.029000569134950638
v -0.012861475348472595 -0.03172358125448226 0.029031803831458092
v -0.014507634565234184 -0.031535357236862176 0.029000569134950638
v -0.014465569518506527 -0.032649707049131386 0.029031803831458092
v 0.02889753319323063 -0.07379585504531859 0.05624914541840553
v 0.028527820482850075 -0.07296124845743178 0.05561624467372894
v 0.026827404275536537 -0.07405270636081694 0.05582284554839134
v 0.026827404275536537 -0.07405270636081694 0.05582284554839134
v 0.028285326436161995 -0.07819335162639617 0.0591285265982151
v 0.028330335393548012 -0.07818155735731123 0.05912845581769943
v 0.028330335393548012 -0.07818155735731123 0.05912845581769943
v 0.03022097796201706 -0.07769013196229933 0.059128522872924805
v 0.026827404275536537 -0.07405270636081694 0.05582284554839134
v 0.026827404275536537 -0.07405270636081694 0.05582284554839134
v 0.03022097796201706 -0.07769013196229933 0.059128522872924805
v 0.029265837743878365 -0.07470930367708205 0.056935153901576996
v 0.026827404275536537 -0.07405270636081694 0.05582284554839134
v 0.029265837743878365 -0.07470930367708205 0.056935153901576996
v 0.02889753319323063 -0.07379585504531859 0.05624914541840553
v 0.024776853621006012 -0.07028438895940779 0.052616093307733536
v 0.025268932804465294 -0.07107762247323988 0.053319431841373444
v 0.02540183626115322 -0.06982354074716567 0.05258740112185478
v 0.02540183626115322 -0.06982354074716567 0.05258740112185478
v 0.025268932804465294 -0.07107762247323988 0.053319431841373444
v 0.026388440281152725 -0.06909300386905669 0.05254348739981651
v 0.026388440281152725 -0.06909300386905669 0.05254348739981651
v 0.025268932804465294 -0.07107762247323988 0.053319431841373444
v 0.027855973690748215 -0.07160003483295439 0.05456774681806564
v 0.027855973690748215 -0.07160003483295439 0.05456774681806564
v 0.025268932804465294 -0.07107762247323988 0.053319431841373444
v 0.025999272242188454 -0.07236739248037337 0.054426729679107666
v 0.027855973690748215 -0.07160003483295439 0.05456774681806564
v 0.025999272242188454 -0.07236739248037337 0.054426729679107666
v 0.028527820482850075 -0.07296124845743178 0.05561624467372894
v 0.028527820482850075 -0.07296124845743178 0.05561624467372894
v 0.025999272242188454 -0.07236739248037337 0.054426729679107666
v 0.02666466124355793 -0.0736977383494377 0.05553215742111206
v 0.028527820482850075 -0.07296124845743178 0.05561624467372894
v 0.02666466124355793 -0.0736977383494377 0.05553215742111206
v 0.026827404275536537 -0.07405270636081694 0.05582284554839134
v 0.02540183626115322 -0.06982354074716567 0.05258740112185478
v 0.026388440281152725 -0.06909300386905669 0.05254348739981651
v 0.025239000096917152 -0.06742628663778304 0.05153348296880722
v 0.023680297657847404 -0.06868302077054976 0.05158700421452522
v 0.024776853621006012 -0.07028438895940779 0.052616093307733536
v 0.02540183626115322 -0.06982354074716567 0.05258740112185478
v 0.019534068182110786 -0.06130162999033927 0.04753350466489792
v 0.018239513039588928 -0.06282613426446913 0.04753350466489792
v 0.019574295729398727 -0.061335917562246316 0.04755684360861778
v 0.019574295729398727 -0.061335917562246316 0.04755684360861778
v 0.018239513039588928 -0.06282613426446913 0.04753350466489792
v 0.018280664458870888 -0.06286121159791945 0.04755872115492821
v 0.019574295729398727 -0.061335917562246316 0.04755684360861778
v 0.018280664458870888 -0.06286121159791945 0.04755872115492821
v 0.021231213584542274 -0.06283545494079588 0.048570044338703156
v 0.021231213584542274 -0.06283545494079588 0.048570044338703156
v 0.018280664458870888 -0.06286121159791945 0.04755872115492821
v 0.020700382068753242 -0.06513233482837676 0.049173373728990555
v 0.02540183626115322 -0.06982354074716567 0.05258740112185478
v 0.025239000096917152 -0.06742628663778304 0.05153348296880722
v 0.023680297657847404 -0.06868302077054976 0.05158700421452522
v 0.023680297657847404 -0.06868302077054976 0.05158700421452522
v 0.025239000096917152 -0.06742628663778304 0.05153348296880722
v 0.024704858660697937 -0.06671641767024993 0.05109299719333649
v 0.023680297657847404 -0.06868302077054976 0.05158700421452522
v 0.024704858660697937 -0.06671641767024993 0.05109299719333649
v 0.022697649896144867 -0.06740008294582366 0.05073636397719383
v 0.022697649896144867 -0.06740008294582366 0.05073636397719383
v 0.024704858660697937 -0.06671641767024993 0.05109299719333649
v 0.024268781766295433 -0.06616238504648207 0.050743985921144485
v 0.022697649896144867 -0.06740008294582366 0.05073636397719383
v 0.024268781766295433 -0.06616238504648207 0.050743985921144485
v 0.021499020978808403 -0.06598998606204985 0.04977079853415489
v 0.021499020978808403 -0.06598998606204985 0.04977079853415489
v 0.024268781766295433 -0.06616238504648207 0.050743985921144485
v 0.023314032703638077 -0.06502261012792586 0.05001133680343628
v 0.021499020978808403 -0.06598998606204985 0.04977079853415489
v 0.023314032703638077 -0.06502261012792586 0.05001133680343628
v 0.020700382068753242 -0.06513233482837676 0.049173373728990555
v 0.020700382068753242 -0.06513233482837676 0.049173373728990555
v 0.023314032703638077 -0.06502261012792586 0.05001133680343628
v 0.021981334313750267 -0.06358063220977782 0.04906599968671799
v 0.020700382068753242 -0.06513233482837676 0.049173373728990555
v 0.021981334313750267 -0.06358063220977782 0.04906599968671799
v 0.021231213584542274 -0.06283545494079588 0.048570044338703156
v 0.0387641079723835 -0.010162694379687308 0.02961716614663601
v 0.037757791578769684 -0.010865347459912298 0.029601749032735825
v 0.03790357708930969 -0.011056860908865927 0.029675133526325226
v 0.05694824457168579 -0.0360690914094448 0.0392581932246685
v 0.058539487421512604 -0.03485749661922454 0.0392581932246685
v 0.03790357708930969 -0.011056860908865927 0.029675133526325226
v 0.03790357708930969 -0.011056860908865927 0.029675133526325226
v 0.058539487421512604 -0.03485749661922454 0.0392581932246685
v 0.03949484974145889 -0.009845304302871226 0.029675116762518883
v 0.03790357708930969 -0.011056860908865927 0.029675133526325226
v 0.03949484974145889 -0.009845304302871226 0.029675116762518883
v 0.0387641079723835 -0.010162694379687308 0.02961716614663601
v 0.0387641079723835 -0.010162694379687308 0.02961716614663601
v 0.03949484974145889 -0.009845304302871226 0.029675116762518883
v 0.03942077234387398 -0.009747995994985102 0.029637852683663368
v 0.03599410504102707 -0.008955379016697405 0.007000007200986147
v 0.03648888319730759 -0.009084584191441534 0.007013295311480761
v 0.036112137138843536 -0.00850128289312124 0.007000007666647434
v 0.037681687623262405 -0.010765373706817625 0.02956862561404705
v 0.037681665271520615 -0.010765351355075834 0.007225869223475456
v 0.037757791578769684 -0.010865347459912298 0.029601749032735825
v 0.03790358081459999 -0.011056872084736822 0.0072947838343679905
v 0.03790357708930969 -0.011056860908865927 0.029675133526325226
v -0.008072220720350742 -0.037806041538715356 0.007850001566112041
v -0.007552589289844036 -0.03828389570116996 0.008115437813103199
v -0.0073548853397369385 -0.03901425376534461 0.00835494976490736
v -0.0073548853397369385 -0.03901425376534461 0.00835494976490736
v -0.007552589289844036 -0.03828389570116996 0.008115437813103199
v -0.007457536179572344 -0.03836890310049056 0.00816405564546585
v -0.0073548853397369385 -0.03901425376534461 0.00835494976490736
v -0.007457536179572344 -0.03836890310049056 0.00816405564546585
v -0.007082874421030283 -0.03869605436921119 0.008353878743946552
v -0.006894039921462536 -0.03885718807578086 0.008422820828855038
v -0.007082874421030283 -0.03869605436921119 0.008353878743946552
v -0.007082994561642408 -0.038695942610502236 0.03135460242629051
v -0.0056402175687253475 -0.039925005286931985 0.03214314579963684
v -0.005640170071274042 -0.03992499411106109 0.00914333201944828
v -0.00651293620467186 -0.03918183594942092 0.03165346756577492
v -0.00651293620467186 -0.03918183594942092 0.03165346756577492
v -0.005640170071274042 -0.03992499411106109 0.00914333201944828
v -0.006344328634440899 -0.03932546824216842 0.008694702759385109
v -0.00651293620467186 -0.03918183594942092 0.03165346756577492
v -0.006344328634440899 -0.03932546824216842 0.008694702759385109
v -0.007082994561642408 -0.038695942610502236 0.03135460242629051
v -0.007082994561642408 -0.038695942610502236 0.03135460242629051
v -0.006344328634440899 -0.03932546824216842 0.008694702759385109
v -0.0063509466126561165 -0.03931982442736625 0.008691459894180298
v -0.007082994561642408 -0.038695942610502236 0.03135460242629051
v -0.0063509466126561165 -0.03931982442736625 0.008691459894180298
v -0.006894039921462536 -0.03885718807578086 0.008422820828855038
v -0.007418367546051741 -0.033808577805757516 0.007000000216066837
v -0.0030742669478058815 -0.03484969958662986 0.007000000216066837
v -0.00403551384806633 -0.03275232389569282 0.007000000216066837
v 0.03289855644106865 -0.006979318801313638 0.007000000216066837
v 0.032312143594026566 -0.007493462413549422 0.007000000216066837
v 0.03562166169285774 -0.007696135435253381 0.007000000216066837
v 0.02932695299386978 -0.022310866042971608 0.007000000216066837
v 0.027103744447231293 -0.01882516965270042 0.007000000216066837
v 0.02683483436703682 -0.025124356150627133 0.007000000216066837
v 0.02240860089659691 -0.024225082248449322 0.007000000216066837
v 0.031500305980443954 -0.019263576716184613 0.007000000216066837
v 0.03333764523267746 -0.01602196507155895 0.007000000216066837
v 0.03052450530230999 -0.012540119700133799 0.007000000216066837
v 0.03485359624028206 -0.012547506019473074 0.007000000216066837
v 0.03196149691939354 -0.008213577792048453 0.007000000216066837
v 0.03599410504102707 -0.008955379016697405 0.007000007200986147
v 0.036112137138843536 -0.00850128289312124 0.007000007666647434
v 0.036112137138843536 -0.00850128289312124 0.007000007666647434
v 0.010127736255526543 -0.03140746802091598 0.007000000216066837
v 0.003119447035714984 -0.03285223245620727 0.007000000216066837
v 0.004025917034596205 -0.035363931208848946 0.007000000216066837
v 0.0004562406975310296 -0.035304620862007134 0.007000000216066837
v 0.03510782867670059 -0.00711836852133274 0.007000000216066837
v 0.03415290638804436 -0.006727609783411025 0.007000000216066837
v 0.03313029184937477 -0.006864814087748527 0.007000000216066837
v 0.007574736140668392 -0.03502985462546348 0.007000000216066837
v 0.011104118078947067 -0.034302286803722375 0.007000000216066837
v 0.016499999910593033 -0.028578838333487507 0.007000000216066837
v -0.00851091742515564 -0.03188360482454299 0.007000000216066837
v -0.009176499210298061 -0.03182156011462211 0.007000000216066837
v -0.010026729665696621 -0.0320838950574398 0.007000000216066837
v 0.014572360552847385 -0.03318225219845771 0.007000000216066837
v 0.01792432740330696 -0.03168357163667678 0.007000000216066837
v 0.016659829765558243 -0.028485961258411404 0.007000000216066837
v 0.021130133420228958 -0.029811825603246685 0.007000000216066837
v 0.02410043403506279 -0.02762402221560478 0.007000000216066837
v -0.010049324482679367 -0.03209713473916053 0.007000000216066837
v -0.0107079753652215 -0.03273270279169082 0.007000000216066837
v -0.010812771506607533 -0.032915916293859475 0.007000000216066837
v 0.0642128586769104 -0.04225829988718032 0.019530240446329117
v 0.0640624612569809 -0.0420461818575859 0.019427960738539696
v 0.06366944313049316 -0.04150590673089027 0.042183831334114075
v 0.0642128586769104 -0.04225829988718032 0.019530240446329117
v 0.06366944313049316 -0.04150590673089027 0.042183831334114075
v 0.06578579545021057 -0.044691607356071465 0.02079612948000431
v 0.06597092747688293 -0.04500870406627654 0.04401392862200737
v 0.06703029572963715 -0.0469910018146038 0.02205878309905529
v 0.0650544986128807 -0.04350725561380386 0.043207842856645584
v 0.0650544986128807 -0.04350725561380386 0.043207842856645584
v 0.06703029572963715 -0.0469910018146038 0.02205878309905529
v 0.06598539650440216 -0.04503388330340385 0.020987529307603836
v 0.0650544986128807 -0.04350725561380386 0.043207842856645584
v 0.06598539650440216 -0.04503388330340385 0.020987529307603836
v 0.06366944313049316 -0.04150590673089027 0.042183831334114075
v 0.06366944313049316 -0.04150590673089027 0.042183831334114075
v 0.06598539650440216 -0.04503388330340385 0.020987529307603836
v 0.06597015261650085 -0.045007437467575066 0.020972799509763718
v 0.06366944313049316 -0.04150590673089027 0.042183831334114075
v 0.06597015261650085 -0.045007437467575066 0.020972799509763718
v 0.06578579545021057 -0.044691607356071465 0.02079612948000431
v 0.06917773932218552 -0.05266961455345153 0.026669712737202644
v 0.0670333057641983 -0.04699710756540298 0.04513377696275711
v 0.069185771048069 -0.05269991606473922 0.02668939158320427
v 0.069185771048069 -0.05269991606473922 0.02668939158320427
v 0.0670333057641983 -0.04699710756540298 0.04513377696275711
v 0.06811133027076721 -0.04943202435970306 0.046589143574237823
v 0.069185771048069 -0.05269991606473922 0.02668939158320427
v 0.06811133027076721 -0.04943202435970306 0.046589143574237823
v 0.06921441107988358 -0.052809089422225945 0.0267627015709877
v 0.06921441107988358 -0.052809089422225945 0.0267627015709877
v 0.06811133027076721 -0.04943202435970306 0.046589143574237823
v 0.06907353550195694 -0.052288107573986047 0.04841533675789833
v 0.06921441107988358 -0.052809089422225945 0.0267627015709877
v 0.06907353550195694 -0.052288107573986047 0.04841533675789833
v 0.06921443343162537 -0.05280912294983863 0.04876268655061722
v 0.06921389698982239 -0.05280932039022445 0.02576274797320366
v 0.06917887926101685 -0.05267530679702758 0.025672655552625656
v 0.06921441107988358 -0.052809089422225945 0.026095593348145485
v 0.06921441107988358 -0.052809089422225945 0.026095593348145485
v 0.06917887926101685 -0.05267530679702758 0.025672655552625656
v 0.06917773932218552 -0.05266961455345153 0.026669712737202644
v 0.06917773932218552 -0.05266961455345153 0.026669712737202644
v 0.06917887926101685 -0.05267530679702758 0.025672655552625656
v 0.0670333057641983 -0.04699710756540298 0.04513377696275711
v 0.0670333057641983 -0.04699710756540298 0.04513377696275711
v 0.06917887926101685 -0.05267530679702758 0.025672655552625656
v 0.0681949332356453 -0.049646861851215356 0.02371170185506344
v 0.0670333057641983 -0.04699710756540298 0.04513377696275711
v 0.0681949332356453 -0.049646861851215356 0.02371170185506344
v 0.0676560327410698 -0.04833624884486198 0.022892361506819725
v 0.06597092747688293 -0.04500870406627654 0.04401392862200737
v 0.06673558056354523 -0.046407304704189294 0.04479523003101349
v 0.06703029572963715 -0.0469910018146038 0.02205878309905529
v 0.06703029572963715 -0.0469910018146038 0.02205878309905529
v 0.06673558056354523 -0.046407304704189294 0.04479523003101349
v 0.0670333057641983 -0.04699710756540298 0.04513377696275711
v 0.06703029572963715 -0.0469910018146038 0.02205878309905529
v 0.0670333057641983 -0.04699710756540298 0.04513377696275711
v 0.0671493336558342 -0.047235056757926934 0.022189652547240257
v 0.0671493336558342 -0.047235056757926934 0.022189652547240257
v 0.0670333057641983 -0.04699710756540298 0.04513377696275711
v 0.0676560327410698 -0.04833624884486198 0.022892361506819725
v 0.0640624612569809 -0.0420461818575859 0.019427960738539696
v 0.06402967870235443 -0.04200033843517303 0.019405826926231384
v 0.06366944313049316 -0.04150590673089027 0.042183831334114075
v 0.06366944313049316 -0.04150590673089027 0.042183831334114075
v 0.06402967870235443 -0.04200033843517303 0.019405826926231384
v 0.06299755722284317 -0.04062571004033088 0.01875096559524536
v 0.06366944313049316 -0.04150590673089027 0.042183831334114075
v 0.06299755722284317 -0.04062571004033088 0.01875096559524536
v 0.06299753487110138 -0.04062568023800849 0.04175109043717384
v 0.06845251470804214 -0.05782501026988029 0.03002350963652134
v 0.06845401227474213 -0.05783067271113395 0.05203480273485184
v 0.0673043504357338 -0.053410697728395455 0.04882851615548134
v 0.06845251470804214 -0.05782501026988029 0.03002350963652134
v 0.0673043504357338 -0.053410697728395455 0.04882851615548134
v 0.0684482604265213 -0.05781163275241851 0.030012914910912514
v 0.0684482604265213 -0.05781163275241851 0.030012914910912514
v 0.0673043504357338 -0.053410697728395455 0.04882851615548134
v 0.06727887690067291 -0.053312700241804116 0.04876270517706871
v 0.06727884709835052 -0.05331264808773994 0.026753433048725128
v 0.06530798226594925 -0.048021487891674035 0.02341534197330475
v 0.06423883140087128 -0.04600867629051208 0.04401379078626633
v 0.0644618421792984 -0.04640142619609832 0.022477654740214348
v 0.0644618421792984 -0.04640142619609832 0.022477654740214348
v 0.06423883140087128 -0.04600867629051208 0.04401379078626633
v 0.06339763104915619 -0.044628467410802834 0.043228477239608765
v 0.0644618421792984 -0.04640142619609832 0.022477654740214348
v 0.06339763104915619 -0.044628467410802834 0.043228477239608765
v 0.063307024538517 -0.044488206505775445 0.02141910046339035
v 0.063307024538517 -0.044488206505775445 0.02141910046339035
v 0.06339763104915619 -0.044628467410802834 0.043228477239608765
v 0.06140253320336342 -0.04183289408683776 0.041736409068107605
v 0.063307024538517 -0.044488206505775445 0.02141910046339035
v 0.06140253320336342 -0.04183289408683776 0.041736409068107605
v 0.06140249967575073 -0.0418328084051609 0.0200328566133976
v 0.06583480536937714 -0.04916326329112052 0.024099646136164665
v 0.0653076022863388 -0.04802065715193748 0.045219969004392624
v 0.06530798226594925 -0.048021487891674035 0.02341534197330475
v 0.06530798226594925 -0.048021487891674035 0.02341534197330475
v 0.0653076022863388 -0.04802065715193748 0.045219969004392624
v 0.06504762917757034 -0.047498524188995354 0.04489975795149803
v 0.06530798226594925 -0.048021487891674035 0.02341534197330475
v 0.06504762917757034 -0.047498524188995354 0.04489975795149803
v 0.06423883140087128 -0.04600867629051208 0.04401379078626633
v 0.06583480536937714 -0.04916326329112052 0.024099646136164665
v 0.06610344350337982 -0.04979859665036201 0.024488916620612144
v 0.0653076022863388 -0.04802065715193748 0.045219969004392624
v 0.0653076022863388 -0.04802065715193748 0.045219969004392624
v 0.06610344350337982 -0.04979859665036201 0.024488916620612144
v 0.06707796454429626 -0.052583709359169 0.026267921552062035
v 0.0653076022863388 -0.04802065715193748 0.045219969004392624
v 0.06707796454429626 -0.052583709359169 0.026267921552062035
v 0.06634686142206192 -0.05041329562664031 0.04675379768013954
v 0.06634686142206192 -0.05041329562664031 0.04675379768013954
v 0.06707796454429626 -0.052583709359169 0.026267921552062035
v 0.06727884709835052 -0.05331264808773994 0.026753433048725128
v 0.06634686142206192 -0.05041329562664031 0.04675379768013954
v 0.06727884709835052 -0.05331264808773994 0.026753433048725128
v 0.06727887690067291 -0.053312700241804116 0.04876270517706871
v 0.06140249967575073 -0.0418328084051609 0.0200328566133976
v 0.06140253320336342 -0.04183289408683776 0.041736409068107605
v 0.06067292019724846 -0.040902025997638695 0.019570110365748405
v 0.06067292019724846 -0.040902025997638695 0.019570110365748405
v 0.06140253320336342 -0.04183289408683776 0.041736409068107605
v 0.05694824457168579 -0.0360690914094448 0.0392581932246685
v 0.06067292019724846 -0.040902025997638695 0.019570110365748405
v 0.05694824457168579 -0.0360690914094448 0.0392581932246685
v 0.057080842554569244 -0.03624349832534789 0.01749058999121189
v 0.057080842554569244 -0.03624349832534789 0.01749058999121189
v 0.05694824457168579 -0.0360690914094448 0.0392581932246685
v 0.05694824829697609 -0.036069083958864205 0.01741938106715679
v 0.05694824829697609 -0.036069083958864205 0.01741938106715679
v 0.05694824457168579 -0.0360690914094448 0.0392581932246685
v 0.03883882984519005 -0.01228517387062311 0.007698820438235998
v 0.03790357708930969 -0.011056860908865927 0.029675133526325226
v 0.03790358081459999 -0.011056872084736822 0.0072947838343679905
v -0.006144758313894272 -0.04051834717392921 0.00914404634386301
v -0.005089242942631245 -0.040211409330368035 0.008753621950745583
v -0.006700259633362293 -0.039742723107337945 0.008695540018379688
v 0.03781941160559654 -0.015247287228703497 0.007730958517640829
v 0.03883882984519005 -0.01228517387062311 0.007698820438235998
v 0.03675314784049988 -0.012847892940044401 0.0071794455870985985
v -0.004717804957181215 -0.038471475243568413 0.007780823856592178
v -0.0067174313589930534 -0.038060355931520455 0.007809738162904978
v -0.007162353955209255 -0.03918905183672904 0.008427564054727554
v -0.008072220720350742 -0.037806041538715356 0.007850001566112041
v -0.0073548853397369385 -0.03901425376534461 0.00835494976490736
v -0.0067174313589930534 -0.038060355931520455 0.007809738162904978
v -0.0067174313589930534 -0.038060355931520455 0.007809738162904978
v -0.0073548853397369385 -0.03901425376534461 0.00835494976490736
v -0.007166089955717325 -0.03918283805251121 0.008424927480518818
v -0.0067174313589930534 -0.038060355931520455 0.007809738162904978
v -0.007166089955717325 -0.03918283805251121 0.008424927480518818
v -0.007162353955209255 -0.03918905183672904 0.008427564054727554
v -0.008503836579620838 -0.03738880529999732 0.007725024130195379
v -0.008048850111663342 -0.03564300760626792 0.007190892938524485
v -0.008630676195025444 -0.03726220503449439 0.007689089514315128
v -0.008630676195025444 -0.03726220503449439 0.007689089514315128
v -0.008048850111663342 -0.03564300760626792 0.007190892938524485
v -0.010592238046228886 -0.03506102412939071 0.007206823211163282
v -0.010812771506607533 -0.032915916293859475 0.007000000216066837
v -0.011024964042007923 -0.033730201423168175 0.007036334834992886
v -0.007418367546051741 -0.033808577805757516 0.007000000216066837
v -0.007418367546051741 -0.033808577805757516 0.007000000216066837
v -0.011024964042007923 -0.033730201423168175 0.007036334834992886
v -0.01086996216326952 -0.03459176048636436 0.007136228960007429
v 0.007574736140668392 -0.03502985462546348 0.007000000216066837
v 0.004025917034596205 -0.035363931208848946 0.007000000216066837
v 0.0036332213785499334 -0.037036370486021035 0.0071396734565496445
v 0.0036332213785499334 -0.037036370486021035 0.0071396734565496445
v 0.004025917034596205 -0.035363931208848946 0.007000000216066837
v 0.0004562406975310296 -0.035304620862007134 0.007000000216066837
v 0.0036332213785499334 -0.037036370486021035 0.0071396734565496445
v 0.0004562406975310296 -0.035304620862007134 0.007000000216066837
v -0.0003391413192730397 -0.03703842312097549 0.007163637783378363
v -0.0003391413192730397 -0.03703842312097549 0.007163637783378363
v 0.0004562406975310296 -0.035304620862007134 0.007000000216066837
v -0.0030742669478058815 -0.03484969958662986 0.007000000216066837
v -0.0003391413192730397 -0.03703842312097549 0.007163637783378363
v -0.0030742669478058815 -0.03484969958662986 0.007000000216066837
v -0.004312782548367977 -0.03657421469688415 0.0071908473037183285
v -0.004312782548367977 -0.03657421469688415 0.0071908473037183285
v -0.0030742669478058815 -0.03484969958662986 0.007000000216066837
v -0.007418367546051741 -0.033808577805757516 0.007000000216066837
v -0.004312782548367977 -0.03657421469688415 0.0071908473037183285
v -0.007418367546051741 -0.033808577805757516 0.007000000216066837
v -0.008048850111663342 -0.03564300760626792 0.007190892938524485
v -0.008048850111663342 -0.03564300760626792 0.007190892938524485
v -0.007418367546051741 -0.033808577805757516 0.007000000216066837
v -0.01086996216326952 -0.03459176048636436 0.007136228960007429
v -0.008048850111663342 -0.03564300760626792 0.007190892938524485
v -0.01086996216326952 -0.03459176048636436 0.007136228960007429
v -0.010592238046228886 -0.03506102412939071 0.007206823211163282
v 0.0036332213785499334 -0.037036370486021035 0.0071396734565496445
v 0.007758087012916803 -0.03812755644321441 0.0074899643659591675
v 0.007574736140668392 -0.03502985462546348 0.007000000216066837
v 0.007574736140668392 -0.03502985462546348 0.007000000216066837
v 0.007758087012916803 -0.03812755644321441 0.0074899643659591675
v 0.011748217046260834 -0.03710932657122611 0.007423297967761755
v 0.007574736140668392 -0.03502985462546348 0.007000000216066837
v 0.011748217046260834 -0.03710932657122611 0.007423297967761755
v 0.011104118078947067 -0.034302286803722375 0.007000000216066837
v 0.011104118078947067 -0.034302286803722375 0.007000000216066837
v 0.011748217046260834 -0.03710932657122611 0.007423297967761755
v 0.015586039051413536 -0.035676375031471246 0.007369107101112604
v 0.011104118078947067 -0.034302286803722375 0.007000000216066837
v 0.015586039051413536 -0.035676375031471246 0.007369107101112604
v 0.014572360552847385 -0.03318225219845771 0.007000000216066837
v 0.014572360552847385 -0.03318225219845771 0.007000000216066837
v 0.015586039051413536 -0.035676375031471246 0.007369107101112604
v 0.019229527562856674 -0.03385894373059272 0.007325793616473675
v 0.014572360552847385 -0.03318225219845771 0.007000000216066837
v 0.019229527562856674 -0.03385894373059272 0.007325793616473675
v 0.01792432740330696 -0.03168357163667678 0.007000000216066837
v 0.01792432740330696 -0.03168357163667678 0.007000000216066837
v 0.019229527562856674 -0.03385894373059272 0.007325793616473675
v 0.022637328132987022 -0.031684871762990945 0.007290773093700409
v 0.01792432740330696 -0.03168357163667678 0.007000000216066837
v 0.022637328132987022 -0.031684871762990945 0.007290773093700409
v 0.021130133420228958 -0.029811825603246685 0.007000000216066837
v 0.021130133420228958 -0.029811825603246685 0.007000000216066837
v 0.022637328132987022 -0.031684871762990945 0.007290773093700409
v 0.02576647885143757 -0.029200186952948567 0.0072625926695764065
v 0.021130133420228958 -0.029811825603246685 0.007000000216066837
v 0.02576647885143757 -0.029200186952948567 0.0072625926695764065
v 0.02410043403506279 -0.02762402221560478 0.007000000216066837
v 0.02410043403506279 -0.02762402221560478 0.007000000216066837
v 0.02576647885143757 -0.029200186952948567 0.0072625926695764065
v 0.028625255450606346 -0.026403684169054028 0.007239396683871746
v 0.02410043403506279 -0.02762402221560478 0.007000000216066837
v 0.028625255450606346 -0.026403684169054028 0.007239396683871746
v 0.02683483436703682 -0.025124356150627133 0.007000000216066837
v 0.02683483436703682 -0.025124356150627133 0.007000000216066837
v 0.028625255450606346 -0.026403684169054028 0.007239396683871746
v 0.031184762716293335 -0.023324992507696148 0.007220194209367037
v 0.02683483436703682 -0.025124356150627133 0.007000000216066837
v 0.031184762716293335 -0.023324992507696148 0.007220194209367037
v 0.02932695299386978 -0.022310866042971608 0.007000000216066837
v 0.03339202329516411 -0.020034167915582653 0.00720435194671154
v 0.03525281697511673 -0.016536191105842587 0.0071909683756530285
v 0.031500305980443954 -0.019263576716184613 0.007000000216066837
v 0.031500305980443954 -0.019263576716184613 0.007000000216066837
v 0.03525281697511673 -0.016536191105842587 0.0071909683756530285
v 0.03333764523267746 -0.01602196507155895 0.007000000216066837
v 0.03675314784049988 -0.012847892940044401 0.0071794455870985985
v 0.03485359624028206 -0.012547506019473074 0.007000000216066837
v 0.03333764523267746 -0.01602196507155895 0.007000000216066837
v 0.03883882984519005 -0.01228517387062311 0.007698820438235998
v 0.03790358081459999 -0.011056872084736822 0.0072947838343679905
v 0.03675314784049988 -0.012847892940044401 0.0071794455870985985
v 0.03675314784049988 -0.012847892940044401 0.0071794455870985985
v 0.03790358081459999 -0.011056872084736822 0.0072947838343679905
v 0.037681665271520615 -0.010765351355075834 0.007225869223475456
v 0.03675314784049988 -0.012847892940044401 0.0071794455870985985
v 0.037681665271520615 -0.010765351355075834 0.007225869223475456
v 0.03485359624028206 -0.012547506019473074 0.007000000216066837
v 0.03485359624028206 -0.012547506019473074 0.007000000216066837
v 0.037681665271520615 -0.010765351355075834 0.007225869223475456
v 0.03648888319730759 -0.009084584191441534 0.007013295311480761
v 0.03485359624028206 -0.012547506019473074 0.007000000216066837
v 0.03648888319730759 -0.009084584191441534 0.007013295311480761
v 0.03599410504102707 -0.008955379016697405 0.007000007200986147
v 0.03333764523267746 -0.01602196507155895 0.007000000216066837
v 0.03525281697511673 -0.016536191105842587 0.0071909683756530285
v 0.03675314784049988 -0.012847892940044401 0.0071794455870985985
v 0.03675314784049988 -0.012847892940044401 0.0071794455870985985
v 0.03525281697511673 -0.016536191105842587 0.0071909683756530285
v 0.037505101412534714 -0.01603450998663902 0.007740228436887264
v 0.03675314784049988 -0.012847892940044401 0.0071794455870985985
v 0.037505101412534714 -0.01603450998663902 0.007740228436887264
v 0.03781941160559654 -0.015247287228703497 0.007730958517640829
v 0.03391784802079201 -0.02286155894398689 0.00783912930637598
v 0.0345723032951355 -0.021822448819875714 0.007821361534297466
v 0.03339202329516411 -0.020034167915582653 0.00720435194671154
v 0.03339202329516411 -0.020034167915582653 0.00720435194671154
v 0.0345723032951355 -0.021822448819875714 0.007821361534297466
v 0.0358591303229332 -0.0195535272359848 0.007786397356539965
v 0.03339202329516411 -0.020034167915582653 0.00720435194671154
v 0.0358591303229332 -0.0195535272359848 0.007786397356539965
v 0.03525281697511673 -0.016536191105842587 0.0071909683756530285
v 0.03525281697511673 -0.016536191105842587 0.0071909683756530285
v 0.0358591303229332 -0.0195535272359848 0.007786397356539965
v 0.036366160959005356 -0.018558014184236523 0.007772459182888269
v 0.03525281697511673 -0.016536191105842587 0.0071909683756530285
v 0.036366160959005356 -0.018558014184236523 0.007772459182888269
v 0.037505101412534714 -0.01603450998663902 0.007740228436887264
v 0.031500305980443954 -0.019263576716184613 0.007000000216066837
v 0.02932695299386978 -0.022310866042971608 0.007000000216066837
v 0.03339202329516411 -0.020034167915582653 0.00720435194671154
v 0.03339202329516411 -0.020034167915582653 0.00720435194671154
v 0.02932695299386978 -0.022310866042971608 0.007000000216066837
v 0.031184762716293335 -0.023324992507696148 0.007220194209367037
v 0.03339202329516411 -0.020034167915582653 0.00720435194671154
v 0.031184762716293335 -0.023324992507696148 0.007220194209367037
v 0.03391784802079201 -0.02286155894398689 0.00783912930637598
v 0.03391784802079201 -0.02286155894398689 0.00783912930637598
v 0.031184762716293335 -0.023324992507696148 0.007220194209367037
v 0.028625255450606346 -0.026403684169054028 0.007239396683871746
v 0.03391784802079201 -0.02286155894398689 0.00783912930637598
v 0.028625255450606346 -0.026403684169054028 0.007239396683871746
v 0.03149925917387009 -0.026202997192740437 0.007906141690909863
v 0.03149925917387009 -0.026202997192740437 0.007906141690909863
v 0.028625255450606346 -0.026403684169054028 0.007239396683871746
v 0.02576647885143757 -0.029200186952948567 0.0072625926695764065
v 0.03149925917387009 -0.026202997192740437 0.007906141690909863
v 0.02576647885143757 -0.029200186952948567 0.0072625926695764065
v 0.02869299426674843 -0.029362855479121205 0.007988405413925648
v 0.019229527562856674 -0.03385894373059272 0.007325793616473675
v 0.022784404456615448 -0.03435926884412765 0.008185962215065956
v 0.022637328132987022 -0.031684871762990945 0.007290773093700409
v 0.022637328132987022 -0.031684871762990945 0.007290773093700409
v 0.022784404456615448 -0.03435926884412765 0.008185962215065956
v 0.02584112621843815 -0.0320068672299385 0.008078882470726967
v 0.022637328132987022 -0.031684871762990945 0.007290773093700409
v 0.02584112621843815 -0.0320068672299385 0.008078882470726967
v 0.02576647885143757 -0.029200186952948567 0.0072625926695764065
v 0.02576647885143757 -0.029200186952948567 0.0072625926695764065
v 0.02584112621843815 -0.0320068672299385 0.008078882470726967
v 0.027212830260396004 -0.030796574428677555 0.008034376427531242
v 0.02576647885143757 -0.029200186952948567 0.0072625926695764065
v 0.027212830260396004 -0.030796574428677555 0.008034376427531242
v 0.02869299426674843 -0.029362855479121205 0.007988405413925648
v 0.0195371825248003 -0.03641694411635398 0.00831363070756197
v 0.01979745738208294 -0.03495322167873382 0.007736045867204666
v 0.016482986509799957 -0.038002010434865945 0.008448917418718338
v 0.016482986509799957 -0.038002010434865945 0.008448917418718338
v 0.01979745738208294 -0.03495322167873382 0.007736045867204666
v 0.01605522446334362 -0.03689290583133697 0.007833452895283699
v 0.016482986509799957 -0.038002010434865945 0.008448917418718338
v 0.01605522446334362 -0.03689290583133697 0.007833452895283699
v 0.016063308343291283 -0.03819604590535163 0.008468839339911938
v 0.016063308343291283 -0.03819604590535163 0.008468839339911938
v 0.01605522446334362 -0.03689290583133697 0.007833452895283699
v 0.012097576633095741 -0.03844958916306495 0.007955164648592472
v 0.016063308343291283 -0.03819604590535163 0.008468839339911938
v 0.012097576633095741 -0.03844958916306495 0.007955164648592472
v 0.012158166617155075 -0.039745848625898354 0.008671012707054615
v 0.012158166617155075 -0.039745848625898354 0.008671012707054615
v 0.012097576633095741 -0.03844958916306495 0.007955164648592472
v 0.0079655097797513 -0.039588063955307 0.008104655891656876
v -0.0006597809260711074 -0.040505688637495034 0.00850648432970047
v 0.0006985706859268248 -0.04190421849489211 0.009462554939091206
v 0.0037152464501559734 -0.040283247828483575 0.008287928998470306
v 0.0037152464501559734 -0.040283247828483575 0.008287928998470306
v 0.0006985706859268248 -0.04190421849489211 0.009462554939091206
v 0.004422124475240707 -0.041574843227863305 0.00917130894958973
v 0.0037152464501559734 -0.040283247828483575 0.008287928998470306
v 0.004422124475240707 -0.041574843227863305 0.00917130894958973
v 0.008214516565203667 -0.04087330773472785 0.008907433599233627
v -0.006144758313894272 -0.04051834717392921 0.00914404634386301
v -0.004888523835688829 -0.04172535985708236 0.009953171946108341
v -0.005089242942631245 -0.040211409330368035 0.008753621950745583
v -0.005089242942631245 -0.040211409330368035 0.008753621950745583
v -0.004888523835688829 -0.04172535985708236 0.009953171946108341
v -0.0030134874396026134 -0.0418790690600872 0.00978395901620388
v -0.005089242942631245 -0.040211409330368035 0.008753621950745583
v -0.0030134874396026134 -0.0418790690600872 0.00978395901620388
v -0.0006597809260711074 -0.040505688637495034 0.00850648432970047
v -0.0006597809260711074 -0.040505688637495034 0.00850648432970047
v -0.0030134874396026134 -0.0418790690600872 0.00978395901620388
v -0.0007922362419776618 -0.041937831789255135 0.009588765911757946
v -0.0006597809260711074 -0.040505688637495034 0.00850648432970047
v -0.0007922362419776618 -0.041937831789255135 0.009588765911757946
v 0.0006985706859268248 -0.04190421849489211 0.009462554939091206
v 0.0037152464501559734 -0.040283247828483575 0.008287928998470306
v 0.0036755017936229706 -0.03870997577905654 0.007571862079203129
v -0.0006597809260711074 -0.040505688637495034 0.00850648432970047
v -0.0006597809260711074 -0.040505688637495034 0.00850648432970047
v 0.0036755017936229706 -0.03870997577905654 0.007571862079203129
v -0.0005053295753896236 -0.0388355329632759 0.007669772952795029
v -0.0006597809260711074 -0.040505688637495034 0.00850648432970047
v -0.0005053295753896236 -0.0388355329632759 0.007669772952795029
v -0.005089242942631245 -0.040211409330368035 0.008753621950745583
v -0.005089242942631245 -0.040211409330368035 0.008753621950745583
v -0.0005053295753896236 -0.0388355329632759 0.007669772952795029
v -0.004717804957181215 -0.038471475243568413 0.007780823856592178
v -0.005089242942631245 -0.040211409330368035 0.008753621950745583
v -0.004717804957181215 -0.038471475243568413 0.007780823856592178
v -0.006700259633362293 -0.039742723107337945 0.008695540018379688
v -0.006700259633362293 -0.039742723107337945 0.008695540018379688
v -0.004717804957181215 -0.038471475243568413 0.007780823856592178
v -0.007162353955209255 -0.03918905183672904 0.008427564054727554
v 0.0195371825248003 -0.03641694411635398 0.00831363070756197
v 0.022784404456615448 -0.03435926884412765 0.008185962215065956
v 0.01979745738208294 -0.03495322167873382 0.007736045867204666
v 0.01979745738208294 -0.03495322167873382 0.007736045867204666
v 0.022784404456615448 -0.03435926884412765 0.008185962215065956
v 0.019229527562856674 -0.03385894373059272 0.007325793616473675
v 0.01979745738208294 -0.03495322167873382 0.007736045867204666
v 0.019229527562856674 -0.03385894373059272 0.007325793616473675
v 0.01605522446334362 -0.03689290583133697 0.007833452895283699
v 0.01605522446334362 -0.03689290583133697 0.007833452895283699
v 0.019229527562856674 -0.03385894373059272 0.007325793616473675
v 0.015586039051413536 -0.035676375031471246 0.007369107101112604
v 0.01605522446334362 -0.03689290583133697 0.007833452895283699
v 0.015586039051413536 -0.035676375031471246 0.007369107101112604
v 0.012097576633095741 -0.03844958916306495 0.007955164648592472
v 0.012097576633095741 -0.03844958916306495 0.007955164648592472
v 0.015586039051413536 -0.035676375031471246 0.007369107101112604
v 0.011748217046260834 -0.03710932657122611 0.007423297967761755
v 0.012097576633095741 -0.03844958916306495 0.007955164648592472
v 0.011748217046260834 -0.03710932657122611 0.007423297967761755
v 0.0079655097797513 -0.039588063955307 0.008104655891656876
v 0.0079655097797513 -0.039588063955307 0.008104655891656876
v 0.011748217046260834 -0.03710932657122611 0.007423297967761755
v 0.007758087012916803 -0.03812755644321441 0.0074899643659591675
v -0.008503836579620838 -0.03738880529999732 0.007725024130195379
v -0.008072220720350742 -0.037806041538715356 0.007850001566112041
v -0.008048850111663342 -0.03564300760626792 0.007190892938524485
v -0.008048850111663342 -0.03564300760626792 0.007190892938524485
v -0.008072220720350742 -0.037806041538715356 0.007850001566112041
v -0.0067174313589930534 -0.038060355931520455 0.007809738162904978
v -0.008048850111663342 -0.03564300760626792 0.007190892938524485
v -0.0067174313589930534 -0.038060355931520455 0.007809738162904978
v -0.004312782548367977 -0.03657421469688415 0.0071908473037183285
v -0.004312782548367977 -0.03657421469688415 0.0071908473037183285
v -0.0067174313589930534 -0.038060355931520455 0.007809738162904978
v -0.004717804957181215 -0.038471475243568413 0.007780823856592178
v -0.004312782548367977 -0.03657421469688415 0.0071908473037183285
v -0.004717804957181215 -0.038471475243568413 0.007780823856592178
v -0.0003391413192730397 -0.03703842312097549 0.007163637783378363
v -0.0003391413192730397 -0.03703842312097549 0.007163637783378363
v -0.004717804957181215 -0.038471475243568413 0.007780823856592178
v -0.0005053295753896236 -0.0388355329632759 0.007669772952795029
v -0.0003391413192730397 -0.03703842312097549 0.007163637783378363
v -0.0005053295753896236 -0.0388355329632759 0.007669772952795029
v 0.0036332213785499334 -0.037036370486021035 0.0071396734565496445
v 0.0036332213785499334 -0.037036370486021035 0.0071396734565496445
v -0.0005053295753896236 -0.0388355329632759 0.007669772952795029
v 0.0036755017936229706 -0.03870997577905654 0.007571862079203129
v 0.0036332213785499334 -0.037036370486021035 0.0071396734565496445
v 0.0036755017936229706 -0.03870997577905654 0.007571862079203129
v 0.007758087012916803 -0.03812755644321441 0.0074899643659591675
v 0.007758087012916803 -0.03812755644321441 0.0074899643659591675
v 0.0036755017936229706 -0.03870997577905654 0.007571862079203129
v 0.0037152464501559734 -0.040283247828483575 0.008287928998470306
v 0.007758087012916803 -0.03812755644321441 0.0074899643659591675
v 0.0037152464501559734 -0.040283247828483575 0.008287928998470306
v 0.0079655097797513 -0.039588063955307 0.008104655891656876
v 0.0079655097797513 -0.039588063955307 0.008104655891656876
v 0.0037152464501559734 -0.040283247828483575 0.008287928998470306
v 0.008214516565203667 -0.04087330773472785 0.008907433599233627
v 0.0079655097797513 -0.039588063955307 0.008104655891656876
v 0.008214516565203667 -0.04087330773472785 0.008907433599233627
v 0.012158166617155075 -0.039745848625898354 0.008671012707054615
v 0.0167007464915514 -0.05889579281210899 0.022801388055086136
v 0.009230582043528557 -0.053012199699878686 0.018373040482401848
v -0.005640170071274042 -0.03992499411106109 0.00914333201944828
v -0.005640170071274042 -0.03992499411106109 0.00914333201944828
v 0.009230582043528557 -0.053012199699878686 0.018373040482401848
v -0.004888523835688829 -0.04172535985708236 0.009953171946108341
v -0.005640170071274042 -0.03992499411106109 0.00914333201944828
v -0.004888523835688829 -0.04172535985708236 0.009953171946108341
v -0.006144758313894272 -0.04051834717392921 0.00914404634386301
v 0.019534068182110786 -0.06130162999033927 0.04753350466489792
v 0.019574295729398727 -0.061335917562246316 0.04755684360861778
v 0.019574295729398727 -0.061335917562246316 0.024631347507238388
v 0.019574295729398727 -0.061335917562246316 0.024631347507238388
v 0.019534066319465637 -0.06130162999033927 0.02460572123527527
v 0.019534068182110786 -0.06130162999033927 0.04753350466489792
v 0.019534068182110786 -0.06130162999033927 0.04753350466489792
v 0.019534066319465637 -0.06130162999033927 0.02460572123527527
v 0.0167007464915514 -0.05889579281210899 0.022801388055086136
v 0.019534068182110786 -0.06130162999033927 0.04753350466489792
v 0.0167007464915514 -0.05889579281210899 0.022801388055086136
v -0.005510647315531969 -0.04003490880131721 0.032222554087638855
v -0.005640170071274042 -0.03992499411106109 0.00914333201944828
v -0.005510647315531969 -0.04003490880131721 0.032222554087638855
v -0.005640170071274042 -0.03992499411106109 0.00914333201944828
v -0.0056402175687253475 -0.039925005286931985 0.03214314579963684
v 0.024403709918260574 -0.06633158028125762 0.02825193852186203
v 0.024268735200166702 -0.06616238504648207 0.028133677318692207
v 0.024268781766295433 -0.06616238504648207 0.050743985921144485
v 0.027855973690748215 -0.07160003483295439 0.05456774681806564
v 0.028527820482850075 -0.07296124845743178 0.05561624467372894
v 0.028527820482850075 -0.07296124845743178 0.03335469588637352
v 0.028527820482850075 -0.07296124845743178 0.03335469588637352
v 0.028476547449827194 -0.07285095006227492 0.03326423093676567
v 0.027855973690748215 -0.07160003483295439 0.05456774681806564
v 0.027855973690748215 -0.07160003483295439 0.05456774681806564
v 0.028476547449827194 -0.07285095006227492 0.03326423093676567
v 0.02826405130326748 -0.07240593433380126 0.03289816528558731
v 0.027855973690748215 -0.07160003483295439 0.05456774681806564
v 0.02826405130326748 -0.07240593433380126 0.03289816528558731
v 0.028257817029953003 -0.07239316403865813 0.03288762643933296
v 0.028257817029953003 -0.07239316403865813 0.03288762643933296
v 0.026819316670298576 -0.06977710872888564 0.03079347126185894
v 0.027855973690748215 -0.07160003483295439 0.05456774681806564
v 0.027855973690748215 -0.07160003483295439 0.05456774681806564
v 0.026819316670298576 -0.06977710872888564 0.03079347126185894
v 0.026550523936748505 -0.06934604048728941 0.030461248010396957
v 0.027855973690748215 -0.07160003483295439 0.05456774681806564
v 0.026550523936748505 -0.06934604048728941 0.030461248010396957
v 0.026388440281152725 -0.06909300386905669 0.05254348739981651
v 0.024403709918260574 -0.06633158028125762 0.02825193852186203
v 0.024268781766295433 -0.06616238504648207 0.050743985921144485
v 0.024404942989349365 -0.066333070397377 0.028252964839339256
v 0.024404942989349365 -0.066333070397377 0.028252964839339256
v 0.024268781766295433 -0.06616238504648207 0.050743985921144485
v 0.024796443060040474 -0.06683558970689772 0.028606627136468887
v 0.024796443060040474 -0.06683558970689772 0.028606627136468887
v 0.024268781766295433 -0.06616238504648207 0.050743985921144485
v 0.024704858660697937 -0.06671641767024993 0.05109299719333649
v 0.024796443060040474 -0.06683558970689772 0.028606627136468887
v 0.024704858660697937 -0.06671641767024993 0.05109299719333649
v 0.026550523936748505 -0.06934604048728941 0.030461248010396957
v 0.026550523936748505 -0.06934604048728941 0.030461248010396957
v 0.024704858660697937 -0.06671641767024993 0.05109299719333649
v 0.025239000096917152 -0.06742628663778304 0.05153348296880722
v 0.026550523936748505 -0.06934604048728941 0.030461248010396957
v 0.025239000096917152 -0.06742628663778304 0.05153348296880722
v 0.026388440281152725 -0.06909300386905669 0.05254348739981651
v 0.06363758444786072 -0.058841060847043984 0.0298342015594244
v 0.060092903673648834 -0.059451699256896966 0.029594525694847107
v 0.06014668568968773 -0.05965857207775115 0.02975599467754364
v 0.06845251470804214 -0.05782501026988029 0.03002350963652134
v 0.0684482604265213 -0.05781163275241851 0.030012914910912514
v 0.06442679464817047 -0.05868702381849288 0.02987435832619667
v 0.053992465138435364 -0.08711840212345122 0.04861816018819809
v 0.05233486741781235 -0.07284936308860777 0.03787761926651001
v 0.0533180870115757 -0.08762907236814498 0.048860643059015274
v 0.052025217562913895 -0.07354195415973662 0.03832349553704262
v 0.052025217562913895 -0.07354195415973662 0.03832349553704262
v 0.053008440881967545 -0.08832167088985442 0.04930651932954788
v 0.043981608003377914 -0.08191440999507903 0.04288170859217644
v 0.044530369341373444 -0.08241508156061171 0.04335346445441246
v 0.05049242824316025 -0.07424455136060713 0.03854009881615639
v 0.04466842859983444 -0.08310402184724806 0.04388326033949852
v 0.04435877874493599 -0.08379661291837691 0.04432913288474083
v 0.043684400618076324 -0.08430728316307066 0.04457161948084831
v 0.041409194469451904 -0.10085421055555342 0.056214913725852966
v 0.04282598942518234 -0.08449920266866683 0.0445457398891449
v 0.041636381298303604 -0.08243874460458754 0.04281099885702133
v 0.04231075942516327 -0.08192806690931319 0.04256851598620415
v 0.03022155910730362 -0.07769236713647841 0.03713718056678772
v 0.03299962356686592 -0.06860412657260893 0.0310378260910511
v 0.028527820482850075 -0.07296124845743178 0.03335469588637352
v 0.028476547449827194 -0.07285095006227492 0.03326423093676567
v 0.05369526147842407 -0.08951128274202345 0.050308071076869965
v 0.05314650014042854 -0.08901061117649077 0.04983631521463394
v 0.042013559490442276 -0.08432094752788542 0.04425842687487602
v 0.035568322986364365 -0.0982590466737747 0.053190093487501144
v 0.04146479070186615 -0.08382026851177214 0.04378667101264
v 0.04132673516869545 -0.08313133567571639 0.04325687512755394
v 0.02826405130326748 -0.07240593433380126 0.03289816528558731
v 0.03236282616853714 -0.06909537315368651 0.03127339482307434
v 0.02826405130326748 -0.07240593433380126 0.03289816528558731
v 0.03236282616853714 -0.06909537315368651 0.03127339482307434
v 0.028257817029953003 -0.07239316403865813 0.03288762643933296
v 0.05135083943605423 -0.07405262440443038 0.0385659784078598
v 0.04316917061805725 -0.08173614740371703 0.04259439557790756
v 0.04967999830842018 -0.07406629621982573 0.03825278580188751
v 0.049131229519844055 -0.07356561720371245 0.03778102993965149
v 0.03829784691333771 -0.06702704727649687 0.030910920351743698
v 0.03752686083316803 -0.067103274166584 0.03081747144460678
v 0.048993173986673355 -0.0728766769170761 0.03725123777985573
v 0.06303254514932632 -0.079242967069149 0.044615622609853745
v 0.07236617803573608 -0.09275130182504653 0.0562853179872036
v 0.07414082437753677 -0.09197287261486052 0.05606011301279068
v 0.03681212291121483 -0.066932775080204 0.030554719269275665
v 0.03626244142651558 -0.06654147803783415 0.030162664130330086
v 0.0354500412940979 -0.06679919362068175 0.03019373118877411
v 0.03626244142651558 -0.06654147803783415 0.030162664130330086
v 0.03611087426543236 -0.06633909791707991 0.029985560104250908
v 0.038856182247400284 -0.10096994787454604 0.05580563843250275
v 0.03671827167272568 -0.10002005100250243 0.05469847470521927
v 0.035992950201034546 -0.0992152765393257 0.05397050082683563
v 0.06067487969994545 -0.07806701213121413 0.04330087825655937
v 0.060984525829553604 -0.07737442106008528 0.042855001986026764
v 0.05861339718103409 -0.06170950457453727 0.030957123264670372
v 0.06165890395641327 -0.07686374336481093 0.04261251911520958
v 0.05952701345086098 -0.06124936416745185 0.030797813087701797
v 0.06251731514930725 -0.07667182385921477 0.042638398706912994
v 0.06332974880933762 -0.07685008645057677 0.04292570799589157
v 0.06387851387262344 -0.07735076546669005 0.043397463858127594
v 0.07619941234588623 -0.08762397617101668 0.053282495588064194
v 0.06008823215961456 -0.060498669743537896 0.030358169227838516
v 0.06845251470804214 -0.05782501026988029 0.03002350963652134
v 0.06014668568968773 -0.05965857207775115 0.02975599467754364
v 0.06845251470804214 -0.05782501026988029 0.03002350963652134
v 0.06442679464817047 -0.05868702381849288 0.02987435832619667
v 0.06014668568968773 -0.05965857207775115 0.02975599467754364
v 0.06442679464817047 -0.05868702381849288 0.02987435832619667
v 0.06363758444786072 -0.058841060847043984 0.0298342015594244
v 0.05635013431310654 -0.0882943570613861 0.049932900816202164
v 0.05621207877993584 -0.08760541677474974 0.049403104931116104
v 0.06217413768172264 -0.07943488657474516 0.04458973929286003
v 0.05604048818349838 -0.08898694813251494 0.05037877708673477
v 0.05536611005663872 -0.08949762582778929 0.050621259957551956
v 0.054507698863744736 -0.08968954533338545 0.05059538036584854
v 0.04930282011628151 -0.07218408584594725 0.03680536150932312
v 0.049977198243141174 -0.0716734081506729 0.03656287491321564
v 0.050835609436035156 -0.07148148864507674 0.03658875823020935
v 0.06401657313108444 -0.07803969085216521 0.043927259743213654
v 0.06401657313108444 -0.07803969085216521 0.043927259743213654
v 0.06370692700147629 -0.07873228937387465 0.04437313601374626
v 0.07621535658836365 -0.08919797837734221 0.05443499982357025
v 0.0754924789071083 -0.0907251089811325 0.055410366505384445
v 0.05164804682135582 -0.07165975123643874 0.03687606751918793
v 0.05219680815935135 -0.07216042280197142 0.03734782338142395
v 0.06081293895840645 -0.07875595241785048 0.04383067414164543
v 0.06136170029640198 -0.07925662398338316 0.044302430003881454
v 0.06136170029640198 -0.07925662398338316 0.044302430003881454
v 0.054850880056619644 -0.08692649006843566 0.048644039779901505
v 0.054850880056619644 -0.08692649006843566 0.048644039779901505
v 0.05566330999135971 -0.08710474520921706 0.04893134906888008
v 0.07038994878530502 -0.05732860416173934 0.05203578248620033
v 0.07038994878530502 -0.05732863768935203 0.03003576397895813
v 0.06921443343162537 -0.05280912294983863 0.04876268655061722
v 0.06921443343162537 -0.05280912294983863 0.04876268655061722
v 0.07038994878530502 -0.05732863768935203 0.03003576397895813
v 0.07036545127630234 -0.05723439157009124 0.029962319880723953
v 0.07036545127630234 -0.05723439157009124 0.029962319880723953
v 0.06921441107988358 -0.052809089422225945 0.0267627015709877
v -0.008380894549190998 -0.04021764546632766 0.03135434910655022
v -0.008332033641636372 -0.040259532630443566 0.03137829154729843
v -0.008252895437180996 -0.04021822661161422 0.031390778720378876
v -0.008380894549190998 -0.04021764546632766 0.03135434910655022
v -0.008252895437180996 -0.04021822661161422 0.031390778720378876
v -0.0105845145881176 -0.03811997175216674 0.030324509367346764
v -0.00651293620467186 -0.03918183594942092 0.03165346756577492
v -0.007082994561642408 -0.038695942610502236 0.03135460242629051
v -0.007202910725027323 -0.03955509886145591 0.031535543501377106
v -0.007202910725027323 -0.03955509886145591 0.031535543501377106
v -0.007082994561642408 -0.038695942610502236 0.03135460242629051
v -0.009051100350916386 -0.03683044016361236 0.030361440032720566
v -0.007202910725027323 -0.03955509886145591 0.031535543501377106
v -0.009051100350916386 -0.03683044016361236 0.030361440032720566
v -0.008219799026846886 -0.040201161056756966 0.03139607608318329
v -0.008219799026846886 -0.040201161056756966 0.03139607608318329
v -0.009051100350916386 -0.03683044016361236 0.030361440032720566
v -0.009723269380629063 -0.03609731420874595 0.030049221590161324
v -0.008219799026846886 -0.040201161056756966 0.03139607608318329
v -0.009723269380629063 -0.03609731420874595 0.030049221590161324
v -0.008252895437180996 -0.04021822661161422 0.031390778720378876
v -0.008252895437180996 -0.04021822661161422 0.031390778720378876
v -0.009723269380629063 -0.03609731420874595 0.030049221590161324
v -0.0105845145881176 -0.03811997175216674 0.030324509367346764
v -0.0105845145881176 -0.03811997175216674 0.030324509367346764
v -0.009723269380629063 -0.03609731420874595 0.030049221590161324
v -0.010796268470585346 -0.03480242937803268 0.02959897555410862
v -0.0105845145881176 -0.03811997175216674 0.030324509367346764
v -0.010796268470585346 -0.03480242937803268 0.02959897555410862
v -0.012405413202941418 -0.03599118068814277 0.029588783159852028
v -0.012405413202941418 -0.03599118068814277 0.029588783159852028
v -0.010796268470585346 -0.03480242937803268 0.02959897555410862
v -0.012136991135776043 -0.032911699265241616 0.02916746959090233
v -0.012405413202941418 -0.03599118068814277 0.029588783159852028
v -0.012136991135776043 -0.032911699265241616 0.02916746959090233
v -0.013902115635573864 -0.0338626280426979 0.029148181900382042
v -0.013902115635573864 -0.0338626280426979 0.029148181900382042
v -0.012136991135776043 -0.032911699265241616 0.02916746959090233
v -0.014088250696659088 -0.033566258847713464 0.029109835624694824
v -0.014088250696659088 -0.033566258847713464 0.029109835624694824
v -0.012136991135776043 -0.032911699265241616 0.02916746959090233
v -0.012861475348472595 -0.03172358125448226 0.029031803831458092
v -0.014088250696659088 -0.033566258847713464 0.029109835624694824
v -0.012861475348472595 -0.03172358125448226 0.029031803831458092
v -0.014465569518506527 -0.032649707049131386 0.029031803831458092
v 0.019534068182110786 -0.06130162999033927 0.04753350466489792
v -0.005510647315531969 -0.04003490880131721 0.032222554087638855
v 0.018239513039588928 -0.06282613426446913 0.04753350466489792
v 0.018239513039588928 -0.06282613426446913 0.04753350466489792
v -0.005510647315531969 -0.04003490880131721 0.032222554087638855
v -0.005664672236889601 -0.04016068205237388 0.03220578283071518
v -0.005664672236889601 -0.04016068205237388 0.03220578283071518
v -0.0061561428010463715 -0.040620222687721246 0.03216981887817383
v -0.0068721952848136425 -0.04140471294522285 0.032152093946933746
v 0.018239513039588928 -0.06282613426446913 0.04753350466489792
v -0.0068721952848136425 -0.04140471294522285 0.032152093946933746
v -0.006920538377016783 -0.04146128520369529 0.03215210512280464
v 0.028285322710871696 -0.07819335907697676 0.03635715693235397
v 0.028285326436161995 -0.07819335162639617 0.0591285265982151
v 0.028247330337762833 -0.0780489295721054 0.03701571375131607
v 0.028247330337762833 -0.0780489295721054 0.03701571375131607
v 0.028285326436161995 -0.07819335162639617 0.0591285265982151
v 0.026827404275536537 -0.07405270636081694 0.05582284554839134
v 0.028247330337762833 -0.0780489295721054 0.03701571375131607
v 0.026827404275536537 -0.07405270636081694 0.05582284554839134
v 0.027924593538045883 -0.0769362300634384 0.036141276359558105
v 0.027924593538045883 -0.0769362300634384 0.036141276359558105
v 0.026827404275536537 -0.07405270636081694 0.05582284554839134
v 0.02666466124355793 -0.0736977383494377 0.05553215742111206
v 0.027924593538045883 -0.0769362300634384 0.036141276359558105
v 0.02666466124355793 -0.0736977383494377 0.05553215742111206
v 0.02684125117957592 -0.07408344000577925 0.03384929895401001
v 0.02684125117957592 -0.07408344000577925 0.03384929895401001
v 0.02666466124355793 -0.0736977383494377 0.05553215742111206
v 0.02666466124355793 -0.0736977532505989 0.033532146364450455
v 0.022697649896144867 -0.06740008294582366 0.05073636397719383
v 0.022697659209370613 -0.06740007549524306 0.02874022349715233
v 0.022921381518244743 -0.06768148392438887 0.028936095535755157
v 0.025211596861481667 -0.0709824040532112 0.031368326395750046
v 0.023680297657847404 -0.06868302077054976 0.05158700421452522
v 0.024773377925157547 -0.07027896493673323 0.030830418691039085
v 0.024773377925157547 -0.07027896493673323 0.030830418691039085
v 0.023680297657847404 -0.06868302077054976 0.05158700421452522
v 0.022697649896144867 -0.06740008294582366 0.05073636397719383
v 0.024773377925157547 -0.07027896493673323 0.030830418691039085
v 0.022697649896144867 -0.06740008294582366 0.05073636397719383
v 0.024607449769973755 -0.07002305984497069 0.030637245625257492
v 0.024607449769973755 -0.07002305984497069 0.030637245625257492
v 0.022697649896144867 -0.06740008294582366 0.05073636397719383
v 0.022921381518244743 -0.06768148392438887 0.028936095535755157
v 0.02666466124355793 -0.0736977383494377 0.05553215742111206
v 0.025999272242188454 -0.07236739248037337 0.054426729679107666
v 0.02666466124355793 -0.0736977532505989 0.033532146364450455
v 0.02666466124355793 -0.0736977532505989 0.033532146364450455
v 0.025999272242188454 -0.07236739248037337 0.054426729679107666
v 0.025268932804465294 -0.07107762247323988 0.053319431841373444
v 0.02666466124355793 -0.0736977532505989 0.033532146364450455
v 0.025268932804465294 -0.07107762247323988 0.053319431841373444
v 0.025211596861481667 -0.0709824040532112 0.031368326395750046
v 0.025211596861481667 -0.0709824040532112 0.031368326395750046
v 0.025268932804465294 -0.07107762247323988 0.053319431841373444
v 0.024776853621006012 -0.07028438895940779 0.052616093307733536
v 0.025211596861481667 -0.0709824040532112 0.031368326395750046
v 0.024776853621006012 -0.07028438895940779 0.052616093307733536
v 0.023680297657847404 -0.06868302077054976 0.05158700421452522
v 0.039491161704063416 -0.009848015382885931 0.006675155367702246
v 0.03949484974145889 -0.009845304302871226 0.029675116762518883
v 0.058539487421512604 -0.03485749661922454 0.01625819317996502
v 0.058539487421512604 -0.03485749661922454 0.01625819317996502
v 0.03949484974145889 -0.009845304302871226 0.029675116762518883
v 0.058539487421512604 -0.03485749661922454 0.0392581932246685
v 0.058738015592098236 -0.03511823713779449 0.016352232545614243
v 0.05881699547171593 -0.03522196412086486 0.03939852491021156
v 0.058738015592098236 -0.03511823713779449 0.016352232545614243
v 0.05881699547171593 -0.03522196412086486 0.016389787197113037
v 0.03562157228589058 -0.007695987354964017 0.029025763273239136
v 0.03562166169285774 -0.007696135435253381 0.007000000216066837
v 0.036306675523519516 -0.008806134574115275 0.029130946844816208
v 0.036306675523519516 -0.008806134574115275 0.029130946844816208
v 0.03562166169285774 -0.007696135435253381 0.007000000216066837
v 0.036112137138843536 -0.00850128289312124 0.007000007666647434
v 0.036112137138843536 -0.00850128289312124 0.007000007666647434
v 0.03648888319730759 -0.009084584191441534 0.007013295311480761
v 0.036306675523519516 -0.008806134574115275 0.029130946844816208
v 0.036306675523519516 -0.008806134574115275 0.029130946844816208
v 0.03648888319730759 -0.009084584191441534 0.007013295311480761
v 0.037681665271520615 -0.010765351355075834 0.007225869223475456
v 0.036306675523519516 -0.008806134574115275 0.029130946844816208
v 0.037681665271520615 -0.010765351355075834 0.007225869223475456
v 0.037681687623262405 -0.010765373706817625 0.02956862561404705
v -0.013427337631583214 -0.030743170529603955 0.028999999165534973
v -0.012861475348472595 -0.03172358125448226 0.029031803831458092
v -0.0128614641726017 -0.031723573803901665 0.028999999165534973
v -0.009051100350916386 -0.03683044016361236 0.030361440032720566
v -0.007082994561642408 -0.038695942610502236 0.03135460242629051
v -0.007082874421030283 -0.03869605436921119 0.008353878743946552
v -0.009051100350916386 -0.03683044016361236 0.030361440032720566
v -0.007082874421030283 -0.03869605436921119 0.008353878743946552
v -0.009723269380629063 -0.03609731420874595 0.030049221590161324
v -0.009723269380629063 -0.03609731420874595 0.030049221590161324
v -0.007082874421030283 -0.03869605436921119 0.008353878743946552
v -0.007457536179572344 -0.03836890310049056 0.00816405564546585
v -0.009723269380629063 -0.03609731420874595 0.030049221590161324
v -0.007457536179572344 -0.03836890310049056 0.00816405564546585
v -0.007552589289844036 -0.03828389570116996 0.008115437813103199
v -0.007552589289844036 -0.03828389570116996 0.008115437813103199
v -0.008072220720350742 -0.037806041538715356 0.007850001566112041
v -0.009723269380629063 -0.03609731420874595 0.030049221590161324
v -0.009723269380629063 -0.03609731420874595 0.030049221590161324
v -0.008072220720350742 -0.037806041538715356 0.007850001566112041
v -0.008503836579620838 -0.03738880529999732 0.007725024130195379
v -0.009723269380629063 -0.03609731420874595 0.030049221590161324
v -0.008503836579620838 -0.03738880529999732 0.007725024130195379
v -0.008630676195025444 -0.03726220503449439 0.007689089514315128
v -0.010592414066195488 -0.03506090864539146 0.028999999165534973
v -0.0128614641726017 -0.031723573803901665 0.028999999165534973
v -0.012136991135776043 -0.032911699265241616 0.02916746959090233
v -0.012136991135776043 -0.032911699265241616 0.02916746959090233
v -0.0128614641726017 -0.031723573803901665 0.028999999165534973
v -0.012861475348472595 -0.03172358125448226 0.029031803831458092
v -0.008630676195025444 -0.03726220503449439 0.007689089514315128
v -0.010592238046228886 -0.03506102412939071 0.007206823211163282
v -0.009723269380629063 -0.03609731420874595 0.030049221590161324
v -0.009723269380629063 -0.03609731420874595 0.030049221590161324
v -0.010592238046228886 -0.03506102412939071 0.007206823211163282
v -0.010592414066195488 -0.03506090864539146 0.028999999165534973
v -0.009723269380629063 -0.03609731420874595 0.030049221590161324
v -0.010592414066195488 -0.03506090864539146 0.028999999165534973
v -0.010796268470585346 -0.03480242937803268 0.02959897555410862
v -0.010796268470585346 -0.03480242937803268 0.02959897555410862
v -0.010592414066195488 -0.03506090864539146 0.028999999165534973
v -0.012136991135776043 -0.032911699265241616 0.02916746959090233
v -0.00851091742515564 -0.03188360482454299 0.007000000216066837
v -0.00851091742515564 -0.03188360482454299 0.028999999165534973
v -0.009176499210298061 -0.03182156011462211 0.007000000216066837
v -0.009176499210298061 -0.03182156011462211 0.028999999165534973
v -0.009176499210298061 -0.03182156011462211 0.007000000216066837
v -0.009176499210298061 -0.03182156011462211 0.028999999165534973
v -0.010026729665696621 -0.0320838950574398 0.007000000216066837
v -0.010026729665696621 -0.0320838950574398 0.028999999165534973
v -0.010026729665696621 -0.0320838950574398 0.007000000216066837
v -0.010026729665696621 -0.0320838950574398 0.028999999165534973
v -0.010049324482679367 -0.03209713473916053 0.007000000216066837
v -0.010049324482679367 -0.03209713473916053 0.028999999165534973
v -0.010049324482679367 -0.03209713473916053 0.007000000216066837
v -0.010049324482679367 -0.03209713473916053 0.028999999165534973
v -0.0107079753652215 -0.03273270279169082 0.007000000216066837
v -0.0107079753652215 -0.03273270279169082 0.028999999165534973
v -0.0107079753652215 -0.03273270279169082 0.007000000216066837
v -0.0107079753652215 -0.03273270279169082 0.028999999165534973
v -0.010812771506607533 -0.032915916293859475 0.007000000216066837
v -0.010812771506607533 -0.032915916293859475 0.007000000216066837
v -0.0107079753652215 -0.03273270279169082 0.028999999165534973
v -0.011014504358172417 -0.03359514474868774 0.028999999165534973
v -0.010812771506607533 -0.032915916293859475 0.007000000216066837
v -0.011014504358172417 -0.03359514474868774 0.028999999165534973
v -0.011024964042007923 -0.033730201423168175 0.007036334834992886
v -0.011024964042007923 -0.033730201423168175 0.007036334834992886
v -0.011014504358172417 -0.03359514474868774 0.028999999165534973
v -0.010904711671173573 -0.03450382873415946 0.028999999165534973
v -0.011024964042007923 -0.033730201423168175 0.007036334834992886
v -0.010904711671173573 -0.03450382873415946 0.028999999165534973
v -0.01086996216326952 -0.03459176048636436 0.007136228960007429
v -0.01086996216326952 -0.03459176048636436 0.007136228960007429
v -0.010904711671173573 -0.03450382873415946 0.028999999165534973
v -0.010592414066195488 -0.03506090864539146 0.028999999165534973
v -0.01086996216326952 -0.03459176048636436 0.007136228960007429
v -0.010592414066195488 -0.03506090864539146 0.028999999165534973
v -0.010592238046228886 -0.03506102412939071 0.007206823211163282
v 0.03196149691939354 -0.008213577792048453 0.007000000216066837
v 0.03196149691939354 -0.008213577792048453 0.028999999165534973
v 0.03052450530230999 -0.012540119700133799 0.028999999165534973
v 0.027103744447231293 -0.01882516965270042 0.028999999165534973
v 0.02240860089659691 -0.024225082248449322 0.028999999165534973
v 0.023334523662924767 -0.023334521800279614 0.017500000074505806
v 0.023334523662924767 -0.023334521800279614 0.017500000074505806
v 0.023967066779732704 -0.022684350609779354 0.017380431294441223
v 0.027103744447231293 -0.01882516965270042 0.028999999165534973
v 0.027103744447231293 -0.01882516965270042 0.028999999165534973
v 0.023967066779732704 -0.022684350609779354 0.017380431294441223
v 0.024539126083254814 -0.02206425182521343 0.01703108847141266
v 0.027103744447231293 -0.01882516965270042 0.028999999165534973
v 0.024539126083254814 -0.02206425182521343 0.01703108847141266
v 0.02501855604350567 -0.021519105881452557 0.016475262120366096
v 0.02501855604350567 -0.021519105881452557 0.016475262120366096
v 0.025379186496138573 -0.02109257876873016 0.01575000025331974
v 0.027103744447231293 -0.01882516965270042 0.028999999165534973
v 0.027103744447231293 -0.01882516965270042 0.028999999165534973
v 0.025379186496138573 -0.02109257876873016 0.01575000025331974
v 0.02560240402817726 -0.02082107029855251 0.014905220828950405
v 0.027103744447231293 -0.01882516965270042 0.028999999165534973
v 0.02560240402817726 -0.02082107029855251 0.014905220828950405
v 0.02567778341472149 -0.020728034898638722 0.014000000432133675
v 0.02560167945921421 -0.020821960642933842 0.01309052761644125
v 0.025379186496138573 -0.02109257876873016 0.012249999679625034
v 0.027103744447231293 -0.01882516965270042 0.007000000216066837
v 0.027103744447231293 -0.01882516965270042 0.007000000216066837
v 0.025379186496138573 -0.02109257876873016 0.012249999679625034
v 0.025019071996212006 -0.021518504247069355 0.011525528505444527
v 0.025019071996212006 -0.021518504247069355 0.011525528505444527
v 0.024539126083254814 -0.02206425182521343 0.010968911461532116
v 0.027103744447231293 -0.01882516965270042 0.007000000216066837
v 0.027103744447231293 -0.01882516965270042 0.007000000216066837
v 0.024539126083254814 -0.02206425182521343 0.010968911461532116
v 0.023965848609805107 -0.022685635834932324 0.010619093663990498
v 0.027103744447231293 -0.01882516965270042 0.007000000216066837
v 0.023965848609805107 -0.022685635834932324 0.010619093663990498
v 0.02240860089659691 -0.024225082248449322 0.007000000216066837
v 0.021092578768730164 -0.02537918463349342 0.012249999679625034
v 0.020821422338485718 -0.025602115318179127 0.013093093410134315
v 0.016659829765558243 -0.028485961258411404 0.007000000216066837
v 0.021092578768730164 -0.02537918463349342 0.012249999679625034
v 0.016659829765558243 -0.028485961258411404 0.007000000216066837
v 0.021518524736166 -0.02501905336976051 0.011525499634444714
v 0.023965848609805107 -0.022685635834932324 0.010619093663990498
v 0.023334523662924767 -0.023334521800279614 0.010499999858438969
v 0.02240860089659691 -0.024225082248449322 0.007000000216066837
v 0.02240860089659691 -0.024225082248449322 0.007000000216066837
v 0.023334523662924767 -0.023334521800279614 0.010499999858438969
v 0.02240860089659691 -0.024225082248449322 0.010744205676019192
v 0.02240860089659691 -0.024225082248449322 0.007000000216066837
v 0.02240860089659691 -0.024225082248449322 0.010744205676019192
v 0.016659829765558243 -0.028485961258411404 0.007000000216066837
v 0.016659829765558243 -0.028485961258411404 0.007000000216066837
v 0.02240860089659691 -0.024225082248449322 0.010744205676019192
v 0.02206415869295597 -0.024539211764931675 0.01096898503601551
v 0.016659829765558243 -0.028485961258411404 0.007000000216066837
v 0.02206415869295597 -0.024539211764931675 0.01096898503601551
v 0.021518524736166 -0.02501905336976051 0.011525499634444714
v 0.020728034898638725 -0.025677781552076336 0.014000000432133675
v 0.02082129754126072 -0.025602217763662335 0.014906307682394981
v 0.016659829765558243 -0.028485961258411404 0.028999999165534973
v 0.016659829765558243 -0.028485961258411404 0.028999999165534973
v 0.02082129754126072 -0.025602217763662335 0.014906307682394981
v 0.021092578768730164 -0.02537918463349342 0.01575000025331974
v 0.021092578768730164 -0.02537918463349342 0.01575000025331974
v 0.0215187668800354 -0.025018844753503796 0.01647481881082058
v 0.016659829765558243 -0.028485961258411404 0.028999999165534973
v 0.016659829765558243 -0.028485961258411404 0.028999999165534973
v 0.0215187668800354 -0.025018844753503796 0.01647481881082058
v 0.02206425368785858 -0.02453912794589996 0.01703108847141266
v 0.016659829765558243 -0.028485961258411404 0.028999999165534973
v 0.02206425368785858 -0.02453912794589996 0.01703108847141266
v 0.02240860089659691 -0.024225082248449322 0.028999999165534973
v 0.02240860089659691 -0.024225082248449322 0.028999999165534973
v 0.02206425368785858 -0.02453912794589996 0.01703108847141266
v 0.02240860089659691 -0.024225082248449322 0.017255794256925583
v 0.02240860089659691 -0.024225082248449322 0.028999999165534973
v 0.02240860089659691 -0.024225082248449322 0.017255794256925583
v 0.023334523662924767 -0.023334521800279614 0.017500000074505806
v 0.010127736255526543 -0.03140746802091598 0.007000000216066837
v 0.003119447035714984 -0.03285223245620727 0.028999999165534973
v 0.003119447035714984 -0.03285223245620727 0.007000000216066837
v 0.003119447035714984 -0.03285223245620727 0.007000000216066837
v 0.003119447035714984 -0.03285223245620727 0.028999999165534973
v -0.00403551384806633 -0.03275232389569282 0.028999999165534973
v -0.00403551384806633 -0.03275232389569282 0.007000000216066837
v -0.00403551384806633 -0.03275232389569282 0.007000000216066837
v -0.00403551384806633 -0.03275232389569282 0.028999999165534973
v -0.00851091742515564 -0.03188360482454299 0.028999999165534973
v -0.00851091742515564 -0.03188360482454299 0.007000000216066837
v 0.020821422338485718 -0.025602115318179127 0.013093093410134315
v 0.020728034898638725 -0.025677781552076336 0.014000000432133675
v 0.016659829765558243 -0.028485961258411404 0.007000000216066837
v 0.016659829765558243 -0.028485961258411404 0.007000000216066837
v 0.020728034898638725 -0.025677781552076336 0.014000000432133675
v 0.016659829765558243 -0.028485961258411404 0.028999999165534973
v 0.016659829765558243 -0.028485961258411404 0.007000000216066837
v 0.016659829765558243 -0.028485961258411404 0.028999999165534973
v 0.016499999910593033 -0.028578838333487507 0.007000000216066837
v 0.016499999910593033 -0.028578838333487507 0.028999999165534973
v 0.016499999910593033 -0.028578838333487507 0.007000000216066837
v 0.016499999910593033 -0.028578838333487507 0.028999999165534973
v 0.010127736255526543 -0.03140746802091598 0.007000000216066837
v 0.010127736255526543 -0.03140746802091598 0.028999999165534973
v 0.010127736255526543 -0.03140746802091598 0.028999999165534973
v 0.03052450530230999 -0.012540119700133799 0.007000000216066837
v 0.03052450530230999 -0.012540119700133799 0.007000000216066837
v 0.03052450530230999 -0.012540119700133799 0.028999999165534973
v 0.027103744447231293 -0.01882516965270042 0.028999999165534973
v 0.027103744447231293 -0.01882516965270042 0.007000000216066837
v 0.027103744447231293 -0.01882516965270042 0.007000000216066837
v 0.027103744447231293 -0.01882516965270042 0.028999999165534973
v 0.02567778341472149 -0.020728034898638722 0.014000000432133675
v 0.027103744447231293 -0.01882516965270042 0.007000000216066837
v 0.02567778341472149 -0.020728034898638722 0.014000000432133675
v 0.02560167945921421 -0.020821960642933842 0.01309052761644125
v 0.03196149691939354 -0.008213577792048453 0.028999999165534973
v 0.03196149691939354 -0.008213577792048453 0.007000000216066837
v 0.032312143594026566 -0.007493462413549422 0.028999999165534973
v 0.032312143594026566 -0.007493462413549422 0.007000000216066837
v 0.032312143594026566 -0.007493462413549422 0.028999999165534973
v 0.032312143594026566 -0.007493462413549422 0.007000000216066837
v 0.03289855644106865 -0.006979318801313638 0.028999999165534973
v 0.03289855644106865 -0.006979318801313638 0.007000000216066837
v 0.03289855644106865 -0.006979318801313638 0.028999999165534973
v 0.03289855644106865 -0.006979318801313638 0.007000000216066837
v 0.033130280673503876 -0.00686477543786168 0.028999999165534973
v 0.033130280673503876 -0.00686477543786168 0.028999999165534973
v 0.03289855644106865 -0.006979318801313638 0.007000000216066837
v 0.03313029184937477 -0.006864814087748527 0.007000000216066837
v 0.033130280673503876 -0.00686477543786168 0.028999999165534973
v 0.03313029184937477 -0.006864814087748527 0.007000000216066837
v 0.03374191001057625 -0.006717498879879712 0.028999999165534973
v 0.03374191001057625 -0.006717498879879712 0.028999999165534973
v 0.03313029184937477 -0.006864814087748527 0.007000000216066837
v 0.03415290638804436 -0.006727609783411025 0.007000000216066837
v 0.03374191001057625 -0.006717498879879712 0.028999999165534973
v 0.03415290638804436 -0.006727609783411025 0.007000000216066837
v 0.034152913838624954 -0.006727557629346847 0.028999999165534973
v 0.034152913838624954 -0.006727557629346847 0.028999999165534973
v 0.03415290638804436 -0.006727609783411025 0.007000000216066837
v 0.03460903465747833 -0.006841745227575301 0.028999999165534973
v 0.03460903465747833 -0.006841745227575301 0.028999999165534973
v 0.03415290638804436 -0.006727609783411025 0.007000000216066837
v 0.03480891138315201 -0.006930568255484103 0.02900027111172676
v 0.03480891138315201 -0.006930568255484103 0.02900027111172676
v 0.03415290638804436 -0.006727609783411025 0.007000000216066837
v 0.03510782867670059 -0.00711836852133274 0.007000000216066837
v 0.03480891138315201 -0.006930568255484103 0.02900027111172676
v 0.03510782867670059 -0.00711836852133274 0.007000000216066837
v 0.035019807517528534 -0.007055231370031833 0.029001904651522636
v 0.035019807517528534 -0.007055231370031833 0.029001904651522636
v 0.03510782867670059 -0.00711836852133274 0.007000000216066837
v 0.03562166169285774 -0.007696135435253381 0.007000000216066837
v 0.035019807517528534 -0.007055231370031833 0.029001904651522636
v 0.03562166169285774 -0.007696135435253381 0.007000000216066837
v 0.03562157228589058 -0.007695987354964017 0.029025763273239136
v 0.035019807517528534 -0.007055231370031833 0.029001904651522636
v 0.03562157228589058 -0.007695987354964017 0.029025763273239136
v 0.03547942265868187 -0.007452202960848807 0.029014764353632927
v 0.03508593887090683 -0.0067706266418099395 0.029000254347920418
v 0.03480891138315201 -0.006930568255484103 0.02900027111172676
v 0.035019807517528534 -0.007055231370031833 0.029001904651522636
v 0.03547942265868187 -0.007452202960848807 0.029014764353632927
v 0.03721149265766144 -0.00645219488069415 0.029014727100729942
v 0.035019807517528534 -0.007055231370031833 0.029001904651522636
v 0.035019807517528534 -0.007055231370031833 0.029001904651522636
v 0.03721149265766144 -0.00645219488069415 0.029014727100729942
v 0.03681798651814461 -0.005770627409219741 0.029000258073210716
v 0.035019807517528534 -0.007055231370031833 0.029001904651522636
v 0.03681798651814461 -0.005770627409219741 0.029000258073210716
v 0.03508593887090683 -0.0067706266418099395 0.029000254347920418
v -0.014088324271142483 -0.03356612473726272 0.007109716068953276
v -0.014088250696659088 -0.033566258847713464 0.029109835624694824
v -0.014465569518506527 -0.032649707049131386 0.029031803831458092
v -0.014507634565234184 -0.031535357236862176 0.029000569134950638
v -0.014499399811029434 -0.03148389980196952 0.007114638574421406
v -0.014465569518506527 -0.032649707049131386 0.029031803831458092
v -0.014465569518506527 -0.032649707049131386 0.029031803831458092
v -0.014499399811029434 -0.03148389980196952 0.007114638574421406
v -0.014484146609902382 -0.032562278211116784 0.007112936582416296
v -0.014465569518506527 -0.032649707049131386 0.029031803831458092
v -0.014484146609902382 -0.032562278211116784 0.007112936582416296
v -0.014088324271142483 -0.03356612473726272 0.007109716068953276
v -0.014507634565234184 -0.031535357236862176 0.029000569134950638
v -0.014473129995167255 -0.03134696185588836 0.029000001028180122
v -0.014499399811029434 -0.03148389980196952 0.007114638574421406
v -0.014499399811029434 -0.03148389980196952 0.007114638574421406
v -0.014473129995167255 -0.03134696185588836 0.029000001028180122
v -0.014467799104750156 -0.03132280707359313 0.028999999165534973
v -0.014499399811029434 -0.03148389980196952 0.007114638574421406
v -0.014467799104750156 -0.03132280707359313 0.028999999165534973
v -0.014137587510049343 -0.030478896573185917 0.007114609237760305
v -0.014137587510049343 -0.030478896573185917 0.007114609237760305
v -0.014467799104750156 -0.03132280707359313 0.028999999165534973
v -0.013873184099793434 -0.030094338580965992 0.028999999165534973
v -0.014137587510049343 -0.030478896573185917 0.007114609237760305
v -0.013873184099793434 -0.030094338580965992 0.028999999165534973
v -0.013873067684471607 -0.030094252899289128 0.007114055100828409
v -0.013873067684471607 -0.030094252899289128 0.007114055100828409
v -0.013873184099793434 -0.030094338580965992 0.028999999165534973
v -0.01343911699950695 -0.0296582318842411 0.007112848572432995
v -0.01343911699950695 -0.0296582318842411 0.007112848572432995
v -0.013873184099793434 -0.030094338580965992 0.028999999165534973
v -0.013040969148278236 -0.02938326261937618 0.028999999165534973
v -0.01343911699950695 -0.0296582318842411 0.007112848572432995
v -0.013040969148278236 -0.02938326261937618 0.028999999165534973
v -0.01304095983505249 -0.029383275657892224 0.007111550308763981
v -0.013040969148278236 -0.02938326261937618 0.028999999165534973
v -0.01279587671160698 -0.0292564146220684 0.028999999165534973
v -0.01304095983505249 -0.029383275657892224 0.007111550308763981
v -0.01304095983505249 -0.029383275657892224 0.007111550308763981
v -0.01279587671160698 -0.0292564146220684 0.028999999165534973
v -0.011458843015134335 -0.02898246236145496 0.028999999165534973
v -0.01304095983505249 -0.029383275657892224 0.007111550308763981
v -0.011458843015134335 -0.02898246236145496 0.028999999165534973
v -0.01212927047163248 -0.029039615765213963 0.007108152844011784
v -0.01212927047163248 -0.029039615765213963 0.007108152844011784
v -0.011458843015134335 -0.02898246236145496 0.028999999165534973
v -0.011052303947508335 -0.02902143262326717 0.007103540003299713
v -0.011052303947508335 -0.02902143262326717 0.007103540003299713
v -0.011458843015134335 -0.02898246236145496 0.028999999165534973
v -0.010522647760808468 -0.029159456491470333 0.028999999165534973
v -0.011052303947508335 -0.02902143262326717 0.007103540003299713
v -0.010522647760808468 -0.029159456491470333 0.028999999165534973
v -0.010522686876356602 -0.029159458354115483 0.007101043127477169
v 0.06388355791568756 -0.04210501909255981 0.019405854865908623
v 0.06402967870235443 -0.04200033843517303 0.019405826926231384
v 0.0639166310429573 -0.0421503260731697 0.019427930936217308
v 0.0639166310429573 -0.0421503260731697 0.019427930936217308
v 0.06402967870235443 -0.04200033843517303 0.019405826926231384
v 0.0640624612569809 -0.0420461818575859 0.019427960738539696
v 0.0639166310429573 -0.0421503260731697 0.019427930936217308
v 0.0640624612569809 -0.0420461818575859 0.019427960738539696
v 0.06401338428258896 -0.0422835424542427 0.019492683932185173
v 0.06401338428258896 -0.0422835424542427 0.019492683932185173
v 0.0640624612569809 -0.0420461818575859 0.019427960738539696
v 0.0642128586769104 -0.04225829988718032 0.019530240446329117
v 0.0656365230679512 -0.044710498303174966 0.020768025889992714
v 0.06578579545021057 -0.044691607356071465 0.02079612948000431
v 0.06585656106472015 -0.04507296904921531 0.020972810685634613
v 0.06585656106472015 -0.04507296904921531 0.020972810685634613
v 0.06578579545021057 -0.044691607356071465 0.02079612948000431
v 0.06597015261650085 -0.045007437467575066 0.020972799509763718
v 0.06585656106472015 -0.04507296904921531 0.020972810685634613
v 0.06597015261650085 -0.045007437467575066 0.020972799509763718
v 0.06587214767932892 -0.04509909823536872 0.02098751626908779
v 0.06587214767932892 -0.04509909823536872 0.02098751626908779
v 0.06597015261650085 -0.045007437467575066 0.020972799509763718
v 0.06598539650440216 -0.04503388330340385 0.020987529307603836
v 0.06587214767932892 -0.04509909823536872 0.02098751626908779
v 0.06598539650440216 -0.04503388330340385 0.020987529307603836
v 0.0670468732714653 -0.04724837094545364 0.022170506417751312
v 0.0670468732714653 -0.04724837094545364 0.022170506417751312
v 0.06598539650440216 -0.04503388330340385 0.020987529307603836
v 0.06703029572963715 -0.0469910018146038 0.02205878309905529
v 0.0670468732714653 -0.04724837094545364 0.022170506417751312
v 0.06703029572963715 -0.0469910018146038 0.02205878309905529
v 0.0671493336558342 -0.047235056757926934 0.022189652547240257
v 0.0670468732714653 -0.04724837094545364 0.022170506417751312
v 0.0671493336558342 -0.047235056757926934 0.022189652547240257
v 0.06760193407535553 -0.04839679226279258 0.022911909967660904
v 0.06760193407535553 -0.04839679226279258 0.022911909967660904
v 0.0671493336558342 -0.047235056757926934 0.022189652547240257
v 0.0676560327410698 -0.04833624884486198 0.022892361506819725
v 0.06760193407535553 -0.04839679226279258 0.022911909967660904
v 0.0676560327410698 -0.04833624884486198 0.022892361506819725
v 0.06814661622047424 -0.049665465950965874 0.02371169999241829
v 0.06814661622047424 -0.049665465950965874 0.02371169999241829
v 0.0676560327410698 -0.04833624884486198 0.022892361506819725
v 0.0681949332356453 -0.049646861851215356 0.02371170185506344
v 0.06814661622047424 -0.049665465950965874 0.02371169999241829
v 0.0681949332356453 -0.049646861851215356 0.02371170185506344
v 0.06917650252580643 -0.05267742276191711 0.025673573836684227
v 0.06917650252580643 -0.05267742276191711 0.025673573836684227
v 0.0681949332356453 -0.049646861851215356 0.02371170185506344
v 0.06917887926101685 -0.05267530679702758 0.025672655552625656
v 0.06917650252580643 -0.05267742276191711 0.025673573836684227
v 0.06917887926101685 -0.05267530679702758 0.025672655552625656
v 0.06921389698982239 -0.05280932039022445 0.02576274797320366
v 0.06923505663871765 -0.05288842320442199 0.025805378332734108
v 0.06921389698982239 -0.05280932039022445 0.02576274797320366
v 0.06921441107988358 -0.052809089422225945 0.026095593348145485
v 0.051284585148096085 -0.043370801955461495 0.01912572979927063
v 0.050958745181560516 -0.043678373098373406 0.019196048378944397
v 0.0510389618575573 -0.04377039894461631 0.01924717426300049
v 0.04808899387717247 -0.0335421860218048 0.015025967732071877
v 0.05694824829697609 -0.036069083958864205 0.01741938106715679
v 0.05002395063638687 -0.03119048103690147 0.014780581928789616
v 0.05002395063638687 -0.03119048103690147 0.014780581928789616
v 0.05694824829697609 -0.036069083958864205 0.01741938106715679
v 0.03883882984519005 -0.01228517387062311 0.007698820438235998
v 0.023453308269381523 -0.05014363303780555 0.01723444275557995
v 0.02028615213930607 -0.05110050365328788 0.017479829490184784
v 0.035006120800971985 -0.062315560877323144 0.02700924687087536
v 0.029728787019848824 -0.04761488735675811 0.016743671149015427
v 0.031981077045202255 -0.04941307008266448 0.018242578953504562
v 0.030548959970474243 -0.043158631771802895 0.014467539265751839
v 0.03920498862862587 -0.030227884650230404 0.011629069223999977
v 0.044998958706855774 -0.036850333213806145 0.015376681461930275
v 0.04596995562314987 -0.035865679383277886 0.015271353535354137
v 0.0345723032951355 -0.021822448819875714 0.007821361534297466
v 0.03761093318462372 -0.029025826603174206 0.010774681344628334
v 0.03875220939517021 -0.02977317944169044 0.011353595182299614
v 0.031519509851932526 -0.03006482124328613 0.009152698330581188
v 0.03209194913506508 -0.029642412438988682 0.009195197373628616
v 0.03149925917387009 -0.026202997192740437 0.007906141690909863
v 0.03149925917387009 -0.026202997192740437 0.007906141690909863
v 0.03209194913506508 -0.029642412438988682 0.009195197373628616
v 0.03345640376210213 -0.028941707685589787 0.009411386214196682
v 0.03149925917387009 -0.026202997192740437 0.007906141690909863
v 0.03345640376210213 -0.028941707685589787 0.009411386214196682
v 0.03391784802079201 -0.02286155894398689 0.00783912930637598
v 0.03391784802079201 -0.02286155894398689 0.00783912930637598
v 0.03345640376210213 -0.028941707685589787 0.009411386214196682
v 0.03488028049468994 -0.028597267344594 0.00976866576820612
v 0.03391784802079201 -0.02286155894398689 0.00783912930637598
v 0.03488028049468994 -0.028597267344594 0.00976866576820612
v 0.0345723032951355 -0.021822448819875714 0.007821361534297466
v 0.0345723032951355 -0.021822448819875714 0.007821361534297466
v 0.03488028049468994 -0.028597267344594 0.00976866576820612
v 0.03629769757390022 -0.028624685481190678 0.010236242786049843
v 0.0345723032951355 -0.021822448819875714 0.007821361534297466
v 0.03629769757390022 -0.028624685481190678 0.010236242786049843
v 0.03761093318462372 -0.029025826603174206 0.010774681344628334
v 0.031519509851932526 -0.03006482124328613 0.009152698330581188
v 0.03149925917387009 -0.026202997192740437 0.007906141690909863
v 0.03045969270169735 -0.031125536188483235 0.009186827577650547
v 0.03045969270169735 -0.031125536188483235 0.009186827577650547
v 0.03149925917387009 -0.026202997192740437 0.007906141690909863
v 0.02869299426674843 -0.029362855479121205 0.007988405413925648
v 0.03045969270169735 -0.031125536188483235 0.009186827577650547
v 0.02869299426674843 -0.029362855479121205 0.007988405413925648
v 0.029983535408973694 -0.03177818655967712 0.009276271797716618
v 0.029983535408973694 -0.03177818655967712 0.009276271797716618
v 0.02869299426674843 -0.029362855479121205 0.007988405413925648
v 0.027212830260396004 -0.030796574428677555 0.008034376427531242
v 0.029983535408973694 -0.03177818655967712 0.009276271797716618
v 0.027212830260396004 -0.030796574428677555 0.008034376427531242
v 0.029601750895380974 -0.03243869543075561 0.009406967088580132
v 0.029601750895380974 -0.03243869543075561 0.009406967088580132
v 0.027212830260396004 -0.030796574428677555 0.008034376427531242
v 0.029070492833852768 -0.03384194150567054 0.00979712326079607
v 0.029070492833852768 -0.03384194150567054 0.00979712326079607
v 0.027212830260396004 -0.030796574428677555 0.008034376427531242
v 0.02584112621843815 -0.0320068672299385 0.008078882470726967
v 0.029070492833852768 -0.03384194150567054 0.00979712326079607
v 0.02584112621843815 -0.0320068672299385 0.008078882470726967
v 0.022784404456615448 -0.03435926884412765 0.008185962215065956
v 0.03371337056159973 -0.05701709538698196 0.02331875078380108
v 0.026611439883708954 -0.0489823892712593 0.016989056020975113
v 0.03425944223999977 -0.05941925197839736 0.024986600503325462
v 0.03425944223999977 -0.05941925197839736 0.024986600503325462
v 0.026611439883708954 -0.0489823892712593 0.016989056020975113
v 0.023453308269381523 -0.05014363303780555 0.01723444275557995
v 0.03425944223999977 -0.05941925197839736 0.024986600503325462
v 0.023453308269381523 -0.05014363303780555 0.01723444275557995
v 0.03436024487018585 -0.05983294546604156 0.025275371968746185
v 0.03436024487018585 -0.05983294546604156 0.025275371968746185
v 0.023453308269381523 -0.05014363303780555 0.01723444275557995
v 0.035006120800971985 -0.062315560877323144 0.02700924687087536
v 0.014044118113815784 -0.052430674433708184 0.017970601096749306
v 0.02216152660548687 -0.058676388114690774 0.023008666932582855
v 0.017140960320830345 -0.05185860395431518 0.01772521436214447
v 0.017140960320830345 -0.05185860395431518 0.01772521436214447
v 0.02216152660548687 -0.058676388114690774 0.023008666932582855
v 0.02028615213930607 -0.05110050365328788 0.017479829490184784
v 0.014044118113815784 -0.052430674433708184 0.017970601096749306
v 0.0167007464915514 -0.05889579281210899 0.022801388055086136
v 0.02216152660548687 -0.058676388114690774 0.023008666932582855
v 0.02216152660548687 -0.058676388114690774 0.023008666932582855
v 0.0167007464915514 -0.05889579281210899 0.022801388055086136
v 0.019534066319465637 -0.06130162999033927 0.02460572123527527
v 0.02216152660548687 -0.058676388114690774 0.023008666932582855
v 0.019534066319465637 -0.06130162999033927 0.02460572123527527
v 0.019574295729398727 -0.061335917562246316 0.024631347507238388
v 0.019574295729398727 -0.061335917562246316 0.024631347507238388
v 0.02208396978676319 -0.06368611752986907 0.026366794481873512
v 0.02216152660548687 -0.058676388114690774 0.023008666932582855
v 0.02216152660548687 -0.058676388114690774 0.023008666932582855
v 0.02208396978676319 -0.06368611752986907 0.026366794481873512
v 0.028916209936141968 -0.06481038779020308 0.027803169563412666
v 0.02216152660548687 -0.058676388114690774 0.023008666932582855
v 0.028916209936141968 -0.06481038779020308 0.027803169563412666
v 0.02028615213930607 -0.05110050365328788 0.017479829490184784
v 0.02028615213930607 -0.05110050365328788 0.017479829490184784
v 0.028916209936141968 -0.06481038779020308 0.027803169563412666
v 0.03224650397896767 -0.06352797895669936 0.027410350739955902
v 0.02028615213930607 -0.05110050365328788 0.017479829490184784
v 0.03224650397896767 -0.06352797895669936 0.027410350739955902
v 0.035006120800971985 -0.062315560877323144 0.02700924687087536
v 0.02208396978676319 -0.06368611752986907 0.026366794481873512
v 0.024268735200166702 -0.06616238504648207 0.028133677318692207
v 0.028916209936141968 -0.06481038779020308 0.027803169563412666
v 0.028916209936141968 -0.06481038779020308 0.027803169563412666
v 0.024268735200166702 -0.06616238504648207 0.028133677318692207
v 0.024403709918260574 -0.06633158028125762 0.02825193852186203
v 0.028916209936141968 -0.06481038779020308 0.027803169563412666
v 0.024403709918260574 -0.06633158028125762 0.02825193852186203
v 0.028016045689582825 -0.06513123959302901 0.0278983972966671
v 0.028016045689582825 -0.06513123959302901 0.0278983972966671
v 0.024403709918260574 -0.06633158028125762 0.02825193852186203
v 0.024404942989349365 -0.066333070397377 0.028252964839339256
v -0.0030134874396026134 -0.0418790690600872 0.00978395901620388
v -0.004888523835688829 -0.04172535985708236 0.009953171946108341
v 0.0059267086908221245 -0.046184957027435296 0.012932535260915756
v 0.0059267086908221245 -0.046184957027435296 0.012932535260915756
v -0.004888523835688829 -0.04172535985708236 0.009953171946108341
v 0.009230582043528557 -0.053012199699878686 0.018373040482401848
v 0.004422124475240707 -0.041574843227863305 0.00917130894958973
v 0.0006985706859268248 -0.04190421849489211 0.009462554939091206
v 0.0059267086908221245 -0.046184957027435296 0.012932535260915756
v 0.0059267086908221245 -0.046184957027435296 0.012932535260915756
v 0.0006985706859268248 -0.04190421849489211 0.009462554939091206
v -0.0007922362419776618 -0.041937831789255135 0.009588765911757946
v 0.0059267086908221245 -0.046184957027435296 0.012932535260915756
v -0.0007922362419776618 -0.041937831789255135 0.009588765911757946
v -0.0030134874396026134 -0.0418790690600872 0.00978395901620388
v 0.03371337056159973 -0.05701709538698196 0.02331875078380108
v 0.031981077045202255 -0.04941307008266448 0.018242578953504562
v 0.026611439883708954 -0.0489823892712593 0.016989056020975113
v 0.026611439883708954 -0.0489823892712593 0.016989056020975113
v 0.031981077045202255 -0.04941307008266448 0.018242578953504562
v 0.029728787019848824 -0.04761488735675811 0.016743671149015427
v 0.026611439883708954 -0.0489823892712593 0.016989056020975113
v 0.029728787019848824 -0.04761488735675811 0.016743671149015427
v 0.016482986509799957 -0.038002010434865945 0.008448917418718338
v 0.016482986509799957 -0.038002010434865945 0.008448917418718338
v 0.029728787019848824 -0.04761488735675811 0.016743671149015427
v 0.030548959970474243 -0.043158631771802895 0.014467539265751839
v 0.016482986509799957 -0.038002010434865945 0.008448917418718338
v 0.030548959970474243 -0.043158631771802895 0.014467539265751839
v 0.0195371825248003 -0.03641694411635398 0.00831363070756197
v 0.0195371825248003 -0.03641694411635398 0.00831363070756197
v 0.030548959970474243 -0.043158631771802895 0.014467539265751839
v 0.029016228392720222 -0.03650053590536117 0.010898873209953308
v 0.0195371825248003 -0.03641694411635398 0.00831363070756197
v 0.029016228392720222 -0.03650053590536117 0.010898873209953308
v 0.022784404456615448 -0.03435926884412765 0.008185962215065956
v 0.022784404456615448 -0.03435926884412765 0.008185962215065956
v 0.029016228392720222 -0.03650053590536117 0.010898873209953308
v 0.028886765241622925 -0.03509924933314323 0.010260893031954765
v 0.022784404456615448 -0.03435926884412765 0.008185962215065956
v 0.028886765241622925 -0.03509924933314323 0.010260893031954765
v 0.029070492833852768 -0.03384194150567054 0.00979712326079607
v 0.016482986509799957 -0.038002010434865945 0.008448917418718338
v 0.016063308343291283 -0.03819604590535163 0.008468839339911938
v 0.026611439883708954 -0.0489823892712593 0.016989056020975113
v 0.026611439883708954 -0.0489823892712593 0.016989056020975113
v 0.016063308343291283 -0.03819604590535163 0.008468839339911938
v 0.012158166617155075 -0.039745848625898354 0.008671012707054615
v 0.026611439883708954 -0.0489823892712593 0.016989056020975113
v 0.012158166617155075 -0.039745848625898354 0.008671012707054615
v 0.023453308269381523 -0.05014363303780555 0.01723444275557995
v 0.023453308269381523 -0.05014363303780555 0.01723444275557995
v 0.012158166617155075 -0.039745848625898354 0.008671012707054615
v 0.008214516565203667 -0.04087330773472785 0.008907433599233627
v 0.023453308269381523 -0.05014363303780555 0.01723444275557995
v 0.008214516565203667 -0.04087330773472785 0.008907433599233627
v 0.02028615213930607 -0.05110050365328788 0.017479829490184784
v 0.02028615213930607 -0.05110050365328788 0.017479829490184784
v 0.008214516565203667 -0.04087330773472785 0.008907433599233627
v 0.004422124475240707 -0.041574843227863305 0.00917130894958973
v 0.02028615213930607 -0.05110050365328788 0.017479829490184784
v 0.004422124475240707 -0.041574843227863305 0.00917130894958973
v 0.017140960320830345 -0.05185860395431518 0.01772521436214447
v 0.017140960320830345 -0.05185860395431518 0.01772521436214447
v 0.004422124475240707 -0.041574843227863305 0.00917130894958973
v 0.0059267086908221245 -0.046184957027435296 0.012932535260915756
v 0.0059267086908221245 -0.046184957027435296 0.012932535260915756
v 0.014044118113815784 -0.052430674433708184 0.017970601096749306
v 0.0059267086908221245 -0.046184957027435296 0.012932535260915756
v 0.009230582043528557 -0.053012199699878686 0.018373040482401848
v 0.014044118113815784 -0.052430674433708184 0.017970601096749306
v 0.009230582043528557 -0.053012199699878686 0.018373040482401848
v 0.0167007464915514 -0.05889579281210899 0.022801388055086136
v 0.03875220939517021 -0.02977317944169044 0.011353595182299614
v 0.03920498862862587 -0.030227884650230404 0.011629069223999977
v 0.0345723032951355 -0.021822448819875714 0.007821361534297466
v 0.0345723032951355 -0.021822448819875714 0.007821361534297466
v 0.03920498862862587 -0.030227884650230404 0.011629069223999977
v 0.04596995562314987 -0.035865679383277886 0.015271353535354137
v 0.0345723032951355 -0.021822448819875714 0.007821361534297466
v 0.04596995562314987 -0.035865679383277886 0.015271353535354137
v 0.0358591303229332 -0.0195535272359848 0.007786397356539965
v 0.0358591303229332 -0.0195535272359848 0.007786397356539965
v 0.04596995562314987 -0.035865679383277886 0.015271353535354137
v 0.04808899387717247 -0.0335421860218048 0.015025967732071877
v 0.03883882984519005 -0.01228517387062311 0.007698820438235998
v 0.03781941160559654 -0.015247287228703497 0.007730958517640829
v 0.05002395063638687 -0.03119048103690147 0.014780581928789616
v 0.05002395063638687 -0.03119048103690147 0.014780581928789616
v 0.03781941160559654 -0.015247287228703497 0.007730958517640829
v 0.037505101412534714 -0.01603450998663902 0.007740228436887264
v 0.05002395063638687 -0.03119048103690147 0.014780581928789616
v 0.037505101412534714 -0.01603450998663902 0.007740228436887264
v 0.04808899387717247 -0.0335421860218048 0.015025967732071877
v 0.04808899387717247 -0.0335421860218048 0.015025967732071877
v 0.037505101412534714 -0.01603450998663902 0.007740228436887264
v 0.036366160959005356 -0.018558014184236523 0.007772459182888269
v 0.04808899387717247 -0.0335421860218048 0.015025967732071877
v 0.036366160959005356 -0.018558014184236523 0.007772459182888269
v 0.0358591303229332 -0.0195535272359848 0.007786397356539965
v 0.057080842554569244 -0.03624349832534789 0.01749058999121189
v 0.05694824829697609 -0.036069083958864205 0.01741938106715679
v 0.05499444156885147 -0.03846983239054679 0.017911607399582863
v 0.05499444156885147 -0.03846983239054679 0.017911607399582863
v 0.05694824829697609 -0.036069083958864205 0.01741938106715679
v 0.04808899387717247 -0.0335421860218048 0.015025967732071877
v 0.05499444156885147 -0.03846983239054679 0.017911607399582863
v 0.04808899387717247 -0.0335421860218048 0.015025967732071877
v 0.05348029360175133 -0.04026966542005538 0.018302856013178825
v 0.05348029360175133 -0.04026966542005538 0.018302856013178825
v 0.04808899387717247 -0.0335421860218048 0.015025967732071877
v 0.04596995562314987 -0.035865679383277886 0.015271353535354137
v 0.05348029360175133 -0.04026966542005538 0.018302856013178825
v 0.04596995562314987 -0.035865679383277886 0.015271353535354137
v 0.051284585148096085 -0.043370801955461495 0.01912572979927063
v 0.051284585148096085 -0.043370801955461495 0.01912572979927063
v 0.04596995562314987 -0.035865679383277886 0.015271353535354137
v 0.044998958706855774 -0.036850333213806145 0.015376681461930275
v 0.051284585148096085 -0.043370801955461495 0.01912572979927063
v 0.044998958706855774 -0.036850333213806145 0.015376681461930275
v 0.050958745181560516 -0.043678373098373406 0.019196048378944397
v 0.03829784691333771 -0.06702704727649687 0.030910920351743698
v 0.05861339718103409 -0.06170950457453727 0.030957123264670372
v 0.039223819971084595 -0.07052310556173323 0.026123423129320145
v 0.059539370238780975 -0.06520556658506392 0.02616962417960167
v 0.058993253856897354 -0.055223733186721795 0.02651374414563179
v 0.05994623899459839 -0.05882178619503974 0.021586578339338303
v 0.060092903673648834 -0.059451699256896966 0.029594525694847107
v 0.061072658747434616 -0.0631546303629875 0.024968497455120087
v 0.06014668568968773 -0.05965857207775115 0.02975599467754364
v 0.039491161704063416 -0.009848015382885931 0.006675155367702246
v 0.058539487421512604 -0.03485749661922454 0.01625819317996502
v 0.05841808021068573 -0.034949935972690575 0.01625819317996502
v 0.05841808021068573 -0.034949935972690575 0.01625819317996502
v 0.058539487421512604 -0.03485749661922454 0.01625819317996502
v 0.058738015592098236 -0.03511823713779449 0.016352232545614243
v 0.05963711813092232 -0.03629567474126815 0.01679336465895176
v 0.05950485169887543 -0.036397006362676614 0.01679336465895176
v 0.05901547148823738 -0.03548242896795272 0.016484711319208145
v 0.05901547148823738 -0.03548242896795272 0.016484711319208145
v 0.05950485169887543 -0.036397006362676614 0.01679336465895176
v 0.05841808021068573 -0.034949935972690575 0.01625819317996502
v 0.05901547148823738 -0.03548242896795272 0.016484711319208145
v 0.05841808021068573 -0.034949935972690575 0.01625819317996502
v 0.05881699547171593 -0.03522196412086486 0.016389787197113037
v 0.05881699547171593 -0.03522196412086486 0.016389787197113037
v 0.05841808021068573 -0.034949935972690575 0.01625819317996502
v 0.058738015592098236 -0.03511823713779449 0.016352232545614243
v 0.06185507774353027 -0.03916593268513679 0.01804715022444725
v 0.06171390786767006 -0.03928666934370994 0.01805018074810505
v 0.060746029019355774 -0.037736773490905755 0.017405332997441292
v 0.060746029019355774 -0.037736773490905755 0.017405332997441292
v 0.06171390786767006 -0.03928666934370994 0.01805018074810505
v 0.06062282994389534 -0.037865068763494485 0.017414603382349014
v 0.060746029019355774 -0.037736773490905755 0.017405332997441292
v 0.06062282994389534 -0.037865068763494485 0.017414603382349014
v 0.05963711813092232 -0.03629567474126815 0.01679336465895176
v 0.05963711813092232 -0.03629567474126815 0.01679336465895176
v 0.06062282994389534 -0.037865068763494485 0.017414603382349014
v 0.05950485169887543 -0.036397006362676614 0.01679336465895176
v 0.06171390786767006 -0.03928666934370994 0.01805018074810505
v 0.06185507774353027 -0.03916593268513679 0.01804715022444725
v 0.06225969269871712 -0.039990399032831185 0.01838708482682705
v 0.06225969269871712 -0.039990399032831185 0.01838708482682705
v 0.06185507774353027 -0.03916593268513679 0.01804715022444725
v 0.06241950765252113 -0.03989169001579284 0.018395880237221718
v 0.06225969269871712 -0.039990399032831185 0.01838708482682705
v 0.06241950765252113 -0.03989169001579284 0.018395880237221718
v 0.06227258965373039 -0.040006991475820534 0.01839543879032135
v 0.06297373026609421 -0.04059542715549468 0.01873640902340412
v 0.06282245367765427 -0.04071426391601562 0.018737060949206352
v 0.06241950765252113 -0.03989169001579284 0.018395880237221718
v 0.06241950765252113 -0.03989169001579284 0.018395880237221718
v 0.06282245367765427 -0.04071426391601562 0.018737060949206352
v 0.06227258965373039 -0.040006991475820534 0.01839543879032135
v -0.011745043098926544 -0.036812573671340935 0.007837127894163132
v -0.013902115635573864 -0.0338626280426979 0.029148181900382042
v -0.013377456925809383 -0.034654088318347924 0.007279454730451107
v -0.013377456925809383 -0.034654088318347924 0.007279454730451107
v -0.013902115635573864 -0.0338626280426979 0.029148181900382042
v -0.014088250696659088 -0.033566258847713464 0.029109835624694824
v -0.013377456925809383 -0.034654088318347924 0.007279454730451107
v -0.014088250696659088 -0.033566258847713464 0.029109835624694824
v -0.014088324271142483 -0.03356612473726272 0.007109716068953276
v -0.008380945771932602 -0.04021765291690826 0.009354464709758759
v -0.008380894549190998 -0.04021764546632766 0.03135434910655022
v -0.010575919412076473 -0.038130544126033776 0.00831778533756733
v -0.010575919412076473 -0.038130544126033776 0.00831778533756733
v -0.008380894549190998 -0.04021764546632766 0.03135434910655022
v -0.0105845145881176 -0.03811997175216674 0.030324509367346764
v -0.010575919412076473 -0.038130544126033776 0.00831778533756733
v -0.0105845145881176 -0.03811997175216674 0.030324509367346764
v -0.011745043098926544 -0.036812573671340935 0.007837127894163132
v -0.011745043098926544 -0.036812573671340935 0.007837127894163132
v -0.0105845145881176 -0.03811997175216674 0.030324509367346764
v -0.012405413202941418 -0.03599118068814277 0.029588783159852028
v -0.011745043098926544 -0.036812573671340935 0.007837127894163132
v -0.012405413202941418 -0.03599118068814277 0.029588783159852028
v -0.013902115635573864 -0.0338626280426979 0.029148181900382042
v 0.018280664458870888 -0.06286121159791945 0.025558535009622574
v 0.018280664458870888 -0.06286121159791945 0.04755872115492821
v 0.018239570781588554 -0.06282619386911391 0.025533564388751984
v 0.018239570781588554 -0.06282619386911391 0.025533564388751984
v 0.018280664458870888 -0.06286121159791945 0.04755872115492821
v 0.018239513039588928 -0.06282613426446913 0.04753350466489792
v 0.018239570781588554 -0.06282619386911391 0.025533564388751984
v 0.018239513039588928 -0.06282613426446913 0.04753350466489792
v 0.005127195734530687 -0.05169177055358886 0.017517361789941788
v -0.006920538377016783 -0.04146128520369529 0.03215210512280464
v -0.006920538377016783 -0.04146128520369529 0.03215210512280464
v -0.006934813689440489 -0.04144943878054618 0.010143338702619076
v -0.006934813689440489 -0.04144943878054618 0.010143338702619076
v -0.006920538377016783 -0.04146128520369529 0.03215210512280464
v -0.006934850011020899 -0.041449360549449914 0.03214360773563385
v -0.008380945771932602 -0.04021765291690826 0.009354464709758759
v -0.008343743160367012 -0.04024920240044593 0.009373330511152744
v -0.008380894549190998 -0.04021764546632766 0.03135434910655022
v -0.008380894549190998 -0.04021764546632766 0.03135434910655022
v -0.008343743160367012 -0.04024920240044593 0.009373330511152744
v -0.007651634979993105 -0.04083940386772155 0.009728007018566132
v -0.008380894549190998 -0.04021764546632766 0.03135434910655022
v -0.007651634979993105 -0.04083940386772155 0.009728007018566132
v -0.008332033641636372 -0.040259532630443566 0.03137829154729843
v -0.008332033641636372 -0.040259532630443566 0.03137829154729843
v -0.007651634979993105 -0.04083940386772155 0.009728007018566132
v -0.006934813689440489 -0.04144943878054618 0.010143338702619076
v -0.008332033641636372 -0.040259532630443566 0.03137829154729843
v -0.006934813689440489 -0.04144943878054618 0.010143338702619076
v -0.006934850011020899 -0.041449360549449914 0.03214360773563385
v 0.028285322710871696 -0.07819335907697676 0.03635715693235397
v 0.028247330337762833 -0.0780489295721054 0.03701571375131607
v 0.027924593538045883 -0.0769362300634384 0.036141276359558105
v 0.02771160379052162 -0.0771917477250099 0.028766555711627007
v 0.02684125117957592 -0.07408344000577925 0.03384929895401001
v 0.02666466124355793 -0.0736977532505989 0.033532146364450455
v 0.02771160379052162 -0.0771917477250099 0.028766555711627007
v 0.02666466124355793 -0.0736977532505989 0.033532146364450455
v 0.02670431323349476 -0.07513138651847838 0.02706715650856495
v 0.02670431323349476 -0.07513138651847838 0.02706715650856495
v 0.02666466124355793 -0.0736977532505989 0.033532146364450455
v 0.025211596861481667 -0.0709824040532112 0.031368326395750046
v 0.02670431323349476 -0.07513138651847838 0.02706715650856495
v 0.025211596861481667 -0.0709824040532112 0.031368326395750046
v 0.02576969936490059 -0.07354521751403807 0.02572808973491192
v 0.028285322710871696 -0.07819335907697676 0.03635715693235397
v 0.027924593538045883 -0.0769362300634384 0.036141276359558105
v 0.028297193348407745 -0.07823901623487471 0.036164164543151855
v 0.029042601585388184 -0.08104052394628523 0.031834546476602554
v 0.028383400291204453 -0.0785662457346916 0.03641980513930321
v 0.028056906536221504 -0.07802217453718184 0.029439762234687805
v 0.028056906536221504 -0.07802217453718184 0.029439762234687805
v 0.028383400291204453 -0.0785662457346916 0.03641980513930321
v 0.028297193348407745 -0.07823901623487471 0.036164164543151855
v 0.028056906536221504 -0.07802217453718184 0.029439762234687805
v 0.028297193348407745 -0.07823901623487471 0.036164164543151855
v 0.02771160379052162 -0.0771917477250099 0.028766555711627007
v 0.02771160379052162 -0.0771917477250099 0.028766555711627007
v 0.028297193348407745 -0.07823901623487471 0.036164164543151855
v 0.027924593538045883 -0.0769362300634384 0.036141276359558105
v 0.02771160379052162 -0.0771917477250099 0.028766555711627007
v 0.027924593538045883 -0.0769362300634384 0.036141276359558105
v 0.02684125117957592 -0.07408344000577925 0.03384929895401001
v 0.025211596861481667 -0.0709824040532112 0.031368326395750046
v 0.024773377925157547 -0.07027896493673323 0.030830418691039085
v 0.02576969936490059 -0.07354521751403807 0.02572808973491192
v 0.02576969936490059 -0.07354521751403807 0.02572808973491192
v 0.024773377925157547 -0.07027896493673323 0.030830418691039085
v 0.024607449769973755 -0.07002305984497069 0.030637245625257492
v 0.02576969936490059 -0.07354521751403807 0.02572808973491192
v 0.024607449769973755 -0.07002305984497069 0.030637245625257492
v 0.02444138191640377 -0.07153818011283873 0.024410506710410118
v 0.02444138191640377 -0.07153818011283873 0.024410506710410118
v 0.024607449769973755 -0.07002305984497069 0.030637245625257492
v 0.022921381518244743 -0.06768148392438887 0.028936095535755157
v 0.02444138191640377 -0.07153818011283873 0.024410506710410118
v 0.022921381518244743 -0.06768148392438887 0.028936095535755157
v 0.023093629628419876 -0.06979554146528243 0.023232994601130486
v 0.02167879231274128 -0.06619159877300261 0.027905208989977837
v 0.020497698336839676 -0.06492401659488677 0.027026508003473282
v 0.01912662200629711 -0.06465820968151091 0.023289987817406654
v 0.01912662200629711 -0.06465820968151091 0.023289987817406654
v 0.020497698336839676 -0.06492401659488677 0.027026508003473282
v 0.018280664458870888 -0.06286121159791945 0.025558535009622574
v 0.01912662200629711 -0.06465820968151091 0.023289987817406654
v 0.018280664458870888 -0.06286121159791945 0.025558535009622574
v 0.018239570781588554 -0.06282619386911391 0.025533564388751984
v 0.022921381518244743 -0.06768148392438887 0.028936095535755157
v 0.022697659209370613 -0.06740007549524306 0.02874022349715233
v 0.023093629628419876 -0.06979554146528243 0.023232994601130486
v 0.023093629628419876 -0.06979554146528243 0.023232994601130486
v 0.022697659209370613 -0.06740007549524306 0.02874022349715233
v 0.02167879231274128 -0.06619159877300261 0.027905208989977837
v 0.023093629628419876 -0.06979554146528243 0.023232994601130486
v 0.02167879231274128 -0.06619159877300261 0.027905208989977837
v 0.022272681817412376 -0.06884510070085524 0.022578109055757523
v 0.022272681817412376 -0.06884510070085524 0.022578109055757523
v 0.02167879231274128 -0.06619159877300261 0.027905208989977837
v 0.01912662200629711 -0.06465820968151091 0.023289987817406654
v 0.022272681817412376 -0.06884510070085524 0.022578109055757523
v 0.01912662200629711 -0.06465820968151091 0.023289987817406654
v 0.020005756989121437 -0.06655479967594145 0.02096746675670147
v 0.03927018493413925 -0.009556340985000132 0.006568678189069033
v 0.039273135364055634 -0.009554060176014898 0.029568644240498543
v 0.03939232602715492 -0.009724920615553854 0.006586711388081312
v 0.03939232602715492 -0.009724920615553854 0.006586711388081312
v 0.039273135364055634 -0.009554060176014898 0.029568644240498543
v 0.03942077234387398 -0.009747995994985102 0.029637852683663368
v 0.03939232602715492 -0.009724920615553854 0.006586711388081312
v 0.03942077234387398 -0.009747995994985102 0.029637852683663368
v 0.039491161704063416 -0.009848015382885931 0.006675155367702246
v 0.039491161704063416 -0.009848015382885931 0.006675155367702246
v 0.03942077234387398 -0.009747995994985102 0.029637852683663368
v 0.03949484974145889 -0.009845304302871226 0.029675116762518883
v 0.0387641079723835 -0.010162694379687308 0.02961716614663601
v 0.03942077234387398 -0.009747995994985102 0.029637852683663368
v 0.039273135364055634 -0.009554060176014898 0.029568644240498543
v 0.037757791578769684 -0.010865347459912298 0.029601749032735825
v 0.0387641079723835 -0.010162694379687308 0.02961716614663601
v 0.037681687623262405 -0.010765373706817625 0.02956862561404705
v 0.037681687623262405 -0.010765373706817625 0.02956862561404705
v 0.0387641079723835 -0.010162694379687308 0.02961716614663601
v 0.039273135364055634 -0.009554060176014898 0.029568644240498543
v 0.037681687623262405 -0.010765373706817625 0.02956862561404705
v 0.039273135364055634 -0.009554060176014898 0.029568644240498543
v 0.036306675523519516 -0.008806134574115275 0.029130946844816208
v 0.036306675523519516 -0.008806134574115275 0.029130946844816208
v 0.039273135364055634 -0.009554060176014898 0.029568644240498543
v 0.03721149265766144 -0.00645219488069415 0.029014727100729942
v 0.036306675523519516 -0.008806134574115275 0.029130946844816208
v 0.03721149265766144 -0.00645219488069415 0.029014727100729942
v 0.03562157228589058 -0.007695987354964017 0.029025763273239136
v 0.03562157228589058 -0.007695987354964017 0.029025763273239136
v 0.03721149265766144 -0.00645219488069415 0.029014727100729942
v 0.03547942265868187 -0.007452202960848807 0.029014764353632927
v -0.013040969148278236 -0.02938326261937618 0.028999999165534973
v -0.013873184099793434 -0.030094338580965992 0.028999999165534973
v -0.013427337631583214 -0.030743170529603955 0.028999999165534973
v -0.014467799104750156 -0.03132280707359313 0.028999999165534973
v -0.013427337631583214 -0.030743170529603955 0.028999999165534973
v -0.014467799104750156 -0.03132280707359313 0.028999999165534973
v -0.014473129995167255 -0.03134696185588836 0.029000001028180122
v -0.0128614641726017 -0.031723573803901665 0.028999999165534973
v -0.010592414066195488 -0.03506090864539146 0.028999999165534973
v -0.010904711671173573 -0.03450382873415946 0.028999999165534973
v -0.011014504358172417 -0.03359514474868774 0.028999999165534973
v -0.0107079753652215 -0.03273270279169082 0.028999999165534973
v -0.010049324482679367 -0.03209713473916053 0.028999999165534973
v -0.01279587671160698 -0.0292564146220684 0.028999999165534973
v 0.03460903465747833 -0.006841745227575301 0.028999999165534973
v 0.03545305132865906 -0.003721575485542416 0.028999999165534973
v 0.034152913838624954 -0.006727557629346847 0.028999999165534973
v 0.03428313508629799 -0.0030856523662805553 0.028999999165534973
v 0.03374191001057625 -0.006717498879879712 0.028999999165534973
v 0.03295323997735977 -0.003018702613189816 0.028999999165534973
v 0.033130280673503876 -0.00686477543786168 0.028999999165534973
v 0.02958715707063675 -0.009252033196389673 0.028999999165534973
v 0.03196149691939354 -0.008213577792048453 0.028999999165534973
v 0.030517779290676117 -0.005446578375995158 0.028999999165534973
v 0.032312143594026566 -0.007493462413549422 0.028999999165534973
v 0.030841434374451637 -0.0045297848992049685 0.028999999165534973
v 0.03289855644106865 -0.006979318801313638 0.028999999165534973
v 0.03172536939382553 -0.003533914219588041 0.028999999165534973
v 0.03197111189365387 -0.0033755900803953405 0.028999999165534973
v 0.03460903465747833 -0.006841745227575301 0.028999999165534973
v 0.03480891138315201 -0.006930568255484103 0.02900027111172676
v 0.03545305132865906 -0.003721575485542416 0.028999999165534973
v 0.03545305132865906 -0.003721575485542416 0.028999999165534973
v 0.03480891138315201 -0.006930568255484103 0.02900027111172676
v 0.03508593887090683 -0.0067706266418099395 0.029000254347920418
v 0.03545305132865906 -0.003721575485542416 0.028999999165534973
v 0.03508593887090683 -0.0067706266418099395 0.029000254347920418
v 0.03606918826699257 -0.004473665729165076 0.028999999165534973
v 0.03606918826699257 -0.004473665729165076 0.028999999165534973
v 0.03508593887090683 -0.0067706266418099395 0.029000254347920418
v 0.03681798651814461 -0.005770627409219741 0.029000258073210716
v -0.011458843015134335 -0.02898246236145496 0.028999999165534973
v -0.010026729665696621 -0.0320838950574398 0.028999999165534973
v -0.010522647760808468 -0.029159456491470333 0.028999999165534973
v -0.009176499210298061 -0.03182156011462211 0.028999999165534973
v -0.007076915819197893 -0.030181406065821644 0.028999999165534973
v -0.00851091742515564 -0.03188360482454299 0.028999999165534973
v -0.0005056562949903309 -0.03099587559700012 0.028999999165534973
v -0.00403551384806633 -0.03275232389569282 0.028999999165534973
v 0.006088672671467066 -0.030396185815334317 0.028999999165534973
v 0.003119447035714984 -0.03285223245620727 0.028999999165534973
v 0.012405211105942726 -0.028409693390130993 0.028999999165534973
v 0.010127736255526543 -0.03140746802091598 0.028999999165534973
v 0.01549999974668026 -0.02684678696095943 0.028999999165534973
v 0.016499999910593033 -0.028578838333487507 0.028999999165534973
v 0.018155774101614952 -0.025127036496996876 0.028999999165534973
v 0.016659829765558243 -0.028485961258411404 0.028999999165534973
v 0.023077992722392082 -0.020697975531220433 0.028999999165534973
v 0.02240860089659691 -0.024225082248449322 0.028999999165534973
v 0.026947300881147385 -0.01532459072768688 0.028999999165534973
v 0.027103744447231293 -0.01882516965270042 0.028999999165534973
v 0.03052450530230999 -0.012540119700133799 0.028999999165534973
v -0.010522686876356602 -0.029159458354115483 0.007101043127477169
v -0.010522997938096523 -0.02915934473276138 0.007000000216066837
v -0.011052303947508335 -0.02902143262326717 0.007103540003299713
v -0.011052303947508335 -0.02902143262326717 0.007103540003299713
v -0.010522997938096523 -0.02915934473276138 0.007000000216066837
v -0.011459184810519218 -0.028982328251004216 0.007000000216066837
v -0.011052303947508335 -0.02902143262326717 0.007103540003299713
v -0.011459184810519218 -0.028982328251004216 0.007000000216066837
v -0.01212927047163248 -0.029039615765213963 0.007108152844011784
v -0.01212927047163248 -0.029039615765213963 0.007108152844011784
v -0.011459184810519218 -0.028982328251004216 0.007000000216066837
v -0.012796222232282162 -0.029256219044327732 0.007000000216066837
v -0.01212927047163248 -0.029039615765213963 0.007108152844011784
v -0.012796222232282162 -0.029256219044327732 0.007000000216066837
v -0.01304095983505249 -0.029383275657892224 0.007111550308763981
v -0.01304095983505249 -0.029383275657892224 0.007111550308763981
v -0.012796222232282162 -0.029256219044327732 0.007000000216066837
v -0.01343911699950695 -0.0296582318842411 0.007112848572432995
v -0.01343911699950695 -0.0296582318842411 0.007112848572432995
v -0.012796222232282162 -0.029256219044327732 0.007000000216066837
v -0.013873557560145855 -0.0300940778106451 0.007000000216066837
v -0.01343911699950695 -0.0296582318842411 0.007112848572432995
v -0.013873557560145855 -0.0300940778106451 0.007000000216066837
v -0.013873067684471607 -0.030094252899289128 0.007114055100828409
v -0.013873067684471607 -0.030094252899289128 0.007114055100828409
v -0.013873557560145855 -0.0300940778106451 0.007000000216066837
v -0.014137587510049343 -0.030478896573185917 0.007114609237760305
v -0.014137587510049343 -0.030478896573185917 0.007114609237760305
v -0.013873557560145855 -0.0300940778106451 0.007000000216066837
v -0.014468221925199032 -0.03132250159978866 0.007000000216066837
v -0.014137587510049343 -0.030478896573185917 0.007114609237760305
v -0.014468221925199032 -0.03132250159978866 0.007000000216066837
v -0.014499399811029434 -0.03148389980196952 0.007114638574421406
v -0.014499399811029434 -0.03148389980196952 0.007114638574421406
v -0.014468221925199032 -0.03132250159978866 0.007000000216066837
v -0.014457140117883682 -0.03268724679946899 0.007000000216066837
v -0.014499399811029434 -0.03148389980196952 0.007114638574421406
v -0.014457140117883682 -0.03268724679946899 0.007000000216066837
v -0.014484146609902382 -0.032562278211116784 0.007112936582416296
v -0.014484146609902382 -0.032562278211116784 0.007112936582416296
v -0.014457140117883682 -0.03268724679946899 0.007000000216066837
v -0.014089659787714481 -0.033564362674951546 0.007000000216066837
v -0.014484146609902382 -0.032562278211116784 0.007112936582416296
v -0.014089659787714481 -0.033564362674951546 0.007000000216066837
v -0.014088324271142483 -0.03356612473726272 0.007109716068953276
v 0.022525398060679436 -0.02129803970456123 0.010609307326376438
v 0.023122791200876236 -0.02064791694283485 0.010968911461532116
v 0.023077992722392082 -0.020697975531220433 0.007000000216066837
v -0.010522686876356602 -0.029159458354115483 0.007101043127477169
v -0.010522647760808468 -0.029159456491470333 0.028999999165534973
v -0.007076915819197893 -0.030181406065821644 0.028999999165534973
v 0.02395857870578766 -0.019671972841024395 0.012249999679625034
v 0.024179499596357346 -0.019399788230657574 0.013090504333376884
v 0.026947300881147385 -0.01532459072768688 0.007000000216066837
v 0.023077992722392082 -0.020697975531220433 0.007000000216066837
v 0.023122791200876236 -0.02064791694283485 0.010968911461532116
v 0.026947300881147385 -0.01532459072768688 0.007000000216066837
v 0.026947300881147385 -0.01532459072768688 0.007000000216066837
v 0.023122791200876236 -0.02064791694283485 0.010968911461532116
v 0.02360059693455696 -0.020100044086575505 0.011525517329573631
v 0.026947300881147385 -0.01532459072768688 0.007000000216066837
v 0.02360059693455696 -0.020100044086575505 0.011525517329573631
v 0.02395857870578766 -0.019671972841024395 0.012249999679625034
v 0.024255024269223213 -0.019305277615785595 0.014000000432133675
v 0.0241802167147398 -0.019398894160985943 0.014905255287885666
v 0.026947300881147385 -0.01532459072768688 0.028999999165534973
v 0.023077992722392082 -0.020697975531220433 0.017068836838006973
v 0.023077992722392082 -0.020697975531220433 0.028999999165534973
v 0.02360009215772152 -0.02010063827037811 0.016475260257720947
v 0.02360009215772152 -0.02010063827037811 0.016475260257720947
v 0.023077992722392082 -0.020697975531220433 0.028999999165534973
v 0.026947300881147385 -0.01532459072768688 0.028999999165534973
v 0.02360009215772152 -0.02010063827037811 0.016475260257720947
v 0.026947300881147385 -0.01532459072768688 0.028999999165534973
v 0.02395857870578766 -0.019671972841024395 0.01575000025331974
v 0.02395857870578766 -0.019671972841024395 0.01575000025331974
v 0.026947300881147385 -0.01532459072768688 0.028999999165534973
v 0.0241802167147398 -0.019398894160985943 0.014905255287885666
v 0.020647916942834854 -0.023122791200876232 0.01703108847141266
v 0.02010028250515461 -0.02360039576888084 0.01647479459643364
v 0.018155774101614952 -0.025127036496996876 0.028999999165534973
v 0.018155774101614952 -0.025127036496996876 0.028999999165534973
v 0.02010028250515461 -0.02360039576888084 0.01647479459643364
v 0.0196719728410244 -0.023958578705787655 0.01575000025331974
v 0.018155774101614952 -0.025127036496996876 0.028999999165534973
v 0.0196719728410244 -0.023958578705787655 0.01575000025331974
v 0.0193991269916296 -0.024180030450224873 0.014906351454555988
v 0.023077992722392082 -0.020697975531220433 0.017068836838006973
v 0.022526664659380913 -0.021296700462698933 0.017390219494700432
v 0.023077992722392082 -0.020697975531220433 0.028999999165534973
v 0.023077992722392082 -0.020697975531220433 0.028999999165534973
v 0.022526664659380913 -0.021296700462698933 0.017390219494700432
v 0.021920310333371162 -0.02192031033337116 0.017500000074505806
v 0.023077992722392082 -0.020697975531220433 0.028999999165534973
v 0.021920310333371162 -0.02192031033337116 0.017500000074505806
v 0.018155774101614952 -0.025127036496996876 0.028999999165534973
v 0.018155774101614952 -0.025127036496996876 0.028999999165534973
v 0.021920310333371162 -0.02192031033337116 0.017500000074505806
v 0.02127007395029068 -0.02255180478096008 0.017380619421601295
v 0.018155774101614952 -0.025127036496996876 0.028999999165534973
v 0.02127007395029068 -0.02255180478096008 0.017380619421601295
v 0.020647916942834854 -0.023122791200876232 0.01703108847141266
v 0.0193052776157856 -0.02425502613186836 0.014000000432133675
v 0.01939924992620945 -0.024179931730031964 0.013093056157231331
v 0.018155774101614952 -0.025127036496996876 0.007000000216066837
v 0.018155774101614952 -0.025127036496996876 0.007000000216066837
v 0.01939924992620945 -0.024179931730031964 0.013093056157231331
v 0.0196719728410244 -0.023958578705787655 0.012249999679625034
v 0.018155774101614952 -0.025127036496996876 0.007000000216066837
v 0.0196719728410244 -0.023958578705787655 0.012249999679625034
v 0.020100055262446404 -0.02360058948397636 0.011525504291057587
v 0.020100055262446404 -0.02360058948397636 0.011525504291057587
v 0.020647916942834854 -0.023122791200876232 0.010968911461532116
v 0.018155774101614952 -0.025127036496996876 0.007000000216066837
v 0.018155774101614952 -0.025127036496996876 0.007000000216066837
v 0.020647916942834854 -0.023122791200876232 0.010968911461532116
v 0.021270867437124252 -0.022551057860255238 0.010619089938700199
v 0.018155774101614952 -0.025127036496996876 0.007000000216066837
v 0.021270867437124252 -0.022551057860255238 0.010619089938700199
v 0.023077992722392082 -0.020697975531220433 0.007000000216066837
v 0.023077992722392082 -0.020697975531220433 0.007000000216066837
v 0.021270867437124252 -0.022551057860255238 0.010619089938700199
v 0.021920310333371162 -0.02192031033337116 0.010499999858438969
v 0.023077992722392082 -0.020697975531220433 0.007000000216066837
v 0.021920310333371162 -0.02192031033337116 0.010499999858438969
v 0.022525398060679436 -0.02129803970456123 0.010609307326376438
v 0.030517779290676117 -0.005446578375995158 0.028999999165534973
v 0.030517779290676117 -0.005446578375995158 0.007000000216066837
v 0.02958715707063675 -0.009252033196389673 0.028999999165534973
v 0.02958715707063675 -0.009252033196389673 0.007000000216066837
v 0.02958715707063675 -0.009252033196389673 0.028999999165534973
v 0.02958715707063675 -0.009252033196389673 0.007000000216066837
v 0.026947300881147385 -0.01532459072768688 0.028999999165534973
v 0.026947300881147385 -0.01532459072768688 0.007000000216066837
v 0.026947300881147385 -0.01532459072768688 0.028999999165534973
v 0.026947300881147385 -0.01532459072768688 0.007000000216066837
v 0.024255024269223213 -0.019305277615785595 0.014000000432133675
v 0.024255024269223213 -0.019305277615785595 0.014000000432133675
v 0.026947300881147385 -0.01532459072768688 0.007000000216066837
v 0.024179499596357346 -0.019399788230657574 0.013090504333376884
v 0.0193991269916296 -0.024180030450224873 0.014906351454555988
v 0.0193052776157856 -0.02425502613186836 0.014000000432133675
v 0.018155774101614952 -0.025127036496996876 0.028999999165534973
v 0.018155774101614952 -0.025127036496996876 0.028999999165534973
v 0.0193052776157856 -0.02425502613186836 0.014000000432133675
v 0.018155774101614952 -0.025127036496996876 0.007000000216066837
v 0.018155774101614952 -0.025127036496996876 0.028999999165534973
v 0.018155774101614952 -0.025127036496996876 0.007000000216066837
v 0.01549999974668026 -0.02684678696095943 0.028999999165534973
v 0.01549999974668026 -0.02684678696095943 0.028999999165534973
v 0.018155774101614952 -0.025127036496996876 0.007000000216066837
v 0.012405211105942726 -0.028409693390130993 0.007000000216066837
v 0.01549999974668026 -0.02684678696095943 0.028999999165534973
v 0.012405211105942726 -0.028409693390130993 0.007000000216066837
v 0.012405211105942726 -0.028409693390130993 0.028999999165534973
v 0.012405211105942726 -0.028409693390130993 0.028999999165534973
v 0.012405211105942726 -0.028409693390130993 0.007000000216066837
v 0.009479174390435219 -0.029515169560909268 0.007000000216066837
v 0.012405211105942726 -0.028409693390130993 0.028999999165534973
v 0.009479174390435219 -0.029515169560909268 0.007000000216066837
v 0.006088672671467066 -0.030396185815334317 0.028999999165534973
v 0.006088672671467066 -0.030396185815334317 0.028999999165534973
v 0.009479174390435219 -0.029515169560909268 0.007000000216066837
v 0.006088672671467066 -0.030396185815334317 0.007000000216066837
v 0.006088672671467066 -0.030396185815334317 0.028999999165534973
v 0.006088672671467066 -0.030396185815334317 0.007000000216066837
v -0.0005056562949903309 -0.03099587559700012 0.028999999165534973
v -0.0005056562949903309 -0.03099587559700012 0.007000000216066837
v -0.0005056562949903309 -0.03099587559700012 0.028999999165534973
v -0.0005056562949903309 -0.03099587559700012 0.007000000216066837
v -0.007076915819197893 -0.030181406065821644 0.028999999165534973
v -0.007076915819197893 -0.030181406065821644 0.007000000216066837
v -0.007076915819197893 -0.030181406065821644 0.007000000216066837
v -0.010522686876356602 -0.029159458354115483 0.007101043127477169
v -0.007076915819197893 -0.030181406065821644 0.007000000216066837
v -0.010522997938096523 -0.02915934473276138 0.007000000216066837
v 0.069185771048069 -0.05269991606473922 0.02668939158320427
v 0.06921441107988358 -0.052809089422225945 0.0267627015709877
v 0.07004664093255997 -0.0559423342347145 0.02143743447959423
v 0.06385605782270432 -0.04291987791657447 0.016887791454792023
v 0.06321267038583755 -0.04121629148721694 0.018976252526044846
v 0.06388355791568756 -0.04210501909255981 0.019405854865908623
v 0.06388355791568756 -0.04210501909255981 0.019405854865908623
v 0.0639166310429573 -0.0421503260731697 0.019427930936217308
v 0.06385605782270432 -0.04291987791657447 0.016887791454792023
v 0.06385605782270432 -0.04291987791657447 0.016887791454792023
v 0.0639166310429573 -0.0421503260731697 0.019427930936217308
v 0.06401338428258896 -0.0422835424542427 0.019492683932185173
v 0.06385605782270432 -0.04291987791657447 0.016887791454792023
v 0.06401338428258896 -0.0422835424542427 0.019492683932185173
v 0.06449180841445923 -0.044647939503192895 0.014764764346182346
v 0.0656365230679512 -0.044710498303174966 0.020768025889992714
v 0.06647782772779465 -0.04770394042134284 0.01599084585905075
v 0.06401338428258896 -0.0422835424542427 0.019492683932185173
v 0.06401338428258896 -0.0422835424542427 0.019492683932185173
v 0.06647782772779465 -0.04770394042134284 0.01599084585905075
v 0.06451283395290375 -0.044677145779132836 0.014776559546589851
v 0.06401338428258896 -0.0422835424542427 0.019492683932185173
v 0.06451283395290375 -0.044677145779132836 0.014776559546589851
v 0.06449180841445923 -0.044647939503192895 0.014764764346182346
v 0.0656365230679512 -0.044710498303174966 0.020768025889992714
v 0.06585656106472015 -0.04507296904921531 0.020972810685634613
v 0.06647782772779465 -0.04770394042134284 0.01599084585905075
v 0.06647782772779465 -0.04770394042134284 0.01599084585905075
v 0.06585656106472015 -0.04507296904921531 0.020972810685634613
v 0.06587214767932892 -0.04509909823536872 0.02098751626908779
v 0.06647782772779465 -0.04770394042134284 0.01599084585905075
v 0.06587214767932892 -0.04509909823536872 0.02098751626908779
v 0.06802410632371902 -0.05064248293638229 0.017176037654280663
v 0.06587214767932892 -0.04509909823536872 0.02098751626908779
v 0.0670468732714653 -0.04724837094545364 0.022170506417751312
v 0.06802410632371902 -0.05064248293638229 0.017176037654280663
v 0.06802410632371902 -0.05064248293638229 0.017176037654280663
v 0.0670468732714653 -0.04724837094545364 0.022170506417751312
v 0.06760193407535553 -0.04839679226279258 0.022911909967660904
v 0.06802410632371902 -0.05064248293638229 0.017176037654280663
v 0.06760193407535553 -0.04839679226279258 0.022911909967660904
v 0.06929899007081985 -0.05355070531368255 0.01954634115099907
v 0.06929899007081985 -0.05355070531368255 0.01954634115099907
v 0.06760193407535553 -0.04839679226279258 0.022911909967660904
v 0.06814661622047424 -0.049665465950965874 0.02371169999241829
v 0.06929899007081985 -0.05355070531368255 0.01954634115099907
v 0.06814661622047424 -0.049665465950965874 0.02371169999241829
v 0.07004664093255997 -0.0559423342347145 0.02143743447959423
v 0.07004664093255997 -0.0559423342347145 0.02143743447959423
v 0.06814661622047424 -0.049665465950965874 0.02371169999241829
v 0.06917650252580643 -0.05267742276191711 0.025673573836684227
v 0.07004664093255997 -0.0559423342347145 0.02143743447959423
v 0.06917650252580643 -0.05267742276191711 0.025673573836684227
v 0.06921389698982239 -0.05280932039022445 0.02576274797320366
v 0.06917773932218552 -0.05266961455345153 0.026669712737202644
v 0.069185771048069 -0.05269991606473922 0.02668939158320427
v 0.06921441107988358 -0.052809089422225945 0.026095593348145485
v 0.06921441107988358 -0.052809089422225945 0.026095593348145485
v 0.069185771048069 -0.05269991606473922 0.02668939158320427
v 0.07004664093255997 -0.0559423342347145 0.02143743447959423
v 0.06921441107988358 -0.052809089422225945 0.026095593348145485
v 0.07004664093255997 -0.0559423342347145 0.02143743447959423
v 0.06923505663871765 -0.05288842320442199 0.025805378332734108
v 0.06923505663871765 -0.05288842320442199 0.025805378332734108
v 0.07004664093255997 -0.0559423342347145 0.02143743447959423
v 0.06921389698982239 -0.05280932039022445 0.02576274797320366
v 0.05062028393149376 -0.04568910598754882 0.01367929857224226
v 0.05041525512933731 -0.045564070343971246 0.013305059634149075
v 0.050910770893096924 -0.04596102610230445 0.014000000432133675
v 0.050910770893096924 -0.04596102610230445 0.014000000432133675
v 0.05041525512933731 -0.045564070343971246 0.013305059634149075
v 0.051633745431900024 -0.046683996915817254 0.0139999995008111
v 0.050910770893096924 -0.04596102610230445 0.014000000432133675
v 0.051633745431900024 -0.046683996915817254 0.0139999995008111
v 0.05176715552806854 -0.046900715678930276 0.014640416949987411
v 0.05176715552806854 -0.046900715678930276 0.014640416949987411
v 0.051633745431900024 -0.046683996915817254 0.0139999995008111
v 0.05269910395145416 -0.04784310981631278 0.01467798836529255
v 0.05176715552806854 -0.046900715678930276 0.014640416949987411
v 0.05269910395145416 -0.04784310981631278 0.01467798836529255
v 0.0533648245036602 -0.048841007053852074 0.01542152464389801
v 0.0533648245036602 -0.048841007053852074 0.01542152464389801
v 0.05269910395145416 -0.04784310981631278 0.01467798836529255
v 0.053971704095602036 -0.049608014523982995 0.015651993453502655
v 0.04021443426609039 -0.03403912112116813 0.006409972440451384
v 0.05041525512933731 -0.045564070343971246 0.013305059634149075
v 0.05062028393149376 -0.04568910598754882 0.01367929857224226
v 0.03920498862862587 -0.030227884650230404 0.011629069223999977
v 0.04021443426609039 -0.03403912112116813 0.006409972440451384
v 0.044998958706855774 -0.036850333213806145 0.015376681461930275
v 0.05062028393149376 -0.04568910598754882 0.01367929857224226
v 0.050958745181560516 -0.043678373098373406 0.019196048378944397
v 0.050910770893096924 -0.04596102610230445 0.014000000432133675
v 0.050958745181560516 -0.043678373098373406 0.019196048378944397
v 0.050910770893096924 -0.04596102610230445 0.014000000432133675
v 0.0510389618575573 -0.04377039894461631 0.01924717426300049
v 0.0510389618575573 -0.04377039894461631 0.01924717426300049
v 0.05176715552806854 -0.046900715678930276 0.014640416949987411
v 0.05332536995410919 -0.0463702268898487 0.020755918696522713
v 0.0533648245036602 -0.048841007053852074 0.01542152464389801
v 0.05396900326013565 -0.04709396511316299 0.021198583766818047
v 0.053971704095602036 -0.049608014523982995 0.015651993453502655
v 0.055390045046806335 -0.04867922887206077 0.0222038384526968
v 0.0563565194606781 -0.05232821032404899 0.017206935212016106
v 0.029980231076478958 -0.04014017060399055 0.005914772395044565
v 0.029858406633138657 -0.03924228996038436 0.005459963344037533
v 0.029016228392720222 -0.03650053590536117 0.010898873209953308
v 0.029016228392720222 -0.03650053590536117 0.010898873209953308
v 0.029858406633138657 -0.03924228996038436 0.005459963344037533
v 0.02986568585038185 -0.03863273561000823 0.005180752370506525
v 0.029016228392720222 -0.03650053590536117 0.010898873209953308
v 0.02986568585038185 -0.03863273561000823 0.005180752370506525
v 0.028886765241622925 -0.03509924933314323 0.010260893031954765
v 0.028886765241622925 -0.03509924933314323 0.010260893031954765
v 0.02986568585038185 -0.03863273561000823 0.005180752370506525
v 0.030122872442007065 -0.037282086908817284 0.004647178575396538
v 0.028886765241622925 -0.03509924933314323 0.010260893031954765
v 0.030122872442007065 -0.037282086908817284 0.004647178575396538
v 0.029070492833852768 -0.03384194150567054 0.00979712326079607
v 0.029070492833852768 -0.03384194150567054 0.00979712326079607
v 0.030122872442007065 -0.037282086908817284 0.004647178575396538
v 0.030342373996973038 -0.03668564930558204 0.004450870677828789
v 0.029070492833852768 -0.03384194150567054 0.00979712326079607
v 0.030342373996973038 -0.03668564930558204 0.004450870677828789
v 0.029601750895380974 -0.03243869543075561 0.009406967088580132
v 0.029601750895380974 -0.03243869543075561 0.009406967088580132
v 0.030342373996973038 -0.03668564930558204 0.004450870677828789
v 0.031050503253936768 -0.03541420772671699 0.004124893806874752
v 0.029601750895380974 -0.03243869543075561 0.009406967088580132
v 0.031050503253936768 -0.03541420772671699 0.004124893806874752
v 0.029983535408973694 -0.03177818655967712 0.009276271797716618
v 0.029983535408973694 -0.03177818655967712 0.009276271797716618
v 0.031050503253936768 -0.03541420772671699 0.004124893806874752
v 0.03144897148013115 -0.03489712625741958 0.004035106394439936
v 0.029983535408973694 -0.03177818655967712 0.009276271797716618
v 0.03144897148013115 -0.03489712625741958 0.004035106394439936
v 0.03045969270169735 -0.031125536188483235 0.009186827577650547
v 0.03045969270169735 -0.031125536188483235 0.009186827577650547
v 0.03144897148013115 -0.03489712625741958 0.004035106394439936
v 0.032524123787879944 -0.033857796341180794 0.003958584275096655
v 0.03045969270169735 -0.031125536188483235 0.009186827577650547
v 0.032524123787879944 -0.033857796341180794 0.003958584275096655
v 0.031519509851932526 -0.03006482124328613 0.009152698330581188
v 0.031519509851932526 -0.03006482124328613 0.009152698330581188
v 0.032524123787879944 -0.033857796341180794 0.003958584275096655
v 0.033099882304668427 -0.033447917550802224 0.003983939997851849
v 0.031519509851932526 -0.03006482124328613 0.009152698330581188
v 0.033099882304668427 -0.033447917550802224 0.003983939997851849
v 0.03209194913506508 -0.029642412438988682 0.009195197373628616
v 0.033099882304668427 -0.033447917550802224 0.003983939997851849
v 0.03351174294948578 -0.03320323303341865 0.0040230886079370975
v 0.03209194913506508 -0.029642412438988682 0.009195197373628616
v 0.03209194913506508 -0.029642412438988682 0.009195197373628616
v 0.03351174294948578 -0.03320323303341865 0.0040230886079370975
v 0.03395066782832146 -0.032982155680656426 0.004081421997398138
v 0.03209194913506508 -0.029642412438988682 0.009195197373628616
v 0.03395066782832146 -0.032982155680656426 0.004081421997398138
v 0.03345640376210213 -0.028941707685589787 0.009411386214196682
v 0.03395066782832146 -0.032982155680656426 0.004081421997398138
v 0.03530626371502876 -0.03253082931041717 0.0043532513082027435
v 0.03345640376210213 -0.028941707685589787 0.009411386214196682
v 0.03345640376210213 -0.028941707685589787 0.009411386214196682
v 0.03530626371502876 -0.03253082931041717 0.0043532513082027435
v 0.0357680544257164 -0.03245216235518455 0.004473862703889608
v 0.03345640376210213 -0.028941707685589787 0.009411386214196682
v 0.0357680544257164 -0.03245216235518455 0.004473862703889608
v 0.03488028049468994 -0.028597267344594 0.00976866576820612
v 0.03488028049468994 -0.028597267344594 0.00976866576820612
v 0.0357680544257164 -0.03245216235518455 0.004473862703889608
v 0.035966407507658005 -0.032429885119199746 0.004529746249318123
v 0.03488028049468994 -0.028597267344594 0.00976866576820612
v 0.035966407507658005 -0.032429885119199746 0.004529746249318123
v 0.03629769757390022 -0.028624685481190678 0.010236242786049843
v 0.04021443426609039 -0.03403912112116813 0.006409972440451384
v 0.03920498862862587 -0.030227884650230404 0.011629069223999977
v 0.039235904812812805 -0.033197112381458276 0.005824623629450798
v 0.039235904812812805 -0.033197112381458276 0.005824623629450798
v 0.03920498862862587 -0.030227884650230404 0.011629069223999977
v 0.03875220939517021 -0.02977317944169044 0.011353595182299614
v 0.039235904812812805 -0.033197112381458276 0.005824623629450798
v 0.03875220939517021 -0.02977317944169044 0.011353595182299614
v 0.03883110731840134 -0.032961476594209664 0.005619237665086985
v 0.03883110731840134 -0.032961476594209664 0.005619237665086985
v 0.03875220939517021 -0.02977317944169044 0.011353595182299614
v 0.03761093318462372 -0.029025826603174206 0.010774681344628334
v 0.03883110731840134 -0.032961476594209664 0.005619237665086985
v 0.03761093318462372 -0.029025826603174206 0.010774681344628334
v 0.03760566562414169 -0.03252175077795982 0.005084637552499771
v 0.03760566562414169 -0.03252175077795982 0.005084637552499771
v 0.03761093318462372 -0.029025826603174206 0.010774681344628334
v 0.03629769757390022 -0.028624685481190678 0.010236242786049843
v 0.03760566562414169 -0.03252175077795982 0.005084637552499771
v 0.03629769757390022 -0.028624685481190678 0.010236242786049843
v 0.037121452391147614 -0.032441198825836175 0.004903152119368315
v 0.037121452391147614 -0.032441198825836175 0.004903152119368315
v 0.03629769757390022 -0.028624685481190678 0.010236242786049843
v 0.035966407507658005 -0.032429885119199746 0.004529746249318123
v 0.03371337056159973 -0.05701709538698196 0.02331875078380108
v 0.03425944223999977 -0.05941925197839736 0.024986600503325462
v 0.03518170118331909 -0.0629012957215309 0.020218295976519585
v 0.029980231076478958 -0.04014017060399055 0.005914772395044565
v 0.029016228392720222 -0.03650053590536117 0.010898873209953308
v 0.031531207263469696 -0.04689348861575126 0.009736396372318268
v 0.030548959970474243 -0.043158631771802895 0.014467539265751839
v 0.032631535083055496 -0.051703941076993935 0.012703191488981247
v 0.031981077045202255 -0.04941307008266448 0.018242578953504562
v 0.033770132809877396 -0.056697074323892586 0.015975961461663246
v 0.03450492396950722 -0.05992558225989341 0.01816992275416851
v 0.03596130758523941 -0.06598822772502898 0.029702018946409225
v 0.036887478083372116 -0.06948503851890563 0.024913493543863297
v 0.035006120800971985 -0.062315560877323144 0.02700924687087536
v 0.036439523100852966 -0.06776195764541625 0.02356857806444168
v 0.035282839089632034 -0.06331624835729598 0.020505348220467567
v 0.03436024487018585 -0.05983294546604156 0.025275371968746185
v 0.026930464431643486 -0.07291606068611144 0.025493158027529716
v 0.02576969936490059 -0.07354521751403807 0.02572808973491192
v 0.02444138191640377 -0.07153818011283873 0.024410506710410118
v 0.02444138191640377 -0.07153818011283873 0.024410506710410118
v 0.023093629628419876 -0.06979554146528243 0.023232994601130486
v 0.026930464431643486 -0.07291606068611144 0.025493158027529716
v 0.026930464431643486 -0.07291606068611144 0.025493158027529716
v 0.023093629628419876 -0.06979554146528243 0.023232994601130486
v 0.022272681817412376 -0.06884510070085524 0.022578109055757523
v 0.026930464431643486 -0.07291606068611144 0.025493158027529716
v 0.022272681817412376 -0.06884510070085524 0.022578109055757523
v 0.020005756989121437 -0.06655479967594145 0.02096746675670147
v 0.03900791332125664 -0.00927033834159374 0.00047929034917615354
v 0.03815320506691933 -0.008083267137408255 1.75570793459201e-08
v 0.03816376253962517 -0.00803215056657791 -8.286497710230378e-09
v 0.05337119847536087 -0.02920971997082233 0.008530847728252411
v 0.03900791332125664 -0.00927033834159374 0.00047929034917615354
v 0.03912024199962616 -0.009394017979502676 0.0036386200226843357
v 0.06385605782270432 -0.04291987791657447 0.016887791454792023
v 0.06449180841445923 -0.044647939503192895 0.014764764346182346
v 0.060980185866355896 -0.03977293893694877 0.012796251103281975
v 0.05841808021068573 -0.034949935972690575 0.01625819317996502
v 0.05950485169887543 -0.036397006362676614 0.01679336465895176
v 0.06385605782270432 -0.04291987791657447 0.016887791454792023
v 0.03923488035798073 -0.009509924799203871 0.00655430369079113
v 0.03927018493413925 -0.009556340985000132 0.006568678189069033
v 0.03912024199962616 -0.009394017979502676 0.0036386200226843357
v 0.03912024199962616 -0.009394017979502676 0.0036386200226843357
v 0.03927018493413925 -0.009556340985000132 0.006568678189069033
v 0.03939232602715492 -0.009724920615553854 0.006586711388081312
v 0.03912024199962616 -0.009394017979502676 0.0036386200226843357
v 0.03939232602715492 -0.009724920615553854 0.006586711388081312
v 0.039491161704063416 -0.009848015382885931 0.006675155367702246
v 0.05337119847536087 -0.02920971997082233 0.008530847728252411
v 0.06385605782270432 -0.04291987791657447 0.016887791454792023
v 0.05337119847536087 -0.02920971997082233 0.008530847728252411
v 0.03912024199962616 -0.009394017979502676 0.0036386200226843357
v 0.06385605782270432 -0.04291987791657447 0.016887791454792023
v 0.03912024199962616 -0.009394017979502676 0.0036386200226843357
v 0.05841808021068573 -0.034949935972690575 0.01625819317996502
v 0.05841808021068573 -0.034949935972690575 0.01625819317996502
v 0.03912024199962616 -0.009394017979502676 0.0036386200226843357
v 0.039491161704063416 -0.009848015382885931 0.006675155367702246
v 0.05950485169887543 -0.036397006362676614 0.01679336465895176
v 0.06062282994389534 -0.037865068763494485 0.017414603382349014
v 0.06385605782270432 -0.04291987791657447 0.016887791454792023
v 0.06385605782270432 -0.04291987791657447 0.016887791454792023
v 0.06062282994389534 -0.037865068763494485 0.017414603382349014
v 0.06171390786767006 -0.03928666934370994 0.01805018074810505
v 0.06385605782270432 -0.04291987791657447 0.016887791454792023
v 0.06171390786767006 -0.03928666934370994 0.01805018074810505
v 0.06225969269871712 -0.039990399032831185 0.01838708482682705
v 0.06225969269871712 -0.039990399032831185 0.01838708482682705
v 0.06227258965373039 -0.040006991475820534 0.01839543879032135
v 0.06385605782270432 -0.04291987791657447 0.016887791454792023
v 0.06385605782270432 -0.04291987791657447 0.016887791454792023
v 0.06227258965373039 -0.040006991475820534 0.01839543879032135
v 0.06282245367765427 -0.04071426391601562 0.018737060949206352
v 0.06385605782270432 -0.04291987791657447 0.016887791454792023
v 0.06282245367765427 -0.04071426391601562 0.018737060949206352
v 0.06321267038583755 -0.04121629148721694 0.018976252526044846
v -0.013377456925809383 -0.034654088318347924 0.007279454730451107
v -0.014088324271142483 -0.03356612473726272 0.007109716068953276
v -0.014089659787714481 -0.033564362674951546 0.007000000216066837
v -0.01459210179746151 -0.032725736498832696 0.00699999975040555
v -0.014557198621332645 -0.032786194235086434 0.006195930764079094
v -0.014089659787714481 -0.033564362674951546 0.007000000216066837
v -0.014089659787714481 -0.033564362674951546 0.007000000216066837
v -0.014557198621332645 -0.032786194235086434 0.006195930764079094
v -0.011854637414216995 -0.036705978214740746 0.006603125482797623
v -0.014089659787714481 -0.033564362674951546 0.007000000216066837
v -0.011854637414216995 -0.036705978214740746 0.006603125482797623
v -0.013377456925809383 -0.034654088318347924 0.007279454730451107
v -0.013377456925809383 -0.034654088318347924 0.007279454730451107
v -0.011854637414216995 -0.036705978214740746 0.006603125482797623
v -0.011745043098926544 -0.036812573671340935 0.007837127894163132
v -0.011745043098926544 -0.036812573671340935 0.007837127894163132
v -0.011854637414216995 -0.036705978214740746 0.006603125482797623
v -0.010575919412076473 -0.038130544126033776 0.00831778533756733
v -0.010575919412076473 -0.038130544126033776 0.00831778533756733
v -0.011854637414216995 -0.036705978214740746 0.006603125482797623
v -0.008561486378312111 -0.04014594852924346 0.0070000034756958485
v -0.010575919412076473 -0.038130544126033776 0.00831778533756733
v -0.008561486378312111 -0.04014594852924346 0.0070000034756958485
v -0.008380945771932602 -0.04021765291690826 0.009354464709758759
v 0.005545516032725573 -0.053271166980266564 0.011516878381371498
v 0.005333443637937307 -0.05247047543525695 0.014558890834450722
v -0.008914727717638016 -0.03998753428459167 0.0020662914030253887
v -0.008914727717638016 -0.03998753428459167 0.0020662914030253887
v 0.005333443637937307 -0.05247047543525695 0.014558890834450722
v -0.008561486378312111 -0.04014594852924346 0.0070000034756958485
v -0.006934813689440489 -0.04144943878054618 0.010143338702619076
v -0.007651634979993105 -0.04083940386772155 0.009728007018566132
v -0.008561486378312111 -0.04014594852924346 0.0070000034756958485
v -0.008561486378312111 -0.04014594852924346 0.0070000034756958485
v -0.007651634979993105 -0.04083940386772155 0.009728007018566132
v -0.008343743160367012 -0.04024920240044593 0.009373330511152744
v -0.008561486378312111 -0.04014594852924346 0.0070000034756958485
v -0.008343743160367012 -0.04024920240044593 0.009373330511152744
v -0.008380945771932602 -0.04021765291690826 0.009354464709758759
v 0.01912662200629711 -0.06465820968151091 0.023289987817406654
v 0.018239570781588554 -0.06282619386911391 0.025533564388751984
v 0.005127195734530687 -0.05169177055358886 0.017517361789941788
v -0.006934813689440489 -0.04144943878054618 0.010143338702619076
v -0.008561486378312111 -0.04014594852924346 0.0070000034756958485
v 0.005127195734530687 -0.05169177055358886 0.017517361789941788
v 0.005127195734530687 -0.05169177055358886 0.017517361789941788
v -0.008561486378312111 -0.04014594852924346 0.0070000034756958485
v 0.005333443637937307 -0.05247047543525695 0.014558890834450722
v 0.005127195734530687 -0.05169177055358886 0.017517361789941788
v 0.005333443637937307 -0.05247047543525695 0.014558890834450722
v 0.01912662200629711 -0.06465820968151091 0.023289987817406654
v 0.005545516032725573 -0.053271166980266564 0.011516878381371498
v 0.01912662200629711 -0.06465820968151091 0.023289987817406654
v 0.005545516032725573 -0.053271166980266564 0.011516878381371498
v 0.020005756989121437 -0.06655479967594145 0.02096746675670147
v 0.039273135364055634 -0.009554060176014898 0.029568644240498543
v 0.03927018493413925 -0.009556340985000132 0.006568678189069033
v 0.03721149265766144 -0.00645219488069415 0.029014727100729942
v 0.03721149265766144 -0.00645219488069415 0.029014727100729942
v 0.03927018493413925 -0.009556340985000132 0.006568678189069033
v 0.03923488035798073 -0.009509924799203871 0.00655430369079113
v 0.03923488035798073 -0.009509924799203871 0.00655430369079113
v 0.03908955305814743 -0.009316130541265009 0.006494901608675718
v 0.03721149265766144 -0.00645219488069415 0.029014727100729942
v 0.03721149265766144 -0.00645219488069415 0.029014727100729942
v 0.03908955305814743 -0.009316130541265009 0.006494901608675718
v 0.038460664451122284 -0.008435762487351893 0.006265448406338692
v 0.03721149265766144 -0.00645219488069415 0.029014727100729942
v 0.038460664451122284 -0.008435762487351893 0.006265448406338692
v 0.038446877151727676 -0.008415671065449713 0.006261239759624004
v 0.038446877151727676 -0.008415671065449713 0.006261239759624004
v 0.03819578140974045 -0.008043323643505572 0.0061903540045022964
v 0.03721149265766144 -0.00645219488069415 0.029014727100729942
v 0.03721149265766144 -0.00645219488069415 0.029014727100729942
v 0.03819578140974045 -0.008043323643505572 0.0061903540045022964
v 0.03724122792482376 -0.006503544282168149 0.006018041167408228
v 0.03721149265766144 -0.00645219488069415 0.029014727100729942
v 0.03724122792482376 -0.006503544282168149 0.006018041167408228
v 0.03721148520708084 -0.006452186964452266 0.00601603789255023
v 0.03740837052464485 -0.006793370004743337 4.101691208902025e-12
v 0.03724122792482376 -0.006503544282168149 0.006018041167408228
v 0.03816376253962517 -0.00803215056657791 -8.286497710230378e-09
v 0.03816376253962517 -0.00803215056657791 -8.286497710230378e-09
v 0.03724122792482376 -0.006503544282168149 0.006018041167408228
v 0.03819578140974045 -0.008043323643505572 0.0061903540045022964
v 0.03816376253962517 -0.00803215056657791 -8.286497710230378e-09
v 0.03819578140974045 -0.008043323643505572 0.0061903540045022964
v 0.03900791332125664 -0.00927033834159374 0.00047929034917615354
v 0.03819578140974045 -0.008043323643505572 0.0061903540045022964
v 0.038446877151727676 -0.008415671065449713 0.006261239759624004
v 0.03900791332125664 -0.00927033834159374 0.00047929034917615354
v 0.03900791332125664 -0.00927033834159374 0.00047929034917615354
v 0.038446877151727676 -0.008415671065449713 0.006261239759624004
v 0.038460664451122284 -0.008435762487351893 0.006265448406338692
v 0.03900791332125664 -0.00927033834159374 0.00047929034917615354
v 0.038460664451122284 -0.008435762487351893 0.006265448406338692
v 0.03912024199962616 -0.009394017979502676 0.0036386200226843357
v 0.03912024199962616 -0.009394017979502676 0.0036386200226843357
v 0.038460664451122284 -0.008435762487351893 0.006265448406338692
v 0.03908955305814743 -0.009316130541265009 0.006494901608675718
v 0.03912024199962616 -0.009394017979502676 0.0036386200226843357
v 0.03908955305814743 -0.009316130541265009 0.006494901608675718
v 0.03923488035798073 -0.009509924799203871 0.00655430369079113
v 0.030517779290676117 -0.005446578375995158 0.007000000216066837
v 0.030517779290676117 -0.005446578375995158 0.028999999165534973
v 0.030841434374451637 -0.0045297848992049685 0.028999999165534973
v 0.03295323997735977 -0.003018702613189816 0.007000000216066837
v 0.03428313508629799 -0.0030856523662805553 0.028999999165534973
v 0.03428313508629799 -0.0030856523662805553 0.007000000216066837
v 0.03428313508629799 -0.0030856523662805553 0.007000000216066837
v 0.03428313508629799 -0.0030856523662805553 0.028999999165534973
v 0.03545305132865906 -0.003721575485542416 0.028999999165534973
v 0.03545305132865906 -0.003721575485542416 0.007000000216066837
v 0.03545305132865906 -0.003721575485542416 0.007000000216066837
v 0.03545305132865906 -0.003721575485542416 0.028999999165534973
v 0.03606918826699257 -0.004473665729165076 0.028999999165534973
v 0.03606918826699257 -0.004473665729165076 0.007000000216066837
v 0.030841434374451637 -0.0045297848992049685 0.007000000216066837
v 0.030841434374451637 -0.0045297848992049685 0.007000000216066837
v 0.030841434374451637 -0.0045297848992049685 0.028999999165534973
v 0.03172536939382553 -0.003533914219588041 0.028999999165534973
v 0.03172536939382553 -0.003533914219588041 0.007000000216066837
v 0.03172536939382553 -0.003533914219588041 0.007000000216066837
v 0.03172536939382553 -0.003533914219588041 0.028999999165534973
v 0.03197111189365387 -0.0033755900803953405 0.028999999165534973
v 0.03172536939382553 -0.003533914219588041 0.007000000216066837
v 0.03197111189365387 -0.0033755900803953405 0.028999999165534973
v 0.03295323997735977 -0.003018702613189816 0.007000000216066837
v 0.03295323997735977 -0.003018702613189816 0.007000000216066837
v 0.03197111189365387 -0.0033755900803953405 0.028999999165534973
v 0.03295323997735977 -0.003018702613189816 0.028999999165534973
v 0.03295323997735977 -0.003018702613189816 0.028999999165534973
v 0.019355667755007744 -0.011175000108778475 0.007000000216066837
v 0.02014262229204178 -0.01038804557174444 0.007000000216066837
v 0.017108608037233353 -0.010512978769838808 0.007000000216066837
v -0.022499999031424522 -0.00346410134807229 0.007000000216066837
v -0.021659133955836296 -0.006500463932752608 0.007000000216066837
v -0.019436748698353767 -0.005217369645833968 0.007000000216066837
v 0.02250000089406967 -0.0034641015809029336 0.007000000216066837
v 0.021035898476839066 -0.001999999396502971 0.007000000216066837
v 0.020008333027362823 -0.003037825226783752 0.007000000216066837
v 0.020914871245622635 0.020089006051421162 0.007000000216066837
v 0.01614183932542801 0.02390913665294647 0.007000000216066837
v 0.01985934004187584 0.01747023873031139 0.007000000216066837
v 0.015499508939683437 0.024510512128472325 0.007000000216066837
v -0.004651927389204502 0.028624458238482472 0.007000000216066837
v -0.004687702748924494 0.027239339426159855 0.007000000216066837
v -0.002119154669344425 0.02892246842384338 0.007000000216066837
v -0.028413929045200348 0.005800745449960231 0.007000000216066837
v -0.026499999687075615 0.00346410134807229 0.007000000216066837
v -0.02449999935925007 0.004000000189989804 0.007000000216066837
v -0.028976481407880783 -0.0011677127331495283 0.007000000216066837
v -0.028350401669740677 -0.0017784702358767388 0.007000000216066837
v -0.02899034321308136 -0.0007483442896045743 0.007000000216066837
v 0.03172536939382553 -0.003533914219588041 0.007000000216066837
v 0.0312887467443943 -0.0023260733578354116 0.007000000216066837
v 0.030841434374451637 -0.0045297848992049685 0.007000000216066837
v 0.022520238533616066 -0.007388573139905929 0.007000000216066837
v 0.030517779290676117 -0.005446578375995158 0.007000000216066837
v 0.02958715707063675 -0.009252033196389673 0.007000000216066837
v 0.02665773779153824 -0.014554933644831179 0.007000000216066837
v 0.021246109157800674 -0.017679339274764058 0.007000000216066837
v 0.026947300881147385 -0.01532459072768688 0.007000000216066837
v 0.023077992722392082 -0.020697975531220433 0.007000000216066837
v 0.016249999403953552 -0.021217621862888333 0.007000000216066837
v 0.015714101493358612 -0.02321762219071388 0.007000000216066837
v 0.018155774101614952 -0.025127036496996876 0.007000000216066837
v 0.01425000000745058 -0.024681724607944485 0.007000000216066837
v 0.012405211105942726 -0.028409693390130993 0.007000000216066837
v 0.009479174390435219 -0.029515169560909268 0.007000000216066837
v 0.004687702748924494 -0.027239339426159855 0.007000000216066837
v 0.006088672671467066 -0.030396185815334317 0.007000000216066837
v -0.0007239265833050013 -0.03036374598741531 0.007000000216066837
v -0.0005056562949903309 -0.03099587559700012 0.007000000216066837
v -0.007076915819197893 -0.030181406065821644 0.007000000216066837
v -0.012796222232282162 -0.029256219044327732 0.007000000216066837
v -0.011459184810519218 -0.028982328251004216 0.007000000216066837
v -0.010229728184640408 -0.026296775788068768 0.007000000216066837
v -0.008007343858480453 -0.025013681501150128 0.007000000216066837
v -0.010522997938096523 -0.02915934473276138 0.007000000216066837
v -0.016285330057144165 -0.029792979359626767 0.007000000216066837
v -0.014468221925199032 -0.03132250159978866 0.007000000216066837
v -0.013873557560145855 -0.0300940778106451 0.007000000216066837
v -0.014457140117883682 -0.03268724679946899 0.007000000216066837
v -0.01459210179746151 -0.032725736498832696 0.00699999975040555
v -0.014089659787714481 -0.033564362674951546 0.007000000216066837
v -0.02041013352572918 -0.015531415119767187 0.007000000216066837
v -0.021217623725533485 -0.014400000683963297 0.007000000216066837
v -0.02349196933209896 -0.017310714349150654 0.007000000216066837
v -0.022292623296380043 -0.0141119547188282 0.007000000216066837
v -0.02511473558843136 -0.014499999582767485 0.007000000216066837
v -0.023079577833414078 -0.013325000181794165 0.007000000216066837
v -0.027855025604367256 -0.008068306371569632 0.007000000216066837
v -0.0233676228672266 -0.012250000610947607 0.007000000216066837
v -0.024632900953292847 -0.008217369206249712 0.007000000216066837
v -0.02796410210430622 -0.002000000327825546 0.007000000216066837
v -0.02850000001490116 -2.935908738344039e-10 0.007000000216066837
v -0.02796410210430622 0.002000000094994902 0.007000000216066837
v -0.022292623296380043 0.01038804557174444 0.007000000216066837
v -0.02307957597076893 0.011175000108778475 0.007000000216066837
v -0.023582737892866135 0.009228877723217009 0.007000000216066837
v -0.0262000635266304 0.012432084418833254 0.007000000216066837
v -0.02672865428030491 0.007412581704556941 0.007000000216066837
v -0.0233676228672266 0.012250000610947607 0.007000000216066837
v -0.023079577833414078 0.013325000181794165 0.007000000216066837
v -0.022463545203208923 0.018340915441513058 0.007000000216066837
v -0.022292621433734894 0.014111955650150774 0.007000000216066837
v -0.021217623725533485 0.014400000683963297 0.007000000216066837
v -0.021246109157800674 0.017679339274764058 0.007000000216066837
v -0.02014262229204178 0.014111955650150774 0.007000000216066837
v -0.02198202721774578 0.018915349617600438 0.007000000216066837
v -0.018604731187224388 0.01920433901250362 0.007000000216066837
v -0.017421524971723557 0.023183839395642277 0.007000000216066837
v -0.01425000000745058 0.024681724607944485 0.007000000216066837
v -0.011367031373083591 0.02667940407991409 0.007000000216066837
v -0.012250000610947609 0.025217622518539425 0.007000000216066837
v -0.010250000283122063 0.024681724607944485 0.007000000216066837
v 1.0399272415417826e-10 0.02235000021755695 0.007000000216066837
v -0.0010749998036772013 0.022638045251369473 0.007000000216066837
v -0.00161270285025239 0.02191328443586826 0.007000000216066837
v -0.0018619546899572015 0.023424999788403508 0.007000000216066837
v -0.0021500003058463335 0.024500001221895214 0.007000000216066837
v -0.0018619549227878451 0.025575000792741772 0.007000000216066837
v -0.0010750005021691322 0.026361955329775807 0.007000000216066837
v -2.538403376384224e-10 0.02665000036358833 0.007000000216066837
v 0.0023335309233516455 0.028905961662530896 0.007000000216066837
v 0.0010749996872618794 0.026361955329775807 0.007000000216066837
v 0.003798926481977105 0.025037689134478566 0.007000000216066837
v 0.009183371439576149 0.027507556602358815 0.007000000216066837
v 0.008785897865891457 0.02321762219071388 0.007000000216066837
v 0.010250000283122063 0.024681722745299336 0.007000000216066837
v 0.012249999679625034 0.025217622518539425 0.007000000216066837
v 0.014250000938773155 0.024681724607944485 0.007000000216066837
v 0.03295323997735977 -0.003018702613189816 0.007000000216066837
v 0.03394414111971855 -0.000792979379184544 0.007000000216066837
v 0.03428313508629799 -0.0030856523662805553 0.007000000216066837
v 0.03545305132865906 -0.003721575485542416 0.007000000216066837
v 0.03606918826699257 -0.004473665729165076 0.007000000216066837
v -0.01932411640882492 -0.01732411608099937 0.007000000216066837
v -0.01905616745352745 -0.016324115917086598 0.007000000216066837
v -0.01743636652827263 -0.013814509846270083 0.007000000216066837
v -0.018324116244912148 -0.015592065639793871 0.007000000216066837
v -0.018324116244912148 -0.019056167453527447 0.007000000216066837
v -0.015715401619672775 -0.02366293221712112 0.007000000216066837
v -0.017324116080999374 -0.019324116408824917 0.007000000216066837
v -0.0162500012665987 -0.021217623725533482 0.007000000216066837
v -0.0163241159170866 -0.019056167453527447 0.007000000216066837
v -0.015714101493358612 -0.019217623397707936 0.007000000216066837
v -0.015592064708471298 -0.018324116244912144 0.007000000216066837
v -0.01425000000745058 -0.01775352098047733 0.007000000216066837
v -0.015324116684496403 -0.01732411608099937 0.007000000216066837
v -0.015592064708471298 -0.016324115917086598 0.007000000216066837
v -0.01224999874830246 -0.01721762306988239 0.007000000216066837
v -0.01632411777973175 -0.015592065639793871 0.007000000216066837
v 0.011090831831097603 0.012407737784087656 0.007000000216066837
v 0.019355667755007744 0.013325000181794165 0.007000000216066837
v 0.021217621862888336 0.010099999606609343 0.007000000216066837
v 0.01531359925866127 0.005093691404908895 0.007000000216066837
v 0.022292621433734894 0.010388044640421866 0.007000000216066837
v 0.024082105606794357 0.010156191885471342 0.007000000216066837
v 0.023079577833414078 0.011175000108778475 0.007000000216066837
v 0.02014262229204178 0.01038804557174444 0.007000000216066837
v 0.019355667755007744 0.011175000108778475 0.007000000216066837
v 0.01906762272119522 0.012249999679625033 0.007000000216066837
v 0.0233676228672266 0.012250000610947607 0.007000000216066837
v 0.026737501844763756 0.011689285747706888 0.007000000216066837
v 0.023079577833414078 0.013325000181794165 0.007000000216066837
v 0.02511473558843136 0.014499999582767485 0.007000000216066837
v 0.022292623296380043 0.0141119547188282 0.007000000216066837
v 0.021217623725533485 0.014400000683963297 0.007000000216066837
v 0.02014262229204178 0.0141119547188282 0.007000000216066837
v 0.008250000886619091 -0.021217623725533482 0.007000000216066837
v 0.0031915800645947456 -0.018547978252172467 0.007000000216066837
v 0.008785897865891457 -0.02321762219071388 0.007000000216066837
v 0.007329080253839493 -0.025714339688420292 0.007000000216066837
v 0.010250000283122063 -0.024681724607944485 0.007000000216066837
v 0.01425000000745058 -0.01775352098047733 0.007000000216066837
v 0.015714101493358612 -0.019217621535062786 0.007000000216066837
v 0.008785898797214031 -0.019217623397707936 0.007000000216066837
v 0.010250000283122063 -0.01775352098047733 0.007000000216066837
v 0.012249999679625034 -0.01721762306988239 0.007000000216066837
v 0.022499999031424522 0.00346410134807229 0.007000000216066837
v 0.021035898476839066 0.0019999991636723276 0.007000000216066837
v 0.020500000566244125 -1.437432534112659e-10 0.007000000216066837
v 0.02449999935925007 0.003999999724328517 0.007000000216066837
v 0.026500001549720764 0.0034641015809029336 0.007000000216066837
v 0.02877683937549591 0.0020246747881174083 0.007000000216066837
v 0.02796410210430622 0.002000000327825546 0.007000000216066837
v 0.02850000001490116 2.935908738344039e-10 0.007000000216066837
v 0.02449999935925007 -0.004000000189989804 0.007000000216066837
v 0.026499999687075615 -0.00346410134807229 0.007000000216066837
v 0.02796410210430622 -0.002000000094994902 0.007000000216066837
v 0.010250000283122063 0.01775352098047733 0.007000000216066837
v 0.007373332045972347 0.018846636638045308 0.007000000216066837
v 0.008785898797214031 0.019217621535062786 0.007000000216066837
v 0.008249999955296516 0.021217621862888333 0.007000000216066837
v 0.0162500012665987 0.021217623725533482 0.007000000216066837
v 0.015714101493358612 0.02321762219071388 0.007000000216066837
v 0.015714101493358612 0.019217623397707936 0.007000000216066837
v 0.01425000000745058 0.01775352098047733 0.007000000216066837
v 0.01224999874830246 0.01721762306988239 0.007000000216066837
v -0.01425000000745058 0.01775352098047733 0.007000000216066837
v -0.015714101493358612 0.019217621535062786 0.007000000216066837
v -0.016249999403953552 0.021217621862888333 0.007000000216066837
v -0.015714101493358612 0.02321762219071388 0.007000000216066837
v -0.008250000886619091 0.021217623725533482 0.007000000216066837
v -0.008785898797214031 0.019217623397707936 0.007000000216066837
v -0.010250000283122063 0.01775352098047733 0.007000000216066837
v -0.015529731288552284 0.013878283090889452 0.007000000216066837
v -0.012249999679625034 0.01721762306988239 0.007000000216066837
v -0.008785897865891457 0.02321762219071388 0.007000000216066837
v -0.026500001549720764 -0.0034641015809029336 0.007000000216066837
v -0.02449999935925007 -0.003999999724328517 0.007000000216066837
v -0.02250000089406967 0.0034641015809029336 0.007000000216066837
v -0.020008333027362823 0.003037825226783752 0.007000000216066837
v -0.021035898476839066 0.001999999396502971 0.007000000216066837
v -0.016290832310914993 -0.0034010736271739 0.007000000216066837
v -0.020500000566244125 1.437432534112659e-10 0.007000000216066837
v -0.021035898476839066 -0.0019999991636723276 0.007000000216066837
v -0.010250000283122063 -0.024681722745299336 0.007000000216066837
v -0.012249999679625034 -0.025217622518539425 0.007000000216066837
v -0.013203495182096958 -0.028013680130243298 0.007000000216066837
v -0.014250000938773155 -0.024681724607944485 0.007000000216066837
v -0.015714101493358612 -0.02321762219071388 0.007000000216066837
v -0.008785897865891457 -0.02321762219071388 0.007000000216066837
v -0.008785898797214031 -0.019217621535062786 0.007000000216066837
v -0.008249999955296516 -0.021217621862888333 0.007000000216066837
v -0.004861426539719105 -0.023197384551167485 0.007000000216066837
v -0.017324116080999374 -0.015324115753173826 0.007000000216066837
v -0.015213982202112675 -0.012531415559351443 0.007000000216066837
v -0.0120680658146739 -0.010715119540691374 0.007000000216066837
v -0.010250000283122063 -0.01775352098047733 0.007000000216066837
v -0.007373332045972347 -0.018846636638045308 0.007000000216066837
v 0.0027873332146555185 0.008578529581427572 0.007000000216066837
v 0.005679203197360039 0.009283332154154776 0.007000000216066837
v -0.0009428467019461095 0.008970587514340876 0.007000000216066837
v 0.001961702946573496 0.015722231939435 0.007000000216066837
v -0.004509999882429838 0.007811549119651317 0.007000000216066837
v -0.011955325491726398 0.007687231060117482 0.007000000216066837
v -0.007297333329916 0.0053018229082226745 0.007000000216066837
v -0.008822890929877758 0.0018753634067252276 0.007000000216066837
v -0.014596703462302685 0.006162230856716632 0.007000000216066837
v -0.010879202745854855 -0.0002766679681371897 0.007000000216066837
v 0.0006796744419261813 -0.014197231270372866 0.007000000216066837
v 0.014596703462302685 -0.006162230856716632 0.007000000216066837
v 0.006035557948052883 -0.00670316582545638 0.007000000216066837
v 0.0027873332146555185 -0.008578529581427572 0.007000000216066837
v -0.0009428466437384486 -0.008970587514340876 0.007000000216066837
v -0.001961702946573496 -0.015722231939435 0.007000000216066837
v -0.004509999882429838 -0.007811549119651317 0.007000000216066837
v -0.006656436249613762 -0.007590714376419782 0.007000000216066837
v -0.007297333329916 -0.0053018229082226745 0.007000000216066837
v -0.008822890929877758 -0.0018753634067252276 0.007000000216066837
v 0.006035557948052883 0.006703166291117667 0.007000000216066837
v 0.00824018009006977 0.0036687646061182018 0.007000000216066837
v 0.009901969693601131 0.0019692857749760147 0.007000000216066837
v 0.009019999764859676 9.057635197429191e-11 0.007000000216066837
v 0.00824018009006977 -0.0036687646061182018 0.007000000216066837
v -0.019355667755007744 0.011175000108778475 0.007000000216066837
v -0.02014262229204178 0.01038804557174444 0.007000000216066837
v -0.01906762272119522 0.012249999679625033 0.007000000216066837
v -0.021217621862888336 0.010099999606609343 0.007000000216066837
v 0.0018619548063725233 0.023424999788403508 0.007000000216066837
v 0.0010749995708465576 0.022638045251369473 0.007000000216066837
v 0.0018619546899572015 0.025574998930096623 0.007000000216066837
v 0.00215000007301569 0.024499999359250065 0.007000000216066837
v -0.023079577833414078 -0.011175000108778475 0.007000000216066837
v -0.022292621433734894 -0.010388044640421866 0.007000000216066837
v -0.021217621862888336 -0.010099999606609343 0.007000000216066837
v -0.02014262229204178 -0.01038804557174444 0.007000000216066837
v -0.019355667755007744 -0.011175000108778475 0.007000000216066837
v -0.01906762272119522 -0.012249999679625033 0.007000000216066837
v -0.019355667755007744 -0.013325000181794165 0.007000000216066837
v -0.02014262229204178 -0.0141119547188282 0.007000000216066837
v -0.018797235563397408 -0.02544223144650459 0.007000000216066837
v -0.01905616745352745 -0.018324116244912144 0.007000000216066837
v -0.0018619546899572015 -0.025574998930096623 0.007000000216066837
v -0.00215000007301569 -0.024499999359250065 0.007000000216066837
v 2.538403376384224e-10 -0.02665000036358833 0.007000000216066837
v -0.0010749996872618794 -0.026361955329775807 0.007000000216066837
v -0.0018619548063725233 -0.023424999788403508 0.007000000216066837
v -0.0010749995708465576 -0.022638045251369473 0.007000000216066837
v 0.0005502025596797466 -0.02007297985255718 0.007000000216066837
v -1.0399273109307217e-10 -0.02235000021755695 0.007000000216066837
v 0.0010750005021691322 -0.026361955329775807 0.007000000216066837
v 0.0018619549227878451 -0.025575000792741772 0.007000000216066837
v 0.0010749998036772013 -0.022638045251369473 0.007000000216066837
v 0.0018619546899572015 -0.023424999788403508 0.007000000216066837
v 0.0021500003058463335 -0.024500001221895214 0.007000000216066837
v -0.019355667755007744 0.013325000181794165 0.007000000216066837
v -0.01817110925912857 0.01235328335314989 0.007000000216066837
v 0.012250000610947609 -0.025217622518539425 0.007000000216066837
v 0.021217621862888336 -0.010099999606609343 0.007000000216066837
v 0.022292623296380043 -0.01038804557174444 0.007000000216066837
v 0.02307957597076893 -0.011175000108778475 0.007000000216066837
v 0.0233676228672266 -0.012250000610947607 0.007000000216066837
v 0.023079577833414078 -0.013325000181794165 0.007000000216066837
v 0.022292621433734894 -0.014111955650150774 0.007000000216066837
v 0.021217623725533485 -0.014400000683963297 0.007000000216066837
v 0.02014262229204178 -0.014111955650150774 0.007000000216066837
v 0.019355667755007744 -0.013325000181794165 0.007000000216066837
v 0.01906762272119522 -0.012249999679625033 0.007000000216066837
v 0.03143223747611046 0.0035577686503529544 0.007000000216066837
v 0.04021443426609039 -0.03403912112116813 0.006409972440451384
v 0.04520360380411148 -0.03902576118707656 0.009572121314704418
v 0.05041525512933731 -0.045564070343971246 0.013305059634149075
v -0.011510936543345451 -0.037262637168169015 4.3246544123576314e-08
v -0.00915066059678793 -0.037911135703325265 0.0
v -0.009704637341201305 -0.03923320770263671 0.0015200121561065316
v -0.009704637341201305 -0.03923320770263671 0.0015200121561065316
v -0.00915066059678793 -0.037911135703325265 0.0
v -0.008914727717638016 -0.03998753428459167 0.0020662914030253887
v 0.022711334750056267 -0.062315750867128365 0.01835787296295166
v 0.036439523100852966 -0.06776195764541625 0.02356857806444168
v 0.020005756989121437 -0.06655479967594145 0.02096746675670147
v 0.020005756989121437 -0.06655479967594145 0.02096746675670147
v 0.036439523100852966 -0.06776195764541625 0.02356857806444168
v 0.026930464431643486 -0.07291606068611144 0.025493158027529716
v 0.03450492396950722 -0.05992558225989341 0.01816992275416851
v 0.03518170118331909 -0.0629012957215309 0.020218295976519585
v 0.02358240820467472 -0.052109412848949425 0.0114386435598135
v 0.02358240820467472 -0.052109412848949425 0.0114386435598135
v 0.03518170118331909 -0.0629012957215309 0.020218295976519585
v 0.035282839089632034 -0.06331624835729598 0.020505348220467567
v 0.02358240820467472 -0.052109412848949425 0.0114386435598135
v 0.035282839089632034 -0.06331624835729598 0.020505348220467567
v 0.036439523100852966 -0.06776195764541625 0.02356857806444168
v 0.033770132809877396 -0.056697074323892586 0.015975961461663246
v 0.026990128681063652 -0.05087571218609809 0.011171997524797916
v 0.032631535083055496 -0.051703941076993935 0.012703191488981247
v 0.032631535083055496 -0.051703941076993935 0.012703191488981247
v 0.026990128681063652 -0.05087571218609809 0.011171997524797916
v 0.030352666974067688 -0.04940302297472953 0.010905351489782333
v 0.032631535083055496 -0.051703941076993935 0.012703191488981247
v 0.030352666974067688 -0.04940302297472953 0.010905351489782333
v 0.031531207263469696 -0.04689348861575126 0.009736396372318268
v 0.029858406633138657 -0.03924228996038436 0.005459963344037533
v 0.019786130636930466 -0.03360814973711967 0.0
v 0.02986568585038185 -0.03863273561000823 0.005180752370506525
v 0.02986568585038185 -0.03863273561000823 0.005180752370506525
v 0.019786130636930466 -0.03360814973711967 0.0
v 0.02289601042866707 -0.03157072514295577 0.0
v 0.02986568585038185 -0.03863273561000823 0.005180752370506525
v 0.02289601042866707 -0.03157072514295577 0.0
v 0.030122872442007065 -0.037282086908817284 0.004647178575396538
v 0.02728203311562538 -0.027869027107954022 0.0
v 0.03144897148013115 -0.03489712625741958 0.004035106394439936
v 0.02453634701669216 -0.03031373023986816 0.0
v 0.02453634701669216 -0.03031373023986816 0.0
v 0.03144897148013115 -0.03489712625741958 0.004035106394439936
v 0.031050503253936768 -0.03541420772671699 0.004124893806874752
v 0.02453634701669216 -0.03031373023986816 0.0
v 0.031050503253936768 -0.03541420772671699 0.004124893806874752
v 0.02289601042866707 -0.03157072514295577 0.0
v 0.02289601042866707 -0.03157072514295577 0.0
v 0.031050503253936768 -0.03541420772671699 0.004124893806874752
v 0.030342373996973038 -0.03668564930558204 0.004450870677828789
v 0.02289601042866707 -0.03157072514295577 0.0
v 0.030342373996973038 -0.03668564930558204 0.004450870677828789
v 0.030122872442007065 -0.037282086908817284 0.004647178575396538
v 0.03395066782832146 -0.032982155680656426 0.004081421997398138
v 0.03351174294948578 -0.03320323303341865 0.0040230886079370975
v 0.0297931469976902 -0.02516580186784267 0.0
v 0.0297931469976902 -0.02516580186784267 0.0
v 0.03351174294948578 -0.03320323303341865 0.0040230886079370975
v 0.033099882304668427 -0.033447917550802224 0.003983939997851849
v 0.0297931469976902 -0.02516580186784267 0.0
v 0.033099882304668427 -0.033447917550802224 0.003983939997851849
v 0.02728203311562538 -0.027869027107954022 0.0
v 0.02728203311562538 -0.027869027107954022 0.0
v 0.033099882304668427 -0.033447917550802224 0.003983939997851849
v 0.032524123787879944 -0.033857796341180794 0.003958584275096655
v 0.02728203311562538 -0.027869027107954022 0.0
v 0.032524123787879944 -0.033857796341180794 0.003958584275096655
v 0.03144897148013115 -0.03489712625741958 0.004035106394439936
v 0.04021443426609039 -0.03403912112116813 0.006409972440451384
v 0.039235904812812805 -0.033197112381458276 0.005824623629450798
v 0.03205529972910881 -0.022213919088244435 0.0
v 0.039235904812812805 -0.033197112381458276 0.005824623629450798
v 0.03883110731840134 -0.032961476594209664 0.005619237665086985
v 0.03205529972910881 -0.022213919088244435 0.0
v 0.03205529972910881 -0.022213919088244435 0.0
v 0.03883110731840134 -0.032961476594209664 0.005619237665086985
v 0.03760566562414169 -0.03252175077795982 0.005084637552499771
v 0.03205529972910881 -0.022213919088244435 0.0
v 0.03760566562414169 -0.03252175077795982 0.005084637552499771
v 0.037121452391147614 -0.032441198825836175 0.004903152119368315
v 0.037121452391147614 -0.032441198825836175 0.004903152119368315
v 0.035966407507658005 -0.032429885119199746 0.004529746249318123
v 0.03205529972910881 -0.022213919088244435 0.0
v 0.03205529972910881 -0.022213919088244435 0.0
v 0.035966407507658005 -0.032429885119199746 0.004529746249318123
v 0.0357680544257164 -0.03245216235518455 0.004473862703889608
v 0.03205529972910881 -0.022213919088244435 0.0
v 0.0357680544257164 -0.03245216235518455 0.004473862703889608
v 0.0297931469976902 -0.02516580186784267 0.0
v 0.0297931469976902 -0.02516580186784267 0.0
v 0.0357680544257164 -0.03245216235518455 0.004473862703889608
v 0.03530626371502876 -0.03253082931041717 0.0043532513082027435
v 0.0297931469976902 -0.02516580186784267 0.0
v 0.03530626371502876 -0.03253082931041717 0.0043532513082027435
v 0.03395066782832146 -0.032982155680656426 0.004081421997398138
v 0.05269910395145416 -0.04784310981631278 0.01467798836529255
v 0.051633745431900024 -0.046683996915817254 0.0139999995008111
v 0.054267652332782745 -0.045518971979618066 0.013958212919533253
v 0.054267652332782745 -0.045518971979618066 0.013958212919533253
v 0.051633745431900024 -0.046683996915817254 0.0139999995008111
v 0.05041525512933731 -0.045564070343971246 0.013305059634149075
v 0.05868048593401909 -0.0557069107890129 0.019067132845520973
v 0.05739302560687065 -0.05363089218735694 0.017934855073690414
v 0.06093441694974899 -0.054485231637954705 0.01861095055937767
v 0.06093441694974899 -0.054485231637954705 0.01861095055937767
v 0.05739302560687065 -0.05363089218735694 0.017934855073690414
v 0.0563565194606781 -0.05232821032404899 0.017206935212016106
v 0.06093441694974899 -0.054485231637954705 0.01861095055937767
v 0.0563565194606781 -0.05232821032404899 0.017206935212016106
v 0.054267652332782745 -0.045518971979618066 0.013958212919533253
v 0.054267652332782745 -0.045518971979618066 0.013958212919533253
v 0.0563565194606781 -0.05232821032404899 0.017206935212016106
v 0.053971704095602036 -0.049608014523982995 0.015651993453502655
v 0.054267652332782745 -0.045518971979618066 0.013958212919533253
v 0.053971704095602036 -0.049608014523982995 0.015651993453502655
v 0.05269910395145416 -0.04784310981631278 0.01467798836529255
v 0.060980185866355896 -0.03977293893694877 0.012796251103281975
v 0.06449180841445923 -0.044647939503192895 0.014764764346182346
v 0.05667662248015404 -0.043543711304664605 0.01355824340134859
v 0.05667662248015404 -0.043543711304664605 0.01355824340134859
v 0.06449180841445923 -0.044647939503192895 0.014764764346182346
v 0.06451283395290375 -0.044677145779132836 0.014776559546589851
v 0.05667662248015404 -0.043543711304664605 0.01355824340134859
v 0.06451283395290375 -0.044677145779132836 0.014776559546589851
v 0.0635693371295929 -0.053057055920362466 0.018077658489346504
v 0.0635693371295929 -0.053057055920362466 0.018077658489346504
v 0.06451283395290375 -0.044677145779132836 0.014776559546589851
v 0.06647782772779465 -0.04770394042134284 0.01599084585905075
v 0.0635693371295929 -0.053057055920362466 0.018077658489346504
v 0.06647782772779465 -0.04770394042134284 0.01599084585905075
v 0.06802410632371902 -0.05064248293638229 0.017176037654280663
v 0.03900791332125664 -0.00927033834159374 0.00047929034917615354
v 0.05337119847536087 -0.02920971997082233 0.008530847728252411
v 0.05175675451755524 -0.031493533402681344 0.008772183209657669
v 0.060980185866355896 -0.03977293893694877 0.012796251103281975
v 0.05175675451755524 -0.031493533402681344 0.008772183209657669
v 0.060980185866355896 -0.03977293893694877 0.012796251103281975
v 0.04978391155600548 -0.03403037413954734 0.009038829244673252
v 0.04978391155600548 -0.03403037413954734 0.009038829244673252
v 0.060980185866355896 -0.03977293893694877 0.012796251103281975
v 0.05667662248015404 -0.043543711304664605 0.01355824340134859
v 0.04978391155600548 -0.03403037413954734 0.009038829244673252
v 0.05667662248015404 -0.043543711304664605 0.01355824340134859
v 0.047600891441106796 -0.036552712321281426 0.009305475279688835
v 0.007540386635810137 -0.038263451308012 0.0
v 0.026990128681063652 -0.05087571218609809 0.011171997524797916
v 0.02358240820467472 -0.052109412848949425 0.0114386435598135
v 0.02358240820467472 -0.052109412848949425 0.0114386435598135
v 0.026990128681063652 -0.05087571218609809 0.011171997524797916
v 0.033770132809877396 -0.056697074323892586 0.015975961461663246
v 0.02358240820467472 -0.052109412848949425 0.0114386435598135
v 0.033770132809877396 -0.056697074323892586 0.015975961461663246
v 0.03450492396950722 -0.05992558225989341 0.01816992275416851
v 0.029858406633138657 -0.03924228996038436 0.005459963344037533
v 0.029980231076478958 -0.04014017060399055 0.005914772395044565
v 0.019786130636930466 -0.03360814973711967 0.0
v 0.019786130636930466 -0.03360814973711967 0.0
v 0.029980231076478958 -0.04014017060399055 0.005914772395044565
v 0.031531207263469696 -0.04689348861575126 0.009736396372318268
v 0.019786130636930466 -0.03360814973711967 0.0
v 0.031531207263469696 -0.04689348861575126 0.009736396372318268
v 0.016523124650120735 -0.03532605990767478 0.0
v 0.016523124650120735 -0.03532605990767478 0.0
v 0.031531207263469696 -0.04689348861575126 0.009736396372318268
v 0.030352666974067688 -0.04940302297472953 0.010905351489782333
v 0.016523124650120735 -0.03532605990767478 0.0
v 0.030352666974067688 -0.04940302297472953 0.010905351489782333
v 0.013120854273438454 -0.03672624751925468 0.0
v 0.013120854273438454 -0.03672624751925468 0.0
v 0.030352666974067688 -0.04940302297472953 0.010905351489782333
v 0.026990128681063652 -0.05087571218609809 0.011171997524797916
v 0.013120854273438454 -0.03672624751925468 0.0
v 0.026990128681063652 -0.05087571218609809 0.011171997524797916
v 0.011151457205414772 -0.03737170621752738 0.0
v 0.011151457205414772 -0.03737170621752738 0.0
v 0.026990128681063652 -0.05087571218609809 0.011171997524797916
v 0.007540386635810137 -0.038263451308012 0.0
v 0.0038905360270291567 -0.03880538418889045 0.0
v 0.020169246941804886 -0.05310698598623275 0.011705289594829082
v 0.0002178074064431712 -0.0389990285038948 0.0
v 0.0002178074064431712 -0.0389990285038948 0.0
v 0.020169246941804886 -0.05310698598623275 0.011705289594829082
v 0.01678857021033764 -0.05387675762176513 0.011971935629844666
v 0.010248638689517975 -0.054806608706712716 0.012505227699875832
v -0.00915066059678793 -0.037911135703325265 0.0
v 0.013472337275743484 -0.0544363185763359 0.012238581664860249
v 0.013472337275743484 -0.0544363185763359 0.012238581664860249
v -0.00915066059678793 -0.037911135703325265 0.0
v -0.005528509151190519 -0.03860619664192199 0.0
v 0.013472337275743484 -0.0544363185763359 0.012238581664860249
v -0.005528509151190519 -0.03860619664192199 0.0
v 0.01678857021033764 -0.05387675762176513 0.011971935629844666
v 0.01678857021033764 -0.05387675762176513 0.011971935629844666
v -0.005528509151190519 -0.03860619664192199 0.0
v -0.0018420233391225338 -0.03895603120326995 0.0
v 0.01678857021033764 -0.05387675762176513 0.011971935629844666
v -0.0018420233391225338 -0.03895603120326995 0.0
v 0.0002178074064431712 -0.0389990285038948 0.0
v -0.008914727717638016 -0.03998753428459167 0.0020662914030253887
v -0.00915066059678793 -0.037911135703325265 0.0
v 0.005545516032725573 -0.053271166980266564 0.011516878381371498
v 0.005545516032725573 -0.053271166980266564 0.011516878381371498
v -0.00915066059678793 -0.037911135703325265 0.0
v 0.010248638689517975 -0.054806608706712716 0.012505227699875832
v 0.005545516032725573 -0.053271166980266564 0.011516878381371498
v 0.010248638689517975 -0.054806608706712716 0.012505227699875832
v 0.020005756989121437 -0.06655479967594145 0.02096746675670147
v 0.020005756989121437 -0.06655479967594145 0.02096746675670147
v 0.010248638689517975 -0.054806608706712716 0.012505227699875832
v 0.013472337275743484 -0.0544363185763359 0.012238581664860249
v 0.020005756989121437 -0.06655479967594145 0.02096746675670147
v 0.013472337275743484 -0.0544363185763359 0.012238581664860249
v 0.022711334750056267 -0.062315750867128365 0.01835787296295166
v 0.022711334750056267 -0.062315750867128365 0.01835787296295166
v 0.013472337275743484 -0.0544363185763359 0.012238581664860249
v 0.01678857021033764 -0.05387675762176513 0.011971935629844666
v 0.022711334750056267 -0.062315750867128365 0.01835787296295166
v 0.01678857021033764 -0.05387675762176513 0.011971935629844666
v 0.036439523100852966 -0.06776195764541625 0.02356857806444168
v 0.036439523100852966 -0.06776195764541625 0.02356857806444168
v 0.01678857021033764 -0.05387675762176513 0.011971935629844666
v 0.020169246941804886 -0.05310698598623275 0.011705289594829082
v 0.036439523100852966 -0.06776195764541625 0.02356857806444168
v 0.020169246941804886 -0.05310698598623275 0.011705289594829082
v 0.02358240820467472 -0.052109412848949425 0.0114386435598135
v 0.02358240820467472 -0.052109412848949425 0.0114386435598135
v 0.020169246941804886 -0.05310698598623275 0.011705289594829082
v 0.0038905360270291567 -0.03880538418889045 0.0
v 0.02358240820467472 -0.052109412848949425 0.0114386435598135
v 0.0038905360270291567 -0.03880538418889045 0.0
v 0.007540386635810137 -0.038263451308012 0.0
v 0.04021443426609039 -0.03403912112116813 0.006409972440451384
v 0.03205529972910881 -0.022213919088244435 0.0
v 0.04520360380411148 -0.03902576118707656 0.009572121314704418
v 0.04520360380411148 -0.03902576118707656 0.009572121314704418
v 0.03205529972910881 -0.022213919088244435 0.0
v 0.047600891441106796 -0.036552712321281426 0.009305475279688835
v 0.04520360380411148 -0.03902576118707656 0.009572121314704418
v 0.047600891441106796 -0.036552712321281426 0.009305475279688835
v 0.05041525512933731 -0.045564070343971246 0.013305059634149075
v 0.05041525512933731 -0.045564070343971246 0.013305059634149075
v 0.047600891441106796 -0.036552712321281426 0.009305475279688835
v 0.05667662248015404 -0.043543711304664605 0.01355824340134859
v 0.05041525512933731 -0.045564070343971246 0.013305059634149075
v 0.05667662248015404 -0.043543711304664605 0.01355824340134859
v 0.054267652332782745 -0.045518971979618066 0.013958212919533253
v 0.054267652332782745 -0.045518971979618066 0.013958212919533253
v 0.05667662248015404 -0.043543711304664605 0.01355824340134859
v 0.0635693371295929 -0.053057055920362466 0.018077658489346504
v 0.054267652332782745 -0.045518971979618066 0.013958212919533253
v 0.0635693371295929 -0.053057055920362466 0.018077658489346504
v 0.06093441694974899 -0.054485231637954705 0.01861095055937767
v 0.03815320506691933 -0.008083267137408255 1.75570793459201e-08
v 0.03900791332125664 -0.00927033834159374 0.00047929034917615354
v 0.03720512241125107 -0.011694808490574358 0.0
v 0.03720512241125107 -0.011694808490574358 0.0
v 0.03900791332125664 -0.00927033834159374 0.00047929034917615354
v 0.05175675451755524 -0.031493533402681344 0.008772183209657669
v 0.03720512241125107 -0.011694808490574358 0.0
v 0.05175675451755524 -0.031493533402681344 0.008772183209657669
v 0.03593237325549126 -0.01516131218522787 0.0
v 0.03593237325549126 -0.01516131218522787 0.0
v 0.05175675451755524 -0.031493533402681344 0.008772183209657669
v 0.04978391155600548 -0.03403037413954734 0.009038829244673252
v 0.03593237325549126 -0.01516131218522787 0.0
v 0.04978391155600548 -0.03403037413954734 0.009038829244673252
v 0.03434424847364426 -0.018477985635399815 0.0
v 0.03434424847364426 -0.018477985635399815 0.0
v 0.04978391155600548 -0.03403037413954734 0.009038829244673252
v 0.047600891441106796 -0.036552712321281426 0.009305475279688835
v 0.03434424847364426 -0.018477985635399815 0.0
v 0.047600891441106796 -0.036552712321281426 0.009305475279688835
v 0.03244880586862564 -0.021635022014379498 0.0
v 0.03244880586862564 -0.021635022014379498 0.0
v 0.047600891441106796 -0.036552712321281426 0.009305475279688835
v 0.03205529972910881 -0.022213919088244435 0.0
v -0.008914727717638016 -0.03998753428459167 0.0020662914030253887
v -0.008561486378312111 -0.04014594852924346 0.0070000034756958485
v -0.009704637341201305 -0.03923320770263671 0.0015200121561065316
v -0.009704637341201305 -0.03923320770263671 0.0015200121561065316
v -0.008561486378312111 -0.04014594852924346 0.0070000034756958485
v -0.011854637414216995 -0.036705978214740746 0.006603125482797623
v -0.009704637341201305 -0.03923320770263671 0.0015200121561065316
v -0.011854637414216995 -0.036705978214740746 0.006603125482797623
v -0.011510936543345451 -0.037262637168169015 4.3246544123576314e-08
v -0.011510936543345451 -0.037262637168169015 4.3246544123576314e-08
v -0.011854637414216995 -0.036705978214740746 0.006603125482797623
v -0.011899028904736042 -0.03677911683917045 0.0
v -0.011899028904736042 -0.03677911683917045 0.0
v -0.011854637414216995 -0.036705978214740746 0.006603125482797623
v -0.012985914945602417 -0.03530612960457801 0.0
v -0.012985914945602417 -0.03530612960457801 0.0
v -0.011854637414216995 -0.036705978214740746 0.006603125482797623
v -0.014557198621332645 -0.032786194235086434 0.006195930764079094
v -0.012985914945602417 -0.03530612960457801 0.0
v -0.014557198621332645 -0.032786194235086434 0.006195930764079094
v -0.014305456541478634 -0.03322222083806991 -4.508893258758917e-13
v -0.02349196933209896 -0.017310714349150654 0.007000000216066837
v -0.02511473558843136 -0.014499999582767485 0.007000000216066837
v -0.02511473558843136 -0.014499999582767485 0.0
v -0.014305456541478634 -0.03322222083806991 -4.508893258758917e-13
v -0.014557198621332645 -0.032786194235086434 0.006195930764079094
v -0.015233192592859268 -0.031615335494279855 0.0
v -0.01459210179746151 -0.032725736498832696 0.00699999975040555
v -0.017220692709088326 -0.028172882273793217 0.0
v -0.016285330057144165 -0.029792979359626767 0.007000000216066837
v -0.02034723572432995 -0.022757550701498982 0.0
v -0.018797235563397408 -0.02544223144650459 0.007000000216066837
v -0.020786968991160393 -0.021995911374688145 0.0
v -0.023019107058644295 -0.01812973618507385 0.0
v 0.02511473558843136 0.014499999582767485 0.007000000216066837
v 0.02511473558843136 0.014499999582767485 4.413136522884997e-15
v 0.020914871245622635 0.020089006051421162 0.0
v 0.020914871245622635 0.020089006051421162 0.007000000216066837
v 0.020914871245622635 0.020089006051421162 0.007000000216066837
v 0.020914871245622635 0.020089006051421162 0.0
v 0.015512919053435326 0.024502027779817578 0.0
v 0.020914871245622635 0.020089006051421162 0.007000000216066837
v 0.015512919053435326 0.024502027779817578 0.0
v 0.015499508939683437 0.024510512128472325 0.007000000216066837
v 0.015512919053435326 0.024502027779817578 0.0
v 0.015499508939683437 0.024510512128472325 0.0
v 0.015499508939683437 0.024510512128472325 0.007000000216066837
v 0.015499508939683437 0.024510512128472325 0.007000000216066837
v 0.015499508939683437 0.024510512128472325 0.0
v 0.009183371439576149 0.027507556602358815 0.0
v 0.009183371439576149 0.027507556602358815 0.007000000216066837
v 0.009183371439576149 0.027507556602358815 0.007000000216066837
v 0.009183371439576149 0.027507556602358815 0.0
v 0.0023335309233516455 0.028905961662530896 0.0
v 0.0023335309233516455 0.028905961662530896 0.007000000216066837
v 0.0023335309233516455 0.028905961662530896 0.007000000216066837
v 0.0023335309233516455 0.028905961662530896 0.0
v -0.002119154669344425 0.02892246842384338 0.007000000216066837
v -0.002119154669344425 0.02892246842384338 0.007000000216066837
v 0.0023335309233516455 0.028905961662530896 0.0
v -0.004651927389204502 0.028624458238482472 0.0
v -0.002119154669344425 0.02892246842384338 0.007000000216066837
v -0.004651927389204502 0.028624458238482472 0.0
v -0.004651927389204502 0.028624458238482472 0.007000000216066837
v -0.004651927389204502 0.028624458238482472 0.007000000216066837
v -0.004651927389204502 0.028624458238482472 0.0
v -0.011367031373083591 0.02667940407991409 0.0
v -0.011367031373083591 0.02667940407991409 0.007000000216066837
v -0.011367031373083591 0.02667940407991409 0.007000000216066837
v -0.011367031373083591 0.02667940407991409 0.0
v -0.017421524971723557 0.023183839395642277 0.0
v -0.017421524971723557 0.023183839395642277 0.007000000216066837
v -0.017421524971723557 0.023183839395642277 0.007000000216066837
v -0.017421524971723557 0.023183839395642277 0.0
v -0.02198202721774578 0.018915349617600438 0.007000000216066837
v -0.02198202721774578 0.018915349617600438 0.007000000216066837
v -0.017421524971723557 0.023183839395642277 0.0
v -0.022463545203208923 0.018340915441513058 0.0
v -0.02198202721774578 0.018915349617600438 0.007000000216066837
v -0.022463545203208923 0.018340915441513058 0.0
v -0.022463545203208923 0.018340915441513058 0.007000000216066837
v -0.022463545203208923 0.018340915441513058 0.007000000216066837
v -0.022463545203208923 0.018340915441513058 0.0
v -0.0262000635266304 0.012432084418833254 0.0
v -0.0262000635266304 0.012432084418833254 0.007000000216066837
v -0.0262000635266304 0.012432084418833254 0.007000000216066837
v -0.0262000635266304 0.012432084418833254 0.0
v -0.027880709618330002 0.007979103364050387 0.0
v -0.0262000635266304 0.012432084418833254 0.007000000216066837
v -0.027880709618330002 0.007979103364050387 0.0
v -0.028413929045200348 0.005800745449960231 0.007000000216066837
v -0.028413929045200348 0.005800745449960231 0.007000000216066837
v -0.027880709618330002 0.007979103364050387 0.0
v -0.028413929045200348 0.005800745449960231 0.0
v -0.028413929045200348 0.005800745449960231 0.007000000216066837
v -0.028413929045200348 0.005800745449960231 0.0
v -0.02899034321308136 -0.0007483442896045743 0.007000000216066837
v -0.02899034321308136 -0.0007483442896045743 0.007000000216066837
v -0.028413929045200348 0.005800745449960231 0.0
v -0.028976481407880783 -0.0011677127331495283 0.0
v -0.02899034321308136 -0.0007483442896045743 0.007000000216066837
v -0.028976481407880783 -0.0011677127331495283 0.0
v -0.028976481407880783 -0.0011677127331495283 0.007000000216066837
v -0.028976481407880783 -0.0011677127331495283 0.007000000216066837
v -0.028976481407880783 -0.0011677127331495283 0.0
v -0.027855025604367256 -0.008068306371569632 0.0
v -0.027855025604367256 -0.008068306371569632 0.007000000216066837
v -0.027855025604367256 -0.008068306371569632 0.007000000216066837
v -0.027855025604367256 -0.008068306371569632 0.0
v -0.02511473558843136 -0.014499999582767485 0.0
v -0.02511473558843136 -0.014499999582767485 0.007000000216066837
v 0.03681798651814461 -0.005770627409219741 0.029000258073210716
v 0.03721149265766144 -0.00645219488069415 0.029014727100729942
v 0.03721148520708084 -0.006452186964452266 0.00601603789255023
v 0.03724122792482376 -0.006503544282168149 0.006018041167408228
v 0.03740837052464485 -0.006793370004743337 4.101691208902025e-12
v 0.03721148520708084 -0.006452186964452266 0.00601603789255023
v 0.03721148520708084 -0.006452186964452266 0.00601603789255023
v 0.03740837052464485 -0.006793370004743337 4.101691208902025e-12
v 0.03499627858400345 -0.002615334931761026 0.0
v 0.03143223747611046 0.0035577686503529544 0.007000000216066837
v 0.03394414111971855 -0.000792979379184544 0.007000000216066837
v 0.03300878033041954 0.0008271162514574825 0.0
v 0.03606918826699257 -0.004473665729165076 0.007000000216066837
v 0.03499627858400345 -0.002615334931761026 0.0
v 0.03606918826699257 -0.004473665729165076 0.028999999165534973
v 0.029882235452532768 0.006242447532713412 0.0
v 0.029442502185702324 0.007004087790846824 0.0
v 0.026737501844763756 0.011689285747706888 0.007000000216066837
v 0.02721036598086357 0.010870262049138544 0.0
v 0.02511473558843136 0.014499999582767485 0.007000000216066837
v 0.02511473558843136 0.014499999582767485 4.413136522884997e-15
v -0.010388044640421867 0.02229262143373489 0.0
v -0.011175000108778477 0.023079577833414074 0.0
v -0.008257430046796799 0.025202289223670956 0.0
v 0.00819450244307518 -0.0036484275478869672 0.0
v 0.009047605097293854 -0.004770911764353513 0.0
v 0.006002101581543684 -0.0066660093143582335 0.0
v -0.014305456541478634 -0.03322222083806991 -4.508893258758917e-13
v -0.015233192592859268 -0.031615335494279855 0.0
v -0.011350283399224281 -0.029373535886406895 0.0
v -0.014111954718828201 0.02229262329638004 0.0
v -0.014400000683963299 0.021217623725533482 0.0
v -0.017697107046842575 0.019752288237214085 0.0
v 0.009183371439576149 0.027507556602358815 0.0
v 0.007182429078966379 0.022377287968993183 0.0
v 0.0023335309233516455 0.028905961662530896 0.0
v 0.020914871245622635 0.020089006051421162 0.0
v 0.01747533306479454 0.02109945751726627 0.0
v 0.015512919053435326 0.024502027779817578 0.0
v 0.03740837052464485 -0.006793370004743337 4.101691208902025e-12
v 0.03816376253962517 -0.00803215056657791 -8.286497710230378e-09
v 0.03522010147571564 -0.009635383263230322 0.0
v 0.03499627858400345 -0.002615334931761026 0.0
v 0.03212437406182289 -0.004273429047316312 0.0
v 0.030136875808238983 -0.0008309778640978037 0.0
v 0.03300878033041954 0.0008271162514574825 0.0
v 0.02701033279299736 0.004584353417158126 0.0
v 0.029882235452532768 0.006242447532713412 0.0
v 0.023238349705934525 0.015750000253319737 0.0
v 0.02511473558843136 0.014499999582767485 4.413136522884997e-15
v 0.025259075686335564 0.012250000610947607 0.0
v 0.01030897255986929 0.016961956396698948 0.0
v 0.013325000181794167 0.01935566775500774 0.0
v 0.014111955650150776 0.020142622292041775 0.0
v 0.014400000683963299 0.021217623725533482 0.0
v 0.014111955650150776 0.02229262143373489 0.0
v 0.015499508939683437 0.024510512128472325 0.0
v 0.013325000181794167 0.023079577833414074 0.0
v 0.010388045571744442 0.020142622292041775 0.0
v 0.011175000108778477 0.01935566775500774 0.0
v 0.012249999679625034 0.019067622721195217 0.0
v 0.012250000610947609 0.023367622867226597 0.0
v 0.011175000108778477 0.023079575970768925 0.0
v 0.010388045571744442 0.02229262329638004 0.0
v 0.010099999606609344 0.021217621862888333 0.0
v -0.0022731944918632507 0.028657289221882817 0.0
v -0.004651927389204502 0.028624458238482472 0.0
v -0.011367031373083591 0.02667940407991409 0.0
v -0.012250000610947609 0.023367622867226597 0.0
v -0.013325000181794167 0.023079577833414074 0.0
v -0.017421524971723557 0.023183839395642277 0.0
v -0.022463545203208923 0.018340915441513058 0.0
v -0.023681342601776123 0.016297288239002224 0.0
v -0.0262000635266304 0.012432084418833254 0.0
v -0.028413929045200348 0.005800745449960231 0.0
v -0.027880709618330002 0.007979103364050387 0.0
v -0.025243831798434258 0.0036559782456606622 0.0
v -0.022970514371991158 0.004968477878719567 0.0
v -0.025574998930096626 0.0018619546899572013 0.0
v -0.02636195532977581 0.0010749996872618792 0.0
v -0.027855025604367256 -0.008068306371569632 0.0
v -0.028976481407880783 -0.0011677127331495283 0.0
v -0.02599932625889778 -0.004000648856163024 0.0
v -0.02636195532977581 -0.001075000502169132 0.0
v -0.025575000792741776 -0.001861954922787845 0.0
v -0.026650000363588333 -2.5384033763842235e-10 0.0
v -0.012985914945602417 -0.03530612960457801 0.0
v -0.005528509151190519 -0.03860619664192199 0.0
v -0.00915066059678793 -0.037911135703325265 0.0
v -0.008254557847976685 -0.034735489636659615 0.0
v -0.008254557847976685 -0.034735489636659615 0.0
v -0.00915066059678793 -0.037911135703325265 0.0
v -0.011510936543345451 -0.037262637168169015 4.3246544123576314e-08
v -0.008254557847976685 -0.034735489636659615 0.0
v -0.011510936543345451 -0.037262637168169015 4.3246544123576314e-08
v -0.011899028904736042 -0.03677911683917045 0.0
v -0.0018420233391225338 -0.03895603120326995 0.0
v -0.0043725199066102505 -0.032494194805622094 0.0
v 0.0002178074064431712 -0.0389990285038948 0.0
v -0.0020992036443203688 -0.0311816930770874 0.0
v 0.0038905360270291567 -0.03880538418889045 0.0
v 0.0022731944918632507 -0.028657289221882817 0.0
v 0.007540386635810137 -0.038263451308012 0.0
v 0.008257430046796799 -0.025202289223670956 0.0
v 0.013120854273438454 -0.03672624751925468 0.0
v 0.011151457205414772 -0.03737170621752738 0.0
v 0.023681342601776123 -0.016297288239002224 0.0
v 0.02728203311562538 -0.027869027107954022 0.0
v 0.017697107046842575 -0.019752288237214085 0.0
v 0.02453634701669216 -0.03031373023986816 0.0
v 0.014111954718828201 -0.02229262329638004 0.0
v 0.02289601042866707 -0.03157072514295577 0.0
v 0.013325000181794167 -0.023079577833414074 0.0
v 0.03434424847364426 -0.018477985635399815 0.0
v 0.03244880586862564 -0.021635022014379498 0.0
v 0.02805374003946781 -0.01377288345247507 0.0
v 0.03205529972910881 -0.022213919088244435 0.0
v 0.0297931469976902 -0.02516580186784267 0.0
v 0.03816376253962517 -0.00803215056657791 -8.286497710230378e-09
v 0.03815320506691933 -0.008083267137408255 1.75570793459201e-08
v 0.03522010147571564 -0.009635383263230322 0.0
v 0.03815320506691933 -0.008083267137408255 1.75570793459201e-08
v 0.03720512241125107 -0.011694808490574358 0.0
v 0.03593237325549126 -0.01516131218522787 0.0
v -0.004041451495140791 0.024499999359250065 0.0
v -0.002020725980401039 0.027999999001622197 0.0
v 0.0020207264460623264 0.027999999001622197 0.0
v 0.0040414524264633656 0.024499999359250065 0.0
v 0.002020725980401039 0.020999999716877934 0.0
v 0.0028100311756134033 0.0198528841137886 0.0
v -0.002020725514739752 0.020999999716877934 0.0
v -0.0031742043793201447 0.01639788411557674 0.0
v -0.012613881379365921 0.010947883129119871 0.0
v -0.01859811693429947 0.0074928831309080115 0.0
v -0.019196895882487297 0.008750000037252901 0.0
v -0.023238347843289375 0.008749999105930327 0.0
v -0.025259073823690414 0.012249999679625033 0.0
v -0.023238347843289375 0.015750000253319737 0.0
v -0.019196895882487297 0.015750000253319737 0.0
v -0.017176169902086258 0.012249999679625033 0.0
v -0.025259075686335564 -0.012250000610947607 0.0
v -0.023238347843289375 -0.008750000037252901 0.0
v -0.019196895882487297 -0.008750000037252901 0.0
v -0.022117288783192635 -0.0017593532102182505 0.0
v -0.017176169902086258 -0.012249999679625033 0.0
v -0.015254158526659012 -0.013646642677485941 0.0
v -0.019196895882487297 -0.015750000253319737 0.0
v -0.019136197865009308 -0.015887938439846035 0.0
v -0.023238349705934525 -0.015750000253319737 0.0
v -0.023019107058644295 -0.01812973618507385 0.0
v -0.02511473558843136 -0.014499999582767485 0.0
v 0.002020725980401039 -0.027999999001622197 0.0
v -0.0020207264460623264 -0.027999999001622197 0.0
v -0.003758357372134924 -0.024990335106849667 0.0
v -0.007182429078966379 -0.022377287968993183 0.0
v -0.0028100311756134033 -0.0198528841137886 0.0
v -0.002020725980401039 -0.020999999716877934 0.0
v 0.002020725514739752 -0.020999999716877934 0.0
v 0.0031742043793201447 -0.01639788411557674 0.0
v 0.0023038205690681934 -0.021490335464477536 0.0
v 0.012613881379365921 -0.010947883129119871 0.0
v 0.01859811693429947 -0.0074928831309080115 0.0
v 0.019196895882487297 -0.008750000037252901 0.0
v 0.023238347843289375 -0.008749999105930327 0.0
v 0.022970514371991158 -0.004968477878719567 0.0
v 0.02352144382894039 -0.009240334853529928 0.0
v 0.024958014488220215 -0.008410929702222346 0.0
v 0.025259073823690414 -0.012249999679625033 0.0
v 0.023238347843289375 -0.015750000253319737 0.0
v 0.019196895882487297 -0.015750000253319737 0.0
v 0.017459265887737274 -0.01274033449590206 0.0
v 0.014601381495594978 -0.014390334486961363 0.0
v 0.017176169902086258 -0.012249999679625033 0.0
v 0.019196895882487297 0.015750000253319737 0.0
v 0.017176169902086258 0.012249999679625033 0.0
v 0.019196895882487297 0.008750000037252901 0.0
v 0.017172101885080338 0.005074668209999799 0.0
v 0.023238347843289375 0.008750000037252901 0.0
v 0.024338463321328163 0.009212167933583258 0.0
v 0.02721036598086357 0.010870262049138544 0.0
v 0.004484999924898148 -0.007768247742205857 0.0
v 0.009487338364124298 -0.005532552022486924 0.0
v 4.766136407852173e-05 -0.010982551611959932 0.0
v 0.0027718825731426477 -0.00853097718209028 0.0
v -0.0009376203524880111 -0.008920861408114432 0.0
v -0.0003920719027519226 -0.010220911353826521 0.0
v -0.004484999924898148 -0.007768247742205857 0.0
v -0.006376307457685471 -0.013675911352038382 0.0
v -0.008773984387516975 -0.0018649681005626915 0.0
v -0.007256882265210152 -0.005272433627396821 0.0
v -0.008608444593846798 -0.00980973709374666 0.0
v -0.015471573919057846 0.002077552024275064 0.0
v -0.009487338364124298 0.005532552022486924 0.0
v -0.008773984387516975 0.001864967751316726 0.0
v -4.766136407852173e-05 0.010982551611959932 0.0
v -0.004484999924898148 0.007768247742205857 0.0
v -0.007256882265210152 0.005272433627396821 0.0
v 0.00819450244307518 0.003648427780717611 0.0
v 0.006002101581543684 0.0066660093143582335 0.0
v 0.005936574190855026 0.014437551610171793 0.0
v 0.0027718825731426477 0.00853097718209028 0.0
v -0.0009376200614497066 0.008920861408114432 0.0
v 0.015031840652227402 -0.001315911649726331 0.0
v -0.015592064708471298 -0.018324116244912144 0.0
v -0.013022022321820259 -0.01751281693577766 0.0
v -0.0163241159170866 -0.019056167453527447 0.0
v -0.016904059797525406 -0.019754111766815182 0.0
v -0.015324116684496403 -0.01732411608099937 0.0
v -0.015592064708471298 -0.016324115917086598 0.0
v -0.01632411777973175 -0.015592065639793871 0.0
v -0.017324116080999374 -0.015324115753173826 0.0
v -0.018324116244912148 -0.015592065639793871 0.0
v -0.01905616745352745 -0.016324115917086598 0.0
v -0.01932411640882492 -0.01732411608099937 0.0
v -0.01905616745352745 -0.018324116244912144 0.0
v -0.020786968991160393 -0.021995911374688145 0.0
v -0.018324116244912148 -0.019056167453527447 0.0
v -0.017324116080999374 -0.019324116408824917 0.0
v 0.014400000683963299 -0.021217623725533482 0.0
v 0.014111954718828201 -0.020142622292041775 0.0
v 0.013325000181794167 -0.01935566775500774 0.0
v 0.010388045571744442 -0.020142622292041775 0.0
v 0.005161704495549202 -0.019840335473418232 0.0
v 0.011175000108778477 -0.01935566775500774 0.0
v 0.012249999679625034 -0.019067622721195217 0.0
v 0.010099999606609344 -0.021217621862888333 0.0
v 0.004041451495140791 -0.024499999359250065 0.0
v 0.019786130636930466 -0.03360814973711967 0.0
v 0.016523124650120735 -0.03532605990767478 0.0
v 0.012250000610947609 -0.023367622867226597 0.0
v 0.011175000108778477 -0.023079577833414074 0.0
v 0.010388044640421867 -0.02229262143373489 0.0
v -0.010099999606609344 0.021217621862888333 0.0
v -0.010388045571744442 0.020142622292041775 0.0
v -0.014111954718828201 0.020142622292041775 0.0
v -0.013325000181794167 0.01935566775500774 0.0
v -0.012249999679625034 0.019067622721195217 0.0
v -0.011175000108778477 0.01935566775500774 0.0
v -0.024500001221895218 -0.002150000305846333 0.0
v -0.02342499978840351 -0.0018619546899572013 0.0
v -0.022638045251369476 -0.001074999803677201 0.0
v -0.019843971356749535 -0.00044685328612104053 0.0
v -0.022350000217556953 1.0399272415417825e-10 0.0
v -0.02449999935925007 0.0021500000730156894 0.0
v -0.02342499978840351 0.001861954806372523 0.0
v -0.022638045251369476 0.0010749995708465574 0.0
v -0.014111955650150776 -0.020142622292041775 0.0
v -0.014400000683963299 -0.021217623725533482 0.0
v -0.01646432653069496 -0.020515752956271168 0.0
v -0.014111955650150776 -0.02229262143373489 0.0
v -0.013325000181794167 -0.023079577833414074 0.0
v -0.013337783515453339 -0.025931084528565403 0.0
v -0.012250000610947609 -0.023367622867226597 0.0
v -0.009455746039748192 -0.023689787834882733 0.0
v -0.013325000181794167 -0.01935566775500774 0.0
v -0.012582289054989815 -0.018274456262588498 0.0
v -0.012249999679625034 -0.019067622721195217 0.0
v -0.011175000108778477 -0.023079575970768925 0.0
v -0.010388045571744442 -0.02229262329638004 0.0
v -0.010099999606609344 -0.021217621862888333 0.0
v -0.011175000108778477 -0.01935566775500774 0.0
v -0.01030897255986929 -0.016961956396698948 0.0
v -0.010388045571744442 -0.020142622292041775 0.0
v -0.017220692709088326 -0.028172882273793217 0.0
v -0.02034723572432995 -0.022757550701498982 0.0
v -0.011899028904736042 -0.03677911683917045 0.0
v -0.007468245457857847 -0.027132239192724224 0.0
v -0.005194928962737322 -0.025819739326834675 0.0
v -0.0040414524264633656 -0.024499999359250065 0.0
v -0.010748705826699734 -0.01620031706988811 0.0
v -0.012980842031538486 -0.012334142811596392 0.0
v -0.005936574190855026 -0.014437551610171793 0.0
v 0.008969999849796295 1.6960044479930045e-13 0.0
v 0.012799703516066074 0.002550262957811355 0.0
v 0.025574998930096626 -0.0018619546899572013 0.0
v 0.02636195532977581 -0.0010749996872618792 0.0
v 0.026650000363588333 2.5384033763842235e-10 0.0
v 0.02636195532977581 0.001075000502169132 0.0
v 0.025575000792741776 0.001861954922787845 0.0
v 0.022638045251369476 -0.0010749995708465574 0.0
v 0.02342499978840351 -0.001861954806372523 0.0
v 0.02449999935925007 -0.0021500000730156894 0.0
v 0.024500001221895218 0.002150000305846333 0.0
v 0.02342499978840351 0.0018619546899572013 0.0
v 0.019843971356749535 0.00044685328612104053 0.0
v 0.022638045251369476 0.001074999803677201 0.0
v 0.022350000217556953 -1.0399273109307215e-10 0.0
v 0.015471573919057846 -0.002077552024275064 0.0
v 0.01940423808991909 0.0012084936024621127 0.0
v 0.026570599526166916 0.005345993675291537 0.0
v 0.029442502185702324 0.007004087790846824 0.0
v 0.03874983638525009 -0.0906248167157173 0.07020637392997742
v 0.06972020119428635 -0.08257338404655455 0.07020637392997742
v 0.041409194469451904 -0.10085421055555342 0.056214913725852966
v 0.07236617803573608 -0.09275130182504653 0.0562853179872036
v 0.05521260201931 -0.09115287661552428 0.06902363151311874
v 0.05501183867454529 -0.09038062393665312 0.06842087209224701
v 0.055541377514600754 -0.09055227786302565 0.06802456825971603
v 0.05574214458465576 -0.0913245305418968 0.06862733513116837
v 0.05574214458465576 -0.0913245305418968 0.06862733513116837
v 0.055541377514600754 -0.09055227786302565 0.06802456825971603
v 0.05571138486266136 -0.09076884388923644 0.06769048422574997
v 0.05591214820742607 -0.09154109656810759 0.0682932436466217
v 0.05591214820742607 -0.09154109656810759 0.0682932436466217
v 0.05571138486266136 -0.09076884388923644 0.06769048422574997
v 0.05565934628248215 -0.09117036312818526 0.067193403840065
v 0.055860113352537155 -0.09194261580705641 0.06779616326093674
v 0.055860113352537155 -0.09194261580705641 0.06779616326093674
v 0.05565934628248215 -0.09117036312818526 0.067193403840065
v 0.055526357144117355 -0.09144022315740584 0.06689196079969406
v 0.055860113352537155 -0.09194261580705641 0.06779616326093674
v 0.055526357144117355 -0.09144022315740584 0.06689196079969406
v 0.055727120488882065 -0.0922124683856964 0.06749472767114639
v 0.055727120488882065 -0.0922124683856964 0.06749472767114639
v 0.055526357144117355 -0.09144022315740584 0.06689196079969406
v 0.05483480915427208 -0.09272117167711257 0.06548116356134415
v 0.05503557622432709 -0.09349342435598372 0.06608393043279648
v 0.05503557622432709 -0.09349342435598372 0.06608393043279648
v 0.05483480915427208 -0.09272117167711257 0.06548116356134415
v 0.05099597945809364 -0.09468928724527358 0.06589727848768234
v 0.050795216113328934 -0.09391704201698302 0.06529451906681061
v 0.051838185638189316 -0.09490739554166792 0.06533733755350113
v 0.05099597945809364 -0.09468928724527358 0.06589727848768234
v 0.05163741856813431 -0.09413513541221617 0.0647345706820488
v 0.050795216113328934 -0.09391704201698302 0.06529451906681061
v 0.05163741856813431 -0.09413513541221617 0.0647345706820488
v 0.054688237607479095 -0.0930870622396469 0.06506120413541794
v 0.051838185638189316 -0.09490739554166792 0.06533733755350113
v 0.054889000952243805 -0.09385931491851805 0.06566397100687027
v 0.054889000952243805 -0.09385931491851805 0.06566397100687027
v 0.054688237607479095 -0.0930870622396469 0.06506120413541794
v 0.05342322587966919 -0.0968918278813362 0.062266986817121506
v 0.05322246626019478 -0.09611958265304564 0.061664219945669174
v 0.05342322587966919 -0.0968918278813362 0.062266986817121506
v 0.05322246626019478 -0.09611958265304564 0.061664219945669174
v 0.05112341791391373 -0.09982794523239134 0.05927128344774246
v 0.05092265456914902 -0.09905570000410079 0.05866852030158043
v 0.05138528719544411 -0.0999055504798889 0.059084635227918625
v 0.05112341791391373 -0.09982794523239134 0.05927128344774246
v 0.0511845238506794 -0.09913330525159834 0.05848187208175659
v 0.05092265456914902 -0.09905570000410079 0.05866852030158043
v 0.05138528719544411 -0.0999055504798889 0.059084635227918625
v 0.0511845238506794 -0.09913330525159834 0.05848187208175659
v 0.05373869463801384 -0.09607645869255065 0.061547525227069855
v 0.05393945798277855 -0.0968487039208412 0.06215028837323189
v 0.05393945798277855 -0.0968487039208412 0.06215028837323189
v 0.05373869463801384 -0.09607645869255065 0.061547525227069855
v 0.05530194938182831 -0.09289109706878661 0.06510786712169647
v 0.05550271272659302 -0.09366334229707717 0.0657106339931488
v 0.05550271272659302 -0.09366334229707717 0.0657106339931488
v 0.05530194938182831 -0.09289109706878661 0.06510786712169647
v 0.06142229959368706 -0.09179662913084029 0.06613059341907501
v 0.06122153624892235 -0.09102437645196913 0.06552782654762268
v 0.06058896332979202 -0.09161264449357985 0.06664387136697769
v 0.06142229959368706 -0.09179662913084029 0.06613059341907501
v 0.06038819998502731 -0.0908403918147087 0.06604111194610596
v 0.06122153624892235 -0.09102437645196913 0.06552782654762268
v 0.06058896332979202 -0.09161264449357985 0.06664387136697769
v 0.06038819998502731 -0.0908403918147087 0.06604111194610596
v 0.055649284273386 -0.09329745173454283 0.06613059341907501
v 0.05544852092862129 -0.09252519905567168 0.06552782654762268
v 0.055649284273386 -0.09329745173454283 0.06613059341907501
v 0.05544852092862129 -0.09252519905567168 0.06552782654762268
v 0.05581674352288246 -0.09112700819969176 0.06719651818275452
v 0.05601750686764717 -0.09189926087856291 0.06779928505420685
v 0.05601750686764717 -0.09189926087856291 0.06779928505420685
v 0.05581674352288246 -0.09112700819969176 0.06719651818275452
v 0.05604904145002365 -0.0906616374850273 0.06771537661552429
v 0.05624980106949806 -0.09143388271331786 0.06831814348697662
v 0.05624980106949806 -0.09143388271331786 0.06831814348697662
v 0.05604904145002365 -0.0906616374850273 0.06771537661552429
v 0.05607832223176956 -0.09064400196075438 0.06772822141647339
v 0.05624980106949806 -0.09143388271331786 0.06831814348697662
v 0.05607832223176956 -0.09064400196075438 0.06772822141647339
v 0.05627908185124397 -0.09141624718904494 0.06833098083734512
v 0.05627908185124397 -0.09141624718904494 0.06833098083734512
v 0.05607832223176956 -0.09064400196075438 0.06772822141647339
v 0.056095190346241 -0.0906408131122589 0.06772667914628983
v 0.05627908185124397 -0.09141624718904494 0.06833098083734512
v 0.056095190346241 -0.0906408131122589 0.06772667914628983
v 0.05629595369100571 -0.09141306579113005 0.06832944601774216
v 0.05629595369100571 -0.09141306579113005 0.06832944601774216
v 0.056095190346241 -0.0906408131122589 0.06772667914628983
v 0.056107040494680405 -0.09064221382141112 0.0677209421992302
v 0.05629595369100571 -0.09141306579113005 0.06832944601774216
v 0.056107040494680405 -0.09064221382141112 0.0677209421992302
v 0.056307803839445114 -0.09141446650028227 0.06832370162010193
v 0.05536465346813202 -0.09104049950838088 0.06911695748567581
v 0.056307803839445114 -0.09141446650028227 0.06832370162010193
v 0.05516389384865761 -0.09026824682950972 0.06851419061422348
v 0.056107040494680405 -0.09064221382141112 0.0677209421992302
v 0.05521260201931 -0.09115287661552428 0.06902363151311874
v 0.05536465346813202 -0.09104049950838088 0.06911695748567581
v 0.05501183867454529 -0.09038062393665312 0.06842087209224701
v 0.05501183867454529 -0.09038062393665312 0.06842087209224701
v 0.05536465346813202 -0.09104049950838088 0.06911695748567581
v 0.05516389384865761 -0.09026824682950972 0.06851419061422348
v 0.05550271272659302 -0.09366334229707717 0.0657106339931488
v 0.06142229959368706 -0.09179662913084029 0.06613059341907501
v 0.06058896332979202 -0.09161264449357985 0.06664387136697769
v 0.05503557622432709 -0.09349342435598372 0.06608393043279648
v 0.05099597945809364 -0.09468928724527358 0.06589727848768234
v 0.051838185638189316 -0.09490739554166792 0.06533733755350113
v 0.05536465346813202 -0.09104049950838088 0.06911695748567581
v 0.05521260201931 -0.09115287661552428 0.06902363151311874
v 0.05624980106949806 -0.09143388271331786 0.06831814348697662
v 0.05624980106949806 -0.09143388271331786 0.06831814348697662
v 0.05627908185124397 -0.09141624718904494 0.06833098083734512
v 0.05536465346813202 -0.09104049950838088 0.06911695748567581
v 0.05536465346813202 -0.09104049950838088 0.06911695748567581
v 0.05627908185124397 -0.09141624718904494 0.06833098083734512
v 0.05629595369100571 -0.09141306579113005 0.06832944601774216
v 0.05536465346813202 -0.09104049950838088 0.06911695748567581
v 0.05629595369100571 -0.09141306579113005 0.06832944601774216
v 0.056307803839445114 -0.09141446650028227 0.06832370162010193
v 0.05112341791391373 -0.09982794523239134 0.05927128344774246
v 0.05138528719544411 -0.0999055504798889 0.059084635227918625
v 0.05342322587966919 -0.0968918278813362 0.062266986817121506
v 0.05393945798277855 -0.0968487039208412 0.06215028837323189
v 0.054889000952243805 -0.09385931491851805 0.06566397100687027
v 0.054889000952243805 -0.09385931491851805 0.06566397100687027
v 0.05393945798277855 -0.0968487039208412 0.06215028837323189
v 0.055649284273386 -0.09329745173454283 0.06613059341907501
v 0.05521260201931 -0.09115287661552428 0.06902363151311874
v 0.05574214458465576 -0.0913245305418968 0.06862733513116837
v 0.05624980106949806 -0.09143388271331786 0.06831814348697662
v 0.05624980106949806 -0.09143388271331786 0.06831814348697662
v 0.05574214458465576 -0.0913245305418968 0.06862733513116837
v 0.05591214820742607 -0.09154109656810759 0.0682932436466217
v 0.05624980106949806 -0.09143388271331786 0.06831814348697662
v 0.05591214820742607 -0.09154109656810759 0.0682932436466217
v 0.05601750686764717 -0.09189926087856291 0.06779928505420685
v 0.05591214820742607 -0.09154109656810759 0.0682932436466217
v 0.055860113352537155 -0.09194261580705641 0.06779616326093674
v 0.05601750686764717 -0.09189926087856291 0.06779928505420685
v 0.055727120488882065 -0.0922124683856964 0.06749472767114639
v 0.05601750686764717 -0.09189926087856291 0.06779928505420685
v 0.055649284273386 -0.09329745173454283 0.06613059341907501
v 0.055649284273386 -0.09329745173454283 0.06613059341907501
v 0.05503557622432709 -0.09349342435598372 0.06608393043279648
v 0.054889000952243805 -0.09385931491851805 0.06566397100687027
v 0.051838185638189316 -0.09490739554166792 0.06533733755350113
v 0.05788147449493408 -0.0953758880496025 0.062724269926548
v 0.057680707424879074 -0.09460362792015074 0.06212150305509567
v 0.06093228980898857 -0.09432780742645262 0.06305090337991714
v 0.06073152646422386 -0.09355555474758147 0.06244813650846481
v 0.06022102013230324 -0.09414850920438765 0.06351751834154129
v 0.06093228980898857 -0.09432780742645262 0.06305090337991714
v 0.06002026051282883 -0.09337626397609709 0.06291475892066956
v 0.06073152646422386 -0.09355555474758147 0.06244813650846481
v 0.06022102013230324 -0.09414850920438765 0.06351751834154129
v 0.06002026051282883 -0.09337626397609709 0.06291475892066956
v 0.054789695888757706 -0.09603397548198699 0.06291091442108154
v 0.054588932543992996 -0.09526173025369643 0.06230815127491951
v 0.05550096556544304 -0.09621327370405196 0.0624442957341671
v 0.054789695888757706 -0.09603397548198699 0.06291091442108154
v 0.05530020222067833 -0.0954410210251808 0.061841532588005066
v 0.054588932543992996 -0.09526173025369643 0.06230815127491951
v 0.05550096556544304 -0.09621327370405196 0.0624442957341671
v 0.05530020222067833 -0.0954410210251808 0.061841532588005066
v 0.05738095939159393 -0.09554242342710494 0.06267760694026947
v 0.057180192321538925 -0.09477017074823378 0.06207484379410744
v 0.05788859352469444 -0.09795992821455 0.059411268681287766
v 0.05738095939159393 -0.09554242342710494 0.06267760694026947
v 0.05768783017992973 -0.09718767553567885 0.05880850553512573
v 0.057180192321538925 -0.09477017074823378 0.06207484379410744
v 0.05788859352469444 -0.09795992821455 0.059411268681287766
v 0.05768783017992973 -0.09718767553567885 0.05880850553512573
v 0.053518280386924744 -0.09927818924188613 0.05917796120047569
v 0.053317517042160034 -0.09850594401359557 0.05857519432902336
v 0.05440821498632431 -0.09944746643304823 0.058664679527282715
v 0.053518280386924744 -0.09927818924188613 0.05917796120047569
v 0.0542074516415596 -0.09867521375417708 0.05806191638112068
v 0.053317517042160034 -0.09850594401359557 0.05857519432902336
v 0.05440821498632431 -0.09944746643304823 0.058664679527282715
v 0.0542074516415596 -0.09867521375417708 0.05806191638112068
v 0.0631965771317482 -0.09676210582256316 0.05917796120047569
v 0.06299581378698349 -0.0959898605942726 0.05857519432902336
v 0.06234549731016159 -0.09650988876819609 0.05978456512093544
v 0.0631965771317482 -0.09676210582256316 0.05917796120047569
v 0.06214473396539688 -0.09573763608932494 0.05918180197477341
v 0.06299581378698349 -0.0959898605942726 0.05857519432902336
v 0.06234549731016159 -0.09650988876819609 0.05978456512093544
v 0.06214473396539688 -0.09573763608932494 0.05918180197477341
v 0.05838910862803459 -0.09779338538646697 0.0594579316675663
v 0.05818834528326988 -0.09702114015817641 0.058855168521404266
v 0.05788147449493408 -0.0953758880496025 0.062724269926548
v 0.05838910862803459 -0.09779338538646697 0.0594579316675663
v 0.057680707424879074 -0.09460362792015074 0.06212150305509567
v 0.05818834528326988 -0.09702114015817641 0.058855168521404266
v 0.06022102013230324 -0.09414850920438765 0.06351751834154129
v 0.054789695888757706 -0.09603397548198699 0.06291091442108154
v 0.05738095939159393 -0.09554242342710494 0.06267760694026947
v 0.05738095939159393 -0.09554242342710494 0.06267760694026947
v 0.054789695888757706 -0.09603397548198699 0.06291091442108154
v 0.05550096556544304 -0.09621327370405196 0.0624442957341671
v 0.05440821498632431 -0.09944746643304823 0.058664679527282715
v 0.0631965771317482 -0.09676210582256316 0.05917796120047569
v 0.05838910862803459 -0.09779338538646697 0.0594579316675663
v 0.06234549731016159 -0.09650988876819609 0.05978456512093544
v 0.06093228980898857 -0.09432780742645262 0.06305090337991714
v 0.05788147449493408 -0.0953758880496025 0.062724269926548
v 0.05788147449493408 -0.0953758880496025 0.062724269926548
v 0.05788859352469444 -0.09795992821455 0.059411268681287766
v 0.05838910862803459 -0.09779338538646697 0.0594579316675663
v 0.05788859352469444 -0.09795992821455 0.059411268681287766
v 0.05440821498632431 -0.09944746643304823 0.058664679527282715
v 0.053518280386924744 -0.09927818924188613 0.05917796120047569
v -0.002020725980401039 0.027999999001622197 0.004399999976158142
v -0.004041451495140791 0.024499999359250065 0.004399999976158142
v -0.002020725980401039 0.027999999001622197 0.0
v -0.004041451495140791 0.024499999359250065 0.0
v -0.004041451495140791 0.024499999359250065 0.004399999976158142
v -0.002020725514739752 0.020999999716877934 0.004399999976158142
v -0.004041451495140791 0.024499999359250065 0.0
v -0.002020725514739752 0.020999999716877934 0.0
v -0.002020725514739752 0.020999999716877934 0.004399999976158142
v 0.002020725980401039 0.020999999716877934 0.004399999976158142
v -0.002020725514739752 0.020999999716877934 0.0
v 0.002020725980401039 0.020999999716877934 0.0
v 0.002020725980401039 0.020999999716877934 0.004399999976158142
v 0.0040414524264633656 0.024499999359250065 0.004399999976158142
v 0.002020725980401039 0.020999999716877934 0.0
v 0.0040414524264633656 0.024499999359250065 0.0
v 0.0040414524264633656 0.024499999359250065 0.004399999976158142
v 0.0020207264460623264 0.027999999001622197 0.004399999976158142
v 0.0040414524264633656 0.024499999359250065 0.0
v 0.0020207264460623264 0.027999999001622197 0.0
v 0.0020207264460623264 0.027999999001622197 0.004399999976158142
v -0.002020725980401039 0.027999999001622197 0.004399999976158142
v 0.0020207264460623264 0.027999999001622197 0.0
v -0.002020725980401039 0.027999999001622197 0.0
v 0.002020725980401039 0.020999999716877934 0.004399999976158142
v 0.0010749995708465576 0.022638045251369473 0.004399999976158142
v 0.0018619548063725233 0.023424999788403508 0.004399999976158142
v 0.0040414524264633656 0.024499999359250065 0.004399999976158142
v -0.002020725980401039 0.027999999001622197 0.004399999976158142
v -0.0018619549227878451 0.025575000792741772 0.004399999976158142
v -0.004041451495140791 0.024499999359250065 0.004399999976158142
v -0.0021500003058463335 0.024500001221895214 0.004399999976158142
v -0.002020725514739752 0.020999999716877934 0.004399999976158142
v 0.0020207264460623264 0.027999999001622197 0.004399999976158142
v -2.538403376384224e-10 0.02665000036358833 0.004399999976158142
v -0.0010750005021691322 0.026361955329775807 0.004399999976158142
v -0.0018619546899572015 0.023424999788403508 0.004399999976158142
v -0.0010749998036772013 0.022638045251369473 0.004399999976158142
v 1.0399272415417826e-10 0.02235000021755695 0.004399999976158142
v 0.00215000007301569 0.024499999359250065 0.004399999976158142
v 0.0018619546899572015 0.025574998930096623 0.004399999976158142
v 0.0010749996872618794 0.026361955329775807 0.004399999976158142
v -0.025259073823690414 0.012249999679625033 0.004399999976158142
v -0.023238347843289375 0.008749999105930327 0.004399999976158142
v -0.025259073823690414 0.012249999679625033 0.0
v -0.023238347843289375 0.008749999105930327 0.0
v -0.023238347843289375 0.008749999105930327 0.004399999976158142
v -0.019196895882487297 0.008750000037252901 0.004399999976158142
v -0.023238347843289375 0.008749999105930327 0.0
v -0.019196895882487297 0.008750000037252901 0.0
v -0.019196895882487297 0.008750000037252901 0.004399999976158142
v -0.017176169902086258 0.012249999679625033 0.004399999976158142
v -0.019196895882487297 0.008750000037252901 0.0
v -0.017176169902086258 0.012249999679625033 0.0
v -0.017176169902086258 0.012249999679625033 0.004399999976158142
v -0.019196895882487297 0.015750000253319737 0.004399999976158142
v -0.017176169902086258 0.012249999679625033 0.0
v -0.019196895882487297 0.015750000253319737 0.0
v -0.019196895882487297 0.015750000253319737 0.004399999976158142
v -0.023238347843289375 0.015750000253319737 0.004399999976158142
v -0.019196895882487297 0.015750000253319737 0.0
v -0.023238347843289375 0.015750000253319737 0.0
v -0.023238347843289375 0.015750000253319737 0.004399999976158142
v -0.025259073823690414 0.012249999679625033 0.004399999976158142
v -0.023238347843289375 0.015750000253319737 0.0
v -0.025259073823690414 0.012249999679625033 0.0
v -0.017176169902086258 0.012249999679625033 0.004399999976158142
v -0.01906762272119522 0.012249999679625033 0.004399999976158142
v -0.019196895882487297 0.015750000253319737 0.004399999976158142
v -0.019355667755007744 0.013325000181794165 0.004399999976158142
v -0.025259073823690414 0.012249999679625033 0.004399999976158142
v -0.023238347843289375 0.015750000253319737 0.004399999976158142
v -0.023079577833414078 0.013325000181794165 0.004399999976158142
v -0.02014262229204178 0.014111955650150774 0.004399999976158142
v -0.021217623725533485 0.014400000683963297 0.004399999976158142
v -0.022292621433734894 0.014111955650150774 0.004399999976158142
v -0.0233676228672266 0.012250000610947607 0.004399999976158142
v -0.02307957597076893 0.011175000108778475 0.004399999976158142
v -0.023238347843289375 0.008749999105930327 0.004399999976158142
v -0.022292623296380043 0.01038804557174444 0.004399999976158142
v -0.021217621862888336 0.010099999606609343 0.004399999976158142
v -0.019196895882487297 0.008750000037252901 0.004399999976158142
v -0.02014262229204178 0.01038804557174444 0.004399999976158142
v -0.019355667755007744 0.011175000108778475 0.004399999976158142
v -0.023238349705934525 -0.015750000253319737 0.004399999976158142
v -0.019196895882487297 -0.015750000253319737 0.004399999976158142
v -0.023238349705934525 -0.015750000253319737 0.0
v -0.019196895882487297 -0.015750000253319737 0.0
v -0.019196895882487297 -0.015750000253319737 0.004399999976158142
v -0.017176169902086258 -0.012249999679625033 0.004399999976158142
v -0.019196895882487297 -0.015750000253319737 0.0
v -0.017176169902086258 -0.012249999679625033 0.0
v -0.017176169902086258 -0.012249999679625033 0.004399999976158142
v -0.019196895882487297 -0.008750000037252901 0.004399999976158142
v -0.017176169902086258 -0.012249999679625033 0.0
v -0.019196895882487297 -0.008750000037252901 0.0
v -0.019196895882487297 -0.008750000037252901 0.004399999976158142
v -0.023238347843289375 -0.008750000037252901 0.004399999976158142
v -0.019196895882487297 -0.008750000037252901 0.0
v -0.023238347843289375 -0.008750000037252901 0.0
v -0.023238347843289375 -0.008750000037252901 0.004399999976158142
v -0.025259075686335564 -0.012250000610947607 0.004399999976158142
v -0.023238347843289375 -0.008750000037252901 0.0
v -0.025259075686335564 -0.012250000610947607 0.0
v -0.025259075686335564 -0.012250000610947607 0.004399999976158142
v -0.023238349705934525 -0.015750000253319737 0.004399999976158142
v -0.025259075686335564 -0.012250000610947607 0.0
v -0.023238349705934525 -0.015750000253319737 0.0
v -0.019196895882487297 -0.008750000037252901 0.004399999976158142
v -0.017176169902086258 -0.012249999679625033 0.004399999976158142
v -0.01906762272119522 -0.012249999679625033 0.004399999976158142
v -0.021217621862888336 -0.010099999606609343 0.004399999976158142
v -0.023238347843289375 -0.008750000037252901 0.004399999976158142
v -0.02014262229204178 -0.01038804557174444 0.004399999976158142
v -0.019355667755007744 -0.011175000108778475 0.004399999976158142
v -0.023238349705934525 -0.015750000253319737 0.004399999976158142
v -0.025259075686335564 -0.012250000610947607 0.004399999976158142
v -0.023079577833414078 -0.013325000181794165 0.004399999976158142
v -0.022292623296380043 -0.0141119547188282 0.004399999976158142
v -0.021217623725533485 -0.014400000683963297 0.004399999976158142
v -0.019196895882487297 -0.015750000253319737 0.004399999976158142
v -0.02014262229204178 -0.0141119547188282 0.004399999976158142
v -0.019355667755007744 -0.013325000181794165 0.004399999976158142
v -0.022292621433734894 -0.010388044640421866 0.004399999976158142
v -0.023079577833414078 -0.011175000108778475 0.004399999976158142
v -0.0233676228672266 -0.012250000610947607 0.004399999976158142
v 0.002020725980401039 -0.027999999001622197 0.004399999976158142
v 0.004041451495140791 -0.024499999359250065 0.004399999976158142
v 0.002020725980401039 -0.027999999001622197 0.0
v 0.004041451495140791 -0.024499999359250065 0.0
v 0.004041451495140791 -0.024499999359250065 0.0
v 0.004041451495140791 -0.024499999359250065 0.004399999976158142
v 0.0023038205690681934 -0.021490335464477536 0.0
v 0.002020725514739752 -0.020999999716877934 0.004399999976158142
v 0.002020725514739752 -0.020999999716877934 0.0
v 0.002020725514739752 -0.020999999716877934 0.004399999976158142
v -0.002020725980401039 -0.020999999716877934 0.004399999976158142
v 0.002020725514739752 -0.020999999716877934 0.0
v -0.002020725980401039 -0.020999999716877934 0.0
v -0.002020725980401039 -0.020999999716877934 0.004399999976158142
v -0.0040414524264633656 -0.024499999359250065 0.004399999976158142
v -0.002020725980401039 -0.020999999716877934 0.0
v -0.0040414524264633656 -0.024499999359250065 0.0
v -0.0040414524264633656 -0.024499999359250065 0.0
v -0.0040414524264633656 -0.024499999359250065 0.004399999976158142
v -0.003758357372134924 -0.024990335106849667 0.0
v -0.0020207264460623264 -0.027999999001622197 0.004399999976158142
v -0.0020207264460623264 -0.027999999001622197 0.0
v -0.0020207264460623264 -0.027999999001622197 0.004399999976158142
v 0.002020725980401039 -0.027999999001622197 0.004399999976158142
v -0.0020207264460623264 -0.027999999001622197 0.0
v 0.002020725980401039 -0.027999999001622197 0.0
v 0.002020725980401039 -0.027999999001622197 0.004399999976158142
v 0.0010750005021691322 -0.026361955329775807 0.004399999976158142
v 0.0018619549227878451 -0.025575000792741772 0.004399999976158142
v -0.002020725980401039 -0.020999999716877934 0.004399999976158142
v -0.0010749995708465576 -0.022638045251369473 0.004399999976158142
v -0.0018619548063725233 -0.023424999788403508 0.004399999976158142
v 0.004041451495140791 -0.024499999359250065 0.004399999976158142
v -0.0040414524264633656 -0.024499999359250065 0.004399999976158142
v -0.00215000007301569 -0.024499999359250065 0.004399999976158142
v -0.0020207264460623264 -0.027999999001622197 0.004399999976158142
v -0.0018619546899572015 -0.025574998930096623 0.004399999976158142
v -0.0010749996872618794 -0.026361955329775807 0.004399999976158142
v 2.538403376384224e-10 -0.02665000036358833 0.004399999976158142
v 0.0021500003058463335 -0.024500001221895214 0.004399999976158142
v 0.0018619546899572015 -0.023424999788403508 0.004399999976158142
v 0.002020725514739752 -0.020999999716877934 0.004399999976158142
v 0.0010749998036772013 -0.022638045251369473 0.004399999976158142
v -1.0399273109307217e-10 -0.02235000021755695 0.004399999976158142
v 0.025259073823690414 -0.012249999679625033 0.0
v 0.025259073823690414 -0.012249999679625033 0.004399999976158142
v 0.02352144382894039 -0.009240334853529928 0.0
v 0.023238347843289375 -0.008749999105930327 0.004399999976158142
v 0.023238347843289375 -0.008749999105930327 0.0
v 0.023238347843289375 -0.008749999105930327 0.004399999976158142
v 0.019196895882487297 -0.008750000037252901 0.004399999976158142
v 0.023238347843289375 -0.008749999105930327 0.0
v 0.019196895882487297 -0.008750000037252901 0.0
v 0.019196895882487297 -0.008750000037252901 0.004399999976158142
v 0.017176169902086258 -0.012249999679625033 0.004399999976158142
v 0.019196895882487297 -0.008750000037252901 0.0
v 0.017176169902086258 -0.012249999679625033 0.0
v 0.017176169902086258 -0.012249999679625033 0.0
v 0.017176169902086258 -0.012249999679625033 0.004399999976158142
v 0.017459265887737274 -0.01274033449590206 0.0
v 0.019196895882487297 -0.015750000253319737 0.004399999976158142
v 0.019196895882487297 -0.015750000253319737 0.0
v 0.019196895882487297 -0.015750000253319737 0.004399999976158142
v 0.023238347843289375 -0.015750000253319737 0.004399999976158142
v 0.019196895882487297 -0.015750000253319737 0.0
v 0.023238347843289375 -0.015750000253319737 0.0
v 0.023238347843289375 -0.015750000253319737 0.004399999976158142
v 0.025259073823690414 -0.012249999679625033 0.004399999976158142
v 0.023238347843289375 -0.015750000253319737 0.0
v 0.025259073823690414 -0.012249999679625033 0.0
v 0.023238347843289375 -0.015750000253319737 0.004399999976158142
v 0.022292621433734894 -0.014111955650150774 0.004399999976158142
v 0.025259073823690414 -0.012249999679625033 0.004399999976158142
v 0.023079577833414078 -0.013325000181794165 0.004399999976158142
v 0.019196895882487297 -0.015750000253319737 0.004399999976158142
v 0.017176169902086258 -0.012249999679625033 0.004399999976158142
v 0.01906762272119522 -0.012249999679625033 0.004399999976158142
v 0.0233676228672266 -0.012250000610947607 0.004399999976158142
v 0.02307957597076893 -0.011175000108778475 0.004399999976158142
v 0.023238347843289375 -0.008749999105930327 0.004399999976158142
v 0.019355667755007744 -0.013325000181794165 0.004399999976158142
v 0.02014262229204178 -0.014111955650150774 0.004399999976158142
v 0.021217623725533485 -0.014400000683963297 0.004399999976158142
v 0.022292623296380043 -0.01038804557174444 0.004399999976158142
v 0.021217621862888336 -0.010099999606609343 0.004399999976158142
v 0.019196895882487297 -0.008750000037252901 0.004399999976158142
v 0.02014262229204178 -0.01038804557174444 0.004399999976158142
v 0.019355667755007744 -0.011175000108778475 0.004399999976158142
v 0.023238349705934525 0.015750000253319737 0.004399999976158142
v 0.019196895882487297 0.015750000253319737 0.004399999976158142
v 0.023238349705934525 0.015750000253319737 0.0
v 0.019196895882487297 0.015750000253319737 0.0
v 0.019196895882487297 0.015750000253319737 0.004399999976158142
v 0.017176169902086258 0.012249999679625033 0.004399999976158142
v 0.019196895882487297 0.015750000253319737 0.0
v 0.017176169902086258 0.012249999679625033 0.0
v 0.017176169902086258 0.012249999679625033 0.004399999976158142
v 0.019196895882487297 0.008750000037252901 0.004399999976158142
v 0.017176169902086258 0.012249999679625033 0.0
v 0.019196895882487297 0.008750000037252901 0.0
v 0.019196895882487297 0.008750000037252901 0.004399999976158142
v 0.023238347843289375 0.008750000037252901 0.004399999976158142
v 0.019196895882487297 0.008750000037252901 0.0
v 0.023238347843289375 0.008750000037252901 0.0
v 0.023238347843289375 0.008750000037252901 0.004399999976158142
v 0.025259075686335564 0.012250000610947607 0.004399999976158142
v 0.023238347843289375 0.008750000037252901 0.0
v 0.025259075686335564 0.012250000610947607 0.0
v 0.025259075686335564 0.012250000610947607 0.004399999976158142
v 0.023238349705934525 0.015750000253319737 0.004399999976158142
v 0.025259075686335564 0.012250000610947607 0.0
v 0.023238349705934525 0.015750000253319737 0.0
v 0.023238349705934525 0.015750000253319737 0.004399999976158142
v 0.025259075686335564 0.012250000610947607 0.004399999976158142
v 0.0233676228672266 0.012250000610947607 0.004399999976158142
v 0.019196895882487297 0.015750000253319737 0.004399999976158142
v 0.02014262229204178 0.0141119547188282 0.004399999976158142
v 0.019355667755007744 0.013325000181794165 0.004399999976158142
v 0.017176169902086258 0.012249999679625033 0.004399999976158142
v 0.01906762272119522 0.012249999679625033 0.004399999976158142
v 0.019355667755007744 0.011175000108778475 0.004399999976158142
v 0.019196895882487297 0.008750000037252901 0.004399999976158142
v 0.023079577833414078 0.013325000181794165 0.004399999976158142
v 0.022292623296380043 0.0141119547188282 0.004399999976158142
v 0.021217623725533485 0.014400000683963297 0.004399999976158142
v 0.02014262229204178 0.01038804557174444 0.004399999976158142
v 0.021217621862888336 0.010099999606609343 0.004399999976158142
v 0.023238347843289375 0.008750000037252901 0.004399999976158142
v 0.022292621433734894 0.010388044640421866 0.004399999976158142
v 0.023079577833414078 0.011175000108778475 0.004399999976158142
v 0.004484999924898148 -0.007768247742205857 0.0
v 0.0027718825731426477 -0.00853097718209028 0.0
v 0.0027718825731426477 -0.00853097718209028 -0.0020000000949949026
v 0.0027718825731426477 -0.00853097718209028 -0.0020000000949949026
v 0.0027718825731426477 -0.00853097718209028 0.0
v -0.0009376203524880111 -0.008920861408114432 0.0
v -0.0009376203524880111 -0.008920861408114432 -0.0020000000949949026
v -0.0009376203524880111 -0.008920861408114432 -0.0020000000949949026
v -0.0009376203524880111 -0.008920861408114432 0.0
v -0.004484999924898148 -0.007768247742205857 0.0
v -0.004484999924898148 -0.007768247742205857 -0.0020000000949949026
v -0.004484999924898148 -0.007768247742205857 -0.0020000000949949026
v -0.004484999924898148 -0.007768247742205857 0.0
v -0.007256882265210152 -0.005272433627396821 0.0
v -0.007256882265210152 -0.005272433627396821 -0.0020000000949949026
v -0.007256882265210152 -0.005272433627396821 -0.0020000000949949026
v -0.007256882265210152 -0.005272433627396821 0.0
v -0.008773984387516975 -0.0018649681005626915 0.0
v -0.008773984387516975 -0.0018649681005626915 -0.0020000000949949026
v -0.008773984387516975 -0.0018649681005626915 -0.0020000000949949026
v -0.008773984387516975 -0.0018649681005626915 0.0
v -0.008773984387516975 0.001864967751316726 0.0
v -0.008773984387516975 0.001864967751316726 -0.0020000000949949026
v -0.008773984387516975 0.001864967751316726 -0.0020000000949949026
v -0.008773984387516975 0.001864967751316726 0.0
v -0.007256882265210152 0.005272433627396821 0.0
v -0.007256882265210152 0.005272433627396821 -0.0020000000949949026
v -0.007256882265210152 0.005272433627396821 -0.0020000000949949026
v -0.007256882265210152 0.005272433627396821 0.0
v -0.004484999924898148 0.007768247742205857 0.0
v -0.004484999924898148 0.007768247742205857 -0.0020000000949949026
v -0.004484999924898148 0.007768247742205857 -0.0020000000949949026
v -0.004484999924898148 0.007768247742205857 0.0
v -0.0009376200614497066 0.008920861408114432 0.0
v -0.0009376200614497066 0.008920861408114432 -0.0020000000949949026
v -0.0009376200614497066 0.008920861408114432 -0.0020000000949949026
v -0.0009376200614497066 0.008920861408114432 0.0
v 0.0027718825731426477 0.00853097718209028 0.0
v 0.0027718825731426477 0.00853097718209028 -0.0020000000949949026
v 0.0027718825731426477 0.00853097718209028 -0.0020000000949949026
v 0.0027718825731426477 0.00853097718209028 0.0
v 0.006002101581543684 0.0066660093143582335 0.0
v 0.006002101581543684 0.0066660093143582335 -0.0020000000949949026
v 0.006002101581543684 0.0066660093143582335 -0.0020000000949949026
v 0.006002101581543684 0.0066660093143582335 0.0
v 0.00819450244307518 0.003648427780717611 0.0
v 0.00819450244307518 0.003648427780717611 -0.0020000000949949026
v 0.00819450244307518 0.003648427780717611 -0.0020000000949949026
v 0.00819450244307518 0.003648427780717611 0.0
v 0.008969999849796295 1.6960044479930045e-13 0.0
v 0.008969999849796295 1.6960044479930045e-13 -0.0020000000949949026
v 0.008969999849796295 1.6960044479930045e-13 -0.0020000000949949026
v 0.008969999849796295 1.6960044479930045e-13 0.0
v 0.00819450244307518 -0.0036484275478869672 0.0
v 0.00819450244307518 -0.0036484275478869672 -0.0020000000949949026
v 0.00819450244307518 -0.0036484275478869672 -0.0020000000949949026
v 0.00819450244307518 -0.0036484275478869672 0.0
v 0.006002101581543684 -0.0066660093143582335 0.0
v 0.006002101581543684 -0.0066660093143582335 -0.0020000000949949026
v 0.006002101581543684 -0.0066660093143582335 -0.0020000000949949026
v 0.006002101581543684 -0.0066660093143582335 0.0
v 0.004484999924898148 -0.007768247742205857 0.0
v 0.006002101581543684 -0.0066660093143582335 -0.0020000000949949026
v 0.004484999924898148 -0.007768247742205857 0.0
v 0.0027718825731426477 -0.00853097718209028 -0.0020000000949949026
v -0.008773984387516975 0.001864967751316726 -0.0020000000949949026
v -0.007256882265210152 0.005272433627396821 -0.0020000000949949026
v 0.0 0.0 -0.0020000000949949026
v -0.004484999924898148 0.007768247742205857 -0.0020000000949949026
v -0.0009376200614497066 0.008920861408114432 -0.0020000000949949026
v -0.004484999924898148 -0.007768247742205857 -0.0020000000949949026
v -0.007256882265210152 -0.005272433627396821 -0.0020000000949949026
v -0.008773984387516975 -0.0018649681005626915 -0.0020000000949949026
v 0.006002101581543684 -0.0066660093143582335 -0.0020000000949949026
v 0.0027718825731426477 -0.00853097718209028 -0.0020000000949949026
v -0.0009376203524880111 -0.008920861408114432 -0.0020000000949949026
v 0.00819450244307518 0.003648427780717611 -0.0020000000949949026
v 0.008969999849796295 1.6960044479930045e-13 -0.0020000000949949026
v 0.00819450244307518 -0.0036484275478869672 -0.0020000000949949026
v 0.0027718825731426477 0.00853097718209028 -0.0020000000949949026
v 0.006002101581543684 0.0066660093143582335 -0.0020000000949949026
v -0.018324116244912148 -0.015592065639793871 0.0
v -0.018324116244912148 -0.015592065639793871 0.007000000216066837
v -0.01905616745352745 -0.016324115917086598 0.0
v -0.01905616745352745 -0.016324115917086598 0.007000000216066837
v -0.01905616745352745 -0.016324115917086598 0.0
v -0.01905616745352745 -0.016324115917086598 0.007000000216066837
v -0.01932411640882492 -0.01732411608099937 0.0
v -0.01932411640882492 -0.01732411608099937 0.007000000216066837
v -0.01932411640882492 -0.01732411608099937 0.0
v -0.01932411640882492 -0.01732411608099937 0.007000000216066837
v -0.01905616745352745 -0.018324116244912144 0.0
v -0.01905616745352745 -0.018324116244912144 0.007000000216066837
v -0.01905616745352745 -0.018324116244912144 0.0
v -0.01905616745352745 -0.018324116244912144 0.007000000216066837
v -0.018324116244912148 -0.019056167453527447 0.0
v -0.018324116244912148 -0.019056167453527447 0.007000000216066837
v -0.018324116244912148 -0.019056167453527447 0.0
v -0.018324116244912148 -0.019056167453527447 0.007000000216066837
v -0.017324116080999374 -0.019324116408824917 0.0
v -0.017324116080999374 -0.019324116408824917 0.007000000216066837
v -0.017324116080999374 -0.019324116408824917 0.0
v -0.017324116080999374 -0.019324116408824917 0.007000000216066837
v -0.0163241159170866 -0.019056167453527447 0.0
v -0.0163241159170866 -0.019056167453527447 0.007000000216066837
v -0.0163241159170866 -0.019056167453527447 0.0
v -0.0163241159170866 -0.019056167453527447 0.007000000216066837
v -0.015592064708471298 -0.018324116244912144 0.0
v -0.015592064708471298 -0.018324116244912144 0.007000000216066837
v -0.015592064708471298 -0.018324116244912144 0.0
v -0.015592064708471298 -0.018324116244912144 0.007000000216066837
v -0.015324116684496403 -0.01732411608099937 0.0
v -0.015324116684496403 -0.01732411608099937 0.007000000216066837
v -0.015324116684496403 -0.01732411608099937 0.0
v -0.015324116684496403 -0.01732411608099937 0.007000000216066837
v -0.015592064708471298 -0.016324115917086598 0.0
v -0.015592064708471298 -0.016324115917086598 0.007000000216066837
v -0.015592064708471298 -0.016324115917086598 0.0
v -0.015592064708471298 -0.016324115917086598 0.007000000216066837
v -0.01632411777973175 -0.015592065639793871 0.0
v -0.01632411777973175 -0.015592065639793871 0.007000000216066837
v -0.01632411777973175 -0.015592065639793871 0.0
v -0.01632411777973175 -0.015592065639793871 0.007000000216066837
v -0.017324116080999374 -0.015324115753173826 0.0
v -0.017324116080999374 -0.015324115753173826 0.007000000216066837
v -0.017324116080999374 -0.015324115753173826 0.0
v -0.017324116080999374 -0.015324115753173826 0.007000000216066837
v -0.018324116244912148 -0.015592065639793871 0.0
v -0.018324116244912148 -0.015592065639793871 0.007000000216066837
v 0.02014262229204178 0.0141119547188282 0.004399999976158142
v 0.02014262229204178 0.0141119547188282 0.007000000216066837
v 0.019355667755007744 0.013325000181794165 0.004399999976158142
v 0.019355667755007744 0.013325000181794165 0.007000000216066837
v 0.019355667755007744 0.013325000181794165 0.004399999976158142
v 0.019355667755007744 0.013325000181794165 0.007000000216066837
v 0.01906762272119522 0.012249999679625033 0.004399999976158142
v 0.01906762272119522 0.012249999679625033 0.007000000216066837
v 0.01906762272119522 0.012249999679625033 0.004399999976158142
v 0.01906762272119522 0.012249999679625033 0.007000000216066837
v 0.019355667755007744 0.011175000108778475 0.004399999976158142
v 0.019355667755007744 0.011175000108778475 0.007000000216066837
v 0.019355667755007744 0.011175000108778475 0.004399999976158142
v 0.019355667755007744 0.011175000108778475 0.007000000216066837
v 0.02014262229204178 0.01038804557174444 0.004399999976158142
v 0.02014262229204178 0.01038804557174444 0.007000000216066837
v 0.02014262229204178 0.01038804557174444 0.004399999976158142
v 0.02014262229204178 0.01038804557174444 0.007000000216066837
v 0.021217621862888336 0.010099999606609343 0.004399999976158142
v 0.021217621862888336 0.010099999606609343 0.007000000216066837
v 0.021217621862888336 0.010099999606609343 0.004399999976158142
v 0.021217621862888336 0.010099999606609343 0.007000000216066837
v 0.022292621433734894 0.010388044640421866 0.004399999976158142
v 0.022292621433734894 0.010388044640421866 0.007000000216066837
v 0.022292621433734894 0.010388044640421866 0.004399999976158142
v 0.022292621433734894 0.010388044640421866 0.007000000216066837
v 0.023079577833414078 0.011175000108778475 0.004399999976158142
v 0.023079577833414078 0.011175000108778475 0.007000000216066837
v 0.023079577833414078 0.011175000108778475 0.004399999976158142
v 0.023079577833414078 0.011175000108778475 0.007000000216066837
v 0.0233676228672266 0.012250000610947607 0.004399999976158142
v 0.0233676228672266 0.012250000610947607 0.007000000216066837
v 0.0233676228672266 0.012250000610947607 0.004399999976158142
v 0.0233676228672266 0.012250000610947607 0.007000000216066837
v 0.023079577833414078 0.013325000181794165 0.004399999976158142
v 0.023079577833414078 0.013325000181794165 0.007000000216066837
v 0.023079577833414078 0.013325000181794165 0.004399999976158142
v 0.023079577833414078 0.013325000181794165 0.007000000216066837
v 0.022292623296380043 0.0141119547188282 0.004399999976158142
v 0.022292623296380043 0.0141119547188282 0.007000000216066837
v 0.022292623296380043 0.0141119547188282 0.004399999976158142
v 0.022292623296380043 0.0141119547188282 0.007000000216066837
v 0.021217623725533485 0.014400000683963297 0.004399999976158142
v 0.021217623725533485 0.014400000683963297 0.007000000216066837
v 0.021217623725533485 0.014400000683963297 0.004399999976158142
v 0.021217623725533485 0.014400000683963297 0.007000000216066837
v 0.02014262229204178 0.0141119547188282 0.004399999976158142
v 0.02014262229204178 0.0141119547188282 0.007000000216066837
v 0.011175000108778477 -0.01935566775500774 0.0
v 0.011175000108778477 -0.01935566775500774 0.0024999999441206455
v 0.010388045571744442 -0.020142622292041775 0.0
v 0.010388045571744442 -0.020142622292041775 0.0024999999441206455
v 0.010388045571744442 -0.020142622292041775 0.0
v 0.010388045571744442 -0.020142622292041775 0.0024999999441206455
v 0.010099999606609344 -0.021217621862888333 0.0
v 0.010099999606609344 -0.021217621862888333 0.0024999999441206455
v 0.010099999606609344 -0.021217621862888333 0.0
v 0.010099999606609344 -0.021217621862888333 0.0024999999441206455
v 0.010388044640421867 -0.02229262143373489 0.0
v 0.010388044640421867 -0.02229262143373489 0.0024999999441206455
v 0.010388044640421867 -0.02229262143373489 0.0
v 0.010388044640421867 -0.02229262143373489 0.0024999999441206455
v 0.011175000108778477 -0.023079577833414074 0.0
v 0.011175000108778477 -0.023079577833414074 0.0024999999441206455
v 0.011175000108778477 -0.023079577833414074 0.0
v 0.011175000108778477 -0.023079577833414074 0.0024999999441206455
v 0.012250000610947609 -0.023367622867226597 0.0
v 0.012250000610947609 -0.023367622867226597 0.0024999999441206455
v 0.012250000610947609 -0.023367622867226597 0.0
v 0.012250000610947609 -0.023367622867226597 0.0024999999441206455
v 0.013325000181794167 -0.023079577833414074 0.0
v 0.013325000181794167 -0.023079577833414074 0.0024999999441206455
v 0.013325000181794167 -0.023079577833414074 0.0
v 0.013325000181794167 -0.023079577833414074 0.0024999999441206455
v 0.014111954718828201 -0.02229262329638004 0.0
v 0.014111954718828201 -0.02229262329638004 0.0024999999441206455
v 0.014111954718828201 -0.02229262329638004 0.0
v 0.014111954718828201 -0.02229262329638004 0.0024999999441206455
v 0.014400000683963299 -0.021217623725533482 0.0
v 0.014400000683963299 -0.021217623725533482 0.0024999999441206455
v 0.014400000683963299 -0.021217623725533482 0.0
v 0.014400000683963299 -0.021217623725533482 0.0024999999441206455
v 0.014111954718828201 -0.020142622292041775 0.0
v 0.014111954718828201 -0.020142622292041775 0.0024999999441206455
v 0.014111954718828201 -0.020142622292041775 0.0
v 0.014111954718828201 -0.020142622292041775 0.0024999999441206455
v 0.013325000181794167 -0.01935566775500774 0.0
v 0.013325000181794167 -0.01935566775500774 0.0024999999441206455
v 0.013325000181794167 -0.01935566775500774 0.0
v 0.013325000181794167 -0.01935566775500774 0.0024999999441206455
v 0.012249999679625034 -0.019067622721195217 0.0
v 0.012249999679625034 -0.019067622721195217 0.0024999999441206455
v 0.012249999679625034 -0.019067622721195217 0.0
v 0.012249999679625034 -0.019067622721195217 0.0024999999441206455
v 0.011175000108778477 -0.01935566775500774 0.0
v 0.011175000108778477 -0.01935566775500774 0.0024999999441206455
v 0.010099999606609344 -0.021217621862888333 0.0024999999441206455
v 0.008250000886619091 -0.021217623725533482 0.0024999999441206455
v 0.010388044640421867 -0.02229262143373489 0.0024999999441206455
v 0.008785897865891457 -0.02321762219071388 0.0024999999441206455
v 0.011175000108778477 -0.023079577833414074 0.0024999999441206455
v 0.010250000283122063 -0.024681724607944485 0.0024999999441206455
v 0.012250000610947609 -0.023367622867226597 0.0024999999441206455
v 0.012250000610947609 -0.025217622518539425 0.0024999999441206455
v 0.013325000181794167 -0.023079577833414074 0.0024999999441206455
v 0.01425000000745058 -0.024681724607944485 0.0024999999441206455
v 0.014111954718828201 -0.02229262329638004 0.0024999999441206455
v 0.015714101493358612 -0.02321762219071388 0.0024999999441206455
v 0.014400000683963299 -0.021217623725533482 0.0024999999441206455
v 0.016249999403953552 -0.021217621862888333 0.0024999999441206455
v 0.014111954718828201 -0.020142622292041775 0.0024999999441206455
v 0.015714101493358612 -0.019217621535062786 0.0024999999441206455
v 0.013325000181794167 -0.01935566775500774 0.0024999999441206455
v 0.01425000000745058 -0.01775352098047733 0.0024999999441206455
v 0.012249999679625034 -0.019067622721195217 0.0024999999441206455
v 0.012249999679625034 -0.01721762306988239 0.0024999999441206455
v 0.011175000108778477 -0.01935566775500774 0.0024999999441206455
v 0.010250000283122063 -0.01775352098047733 0.0024999999441206455
v 0.010388045571744442 -0.020142622292041775 0.0024999999441206455
v 0.008785898797214031 -0.019217623397707936 0.0024999999441206455
v 0.010250000283122063 -0.01775352098047733 0.0024999999441206455
v 0.010250000283122063 -0.01775352098047733 0.007000000216066837
v 0.008785898797214031 -0.019217623397707936 0.0024999999441206455
v 0.008785898797214031 -0.019217623397707936 0.007000000216066837
v 0.008785898797214031 -0.019217623397707936 0.0024999999441206455
v 0.008785898797214031 -0.019217623397707936 0.007000000216066837
v 0.008250000886619091 -0.021217623725533482 0.0024999999441206455
v 0.008250000886619091 -0.021217623725533482 0.007000000216066837
v 0.008250000886619091 -0.021217623725533482 0.0024999999441206455
v 0.008250000886619091 -0.021217623725533482 0.007000000216066837
v 0.008785897865891457 -0.02321762219071388 0.0024999999441206455
v 0.008785897865891457 -0.02321762219071388 0.007000000216066837
v 0.008785897865891457 -0.02321762219071388 0.0024999999441206455
v 0.008785897865891457 -0.02321762219071388 0.007000000216066837
v 0.010250000283122063 -0.024681724607944485 0.0024999999441206455
v 0.010250000283122063 -0.024681724607944485 0.007000000216066837
v 0.010250000283122063 -0.024681724607944485 0.0024999999441206455
v 0.010250000283122063 -0.024681724607944485 0.007000000216066837
v 0.012250000610947609 -0.025217622518539425 0.0024999999441206455
v 0.012250000610947609 -0.025217622518539425 0.007000000216066837
v 0.012250000610947609 -0.025217622518539425 0.0024999999441206455
v 0.012250000610947609 -0.025217622518539425 0.007000000216066837
v 0.01425000000745058 -0.024681724607944485 0.0024999999441206455
v 0.01425000000745058 -0.024681724607944485 0.007000000216066837
v 0.01425000000745058 -0.024681724607944485 0.0024999999441206455
v 0.01425000000745058 -0.024681724607944485 0.007000000216066837
v 0.015714101493358612 -0.02321762219071388 0.0024999999441206455
v 0.015714101493358612 -0.02321762219071388 0.007000000216066837
v 0.015714101493358612 -0.02321762219071388 0.0024999999441206455
v 0.015714101493358612 -0.02321762219071388 0.007000000216066837
v 0.016249999403953552 -0.021217621862888333 0.0024999999441206455
v 0.016249999403953552 -0.021217621862888333 0.007000000216066837
v 0.016249999403953552 -0.021217621862888333 0.0024999999441206455
v 0.016249999403953552 -0.021217621862888333 0.007000000216066837
v 0.015714101493358612 -0.019217621535062786 0.0024999999441206455
v 0.015714101493358612 -0.019217621535062786 0.007000000216066837
v 0.015714101493358612 -0.019217621535062786 0.0024999999441206455
v 0.015714101493358612 -0.019217621535062786 0.007000000216066837
v 0.01425000000745058 -0.01775352098047733 0.0024999999441206455
v 0.01425000000745058 -0.01775352098047733 0.007000000216066837
v 0.01425000000745058 -0.01775352098047733 0.0024999999441206455
v 0.01425000000745058 -0.01775352098047733 0.007000000216066837
v 0.012249999679625034 -0.01721762306988239 0.0024999999441206455
v 0.012249999679625034 -0.01721762306988239 0.007000000216066837
v 0.012249999679625034 -0.01721762306988239 0.0024999999441206455
v 0.012249999679625034 -0.01721762306988239 0.007000000216066837
v 0.010250000283122063 -0.01775352098047733 0.0024999999441206455
v 0.010250000283122063 -0.01775352098047733 0.007000000216066837
v 0.02342499978840351 0.0018619546899572013 0.0
v 0.02342499978840351 0.0018619546899572013 0.0024999999441206455
v 0.022638045251369476 0.001074999803677201 0.0
v 0.022638045251369476 0.001074999803677201 0.0024999999441206455
v 0.022638045251369476 0.001074999803677201 0.0
v 0.022638045251369476 0.001074999803677201 0.0024999999441206455
v 0.022350000217556953 -1.0399273109307215e-10 0.0
v 0.022350000217556953 -1.0399273109307215e-10 0.0024999999441206455
v 0.022350000217556953 -1.0399273109307215e-10 0.0
v 0.022350000217556953 -1.0399273109307215e-10 0.0024999999441206455
v 0.022638045251369476 -0.0010749995708465574 0.0
v 0.022638045251369476 -0.0010749995708465574 0.0024999999441206455
v 0.022638045251369476 -0.0010749995708465574 0.0
v 0.022638045251369476 -0.0010749995708465574 0.0024999999441206455
v 0.02342499978840351 -0.001861954806372523 0.0
v 0.02342499978840351 -0.001861954806372523 0.0024999999441206455
v 0.02342499978840351 -0.001861954806372523 0.0
v 0.02342499978840351 -0.001861954806372523 0.0024999999441206455
v 0.02449999935925007 -0.0021500000730156894 0.0
v 0.02449999935925007 -0.0021500000730156894 0.0024999999441206455
v 0.02449999935925007 -0.0021500000730156894 0.0
v 0.02449999935925007 -0.0021500000730156894 0.0024999999441206455
v 0.025574998930096626 -0.0018619546899572013 0.0
v 0.025574998930096626 -0.0018619546899572013 0.0024999999441206455
v 0.025574998930096626 -0.0018619546899572013 0.0
v 0.025574998930096626 -0.0018619546899572013 0.0024999999441206455
v 0.02636195532977581 -0.0010749996872618792 0.0
v 0.02636195532977581 -0.0010749996872618792 0.0024999999441206455
v 0.02636195532977581 -0.0010749996872618792 0.0
v 0.02636195532977581 -0.0010749996872618792 0.0024999999441206455
v 0.026650000363588333 2.5384033763842235e-10 0.0
v 0.026650000363588333 2.5384033763842235e-10 0.0024999999441206455
v 0.026650000363588333 2.5384033763842235e-10 0.0
v 0.026650000363588333 2.5384033763842235e-10 0.0024999999441206455
v 0.02636195532977581 0.001075000502169132 0.0
v 0.02636195532977581 0.001075000502169132 0.0024999999441206455
v 0.02636195532977581 0.001075000502169132 0.0
v 0.02636195532977581 0.001075000502169132 0.0024999999441206455
v 0.025575000792741776 0.001861954922787845 0.0
v 0.025575000792741776 0.001861954922787845 0.0024999999441206455
v 0.025575000792741776 0.001861954922787845 0.0
v 0.025575000792741776 0.001861954922787845 0.0024999999441206455
v 0.024500001221895218 0.002150000305846333 0.0
v 0.024500001221895218 0.002150000305846333 0.0024999999441206455
v 0.024500001221895218 0.002150000305846333 0.0
v 0.024500001221895218 0.002150000305846333 0.0024999999441206455
v 0.02342499978840351 0.0018619546899572013 0.0
v 0.02342499978840351 0.0018619546899572013 0.0024999999441206455
v 0.02342499978840351 -0.001861954806372523 0.0024999999441206455
v 0.02250000089406967 -0.0034641015809029336 0.0024999999441206455
v 0.02449999935925007 -0.0021500000730156894 0.0024999999441206455
v 0.02449999935925007 -0.004000000189989804 0.0024999999441206455
v 0.025574998930096626 -0.0018619546899572013 0.0024999999441206455
v 0.026499999687075615 -0.00346410134807229 0.0024999999441206455
v 0.02636195532977581 -0.0010749996872618792 0.0024999999441206455
v 0.02796410210430622 -0.002000000094994902 0.0024999999441206455
v 0.026650000363588333 2.5384033763842235e-10 0.0024999999441206455
v 0.02850000001490116 2.935908738344039e-10 0.0024999999441206455
v 0.02636195532977581 0.001075000502169132 0.0024999999441206455
v 0.02796410210430622 0.002000000327825546 0.0024999999441206455
v 0.025575000792741776 0.001861954922787845 0.0024999999441206455
v 0.026500001549720764 0.0034641015809029336 0.0024999999441206455
v 0.024500001221895218 0.002150000305846333 0.0024999999441206455
v 0.02449999935925007 0.003999999724328517 0.0024999999441206455
v 0.02342499978840351 0.0018619546899572013 0.0024999999441206455
v 0.022499999031424522 0.00346410134807229 0.0024999999441206455
v 0.022638045251369476 0.001074999803677201 0.0024999999441206455
v 0.021035898476839066 0.0019999991636723276 0.0024999999441206455
v 0.022350000217556953 -1.0399273109307215e-10 0.0024999999441206455
v 0.020500000566244125 -1.437432534112659e-10 0.0024999999441206455
v 0.022638045251369476 -0.0010749995708465574 0.0024999999441206455
v 0.021035898476839066 -0.001999999396502971 0.0024999999441206455
v 0.022499999031424522 0.00346410134807229 0.0024999999441206455
v 0.022499999031424522 0.00346410134807229 0.007000000216066837
v 0.021035898476839066 0.0019999991636723276 0.0024999999441206455
v 0.021035898476839066 0.0019999991636723276 0.007000000216066837
v 0.021035898476839066 0.0019999991636723276 0.0024999999441206455
v 0.021035898476839066 0.0019999991636723276 0.007000000216066837
v 0.020500000566244125 -1.437432534112659e-10 0.0024999999441206455
v 0.020500000566244125 -1.437432534112659e-10 0.007000000216066837
v 0.020500000566244125 -1.437432534112659e-10 0.0024999999441206455
v 0.020500000566244125 -1.437432534112659e-10 0.007000000216066837
v 0.021035898476839066 -0.001999999396502971 0.0024999999441206455
v 0.021035898476839066 -0.001999999396502971 0.007000000216066837
v 0.021035898476839066 -0.001999999396502971 0.0024999999441206455
v 0.021035898476839066 -0.001999999396502971 0.007000000216066837
v 0.02250000089406967 -0.0034641015809029336 0.0024999999441206455
v 0.02250000089406967 -0.0034641015809029336 0.007000000216066837
v 0.02250000089406967 -0.0034641015809029336 0.0024999999441206455
v 0.02250000089406967 -0.0034641015809029336 0.007000000216066837
v 0.02449999935925007 -0.004000000189989804 0.0024999999441206455
v 0.02449999935925007 -0.004000000189989804 0.007000000216066837
v 0.02449999935925007 -0.004000000189989804 0.0024999999441206455
v 0.02449999935925007 -0.004000000189989804 0.007000000216066837
v 0.026499999687075615 -0.00346410134807229 0.0024999999441206455
v 0.026499999687075615 -0.00346410134807229 0.007000000216066837
v 0.026499999687075615 -0.00346410134807229 0.0024999999441206455
v 0.026499999687075615 -0.00346410134807229 0.007000000216066837
v 0.02796410210430622 -0.002000000094994902 0.0024999999441206455
v 0.02796410210430622 -0.002000000094994902 0.007000000216066837
v 0.02796410210430622 -0.002000000094994902 0.0024999999441206455
v 0.02796410210430622 -0.002000000094994902 0.007000000216066837
v 0.02850000001490116 2.935908738344039e-10 0.0024999999441206455
v 0.02850000001490116 2.935908738344039e-10 0.007000000216066837
v 0.02850000001490116 2.935908738344039e-10 0.0024999999441206455
v 0.02850000001490116 2.935908738344039e-10 0.007000000216066837
v 0.02796410210430622 0.002000000327825546 0.0024999999441206455
v 0.02796410210430622 0.002000000327825546 0.007000000216066837
v 0.02796410210430622 0.002000000327825546 0.0024999999441206455
v 0.02796410210430622 0.002000000327825546 0.007000000216066837
v 0.026500001549720764 0.0034641015809029336 0.0024999999441206455
v 0.026500001549720764 0.0034641015809029336 0.007000000216066837
v 0.026500001549720764 0.0034641015809029336 0.0024999999441206455
v 0.026500001549720764 0.0034641015809029336 0.007000000216066837
v 0.02449999935925007 0.003999999724328517 0.0024999999441206455
v 0.02449999935925007 0.003999999724328517 0.007000000216066837
v 0.02449999935925007 0.003999999724328517 0.0024999999441206455
v 0.02449999935925007 0.003999999724328517 0.007000000216066837
v 0.022499999031424522 0.00346410134807229 0.0024999999441206455
v 0.022499999031424522 0.00346410134807229 0.007000000216066837
v 0.011175000108778477 0.023079575970768925 0.0
v 0.011175000108778477 0.023079575970768925 0.0024999999441206455
v 0.010388045571744442 0.02229262329638004 0.0
v 0.010388045571744442 0.02229262329638004 0.0024999999441206455
v 0.010388045571744442 0.02229262329638004 0.0
v 0.010388045571744442 0.02229262329638004 0.0024999999441206455
v 0.010099999606609344 0.021217621862888333 0.0
v 0.010099999606609344 0.021217621862888333 0.0024999999441206455
v 0.010099999606609344 0.021217621862888333 0.0
v 0.010099999606609344 0.021217621862888333 0.0024999999441206455
v 0.010388045571744442 0.020142622292041775 0.0
v 0.010388045571744442 0.020142622292041775 0.0024999999441206455
v 0.010388045571744442 0.020142622292041775 0.0
v 0.010388045571744442 0.020142622292041775 0.0024999999441206455
v 0.011175000108778477 0.01935566775500774 0.0
v 0.011175000108778477 0.01935566775500774 0.0024999999441206455
v 0.011175000108778477 0.01935566775500774 0.0
v 0.011175000108778477 0.01935566775500774 0.0024999999441206455
v 0.012249999679625034 0.019067622721195217 0.0
v 0.012249999679625034 0.019067622721195217 0.0024999999441206455
v 0.012249999679625034 0.019067622721195217 0.0
v 0.012249999679625034 0.019067622721195217 0.0024999999441206455
v 0.013325000181794167 0.01935566775500774 0.0
v 0.013325000181794167 0.01935566775500774 0.0024999999441206455
v 0.013325000181794167 0.01935566775500774 0.0
v 0.013325000181794167 0.01935566775500774 0.0024999999441206455
v 0.014111955650150776 0.020142622292041775 0.0
v 0.014111955650150776 0.020142622292041775 0.0024999999441206455
v 0.014111955650150776 0.020142622292041775 0.0
v 0.014111955650150776 0.020142622292041775 0.0024999999441206455
v 0.014400000683963299 0.021217623725533482 0.0
v 0.014400000683963299 0.021217623725533482 0.0024999999441206455
v 0.014400000683963299 0.021217623725533482 0.0
v 0.014400000683963299 0.021217623725533482 0.0024999999441206455
v 0.014111955650150776 0.02229262143373489 0.0
v 0.014111955650150776 0.02229262143373489 0.0024999999441206455
v 0.014111955650150776 0.02229262143373489 0.0
v 0.014111955650150776 0.02229262143373489 0.0024999999441206455
v 0.013325000181794167 0.023079577833414074 0.0
v 0.013325000181794167 0.023079577833414074 0.0024999999441206455
v 0.013325000181794167 0.023079577833414074 0.0
v 0.013325000181794167 0.023079577833414074 0.0024999999441206455
v 0.012250000610947609 0.023367622867226597 0.0
v 0.012250000610947609 0.023367622867226597 0.0024999999441206455
v 0.012250000610947609 0.023367622867226597 0.0
v 0.012250000610947609 0.023367622867226597 0.0024999999441206455
v 0.011175000108778477 0.023079575970768925 0.0
v 0.011175000108778477 0.023079575970768925 0.0024999999441206455
v 0.011175000108778477 0.01935566775500774 0.0024999999441206455
v 0.010250000283122063 0.01775352098047733 0.0024999999441206455
v 0.012249999679625034 0.019067622721195217 0.0024999999441206455
v 0.01224999874830246 0.01721762306988239 0.0024999999441206455
v 0.013325000181794167 0.01935566775500774 0.0024999999441206455
v 0.01425000000745058 0.01775352098047733 0.0024999999441206455
v 0.014111955650150776 0.020142622292041775 0.0024999999441206455
v 0.015714101493358612 0.019217623397707936 0.0024999999441206455
v 0.014400000683963299 0.021217623725533482 0.0024999999441206455
v 0.0162500012665987 0.021217623725533482 0.0024999999441206455
v 0.014111955650150776 0.02229262143373489 0.0024999999441206455
v 0.015714101493358612 0.02321762219071388 0.0024999999441206455
v 0.013325000181794167 0.023079577833414074 0.0024999999441206455
v 0.014250000938773155 0.024681724607944485 0.0024999999441206455
v 0.012250000610947609 0.023367622867226597 0.0024999999441206455
v 0.012249999679625034 0.025217622518539425 0.0024999999441206455
v 0.011175000108778477 0.023079575970768925 0.0024999999441206455
v 0.010250000283122063 0.024681722745299336 0.0024999999441206455
v 0.010388045571744442 0.02229262329638004 0.0024999999441206455
v 0.008785897865891457 0.02321762219071388 0.0024999999441206455
v 0.010099999606609344 0.021217621862888333 0.0024999999441206455
v 0.008249999955296516 0.021217621862888333 0.0024999999441206455
v 0.010388045571744442 0.020142622292041775 0.0024999999441206455
v 0.008785898797214031 0.019217621535062786 0.0024999999441206455
v 0.010250000283122063 0.024681722745299336 0.0024999999441206455
v 0.010250000283122063 0.024681722745299336 0.007000000216066837
v 0.008785897865891457 0.02321762219071388 0.0024999999441206455
v 0.008785897865891457 0.02321762219071388 0.007000000216066837
v 0.008785897865891457 0.02321762219071388 0.0024999999441206455
v 0.008785897865891457 0.02321762219071388 0.007000000216066837
v 0.008249999955296516 0.021217621862888333 0.0024999999441206455
v 0.008249999955296516 0.021217621862888333 0.007000000216066837
v 0.008249999955296516 0.021217621862888333 0.0024999999441206455
v 0.008249999955296516 0.021217621862888333 0.007000000216066837
v 0.008785898797214031 0.019217621535062786 0.0024999999441206455
v 0.008785898797214031 0.019217621535062786 0.007000000216066837
v 0.008785898797214031 0.019217621535062786 0.0024999999441206455
v 0.008785898797214031 0.019217621535062786 0.007000000216066837
v 0.010250000283122063 0.01775352098047733 0.0024999999441206455
v 0.010250000283122063 0.01775352098047733 0.007000000216066837
v 0.010250000283122063 0.01775352098047733 0.0024999999441206455
v 0.010250000283122063 0.01775352098047733 0.007000000216066837
v 0.01224999874830246 0.01721762306988239 0.0024999999441206455
v 0.01224999874830246 0.01721762306988239 0.007000000216066837
v 0.01224999874830246 0.01721762306988239 0.0024999999441206455
v 0.01224999874830246 0.01721762306988239 0.007000000216066837
v 0.01425000000745058 0.01775352098047733 0.0024999999441206455
v 0.01425000000745058 0.01775352098047733 0.007000000216066837
v 0.01425000000745058 0.01775352098047733 0.0024999999441206455
v 0.01425000000745058 0.01775352098047733 0.007000000216066837
v 0.015714101493358612 0.019217623397707936 0.0024999999441206455
v 0.015714101493358612 0.019217623397707936 0.007000000216066837
v 0.015714101493358612 0.019217623397707936 0.0024999999441206455
v 0.015714101493358612 0.019217623397707936 0.007000000216066837
v 0.0162500012665987 0.021217623725533482 0.0024999999441206455
v 0.0162500012665987 0.021217623725533482 0.007000000216066837
v 0.0162500012665987 0.021217623725533482 0.0024999999441206455
v 0.0162500012665987 0.021217623725533482 0.007000000216066837
v 0.015714101493358612 0.02321762219071388 0.0024999999441206455
v 0.015714101493358612 0.02321762219071388 0.007000000216066837
v 0.015714101493358612 0.02321762219071388 0.0024999999441206455
v 0.015714101493358612 0.02321762219071388 0.007000000216066837
v 0.014250000938773155 0.024681724607944485 0.0024999999441206455
v 0.014250000938773155 0.024681724607944485 0.007000000216066837
v 0.014250000938773155 0.024681724607944485 0.0024999999441206455
v 0.014250000938773155 0.024681724607944485 0.007000000216066837
v 0.012249999679625034 0.025217622518539425 0.0024999999441206455
v 0.012249999679625034 0.025217622518539425 0.007000000216066837
v 0.012249999679625034 0.025217622518539425 0.0024999999441206455
v 0.012249999679625034 0.025217622518539425 0.007000000216066837
v 0.010250000283122063 0.024681722745299336 0.0024999999441206455
v 0.010250000283122063 0.024681722745299336 0.007000000216066837
v -0.013325000181794167 0.023079577833414074 0.0
v -0.013325000181794167 0.023079577833414074 0.0024999999441206455
v -0.014111954718828201 0.02229262329638004 0.0
v -0.014111954718828201 0.02229262329638004 0.0024999999441206455
v -0.014111954718828201 0.02229262329638004 0.0
v -0.014111954718828201 0.02229262329638004 0.0024999999441206455
v -0.014400000683963299 0.021217623725533482 0.0
v -0.014400000683963299 0.021217623725533482 0.0024999999441206455
v -0.014400000683963299 0.021217623725533482 0.0
v -0.014400000683963299 0.021217623725533482 0.0024999999441206455
v -0.014111954718828201 0.020142622292041775 0.0
v -0.014111954718828201 0.020142622292041775 0.0024999999441206455
v -0.014111954718828201 0.020142622292041775 0.0
v -0.014111954718828201 0.020142622292041775 0.0024999999441206455
v -0.013325000181794167 0.01935566775500774 0.0
v -0.013325000181794167 0.01935566775500774 0.0024999999441206455
v -0.013325000181794167 0.01935566775500774 0.0
v -0.013325000181794167 0.01935566775500774 0.0024999999441206455
v -0.012249999679625034 0.019067622721195217 0.0
v -0.012249999679625034 0.019067622721195217 0.0024999999441206455
v -0.012249999679625034 0.019067622721195217 0.0
v -0.012249999679625034 0.019067622721195217 0.0024999999441206455
v -0.011175000108778477 0.01935566775500774 0.0
v -0.011175000108778477 0.01935566775500774 0.0024999999441206455
v -0.011175000108778477 0.01935566775500774 0.0
v -0.011175000108778477 0.01935566775500774 0.0024999999441206455
v -0.010388045571744442 0.020142622292041775 0.0
v -0.010388045571744442 0.020142622292041775 0.0024999999441206455
v -0.010388045571744442 0.020142622292041775 0.0
v -0.010388045571744442 0.020142622292041775 0.0024999999441206455
v -0.010099999606609344 0.021217621862888333 0.0
v -0.010099999606609344 0.021217621862888333 0.0024999999441206455
v -0.010099999606609344 0.021217621862888333 0.0
v -0.010099999606609344 0.021217621862888333 0.0024999999441206455
v -0.010388044640421867 0.02229262143373489 0.0
v -0.010388044640421867 0.02229262143373489 0.0024999999441206455
v -0.010388044640421867 0.02229262143373489 0.0
v -0.010388044640421867 0.02229262143373489 0.0024999999441206455
v -0.011175000108778477 0.023079577833414074 0.0
v -0.011175000108778477 0.023079577833414074 0.0024999999441206455
v -0.011175000108778477 0.023079577833414074 0.0
v -0.011175000108778477 0.023079577833414074 0.0024999999441206455
v -0.012250000610947609 0.023367622867226597 0.0
v -0.012250000610947609 0.023367622867226597 0.0024999999441206455
v -0.012250000610947609 0.023367622867226597 0.0
v -0.012250000610947609 0.023367622867226597 0.0024999999441206455
v -0.013325000181794167 0.023079577833414074 0.0
v -0.013325000181794167 0.023079577833414074 0.0024999999441206455
v -0.014400000683963299 0.021217623725533482 0.0024999999441206455
v -0.016249999403953552 0.021217621862888333 0.0024999999441206455
v -0.014111954718828201 0.020142622292041775 0.0024999999441206455
v -0.015714101493358612 0.019217621535062786 0.0024999999441206455
v -0.013325000181794167 0.01935566775500774 0.0024999999441206455
v -0.01425000000745058 0.01775352098047733 0.0024999999441206455
v -0.012249999679625034 0.019067622721195217 0.0024999999441206455
v -0.012249999679625034 0.01721762306988239 0.0024999999441206455
v -0.011175000108778477 0.01935566775500774 0.0024999999441206455
v -0.010250000283122063 0.01775352098047733 0.0024999999441206455
v -0.010388045571744442 0.020142622292041775 0.0024999999441206455
v -0.008785898797214031 0.019217623397707936 0.0024999999441206455
v -0.010099999606609344 0.021217621862888333 0.0024999999441206455
v -0.008250000886619091 0.021217623725533482 0.0024999999441206455
v -0.010388044640421867 0.02229262143373489 0.0024999999441206455
v -0.008785897865891457 0.02321762219071388 0.0024999999441206455
v -0.011175000108778477 0.023079577833414074 0.0024999999441206455
v -0.010250000283122063 0.024681724607944485 0.0024999999441206455
v -0.012250000610947609 0.023367622867226597 0.0024999999441206455
v -0.012250000610947609 0.025217622518539425 0.0024999999441206455
v -0.013325000181794167 0.023079577833414074 0.0024999999441206455
v -0.01425000000745058 0.024681724607944485 0.0024999999441206455
v -0.014111954718828201 0.02229262329638004 0.0024999999441206455
v -0.015714101493358612 0.02321762219071388 0.0024999999441206455
v -0.01425000000745058 0.024681724607944485 0.0024999999441206455
v -0.01425000000745058 0.024681724607944485 0.007000000216066837
v -0.015714101493358612 0.02321762219071388 0.0024999999441206455
v -0.015714101493358612 0.02321762219071388 0.007000000216066837
v -0.015714101493358612 0.02321762219071388 0.0024999999441206455
v -0.015714101493358612 0.02321762219071388 0.007000000216066837
v -0.016249999403953552 0.021217621862888333 0.0024999999441206455
v -0.016249999403953552 0.021217621862888333 0.007000000216066837
v -0.016249999403953552 0.021217621862888333 0.0024999999441206455
v -0.016249999403953552 0.021217621862888333 0.007000000216066837
v -0.015714101493358612 0.019217621535062786 0.0024999999441206455
v -0.015714101493358612 0.019217621535062786 0.007000000216066837
v -0.015714101493358612 0.019217621535062786 0.0024999999441206455
v -0.015714101493358612 0.019217621535062786 0.007000000216066837
v -0.01425000000745058 0.01775352098047733 0.0024999999441206455
v -0.01425000000745058 0.01775352098047733 0.007000000216066837
v -0.01425000000745058 0.01775352098047733 0.0024999999441206455
v -0.01425000000745058 0.01775352098047733 0.007000000216066837
v -0.012249999679625034 0.01721762306988239 0.0024999999441206455
v -0.012249999679625034 0.01721762306988239 0.007000000216066837
v -0.012249999679625034 0.01721762306988239 0.0024999999441206455
v -0.012249999679625034 0.01721762306988239 0.007000000216066837
v -0.010250000283122063 0.01775352098047733 0.0024999999441206455
v -0.010250000283122063 0.01775352098047733 0.007000000216066837
v -0.010250000283122063 0.01775352098047733 0.0024999999441206455
v -0.010250000283122063 0.01775352098047733 0.007000000216066837
v -0.008785898797214031 0.019217623397707936 0.0024999999441206455
v -0.008785898797214031 0.019217623397707936 0.007000000216066837
v -0.008785898797214031 0.019217623397707936 0.0024999999441206455
v -0.008785898797214031 0.019217623397707936 0.007000000216066837
v -0.008250000886619091 0.021217623725533482 0.0024999999441206455
v -0.008250000886619091 0.021217623725533482 0.007000000216066837
v -0.008250000886619091 0.021217623725533482 0.0024999999441206455
v -0.008250000886619091 0.021217623725533482 0.007000000216066837
v -0.008785897865891457 0.02321762219071388 0.0024999999441206455
v -0.008785897865891457 0.02321762219071388 0.007000000216066837
v -0.008785897865891457 0.02321762219071388 0.0024999999441206455
v -0.008785897865891457 0.02321762219071388 0.007000000216066837
v -0.010250000283122063 0.024681724607944485 0.0024999999441206455
v -0.010250000283122063 0.024681724607944485 0.007000000216066837
v -0.010250000283122063 0.024681724607944485 0.0024999999441206455
v -0.010250000283122063 0.024681724607944485 0.007000000216066837
v -0.012250000610947609 0.025217622518539425 0.0024999999441206455
v -0.012250000610947609 0.025217622518539425 0.007000000216066837
v -0.012250000610947609 0.025217622518539425 0.0024999999441206455
v -0.012250000610947609 0.025217622518539425 0.007000000216066837
v -0.01425000000745058 0.024681724607944485 0.0024999999441206455
v -0.01425000000745058 0.024681724607944485 0.007000000216066837
v -0.025574998930096626 0.0018619546899572013 0.0
v -0.025574998930096626 0.0018619546899572013 0.0024999999441206455
v -0.02636195532977581 0.0010749996872618792 0.0
v -0.02636195532977581 0.0010749996872618792 0.0024999999441206455
v -0.02636195532977581 0.0010749996872618792 0.0
v -0.02636195532977581 0.0010749996872618792 0.0024999999441206455
v -0.026650000363588333 -2.5384033763842235e-10 0.0
v -0.026650000363588333 -2.5384033763842235e-10 0.0024999999441206455
v -0.026650000363588333 -2.5384033763842235e-10 0.0
v -0.026650000363588333 -2.5384033763842235e-10 0.0024999999441206455
v -0.02636195532977581 -0.001075000502169132 0.0
v -0.02636195532977581 -0.001075000502169132 0.0024999999441206455
v -0.02636195532977581 -0.001075000502169132 0.0
v -0.02636195532977581 -0.001075000502169132 0.0024999999441206455
v -0.025575000792741776 -0.001861954922787845 0.0
v -0.025575000792741776 -0.001861954922787845 0.0024999999441206455
v -0.025575000792741776 -0.001861954922787845 0.0
v -0.025575000792741776 -0.001861954922787845 0.0024999999441206455
v -0.024500001221895218 -0.002150000305846333 0.0
v -0.024500001221895218 -0.002150000305846333 0.0024999999441206455
v -0.024500001221895218 -0.002150000305846333 0.0
v -0.024500001221895218 -0.002150000305846333 0.0024999999441206455
v -0.02342499978840351 -0.0018619546899572013 0.0
v -0.02342499978840351 -0.0018619546899572013 0.0024999999441206455
v -0.02342499978840351 -0.0018619546899572013 0.0
v -0.02342499978840351 -0.0018619546899572013 0.0024999999441206455
v -0.022638045251369476 -0.001074999803677201 0.0
v -0.022638045251369476 -0.001074999803677201 0.0024999999441206455
v -0.022638045251369476 -0.001074999803677201 0.0
v -0.022638045251369476 -0.001074999803677201 0.0024999999441206455
v -0.022350000217556953 1.0399272415417825e-10 0.0
v -0.022350000217556953 1.0399272415417825e-10 0.0024999999441206455
v -0.022350000217556953 1.0399272415417825e-10 0.0
v -0.022350000217556953 1.0399272415417825e-10 0.0024999999441206455
v -0.022638045251369476 0.0010749995708465574 0.0
v -0.022638045251369476 0.0010749995708465574 0.0024999999441206455
v -0.022638045251369476 0.0010749995708465574 0.0
v -0.022638045251369476 0.0010749995708465574 0.0024999999441206455
v -0.02342499978840351 0.001861954806372523 0.0
v -0.02342499978840351 0.001861954806372523 0.0024999999441206455
v -0.02342499978840351 0.001861954806372523 0.0
v -0.02342499978840351 0.001861954806372523 0.0024999999441206455
v -0.02449999935925007 0.0021500000730156894 0.0
v -0.02449999935925007 0.0021500000730156894 0.0024999999441206455
v -0.02449999935925007 0.0021500000730156894 0.0
v -0.02449999935925007 0.0021500000730156894 0.0024999999441206455
v -0.025574998930096626 0.0018619546899572013 0.0
v -0.025574998930096626 0.0018619546899572013 0.0024999999441206455
v -0.025575000792741776 -0.001861954922787845 0.0024999999441206455
v -0.026500001549720764 -0.0034641015809029336 0.0024999999441206455
v -0.024500001221895218 -0.002150000305846333 0.0024999999441206455
v -0.02449999935925007 -0.003999999724328517 0.0024999999441206455
v -0.02342499978840351 -0.0018619546899572013 0.0024999999441206455
v -0.022499999031424522 -0.00346410134807229 0.0024999999441206455
v -0.022638045251369476 -0.001074999803677201 0.0024999999441206455
v -0.021035898476839066 -0.0019999991636723276 0.0024999999441206455
v -0.022350000217556953 1.0399272415417825e-10 0.0024999999441206455
v -0.020500000566244125 1.437432534112659e-10 0.0024999999441206455
v -0.022638045251369476 0.0010749995708465574 0.0024999999441206455
v -0.021035898476839066 0.001999999396502971 0.0024999999441206455
v -0.02342499978840351 0.001861954806372523 0.0024999999441206455
v -0.02250000089406967 0.0034641015809029336 0.0024999999441206455
v -0.02449999935925007 0.0021500000730156894 0.0024999999441206455
v -0.02449999935925007 0.004000000189989804 0.0024999999441206455
v -0.025574998930096626 0.0018619546899572013 0.0024999999441206455
v -0.026499999687075615 0.00346410134807229 0.0024999999441206455
v -0.02636195532977581 0.0010749996872618792 0.0024999999441206455
v -0.02796410210430622 0.002000000094994902 0.0024999999441206455
v -0.026650000363588333 -2.5384033763842235e-10 0.0024999999441206455
v -0.02850000001490116 -2.935908738344039e-10 0.0024999999441206455
v -0.02636195532977581 -0.001075000502169132 0.0024999999441206455
v -0.02796410210430622 -0.002000000327825546 0.0024999999441206455
v -0.026499999687075615 0.00346410134807229 0.0024999999441206455
v -0.026499999687075615 0.00346410134807229 0.007000000216066837
v -0.02796410210430622 0.002000000094994902 0.0024999999441206455
v -0.02796410210430622 0.002000000094994902 0.007000000216066837
v -0.02796410210430622 0.002000000094994902 0.0024999999441206455
v -0.02796410210430622 0.002000000094994902 0.007000000216066837
v -0.02850000001490116 -2.935908738344039e-10 0.0024999999441206455
v -0.02850000001490116 -2.935908738344039e-10 0.007000000216066837
v -0.02850000001490116 -2.935908738344039e-10 0.0024999999441206455
v -0.02850000001490116 -2.935908738344039e-10 0.007000000216066837
v -0.02796410210430622 -0.002000000327825546 0.0024999999441206455
v -0.02796410210430622 -0.002000000327825546 0.007000000216066837
v -0.02796410210430622 -0.002000000327825546 0.0024999999441206455
v -0.02796410210430622 -0.002000000327825546 0.007000000216066837
v -0.026500001549720764 -0.0034641015809029336 0.0024999999441206455
v -0.026500001549720764 -0.0034641015809029336 0.007000000216066837
v -0.026500001549720764 -0.0034641015809029336 0.0024999999441206455
v -0.026500001549720764 -0.0034641015809029336 0.007000000216066837
v -0.02449999935925007 -0.003999999724328517 0.0024999999441206455
v -0.02449999935925007 -0.003999999724328517 0.007000000216066837
v -0.02449999935925007 -0.003999999724328517 0.0024999999441206455
v -0.02449999935925007 -0.003999999724328517 0.007000000216066837
v -0.022499999031424522 -0.00346410134807229 0.0024999999441206455
v -0.022499999031424522 -0.00346410134807229 0.007000000216066837
v -0.022499999031424522 -0.00346410134807229 0.0024999999441206455
v -0.022499999031424522 -0.00346410134807229 0.007000000216066837
v -0.021035898476839066 -0.0019999991636723276 0.0024999999441206455
v -0.021035898476839066 -0.0019999991636723276 0.007000000216066837
v -0.021035898476839066 -0.0019999991636723276 0.0024999999441206455
v -0.021035898476839066 -0.0019999991636723276 0.007000000216066837
v -0.020500000566244125 1.437432534112659e-10 0.0024999999441206455
v -0.020500000566244125 1.437432534112659e-10 0.007000000216066837
v -0.020500000566244125 1.437432534112659e-10 0.0024999999441206455
v -0.020500000566244125 1.437432534112659e-10 0.007000000216066837
v -0.021035898476839066 0.001999999396502971 0.0024999999441206455
v -0.021035898476839066 0.001999999396502971 0.007000000216066837
v -0.021035898476839066 0.001999999396502971 0.0024999999441206455
v -0.021035898476839066 0.001999999396502971 0.007000000216066837
v -0.02250000089406967 0.0034641015809029336 0.0024999999441206455
v -0.02250000089406967 0.0034641015809029336 0.007000000216066837
v -0.02250000089406967 0.0034641015809029336 0.0024999999441206455
v -0.02250000089406967 0.0034641015809029336 0.007000000216066837
v -0.02449999935925007 0.004000000189989804 0.0024999999441206455
v -0.02449999935925007 0.004000000189989804 0.007000000216066837
v -0.02449999935925007 0.004000000189989804 0.0024999999441206455
v -0.02449999935925007 0.004000000189989804 0.007000000216066837
v -0.026499999687075615 0.00346410134807229 0.0024999999441206455
v -0.026499999687075615 0.00346410134807229 0.007000000216066837
v -0.013325000181794167 -0.01935566775500774 0.0
v -0.013325000181794167 -0.01935566775500774 0.0024999999441206455
v -0.014111955650150776 -0.020142622292041775 0.0
v -0.014111955650150776 -0.020142622292041775 0.0024999999441206455
v -0.014111955650150776 -0.020142622292041775 0.0
v -0.014111955650150776 -0.020142622292041775 0.0024999999441206455
v -0.014400000683963299 -0.021217623725533482 0.0
v -0.014400000683963299 -0.021217623725533482 0.0024999999441206455
v -0.014400000683963299 -0.021217623725533482 0.0
v -0.014400000683963299 -0.021217623725533482 0.0024999999441206455
v -0.014111955650150776 -0.02229262143373489 0.0
v -0.014111955650150776 -0.02229262143373489 0.0024999999441206455
v -0.014111955650150776 -0.02229262143373489 0.0
v -0.014111955650150776 -0.02229262143373489 0.0024999999441206455
v -0.013325000181794167 -0.023079577833414074 0.0
v -0.013325000181794167 -0.023079577833414074 0.0024999999441206455
v -0.013325000181794167 -0.023079577833414074 0.0
v -0.013325000181794167 -0.023079577833414074 0.0024999999441206455
v -0.012250000610947609 -0.023367622867226597 0.0
v -0.012250000610947609 -0.023367622867226597 0.0024999999441206455
v -0.012250000610947609 -0.023367622867226597 0.0
v -0.012250000610947609 -0.023367622867226597 0.0024999999441206455
v -0.011175000108778477 -0.023079575970768925 0.0
v -0.011175000108778477 -0.023079575970768925 0.0024999999441206455
v -0.011175000108778477 -0.023079575970768925 0.0
v -0.011175000108778477 -0.023079575970768925 0.0024999999441206455
v -0.010388045571744442 -0.02229262329638004 0.0
v -0.010388045571744442 -0.02229262329638004 0.0024999999441206455
v -0.010388045571744442 -0.02229262329638004 0.0
v -0.010388045571744442 -0.02229262329638004 0.0024999999441206455
v -0.010099999606609344 -0.021217621862888333 0.0
v -0.010099999606609344 -0.021217621862888333 0.0024999999441206455
v -0.010099999606609344 -0.021217621862888333 0.0
v -0.010099999606609344 -0.021217621862888333 0.0024999999441206455
v -0.010388045571744442 -0.020142622292041775 0.0
v -0.010388045571744442 -0.020142622292041775 0.0024999999441206455
v -0.010388045571744442 -0.020142622292041775 0.0
v -0.010388045571744442 -0.020142622292041775 0.0024999999441206455
v -0.011175000108778477 -0.01935566775500774 0.0
v -0.011175000108778477 -0.01935566775500774 0.0024999999441206455
v -0.011175000108778477 -0.01935566775500774 0.0
v -0.011175000108778477 -0.01935566775500774 0.0024999999441206455
v -0.012249999679625034 -0.019067622721195217 0.0
v -0.012249999679625034 -0.019067622721195217 0.0024999999441206455
v -0.012249999679625034 -0.019067622721195217 0.0
v -0.012249999679625034 -0.019067622721195217 0.0024999999441206455
v -0.013325000181794167 -0.01935566775500774 0.0
v -0.013325000181794167 -0.01935566775500774 0.0024999999441206455
v -0.013325000181794167 -0.023079577833414074 0.0024999999441206455
v -0.014250000938773155 -0.024681724607944485 0.0024999999441206455
v -0.012250000610947609 -0.023367622867226597 0.0024999999441206455
v -0.012249999679625034 -0.025217622518539425 0.0024999999441206455
v -0.011175000108778477 -0.023079575970768925 0.0024999999441206455
v -0.010250000283122063 -0.024681722745299336 0.0024999999441206455
v -0.010388045571744442 -0.02229262329638004 0.0024999999441206455
v -0.008785897865891457 -0.02321762219071388 0.0024999999441206455
v -0.010099999606609344 -0.021217621862888333 0.0024999999441206455
v -0.008249999955296516 -0.021217621862888333 0.0024999999441206455
v -0.010388045571744442 -0.020142622292041775 0.0024999999441206455
v -0.008785898797214031 -0.019217621535062786 0.0024999999441206455
v -0.011175000108778477 -0.01935566775500774 0.0024999999441206455
v -0.010250000283122063 -0.01775352098047733 0.0024999999441206455
v -0.012249999679625034 -0.019067622721195217 0.0024999999441206455
v -0.01224999874830246 -0.01721762306988239 0.0024999999441206455
v -0.013325000181794167 -0.01935566775500774 0.0024999999441206455
v -0.01425000000745058 -0.01775352098047733 0.0024999999441206455
v -0.014111955650150776 -0.020142622292041775 0.0024999999441206455
v -0.015714101493358612 -0.019217623397707936 0.0024999999441206455
v -0.014400000683963299 -0.021217623725533482 0.0024999999441206455
v -0.0162500012665987 -0.021217623725533482 0.0024999999441206455
v -0.014111955650150776 -0.02229262143373489 0.0024999999441206455
v -0.015714101493358612 -0.02321762219071388 0.0024999999441206455
v -0.01425000000745058 -0.01775352098047733 0.0024999999441206455
v -0.01425000000745058 -0.01775352098047733 0.007000000216066837
v -0.015714101493358612 -0.019217623397707936 0.0024999999441206455
v -0.015714101493358612 -0.019217623397707936 0.007000000216066837
v -0.015714101493358612 -0.019217623397707936 0.0024999999441206455
v -0.015714101493358612 -0.019217623397707936 0.007000000216066837
v -0.0162500012665987 -0.021217623725533482 0.0024999999441206455
v -0.0162500012665987 -0.021217623725533482 0.007000000216066837
v -0.0162500012665987 -0.021217623725533482 0.0024999999441206455
v -0.0162500012665987 -0.021217623725533482 0.007000000216066837
v -0.015714101493358612 -0.02321762219071388 0.0024999999441206455
v -0.015714101493358612 -0.02321762219071388 0.007000000216066837
v -0.015714101493358612 -0.02321762219071388 0.0024999999441206455
v -0.015714101493358612 -0.02321762219071388 0.007000000216066837
v -0.014250000938773155 -0.024681724607944485 0.0024999999441206455
v -0.014250000938773155 -0.024681724607944485 0.007000000216066837
v -0.014250000938773155 -0.024681724607944485 0.0024999999441206455
v -0.014250000938773155 -0.024681724607944485 0.007000000216066837
v -0.012249999679625034 -0.025217622518539425 0.0024999999441206455
v -0.012249999679625034 -0.025217622518539425 0.007000000216066837
v -0.012249999679625034 -0.025217622518539425 0.0024999999441206455
v -0.012249999679625034 -0.025217622518539425 0.007000000216066837
v -0.010250000283122063 -0.024681722745299336 0.0024999999441206455
v -0.010250000283122063 -0.024681722745299336 0.007000000216066837
v -0.010250000283122063 -0.024681722745299336 0.0024999999441206455
v -0.010250000283122063 -0.024681722745299336 0.007000000216066837
v -0.008785897865891457 -0.02321762219071388 0.0024999999441206455
v -0.008785897865891457 -0.02321762219071388 0.007000000216066837
v -0.008785897865891457 -0.02321762219071388 0.0024999999441206455
v -0.008785897865891457 -0.02321762219071388 0.007000000216066837
v -0.008249999955296516 -0.021217621862888333 0.0024999999441206455
v -0.008249999955296516 -0.021217621862888333 0.007000000216066837
v -0.008249999955296516 -0.021217621862888333 0.0024999999441206455
v -0.008249999955296516 -0.021217621862888333 0.007000000216066837
v -0.008785898797214031 -0.019217621535062786 0.0024999999441206455
v -0.008785898797214031 -0.019217621535062786 0.007000000216066837
v -0.008785898797214031 -0.019217621535062786 0.0024999999441206455
v -0.008785898797214031 -0.019217621535062786 0.007000000216066837
v -0.010250000283122063 -0.01775352098047733 0.0024999999441206455
v -0.010250000283122063 -0.01775352098047733 0.007000000216066837
v -0.010250000283122063 -0.01775352098047733 0.0024999999441206455
v -0.010250000283122063 -0.01775352098047733 0.007000000216066837
v -0.01224999874830246 -0.01721762306988239 0.0024999999441206455
v -0.01224999874830246 -0.01721762306988239 0.007000000216066837
v -0.01224999874830246 -0.01721762306988239 0.0024999999441206455
v -0.01224999874830246 -0.01721762306988239 0.007000000216066837
v -0.01425000000745058 -0.01775352098047733 0.0024999999441206455
v -0.01425000000745058 -0.01775352098047733 0.007000000216066837
v 0.0027873332146555185 0.008578529581427572 0.004000000189989805
v -0.0009428467019461095 0.008970587514340876 0.004000000189989805
v 0.0 0.0 0.004000000189989805
v -0.004509999882429838 0.007811549119651317 0.004000000189989805
v -0.007297333329916 0.0053018229082226745 0.004000000189989805
v 0.009019999764859676 9.057635197429191e-11 0.004000000189989805
v 0.00824018009006977 0.0036687646061182018 0.004000000189989805
v 0.006035557948052883 0.006703166291117667 0.004000000189989805
v 0.0027873332146555185 -0.008578529581427572 0.004000000189989805
v 0.006035557948052883 -0.00670316582545638 0.004000000189989805
v 0.00824018009006977 -0.0036687646061182018 0.004000000189989805
v -0.007297333329916 -0.0053018229082226745 0.004000000189989805
v -0.004509999882429838 -0.007811549119651317 0.004000000189989805
v -0.0009428466437384486 -0.008970587514340876 0.004000000189989805
v -0.008822890929877758 0.0018753634067252276 0.004000000189989805
v -0.008822890929877758 -0.0018753634067252276 0.004000000189989805
v -0.004509999882429838 0.007811549119651317 0.004000000189989805
v -0.004509999882429838 0.007811549119651317 0.007000000216066837
v -0.007297333329916 0.0053018229082226745 0.004000000189989805
v -0.007297333329916 0.0053018229082226745 0.007000000216066837
v -0.007297333329916 0.0053018229082226745 0.004000000189989805
v -0.007297333329916 0.0053018229082226745 0.007000000216066837
v -0.008822890929877758 0.0018753634067252276 0.004000000189989805
v -0.008822890929877758 0.0018753634067252276 0.007000000216066837
v -0.008822890929877758 0.0018753634067252276 0.004000000189989805
v -0.008822890929877758 0.0018753634067252276 0.007000000216066837
v -0.008822890929877758 -0.0018753634067252276 0.004000000189989805
v -0.008822890929877758 -0.0018753634067252276 0.007000000216066837
v -0.008822890929877758 -0.0018753634067252276 0.004000000189989805
v -0.008822890929877758 -0.0018753634067252276 0.007000000216066837
v -0.007297333329916 -0.0053018229082226745 0.004000000189989805
v -0.007297333329916 -0.0053018229082226745 0.007000000216066837
v -0.007297333329916 -0.0053018229082226745 0.004000000189989805
v -0.007297333329916 -0.0053018229082226745 0.007000000216066837
v -0.004509999882429838 -0.007811549119651317 0.004000000189989805
v -0.004509999882429838 -0.007811549119651317 0.007000000216066837
v -0.004509999882429838 -0.007811549119651317 0.004000000189989805
v -0.004509999882429838 -0.007811549119651317 0.007000000216066837
v -0.0009428466437384486 -0.008970587514340876 0.004000000189989805
v -0.0009428466437384486 -0.008970587514340876 0.007000000216066837
v -0.0009428466437384486 -0.008970587514340876 0.004000000189989805
v -0.0009428466437384486 -0.008970587514340876 0.007000000216066837
v 0.0027873332146555185 -0.008578529581427572 0.004000000189989805
v 0.0027873332146555185 -0.008578529581427572 0.007000000216066837
v 0.0027873332146555185 -0.008578529581427572 0.004000000189989805
v 0.0027873332146555185 -0.008578529581427572 0.007000000216066837
v 0.006035557948052883 -0.00670316582545638 0.004000000189989805
v 0.006035557948052883 -0.00670316582545638 0.007000000216066837
v 0.006035557948052883 -0.00670316582545638 0.004000000189989805
v 0.006035557948052883 -0.00670316582545638 0.007000000216066837
v 0.00824018009006977 -0.0036687646061182018 0.004000000189989805
v 0.00824018009006977 -0.0036687646061182018 0.007000000216066837
v 0.00824018009006977 -0.0036687646061182018 0.004000000189989805
v 0.00824018009006977 -0.0036687646061182018 0.007000000216066837
v 0.009019999764859676 9.057635197429191e-11 0.004000000189989805
v 0.009019999764859676 9.057635197429191e-11 0.007000000216066837
v 0.009019999764859676 9.057635197429191e-11 0.004000000189989805
v 0.009019999764859676 9.057635197429191e-11 0.007000000216066837
v 0.00824018009006977 0.0036687646061182018 0.004000000189989805
v 0.00824018009006977 0.0036687646061182018 0.007000000216066837
v 0.00824018009006977 0.0036687646061182018 0.004000000189989805
v 0.00824018009006977 0.0036687646061182018 0.007000000216066837
v 0.006035557948052883 0.006703166291117667 0.004000000189989805
v 0.006035557948052883 0.006703166291117667 0.007000000216066837
v 0.006035557948052883 0.006703166291117667 0.004000000189989805
v 0.006035557948052883 0.006703166291117667 0.007000000216066837
v 0.0027873332146555185 0.008578529581427572 0.004000000189989805
v 0.0027873332146555185 0.008578529581427572 0.007000000216066837
v 0.0027873332146555185 0.008578529581427572 0.004000000189989805
v 0.0027873332146555185 0.008578529581427572 0.007000000216066837
v -0.0009428467019461095 0.008970587514340876 0.004000000189989805
v -0.0009428467019461095 0.008970587514340876 0.007000000216066837
v -0.0009428467019461095 0.008970587514340876 0.004000000189989805
v -0.0009428467019461095 0.008970587514340876 0.007000000216066837
v -0.004509999882429838 0.007811549119651317 0.004000000189989805
v -0.004509999882429838 0.007811549119651317 0.007000000216066837
v -0.02014262229204178 0.01038804557174444 0.007000000216066837
v -0.02014262229204178 0.01038804557174444 0.004399999976158142
v -0.021217621862888336 0.010099999606609343 0.007000000216066837
v -0.021217621862888336 0.010099999606609343 0.004399999976158142
v -0.021217621862888336 0.010099999606609343 0.007000000216066837
v -0.021217621862888336 0.010099999606609343 0.004399999976158142
v -0.022292623296380043 0.01038804557174444 0.007000000216066837
v -0.022292623296380043 0.01038804557174444 0.004399999976158142
v -0.022292623296380043 0.01038804557174444 0.007000000216066837
v -0.022292623296380043 0.01038804557174444 0.004399999976158142
v -0.02307957597076893 0.011175000108778475 0.007000000216066837
v -0.02307957597076893 0.011175000108778475 0.004399999976158142
v -0.02307957597076893 0.011175000108778475 0.007000000216066837
v -0.02307957597076893 0.011175000108778475 0.004399999976158142
v -0.0233676228672266 0.012250000610947607 0.007000000216066837
v -0.0233676228672266 0.012250000610947607 0.004399999976158142
v -0.0233676228672266 0.012250000610947607 0.007000000216066837
v -0.0233676228672266 0.012250000610947607 0.004399999976158142
v -0.023079577833414078 0.013325000181794165 0.007000000216066837
v -0.023079577833414078 0.013325000181794165 0.004399999976158142
v -0.023079577833414078 0.013325000181794165 0.007000000216066837
v -0.023079577833414078 0.013325000181794165 0.004399999976158142
v -0.022292621433734894 0.014111955650150774 0.007000000216066837
v -0.022292621433734894 0.014111955650150774 0.004399999976158142
v -0.022292621433734894 0.014111955650150774 0.007000000216066837
v -0.022292621433734894 0.014111955650150774 0.004399999976158142
v -0.021217623725533485 0.014400000683963297 0.007000000216066837
v -0.021217623725533485 0.014400000683963297 0.004399999976158142
v -0.021217623725533485 0.014400000683963297 0.007000000216066837
v -0.021217623725533485 0.014400000683963297 0.004399999976158142
v -0.02014262229204178 0.014111955650150774 0.007000000216066837
v -0.02014262229204178 0.014111955650150774 0.004399999976158142
v -0.02014262229204178 0.014111955650150774 0.007000000216066837
v -0.02014262229204178 0.014111955650150774 0.004399999976158142
v -0.019355667755007744 0.013325000181794165 0.007000000216066837
v -0.019355667755007744 0.013325000181794165 0.004399999976158142
v -0.019355667755007744 0.013325000181794165 0.007000000216066837
v -0.019355667755007744 0.013325000181794165 0.004399999976158142
v -0.01906762272119522 0.012249999679625033 0.007000000216066837
v -0.01906762272119522 0.012249999679625033 0.004399999976158142
v -0.01906762272119522 0.012249999679625033 0.007000000216066837
v -0.01906762272119522 0.012249999679625033 0.004399999976158142
v -0.019355667755007744 0.011175000108778475 0.007000000216066837
v -0.019355667755007744 0.011175000108778475 0.004399999976158142
v -0.019355667755007744 0.011175000108778475 0.007000000216066837
v -0.019355667755007744 0.011175000108778475 0.004399999976158142
v -0.02014262229204178 0.01038804557174444 0.007000000216066837
v -0.02014262229204178 0.01038804557174444 0.004399999976158142
v 0.0010750005021691322 -0.026361955329775807 0.007000000216066837
v 0.0010750005021691322 -0.026361955329775807 0.004399999976158142
v 2.538403376384224e-10 -0.02665000036358833 0.007000000216066837
v 2.538403376384224e-10 -0.02665000036358833 0.004399999976158142
v 2.538403376384224e-10 -0.02665000036358833 0.007000000216066837
v 2.538403376384224e-10 -0.02665000036358833 0.004399999976158142
v -0.0010749996872618794 -0.026361955329775807 0.007000000216066837
v -0.0010749996872618794 -0.026361955329775807 0.004399999976158142
v -0.0010749996872618794 -0.026361955329775807 0.007000000216066837
v -0.0010749996872618794 -0.026361955329775807 0.004399999976158142
v -0.0018619546899572015 -0.025574998930096623 0.007000000216066837
v -0.0018619546899572015 -0.025574998930096623 0.004399999976158142
v -0.0018619546899572015 -0.025574998930096623 0.007000000216066837
v -0.0018619546899572015 -0.025574998930096623 0.004399999976158142
v -0.00215000007301569 -0.024499999359250065 0.007000000216066837
v -0.00215000007301569 -0.024499999359250065 0.004399999976158142
v -0.00215000007301569 -0.024499999359250065 0.007000000216066837
v -0.00215000007301569 -0.024499999359250065 0.004399999976158142
v -0.0018619548063725233 -0.023424999788403508 0.007000000216066837
v -0.0018619548063725233 -0.023424999788403508 0.004399999976158142
v -0.0018619548063725233 -0.023424999788403508 0.007000000216066837
v -0.0018619548063725233 -0.023424999788403508 0.004399999976158142
v -0.0010749995708465576 -0.022638045251369473 0.007000000216066837
v -0.0010749995708465576 -0.022638045251369473 0.004399999976158142
v -0.0010749995708465576 -0.022638045251369473 0.007000000216066837
v -0.0010749995708465576 -0.022638045251369473 0.004399999976158142
v -1.0399273109307217e-10 -0.02235000021755695 0.007000000216066837
v -1.0399273109307217e-10 -0.02235000021755695 0.004399999976158142
v -1.0399273109307217e-10 -0.02235000021755695 0.007000000216066837
v -1.0399273109307217e-10 -0.02235000021755695 0.004399999976158142
v 0.0010749998036772013 -0.022638045251369473 0.007000000216066837
v 0.0010749998036772013 -0.022638045251369473 0.004399999976158142
v 0.0010749998036772013 -0.022638045251369473 0.007000000216066837
v 0.0010749998036772013 -0.022638045251369473 0.004399999976158142
v 0.0018619546899572015 -0.023424999788403508 0.007000000216066837
v 0.0018619546899572015 -0.023424999788403508 0.004399999976158142
v 0.0018619546899572015 -0.023424999788403508 0.007000000216066837
v 0.0018619546899572015 -0.023424999788403508 0.004399999976158142
v 0.0021500003058463335 -0.024500001221895214 0.007000000216066837
v 0.0021500003058463335 -0.024500001221895214 0.004399999976158142
v 0.0021500003058463335 -0.024500001221895214 0.007000000216066837
v 0.0021500003058463335 -0.024500001221895214 0.004399999976158142
v 0.0018619549227878451 -0.025575000792741772 0.007000000216066837
v 0.0018619549227878451 -0.025575000792741772 0.004399999976158142
v 0.0018619549227878451 -0.025575000792741772 0.007000000216066837
v 0.0018619549227878451 -0.025575000792741772 0.004399999976158142
v 0.0010750005021691322 -0.026361955329775807 0.007000000216066837
v 0.0010750005021691322 -0.026361955329775807 0.004399999976158142
v 0.022292621433734894 -0.014111955650150774 0.007000000216066837
v 0.022292621433734894 -0.014111955650150774 0.004399999976158142
v 0.021217623725533485 -0.014400000683963297 0.007000000216066837
v 0.021217623725533485 -0.014400000683963297 0.004399999976158142
v 0.021217623725533485 -0.014400000683963297 0.007000000216066837
v 0.021217623725533485 -0.014400000683963297 0.004399999976158142
v 0.02014262229204178 -0.014111955650150774 0.007000000216066837
v 0.02014262229204178 -0.014111955650150774 0.004399999976158142
v 0.02014262229204178 -0.014111955650150774 0.007000000216066837
v 0.02014262229204178 -0.014111955650150774 0.004399999976158142
v 0.019355667755007744 -0.013325000181794165 0.007000000216066837
v 0.019355667755007744 -0.013325000181794165 0.004399999976158142
v 0.019355667755007744 -0.013325000181794165 0.007000000216066837
v 0.019355667755007744 -0.013325000181794165 0.004399999976158142
v 0.01906762272119522 -0.012249999679625033 0.007000000216066837
v 0.01906762272119522 -0.012249999679625033 0.004399999976158142
v 0.01906762272119522 -0.012249999679625033 0.007000000216066837
v 0.01906762272119522 -0.012249999679625033 0.004399999976158142
v 0.019355667755007744 -0.011175000108778475 0.007000000216066837
v 0.019355667755007744 -0.011175000108778475 0.004399999976158142
v 0.019355667755007744 -0.011175000108778475 0.007000000216066837
v 0.019355667755007744 -0.011175000108778475 0.004399999976158142
v 0.02014262229204178 -0.01038804557174444 0.007000000216066837
v 0.02014262229204178 -0.01038804557174444 0.004399999976158142
v 0.02014262229204178 -0.01038804557174444 0.007000000216066837
v 0.02014262229204178 -0.01038804557174444 0.004399999976158142
v 0.021217621862888336 -0.010099999606609343 0.007000000216066837
v 0.021217621862888336 -0.010099999606609343 0.004399999976158142
v 0.021217621862888336 -0.010099999606609343 0.007000000216066837
v 0.021217621862888336 -0.010099999606609343 0.004399999976158142
v 0.022292623296380043 -0.01038804557174444 0.007000000216066837
v 0.022292623296380043 -0.01038804557174444 0.004399999976158142
v 0.022292623296380043 -0.01038804557174444 0.007000000216066837
v 0.022292623296380043 -0.01038804557174444 0.004399999976158142
v 0.02307957597076893 -0.011175000108778475 0.007000000216066837
v 0.02307957597076893 -0.011175000108778475 0.004399999976158142
v 0.02307957597076893 -0.011175000108778475 0.007000000216066837
v 0.02307957597076893 -0.011175000108778475 0.004399999976158142
v 0.0233676228672266 -0.012250000610947607 0.007000000216066837
v 0.0233676228672266 -0.012250000610947607 0.004399999976158142
v 0.0233676228672266 -0.012250000610947607 0.007000000216066837
v 0.0233676228672266 -0.012250000610947607 0.004399999976158142
v 0.023079577833414078 -0.013325000181794165 0.007000000216066837
v 0.023079577833414078 -0.013325000181794165 0.004399999976158142
v 0.023079577833414078 -0.013325000181794165 0.007000000216066837
v 0.023079577833414078 -0.013325000181794165 0.004399999976158142
v 0.022292621433734894 -0.014111955650150774 0.007000000216066837
v 0.022292621433734894 -0.014111955650150774 0.004399999976158142
v 0.0010749995708465576 0.022638045251369473 0.007000000216066837
v 0.0010749995708465576 0.022638045251369473 0.004399999976158142
v 1.0399272415417826e-10 0.02235000021755695 0.007000000216066837
v 1.0399272415417826e-10 0.02235000021755695 0.004399999976158142
v 1.0399272415417826e-10 0.02235000021755695 0.007000000216066837
v 1.0399272415417826e-10 0.02235000021755695 0.004399999976158142
v -0.0010749998036772013 0.022638045251369473 0.007000000216066837
v -0.0010749998036772013 0.022638045251369473 0.004399999976158142
v -0.0010749998036772013 0.022638045251369473 0.007000000216066837
v -0.0010749998036772013 0.022638045251369473 0.004399999976158142
v -0.0018619546899572015 0.023424999788403508 0.007000000216066837
v -0.0018619546899572015 0.023424999788403508 0.004399999976158142
v -0.0018619546899572015 0.023424999788403508 0.007000000216066837
v -0.0018619546899572015 0.023424999788403508 0.004399999976158142
v -0.0021500003058463335 0.024500001221895214 0.007000000216066837
v -0.0021500003058463335 0.024500001221895214 0.004399999976158142
v -0.0021500003058463335 0.024500001221895214 0.007000000216066837
v -0.0021500003058463335 0.024500001221895214 0.004399999976158142
v -0.0018619549227878451 0.025575000792741772 0.007000000216066837
v -0.0018619549227878451 0.025575000792741772 0.004399999976158142
v -0.0018619549227878451 0.025575000792741772 0.007000000216066837
v -0.0018619549227878451 0.025575000792741772 0.004399999976158142
v -0.0010750005021691322 0.026361955329775807 0.007000000216066837
v -0.0010750005021691322 0.026361955329775807 0.004399999976158142
v -0.0010750005021691322 0.026361955329775807 0.007000000216066837
v -0.0010750005021691322 0.026361955329775807 0.004399999976158142
v -2.538403376384224e-10 0.02665000036358833 0.007000000216066837
v -2.538403376384224e-10 0.02665000036358833 0.004399999976158142
v -2.538403376384224e-10 0.02665000036358833 0.007000000216066837
v -2.538403376384224e-10 0.02665000036358833 0.004399999976158142
v 0.0010749996872618794 0.026361955329775807 0.007000000216066837
v 0.0010749996872618794 0.026361955329775807 0.004399999976158142
v 0.0010749996872618794 0.026361955329775807 0.007000000216066837
v 0.0010749996872618794 0.026361955329775807 0.004399999976158142
v 0.0018619546899572015 0.025574998930096623 0.007000000216066837
v 0.0018619546899572015 0.025574998930096623 0.004399999976158142
v 0.0018619546899572015 0.025574998930096623 0.007000000216066837
v 0.0018619546899572015 0.025574998930096623 0.004399999976158142
v 0.00215000007301569 0.024499999359250065 0.007000000216066837
v 0.00215000007301569 0.024499999359250065 0.004399999976158142
v 0.00215000007301569 0.024499999359250065 0.007000000216066837
v 0.00215000007301569 0.024499999359250065 0.004399999976158142
v 0.0018619548063725233 0.023424999788403508 0.007000000216066837
v 0.0018619548063725233 0.023424999788403508 0.004399999976158142
v 0.0018619548063725233 0.023424999788403508 0.007000000216066837
v 0.0018619548063725233 0.023424999788403508 0.004399999976158142
v 0.0010749995708465576 0.022638045251369473 0.007000000216066837
v 0.0010749995708465576 0.022638045251369473 0.004399999976158142
v -0.02014262229204178 -0.0141119547188282 0.007000000216066837
v -0.02014262229204178 -0.0141119547188282 0.004399999976158142
v -0.021217623725533485 -0.014400000683963297 0.007000000216066837
v -0.021217623725533485 -0.014400000683963297 0.004399999976158142
v -0.021217623725533485 -0.014400000683963297 0.007000000216066837
v -0.021217623725533485 -0.014400000683963297 0.004399999976158142
v -0.022292623296380043 -0.0141119547188282 0.007000000216066837
v -0.022292623296380043 -0.0141119547188282 0.004399999976158142
v -0.022292623296380043 -0.0141119547188282 0.007000000216066837
v -0.022292623296380043 -0.0141119547188282 0.004399999976158142
v -0.023079577833414078 -0.013325000181794165 0.007000000216066837
v -0.023079577833414078 -0.013325000181794165 0.004399999976158142
v -0.023079577833414078 -0.013325000181794165 0.007000000216066837
v -0.023079577833414078 -0.013325000181794165 0.004399999976158142
v -0.0233676228672266 -0.012250000610947607 0.007000000216066837
v -0.0233676228672266 -0.012250000610947607 0.004399999976158142
v -0.0233676228672266 -0.012250000610947607 0.007000000216066837
v -0.0233676228672266 -0.012250000610947607 0.004399999976158142
v -0.023079577833414078 -0.011175000108778475 0.007000000216066837
v -0.023079577833414078 -0.011175000108778475 0.004399999976158142
v -0.023079577833414078 -0.011175000108778475 0.007000000216066837
v -0.023079577833414078 -0.011175000108778475 0.004399999976158142
v -0.022292621433734894 -0.010388044640421866 0.007000000216066837
v -0.022292621433734894 -0.010388044640421866 0.004399999976158142
v -0.022292621433734894 -0.010388044640421866 0.007000000216066837
v -0.022292621433734894 -0.010388044640421866 0.004399999976158142
v -0.021217621862888336 -0.010099999606609343 0.007000000216066837
v -0.021217621862888336 -0.010099999606609343 0.004399999976158142
v -0.021217621862888336 -0.010099999606609343 0.007000000216066837
v -0.021217621862888336 -0.010099999606609343 0.004399999976158142
v -0.02014262229204178 -0.01038804557174444 0.007000000216066837
v -0.02014262229204178 -0.01038804557174444 0.004399999976158142
v -0.02014262229204178 -0.01038804557174444 0.007000000216066837
v -0.02014262229204178 -0.01038804557174444 0.004399999976158142
v -0.019355667755007744 -0.011175000108778475 0.007000000216066837
v -0.019355667755007744 -0.011175000108778475 0.004399999976158142
v -0.019355667755007744 -0.011175000108778475 0.007000000216066837
v -0.019355667755007744 -0.011175000108778475 0.004399999976158142
v -0.01906762272119522 -0.012249999679625033 0.007000000216066837
v -0.01906762272119522 -0.012249999679625033 0.004399999976158142
v -0.01906762272119522 -0.012249999679625033 0.007000000216066837
v -0.01906762272119522 -0.012249999679625033 0.004399999976158142
v -0.019355667755007744 -0.013325000181794165 0.007000000216066837
v -0.019355667755007744 -0.013325000181794165 0.004399999976158142
v -0.019355667755007744 -0.013325000181794165 0.007000000216066837
v -0.019355667755007744 -0.013325000181794165 0.004399999976158142
v -0.02014262229204178 -0.0141119547188282 0.007000000216066837
v -0.02014262229204178 -0.0141119547188282 0.004399999976158142
v 0.02560167945921421 -0.020821960642933842 0.01309052761644125
v 0.024179499596357346 -0.019399788230657574 0.013090504333376884
v 0.025379186496138573 -0.02109257876873016 0.012249999679625034
v 0.02395857870578766 -0.019671972841024395 0.012249999679625034
v 0.025379186496138573 -0.02109257876873016 0.012249999679625034
v 0.02395857870578766 -0.019671972841024395 0.012249999679625034
v 0.025019071996212006 -0.021518504247069355 0.011525528505444527
v 0.02360059693455696 -0.020100044086575505 0.011525517329573631
v 0.025019071996212006 -0.021518504247069355 0.011525528505444527
v 0.02360059693455696 -0.020100044086575505 0.011525517329573631
v 0.024539126083254814 -0.02206425182521343 0.010968911461532116
v 0.023122791200876236 -0.02064791694283485 0.010968911461532116
v 0.024539126083254814 -0.02206425182521343 0.010968911461532116
v 0.023122791200876236 -0.02064791694283485 0.010968911461532116
v 0.023965848609805107 -0.022685635834932324 0.010619093663990498
v 0.023965848609805107 -0.022685635834932324 0.010619093663990498
v 0.023122791200876236 -0.02064791694283485 0.010968911461532116
v 0.022525398060679436 -0.02129803970456123 0.010609307326376438
v 0.023965848609805107 -0.022685635834932324 0.010619093663990498
v 0.022525398060679436 -0.02129803970456123 0.010609307326376438
v 0.023334523662924767 -0.023334521800279614 0.010499999858438969
v 0.023334523662924767 -0.023334521800279614 0.010499999858438969
v 0.022525398060679436 -0.02129803970456123 0.010609307326376438
v 0.021920310333371162 -0.02192031033337116 0.010499999858438969
v 0.023334523662924767 -0.023334521800279614 0.010499999858438969
v 0.021920310333371162 -0.02192031033337116 0.010499999858438969
v 0.02240860089659691 -0.024225082248449322 0.010744205676019192
v 0.02240860089659691 -0.024225082248449322 0.010744205676019192
v 0.021920310333371162 -0.02192031033337116 0.010499999858438969
v 0.021270867437124252 -0.022551057860255238 0.010619089938700199
v 0.02240860089659691 -0.024225082248449322 0.010744205676019192
v 0.021270867437124252 -0.022551057860255238 0.010619089938700199
v 0.02206415869295597 -0.024539211764931675 0.01096898503601551
v 0.02206415869295597 -0.024539211764931675 0.01096898503601551
v 0.021270867437124252 -0.022551057860255238 0.010619089938700199
v 0.020647916942834854 -0.023122791200876232 0.010968911461532116
v 0.02206415869295597 -0.024539211764931675 0.01096898503601551
v 0.020647916942834854 -0.023122791200876232 0.010968911461532116
v 0.021518524736166 -0.02501905336976051 0.011525499634444714
v 0.021518524736166 -0.02501905336976051 0.011525499634444714
v 0.020647916942834854 -0.023122791200876232 0.010968911461532116
v 0.020100055262446404 -0.02360058948397636 0.011525504291057587
v 0.021518524736166 -0.02501905336976051 0.011525499634444714
v 0.020100055262446404 -0.02360058948397636 0.011525504291057587
v 0.021092578768730164 -0.02537918463349342 0.012249999679625034
v 0.0196719728410244 -0.023958578705787655 0.012249999679625034
v 0.021092578768730164 -0.02537918463349342 0.012249999679625034
v 0.0196719728410244 -0.023958578705787655 0.012249999679625034
v 0.020821422338485718 -0.025602115318179127 0.013093093410134315
v 0.01939924992620945 -0.024179931730031964 0.013093056157231331
v 0.020821422338485718 -0.025602115318179127 0.013093093410134315
v 0.01939924992620945 -0.024179931730031964 0.013093056157231331
v 0.020728034898638725 -0.025677781552076336 0.014000000432133675
v 0.0193052776157856 -0.02425502613186836 0.014000000432133675
v 0.020728034898638725 -0.025677781552076336 0.014000000432133675
v 0.0193052776157856 -0.02425502613186836 0.014000000432133675
v 0.02082129754126072 -0.025602217763662335 0.014906307682394981
v 0.0193991269916296 -0.024180030450224873 0.014906351454555988
v 0.02082129754126072 -0.025602217763662335 0.014906307682394981
v 0.0193991269916296 -0.024180030450224873 0.014906351454555988
v 0.021092578768730164 -0.02537918463349342 0.01575000025331974
v 0.0196719728410244 -0.023958578705787655 0.01575000025331974
v 0.021092578768730164 -0.02537918463349342 0.01575000025331974
v 0.0196719728410244 -0.023958578705787655 0.01575000025331974
v 0.0215187668800354 -0.025018844753503796 0.01647481881082058
v 0.02010028250515461 -0.02360039576888084 0.01647479459643364
v 0.0215187668800354 -0.025018844753503796 0.01647481881082058
v 0.02010028250515461 -0.02360039576888084 0.01647479459643364
v 0.02206425368785858 -0.02453912794589996 0.01703108847141266
v 0.020647916942834854 -0.023122791200876232 0.01703108847141266
v 0.02206425368785858 -0.02453912794589996 0.01703108847141266
v 0.020647916942834854 -0.023122791200876232 0.01703108847141266
v 0.02240860089659691 -0.024225082248449322 0.017255794256925583
v 0.02240860089659691 -0.024225082248449322 0.017255794256925583
v 0.020647916942834854 -0.023122791200876232 0.01703108847141266
v 0.02127007395029068 -0.02255180478096008 0.017380619421601295
v 0.02240860089659691 -0.024225082248449322 0.017255794256925583
v 0.02127007395029068 -0.02255180478096008 0.017380619421601295
v 0.023334523662924767 -0.023334521800279614 0.017500000074505806
v 0.023334523662924767 -0.023334521800279614 0.017500000074505806
v 0.02127007395029068 -0.02255180478096008 0.017380619421601295
v 0.021920310333371162 -0.02192031033337116 0.017500000074505806
v 0.023334523662924767 -0.023334521800279614 0.017500000074505806
v 0.021920310333371162 -0.02192031033337116 0.017500000074505806
v 0.023967066779732704 -0.022684350609779354 0.017380431294441223
v 0.023967066779732704 -0.022684350609779354 0.017380431294441223
v 0.021920310333371162 -0.02192031033337116 0.017500000074505806
v 0.022526664659380913 -0.021296700462698933 0.017390219494700432
v 0.023967066779732704 -0.022684350609779354 0.017380431294441223
v 0.022526664659380913 -0.021296700462698933 0.017390219494700432
v 0.024539126083254814 -0.02206425182521343 0.01703108847141266
v 0.024539126083254814 -0.02206425182521343 0.01703108847141266
v 0.022526664659380913 -0.021296700462698933 0.017390219494700432
v 0.023077992722392082 -0.020697975531220433 0.017068836838006973
v 0.024539126083254814 -0.02206425182521343 0.01703108847141266
v 0.023077992722392082 -0.020697975531220433 0.017068836838006973
v 0.02501855604350567 -0.021519105881452557 0.016475262120366096
v 0.02501855604350567 -0.021519105881452557 0.016475262120366096
v 0.023077992722392082 -0.020697975531220433 0.017068836838006973
v 0.02360009215772152 -0.02010063827037811 0.016475260257720947
v 0.02501855604350567 -0.021519105881452557 0.016475262120366096
v 0.02360009215772152 -0.02010063827037811 0.016475260257720947
v 0.025379186496138573 -0.02109257876873016 0.01575000025331974
v 0.02395857870578766 -0.019671972841024395 0.01575000025331974
v 0.025379186496138573 -0.02109257876873016 0.01575000025331974
v 0.02395857870578766 -0.019671972841024395 0.01575000025331974
v 0.02560240402817726 -0.02082107029855251 0.014905220828950405
v 0.0241802167147398 -0.019398894160985943 0.014905255287885666
v 0.02560240402817726 -0.02082107029855251 0.014905220828950405
v 0.0241802167147398 -0.019398894160985943 0.014905255287885666
v 0.02567778341472149 -0.020728034898638722 0.014000000432133675
v 0.024255024269223213 -0.019305277615785595 0.014000000432133675
v 0.02567778341472149 -0.020728034898638722 0.014000000432133675
v 0.024255024269223213 -0.019305277615785595 0.014000000432133675
v 0.02560167945921421 -0.020821960642933842 0.01309052761644125
v 0.024179499596357346 -0.019399788230657574 0.013090504333376884
v 0.05536611005663872 -0.08949762582778929 0.050621259957551956
v 0.056045155972242355 -0.09206140041351317 0.0471104234457016
v 0.054507698863744736 -0.08968954533338545 0.05059538036584854
v 0.05518674477934837 -0.09225331991910933 0.047084543853998184
v 0.054507698863744736 -0.08968954533338545 0.05059538036584854
v 0.05518674477934837 -0.09225331991910933 0.047084543853998184
v 0.05369526147842407 -0.08951128274202345 0.050308071076869965
v 0.05437431111931801 -0.09207506477832793 0.04679723456501961
v 0.05369526147842407 -0.08951128274202345 0.050308071076869965
v 0.05437431111931801 -0.09207506477832793 0.04679723456501961
v 0.05314650014042854 -0.08901061117649077 0.04983631521463394
v 0.05382554605603218 -0.09157438576221465 0.046325478702783585
v 0.05314650014042854 -0.08901061117649077 0.04983631521463394
v 0.05382554605603218 -0.09157438576221465 0.046325478702783585
v 0.053008440881967545 -0.08832167088985442 0.04930651932954788
v 0.05368748679757118 -0.09088545292615889 0.045795682817697525
v 0.053008440881967545 -0.08832167088985442 0.04930651932954788
v 0.05368748679757118 -0.09088545292615889 0.045795682817697525
v 0.0533180870115757 -0.08762907236814498 0.048860643059015274
v 0.053997136652469635 -0.09019285440444945 0.04534980654716492
v 0.0533180870115757 -0.08762907236814498 0.048860643059015274
v 0.053997136652469635 -0.09019285440444945 0.04534980654716492
v 0.053992465138435364 -0.08711840212345122 0.04861816018819809
v 0.0546715147793293 -0.08968218415975569 0.04510732367634773
v 0.053992465138435364 -0.08711840212345122 0.04861816018819809
v 0.0546715147793293 -0.08968218415975569 0.04510732367634773
v 0.054850880056619644 -0.08692649006843566 0.048644039779901505
v 0.05552992597222328 -0.08949026465415953 0.04513320326805115
v 0.054850880056619644 -0.08692649006843566 0.048644039779901505
v 0.05552992597222328 -0.08949026465415953 0.04513320326805115
v 0.05566330999135971 -0.08710474520921706 0.04893134906888008
v 0.05634235963225365 -0.08966852724552153 0.045420512557029724
v 0.05566330999135971 -0.08710474520921706 0.04893134906888008
v 0.05634235963225365 -0.08966852724552153 0.045420512557029724
v 0.05621207877993584 -0.08760541677474974 0.049403104931116104
v 0.056891124695539474 -0.09016919881105422 0.04589226841926575
v 0.05621207877993584 -0.08760541677474974 0.049403104931116104
v 0.056891124695539474 -0.09016919881105422 0.04589226841926575
v 0.05635013431310654 -0.0882943570613861 0.049932900816202164
v 0.057029180228710175 -0.09085813164710997 0.04642206430435181
v 0.05635013431310654 -0.0882943570613861 0.049932900816202164
v 0.057029180228710175 -0.09085813164710997 0.04642206430435181
v 0.05604048818349838 -0.08898694813251494 0.05037877708673477
v 0.05671953409910202 -0.09155072271823882 0.046867940574884415
v 0.05604048818349838 -0.08898694813251494 0.05037877708673477
v 0.05671953409910202 -0.09155072271823882 0.046867940574884415
v 0.05536611005663872 -0.08949762582778929 0.050621259957551956
v 0.056045155972242355 -0.09206140041351317 0.0471104234457016
v 0.06303254514932632 -0.079242967069149 0.044615622609853745
v 0.06371159106492996 -0.08180674165487288 0.04110478609800339
v 0.06217413768172264 -0.07943488657474516 0.04458973929286003
v 0.06285317987203598 -0.08199866116046904 0.04107890650629997
v 0.06217413768172264 -0.07943488657474516 0.04458973929286003
v 0.06285317987203598 -0.08199866116046904 0.04107890650629997
v 0.06136170029640198 -0.07925662398338316 0.044302430003881454
v 0.062040749937295914 -0.08182040601968764 0.0407915934920311
v 0.06136170029640198 -0.07925662398338316 0.044302430003881454
v 0.062040749937295914 -0.08182040601968764 0.0407915934920311
v 0.06081293895840645 -0.07875595241785048 0.04383067414164543
v 0.061491984874010086 -0.08131972700357436 0.040319837629795074
v 0.06081293895840645 -0.07875595241785048 0.04383067414164543
v 0.061491984874010086 -0.08131972700357436 0.040319837629795074
v 0.06067487969994545 -0.07806701213121413 0.04330087825655937
v 0.06135392561554909 -0.0806307941675186 0.039790041744709015
v 0.06067487969994545 -0.07806701213121413 0.04330087825655937
v 0.06135392561554909 -0.0806307941675186 0.039790041744709015
v 0.060984525829553604 -0.07737442106008528 0.042855001986026764
v 0.06166357547044754 -0.07993820309638976 0.039344169199466705
v 0.060984525829553604 -0.07737442106008528 0.042855001986026764
v 0.06166357547044754 -0.07993820309638976 0.039344169199466705
v 0.06165890395641327 -0.07686374336481093 0.04261251911520958
v 0.06233794987201691 -0.0794275254011154 0.03910168260335922
v 0.06165890395641327 -0.07686374336481093 0.04261251911520958
v 0.06233794987201691 -0.0794275254011154 0.03910168260335922
v 0.06251731514930725 -0.07667182385921477 0.042638398706912994
v 0.06319636106491089 -0.07923560589551924 0.03912756219506264
v 0.06251731514930725 -0.07667182385921477 0.042638398706912994
v 0.06319636106491089 -0.07923560589551924 0.03912756219506264
v 0.06332974880933762 -0.07685008645057677 0.04292570799589157
v 0.06400879472494125 -0.07941386848688124 0.03941487520933151
v 0.06332974880933762 -0.07685008645057677 0.04292570799589157
v 0.06400879472494125 -0.07941386848688124 0.03941487520933151
v 0.06387851387262344 -0.07735076546669005 0.043397463858127594
v 0.06455755978822708 -0.07991454005241393 0.039886631071567535
v 0.06387851387262344 -0.07735076546669005 0.043397463858127594
v 0.06455755978822708 -0.07991454005241393 0.039886631071567535
v 0.06401657313108444 -0.07803969085216521 0.043927259743213654
v 0.06469561904668808 -0.08060347288846968 0.040416426956653595
v 0.06401657313108444 -0.07803969085216521 0.043927259743213654
v 0.06469561904668808 -0.08060347288846968 0.040416426956653595
v 0.06370692700147629 -0.07873228937387465 0.04437313601374626
v 0.06438597291707993 -0.08129606395959853 0.040862299501895905
v 0.06370692700147629 -0.07873228937387465 0.04437313601374626
v 0.06438597291707993 -0.08129606395959853 0.040862299501895905
v 0.06303254514932632 -0.079242967069149 0.044615622609853745
v 0.06371159106492996 -0.08180674165487288 0.04110478609800339
v 0.043684400618076324 -0.08430728316307066 0.04457161948084831
v 0.04436345025897026 -0.08687106519937514 0.041060782968997955
v 0.04282598942518234 -0.08449920266866683 0.0445457398891449
v 0.04350503906607628 -0.0870629921555519 0.04103490337729454
v 0.04282598942518234 -0.08449920266866683 0.0445457398891449
v 0.04350503906607628 -0.0870629921555519 0.04103490337729454
v 0.042013559490442276 -0.08432094752788542 0.04425842687487602
v 0.042692605406045914 -0.0868847295641899 0.040747590363025665
v 0.042013559490442276 -0.08432094752788542 0.04425842687487602
v 0.042692605406045914 -0.0868847295641899 0.040747590363025665
v 0.04146479070186615 -0.08382026851177214 0.04378667101264
v 0.042143840342760086 -0.08638405799865721 0.04027583450078964
v 0.04146479070186615 -0.08382026851177214 0.04378667101264
v 0.042143840342760086 -0.08638405799865721 0.04027583450078964
v 0.04132673516869545 -0.08313133567571639 0.04325687512755394
v 0.042005784809589386 -0.08569511771202086 0.03974604234099388
v 0.04132673516869545 -0.08313133567571639 0.04325687512755394
v 0.042005784809589386 -0.08569511771202086 0.03974604234099388
v 0.041636381298303604 -0.08243874460458754 0.04281099885702133
v 0.04231542721390724 -0.08500251919031142 0.03930016607046127
v 0.041636381298303604 -0.08243874460458754 0.04281099885702133
v 0.04231542721390724 -0.08500251919031142 0.03930016607046127
v 0.04231075942516327 -0.08192806690931319 0.04256851598620415
v 0.04298980534076691 -0.08449184894561766 0.03905767947435379
v 0.04231075942516327 -0.08192806690931319 0.04256851598620415
v 0.04298980534076691 -0.08449184894561766 0.03905767947435379
v 0.04316917061805725 -0.08173614740371703 0.04259439557790756
v 0.04384821653366089 -0.0842999294400215 0.039083562791347504
v 0.04316917061805725 -0.08173614740371703 0.04259439557790756
v 0.04384821653366089 -0.0842999294400215 0.039083562791347504
v 0.043981608003377914 -0.08191440999507903 0.04288170859217644
v 0.044660650193691254 -0.0844781845808029 0.03937087208032608
v 0.043981608003377914 -0.08191440999507903 0.04288170859217644
v 0.044660650193691254 -0.0844781845808029 0.03937087208032608
v 0.044530369341373444 -0.08241508156061171 0.04335346445441246
v 0.04520941898226738 -0.08497886359691618 0.0398426279425621
v 0.044530369341373444 -0.08241508156061171 0.04335346445441246
v 0.04520941898226738 -0.08497886359691618 0.0398426279425621
v 0.04466842859983444 -0.08310402184724806 0.04388326033949852
v 0.04534747079014778 -0.08566779643297194 0.04037242382764816
v 0.04466842859983444 -0.08310402184724806 0.04388326033949852
v 0.04534747079014778 -0.08566779643297194 0.04037242382764816
v 0.04435877874493599 -0.08379661291837691 0.04432913288474083
v 0.045037828385829926 -0.08636039495468138 0.04081830009818077
v 0.04435877874493599 -0.08379661291837691 0.04432913288474083
v 0.045037828385829926 -0.08636039495468138 0.04081830009818077
v 0.043684400618076324 -0.08430728316307066 0.04457161948084831
v 0.04436345025897026 -0.08687106519937514 0.041060782968997955
v 0.05135083943605423 -0.07405262440443038 0.0385659784078598
v 0.052029889076948166 -0.07661641389131545 0.035055141896009445
v 0.05049242824316025 -0.07424455136060713 0.03854009881615639
v 0.051171477884054184 -0.07680833339691161 0.03502926230430603
v 0.05049242824316025 -0.07424455136060713 0.03854009881615639
v 0.051171477884054184 -0.07680833339691161 0.03502926230430603
v 0.04967999830842018 -0.07406629621982573 0.03825278580188751
v 0.05035904422402382 -0.07663007080554961 0.034741953015327454
v 0.04967999830842018 -0.07406629621982573 0.03825278580188751
v 0.05035904422402382 -0.07663007080554961 0.034741953015327454
v 0.049131229519844055 -0.07356561720371245 0.03778102993965149
v 0.04981027543544769 -0.07612939178943633 0.03427019715309143
v 0.049131229519844055 -0.07356561720371245 0.03778102993965149
v 0.04981027543544769 -0.07612939178943633 0.03427019715309143
v 0.048993173986673355 -0.0728766769170761 0.03725123777985573
v 0.04967222362756729 -0.07544045895338057 0.03374040126800537
v 0.048993173986673355 -0.0728766769170761 0.03725123777985573
v 0.04967222362756729 -0.07544045895338057 0.03374040126800537
v 0.04930282011628151 -0.07218408584594725 0.03680536150932312
v 0.04998186603188515 -0.07474786043167113 0.03329452499747276
v 0.04930282011628151 -0.07218408584594725 0.03680536150932312
v 0.04998186603188515 -0.07474786043167113 0.03329452499747276
v 0.049977198243141174 -0.0716734081506729 0.03656287491321564
v 0.05065624415874481 -0.07423719018697737 0.03305204212665558
v 0.049977198243141174 -0.0716734081506729 0.03656287491321564
v 0.05065624415874481 -0.07423719018697737 0.03305204212665558
v 0.050835609436035156 -0.07148148864507674 0.03658875823020935
v 0.051514655351638794 -0.07404527068138121 0.033077921718358994
v 0.050835609436035156 -0.07148148864507674 0.03658875823020935
v 0.051514655351638794 -0.07404527068138121 0.033077921718358994
v 0.05164804682135582 -0.07165975123643874 0.03687606751918793
v 0.05232708901166916 -0.07422353327274321 0.03336523100733757
v 0.05164804682135582 -0.07165975123643874 0.03687606751918793
v 0.05232708901166916 -0.07422353327274321 0.03336523100733757
v 0.05219680815935135 -0.07216042280197142 0.03734782338142395
v 0.052875857800245285 -0.0747242048382759 0.03383698686957359
v 0.05219680815935135 -0.07216042280197142 0.03734782338142395
v 0.052875857800245285 -0.0747242048382759 0.03383698686957359
v 0.05233486741781235 -0.07284936308860777 0.03787761926651001
v 0.05301390960812569 -0.07541313767433165 0.03436678275465965
v 0.05233486741781235 -0.07284936308860777 0.03787761926651001
v 0.05301390960812569 -0.07541313767433165 0.03436678275465965
v 0.052025217562913895 -0.07354195415973662 0.03832349553704262
v 0.05270426720380783 -0.0761057361960411 0.03481265902519226
v 0.052025217562913895 -0.07354195415973662 0.03832349553704262
v 0.05270426720380783 -0.0761057361960411 0.03481265902519226
v 0.05135083943605423 -0.07405262440443038 0.0385659784078598
v 0.052029889076948166 -0.07661641389131545 0.035055141896009445
v 0.05518674477934837 -0.09225331991910933 0.047084543853998184
v 0.0552721731364727 -0.09448586404323576 0.046726156026124954
v 0.05437431111931801 -0.09207506477832793 0.04679723456501961
v 0.05369509756565094 -0.09413982182741164 0.04616843909025192
v 0.05437431111931801 -0.09207506477832793 0.04679723456501961
v 0.05369509756565094 -0.09413982182741164 0.04616843909025192
v 0.05382554605603218 -0.09157438576221465 0.046325478702783585
v 0.05262984707951546 -0.09316793084144591 0.04525267705321312
v 0.05382554605603218 -0.09157438576221465 0.046325478702783585
v 0.05262984707951546 -0.09316793084144591 0.04525267705321312
v 0.05368748679757118 -0.09088545292615889 0.045795682817697525
v 0.052361860871315 -0.09183058887720107 0.04422425478696823
v 0.05368748679757118 -0.09088545292615889 0.045795682817697525
v 0.052361860871315 -0.09183058887720107 0.04422425478696823
v 0.053997136652469635 -0.09019285440444945 0.04534980654716492
v 0.052962932735681534 -0.09048613905906676 0.043358732014894485
v 0.053997136652469635 -0.09019285440444945 0.04534980654716492
v 0.052962932735681534 -0.09048613905906676 0.043358732014894485
v 0.0546715147793293 -0.08968218415975569 0.04510732367634773
v 0.05427202209830284 -0.08949483931064604 0.04288802668452263
v 0.0546715147793293 -0.08968218415975569 0.04510732367634773
v 0.05427202209830284 -0.08949483931064604 0.04288802668452263
v 0.05552992597222328 -0.08949026465415953 0.04513320326805115
v 0.055938344448804855 -0.08912228047847746 0.042938265949487686
v 0.05552992597222328 -0.08949026465415953 0.04513320326805115
v 0.055938344448804855 -0.08912228047847746 0.042938265949487686
v 0.05634235963225365 -0.08966852724552153 0.045420512557029724
v 0.057515423744916916 -0.08946832269430159 0.04349598288536072
v 0.05634235963225365 -0.08966852724552153 0.045420512557029724
v 0.057515423744916916 -0.08946832269430159 0.04349598288536072
v 0.056891124695539474 -0.09016919881105422 0.04589226841926575
v 0.0585806705057621 -0.09044021368026732 0.04441174492239952
v 0.056891124695539474 -0.09016919881105422 0.04589226841926575
v 0.0585806705057621 -0.09044021368026732 0.04441174492239952
v 0.057029180228710175 -0.09085813164710997 0.04642206430435181
v 0.05884866043925285 -0.09177755564451216 0.04544017091393471
v 0.057029180228710175 -0.09085813164710997 0.04642206430435181
v 0.05884866043925285 -0.09177755564451216 0.04544017091393471
v 0.05671953409910202 -0.09155072271823882 0.046867940574884415
v 0.058247584849596024 -0.09312200546264647 0.04630569368600845
v 0.05671953409910202 -0.09155072271823882 0.046867940574884415
v 0.058247584849596024 -0.09312200546264647 0.04630569368600845
v 0.056045155972242355 -0.09206140041351317 0.0471104234457016
v 0.056938499212265015 -0.09411331266164778 0.04677639529109001
v 0.056045155972242355 -0.09206140041351317 0.0471104234457016
v 0.056938499212265015 -0.09411331266164778 0.04677639529109001
v 0.05518674477934837 -0.09225331991910933 0.047084543853998184
v 0.0552721731364727 -0.09448586404323576 0.046726156026124954
v 0.04350503906607628 -0.0870629921555519 0.04103490337729454
v 0.04359046742320061 -0.08929552882909773 0.04067651554942131
v 0.042692605406045914 -0.0868847295641899 0.040747590363025665
v 0.042013391852378845 -0.0889494940638542 0.04011879488825798
v 0.042692605406045914 -0.0868847295641899 0.040747590363025665
v 0.042013391852378845 -0.0889494940638542 0.04011879488825798
v 0.042143840342760086 -0.08638405799865721 0.04027583450078964
v 0.04094814136624336 -0.08797759562730788 0.039203036576509476
v 0.042143840342760086 -0.08638405799865721 0.04027583450078964
v 0.04094814136624336 -0.08797759562730788 0.039203036576509476
v 0.042005784809589386 -0.08569511771202086 0.03974604234099388
v 0.04068015143275261 -0.08664025366306304 0.03817461058497429
v 0.042005784809589386 -0.08569511771202086 0.03974604234099388
v 0.04068015143275261 -0.08664025366306304 0.03817461058497429
v 0.04231542721390724 -0.08500251919031142 0.03930016607046127
v 0.04128123074769974 -0.08529581129550932 0.03730908781290054
v 0.04231542721390724 -0.08500251919031142 0.03930016607046127
v 0.04128123074769974 -0.08529581129550932 0.03730908781290054
v 0.04298980534076691 -0.08449184894561766 0.03905767947435379
v 0.04259031265974045 -0.08430449664592742 0.036838382482528687
v 0.04298980534076691 -0.08449184894561766 0.03905767947435379
v 0.04259031265974045 -0.08430449664592742 0.036838382482528687
v 0.04384821653366089 -0.0842999294400215 0.039083562791347504
v 0.04425663873553276 -0.08393195271492003 0.036888621747493744
v 0.04384821653366089 -0.0842999294400215 0.039083562791347504
v 0.04425663873553276 -0.08393195271492003 0.036888621747493744
v 0.044660650193691254 -0.0844781845808029 0.03937087208032608
v 0.04583371430635452 -0.08427798002958296 0.037446342408657074
v 0.044660650193691254 -0.0844781845808029 0.03937087208032608
v 0.04583371430635452 -0.08427798002958296 0.037446342408657074
v 0.04520941898226738 -0.08497886359691618 0.0398426279425621
v 0.046898964792490005 -0.08524987846612929 0.03836210444569588
v 0.04520941898226738 -0.08497886359691618 0.0398426279425621
v 0.046898964792490005 -0.08524987846612929 0.03836210444569588
v 0.04534747079014778 -0.08566779643297194 0.04037242382764816
v 0.04716695472598076 -0.08658722043037413 0.039390526711940765
v 0.04534747079014778 -0.08566779643297194 0.04037242382764816
v 0.04716695472598076 -0.08658722043037413 0.039390526711940765
v 0.045037828385829926 -0.08636039495468138 0.04081830009818077
v 0.04656587541103363 -0.08793167024850844 0.04025604948401451
v 0.045037828385829926 -0.08636039495468138 0.04081830009818077
v 0.04656587541103363 -0.08793167024850844 0.04025604948401451
v 0.04436345025897026 -0.08687106519937514 0.041060782968997955
v 0.04525679349899292 -0.08892297744750975 0.04072675481438637
v 0.04436345025897026 -0.08687106519937514 0.041060782968997955
v 0.04525679349899292 -0.08892297744750975 0.04072675481438637
v 0.04350503906607628 -0.0870629921555519 0.04103490337729454
v 0.04359046742320061 -0.08929552882909773 0.04067651554942131
v 0.06285317987203598 -0.08199866116046904 0.04107890650629997
v 0.0629386156797409 -0.08423120528459548 0.04072051867842674
v 0.062040749937295914 -0.08182040601968764 0.0407915934920311
v 0.061361536383628845 -0.08388517051935195 0.04016279801726341
v 0.062040749937295914 -0.08182040601968764 0.0407915934920311
v 0.061361536383628845 -0.08388517051935195 0.04016279801726341
v 0.061491984874010086 -0.08131972700357436 0.040319837629795074
v 0.06029628589749336 -0.08291327208280562 0.03924703598022461
v 0.061491984874010086 -0.08131972700357436 0.040319837629795074
v 0.06029628589749336 -0.08291327208280562 0.03924703598022461
v 0.06135392561554909 -0.0806307941675186 0.039790041744709015
v 0.06002829596400261 -0.08157593011856078 0.03821861371397972
v 0.06135392561554909 -0.0806307941675186 0.039790041744709015
v 0.06002829596400261 -0.08157593011856078 0.03821861371397972
v 0.06166357547044754 -0.07993820309638976 0.039344169199466705
v 0.06062937155365944 -0.08023148030042647 0.037353090941905975
v 0.06166357547044754 -0.07993820309638976 0.039344169199466705
v 0.06062937155365944 -0.08023148030042647 0.037353090941905975
v 0.06233794987201691 -0.0794275254011154 0.03910168260335922
v 0.061938460916280746 -0.07924018055200575 0.03688238561153412
v 0.06233794987201691 -0.0794275254011154 0.03910168260335922
v 0.061938460916280746 -0.07924018055200575 0.03688238561153412
v 0.06319636106491089 -0.07923560589551924 0.03912756219506264
v 0.06360478699207306 -0.07886762171983717 0.036932624876499176
v 0.06319636106491089 -0.07923560589551924 0.03912756219506264
v 0.06360478699207306 -0.07886762171983717 0.036932624876499176
v 0.06400879472494125 -0.07941386848688124 0.03941487520933151
v 0.06518185883760452 -0.0792136564850807 0.037490345537662506
v 0.06400879472494125 -0.07941386848688124 0.03941487520933151
v 0.06518185883760452 -0.0792136564850807 0.037490345537662506
v 0.06455755978822708 -0.07991454005241393 0.039886631071567535
v 0.0662471130490303 -0.08018556237220763 0.03840610384941101
v 0.06455755978822708 -0.07991454005241393 0.039886631071567535
v 0.0662471130490303 -0.08018556237220763 0.03840610384941101
v 0.06469561904668808 -0.08060347288846968 0.040416426956653595
v 0.06651509553194046 -0.08152289688587187 0.0394345298409462
v 0.06469561904668808 -0.08060347288846968 0.040416426956653595
v 0.06651509553194046 -0.08152289688587187 0.0394345298409462
v 0.06438597291707993 -0.08129606395959853 0.040862299501895905
v 0.06591402739286423 -0.08286734670400618 0.04030005261301994
v 0.06438597291707993 -0.08129606395959853 0.040862299501895905
v 0.06591402739286423 -0.08286734670400618 0.04030005261301994
v 0.06371159106492996 -0.08180674165487288 0.04110478609800339
v 0.06460493803024292 -0.0838586539030075 0.0407707579433918
v 0.06371159106492996 -0.08180674165487288 0.04110478609800339
v 0.06460493803024292 -0.0838586539030075 0.0407707579433918
v 0.06285317987203598 -0.08199866116046904 0.04107890650629997
v 0.0629386156797409 -0.08423120528459548 0.04072051867842674
v 0.051171477884054184 -0.07680833339691161 0.03502926230430603
v 0.05125690624117851 -0.07904087007045744 0.0346708744764328
v 0.05035904422402382 -0.07663007080554961 0.034741953015327454
v 0.04967983067035675 -0.07869483530521391 0.03411315754055977
v 0.05035904422402382 -0.07663007080554961 0.034741953015327454
v 0.04967983067035675 -0.07869483530521391 0.03411315754055977
v 0.04981027543544769 -0.07612939178943633 0.03427019715309143
v 0.04861458018422127 -0.07772293686866759 0.033197395503520966
v 0.04981027543544769 -0.07612939178943633 0.03427019715309143
v 0.04861458018422127 -0.07772293686866759 0.033197395503520966
v 0.04967222362756729 -0.07544045895338057 0.03374040126800537
v 0.048346590250730515 -0.07638559490442275 0.03216896951198578
v 0.04967222362756729 -0.07544045895338057 0.03374040126800537
v 0.048346590250730515 -0.07638559490442275 0.03216896951198578
v 0.04998186603188515 -0.07474786043167113 0.03329452499747276
v 0.048947665840387344 -0.07504114508628844 0.03130344673991203
v 0.04998186603188515 -0.07474786043167113 0.03329452499747276
v 0.048947665840387344 -0.07504114508628844 0.03130344673991203
v 0.05065624415874481 -0.07423719018697737 0.03305204212665558
v 0.05025675147771835 -0.07404983788728713 0.030832743272185326
v 0.05065624415874481 -0.07423719018697737 0.03305204212665558
v 0.05025675147771835 -0.07404983788728713 0.030832743272185326
v 0.051514655351638794 -0.07404527068138121 0.033077921718358994
v 0.051923081278800964 -0.07367729395627974 0.030882982537150383
v 0.051514655351638794 -0.07404527068138121 0.033077921718358994
v 0.051923081278800964 -0.07367729395627974 0.030882982537150383
v 0.05232708901166916 -0.07422353327274321 0.03336523100733757
v 0.05350015312433243 -0.07402332872152327 0.031440701335668564
v 0.05232708901166916 -0.07422353327274321 0.03336523100733757
v 0.05350015312433243 -0.07402332872152327 0.031440701335668564
v 0.052875857800245285 -0.0747242048382759 0.03383698686957359
v 0.05456540361046791 -0.074995219707489 0.03235646337270737
v 0.052875857800245285 -0.0747242048382759 0.03383698686957359
v 0.05456540361046791 -0.074995219707489 0.03235646337270737
v 0.05301390960812569 -0.07541313767433165 0.03436678275465965
v 0.054833393543958664 -0.07633256912231444 0.033384885638952255
v 0.05301390960812569 -0.07541313767433165 0.03436678275465965
v 0.054833393543958664 -0.07633256912231444 0.033384885638952255
v 0.05270426720380783 -0.0761057361960411 0.03481265902519226
v 0.054232317954301834 -0.07767701148986815 0.034250408411026
v 0.05270426720380783 -0.0761057361960411 0.03481265902519226
v 0.054232317954301834 -0.07767701148986815 0.034250408411026
v 0.052029889076948166 -0.07661641389131545 0.035055141896009445
v 0.052923232316970825 -0.07866831868886946 0.03472111374139786
v 0.052029889076948166 -0.07661641389131545 0.035055141896009445
v 0.052923232316970825 -0.07866831868886946 0.03472111374139786
v 0.051171477884054184 -0.07680833339691161 0.03502926230430603
v 0.05125690624117851 -0.07904087007045744 0.0346708744764328
v 0.07913804799318314 -0.09097878634929656 0.05630071833729744
v 0.07647576928138733 -0.08073812723159789 0.07030757516622543
v 0.07648207992315292 -0.08136749267578124 0.07076891511678696
v 0.07565180957317352 -0.08247570693492888 0.07142134010791779
v 0.07494163513183594 -0.08278585225343703 0.0715131014585495
v 0.0749608725309372 -0.08285983651876448 0.07141190022230148
v 0.0791444256901741 -0.09160839021205901 0.0567617192864418
v 0.0791444256901741 -0.09160839021205901 0.0567617192864418
v 0.07648207992315292 -0.08136749267578124 0.07076891511678696
v 0.07619274407625198 -0.08197764307260512 0.07116001099348068
v 0.07885527610778809 -0.0922192484140396 0.05715186893939972
v 0.07885527610778809 -0.0922192484140396 0.05715186893939972
v 0.07619274407625198 -0.08197764307260512 0.07116001099348068
v 0.07565180957317352 -0.08247570693492888 0.07142134010791779
v 0.07831460982561111 -0.09271834790706633 0.057411763817071915
v 0.07831460982561111 -0.09271834790706633 0.057411763817071915
v 0.0776047557592392 -0.09302972257137297 0.05750184506177902
v 0.08006402105093002 -0.09447484463453291 0.05151321738958359
v 0.07913804799318314 -0.09097878634929656 0.05630071833729744
v 0.0791444256901741 -0.09160839021205901 0.0567617192864418
v 0.08007039874792099 -0.09510444849729537 0.05197422206401825
v 0.08007039874792099 -0.09510444849729537 0.05197422206401825
v 0.0791444256901741 -0.09160839021205901 0.0567617192864418
v 0.07885527610778809 -0.0922192484140396 0.05715186893939972
v 0.07978124916553497 -0.09571530669927596 0.05236436799168587
v 0.07978124916553497 -0.09571530669927596 0.05236436799168587
v 0.07885527610778809 -0.0922192484140396 0.05715186893939972
v 0.07831460982561111 -0.09271834790706633 0.057411763817071915
v 0.0792405903339386 -0.09621440619230269 0.05262426659464836
v 0.0792405903339386 -0.09621440619230269 0.05262426659464836
v 0.07831460982561111 -0.09271834790706633 0.057411763817071915
v 0.0776047557592392 -0.09302972257137297 0.05750184506177902
v 0.07853073626756668 -0.09652578085660933 0.05271434783935547
v 0.03431221842765808 -0.0934273600578308 0.07141190022230148
v 0.033290594816207886 -0.09347204118967055 0.07125038653612137
v 0.037095025181770325 -0.10413160175085066 0.05677095800638199
v 0.03607364371418953 -0.10417721420526503 0.0566081777215004
v 0.03607364371418953 -0.10417721420526503 0.0566081777215004
v 0.033290594816207886 -0.09347204118967055 0.07125038653612137
v 0.03560904413461685 -0.10403636842966078 0.05641607195138931
v 0.03560904413461685 -0.10403636842966078 0.05641607195138931
v 0.033290594816207886 -0.09347204118967055 0.07125038653612137
v 0.03243512660264969 -0.09309090673923491 0.07080913335084915
v 0.03560904413461685 -0.10403636842966078 0.05641607195138931
v 0.03243512660264969 -0.09309090673923491 0.07080913335084915
v 0.03521834686398506 -0.10379675775766371 0.05616599693894386
v 0.03521834686398506 -0.10379675775766371 0.05616599693894386
v 0.03243512660264969 -0.09309090673923491 0.07080913335084915
v 0.03501690924167633 -0.10359553992748259 0.05598030239343643
v 0.03501690924167633 -0.10359553992748259 0.05598030239343643
v 0.03243512660264969 -0.09309090673923491 0.07080913335084915
v 0.03197503462433815 -0.09238608181476592 0.07020637392997742
v 0.03501690924167633 -0.10359553992748259 0.05598030239343643
v 0.03197503462433815 -0.09238608181476592 0.07020637392997742
v 0.034759387373924255 -0.10309189558029173 0.05556289106607437
v 0.03720514103770256 -0.1072406768798828 0.05254590883851051
v 0.03789963200688362 -0.10716085880994795 0.05262194201350212
v 0.037095025181770325 -0.10413160175085066 0.05677095800638199
v 0.037095025181770325 -0.10413160175085066 0.05677095800638199
v 0.03607364371418953 -0.10417721420526503 0.0566081777215004
v 0.03720514103770256 -0.1072406768798828 0.05254590883851051
v 0.03720514103770256 -0.1072406768798828 0.05254590883851051
v 0.03607364371418953 -0.10417721420526503 0.0566081777215004
v 0.03560904413461685 -0.10403636842966078 0.05641607195138931
v 0.03720514103770256 -0.1072406768798828 0.05254590883851051
v 0.03560904413461685 -0.10403636842966078 0.05641607195138931
v 0.03641390800476074 -0.10706658661365508 0.05226574093103409
v 0.03641390800476074 -0.10706658661365508 0.05226574093103409
v 0.03560904413461685 -0.10403636842966078 0.05641607195138931
v 0.03521834686398506 -0.10379675775766371 0.05616599693894386
v 0.03641390800476074 -0.10706658661365508 0.05226574093103409
v 0.03521834686398506 -0.10379675775766371 0.05616599693894386
v 0.03582185134291649 -0.10662606358528136 0.051829539239406586
v 0.03521834686398506 -0.10379675775766371 0.05616599693894386
v 0.03501690924167633 -0.10359553992748259 0.05598030239343643
v 0.03582185134291649 -0.10662606358528136 0.051829539239406586
v 0.03582185134291649 -0.10662606358528136 0.051829539239406586
v 0.03501690924167633 -0.10359553992748259 0.05598030239343643
v 0.034759387373924255 -0.10309189558029173 0.05556289106607437
v 0.03582185134291649 -0.10662606358528136 0.051829539239406586
v 0.034759387373924255 -0.10309189558029173 0.05556289106607437
v 0.03556329384446144 -0.10612279176712035 0.05141201242804527
v 0.037188414484262466 -0.07003753632307051 0.025375165045261383
v 0.036887478083372116 -0.06948503851890563 0.024913493543863297
v 0.03596130758523941 -0.06598822772502898 0.029702018946409225
v 0.03596130758523941 -0.06598822772502898 0.029702018946409225
v 0.03611087426543236 -0.06633909791707991 0.029985560104250908
v 0.037188414484262466 -0.07003753632307051 0.025375165045261383
v 0.037188414484262466 -0.07003753632307051 0.025375165045261383
v 0.03611087426543236 -0.06633909791707991 0.029985560104250908
v 0.03626244142651558 -0.06654147803783415 0.030162664130330086
v 0.037188414484262466 -0.07003753632307051 0.025375165045261383
v 0.03626244142651558 -0.06654147803783415 0.030162664130330086
v 0.037738095968961716 -0.07042883336544035 0.025767220184206963
v 0.03681212291121483 -0.066932775080204 0.030554719269275665
v 0.037738095968961716 -0.07042883336544035 0.025767220184206963
v 0.03681212291121483 -0.066932775080204 0.030554719269275665
v 0.03845283389091492 -0.07059933990240096 0.026029974222183228
v 0.03752686083316803 -0.067103274166584 0.03081747144460678
v 0.03845283389091492 -0.07059933990240096 0.026029974222183228
v 0.03752686083316803 -0.067103274166584 0.03081747144460678
v 0.039223819971084595 -0.07052310556173323 0.026123423129320145
v 0.03829784691333771 -0.06702704727649687 0.030910920351743698
v 0.06014668568968773 -0.05965857207775115 0.02975599467754364
v 0.061072658747434616 -0.0631546303629875 0.024968497455120087
v 0.06008823215961456 -0.060498669743537896 0.030358169227838516
v 0.06101420521736145 -0.06399472802877425 0.025570672005414963
v 0.06008823215961456 -0.060498669743537896 0.030358169227838516
v 0.06101420521736145 -0.06399472802877425 0.025570672005414963
v 0.05952701345086098 -0.06124936416745185 0.030797813087701797
v 0.060452982783317566 -0.0647454261779785 0.026010315865278244
v 0.05952701345086098 -0.06124936416745185 0.030797813087701797
v 0.060452982783317566 -0.0647454261779785 0.026010315865278244
v 0.05861339718103409 -0.06170950457453727 0.030957123264670372
v 0.059539370238780975 -0.06520556658506392 0.02616962417960167
v -0.007040007039904594 -0.03903767839074134 0.008425496518611908
v -0.006894039921462536 -0.03885718807578086 0.008422820828855038
v -0.0063509466126561165 -0.03931982442736625 0.008691459894180298
v -0.006700259633362293 -0.039742723107337945 0.008695540018379688
v -0.007162353955209255 -0.03918905183672904 0.008427564054727554
v -0.006629809737205505 -0.039660084992647164 0.0086952680721879
v -0.006629809737205505 -0.039660084992647164 0.0086952680721879
v -0.007162353955209255 -0.03918905183672904 0.008427564054727554
v -0.007040007039904594 -0.03903767839074134 0.008425496518611908
v -0.006629809737205505 -0.039660084992647164 0.0086952680721879
v -0.007040007039904594 -0.03903767839074134 0.008425496518611908
v -0.006488020531833172 -0.0394870713353157 0.008693329989910126
v -0.0063509466126561165 -0.03931982442736625 0.008691459894180298
v 0.035568322986364365 -0.0982590466737747 0.053190093487501144
v 0.032906871289014816 -0.08802160620689391 0.06719255447387695
v 0.035992950201034546 -0.0992152765393257 0.05397050082683563
v 0.035992950201034546 -0.0992152765393257 0.05397050082683563
v 0.032906871289014816 -0.08802160620689391 0.06719255447387695
v 0.03405710682272911 -0.08978369086980818 0.06869946420192719
v 0.035992950201034546 -0.0992152765393257 0.05397050082683563
v 0.03405710682272911 -0.08978369086980818 0.06869946420192719
v 0.03671827167272568 -0.10002005100250243 0.05469847470521927
v 0.03671827167272568 -0.10002005100250243 0.05469847470521927
v 0.03405710682272911 -0.08978369086980818 0.06869946420192719
v 0.0361957773566246 -0.09073652327060698 0.06980259716510773
v 0.038856182247400284 -0.10096994787454604 0.05580563843250275
v 0.038856182247400284 -0.10096994787454604 0.05580563843250275
v 0.0361957773566246 -0.09073652327060698 0.06980259716510773
v 0.03874983638525009 -0.0906248167157173 0.07020637392997742
v 0.041409194469451904 -0.10085421055555342 0.056214913725852966
v 0.07236617803573608 -0.09275130182504653 0.0562853179872036
v 0.06972020119428635 -0.08257338404655455 0.07020637392997742
v 0.0714956521987915 -0.08179803192615508 0.06997695565223694
v 0.07414082437753677 -0.09197287261486052 0.05606011301279068
v 0.07414082437753677 -0.09197287261486052 0.05606011301279068
v 0.0714956521987915 -0.08179803192615508 0.06997695565223694
v 0.07284798473119736 -0.08055288344621657 0.06932364404201508
v 0.0754924789071083 -0.0907251089811325 0.055410366505384445
v 0.0754924789071083 -0.0907251089811325 0.055410366505384445
v 0.07284798473119736 -0.08055288344621657 0.06932364404201508
v 0.07357131689786911 -0.07902749627828597 0.06834588944911957
v 0.07621535658836365 -0.08919797837734221 0.05443499982357025
v 0.07621535658836365 -0.08919797837734221 0.05443499982357025
v 0.07357131689786911 -0.07902749627828597 0.06834588944911957
v 0.07355552911758423 -0.07745409011840819 0.06719255447387695
v 0.07619941234588623 -0.08762397617101668 0.053282495588064194
v 0.03425944223999977 -0.05941925197839736 0.024986600503325462
v 0.03436024487018585 -0.05983294546604156 0.025275371968746185
v 0.03518170118331909 -0.0629012957215309 0.020218295976519585
v 0.035282839089632034 -0.06331624835729598 0.020505348220467567
v 0.05868048593401909 -0.0557069107890129 0.019067132845520973
v 0.05994623899459839 -0.05882178619503974 0.021586578339338303
v 0.058993253856897354 -0.055223733186721795 0.02651374414563179
v 0.055390045046806335 -0.04867922887206077 0.0222038384526968
v 0.0563565194606781 -0.05232821032404899 0.017206935212016106
v 0.05649518221616745 -0.0500376783311367 0.023085111752152443
v 0.05649518221616745 -0.0500376783311367 0.023085111752152443
v 0.0563565194606781 -0.05232821032404899 0.017206935212016106
v 0.05739302560687065 -0.05363089218735694 0.017934855073690414
v 0.05649518221616745 -0.0500376783311367 0.023085111752152443
v 0.05739302560687065 -0.05363089218735694 0.017934855073690414
v 0.057210132479667664 -0.05109844729304313 0.023774508386850357
v 0.057210132479667664 -0.05109844729304313 0.023774508386850357
v 0.05739302560687065 -0.05363089218735694 0.017934855073690414
v 0.05868048593401909 -0.0557069107890129 0.019067132845520973
v 0.057210132479667664 -0.05109844729304313 0.023774508386850357
v 0.05868048593401909 -0.0557069107890129 0.019067132845520973
v 0.05826549232006073 -0.05311532691121101 0.025099268183112144
v 0.05826549232006073 -0.05311532691121101 0.025099268183112144
v 0.05868048593401909 -0.0557069107890129 0.019067132845520973
v 0.058993253856897354 -0.055223733186721795 0.02651374414563179
v -0.006920538377016783 -0.04146128520369529 0.03215210512280464
v -0.0068721952848136425 -0.04140471294522285 0.032152093946933746
v -0.006934850011020899 -0.041449360549449914 0.03214360773563385
v -0.006934850011020899 -0.041449360549449914 0.03214360773563385
v -0.0068721952848136425 -0.04140471294522285 0.032152093946933746
v -0.008252895437180996 -0.04021822661161422 0.031390778720378876
v -0.006934850011020899 -0.041449360549449914 0.03214360773563385
v -0.008252895437180996 -0.04021822661161422 0.031390778720378876
v -0.008332033641636372 -0.040259532630443566 0.03137829154729843
v -0.005510647315531969 -0.04003490880131721 0.032222554087638855
v -0.0056402175687253475 -0.039925005286931985 0.03214314579963684
v -0.005664672236889601 -0.04016068205237388 0.03220578283071518
v -0.005664672236889601 -0.04016068205237388 0.03220578283071518
v -0.0056402175687253475 -0.039925005286931985 0.03214314579963684
v -0.00651293620467186 -0.03918183594942092 0.03165346756577492
v -0.005664672236889601 -0.04016068205237388 0.03220578283071518
v -0.00651293620467186 -0.03918183594942092 0.03165346756577492
v -0.0061561428010463715 -0.040620222687721246 0.03216981887817383
v -0.0061561428010463715 -0.040620222687721246 0.03216981887817383
v -0.00651293620467186 -0.03918183594942092 0.03165346756577492
v -0.007202910725027323 -0.03955509886145591 0.031535543501377106
v -0.0061561428010463715 -0.040620222687721246 0.03216981887817383
v -0.007202910725027323 -0.03955509886145591 0.031535543501377106
v -0.0068721952848136425 -0.04140471294522285 0.032152093946933746
v -0.0068721952848136425 -0.04140471294522285 0.032152093946933746
v -0.007202910725027323 -0.03955509886145591 0.031535543501377106
v -0.008219799026846886 -0.040201161056756966 0.03139607608318329
v -0.0068721952848136425 -0.04140471294522285 0.032152093946933746
v -0.008219799026846886 -0.040201161056756966 0.03139607608318329
v -0.008252895437180996 -0.04021822661161422 0.031390778720378876
v 0.03022097796201706 -0.07769013196229933 0.059128522872924805
v 0.03022155910730362 -0.07769236713647841 0.05913027003407478
v 0.03022155910730362 -0.07769236713647841 0.03713718056678772
v 0.03022097796201706 -0.07769013196229933 0.059128522872924805
v 0.03022155910730362 -0.07769236713647841 0.03713718056678772
v 0.029265837743878365 -0.07470930367708205 0.056935153901576996
v 0.028527820482850075 -0.07296124845743178 0.03335469588637352
v 0.028527820482850075 -0.07296124845743178 0.05561624467372894
v 0.03022155910730362 -0.07769236713647841 0.03713718056678772
v 0.03022155910730362 -0.07769236713647841 0.03713718056678772
v 0.028527820482850075 -0.07296124845743178 0.05561624467372894
v 0.02889753319323063 -0.07379585504531859 0.05624914541840553
v 0.03022155910730362 -0.07769236713647841 0.03713718056678772
v 0.02889753319323063 -0.07379585504531859 0.05624914541840553
v 0.029265837743878365 -0.07470930367708205 0.056935153901576996
v 0.0656365230679512 -0.044710498303174966 0.020768025889992714
v 0.06401338428258896 -0.0422835424542427 0.019492683932185173
v 0.06578579545021057 -0.044691607356071465 0.02079612948000431
v 0.06578579545021057 -0.044691607356071465 0.02079612948000431
v 0.06401338428258896 -0.0422835424542427 0.019492683932185173
v 0.0642128586769104 -0.04225829988718032 0.019530240446329117
v 0.022697649896144867 -0.06740008294582366 0.05073636397719383
v 0.021499020978808403 -0.06598998606204985 0.04977079853415489
v 0.022697659209370613 -0.06740007549524306 0.02874022349715233
v 0.022697659209370613 -0.06740007549524306 0.02874022349715233
v 0.021499020978808403 -0.06598998606204985 0.04977079853415489
v 0.020700382068753242 -0.06513233482837676 0.049173373728990555
v 0.022697659209370613 -0.06740007549524306 0.02874022349715233
v 0.020700382068753242 -0.06513233482837676 0.049173373728990555
v 0.02167879231274128 -0.06619159877300261 0.027905208989977837
v 0.02167879231274128 -0.06619159877300261 0.027905208989977837
v 0.020700382068753242 -0.06513233482837676 0.049173373728990555
v 0.018280664458870888 -0.06286121159791945 0.04755872115492821
v 0.02167879231274128 -0.06619159877300261 0.027905208989977837
v 0.018280664458870888 -0.06286121159791945 0.04755872115492821
v 0.020497698336839676 -0.06492401659488677 0.027026508003473282
v 0.020497698336839676 -0.06492401659488677 0.027026508003473282
v 0.018280664458870888 -0.06286121159791945 0.04755872115492821
v 0.018280664458870888 -0.06286121159791945 0.025558535009622574
v 0.023314032703638077 -0.06502261012792586 0.05001133680343628
v 0.024268781766295433 -0.06616238504648207 0.050743985921144485
v 0.024268735200166702 -0.06616238504648207 0.028133677318692207
v 0.019574295729398727 -0.061335917562246316 0.024631347507238388
v 0.019574295729398727 -0.061335917562246316 0.04755684360861778
v 0.02208396978676319 -0.06368611752986907 0.026366794481873512
v 0.02208396978676319 -0.06368611752986907 0.026366794481873512
v 0.019574295729398727 -0.061335917562246316 0.04755684360861778
v 0.021231213584542274 -0.06283545494079588 0.048570044338703156
v 0.02208396978676319 -0.06368611752986907 0.026366794481873512
v 0.021231213584542274 -0.06283545494079588 0.048570044338703156
v 0.024268735200166702 -0.06616238504648207 0.028133677318692207
v 0.024268735200166702 -0.06616238504648207 0.028133677318692207
v 0.021231213584542274 -0.06283545494079588 0.048570044338703156
v 0.021981334313750267 -0.06358063220977782 0.04906599968671799
v 0.024268735200166702 -0.06616238504648207 0.028133677318692207
v 0.021981334313750267 -0.06358063220977782 0.04906599968671799
v 0.023314032703638077 -0.06502261012792586 0.05001133680343628
v 0.03596130758523941 -0.06598822772502898 0.029702018946409225
v 0.035006120800971985 -0.062315560877323144 0.02700924687087536
v 0.03224650397896767 -0.06352797895669936 0.027410350739955902
v 0.0354500412940979 -0.06679919362068175 0.03019373118877411
v 0.03611087426543236 -0.06633909791707991 0.029985560104250908
v 0.03596130758523941 -0.06598822772502898 0.029702018946409225
v 0.028016045689582825 -0.06513123959302901 0.0278983972966671
v 0.024404942989349365 -0.066333070397377 0.028252964839339256
v 0.024796443060040474 -0.06683558970689772 0.028606627136468887
v 0.028257817029953003 -0.07239316403865813 0.03288762643933296
v 0.03236282616853714 -0.06909537315368651 0.03127339482307434
v 0.026819316670298576 -0.06977710872888564 0.03079347126185894
v 0.026819316670298576 -0.06977710872888564 0.03079347126185894
v 0.03236282616853714 -0.06909537315368651 0.03127339482307434
v 0.026550523936748505 -0.06934604048728941 0.030461248010396957
v 0.03596130758523941 -0.06598822772502898 0.029702018946409225
v 0.03224650397896767 -0.06352797895669936 0.027410350739955902
v 0.0354500412940979 -0.06679919362068175 0.03019373118877411
v 0.0354500412940979 -0.06679919362068175 0.03019373118877411
v 0.03224650397896767 -0.06352797895669936 0.027410350739955902
v 0.028916209936141968 -0.06481038779020308 0.027803169563412666
v 0.0354500412940979 -0.06679919362068175 0.03019373118877411
v 0.028916209936141968 -0.06481038779020308 0.027803169563412666
v 0.03299962356686592 -0.06860412657260893 0.0310378260910511
v 0.03299962356686592 -0.06860412657260893 0.0310378260910511
v 0.028916209936141968 -0.06481038779020308 0.027803169563412666
v 0.028016045689582825 -0.06513123959302901 0.0278983972966671
v 0.03299962356686592 -0.06860412657260893 0.0310378260910511
v 0.028016045689582825 -0.06513123959302901 0.0278983972966671
v 0.03236282616853714 -0.06909537315368651 0.03127339482307434
v 0.03236282616853714 -0.06909537315368651 0.03127339482307434
v 0.028016045689582825 -0.06513123959302901 0.0278983972966671
v 0.024796443060040474 -0.06683558970689772 0.028606627136468887
v 0.03236282616853714 -0.06909537315368651 0.03127339482307434
v 0.024796443060040474 -0.06683558970689772 0.028606627136468887
v 0.026550523936748505 -0.06934604048728941 0.030461248010396957
v 0.057210132479667664 -0.05109844729304313 0.023774508386850357
v 0.05826549232006073 -0.05311532691121101 0.025099268183112144
v 0.05921923741698265 -0.052079986780881875 0.024663276970386505
v 0.055390045046806335 -0.04867922887206077 0.0222038384526968
v 0.05649518221616745 -0.0500376783311367 0.023085111752152443
v 0.058376070111989975 -0.0441959798336029 0.02059796452522278
v 0.057080842554569244 -0.03624349832534789 0.01749058999121189
v 0.05499444156885147 -0.03846983239054679 0.017911607399582863
v 0.0555100180208683 -0.045998387038707726 0.020948365330696106
v 0.0555100180208683 -0.045998387038707726 0.020948365330696106
v 0.05499444156885147 -0.03846983239054679 0.017911607399582863
v 0.05348029360175133 -0.04026966542005538 0.018302856013178825
v 0.0555100180208683 -0.045998387038707726 0.020948365330696106
v 0.05348029360175133 -0.04026966542005538 0.018302856013178825
v 0.05396900326013565 -0.04709396511316299 0.021198583766818047
v 0.05396900326013565 -0.04709396511316299 0.021198583766818047
v 0.05348029360175133 -0.04026966542005538 0.018302856013178825
v 0.05332536995410919 -0.0463702268898487 0.020755918696522713
v 0.05332536995410919 -0.0463702268898487 0.020755918696522713
v 0.05348029360175133 -0.04026966542005538 0.018302856013178825
v 0.051284585148096085 -0.043370801955461495 0.01912572979927063
v 0.05332536995410919 -0.0463702268898487 0.020755918696522713
v 0.051284585148096085 -0.043370801955461495 0.01912572979927063
v 0.0510389618575573 -0.04377039894461631 0.01924717426300049
v 0.05396900326013565 -0.04709396511316299 0.021198583766818047
v 0.055390045046806335 -0.04867922887206077 0.0222038384526968
v 0.0555100180208683 -0.045998387038707726 0.020948365330696106
v 0.0555100180208683 -0.045998387038707726 0.020948365330696106
v 0.055390045046806335 -0.04867922887206077 0.0222038384526968
v 0.058376070111989975 -0.0441959798336029 0.02059796452522278
v 0.0555100180208683 -0.045998387038707726 0.020948365330696106
v 0.058376070111989975 -0.0441959798336029 0.02059796452522278
v 0.057080842554569244 -0.03624349832534789 0.01749058999121189
v 0.057080842554569244 -0.03624349832534789 0.01749058999121189
v 0.058376070111989975 -0.0441959798336029 0.02059796452522278
v 0.06107102334499359 -0.04275813326239585 0.020368365570902824
v 0.057080842554569244 -0.03624349832534789 0.01749058999121189
v 0.06107102334499359 -0.04275813326239585 0.020368365570902824
v 0.06067292019724846 -0.040902025997638695 0.019570110365748405
v 0.06067292019724846 -0.040902025997638695 0.019570110365748405
v 0.06107102334499359 -0.04275813326239585 0.020368365570902824
v 0.06140249967575073 -0.0418328084051609 0.0200328566133976
v 0.06140249967575073 -0.0418328084051609 0.0200328566133976
v 0.06107102334499359 -0.04275813326239585 0.020368365570902824
v 0.06165073812007904 -0.042435996234416955 0.020311016589403152
v 0.06140249967575073 -0.0418328084051609 0.0200328566133976
v 0.06165073812007904 -0.042435996234416955 0.020311016589403152
v 0.063307024538517 -0.044488206505775445 0.02141910046339035
v 0.06583480536937714 -0.04916326329112052 0.024099646136164665
v 0.06530798226594925 -0.048021487891674035 0.02341534197330475
v 0.06311724334955215 -0.050837170332670205 0.02460147812962532
v 0.06311724334955215 -0.050837170332670205 0.02460147812962532
v 0.06530798226594925 -0.048021487891674035 0.02341534197330475
v 0.0644618421792984 -0.04640142619609832 0.022477654740214348
v 0.06727884709835052 -0.05331264808773994 0.026753433048725128
v 0.06707796454429626 -0.052583709359169 0.026267921552062035
v 0.06311724334955215 -0.050837170332670205 0.02460147812962532
v 0.06311724334955215 -0.050837170332670205 0.02460147812962532
v 0.06707796454429626 -0.052583709359169 0.026267921552062035
v 0.06610344350337982 -0.04979859665036201 0.024488916620612144
v 0.06311724334955215 -0.050837170332670205 0.02460147812962532
v 0.06610344350337982 -0.04979859665036201 0.024488916620612144
v 0.06583480536937714 -0.04916326329112052 0.024099646136164665
v 0.05826549232006073 -0.05311532691121101 0.025099268183112144
v 0.058993253856897354 -0.055223733186721795 0.02651374414563179
v 0.05921923741698265 -0.052079986780881875 0.024663276970386505
v 0.05921923741698265 -0.052079986780881875 0.024663276970386505
v 0.058993253856897354 -0.055223733186721795 0.02651374414563179
v 0.060092903673648834 -0.059451699256896966 0.029594525694847107
v 0.05921923741698265 -0.052079986780881875 0.024663276970386505
v 0.060092903673648834 -0.059451699256896966 0.029594525694847107
v 0.06243167445063591 -0.051069393754005425 0.024621905758976936
v 0.060092903673648834 -0.059451699256896966 0.029594525694847107
v 0.06363758444786072 -0.058841060847043984 0.0298342015594244
v 0.06243167445063591 -0.051069393754005425 0.024621905758976936
v 0.06243167445063591 -0.051069393754005425 0.024621905758976936
v 0.06363758444786072 -0.058841060847043984 0.0298342015594244
v 0.06442679464817047 -0.05868702381849288 0.02987435832619667
v 0.06243167445063591 -0.051069393754005425 0.024621905758976936
v 0.06442679464817047 -0.05868702381849288 0.02987435832619667
v 0.06311724334955215 -0.050837170332670205 0.02460147812962532
v 0.06311724334955215 -0.050837170332670205 0.02460147812962532
v 0.06442679464817047 -0.05868702381849288 0.02987435832619667
v 0.0684482604265213 -0.05781163275241851 0.030012914910912514
v 0.06311724334955215 -0.050837170332670205 0.02460147812962532
v 0.0684482604265213 -0.05781163275241851 0.030012914910912514
v 0.06727884709835052 -0.05331264808773994 0.026753433048725128
v 0.0644618421792984 -0.04640142619609832 0.022477654740214348
v 0.063307024538517 -0.044488206505775445 0.02141910046339035
v 0.06311724334955215 -0.050837170332670205 0.02460147812962532
v 0.06311724334955215 -0.050837170332670205 0.02460147812962532
v 0.063307024538517 -0.044488206505775445 0.02141910046339035
v 0.06165073812007904 -0.042435996234416955 0.020311016589403152
v 0.06311724334955215 -0.050837170332670205 0.02460147812962532
v 0.06165073812007904 -0.042435996234416955 0.020311016589403152
v 0.06243167445063591 -0.051069393754005425 0.024621905758976936
v 0.06243167445063591 -0.051069393754005425 0.024621905758976936
v 0.06165073812007904 -0.042435996234416955 0.020311016589403152
v 0.06107102334499359 -0.04275813326239585 0.020368365570902824
v 0.06243167445063591 -0.051069393754005425 0.024621905758976936
v 0.06107102334499359 -0.04275813326239585 0.020368365570902824
v 0.05921923741698265 -0.052079986780881875 0.024663276970386505
v 0.05921923741698265 -0.052079986780881875 0.024663276970386505
v 0.06107102334499359 -0.04275813326239585 0.020368365570902824
v 0.058376070111989975 -0.0441959798336029 0.02059796452522278
v 0.05921923741698265 -0.052079986780881875 0.024663276970386505
v 0.058376070111989975 -0.0441959798336029 0.02059796452522278
v 0.057210132479667664 -0.05109844729304313 0.023774508386850357
v 0.057210132479667664 -0.05109844729304313 0.023774508386850357
v 0.058376070111989975 -0.0441959798336029 0.02059796452522278
v 0.05649518221616745 -0.0500376783311367 0.023085111752152443
v 0.0629737451672554 -0.04059541597962379 0.041736409068107605
v 0.06299753487110138 -0.04062568023800849 0.04175109043717384
v 0.06299755722284317 -0.04062571004033088 0.01875096559524536
v 0.06297373026609421 -0.04059542715549468 0.01873640902340412
v 0.06241950765252113 -0.03989169001579284 0.018395880237221718
v 0.05881699547171593 -0.03522196412086486 0.03939852491021156
v 0.05881699547171593 -0.03522196412086486 0.03939852491021156
v 0.06241950765252113 -0.03989169001579284 0.018395880237221718
v 0.06185507774353027 -0.03916593268513679 0.01804715022444725
v 0.05881699547171593 -0.03522196412086486 0.03939852491021156
v 0.06185507774353027 -0.03916593268513679 0.01804715022444725
v 0.060746029019355774 -0.037736773490905755 0.017405332997441292
v 0.060746029019355774 -0.037736773490905755 0.017405332997441292
v 0.05963711813092232 -0.03629567474126815 0.01679336465895176
v 0.05881699547171593 -0.03522196412086486 0.03939852491021156
v 0.05881699547171593 -0.03522196412086486 0.03939852491021156
v 0.05963711813092232 -0.03629567474126815 0.01679336465895176
v 0.05901547148823738 -0.03548242896795272 0.016484711319208145
v 0.05881699547171593 -0.03522196412086486 0.03939852491021156
v 0.05901547148823738 -0.03548242896795272 0.016484711319208145
v 0.05881699547171593 -0.03522196412086486 0.016389787197113037
v 0.06297373026609421 -0.04059542715549468 0.01873640902340412
v 0.05881699547171593 -0.03522196412086486 0.03939852491021156
v 0.06299755722284317 -0.04062571004033088 0.01875096559524536
v 0.06299755722284317 -0.04062571004033088 0.01875096559524536
v 0.05881699547171593 -0.03522196412086486 0.03939852491021156
v 0.06018722429871559 -0.03701209649443626 0.04012055695056915
v 0.06299755722284317 -0.04062571004033088 0.01875096559524536
v 0.06018722429871559 -0.03701209649443626 0.04012055695056915
v 0.0629737451672554 -0.04059541597962379 0.041736409068107605
v 0.055888548493385315 -0.08799149096012114 0.04962246119976044
v 0.05091497302055359 -0.07382833212614058 0.038317881524562836
v 0.05148598179221153 -0.07354074716567992 0.038218311965465546
v 0.07123219221830368 -0.09031230956315993 0.05428491532802582
v 0.07163430750370026 -0.09002715349197386 0.05415445566177368
v 0.07199686020612717 -0.0896993800997734 0.053985223174095154
v 0.05158579349517822 -0.07210624963045119 0.03719007968902588
v 0.06736685335636139 -0.06558187305927275 0.035477958619594574
v 0.05187327787280083 -0.07254649698734282 0.037567175924777985
v 0.06747505813837051 -0.06598837673664092 0.03579573705792427
v 0.05183674767613411 -0.07307156175374983 0.03794353827834129
v 0.07269490510225296 -0.08606687188148497 0.05146760493516922
v 0.0558520145714283 -0.08851655572652815 0.04999881982803345
v 0.06937120854854584 -0.09105881303548811 0.054470110684633255
v 0.05550124868750572 -0.08898574113845824 0.050273597240448
v 0.06886168569326401 -0.09119419753551482 0.054470423609018326
v 0.05493024364113808 -0.0892733260989189 0.05037316679954529
v 0.04370909929275513 -0.09777782112359999 0.05441322177648544
v 0.0542919896543026 -0.08930225670337676 0.050270844250917435
v 0.05375751480460167 -0.089064784348011 0.049994055181741714
v 0.07099051773548126 -0.09045352786779402 0.05434129759669304
v 0.07045913487672806 -0.09070387482643126 0.05442133545875549
v 0.06981585174798965 -0.09093037247657774 0.054462309926748276
v 0.07267080247402191 -0.08874728530645369 0.053420308977365494
v 0.07244568318128586 -0.08914515376091002 0.05366731062531471
v 0.07216176390647888 -0.08952000737190245 0.05388613045215607
v 0.06491075456142426 -0.06311108916997908 0.03319862484931946
v 0.06537213176488876 -0.06325259059667586 0.03339120000600815
v 0.06579874455928802 -0.06344536691904067 0.03361448273062706
v 0.0659996047616005 -0.06356165558099745 0.03373825177550316
v 0.0663597509264946 -0.063824824988842 0.03400008752942085
v 0.06666328758001328 -0.06412554532289504 0.034278396517038345
v 0.06680882722139359 -0.06430968642234801 0.034441012889146805
v 0.051051314920186996 -0.07186877727508544 0.03691329061985016
v 0.06163420528173447 -0.0633932128548622 0.03277091681957245
v 0.050413064658641815 -0.07189770787954329 0.036810971796512604
v 0.036481618881225586 -0.06997683644294737 0.032713714987039566
v 0.04984205588698387 -0.07218529284000395 0.036910541355609894
v 0.035972099751234055 -0.07011221349239348 0.03271402791142464
v 0.04949129372835159 -0.07265447825193404 0.037185318768024445
v 0.055066585540771484 -0.08731377124786376 0.04896857216954231
v 0.04945475980639458 -0.07317954301834105 0.037561677396297455
v 0.05560106039047241 -0.08755124360322951 0.04924536496400833
v 0.04974224790930748 -0.07361979037523268 0.03793877363204956
v 0.05027672275900841 -0.07385726273059844 0.03821556270122528
v 0.07285808771848679 -0.08673958480358122 0.051990412175655365
v 0.07294188439846039 -0.08731974661350249 0.05243028327822685
v 0.07294462621212006 -0.08769955486059187 0.05270816385746002
v 0.06247560679912567 -0.06318232417106627 0.03277965635061264
v 0.06319482624530792 -0.0630475804209709 0.032820362597703934
v 0.06365979462862015 -0.06300250440835951 0.03287738189101219
v 0.06705522537231445 -0.06472132354974745 0.03478927165269852
v 0.06725981831550598 -0.06522829085588454 0.03519905358552933
v 0.03370899707078934 -0.07114388048648833 0.03302967920899391
v 0.03411111235618591 -0.07085872441530226 0.032899223268032074
v 0.033346448093652725 -0.0714716538786888 0.03319891542196274
v 0.05385732650756836 -0.08763028681278227 0.04896582290530205
v 0.0544283352792263 -0.08734270185232161 0.04886625334620476
v 0.0379764549434185 -0.09558916091918944 0.05170617625117302
v 0.053470030426979065 -0.08862452954053877 0.04961695894598961
v 0.03786825016140938 -0.09518264979124068 0.05138840153813362
v 0.05350656062364578 -0.08809947222471236 0.0492406003177166
v 0.03264839947223663 -0.07510416209697722 0.03571653366088867
v 0.0728842243552208 -0.08813320845365523 0.053013160824775696
v 0.07275813072919846 -0.08854559808969496 0.05328992009162903
v 0.06418353319168091 -0.06300362944602965 0.03297949954867363
v 0.06467384845018387 -0.06306153535842894 0.033116620033979416
v 0.03267250210046768 -0.0724237486720085 0.0337638258934021
v 0.032897621393203735 -0.07202588021755217 0.03351682797074318
v 0.03318154439330101 -0.07165102660655974 0.033298004418611526
v 0.03435279428958893 -0.07071750611066817 0.03284284099936485
v 0.034884173423051834 -0.07046715915203093 0.0327627994120121
v 0.03552745655179024 -0.07024066150188445 0.03272182494401932
v 0.032485220581293106 -0.07443144917488097 0.03519372269511223
v 0.032401423901319504 -0.0738512873649597 0.03475385159254074
v 0.032398685812950134 -0.07347147911787032 0.03447597101330757
v 0.040432557463645935 -0.09805994480848311 0.053985513746738434
v 0.03997117280960083 -0.09791843593120574 0.053792938590049744
v 0.039544567465782166 -0.09772566705942153 0.05356965214014053
v 0.039343707263469696 -0.09760937839746474 0.053445883095264435
v 0.0324590839445591 -0.07303782552480696 0.034170977771282196
v 0.032585181295871735 -0.07262543588876723 0.033894218504428864
v 0.03898356109857559 -0.0973462089896202 0.05318405106663704
v 0.03868001699447632 -0.09704548865556716 0.052905742079019547
v 0.03853448107838631 -0.09686134755611418 0.05274312198162079
v 0.04286770150065422 -0.09798870980739592 0.05440448224544525
v 0.04214847832918167 -0.09812345355749129 0.05436377227306366
v 0.041683509945869446 -0.09816852957010268 0.0543067529797554
v 0.03828808665275574 -0.09644970297813414 0.052394866943359375
v 0.03808348998427391 -0.09594274312257765 0.051985085010528564
v 0.041159775108098984 -0.09816740453243254 0.054204635322093964
v 0.04066946357488632 -0.09810949862003325 0.054067518562078476
v 0.046359725296497345 -0.09611230343580245 0.060790590941905975
v 0.06570786982774734 -0.09104797989130019 0.06083459407091141
v 0.045526351779699326 -0.09296584874391554 0.065099336206913
v 0.06487449258565903 -0.08790152519941329 0.06514333933591843
v 0.06553284078836441 -0.09136358648538588 0.060488536953926086
v 0.06568164378404617 -0.09121061116456984 0.06063496693968773
v 0.0653013288974762 -0.09146592020988463 0.06043453514575958
v 0.046920593827962875 -0.09627702832221983 0.06039273366332054
v 0.0466684028506279 -0.09630130231380461 0.0604456327855587
v 0.04646310955286026 -0.09624100476503371 0.060591258108615875
v 0.04570137709379196 -0.09265023469924925 0.06544540077447891
v 0.0455525703728199 -0.09280321747064589 0.06529896706342697
v 0.045932888984680176 -0.0925479009747505 0.06549939513206482
v 0.0643136277794838 -0.0877367928624153 0.06554120033979416
v 0.06456581503152847 -0.08771251887083052 0.065488301217556
v 0.06477110832929611 -0.08777281641960143 0.06534267216920853
v 0.0653013288974762 -0.09146592020988463 0.06043453514575958
v 0.046920593827962875 -0.09627702832221983 0.06039273366332054
v 0.06528326123952866 -0.09139642119407652 0.06038028374314308
v 0.04690252244472504 -0.09620752930641173 0.06033848226070404
v 0.046359725296497345 -0.09611230343580245 0.060790590941905975
v 0.046341657638549805 -0.09604279696941374 0.06073634326457977
v 0.04644504189491272 -0.0961715057492256 0.06053701043128967
v 0.04646310955286026 -0.09624100476503371 0.060591258108615875
v 0.04646310955286026 -0.09624100476503371 0.060591258108615875
v 0.04644504189491272 -0.0961715057492256 0.06053701043128967
v 0.04665033519268036 -0.09623179584741591 0.0603913851082325
v 0.0466684028506279 -0.09630130231380461 0.0604456327855587
v 0.0466684028506279 -0.09630130231380461 0.0604456327855587
v 0.04665033519268036 -0.09623179584741591 0.0603913851082325
v 0.04690252244472504 -0.09620752930641173 0.06033848226070404
v 0.046920593827962875 -0.09627702832221983 0.06039273366332054
v 0.04550828039646149 -0.09289634227752684 0.06504508852958679
v 0.046341657638549805 -0.09604279696941374 0.06073634326457977
v 0.045526351779699326 -0.09296584874391554 0.065099336206913
v 0.046359725296497345 -0.09611230343580245 0.060790590941905975
v 0.045932888984680176 -0.0925479009747505 0.06549939513206482
v 0.045914821326732635 -0.0924783945083618 0.06544514745473862
v 0.04568330571055412 -0.09258073568344115 0.06539114564657211
v 0.04570137709379196 -0.09265023469924925 0.06544540077447891
v 0.04570137709379196 -0.09265023469924925 0.06544540077447891
v 0.04568330571055412 -0.09258073568344115 0.06539114564657211
v 0.04553450271487236 -0.09273371100425719 0.06524471938610077
v 0.0455525703728199 -0.09280321747064589 0.06529896706342697
v 0.0455525703728199 -0.09280321747064589 0.06529896706342697
v 0.04553450271487236 -0.09273371100425719 0.06524471938610077
v 0.04550828039646149 -0.09289634227752684 0.06504508852958679
v 0.045526351779699326 -0.09296584874391554 0.065099336206913
v 0.06429556012153625 -0.0876672863960266 0.06548695266246796
v 0.045914821326732635 -0.0924783945083618 0.06544514745473862
v 0.0643136277794838 -0.0877367928624153 0.06554120033979416
v 0.045932888984680176 -0.0925479009747505 0.06549939513206482
v 0.06487449258565903 -0.08790152519941329 0.06514333933591843
v 0.06485642492771149 -0.08783201873302458 0.06508909165859222
v 0.06475304067134857 -0.08770330995321272 0.06528842449188232
v 0.06477110832929611 -0.08777281641960143 0.06534267216920853
v 0.06477110832929611 -0.08777281641960143 0.06534267216920853
v 0.06475304067134857 -0.08770330995321272 0.06528842449188232
v 0.06454774737358093 -0.08764301985502242 0.0654340535402298
v 0.06456581503152847 -0.08771251887083052 0.065488301217556
v 0.06456581503152847 -0.08771251887083052 0.065488301217556
v 0.06454774737358093 -0.08764301985502242 0.0654340535402298
v 0.06429556012153625 -0.0876672863960266 0.06548695266246796
v 0.0643136277794838 -0.0877367928624153 0.06554120033979416
v 0.06487449258565903 -0.08790152519941329 0.06514333933591843
v 0.06570786982774734 -0.09104797989130019 0.06083459407091141
v 0.06485642492771149 -0.08783201873302458 0.06508909165859222
v 0.0656898021697998 -0.09097847342491149 0.06078034266829491
v 0.0653013288974762 -0.09146592020988463 0.06043453514575958
v 0.06528326123952866 -0.09139642119407652 0.06038028374314308
v 0.06551477313041687 -0.09129408746957778 0.060434285551309586
v 0.06553284078836441 -0.09136358648538588 0.060488536953926086
v 0.06553284078836441 -0.09136358648538588 0.060488536953926086
v 0.06551477313041687 -0.09129408746957778 0.060434285551309586
v 0.06566357612609863 -0.09114110469818114 0.06058071553707123
v 0.06568164378404617 -0.09121061116456984 0.06063496693968773
v 0.06568164378404617 -0.09121061116456984 0.06063496693968773
v 0.06566357612609863 -0.09114110469818114 0.06058071553707123
v 0.0656898021697998 -0.09097847342491149 0.06078034266829491
v 0.06570786982774734 -0.09104797989130019 0.06083459407091141
v 0.02736601047217846 -0.06269823759794234 0.05337017774581909
v 0.02729829214513302 -0.06271596252918242 0.053370021283626556
v 0.032585859298706055 -0.0827767252922058 0.06904204189777374
v 0.032518140971660614 -0.08279445022344588 0.0690418928861618
v 0.03296785056591034 -0.08400172740221022 0.0700104832649231
v 0.03290537744760513 -0.08403318375349043 0.0700213685631752
v 0.033570460975170135 -0.08503257483243941 0.07087980955839157
v 0.033512312918901443 -0.08506856113672255 0.07089483737945557
v 0.03455780819058418 -0.08592905849218367 0.07172542810440063
v 0.03450354188680649 -0.08597001433372496 0.07174484431743622
v 0.035803452134132385 -0.08653311431407927 0.07240746915340424
v 0.03575466573238373 -0.0865805223584175 0.07243265211582184
v 0.03724000230431557 -0.0868261009454727 0.07289927452802658
v 0.03719812259078026 -0.0868803635239601 0.07293079048395157
v 0.03875325247645378 -0.08678669482469557 0.07316318154335022
v 0.03871947154402733 -0.08684750646352767 0.07320105284452438
v 0.04058806225657463 -0.08639800548553465 0.07323421537876129
v 0.04054407775402069 -0.08646719902753829 0.07327623665332794
v 0.04068128019571304 -0.08637362718582152 0.0732344463467598
v 0.04069533571600914 -0.0864276885986328 0.07327663898468018
v 0.06583386659622192 -0.07979000359773634 0.07329165190458298
v 0.06584792584180832 -0.07984406501054762 0.07333384454250336
v 0.06737560033798218 -0.0793357491493225 0.07325812429189682
v 0.0674070417881012 -0.07938391715288161 0.07329937815666199
v 0.06870466470718384 -0.07872075587511061 0.07306608557701111
v 0.06874214112758636 -0.07876483350992201 0.07310552150011063
v 0.06991271674633026 -0.07780243456363677 0.07262913137674332
v 0.0699566975235939 -0.07784273475408553 0.07266707718372345
v 0.07079210877418518 -0.07670325785875319 0.07199655473232269
v 0.0708446055650711 -0.07673829793930052 0.07203229516744614
v 0.07131244987249374 -0.07548110932111739 0.07120472192764282
v 0.07137411087751389 -0.0755096599459648 0.07123749703168869
v 0.07143478095531464 -0.07423293590545653 0.07031690329313278
v 0.07150536775588989 -0.07425404340028761 0.07034597545862198
v 0.071166031062603 -0.07275794446468352 0.06918781995773315
v 0.0712457224726677 -0.0727865546941757 0.06922412663698196
v 0.07114671170711517 -0.07268352806568144 0.06912974268198013
v 0.07121443003416061 -0.07266580313444136 0.06912989169359207
v 0.06592686474323273 -0.05260504037141799 0.053457874804735184
v 0.06599458307027817 -0.05258731171488761 0.05345802754163742
v 0.06554487347602844 -0.05138003826141357 0.05248943716287613
v 0.06560734659433365 -0.05134858563542365 0.05247855186462402
v 0.06494226306676865 -0.05034919455647468 0.051620110869407654
v 0.06500040739774704 -0.05031320452690124 0.05160507559776306
v 0.0639549121260643 -0.04945270717144012 0.05077448487281799
v 0.0640091821551323 -0.049411755055189126 0.05075507611036301
v 0.0627092719078064 -0.04884865134954452 0.05009245127439499
v 0.06275805085897446 -0.04880124330520629 0.050067268311977386
v 0.061272718012332916 -0.04855566099286079 0.049600645899772644
v 0.061314597725868225 -0.04850140586495399 0.04956912249326706
v 0.0597594678401947 -0.04859506711363792 0.049336738884449005
v 0.059793248772621155 -0.048534255474805825 0.04929886385798454
v 0.05792466178536415 -0.048983760178089135 0.049265701323747635
v 0.05796864256262779 -0.0489145703613758 0.049223680049180984
v 0.05783144012093544 -0.04900813847780227 0.04926547035574913
v 0.05781738832592964 -0.04895408079028129 0.04922327771782875
v 0.03267885372042656 -0.055591758340597146 0.04920826852321625
v 0.03266479820013046 -0.055537700653076165 0.04916607588529587
v 0.031137119978666306 -0.056046012789010995 0.049241792410612106
v 0.031105678528547287 -0.05599784478545188 0.04920053854584694
v 0.029808053746819496 -0.05666100606322288 0.04943383112549782
v 0.02977057918906212 -0.056616932153701775 0.0493943952023983
v 0.02860000729560852 -0.05757933482527732 0.04987078160047531
v 0.02855602093040943 -0.057539027184247964 0.049832843244075775
v 0.0277206152677536 -0.0586785078048706 0.05050336569547653
v 0.027668114751577377 -0.058643471449613564 0.05046762526035309
v 0.02720027044415474 -0.0599006563425064 0.051295194774866104
v 0.027138611301779747 -0.05987210571765899 0.051262419670820236
v 0.027077941223978996 -0.06114882975816726 0.052183009684085846
v 0.02700735069811344 -0.061127722263336175 0.052153944969177246
v 0.027346692979335785 -0.06262382119894026 0.05331209674477577
v 0.02726699970662594 -0.06259521096944808 0.05327579006552696
v 0.06707852333784103 -0.08448855578899382 0.06677445024251938
v 0.041925933212041855 -0.091072179377079 0.0667172446846962
v 0.06712482124567032 -0.08466336131095885 0.06653507798910141
v 0.04197223484516144 -0.09124697744846343 0.06647787243127823
v 0.0723993331193924 -0.07760815322399138 0.06240319460630417
v 0.07235303521156311 -0.07743334770202635 0.06264256685972214
v 0.07263673841953278 -0.07891976833343504 0.06378290057182312
v 0.07268303632736206 -0.07909457385540007 0.06354352086782455
v 0.07268303632736206 -0.07909457385540007 0.06354352086782455
v 0.07263673841953278 -0.07891976833343504 0.06378290057182312
v 0.07253195345401764 -0.08016176521778105 0.06466959416866302
v 0.07257825136184692 -0.08033657073974608 0.06443022191524506
v 0.07257825136184692 -0.08033657073974608 0.06443022191524506
v 0.07253195345401764 -0.08016176521778105 0.06466959416866302
v 0.07202936708927155 -0.0813816264271736 0.06546319276094437
v 0.07207566499710083 -0.08155643194913863 0.0652238130569458
v 0.07207566499710083 -0.08155643194913863 0.0652238130569458
v 0.07202936708927155 -0.0813816264271736 0.06546319276094437
v 0.07116568833589554 -0.08248156309127806 0.0660993680357933
v 0.07121198624372482 -0.08265636861324309 0.06585999578237534
v 0.07121198624372482 -0.08265636861324309 0.06585999578237534
v 0.07116568833589554 -0.08248156309127806 0.0660993680357933
v 0.06997597217559814 -0.0834006369113922 0.06654041260480881
v 0.07002227008342743 -0.08357544243335722 0.06630103290081024
v 0.07002227008342743 -0.08357544243335722 0.06630103290081024
v 0.06997597217559814 -0.0834006369113922 0.06654041260480881
v 0.0686592310667038 -0.08401989191770552 0.06673794239759445
v 0.06870552897453308 -0.08419469743967055 0.06649857014417648
v 0.06870552897453308 -0.08419469743967055 0.06649857014417648
v 0.0686592310667038 -0.08401989191770552 0.06673794239759445
v 0.06707852333784103 -0.08448855578899382 0.06677445024251938
v 0.06712482124567032 -0.08466336131095885 0.06653507798910141
v 0.06713318079710007 -0.0573548600077629 0.04697070270776749
v 0.07235303521156311 -0.07743334770202635 0.06264256685972214
v 0.06717948615550995 -0.05752966180443763 0.04673132672905922
v 0.0723993331193924 -0.07760815322399138 0.06240319460630417
v 0.059142470359802246 -0.05395871400833129 0.042569175362586975
v 0.05909616872668266 -0.053783908486366265 0.042808547616004944
v 0.06094665080308914 -0.05338155478239059 0.04287263751029968
v 0.060992948710918427 -0.053556356579065316 0.042633265256881714
v 0.060992948710918427 -0.053556356579065316 0.042633265256881714
v 0.06094665080308914 -0.05338155478239059 0.04287263751029968
v 0.06245432049036026 -0.05332831665873527 0.043125368654727936
v 0.06250061839818954 -0.05350311845541 0.04288599267601967
v 0.06250061839818954 -0.05350311845541 0.04288599267601967
v 0.06245432049036026 -0.05332831665873527 0.043125368654727936
v 0.06389007717370987 -0.05360686779022216 0.0436064749956131
v 0.06393637508153915 -0.05378166958689689 0.04336709901690483
v 0.06393637508153915 -0.05378166958689689 0.04336709901690483
v 0.06389007717370987 -0.05360686779022216 0.0436064749956131
v 0.06513842195272446 -0.05419782549142837 0.044279471039772034
v 0.06518471986055374 -0.054372631013393395 0.044040095061063766
v 0.06518471986055374 -0.054372631013393395 0.044040095061063766
v 0.06513842195272446 -0.05419782549142837 0.044279471039772034
v 0.06612874567508698 -0.05507905781269073 0.045114532113075256
v 0.06617504358291626 -0.055253863334655755 0.04487515613436699
v 0.06617504358291626 -0.055253863334655755 0.04487515613436699
v 0.06612874567508698 -0.05507905781269073 0.045114532113075256
v 0.06673796474933624 -0.05609921738505363 0.045977331697940826
v 0.06678426265716553 -0.056274022907018655 0.04573795571923256
v 0.06678426265716553 -0.056274022907018655 0.04573795571923256
v 0.06673796474933624 -0.05609921738505363 0.045977331697940826
v 0.06713318079710007 -0.0573548600077629 0.04697070270776749
v 0.06717948615550995 -0.05752966180443763 0.04673132672905922
v 0.03394358232617378 -0.06036753207445144 0.04275134578347206
v 0.05909616872668266 -0.053783908486366265 0.042808547616004944
v 0.03398988023400307 -0.06054233387112617 0.042511969804763794
v 0.059142470359802246 -0.05395871400833129 0.042569175362586975
v 0.02871537022292614 -0.06759753823280333 0.046643853187561035
v 0.028669072315096855 -0.0674227327108383 0.046883225440979004
v 0.02838536910712719 -0.06593631953001021 0.04574289917945862
v 0.028431668877601624 -0.06611111760139464 0.04550352320075035
v 0.028431668877601624 -0.06611111760139464 0.04550352320075035
v 0.02838536910712719 -0.06593631953001021 0.04574289917945862
v 0.02849014848470688 -0.0646943151950836 0.044856198132038116
v 0.028536448255181313 -0.06486912071704863 0.04461682587862015
v 0.028536448255181313 -0.06486912071704863 0.04461682587862015
v 0.02849014848470688 -0.0646943151950836 0.044856198132038116
v 0.02899274043738842 -0.06347446143627165 0.04406260699033737
v 0.029039038345217705 -0.06364925950765608 0.043823231011629105
v 0.029039038345217705 -0.06364925950765608 0.043823231011629105
v 0.02899274043738842 -0.06347446143627165 0.04406260699033737
v 0.02985641546547413 -0.0623745210468769 0.043426427990198135
v 0.029902713373303413 -0.06254932284355162 0.04318705201148987
v 0.029902713373303413 -0.06254932284355162 0.04318705201148987
v 0.02985641546547413 -0.0623745210468769 0.043426427990198135
v 0.03104613535106182 -0.061455447226762765 0.04298538714647293
v 0.031092433258891106 -0.06163025274872779 0.042746011167764664
v 0.031092433258891106 -0.06163025274872779 0.042746011167764664
v 0.03104613535106182 -0.061455447226762765 0.04298538714647293
v 0.03236287087202072 -0.06083619222044944 0.04278785362839699
v 0.032409168779850006 -0.06101099401712417 0.04254847764968872
v 0.032409168779850006 -0.06101099401712417 0.04254847764968872
v 0.03236287087202072 -0.06083619222044944 0.04278785362839699
v 0.03394358232617378 -0.06036753207445144 0.04275134578347206
v 0.03398988023400307 -0.06054233387112617 0.042511969804763794
v 0.04197223484516144 -0.09124697744846343 0.06647787243127823
v 0.041925933212041855 -0.091072179377079 0.0667172446846962
v 0.040075454860925674 -0.09147453308105467 0.06665315479040146
v 0.04012175276875496 -0.0916493386030197 0.06641378253698349
v 0.04012175276875496 -0.0916493386030197 0.06641378253698349
v 0.040075454860925674 -0.09147453308105467 0.06665315479040146
v 0.038567785173654556 -0.0915277674794197 0.0664004310965538
v 0.03861408308148384 -0.09170257300138472 0.06616105139255524
v 0.03861408308148384 -0.09170257300138472 0.06616105139255524
v 0.038567785173654556 -0.0915277674794197 0.0664004310965538
v 0.03713202849030495 -0.0912492200732231 0.06591932475566864
v 0.03717833012342453 -0.09142402559518813 0.06567994505167007
v 0.03717833012342453 -0.09142402559518813 0.06567994505167007
v 0.03713202849030495 -0.0912492200732231 0.06591932475566864
v 0.03588368743658066 -0.09065826237201689 0.0652463287115097
v 0.03592998534440994 -0.09083306044340132 0.06500694900751114
v 0.03592998534440994 -0.09083306044340132 0.06500694900751114
v 0.03588368743658066 -0.09065826237201689 0.0652463287115097
v 0.03489335998892784 -0.08977703005075453 0.06441126763820648
v 0.034939657896757126 -0.08995182812213896 0.06417188793420792
v 0.034939657896757126 -0.08995182812213896 0.06417188793420792
v 0.03489335998892784 -0.08977703005075453 0.06441126763820648
v 0.03428414463996887 -0.08875686675310133 0.06354846805334091
v 0.03433044254779816 -0.08893167227506636 0.06330908834934235
v 0.03433044254779816 -0.08893167227506636 0.06330908834934235
v 0.03428414463996887 -0.08875686675310133 0.06354846805334091
v 0.03388892114162445 -0.08750122785568236 0.06255509704351425
v 0.033935219049453735 -0.08767603337764739 0.062315717339515686
v 0.03388892114162445 -0.08750122785568236 0.06255509704351425
v 0.028669072315096855 -0.0674227327108383 0.046883225440979004
v 0.033935219049453735 -0.08767603337764739 0.062315717339515686
v 0.02871537022292614 -0.06759753823280333 0.046643853187561035
v 0.04075061157345772 -0.08664976805448531 0.07453030347824097
v 0.040741756558418274 -0.08661577850580214 0.07451331615447998
v 0.0391785092651844 -0.08697887510061263 0.07447610795497894
v 0.04076047241687775 -0.08668745309114455 0.07453256845474243
v 0.04075061157345772 -0.08664976805448531 0.07453030347824097
v 0.03918367996811867 -0.08701367676258086 0.07449298352003098
v 0.04076983034610748 -0.08672309666872023 0.07451974600553513
v 0.04076047241687775 -0.08668745309114455 0.07453256845474243
v 0.03919041156768799 -0.08705204725265502 0.07449513673782349
v 0.04075061157345772 -0.08664976805448531 0.07453030347824097
v 0.0391785092651844 -0.08697887510061263 0.07447610795497894
v 0.03918367996811867 -0.08701367676258086 0.07449298352003098
v 0.03918367996811867 -0.08701367676258086 0.07449298352003098
v 0.0391785092651844 -0.08697887510061263 0.07447610795497894
v 0.038385745137929916 -0.08708954602479933 0.07440359145402908
v 0.03918367996811867 -0.08701367676258086 0.07449298352003098
v 0.038385745137929916 -0.08708954602479933 0.07440359145402908
v 0.038387175649404526 -0.08712486177682875 0.07442012429237366
v 0.038387175649404526 -0.08712486177682875 0.07442012429237366
v 0.038385745137929916 -0.08708954602479933 0.07440359145402908
v 0.03759200498461723 -0.08713057637214659 0.0742800384759903
v 0.03758913651108742 -0.08716611564159392 0.07429589331150055
v 0.03758913651108742 -0.08716611564159392 0.07429589331150055
v 0.03759200498461723 -0.08713057637214659 0.0742800384759903
v 0.03681425005197525 -0.08709553629159926 0.07410401850938797
v 0.03758913651108742 -0.08716611564159392 0.07429589331150055
v 0.03681425005197525 -0.08709553629159926 0.07410401850938797
v 0.03680695965886116 -0.08713086694478987 0.07411886751651764
v 0.03680695965886116 -0.08713086694478987 0.07411886751651764
v 0.03681425005197525 -0.08709553629159926 0.07410401850938797
v 0.036053191870450974 -0.0869825705885887 0.0738743245601654
v 0.036041535437107086 -0.08701725304126738 0.07388786226511002
v 0.036041535437107086 -0.08701725304126738 0.07388786226511002
v 0.036053191870450974 -0.0869825705885887 0.0738743245601654
v 0.035323984920978546 -0.08679376542568205 0.07359541207551956
v 0.035308193415403366 -0.08682738244533537 0.07360737025737762
v 0.035308193415403366 -0.08682738244533537 0.07360737025737762
v 0.035323984920978546 -0.08679376542568205 0.07359541207551956
v 0.03464096784591675 -0.08653380721807478 0.07327347248792648
v 0.035308193415403366 -0.08682738244533537 0.07360737025737762
v 0.03464096784591675 -0.08653380721807478 0.07327347248792648
v 0.034621335566043854 -0.08656596392393111 0.0732836127281189
v 0.034621335566043854 -0.08656596392393111 0.0732836127281189
v 0.03464096784591675 -0.08653380721807478 0.07327347248792648
v 0.034004293382167816 -0.08620344102382659 0.07290907949209213
v 0.0339810773730278 -0.08623373508453368 0.07291717082262039
v 0.0339810773730278 -0.08623373508453368 0.07291717082262039
v 0.034004293382167816 -0.08620344102382659 0.07290907949209213
v 0.03343053162097931 -0.08581009507179259 0.07251086831092834
v 0.03340405970811844 -0.0858381614089012 0.07251670211553574
v 0.03340405970811844 -0.0858381614089012 0.07251670211553574
v 0.03343053162097931 -0.08581009507179259 0.07251086831092834
v 0.032927729189395905 -0.08535943180322646 0.07208452373743057
v 0.03289837762713432 -0.08538491278886794 0.07208791375160217
v 0.03289837762713432 -0.08538491278886794 0.07208791375160217
v 0.032927729189395905 -0.08535943180322646 0.07208452373743057
v 0.032497745007276535 -0.08485195040702818 0.07163076847791672
v 0.03246594965457916 -0.08487454801797865 0.07163158059120178
v 0.03246594965457916 -0.08487454801797865 0.07163158059120178
v 0.032497745007276535 -0.08485195040702818 0.07163076847791672
v 0.03215232864022255 -0.08430529385805129 0.07116476446390152
v 0.03211866319179535 -0.08432493358850478 0.07116305828094482
v 0.03211866319179535 -0.08432493358850478 0.07116305828094482
v 0.03215232864022255 -0.08430529385805129 0.07116476446390152
v 0.03188497573137283 -0.08372917026281355 0.07069233804941177
v 0.03211866319179535 -0.08432493358850478 0.07116305828094482
v 0.03188497573137283 -0.08372917026281355 0.07069233804941177
v 0.031850047409534454 -0.08374611288309096 0.07068841904401779
v 0.031850047409534454 -0.08374611288309096 0.07068841904401779
v 0.03188497573137283 -0.08372917026281355 0.07069233804941177
v 0.03151320666074753 -0.08251541852951048 0.06973409652709961
v 0.031850047409534454 -0.08374611288309096 0.07068841904401779
v 0.03151320666074753 -0.08251541852951048 0.06973409652709961
v 0.03147736191749573 -0.08252954483032225 0.06972794234752655
v 0.04076047241687775 -0.08668745309114455 0.07453256845474243
v 0.03918367996811867 -0.08701367676258086 0.07449298352003098
v 0.03919041156768799 -0.08705204725265502 0.07449513673782349
v 0.03919041156768799 -0.08705204725265502 0.07449513673782349
v 0.03918367996811867 -0.08701367676258086 0.07449298352003098
v 0.038387175649404526 -0.08712486177682875 0.07442012429237366
v 0.03919041156768799 -0.08705204725265502 0.07449513673782349
v 0.038387175649404526 -0.08712486177682875 0.07442012429237366
v 0.038390737026929855 -0.08716367185115813 0.07442198693752289
v 0.038390737026929855 -0.08716367185115813 0.07442198693752289
v 0.038387175649404526 -0.08712486177682875 0.07442012429237366
v 0.03758913651108742 -0.08716611564159392 0.07429589331150055
v 0.038390737026929855 -0.08716367185115813 0.07442198693752289
v 0.03758913651108742 -0.08716611564159392 0.07429589331150055
v 0.03758905082941055 -0.08720511198043822 0.07429718971252441
v 0.03758905082941055 -0.08720511198043822 0.07429718971252441
v 0.03758913651108742 -0.08716611564159392 0.07429589331150055
v 0.03680695965886116 -0.08713086694478987 0.07411886751651764
v 0.03758905082941055 -0.08720511198043822 0.07429718971252441
v 0.03680695965886116 -0.08713086694478987 0.07411886751651764
v 0.03680312633514404 -0.08716969937086104 0.07411931455135345
v 0.03680312633514404 -0.08716969937086104 0.07411931455135345
v 0.03680695965886116 -0.08713086694478987 0.07411886751651764
v 0.036041535437107086 -0.08701725304126738 0.07388786226511002
v 0.036034006625413895 -0.08705553412437438 0.07388719171285629
v 0.036034006625413895 -0.08705553412437438 0.07388719171285629
v 0.036041535437107086 -0.08701725304126738 0.07388786226511002
v 0.035308193415403366 -0.08682738244533537 0.07360737025737762
v 0.036034006625413895 -0.08705553412437438 0.07388719171285629
v 0.035308193415403366 -0.08682738244533537 0.07360737025737762
v 0.03529715538024902 -0.08686475455760954 0.07360535860061646
v 0.03529715538024902 -0.08686475455760954 0.07360535860061646
v 0.035308193415403366 -0.08682738244533537 0.07360737025737762
v 0.034621335566043854 -0.08656596392393111 0.0732836127281189
v 0.03529715538024902 -0.08686475455760954 0.07360535860061646
v 0.034621335566043854 -0.08656596392393111 0.0732836127281189
v 0.03460703790187836 -0.08660209178924559 0.07328006625175476
v 0.03460703790187836 -0.08660209178924559 0.07328006625175476
v 0.034621335566043854 -0.08656596392393111 0.0732836127281189
v 0.0339810773730278 -0.08623373508453368 0.07291717082262039
v 0.03396374732255936 -0.08626829087734221 0.07291188836097717
v 0.03396374732255936 -0.08626829087734221 0.07291188836097717
v 0.0339810773730278 -0.08623373508453368 0.07291717082262039
v 0.03340405970811844 -0.0858381614089012 0.07251670211553574
v 0.03396374732255936 -0.08626829087734221 0.07291188836097717
v 0.03340405970811844 -0.0858381614089012 0.07251670211553574
v 0.033383969217538834 -0.08587082475423811 0.07250949740409851
v 0.033383969217538834 -0.08587082475423811 0.07250949740409851
v 0.03340405970811844 -0.0858381614089012 0.07251670211553574
v 0.03289837762713432 -0.08538491278886794 0.07208791375160217
v 0.03287584334611893 -0.08541538566350936 0.0720786452293396
v 0.03287584334611893 -0.08541538566350936 0.0720786452293396
v 0.03289837762713432 -0.08538491278886794 0.07208791375160217
v 0.03246594965457916 -0.08487454801797865 0.07163158059120178
v 0.03287584334611893 -0.08541538566350936 0.0720786452293396
v 0.03246594965457916 -0.08487454801797865 0.07163158059120178
v 0.03244134038686752 -0.08490257710218428 0.07162012159824371
v 0.03244134038686752 -0.08490257710218428 0.07162012159824371
v 0.03246594965457916 -0.08487454801797865 0.07163158059120178
v 0.03211866319179535 -0.08432493358850478 0.07116305828094482
v 0.03244134038686752 -0.08490257710218428 0.07162012159824371
v 0.03211866319179535 -0.08432493358850478 0.07116305828094482
v 0.03209247440099716 -0.08435045182704924 0.07114946097135544
v 0.03209247440099716 -0.08435045182704924 0.07114946097135544
v 0.03211866319179535 -0.08432493358850478 0.07116305828094482
v 0.031850047409534454 -0.08374611288309096 0.07068841904401779
v 0.03209247440099716 -0.08435045182704924 0.07114946097135544
v 0.031850047409534454 -0.08374611288309096 0.07068841904401779
v 0.03182278946042061 -0.08376935124397276 0.07067295163869858
v 0.03182278946042061 -0.08376935124397276 0.07067295163869858
v 0.031850047409534454 -0.08374611288309096 0.07068841904401779
v 0.03147736191749573 -0.08252954483032225 0.06972794234752655
v 0.03182278946042061 -0.08376935124397276 0.07067295163869858
v 0.03147736191749573 -0.08252954483032225 0.06972794234752655
v 0.031449321657419205 -0.08255039155483244 0.06971056759357452
v 0.04076983034610748 -0.08672309666872023 0.07451974600553513
v 0.03919041156768799 -0.08705204725265502 0.07449513673782349
v 0.03919767960906029 -0.08708815276622771 0.07448224723339081
v 0.03919767960906029 -0.08708815276622771 0.07448224723339081
v 0.03919041156768799 -0.08705204725265502 0.07449513673782349
v 0.038390737026929855 -0.08716367185115813 0.07442198693752289
v 0.03919767960906029 -0.08708815276622771 0.07448224723339081
v 0.038390737026929855 -0.08716367185115813 0.07442198693752289
v 0.03839588910341263 -0.0872000679373741 0.07440890371799469
v 0.03839588910341263 -0.0872000679373741 0.07440890371799469
v 0.038390737026929855 -0.08716367185115813 0.07442198693752289
v 0.03758905082941055 -0.08720511198043822 0.07429718971252441
v 0.03839588910341263 -0.0872000679373741 0.07440890371799469
v 0.03758905082941055 -0.08720511198043822 0.07429718971252441
v 0.03759176656603813 -0.08724163472652434 0.07428371906280518
v 0.03759176656603813 -0.08724163472652434 0.07428371906280518
v 0.03758905082941055 -0.08720511198043822 0.07429718971252441
v 0.03680312633514404 -0.08716969937086104 0.07411931455135345
v 0.036803338676691055 -0.08720610290765761 0.07410528510808945
v 0.036803338676691055 -0.08720610290765761 0.07410528510808945
v 0.03680312633514404 -0.08716969937086104 0.07411931455135345
v 0.036034006625413895 -0.08705553412437438 0.07388719171285629
v 0.036803338676691055 -0.08720610290765761 0.07410528510808945
v 0.036034006625413895 -0.08705553412437438 0.07388719171285629
v 0.03603174537420273 -0.0870915725827217 0.073872409760952
v 0.03603174537420273 -0.0870915725827217 0.073872409760952
v 0.036034006625413895 -0.08705553412437438 0.07388719171285629
v 0.03529715538024902 -0.08686475455760954 0.07360535860061646
v 0.03603174537420273 -0.0870915725827217 0.073872409760952
v 0.03529715538024902 -0.08686475455760954 0.07360535860061646
v 0.03529255464673042 -0.08690018951892851 0.07358968257904053
v 0.03529255464673042 -0.08690018951892851 0.07358968257904053
v 0.03529715538024902 -0.08686475455760954 0.07360535860061646
v 0.03460703790187836 -0.08660209178924559 0.07328006625175476
v 0.03529255464673042 -0.08690018951892851 0.07358968257904053
v 0.03460703790187836 -0.08660209178924559 0.07328006625175476
v 0.034600257873535156 -0.0866366997361183 0.07326336950063705
v 0.034600257873535156 -0.0866366997361183 0.07326336950063705
v 0.03460703790187836 -0.08660209178924559 0.07328006625175476
v 0.03396374732255936 -0.08626829087734221 0.07291188836097717
v 0.033954937011003494 -0.08630184829235076 0.07289402931928635
v 0.033954937011003494 -0.08630184829235076 0.07289402931928635
v 0.03396374732255936 -0.08626829087734221 0.07291188836097717
v 0.033383969217538834 -0.08587082475423811 0.07250949740409851
v 0.033954937011003494 -0.08630184829235076 0.07289402931928635
v 0.033383969217538834 -0.08587082475423811 0.07250949740409851
v 0.03337331488728523 -0.08590311557054518 0.07249035686254501
v 0.03337331488728523 -0.08590311557054518 0.07249035686254501
v 0.033383969217538834 -0.08587082475423811 0.07250949740409851
v 0.03287584334611893 -0.08541538566350936 0.0720786452293396
v 0.03337331488728523 -0.08590311557054518 0.07249035686254501
v 0.03287584334611893 -0.08541538566350936 0.0720786452293396
v 0.0328635573387146 -0.08544621616601943 0.07205811887979507
v 0.0328635573387146 -0.08544621616601943 0.07205811887979507
v 0.03287584334611893 -0.08541538566350936 0.0720786452293396
v 0.03244134038686752 -0.08490257710218428 0.07162012159824371
v 0.0328635573387146 -0.08544621616601943 0.07205811887979507
v 0.03244134038686752 -0.08490257710218428 0.07162012159824371
v 0.03242766857147217 -0.08493176847696303 0.07159813493490219
v 0.03242766857147217 -0.08493176847696303 0.07159813493490219
v 0.03244134038686752 -0.08490257710218428 0.07162012159824371
v 0.03209247440099716 -0.08435045182704924 0.07114946097135544
v 0.03242766857147217 -0.08493176847696303 0.07159813493490219
v 0.03209247440099716 -0.08435045182704924 0.07114946097135544
v 0.03207774460315704 -0.08437797427177428 0.0711260437965393
v 0.03207774460315704 -0.08437797427177428 0.0711260437965393
v 0.03209247440099716 -0.08435045182704924 0.07114946097135544
v 0.03182278946042061 -0.08376935124397276 0.07067295163869858
v 0.03207774460315704 -0.08437797427177428 0.0711260437965393
v 0.03182278946042061 -0.08376935124397276 0.07067295163869858
v 0.031807348132133484 -0.08379533886909483 0.07064828276634216
v 0.031807348132133484 -0.08379533886909483 0.07064828276634216
v 0.03182278946042061 -0.08376935124397276 0.07067295163869858
v 0.031449321657419205 -0.08255039155483244 0.06971056759357452
v 0.031807348132133484 -0.08379533886909483 0.07064828276634216
v 0.031449321657419205 -0.08255039155483244 0.06971056759357452
v 0.031433358788490295 -0.08257477730512618 0.06968463957309723
v 0.04077726602554321 -0.0867512747645378 0.07449379563331604
v 0.04076983034610748 -0.08672309666872023 0.07451974600553513
v 0.039444856345653534 -0.08707090467214583 0.07446950674057007
v 0.039444856345653534 -0.08707090467214583 0.07446950674057007
v 0.04076983034610748 -0.08672309666872023 0.07451974600553513
v 0.03919767960906029 -0.08708815276622771 0.07448224723339081
v 0.039444856345653534 -0.08707090467214583 0.07446950674057007
v 0.03919767960906029 -0.08708815276622771 0.07448224723339081
v 0.03840184584259987 -0.08722851425409316 0.07438285648822784
v 0.03840184584259987 -0.08722851425409316 0.07438285648822784
v 0.03919767960906029 -0.08708815276622771 0.07448224723339081
v 0.03839588910341263 -0.0872000679373741 0.07440890371799469
v 0.03840184584259987 -0.08722851425409316 0.07438285648822784
v 0.03839588910341263 -0.0872000679373741 0.07440890371799469
v 0.03785541281104088 -0.08726501464843749 0.07430382817983627
v 0.03785541281104088 -0.08726501464843749 0.07430382817983627
v 0.03839588910341263 -0.0872000679373741 0.07440890371799469
v 0.03759176656603813 -0.08724163472652434 0.07428371906280518
v 0.03785541281104088 -0.08726501464843749 0.07430382817983627
v 0.03759176656603813 -0.08724163472652434 0.07428371906280518
v 0.036807574331760406 -0.08723449707031249 0.07407887279987335
v 0.036807574331760406 -0.08723449707031249 0.07407887279987335
v 0.03759176656603813 -0.08724163472652434 0.07428371906280518
v 0.036803338676691055 -0.08720610290765761 0.07410528510808945
v 0.036807574331760406 -0.08723449707031249 0.07407887279987335
v 0.036803338676691055 -0.08720610290765761 0.07410528510808945
v 0.03626899793744087 -0.08716335892677306 0.07392276078462601
v 0.03626899793744087 -0.08716335892677306 0.07392276078462601
v 0.036803338676691055 -0.08720610290765761 0.07410528510808945
v 0.03603174537420273 -0.0870915725827217 0.073872409760952
v 0.03626899793744087 -0.08716335892677306 0.07392276078462601
v 0.03603174537420273 -0.0870915725827217 0.073872409760952
v 0.035295162349939346 -0.08692814409732817 0.07356264442205429
v 0.035295162349939346 -0.08692814409732817 0.07356264442205429
v 0.03603174537420273 -0.0870915725827217 0.073872409760952
v 0.03529255464673042 -0.08690018951892851 0.07358968257904053
v 0.035295162349939346 -0.08692814409732817 0.07356264442205429
v 0.03529255464673042 -0.08690018951892851 0.07358968257904053
v 0.03476909175515175 -0.08673631399869917 0.07332080602645874
v 0.03476909175515175 -0.08673631399869917 0.07332080602645874
v 0.03529255464673042 -0.08690018951892851 0.07358968257904053
v 0.034600257873535156 -0.0866366997361183 0.07326336950063705
v 0.03476909175515175 -0.08673631399869917 0.07332080602645874
v 0.034600257873535156 -0.0866366997361183 0.07326336950063705
v 0.034562233835458755 -0.08664657175540923 0.07321526110172272
v 0.034562233835458755 -0.08664657175540923 0.07321526110172272
v 0.034600257873535156 -0.0866366997361183 0.07326336950063705
v 0.033954937011003494 -0.08630184829235076 0.07289402931928635
v 0.034562233835458755 -0.08664657175540923 0.07321526110172272
v 0.033954937011003494 -0.08630184829235076 0.07289402931928635
v 0.03395599126815796 -0.08632928878068923 0.07286631315946579
v 0.03395599126815796 -0.08632928878068923 0.07286631315946579
v 0.033954937011003494 -0.08630184829235076 0.07289402931928635
v 0.03337331488728523 -0.08590311557054518 0.07249035686254501
v 0.03395599126815796 -0.08632928878068923 0.07286631315946579
v 0.03337331488728523 -0.08590311557054518 0.07249035686254501
v 0.033295873552560806 -0.08586789667606352 0.07240170240402222
v 0.033295873552560806 -0.08586789667606352 0.07240170240402222
v 0.03337331488728523 -0.08590311557054518 0.07249035686254501
v 0.0328635573387146 -0.08544621616601943 0.07205811887979507
v 0.033295873552560806 -0.08586789667606352 0.07240170240402222
v 0.0328635573387146 -0.08544621616601943 0.07205811887979507
v 0.03286339342594147 -0.08547270298004149 0.0720294639468193
v 0.03286339342594147 -0.08547270298004149 0.0720294639468193
v 0.0328635573387146 -0.08544621616601943 0.07205811887979507
v 0.03242766857147217 -0.08493176847696303 0.07159813493490219
v 0.03286339342594147 -0.08547270298004149 0.0720294639468193
v 0.03242766857147217 -0.08493176847696303 0.07159813493490219
v 0.03239895775914192 -0.0849189907312393 0.07153528928756714
v 0.03239895775914192 -0.0849189907312393 0.07153528928756714
v 0.03242766857147217 -0.08493176847696303 0.07159813493490219
v 0.03207774460315704 -0.08437797427177428 0.0711260437965393
v 0.03239895775914192 -0.0849189907312393 0.07153528928756714
v 0.03207774460315704 -0.08437797427177428 0.0711260437965393
v 0.03207651898264885 -0.08440338075160979 0.07109640538692474
v 0.03207651898264885 -0.08440338075160979 0.07109640538692474
v 0.03207774460315704 -0.08437797427177428 0.0711260437965393
v 0.031807348132133484 -0.08379533886909483 0.07064828276634216
v 0.03207651898264885 -0.08440338075160979 0.07109640538692474
v 0.031807348132133484 -0.08379533886909483 0.07064828276634216
v 0.031794823706150055 -0.08379141241312026 0.07059503346681595
v 0.031794823706150055 -0.08379141241312026 0.07059503346681595
v 0.031807348132133484 -0.08379533886909483 0.07064828276634216
v 0.031433358788490295 -0.08257477730512618 0.06968463957309723
v 0.031794823706150055 -0.08379141241312026 0.07059503346681595
v 0.031433358788490295 -0.08257477730512618 0.06968463957309723
v 0.0314318984746933 -0.08259900659322737 0.06965408474206924
v 0.04077726602554321 -0.0867512747645378 0.07449379563331604
v 0.0659298524260521 -0.08016765117645262 0.07455100119113922
v 0.06592241674661636 -0.08013947308063506 0.0745769515633583
v 0.04076983034610748 -0.08672309666872023 0.07451974600553513
v 0.04076983034610748 -0.08672309666872023 0.07451974600553513
v 0.06592241674661636 -0.08013947308063506 0.0745769515633583
v 0.06591305881738663 -0.08010383695363997 0.07458976656198502
v 0.04076047241687775 -0.08668745309114455 0.07453256845474243
v 0.04076047241687775 -0.08668745309114455 0.07453256845474243
v 0.06591305881738663 -0.08010383695363997 0.07458976656198502
v 0.0659032016992569 -0.08006615191698073 0.07458750903606415
v 0.04075061157345772 -0.08664976805448531 0.07453030347824097
v 0.04075061157345772 -0.08664976805448531 0.07453030347824097
v 0.0659032016992569 -0.08006615191698073 0.07458750903606415
v 0.06589434295892715 -0.08003216236829756 0.07457051426172256
v 0.040741756558418274 -0.08661577850580214 0.07451331615447998
v 0.0719890221953392 -0.07192572951316832 0.06982006877660751
v 0.07195083051919937 -0.07193098217248915 0.06982605904340744
v 0.0722188726067543 -0.07318406552076338 0.07079296559095383
v 0.07202375680208206 -0.0719301402568817 0.06980285048484802
v 0.0719890221953392 -0.07192572951316832 0.06982006877660751
v 0.0722576454281807 -0.07318177074193953 0.07078924775123596
v 0.07204972952604294 -0.07194355875253676 0.06977701187133789
v 0.07202375680208206 -0.0719301402568817 0.06980285048484802
v 0.07229286432266235 -0.07318869978189467 0.07077395170927048
v 0.0719890221953392 -0.07192572951316832 0.06982006877660751
v 0.0722188726067543 -0.07318406552076338 0.07079296559095383
v 0.0722576454281807 -0.07318177074193953 0.07078924775123596
v 0.0722576454281807 -0.07318177074193953 0.07078924775123596
v 0.0722188726067543 -0.07318406552076338 0.07079296559095383
v 0.07226492464542389 -0.0738278105854988 0.07127197086811066
v 0.0722576454281807 -0.07318177074193953 0.07078924775123596
v 0.07226492464542389 -0.0738278105854988 0.07127197086811066
v 0.072303906083107 -0.07382855564355849 0.07127051055431366
v 0.072303906083107 -0.07382855564355849 0.07127051055431366
v 0.07226492464542389 -0.0738278105854988 0.07127197086811066
v 0.0722256675362587 -0.07448022067546843 0.07174079865217209
v 0.07226444035768509 -0.07448449730873107 0.07174187898635864
v 0.07226444035768509 -0.07448449730873107 0.07174187898635864
v 0.0722256675362587 -0.07448022067546843 0.07174079865217209
v 0.07209514826536179 -0.07512796670198439 0.07218856364488602
v 0.07226444035768509 -0.07448449730873107 0.07174187898635864
v 0.07209514826536179 -0.07512796670198439 0.07218856364488602
v 0.07213316857814789 -0.0751359313726425 0.07219219207763672
v 0.07213316857814789 -0.0751359313726425 0.07219219207763672
v 0.07209514826536179 -0.07512796670198439 0.07218856364488602
v 0.07187116891145706 -0.07577067613601683 0.07261458784341812
v 0.0719079077243805 -0.07578232139348982 0.07262065261602402
v 0.0719079077243805 -0.07578232139348982 0.07262065261602402
v 0.07187116891145706 -0.07577067613601683 0.07261458784341812
v 0.07155800610780716 -0.07639557123184203 0.07301034033298492
v 0.07159297168254852 -0.07641075551509856 0.07301865518093109
v 0.07159297168254852 -0.07641075551509856 0.07301865518093109
v 0.07155800610780716 -0.07639557123184203 0.07301034033298492
v 0.07116299122571945 -0.0769902393221855 0.07336819916963577
v 0.07159297168254852 -0.07641075551509856 0.07301865518093109
v 0.07116299122571945 -0.0769902393221855 0.07336819916963577
v 0.07119573652744293 -0.07700877636671065 0.07337852567434311
v 0.07119573652744293 -0.07700877636671065 0.07337852567434311
v 0.07116299122571945 -0.0769902393221855 0.07336819916963577
v 0.07068706303834915 -0.07755449414253233 0.07368818670511246
v 0.07071712613105774 -0.07757620513439177 0.07370031625032425
v 0.07071712613105774 -0.07757620513439177 0.07370031625032425
v 0.07068706303834915 -0.07755449414253233 0.07368818670511246
v 0.07014118134975433 -0.07807376235723494 0.07396180182695389
v 0.0701681524515152 -0.07809841632843016 0.07397548109292984
v 0.0701681524515152 -0.07809841632843016 0.07397548109292984
v 0.07014118134975433 -0.07807376235723494 0.07396180182695389
v 0.06953316926956177 -0.07854074984788893 0.07418522238731384
v 0.06955665349960327 -0.07856808602809905 0.07420018315315247
v 0.06955665349960327 -0.07856808602809905 0.07420018315315247
v 0.06953316926956177 -0.07854074984788893 0.07418522238731384
v 0.06886384636163712 -0.07895386964082717 0.07435744255781174
v 0.06888353079557419 -0.07898355275392531 0.07437338680028915
v 0.06888353079557419 -0.07898355275392531 0.07437338680028915
v 0.06886384636163712 -0.07895386964082717 0.07435744255781174
v 0.06815613061189651 -0.07930140197277068 0.07447434216737747
v 0.06817198544740677 -0.07933296263217925 0.07449091970920563
v 0.06817198544740677 -0.07933296263217925 0.07449091970920563
v 0.06815613061189651 -0.07930140197277068 0.07447434216737747
v 0.06742116063833237 -0.0795876383781433 0.07454121112823486
v 0.06817198544740677 -0.07933296263217925 0.07449091970920563
v 0.06742116063833237 -0.0795876383781433 0.07454121112823486
v 0.06743357330560684 -0.07962054759263991 0.07455810904502869
v 0.06743357330560684 -0.07962054759263991 0.07455810904502869
v 0.06742116063833237 -0.0795876383781433 0.07454121112823486
v 0.06589434295892715 -0.08003216236829756 0.07457051426172256
v 0.06743357330560684 -0.07962054759263991 0.07455810904502869
v 0.06589434295892715 -0.08003216236829756 0.07457051426172256
v 0.0659032016992569 -0.08006615191698073 0.07458750903606415
v 0.07202375680208206 -0.0719301402568817 0.06980285048484802
v 0.0722576454281807 -0.07318177074193953 0.07078924775123596
v 0.07229286432266235 -0.07318869978189467 0.07077395170927048
v 0.07229286432266235 -0.07318869978189467 0.07077395170927048
v 0.0722576454281807 -0.07318177074193953 0.07078924775123596
v 0.072303906083107 -0.07382855564355849 0.07127051055431366
v 0.07229286432266235 -0.07318869978189467 0.07077395170927048
v 0.072303906083107 -0.07382855564355849 0.07127051055431366
v 0.07233930379152298 -0.07383805513381957 0.07125712931156158
v 0.07233930379152298 -0.07383805513381957 0.07125712931156158
v 0.072303906083107 -0.07382855564355849 0.07127051055431366
v 0.07226444035768509 -0.07448449730873107 0.07174187898635864
v 0.07233930379152298 -0.07383805513381957 0.07125712931156158
v 0.07226444035768509 -0.07448449730873107 0.07174187898635864
v 0.07229965180158615 -0.0744969919323921 0.07173065096139908
v 0.07229965180158615 -0.0744969919323921 0.07173065096139908
v 0.07226444035768509 -0.07448449730873107 0.07174187898635864
v 0.07213316857814789 -0.0751359313726425 0.07219219207763672
v 0.07229965180158615 -0.0744969919323921 0.07173065096139908
v 0.07213316857814789 -0.0751359313726425 0.07219219207763672
v 0.07216775417327881 -0.07515154778957366 0.07218312472105026
v 0.07216775417327881 -0.07515154778957366 0.07218312472105026
v 0.07213316857814789 -0.0751359313726425 0.07219219207763672
v 0.0719079077243805 -0.07578232139348982 0.07262065261602402
v 0.07194140553474426 -0.07580106705427168 0.0726136565208435
v 0.07194140553474426 -0.07580106705427168 0.0726136565208435
v 0.0719079077243805 -0.07578232139348982 0.07262065261602402
v 0.07159297168254852 -0.07641075551509856 0.07301865518093109
v 0.07194140553474426 -0.07580106705427168 0.0726136565208435
v 0.07159297168254852 -0.07641075551509856 0.07301865518093109
v 0.07162496447563171 -0.07643250375986098 0.0730135589838028
v 0.07162496447563171 -0.07643250375986098 0.0730135589838028
v 0.07159297168254852 -0.07641075551509856 0.07301865518093109
v 0.07119573652744293 -0.07700877636671065 0.07337852567434311
v 0.07162496447563171 -0.07643250375986098 0.0730135589838028
v 0.07119573652744293 -0.07700877636671065 0.07337852567434311
v 0.0712258443236351 -0.0770333632826805 0.07337513566017151
v 0.0712258443236351 -0.0770333632826805 0.07337513566017151
v 0.07119573652744293 -0.07700877636671065 0.07337852567434311
v 0.07071712613105774 -0.07757620513439177 0.07370031625032425
v 0.07074496895074844 -0.07760348170995711 0.07369845360517502
v 0.07074496895074844 -0.07760348170995711 0.07369845360517502
v 0.07071712613105774 -0.07757620513439177 0.07370031625032425
v 0.0701681524515152 -0.07809841632843016 0.07397548109292984
v 0.07074496895074844 -0.07760348170995711 0.07369845360517502
v 0.0701681524515152 -0.07809841632843016 0.07397548109292984
v 0.07019335776567459 -0.07812818884849547 0.07397493720054626
v 0.07019335776567459 -0.07812818884849547 0.07397493720054626
v 0.0701681524515152 -0.07809841632843016 0.07397548109292984
v 0.06955665349960327 -0.07856808602809905 0.07420018315315247
v 0.06957890838384628 -0.07860012352466582 0.07420071959495544
v 0.06957890838384628 -0.07860012352466582 0.07420071959495544
v 0.06955665349960327 -0.07856808602809905 0.07420018315315247
v 0.06888353079557419 -0.07898355275392531 0.07437338680028915
v 0.06957890838384628 -0.07860012352466582 0.07420071959495544
v 0.06888353079557419 -0.07898355275392531 0.07437338680028915
v 0.06890255957841873 -0.07901758700609206 0.07437475025653839
v 0.06890255957841873 -0.07901758700609206 0.07437475025653839
v 0.06888353079557419 -0.07898355275392531 0.07437338680028915
v 0.06817198544740677 -0.07933296263217925 0.07449091970920563
v 0.06890255957841873 -0.07901758700609206 0.07437475025653839
v 0.06817198544740677 -0.07933296263217925 0.07449091970920563
v 0.06818777322769165 -0.07936859130859374 0.07449281960725784
v 0.06818777322769165 -0.07936859130859374 0.07449281960725784
v 0.06817198544740677 -0.07933296263217925 0.07449091970920563
v 0.06743357330560684 -0.07962054759263991 0.07455810904502869
v 0.06818777322769165 -0.07936859130859374 0.07449281960725784
v 0.06743357330560684 -0.07962054759263991 0.07455810904502869
v 0.06744644790887833 -0.07965731620788573 0.07456027716398239
v 0.06744644790887833 -0.07965731620788573 0.07456027716398239
v 0.06743357330560684 -0.07962054759263991 0.07455810904502869
v 0.0659032016992569 -0.08006615191698073 0.07458750903606415
v 0.06744644790887833 -0.07965731620788573 0.07456027716398239
v 0.0659032016992569 -0.08006615191698073 0.07458750903606415
v 0.06591305881738663 -0.08010383695363997 0.07458976656198502
v 0.07204972952604294 -0.07194355875253676 0.06977701187133789
v 0.07229286432266235 -0.07318869978189467 0.07077395170927048
v 0.0723191648721695 -0.07320378720760344 0.07074940204620361
v 0.0723191648721695 -0.07320378720760344 0.07074940204620361
v 0.07229286432266235 -0.07318869978189467 0.07077395170927048
v 0.07233930379152298 -0.07383805513381957 0.07125712931156158
v 0.0723191648721695 -0.07320378720760344 0.07074940204620361
v 0.07233930379152298 -0.07383805513381957 0.07125712931156158
v 0.07236573100090027 -0.07385487109422682 0.07123386114835739
v 0.07236573100090027 -0.07385487109422682 0.07123386114835739
v 0.07233930379152298 -0.07383805513381957 0.07125712931156158
v 0.07229965180158615 -0.0744969919323921 0.07173065096139908
v 0.07236573100090027 -0.07385487109422682 0.07123386114835739
v 0.07229965180158615 -0.0744969919323921 0.07173065096139908
v 0.07232595235109329 -0.07451581209897994 0.0717088133096695
v 0.07232595235109329 -0.07451581209897994 0.0717088133096695
v 0.07229965180158615 -0.0744969919323921 0.07173065096139908
v 0.07216775417327881 -0.07515154778957366 0.07218312472105026
v 0.07219363003969193 -0.07517244666814803 0.07216273248195648
v 0.07219363003969193 -0.07517244666814803 0.07216273248195648
v 0.07216775417327881 -0.07515154778957366 0.07218312472105026
v 0.07194140553474426 -0.07580106705427168 0.0726136565208435
v 0.07219363003969193 -0.07517244666814803 0.07216273248195648
v 0.07194140553474426 -0.07580106705427168 0.0726136565208435
v 0.07196655869483948 -0.0758240520954132 0.07259465008974075
v 0.07196655869483948 -0.0758240520954132 0.07259465008974075
v 0.07194140553474426 -0.07580106705427168 0.0726136565208435
v 0.07162496447563171 -0.07643250375986098 0.0730135589838028
v 0.07196655869483948 -0.0758240520954132 0.07259465008974075
v 0.07162496447563171 -0.07643250375986098 0.0730135589838028
v 0.07164911180734634 -0.07645750045776366 0.07299581915140152
v 0.07164911180734634 -0.07645750045776366 0.07299581915140152
v 0.07162496447563171 -0.07643250375986098 0.0730135589838028
v 0.0712258443236351 -0.0770333632826805 0.07337513566017151
v 0.07164911180734634 -0.07645750045776366 0.07299581915140152
v 0.0712258443236351 -0.0770333632826805 0.07337513566017151
v 0.07124873250722885 -0.0770602524280548 0.07335854321718216
v 0.07124873250722885 -0.0770602524280548 0.07335854321718216
v 0.0712258443236351 -0.0770333632826805 0.07337513566017151
v 0.07074496895074844 -0.07760348170995711 0.07369845360517502
v 0.07076633721590042 -0.07763216644525527 0.07368287444114685
v 0.07076633721590042 -0.07763216644525527 0.07368287444114685
v 0.07074496895074844 -0.07760348170995711 0.07369845360517502
v 0.07019335776567459 -0.07812818884849547 0.07397493720054626
v 0.07076633721590042 -0.07763216644525527 0.07368287444114685
v 0.07019335776567459 -0.07812818884849547 0.07397493720054626
v 0.07021297514438629 -0.07815854996442793 0.07396023720502853
v 0.07021297514438629 -0.07815854996442793 0.07396023720502853
v 0.07019335776567459 -0.07812818884849547 0.07397493720054626
v 0.06957890838384628 -0.07860012352466582 0.07420071959495544
v 0.07021297514438629 -0.07815854996442793 0.07396023720502853
v 0.06957890838384628 -0.07860012352466582 0.07420071959495544
v 0.0695965513586998 -0.07863199710845946 0.07418674975633621
v 0.0695965513586998 -0.07863199710845946 0.07418674975633621
v 0.06957890838384628 -0.07860012352466582 0.07420071959495544
v 0.06890255957841873 -0.07901758700609206 0.07437475025653839
v 0.0695965513586998 -0.07863199710845946 0.07418674975633621
v 0.06890255957841873 -0.07901758700609206 0.07437475025653839
v 0.06891804933547974 -0.07905079424381255 0.07436133921146393
v 0.06891804933547974 -0.07905079424381255 0.07436133921146393
v 0.06890255957841873 -0.07901758700609206 0.07437475025653839
v 0.06818777322769165 -0.07936859130859374 0.07449281960725784
v 0.06891804933547974 -0.07905079424381255 0.07436133921146393
v 0.06818777322769165 -0.07936859130859374 0.07449281960725784
v 0.06820108741521835 -0.07940285652875899 0.07447976619005203
v 0.06820108741521835 -0.07940285652875899 0.07447976619005203
v 0.06818777322769165 -0.07936859130859374 0.07449281960725784
v 0.06744644790887833 -0.07965731620788573 0.07456027716398239
v 0.06820108741521835 -0.07940285652875899 0.07447976619005203
v 0.06744644790887833 -0.07965731620788573 0.07456027716398239
v 0.06745781749486923 -0.07969234883785246 0.07454740256071091
v 0.06745781749486923 -0.07969234883785246 0.07454740256071091
v 0.06744644790887833 -0.07965731620788573 0.07456027716398239
v 0.06591305881738663 -0.08010383695363997 0.07458976656198502
v 0.06745781749486923 -0.07969234883785246 0.07454740256071091
v 0.06591305881738663 -0.08010383695363997 0.07458976656198502
v 0.06592241674661636 -0.08013947308063506 0.0745769515633583
v 0.07206300646066666 -0.07196392863988875 0.0697464868426323
v 0.07204972952604294 -0.07194355875253676 0.06977701187133789
v 0.0723038837313652 -0.07303082942962645 0.07057218253612518
v 0.0723038837313652 -0.07303082942962645 0.07057218253612518
v 0.07204972952604294 -0.07194355875253676 0.06977701187133789
v 0.0723191648721695 -0.07320378720760344 0.07074940204620361
v 0.0723038837313652 -0.07303082942962645 0.07057218253612518
v 0.0723191648721695 -0.07320378720760344 0.07074940204620361
v 0.07237915694713593 -0.07387643307447432 0.07120424509048462
v 0.07237915694713593 -0.07387643307447432 0.07120424509048462
v 0.0723191648721695 -0.07320378720760344 0.07074940204620361
v 0.07236573100090027 -0.07385487109422682 0.07123386114835739
v 0.07237915694713593 -0.07387643307447432 0.07120424509048462
v 0.07236573100090027 -0.07385487109422682 0.07123386114835739
v 0.07236222922801971 -0.07432463765144347 0.07152827084064484
v 0.07236222922801971 -0.07432463765144347 0.07152827084064484
v 0.07236573100090027 -0.07385487109422682 0.07123386114835739
v 0.07232595235109329 -0.07451581209897994 0.0717088133096695
v 0.07236222922801971 -0.07432463765144347 0.07152827084064484
v 0.07232595235109329 -0.07451581209897994 0.0717088133096695
v 0.07220680266618729 -0.07519544661045073 0.0721341148018837
v 0.07220680266618729 -0.07519544661045073 0.0721341148018837
v 0.07232595235109329 -0.07451581209897994 0.0717088133096695
v 0.07219363003969193 -0.07517244666814803 0.07216273248195648
v 0.07220680266618729 -0.07519544661045073 0.0721341148018837
v 0.07219363003969193 -0.07517244666814803 0.07216273248195648
v 0.07205908745527267 -0.07564927637577055 0.07243695110082626
v 0.07205908745527267 -0.07564927637577055 0.07243695110082626
v 0.07219363003969193 -0.07517244666814803 0.07216273248195648
v 0.07196655869483948 -0.0758240520954132 0.07259465008974075
v 0.07205908745527267 -0.07564927637577055 0.07243695110082626
v 0.07196655869483948 -0.0758240520954132 0.07259465008974075
v 0.0716615691781044 -0.07648188620805739 0.07296808063983917
v 0.0716615691781044 -0.07648188620805739 0.07296808063983917
v 0.07196655869483948 -0.0758240520954132 0.07259465008974075
v 0.07164911180734634 -0.07645750045776366 0.07299581915140152
v 0.0716615691781044 -0.07648188620805739 0.07296808063983917
v 0.07164911180734634 -0.07645750045776366 0.07299581915140152
v 0.07136759161949158 -0.07693897187709807 0.07324500381946564
v 0.07136759161949158 -0.07693897187709807 0.07324500381946564
v 0.07164911180734634 -0.07645750045776366 0.07299581915140152
v 0.07124873250722885 -0.0770602524280548 0.07335854321718216
v 0.07136759161949158 -0.07693897187709807 0.07324500381946564
v 0.07124873250722885 -0.0770602524280548 0.07335854321718216
v 0.07123448699712753 -0.0771203190088272 0.07335168868303299
v 0.07123448699712753 -0.0771203190088272 0.07335168868303299
v 0.07124873250722885 -0.0770602524280548 0.07335854321718216
v 0.07076633721590042 -0.07763216644525527 0.07368287444114685
v 0.07123448699712753 -0.0771203190088272 0.07335168868303299
v 0.07076633721590042 -0.07763216644525527 0.07368287444114685
v 0.0707779973745346 -0.07765790075063704 0.07365596294403076
v 0.0707779973745346 -0.07765790075063704 0.07365596294403076
v 0.07076633721590042 -0.07763216644525527 0.07368287444114685
v 0.07021297514438629 -0.07815854996442793 0.07396023720502853
v 0.0707779973745346 -0.07765790075063704 0.07365596294403076
v 0.07021297514438629 -0.07815854996442793 0.07396023720502853
v 0.07013912498950958 -0.07825632393360137 0.07396939396858215
v 0.07013912498950958 -0.07825632393360137 0.07396939396858215
v 0.07021297514438629 -0.07815854996442793 0.07396023720502853
v 0.0695965513586998 -0.07863199710845946 0.07418674975633621
v 0.07013912498950958 -0.07825632393360137 0.07396939396858215
v 0.0695965513586998 -0.07863199710845946 0.07418674975633621
v 0.06960690021514893 -0.07865884900093077 0.07416039705276489
v 0.06960690021514893 -0.07865884900093077 0.07416039705276489
v 0.0695965513586998 -0.07863199710845946 0.07418674975633621
v 0.06891804933547974 -0.07905079424381255 0.07436133921146393
v 0.06960690021514893 -0.07865884900093077 0.07416039705276489
v 0.06891804933547974 -0.07905079424381255 0.07436133921146393
v 0.06887713819742203 -0.07910569757223128 0.07434555888175964
v 0.06887713819742203 -0.07910569757223128 0.07434555888175964
v 0.06891804933547974 -0.07905079424381255 0.07436133921146393
v 0.06820108741521835 -0.07940285652875899 0.07447976619005203
v 0.06887713819742203 -0.07910569757223128 0.07434555888175964
v 0.06820108741521835 -0.07940285652875899 0.07447976619005203
v 0.06820999830961227 -0.07943070679903029 0.07445386052131653
v 0.06820999830961227 -0.07943070679903029 0.07445386052131653
v 0.06820108741521835 -0.07940285652875899 0.07447976619005203
v 0.06745781749486923 -0.07969234883785246 0.07454740256071091
v 0.06820999830961227 -0.07943070679903029 0.07445386052131653
v 0.06745781749486923 -0.07969234883785246 0.07454740256071091
v 0.0674295648932457 -0.07973285764455794 0.07452356070280075
v 0.0674295648932457 -0.07973285764455794 0.07452356070280075
v 0.06745781749486923 -0.07969234883785246 0.07454740256071091
v 0.06592241674661636 -0.08013947308063506 0.0745769515633583
v 0.0674295648932457 -0.07973285764455794 0.07452356070280075
v 0.06592241674661636 -0.08013947308063506 0.0745769515633583
v 0.0659298524260521 -0.08016765117645262 0.07455100119113922
v 0.07206300646066666 -0.07196392863988875 0.0697464868426323
v 0.06684315204620361 -0.051885437220335 0.05407462269067764
v 0.06682988256216049 -0.05186506733298301 0.05410514026880264
v 0.07204972952604294 -0.07194355875253676 0.06977701187133789
v 0.07204972952604294 -0.07194355875253676 0.06977701187133789
v 0.06682988256216049 -0.05186506733298301 0.05410514026880264
v 0.06680390983819962 -0.05185165256261825 0.054130978882312775
v 0.07202375680208206 -0.0719301402568817 0.06980285048484802
v 0.07202375680208206 -0.0719301402568817 0.06980285048484802
v 0.06680390983819962 -0.05185165256261825 0.054130978882312775
v 0.06676917523145676 -0.05184723436832427 0.05414820462465286
v 0.0719890221953392 -0.07192572951316832 0.06982006877660751
v 0.0719890221953392 -0.07192572951316832 0.06982006877660751
v 0.06676917523145676 -0.05184723436832427 0.05414820462465286
v 0.06673098355531693 -0.0518524907529354 0.05415419489145279
v 0.07195083051919937 -0.07193098217248915 0.06982605904340744
v 0.057495925575494766 -0.04772700741887092 0.04934583604335785
v 0.05750243365764618 -0.04775212705135345 0.04937497898936272
v 0.05906568095088005 -0.04738903045654296 0.049412183463573456
v 0.057492759078741074 -0.04771458357572555 0.049308985471725464
v 0.057495925575494766 -0.04772700741887092 0.04934583604335785
v 0.059062860906124115 -0.04736310243606567 0.04938316345214844
v 0.057493411004543304 -0.047716747969388955 0.049270033836364746
v 0.057492759078741074 -0.04771458357572555 0.049308985471725464
v 0.05906281992793083 -0.04734999313950538 0.04934641346335411
v 0.057495925575494766 -0.04772700741887092 0.04934583604335785
v 0.05906568095088005 -0.04738903045654296 0.049412183463573456
v 0.059062860906124115 -0.04736310243606567 0.04938316345214844
v 0.059062860906124115 -0.04736310243606567 0.04938316345214844
v 0.05906568095088005 -0.04738903045654296 0.049412183463573456
v 0.05985844507813454 -0.047278359532356255 0.04948469623923302
v 0.059062860906124115 -0.04736310243606567 0.04938316345214844
v 0.05985844507813454 -0.047278359532356255 0.04948469623923302
v 0.05985936149954796 -0.047251913696527474 0.049456022679805756
v 0.05985936149954796 -0.047251913696527474 0.049456022679805756
v 0.05985844507813454 -0.047278359532356255 0.04948469623923302
v 0.06065218523144722 -0.047237329185008996 0.0496082529425621
v 0.060657404363155365 -0.04721065983176231 0.049580249935388565
v 0.060657404363155365 -0.04721065983176231 0.049580249935388565
v 0.06065218523144722 -0.047237329185008996 0.0496082529425621
v 0.061429936438798904 -0.04727237299084663 0.04978427290916443
v 0.060657404363155365 -0.04721065983176231 0.049580249935388565
v 0.061429936438798904 -0.04727237299084663 0.04978427290916443
v 0.061439577490091324 -0.047245908528566354 0.049757275730371475
v 0.061439577490091324 -0.047245908528566354 0.049757275730371475
v 0.061429936438798904 -0.04727237299084663 0.04978427290916443
v 0.06219099834561348 -0.047385338693857186 0.05001397058367729
v 0.0622050017118454 -0.047359522432088845 0.0499882847070694
v 0.0622050017118454 -0.047359522432088845 0.0499882847070694
v 0.06219099834561348 -0.047385338693857186 0.05001397058367729
v 0.06292020529508591 -0.047574140131473534 0.05029287934303284
v 0.06293834745883942 -0.04754939302802085 0.05026877671480179
v 0.06293834745883942 -0.04754939302802085 0.05026877671480179
v 0.06292020529508591 -0.047574140131473534 0.05029287934303284
v 0.0636032223701477 -0.0478341020643711 0.050614822655916214
v 0.06293834745883942 -0.04754939302802085 0.05026877671480179
v 0.0636032223701477 -0.0478341020643711 0.050614822655916214
v 0.06362520158290863 -0.047810819000005715 0.05059253051877022
v 0.06362520158290863 -0.047810819000005715 0.05059253051877022
v 0.0636032223701477 -0.0478341020643711 0.050614822655916214
v 0.06423989683389664 -0.0481644682586193 0.050979211926460266
v 0.06426545977592468 -0.04814304038882255 0.05095897242426872
v 0.06426545977592468 -0.04814304038882255 0.05095897242426872
v 0.06423989683389664 -0.0481644682586193 0.050979211926460266
v 0.06481365859508514 -0.048557810485363 0.051377423107624054
v 0.06484247744083405 -0.048538617789745324 0.05135944113135338
v 0.06484247744083405 -0.048538617789745324 0.05135944113135338
v 0.06481365859508514 -0.048557810485363 0.051377423107624054
v 0.06531646102666855 -0.04900847375392913 0.051803767681121826
v 0.06534816324710846 -0.04899186268448829 0.05178822949528694
v 0.06534816324710846 -0.04899186268448829 0.05178822949528694
v 0.06531646102666855 -0.04900847375392913 0.051803767681121826
v 0.06574644148349762 -0.049515955150127404 0.05225752294063568
v 0.06578058749437332 -0.04950222745537757 0.05224456265568733
v 0.06578058749437332 -0.04950222745537757 0.05224456265568733
v 0.06574644148349762 -0.049515955150127404 0.05225752294063568
v 0.0660918578505516 -0.0500626154243946 0.05272352695465088
v 0.06612787395715714 -0.05005184561014175 0.05271308869123459
v 0.06612787395715714 -0.05005184561014175 0.05271308869123459
v 0.0660918578505516 -0.0500626154243946 0.05272352695465088
v 0.06635921448469162 -0.05063873901963233 0.05319594964385033
v 0.06612787395715714 -0.05005184561014175 0.05271308869123459
v 0.06635921448469162 -0.05063873901963233 0.05319594964385033
v 0.06639648973941803 -0.05063066259026527 0.05318772420287132
v 0.06639648973941803 -0.05063066259026527 0.05318772420287132
v 0.06635921448469162 -0.05063873901963233 0.05319594964385033
v 0.06673098355531693 -0.0518524907529354 0.05415419489145279
v 0.06639648973941803 -0.05063066259026527 0.05318772420287132
v 0.06673098355531693 -0.0518524907529354 0.05415419489145279
v 0.06676917523145676 -0.05184723436832427 0.05414820462465286
v 0.057492759078741074 -0.04771458357572555 0.049308985471725464
v 0.059062860906124115 -0.04736310243606567 0.04938316345214844
v 0.05906281992793083 -0.04734999313950538 0.04934641346335411
v 0.05906281992793083 -0.04734999313950538 0.04934641346335411
v 0.059062860906124115 -0.04736310243606567 0.04938316345214844
v 0.05985936149954796 -0.047251913696527474 0.049456022679805756
v 0.05906281992793083 -0.04734999313950538 0.04934641346335411
v 0.05985936149954796 -0.047251913696527474 0.049456022679805756
v 0.059862490743398666 -0.04723836481571197 0.04941956698894501
v 0.059862490743398666 -0.04723836481571197 0.04941956698894501
v 0.05985936149954796 -0.047251913696527474 0.049456022679805756
v 0.060657404363155365 -0.04721065983176231 0.049580249935388565
v 0.059862490743398666 -0.04723836481571197 0.04941956698894501
v 0.060657404363155365 -0.04721065983176231 0.049580249935388565
v 0.06066417694091797 -0.04719692468643188 0.04954436421394348
v 0.06066417694091797 -0.04719692468643188 0.04954436421394348
v 0.060657404363155365 -0.04721065983176231 0.049580249935388565
v 0.061439577490091324 -0.047245908528566354 0.049757275730371475
v 0.06066417694091797 -0.04719692468643188 0.04954436421394348
v 0.061439577490091324 -0.047245908528566354 0.049757275730371475
v 0.06145010143518448 -0.047232344746589654 0.04972223564982414
v 0.06145010143518448 -0.047232344746589654 0.04972223564982414
v 0.061439577490091324 -0.047245908528566354 0.049757275730371475
v 0.0622050017118454 -0.047359522432088845 0.0499882847070694
v 0.06221922114491463 -0.04734650626778602 0.0499543622136116
v 0.06221922114491463 -0.04734650626778602 0.0499543622136116
v 0.0622050017118454 -0.047359522432088845 0.0499882847070694
v 0.06293834745883942 -0.04754939302802085 0.05026877671480179
v 0.06221922114491463 -0.04734650626778602 0.0499543622136116
v 0.06293834745883942 -0.04754939302802085 0.05026877671480179
v 0.0629560723900795 -0.04753728210926055 0.05023619532585144
v 0.0629560723900795 -0.04753728210926055 0.05023619532585144
v 0.06293834745883942 -0.04754939302802085 0.05026877671480179
v 0.06362520158290863 -0.047810819000005715 0.05059253051877022
v 0.0629560723900795 -0.04753728210926055 0.05023619532585144
v 0.06362520158290863 -0.047810819000005715 0.05059253051877022
v 0.06364618986845016 -0.0477999486029148 0.050561483949422836
v 0.06364618986845016 -0.0477999486029148 0.050561483949422836
v 0.06362520158290863 -0.047810819000005715 0.05059253051877022
v 0.06426545977592468 -0.04814304038882255 0.05095897242426872
v 0.06428948044776917 -0.048133749514818185 0.050929661840200424
v 0.06428948044776917 -0.048133749514818185 0.050929661840200424
v 0.06426545977592468 -0.04814304038882255 0.05095897242426872
v 0.06484247744083405 -0.048538617789745324 0.05135944113135338
v 0.06428948044776917 -0.048133749514818185 0.050929661840200424
v 0.06484247744083405 -0.048538617789745324 0.05135944113135338
v 0.06486926227807999 -0.04853121563792228 0.05133204907178879
v 0.06486926227807999 -0.04853121563792228 0.05133204907178879
v 0.06484247744083405 -0.048538617789745324 0.05135944113135338
v 0.06534816324710846 -0.04899186268448829 0.05178822949528694
v 0.0653773844242096 -0.04898665100336074 0.051762908697128296
v 0.0653773844242096 -0.04898665100336074 0.051762908697128296
v 0.06534816324710846 -0.04899186268448829 0.05178822949528694
v 0.06578058749437332 -0.04950222745537757 0.05224456265568733
v 0.0653773844242096 -0.04898665100336074 0.051762908697128296
v 0.06578058749437332 -0.04950222745537757 0.05224456265568733
v 0.065811887383461 -0.04949946328997611 0.052221428602933884
v 0.065811887383461 -0.04949946328997611 0.052221428602933884
v 0.06578058749437332 -0.04950222745537757 0.05224456265568733
v 0.06612787395715714 -0.05005184561014175 0.05271308869123459
v 0.065811887383461 -0.04949946328997611 0.052221428602933884
v 0.06612787395715714 -0.05005184561014175 0.05271308869123459
v 0.06616075336933136 -0.050051584839820855 0.05269208922982216
v 0.06616075336933136 -0.050051584839820855 0.05269208922982216
v 0.06612787395715714 -0.05005184561014175 0.05271308869123459
v 0.06639648973941803 -0.05063066259026527 0.05318772420287132
v 0.06616075336933136 -0.050051584839820855 0.05269208922982216
v 0.06639648973941803 -0.05063066259026527 0.05318772420287132
v 0.06643044203519821 -0.05063268914818763 0.05316860228776932
v 0.06643044203519821 -0.05063268914818763 0.05316860228776932
v 0.06639648973941803 -0.05063066259026527 0.05318772420287132
v 0.06676917523145676 -0.05184723436832427 0.05414820462465286
v 0.06643044203519821 -0.05063268914818763 0.05316860228776932
v 0.06676917523145676 -0.05184723436832427 0.05414820462465286
v 0.06680390983819962 -0.05185165256261825 0.054130978882312775
v 0.057493411004543304 -0.047716747969388955 0.049270033836364746
v 0.05906281992793083 -0.04734999313950538 0.04934641346335411
v 0.0590655617415905 -0.047351695597171777 0.049307528883218765
v 0.0590655617415905 -0.047351695597171777 0.049307528883218765
v 0.05906281992793083 -0.04734999313950538 0.04934641346335411
v 0.059862490743398666 -0.04723836481571197 0.04941956698894501
v 0.0590655617415905 -0.047351695597171777 0.049307528883218765
v 0.059862490743398666 -0.04723836481571197 0.04941956698894501
v 0.05986735224723816 -0.047239776700735085 0.04938087612390518
v 0.05986735224723816 -0.047239776700735085 0.04938087612390518
v 0.059862490743398666 -0.04723836481571197 0.04941956698894501
v 0.06066417694091797 -0.04719692468643188 0.04954436421394348
v 0.05986735224723816 -0.047239776700735085 0.04938087612390518
v 0.06066417694091797 -0.04719692468643188 0.04954436421394348
v 0.060671474784612656 -0.047198213636875146 0.0495060570538044
v 0.060671474784612656 -0.047198213636875146 0.0495060570538044
v 0.06066417694091797 -0.04719692468643188 0.04954436421394348
v 0.06145010143518448 -0.047232344746589654 0.04972223564982414
v 0.06145990267395973 -0.047233745455741875 0.049684494733810425
v 0.06145990267395973 -0.047233745455741875 0.049684494733810425
v 0.06145010143518448 -0.047232344746589654 0.04972223564982414
v 0.06221922114491463 -0.04734650626778602 0.0499543622136116
v 0.06145990267395973 -0.047233745455741875 0.049684494733810425
v 0.06221922114491463 -0.04734650626778602 0.0499543622136116
v 0.06223149970173836 -0.04734827205538749 0.04991736635565758
v 0.06223149970173836 -0.04734827205538749 0.04991736635565758
v 0.06221922114491463 -0.04734650626778602 0.0499543622136116
v 0.0629560723900795 -0.04753728210926055 0.05023619532585144
v 0.06223149970173836 -0.04734827205538749 0.04991736635565758
v 0.0629560723900795 -0.04753728210926055 0.05023619532585144
v 0.06297069042921066 -0.04753965511918067 0.050200093537569046
v 0.06297069042921066 -0.04753965511918067 0.050200093537569046
v 0.0629560723900795 -0.04753728210926055 0.05023619532585144
v 0.06364618986845016 -0.0477999486029148 0.050561483949422836
v 0.06297069042921066 -0.04753965511918067 0.050200093537569046
v 0.06364618986845016 -0.0477999486029148 0.050561483949422836
v 0.06366298347711563 -0.04780314862728118 0.05052641034126282
v 0.06366298347711563 -0.04780314862728118 0.05052641034126282
v 0.06364618986845016 -0.0477999486029148 0.050561483949422836
v 0.06428948044776917 -0.048133749514818185 0.050929661840200424
v 0.06430830806493759 -0.04813800007104873 0.050895750522613525
v 0.06430830806493759 -0.04813800007104873 0.050895750522613525
v 0.06428948044776917 -0.048133749514818185 0.050929661840200424
v 0.06486926227807999 -0.04853121563792228 0.05133204907178879
v 0.06430830806493759 -0.04813800007104873 0.050895750522613525
v 0.06486926227807999 -0.04853121563792228 0.05133204907178879
v 0.06488993018865585 -0.0485367327928543 0.05129941925406456
v 0.06488993018865585 -0.0485367327928543 0.05129941925406456
v 0.06486926227807999 -0.04853121563792228 0.05133204907178879
v 0.0653773844242096 -0.04898665100336074 0.051762908697128296
v 0.06488993018865585 -0.0485367327928543 0.05129941925406456
v 0.0653773844242096 -0.04898665100336074 0.051762908697128296
v 0.06539968401193619 -0.04899363219738006 0.0517316609621048
v 0.06539968401193619 -0.04899363219738006 0.0517316609621048
v 0.0653773844242096 -0.04898665100336074 0.051762908697128296
v 0.065811887383461 -0.04949946328997611 0.052221428602933884
v 0.06539968401193619 -0.04899363219738006 0.0517316609621048
v 0.065811887383461 -0.04949946328997611 0.052221428602933884
v 0.06583557277917862 -0.04950807616114616 0.05219164118170738
v 0.06583557277917862 -0.04950807616114616 0.05219164118170738
v 0.065811887383461 -0.04949946328997611 0.052221428602933884
v 0.06616075336933136 -0.050051584839820855 0.05269208922982216
v 0.06583557277917862 -0.04950807616114616 0.05219164118170738
v 0.06616075336933136 -0.050051584839820855 0.05269208922982216
v 0.06618549674749374 -0.05006187409162521 0.05266373232007027
v 0.06618549674749374 -0.05006187409162521 0.05266373232007027
v 0.06616075336933136 -0.050051584839820855 0.05269208922982216
v 0.06643044203519821 -0.05063268914818763 0.05316860228776932
v 0.06618549674749374 -0.05006187409162521 0.05266373232007027
v 0.06643044203519821 -0.05063268914818763 0.05316860228776932
v 0.0664558932185173 -0.05064450576901435 0.05314149335026741
v 0.0664558932185173 -0.05064450576901435 0.05314149335026741
v 0.06643044203519821 -0.05063268914818763 0.05316860228776932
v 0.06680390983819962 -0.05185165256261825 0.054130978882312775
v 0.0664558932185173 -0.05064450576901435 0.05314149335026741
v 0.06680390983819962 -0.05185165256261825 0.054130978882312775
v 0.06682988256216049 -0.05186506733298301 0.05410514026880264
v 0.057497791945934296 -0.047733169049024575 0.04923490807414055
v 0.057493411004543304 -0.047716747969388955 0.049270033836364746
v 0.058830197900533676 -0.047413535416126244 0.04925920441746712
v 0.058830197900533676 -0.047413535416126244 0.04925920441746712
v 0.057493411004543304 -0.047716747969388955 0.049270033836364746
v 0.0590655617415905 -0.047351695597171777 0.049307528883218765
v 0.058830197900533676 -0.047413535416126244 0.04925920441746712
v 0.0590655617415905 -0.047351695597171777 0.049307528883218765
v 0.05987320840358734 -0.047255933284759515 0.049345847219228745
v 0.05987320840358734 -0.047255933284759515 0.049345847219228745
v 0.0590655617415905 -0.047351695597171777 0.049307528883218765
v 0.05986735224723816 -0.047239776700735085 0.04938087612390518
v 0.05987320840358734 -0.047255933284759515 0.049345847219228745
v 0.05986735224723816 -0.047239776700735085 0.04938087612390518
v 0.06041964143514633 -0.047219432890415185 0.04942488297820091
v 0.06041964143514633 -0.047219432890415185 0.04942488297820091
v 0.05986735224723816 -0.047239776700735085 0.04938087612390518
v 0.060671474784612656 -0.047198213636875146 0.0495060570538044
v 0.06041964143514633 -0.047219432890415185 0.04942488297820091
v 0.060671474784612656 -0.047198213636875146 0.0495060570538044
v 0.061467479914426804 -0.047249946743249886 0.049649834632873535
v 0.061467479914426804 -0.047249946743249886 0.049649834632873535
v 0.060671474784612656 -0.047198213636875146 0.0495060570538044
v 0.06145990267395973 -0.047233745455741875 0.049684494733810425
v 0.061467479914426804 -0.047249946743249886 0.049649834632873535
v 0.06145990267395973 -0.047233745455741875 0.049684494733810425
v 0.06200605630874634 -0.047321081161499016 0.04980594664812088
v 0.06200605630874634 -0.047321081161499016 0.04980594664812088
v 0.06145990267395973 -0.047233745455741875 0.049684494733810425
v 0.06223149970173836 -0.04734827205538749 0.04991736635565758
v 0.06200605630874634 -0.047321081161499016 0.04980594664812088
v 0.06223149970173836 -0.04734827205538749 0.04991736635565758
v 0.06297989189624786 -0.0475562959909439 0.050166066735982895
v 0.06297989189624786 -0.0475562959909439 0.050166066735982895
v 0.06223149970173836 -0.04734827205538749 0.04991736635565758
v 0.06297069042921066 -0.04753965511918067 0.050200093537569046
v 0.06297989189624786 -0.0475562959909439 0.050166066735982895
v 0.06297069042921066 -0.04753965511918067 0.050200093537569046
v 0.06350596249103546 -0.0477481260895729 0.05040790140628815
v 0.06350596249103546 -0.0477481260895729 0.05040790140628815
v 0.06297069042921066 -0.04753965511918067 0.050200093537569046
v 0.06366298347711563 -0.04780314862728118 0.05052641034126282
v 0.06350596249103546 -0.0477481260895729 0.05040790140628815
v 0.06366298347711563 -0.04780314862728118 0.05052641034126282
v 0.06371282041072845 -0.04783786833286285 0.05051344633102417
v 0.06371282041072845 -0.04783786833286285 0.05051344633102417
v 0.06366298347711563 -0.04780314862728118 0.05052641034126282
v 0.06430830806493759 -0.04813800007104873 0.050895750522613525
v 0.06371282041072845 -0.04783786833286285 0.05051344633102417
v 0.06430830806493759 -0.04813800007104873 0.050895750522613525
v 0.06431906670331955 -0.04815515503287315 0.050862397998571396
v 0.06431906670331955 -0.04815515503287315 0.050862397998571396
v 0.06430830806493759 -0.04813800007104873 0.050895750522613525
v 0.06488993018865585 -0.0485367327928543 0.05129941925406456
v 0.06431906670331955 -0.04815515503287315 0.050862397998571396
v 0.06488993018865585 -0.0485367327928543 0.05129941925406456
v 0.0649791806936264 -0.04861654713749885 0.05132700502872467
v 0.0649791806936264 -0.04861654713749885 0.05132700502872467
v 0.06488993018865585 -0.0485367327928543 0.05129941925406456
v 0.06539968401193619 -0.04899363219738006 0.0517316609621048
v 0.0649791806936264 -0.04861654713749885 0.05132700502872467
v 0.06539968401193619 -0.04899363219738006 0.0517316609621048
v 0.06541166454553604 -0.04901174455881118 0.05169924348592758
v 0.06541166454553604 -0.04901174455881118 0.05169924348592758
v 0.06539968401193619 -0.04899363219738006 0.0517316609621048
v 0.06583557277917862 -0.04950807616114616 0.05219164118170738
v 0.06541166454553604 -0.04901174455881118 0.05169924348592758
v 0.06583557277917862 -0.04950807616114616 0.05219164118170738
v 0.06587609648704529 -0.04956545308232307 0.05219341441988945
v 0.06587609648704529 -0.04956545308232307 0.05219341441988945
v 0.06583557277917862 -0.04950807616114616 0.05219164118170738
v 0.06618549674749374 -0.05006187409162521 0.05266373232007027
v 0.06587609648704529 -0.04956545308232307 0.05219341441988945
v 0.06618549674749374 -0.05006187409162521 0.05266373232007027
v 0.06619853526353836 -0.050081063061952584 0.052632302045822144
v 0.06619853526353836 -0.050081063061952584 0.052632302045822144
v 0.06618549674749374 -0.05006187409162521 0.05266373232007027
v 0.0664558932185173 -0.05064450576901435 0.05314149335026741
v 0.06619853526353836 -0.050081063061952584 0.052632302045822144
v 0.0664558932185173 -0.05064450576901435 0.05314149335026741
v 0.06648023426532745 -0.05069302767515182 0.05313367396593094
v 0.06648023426532745 -0.05069302767515182 0.05313367396593094
v 0.0664558932185173 -0.05064450576901435 0.05314149335026741
v 0.06682988256216049 -0.05186506733298301 0.05410514026880264
v 0.06648023426532745 -0.05069302767515182 0.05313367396593094
v 0.06682988256216049 -0.05186506733298301 0.05410514026880264
v 0.06684315204620361 -0.051885437220335 0.05407462269067764
v 0.057497791945934296 -0.047733169049024575 0.04923490807414055
v 0.03234520182013512 -0.05431678891181945 0.049177706241607666
v 0.032340824604034424 -0.05430037155747413 0.04921283200383186
v 0.057493411004543304 -0.047716747969388955 0.049270033836364746
v 0.057493411004543304 -0.047716747969388955 0.049270033836364746
v 0.032340824604034424 -0.05430037155747413 0.04921283200383186
v 0.032340168952941895 -0.05429820716381072 0.04925177991390228
v 0.057492759078741074 -0.04771458357572555 0.049308985471725464
v 0.057492759078741074 -0.04771458357572555 0.049308985471725464
v 0.032340168952941895 -0.05429820716381072 0.04925177991390228
v 0.032343339174985886 -0.054310631006956094 0.049288634210824966
v 0.057495925575494766 -0.04772700741887092 0.04934583604335785
v 0.057495925575494766 -0.04772700741887092 0.04934583604335785
v 0.032343339174985886 -0.054310631006956094 0.049288634210824966
v 0.0323498472571373 -0.054335746914148324 0.049317773431539536
v 0.05750243365764618 -0.04775212705135345 0.04937497898936272
v 0.026257513090968132 -0.0624510534107685 0.0540560707449913
v 0.026293359696865082 -0.062436927109956734 0.05406222864985466
v 0.02602531760931015 -0.0611838437616825 0.05309532582759857
v 0.02622947283089161 -0.062471896409988396 0.05403870344161987
v 0.026257513090968132 -0.0624510534107685 0.0540560707449913
v 0.025988895446062088 -0.061195008456706994 0.05308689549565315
v 0.0262135099619627 -0.062496289610862725 0.05401277169585228
v 0.02622947283089161 -0.062471896409988396 0.05403870344161987
v 0.025960367172956467 -0.06121334433555602 0.05306759849190712
v 0.026257513090968132 -0.0624510534107685 0.0540560707449913
v 0.02602531760931015 -0.0611838437616825 0.05309532582759857
v 0.025988895446062088 -0.061195008456706994 0.05308689549565315
v 0.025988895446062088 -0.061195008456706994 0.05308689549565315
v 0.02602531760931015 -0.0611838437616825 0.05309532582759857
v 0.025979263707995415 -0.06054009497165679 0.05261632055044174
v 0.025988895446062088 -0.061195008456706994 0.05308689549565315
v 0.025979263707995415 -0.06054009497165679 0.05261632055044174
v 0.02594263106584549 -0.060548223555088036 0.052605632692575455
v 0.02594263106584549 -0.060548223555088036 0.052605632692575455
v 0.025979263707995415 -0.06054009497165679 0.05261632055044174
v 0.026018518954515457 -0.059887688606977456 0.05214749649167061
v 0.025982098653912544 -0.05989228188991546 0.05213426426053047
v 0.025982098653912544 -0.05989228188991546 0.05213426426053047
v 0.026018518954515457 -0.059887688606977456 0.05214749649167061
v 0.026149043813347816 -0.0592399388551712 0.05169972404837608
v 0.025982098653912544 -0.05989228188991546 0.05213426426053047
v 0.026149043813347816 -0.0592399388551712 0.05169972404837608
v 0.026113370433449745 -0.05924085155129432 0.051683951169252396
v 0.026113370433449745 -0.05924085155129432 0.051683951169252396
v 0.026149043813347816 -0.0592399388551712 0.05169972404837608
v 0.026373019441962242 -0.058597229421138756 0.051273707300424576
v 0.02633862942457199 -0.0585944540798664 0.0512554906308651
v 0.02633862942457199 -0.0585944540798664 0.0512554906308651
v 0.026373019441962242 -0.058597229421138756 0.051273707300424576
v 0.026686182245612144 -0.05797233805060386 0.05087795481085777
v 0.02665356732904911 -0.05796601995825767 0.05085749179124832
v 0.02665356732904911 -0.05796601995825767 0.05085749179124832
v 0.026686182245612144 -0.05797233805060386 0.05087795481085777
v 0.027081198990345 -0.057377666234970086 0.050520095974206924
v 0.02665356732904911 -0.05796601995825767 0.05085749179124832
v 0.027081198990345 -0.057377666234970086 0.050520095974206924
v 0.02705080434679985 -0.05736799910664558 0.050497617572546005
v 0.02705080434679985 -0.05736799910664558 0.050497617572546005
v 0.027081198990345 -0.057377666234970086 0.050520095974206924
v 0.027557125315070152 -0.05681341513991355 0.05020010471343994
v 0.027529409155249596 -0.05680057778954505 0.050175826996564865
v 0.027529409155249596 -0.05680057778954505 0.050175826996564865
v 0.027557125315070152 -0.05681341513991355 0.05020010471343994
v 0.02810300700366497 -0.056294146925210946 0.04992649331688881
v 0.028078388422727585 -0.056278359144926064 0.049900662153959274
v 0.028078388422727585 -0.056278359144926064 0.049900662153959274
v 0.02810300700366497 -0.056294146925210946 0.04992649331688881
v 0.028711020946502686 -0.055827155709266656 0.049703072756528854
v 0.02868988737463951 -0.05580869317054748 0.04967596009373665
v 0.02868988737463951 -0.05580869317054748 0.04967596009373665
v 0.028711020946502686 -0.055827155709266656 0.049703072756528854
v 0.02938034012913704 -0.05541403591632842 0.04953084513545036
v 0.029363010078668594 -0.055393226444721215 0.04950276017189026
v 0.029363010078668594 -0.055393226444721215 0.04950276017189026
v 0.02938034012913704 -0.05541403591632842 0.04953084513545036
v 0.03008805774152279 -0.05506650358438491 0.04941394552588463
v 0.030074555426836014 -0.05504381284117698 0.04938522353768349
v 0.030074555426836014 -0.05504381284117698 0.04938522353768349
v 0.03008805774152279 -0.05506650358438491 0.04941394552588463
v 0.030823027715086937 -0.05478027090430259 0.04934707656502724
v 0.030074555426836014 -0.05504381284117698 0.04938522353768349
v 0.030823027715086937 -0.05478027090430259 0.04934707656502724
v 0.030812963843345642 -0.054756231606006615 0.049318037927150726
v 0.030812963843345642 -0.054756231606006615 0.049318037927150726
v 0.030823027715086937 -0.05478027090430259 0.04934707656502724
v 0.0323498472571373 -0.054335746914148324 0.049317773431539536
v 0.030812963843345642 -0.054756231606006615 0.049318037927150726
v 0.0323498472571373 -0.054335746914148324 0.049317773431539536
v 0.032343339174985886 -0.054310631006956094 0.049288634210824966
v 0.02622947283089161 -0.062471896409988396 0.05403870344161987
v 0.025988895446062088 -0.061195008456706994 0.05308689549565315
v 0.025960367172956467 -0.06121334433555602 0.05306759849190712
v 0.025960367172956467 -0.06121334433555602 0.05306759849190712
v 0.025988895446062088 -0.061195008456706994 0.05308689549565315
v 0.02594263106584549 -0.060548223555088036 0.052605632692575455
v 0.025960367172956467 -0.06121334433555602 0.05306759849190712
v 0.02594263106584549 -0.060548223555088036 0.052605632692575455
v 0.025913922116160393 -0.06056398153305053 0.05258442088961601
v 0.025913922116160393 -0.06056398153305053 0.05258442088961601
v 0.02594263106584549 -0.060548223555088036 0.052605632692575455
v 0.025982098653912544 -0.05989228188991546 0.05213426426053047
v 0.025913922116160393 -0.06056398153305053 0.05258442088961601
v 0.025982098653912544 -0.05989228188991546 0.05213426426053047
v 0.02595357410609722 -0.05990504473447799 0.05211090296506882
v 0.02595357410609722 -0.05990504473447799 0.05211090296506882
v 0.025982098653912544 -0.05989228188991546 0.05213426426053047
v 0.026113370433449745 -0.05924085155129432 0.051683951169252396
v 0.02595357410609722 -0.05990504473447799 0.05211090296506882
v 0.026113370433449745 -0.05924085155129432 0.051683951169252396
v 0.02608547732234001 -0.05925049260258674 0.05165842920541763
v 0.02608547732234001 -0.05925049260258674 0.05165842920541763
v 0.026113370433449745 -0.05924085155129432 0.051683951169252396
v 0.02633862942457199 -0.0585944540798664 0.0512554906308651
v 0.026311824098229408 -0.05860097333788871 0.05122789740562439
v 0.026311824098229408 -0.05860097333788871 0.05122789740562439
v 0.02633862942457199 -0.0585944540798664 0.0512554906308651
v 0.02665356732904911 -0.05796601995825767 0.05085749179124832
v 0.026311824098229408 -0.05860097333788871 0.05122789740562439
v 0.02665356732904911 -0.05796601995825767 0.05085749179124832
v 0.026628263294696808 -0.05796953290700912 0.0508279949426651
v 0.026628263294696808 -0.05796953290700912 0.0508279949426651
v 0.02665356732904911 -0.05796601995825767 0.05085749179124832
v 0.02705080434679985 -0.05736799910664558 0.050497617572546005
v 0.026628263294696808 -0.05796953290700912 0.0508279949426651
v 0.02705080434679985 -0.05736799910664558 0.050497617572546005
v 0.02702738717198372 -0.0573686771094799 0.05046641454100609
v 0.02702738717198372 -0.0573686771094799 0.05046641454100609
v 0.02705080434679985 -0.05736799910664558 0.050497617572546005
v 0.027529409155249596 -0.05680057778954505 0.050175826996564865
v 0.027508262544870377 -0.056798562407493584 0.05014310032129288
v 0.027508262544870377 -0.056798562407493584 0.05014310032129288
v 0.027529409155249596 -0.05680057778954505 0.050175826996564865
v 0.028078388422727585 -0.056278359144926064 0.049900662153959274
v 0.027508262544870377 -0.056798562407493584 0.05014310032129288
v 0.028078388422727585 -0.056278359144926064 0.049900662153959274
v 0.02805986814200878 -0.05627384781837463 0.04986661672592163
v 0.02805986814200878 -0.05627384781837463 0.04986661672592163
v 0.028078388422727585 -0.056278359144926064 0.049900662153959274
v 0.02868988737463951 -0.05580869317054748 0.04967596009373665
v 0.02867431938648224 -0.05580191314220428 0.04964083060622215
v 0.02867431938648224 -0.05580191314220428 0.04964083060622215
v 0.02868988737463951 -0.05580869317054748 0.04967596009373665
v 0.029363010078668594 -0.055393226444721215 0.04950276017189026
v 0.02867431938648224 -0.05580191314220428 0.04964083060622215
v 0.029363010078668594 -0.055393226444721215 0.04950276017189026
v 0.02935066819190979 -0.05538445338606834 0.04946679621934891
v 0.02935066819190979 -0.05538445338606834 0.04946679621934891
v 0.029363010078668594 -0.055393226444721215 0.04950276017189026
v 0.030074555426836014 -0.05504381284117698 0.04938522353768349
v 0.02935066819190979 -0.05538445338606834 0.04946679621934891
v 0.030074555426836014 -0.05504381284117698 0.04938522353768349
v 0.03006546013057232 -0.05503344908356666 0.049348730593919754
v 0.03006546013057232 -0.05503344908356666 0.049348730593919754
v 0.030074555426836014 -0.05504381284117698 0.04938522353768349
v 0.030812963843345642 -0.054756231606006615 0.049318037927150726
v 0.03006546013057232 -0.05503344908356666 0.049348730593919754
v 0.030812963843345642 -0.054756231606006615 0.049318037927150726
v 0.030806783586740494 -0.054744724184274667 0.049281273037195206
v 0.030806783586740494 -0.054744724184274667 0.049281273037195206
v 0.030812963843345642 -0.054756231606006615 0.049318037927150726
v 0.032343339174985886 -0.054310631006956094 0.049288634210824966
v 0.030806783586740494 -0.054744724184274667 0.049281273037195206
v 0.032343339174985886 -0.054310631006956094 0.049288634210824966
v 0.032340168952941895 -0.05429820716381072 0.04925177991390228
v 0.0262135099619627 -0.062496289610862725 0.05401277169585228
v 0.025960367172956467 -0.06121334433555602 0.05306759849190712
v 0.025944076478481293 -0.061236057430505746 0.05304037779569626
v 0.025944076478481293 -0.061236057430505746 0.05304037779569626
v 0.025960367172956467 -0.06121334433555602 0.05306759849190712
v 0.025913922116160393 -0.06056398153305053 0.05258442088961601
v 0.025944076478481293 -0.061236057430505746 0.05304037779569626
v 0.025913922116160393 -0.06056398153305053 0.05258442088961601
v 0.025897512212395668 -0.06058497726917266 0.05255591869354248
v 0.025897512212395668 -0.06058497726917266 0.05255591869354248
v 0.025913922116160393 -0.06056398153305053 0.05258442088961601
v 0.02595357410609722 -0.05990504473447799 0.05211090296506882
v 0.025897512212395668 -0.06058497726917266 0.05255591869354248
v 0.02595357410609722 -0.05990504473447799 0.05211090296506882
v 0.025937287136912346 -0.05992403626441955 0.05208096280694008
v 0.025937287136912346 -0.05992403626441955 0.05208096280694008
v 0.02595357410609722 -0.05990504473447799 0.05211090296506882
v 0.02608547732234001 -0.05925049260258674 0.05165842920541763
v 0.026069611310958862 -0.05926739796996116 0.05162704735994339
v 0.026069611310958862 -0.05926739796996116 0.05162704735994339
v 0.02608547732234001 -0.05925049260258674 0.05165842920541763
v 0.026311824098229408 -0.05860097333788871 0.05122789740562439
v 0.026069611310958862 -0.05926739796996116 0.05162704735994339
v 0.026311824098229408 -0.05860097333788871 0.05122789740562439
v 0.02629668265581131 -0.05861579254269599 0.05119512975215912
v 0.02629668265581131 -0.05861579254269599 0.05119512975215912
v 0.026311824098229408 -0.05860097333788871 0.05122789740562439
v 0.026628263294696808 -0.05796953290700912 0.0508279949426651
v 0.02629668265581131 -0.05861579254269599 0.05119512975215912
v 0.026628263294696808 -0.05796953290700912 0.0508279949426651
v 0.026614129543304443 -0.05798234418034553 0.050793956965208054
v 0.026614129543304443 -0.05798234418034553 0.050793956965208054
v 0.026628263294696808 -0.05796953290700912 0.0508279949426651
v 0.02702738717198372 -0.0573686771094799 0.05046641454100609
v 0.026614129543304443 -0.05798234418034553 0.050793956965208054
v 0.02702738717198372 -0.0573686771094799 0.05046641454100609
v 0.027014510706067085 -0.05737959221005439 0.05043123662471771
v 0.027014510706067085 -0.05737959221005439 0.05043123662471771
v 0.02702738717198372 -0.0573686771094799 0.05046641454100609
v 0.027508262544870377 -0.056798562407493584 0.05014310032129288
v 0.027496902272105217 -0.05680767819285392 0.05010690167546272
v 0.027496902272105217 -0.05680767819285392 0.05010690167546272
v 0.027508262544870377 -0.056798562407493584 0.05014310032129288
v 0.02805986814200878 -0.05627384781837463 0.04986661672592163
v 0.027496902272105217 -0.05680767819285392 0.05010690167546272
v 0.02805986814200878 -0.05627384781837463 0.04986661672592163
v 0.028050266206264496 -0.05628129467368125 0.04982953891158104
v 0.028050266206264496 -0.05628129467368125 0.04982953891158104
v 0.02805986814200878 -0.05627384781837463 0.04986661672592163
v 0.02867431938648224 -0.05580191314220428 0.04964083060622215
v 0.028050266206264496 -0.05628129467368125 0.04982953891158104
v 0.02867431938648224 -0.05580191314220428 0.04964083060622215
v 0.02866668999195099 -0.05580784752964973 0.04960303008556366
v 0.02866668999195099 -0.05580784752964973 0.04960303008556366
v 0.02867431938648224 -0.05580191314220428 0.04964083060622215
v 0.02935066819190979 -0.05538445338606834 0.04946679621934891
v 0.02866668999195099 -0.05580784752964973 0.04960303008556366
v 0.02935066819190979 -0.05538445338606834 0.04946679621934891
v 0.0293451938778162 -0.05538905411958694 0.049428440630435944
v 0.0293451938778162 -0.05538905411958694 0.049428440630435944
v 0.02935066819190979 -0.05538445338606834 0.04946679621934891
v 0.03006546013057232 -0.05503344908356666 0.049348730593919754
v 0.0293451938778162 -0.05538905411958694 0.049428440630435944
v 0.03006546013057232 -0.05503344908356666 0.049348730593919754
v 0.030062153935432434 -0.0550369881093502 0.04931001365184784
v 0.030062153935432434 -0.0550369881093502 0.04931001365184784
v 0.03006546013057232 -0.05503344908356666 0.049348730593919754
v 0.030806783586740494 -0.054744724184274667 0.049281273037195206
v 0.030062153935432434 -0.0550369881093502 0.04931001365184784
v 0.030806783586740494 -0.054744724184274667 0.049281273037195206
v 0.030805423855781555 -0.05474749952554702 0.049242377281188965
v 0.030805423855781555 -0.05474749952554702 0.049242377281188965
v 0.030806783586740494 -0.054744724184274667 0.049281273037195206
v 0.032340168952941895 -0.05429820716381072 0.04925177991390228
v 0.030805423855781555 -0.05474749952554702 0.049242377281188965
v 0.032340168952941895 -0.05429820716381072 0.04925177991390228
v 0.032340824604034424 -0.05430037155747413 0.04921283200383186
v 0.026212051510810852 -0.06252051889896391 0.053982216864824295
v 0.0262135099619627 -0.062496289610862725 0.05401277169585228
v 0.025971166789531708 -0.06145361438393592 0.053156524896621704
v 0.025971166789531708 -0.06145361438393592 0.053156524896621704
v 0.0262135099619627 -0.062496289610862725 0.05401277169585228
v 0.025944076478481293 -0.061236057430505746 0.05304037779569626
v 0.025971166789531708 -0.06145361438393592 0.053156524896621704
v 0.025944076478481293 -0.061236057430505746 0.05304037779569626
v 0.025895899161696434 -0.06060801073908805 0.052524466067552567
v 0.025895899161696434 -0.06060801073908805 0.052524466067552567
v 0.025944076478481293 -0.061236057430505746 0.05304037779569626
v 0.025897512212395668 -0.06058497726917266 0.05255591869354248
v 0.025895899161696434 -0.06060801073908805 0.052524466067552567
v 0.025897512212395668 -0.06058497726917266 0.05255591869354248
v 0.025912825018167496 -0.060159802436828606 0.05220044031739235
v 0.025912825018167496 -0.060159802436828606 0.05220044031739235
v 0.025897512212395668 -0.06058497726917266 0.05255591869354248
v 0.025937287136912346 -0.05992403626441955 0.05208096280694008
v 0.025912825018167496 -0.060159802436828606 0.05220044031739235
v 0.025937287136912346 -0.05992403626441955 0.05208096280694008
v 0.026068249717354774 -0.05928900092840194 0.05159459635615349
v 0.026068249717354774 -0.05928900092840194 0.05159459635615349
v 0.025937287136912346 -0.05992403626441955 0.05208096280694008
v 0.026069611310958862 -0.05926739796996116 0.05162704735994339
v 0.026068249717354774 -0.05928900092840194 0.05159459635615349
v 0.026069611310958862 -0.05926739796996116 0.05162704735994339
v 0.026215970516204834 -0.05883516743779182 0.05129176005721092
v 0.026215970516204834 -0.05883516743779182 0.05129176005721092
v 0.026069611310958862 -0.05926739796996116 0.05162704735994339
v 0.02629668265581131 -0.05861579254269599 0.05119512975215912
v 0.026215970516204834 -0.05883516743779182 0.05129176005721092
v 0.02629668265581131 -0.05861579254269599 0.05119512975215912
v 0.02661348506808281 -0.058002553880214684 0.05076063051819801
v 0.02661348506808281 -0.058002553880214684 0.05076063051819801
v 0.02629668265581131 -0.05861579254269599 0.05119512975215912
v 0.026614129543304443 -0.05798234418034553 0.050793956965208054
v 0.02661348506808281 -0.058002553880214684 0.05076063051819801
v 0.026614129543304443 -0.05798234418034553 0.050793956965208054
v 0.026907460764050484 -0.057545468211174004 0.05048370361328125
v 0.026907460764050484 -0.057545468211174004 0.05048370361328125
v 0.026614129543304443 -0.05798234418034553 0.050793956965208054
v 0.027014510706067085 -0.05737959221005439 0.05043123662471771
v 0.026907460764050484 -0.057545468211174004 0.05048370361328125
v 0.027014510706067085 -0.05737959221005439 0.05043123662471771
v 0.027040567249059677 -0.05736412480473518 0.050377022475004196
v 0.027040567249059677 -0.05736412480473518 0.050377022475004196
v 0.027014510706067085 -0.05737959221005439 0.05043123662471771
v 0.027496902272105217 -0.05680767819285392 0.05010690167546272
v 0.027040567249059677 -0.05736412480473518 0.050377022475004196
v 0.027496902272105217 -0.05680767819285392 0.05010690167546272
v 0.0274970605969429 -0.05682653933763503 0.050072744488716125
v 0.0274970605969429 -0.05682653933763503 0.050072744488716125
v 0.027496902272105217 -0.05680767819285392 0.05010690167546272
v 0.028050266206264496 -0.05628129467368125 0.04982953891158104
v 0.0274970605969429 -0.05682653933763503 0.050072744488716125
v 0.028050266206264496 -0.05628129467368125 0.04982953891158104
v 0.028135929256677628 -0.056228123605251305 0.04975931718945503
v 0.028135929256677628 -0.056228123605251305 0.04975931718945503
v 0.028050266206264496 -0.05628129467368125 0.04982953891158104
v 0.02866668999195099 -0.05580784752964973 0.04960303008556366
v 0.028135929256677628 -0.056228123605251305 0.04975931718945503
v 0.02866668999195099 -0.05580784752964973 0.04960303008556366
v 0.028668157756328583 -0.0558255910873413 0.049568310379981995
v 0.028668157756328583 -0.0558255910873413 0.049568310379981995
v 0.02866668999195099 -0.05580784752964973 0.04960303008556366
v 0.0293451938778162 -0.05538905411958694 0.049428440630435944
v 0.028668157756328583 -0.0558255910873413 0.049568310379981995
v 0.0293451938778162 -0.05538905411958694 0.049428440630435944
v 0.029397912323474884 -0.055378746241331094 0.049383148550987244
v 0.029397912323474884 -0.055378746241331094 0.049383148550987244
v 0.0293451938778162 -0.05538905411958694 0.049428440630435944
v 0.030062153935432434 -0.0550369881093502 0.04931001365184784
v 0.029397912323474884 -0.055378746241331094 0.049383148550987244
v 0.030062153935432434 -0.0550369881093502 0.04931001365184784
v 0.030065055936574936 -0.055053733289241784 0.04927484318614006
v 0.030065055936574936 -0.055053733289241784 0.04927484318614006
v 0.030062153935432434 -0.0550369881093502 0.04931001365184784
v 0.030805423855781555 -0.05474749952554702 0.049242377281188965
v 0.030065055936574936 -0.055053733289241784 0.04927484318614006
v 0.030805423855781555 -0.05474749952554702 0.049242377281188965
v 0.03084549307823181 -0.05475158616900443 0.049205150455236435
v 0.03084549307823181 -0.05475158616900443 0.049205150455236435
v 0.030805423855781555 -0.05474749952554702 0.049242377281188965
v 0.032340824604034424 -0.05430037155747413 0.04921283200383186
v 0.03084549307823181 -0.05475158616900443 0.049205150455236435
v 0.032340824604034424 -0.05430037155747413 0.04921283200383186
v 0.03234520182013512 -0.05431678891181945 0.049177706241607666
v 0.026212051510810852 -0.06252051889896391 0.053982216864824295
v 0.0314318984746933 -0.08259900659322737 0.06965408474206924
v 0.031433358788490295 -0.08257477730512618 0.06968463957309723
v 0.0262135099619627 -0.062496289610862725 0.05401277169585228
v 0.0262135099619627 -0.062496289610862725 0.05401277169585228
v 0.031433358788490295 -0.08257477730512618 0.06968463957309723
v 0.031449321657419205 -0.08255039155483244 0.06971056759357452
v 0.02622947283089161 -0.062471896409988396 0.05403870344161987
v 0.02622947283089161 -0.062471896409988396 0.05403870344161987
v 0.031449321657419205 -0.08255039155483244 0.06971056759357452
v 0.03147736191749573 -0.08252954483032225 0.06972794234752655
v 0.026257513090968132 -0.0624510534107685 0.0540560707449913
v 0.026257513090968132 -0.0624510534107685 0.0540560707449913
v 0.03147736191749573 -0.08252954483032225 0.06972794234752655
v 0.03151320666074753 -0.08251541852951048 0.06973409652709961
v 0.026293359696865082 -0.062436927109956734 0.05406222864985466
v 0.030971411615610123 -0.05549091473221778 0.049894724041223526
v 0.0325305312871933 -0.055030770599842065 0.049860261380672455
v 0.0323498472571373 -0.054335746914148324 0.049317773431539536
v 0.06481365859508514 -0.048557810485363 0.051377423107624054
v 0.06423989683389664 -0.0481644682586193 0.050979211926460266
v 0.06387491524219513 -0.048904825001955025 0.05144926533102989
v 0.0636032223701477 -0.0478341020643711 0.050614822655916214
v 0.06262379139661789 -0.04829431697726249 0.05076145380735397
v 0.06292020529508591 -0.047574140131473534 0.05029287934303284
v 0.06118033081293106 -0.04799447581171989 0.050263311713933945
v 0.06219099834561348 -0.047385338693857186 0.05001397058367729
v 0.07014118134975433 -0.07807376235723494 0.07396180182695389
v 0.07068706303834915 -0.07755449414253233 0.07368818670511246
v 0.06982243061065674 -0.07733581215143202 0.07336126267910004
v 0.07116299122571945 -0.0769902393221855 0.07336819916963577
v 0.07071033865213394 -0.07623136788606642 0.07272648066282272
v 0.07155800610780716 -0.07639557123184203 0.07301034033298492
v 0.07123984396457672 -0.0750027298927307 0.07193168252706528
v 0.07187116891145706 -0.07577067613601683 0.07261458784341812
v 0.036053191870450974 -0.0869825705885887 0.0738743245601654
v 0.03706385940313339 -0.086373433470726 0.07362498342990875
v 0.035323984920978546 -0.08679376542568205 0.07359541207551956
v 0.03562040254473686 -0.0860735923051834 0.07312683761119843
v 0.03464096784591675 -0.08653380721807478 0.07327347248792648
v 0.034369274973869324 -0.08546308428049086 0.0724390298128128
v 0.034004293382167816 -0.08620344102382659 0.07290907949209213
v 0.03343053162097931 -0.08581009507179259 0.07251086831092834
v 0.05750243365764618 -0.04775212705135345 0.04937497898936272
v 0.061429936438798904 -0.04727237299084663 0.04978427290916443
v 0.06065218523144722 -0.047237329185008996 0.0496082529425621
v 0.05965898185968399 -0.048027325421571725 0.04999304935336113
v 0.026373019441962242 -0.058597229421138756 0.051273707300424576
v 0.027004346251487732 -0.05936517566442489 0.05195660516619682
v 0.026686182245612144 -0.05797233805060386 0.05087795481085777
v 0.027533849701285362 -0.058136541396379464 0.051161810755729675
v 0.027081198990345 -0.057377666234970086 0.050520095974206924
v 0.028421754017472267 -0.05703209713101386 0.05052702873945236
v 0.027557125315070152 -0.05681341513991355 0.05020010471343994
v 0.029636312276124954 -0.056110002100467675 0.050088584423065186
v 0.028711020946502686 -0.055827155709266656 0.049703072756528854
v 0.02810300700366497 -0.056294146925210946 0.04992649331688881
v 0.030823027715086937 -0.05478027090430259 0.04934707656502724
v 0.03008805774152279 -0.05506650358438491 0.04941394552588463
v 0.02938034012913704 -0.05541403591632842 0.04953084513545036
v 0.05768312141299248 -0.04844715073704719 0.049917466938495636
v 0.05783437564969063 -0.0484076403081417 0.04991786926984787
v 0.05906568095088005 -0.04738903045654296 0.049412183463573456
v 0.05985844507813454 -0.047278359532356255 0.04948469623923302
v 0.06531646102666855 -0.04900847375392913 0.051803767681121826
v 0.06486614048480988 -0.04980627447366714 0.05229926481842995
v 0.06574644148349762 -0.049515955150127404 0.05225752294063568
v 0.07209514826536179 -0.07512796670198439 0.07218856364488602
v 0.0722256675362587 -0.07448022067546843 0.07174079865217209
v 0.07137110829353333 -0.07374711334705351 0.07104016095399857
v 0.06953316926956177 -0.07854074984788893 0.07418522238731384
v 0.0686078742146492 -0.07825790345668791 0.07379970699548721
v 0.06886384636163712 -0.07895386964082717 0.07435744255781174
v 0.03681425005197525 -0.08709553629159926 0.07410401850938797
v 0.03759200498461723 -0.08713057637214659 0.0742800384759903
v 0.038585204631090164 -0.08634057641029357 0.07389523833990097
v 0.0660918578505516 -0.0500626154243946 0.05272352695465088
v 0.06547307968139648 -0.05084165558218955 0.05317273736000061
v 0.06635921448469162 -0.05063873901963233 0.05319594964385033
v 0.06815613061189651 -0.07930140197277068 0.07447434216737747
v 0.06727277487516403 -0.0788769945502281 0.07399356365203857
v 0.06742116063833237 -0.0795876383781433 0.07454121112823486
v 0.032927729189395905 -0.08535943180322646 0.07208452373743057
v 0.03337804973125458 -0.08456163108348845 0.07158903032541275
v 0.032497745007276535 -0.08485195040702818 0.07163076847791672
v 0.026149043813347816 -0.0592399388551712 0.05169972404837608
v 0.026018518954515457 -0.059887688606977456 0.05214749649167061
v 0.026873083785176277 -0.06062079593539237 0.05284813046455383
v 0.07195083051919937 -0.07193098217248915 0.06982605904340744
v 0.07111145555973053 -0.0722796246409416 0.06991831213235855
v 0.0722188726067543 -0.07318406552076338 0.07079296559095383
v 0.07226492464542389 -0.0738278105854988 0.07127197086811066
v 0.040741756558418274 -0.08661577850580214 0.07451331615447998
v 0.04040981084108353 -0.08596026897430419 0.07397042214870453
v 0.0391785092651844 -0.08697887510061263 0.07447610795497894
v 0.038385745137929916 -0.08708954602479933 0.07440359145402908
v 0.03215232864022255 -0.08430529385805129 0.07116476446390152
v 0.03277111053466797 -0.08352625370025633 0.07071555405855179
v 0.03188497573137283 -0.08372917026281355 0.07069233804941177
v 0.06673098355531693 -0.0518524907529354 0.05415419489145279
v 0.065860316157341 -0.05208038538694381 0.05415221303701401
v 0.07108016312122345 -0.07215887308120726 0.06982408463954926
v 0.06589434295892715 -0.08003216236829756 0.07457051426172256
v 0.06571365892887115 -0.07933713495731352 0.07402803003787994
v 0.040561068803071976 -0.0859207585453987 0.07397082448005676
v 0.026293359696865082 -0.062436927109956734 0.05406222864985466
v 0.027132734656333923 -0.06208828091621398 0.05396997928619385
v 0.02602531760931015 -0.0611838437616825 0.05309532582759857
v 0.025979263707995415 -0.06054009497165679 0.05261632055044174
v 0.03151320666074753 -0.08251541852951048 0.06973409652709961
v 0.03238387405872345 -0.08228752017021178 0.06973607838153839
v 0.027164027094841003 -0.06220903247594833 0.05406421050429344
v 0.0314318984746933 -0.08259900659322737 0.06965408474206924
v 0.03278999403119087 -0.08772656321525572 0.06263241916894913
v 0.03315291553735733 -0.0889189690351486 0.06357336789369583
v 0.034562233835458755 -0.08664657175540923 0.07321526110172272
v 0.03592032566666603 -0.09177412837743758 0.0661936029791832
v 0.036127183586359024 -0.09186387062072753 0.06629914045333862
v 0.04080294817686081 -0.09219846129417418 0.06744784116744995
v 0.04213535785675049 -0.09187883138656615 0.06747213751077652
v 0.039444856345653534 -0.08707090467214583 0.07446950674057007
v 0.04077726602554321 -0.0867512747645378 0.07449379563331604
v 0.04080294817686081 -0.09219846129417418 0.06744784116744995
v 0.039444856345653534 -0.08707090467214583 0.07446950674057007
v 0.039759937673807144 -0.09235606342554091 0.06736119836568832
v 0.03840184584259987 -0.08722851425409316 0.07438285648822784
v 0.039759937673807144 -0.09235606342554091 0.06736119836568832
v 0.03840184584259987 -0.08722851425409316 0.07438285648822784
v 0.039213504642248154 -0.09239256381988524 0.06728216260671616
v 0.03785541281104088 -0.08726501464843749 0.07430382817983627
v 0.039213504642248154 -0.09239256381988524 0.06728216260671616
v 0.03785541281104088 -0.08726501464843749 0.07430382817983627
v 0.03816566616296768 -0.09236204624176024 0.06705720722675323
v 0.036807574331760406 -0.08723449707031249 0.07407887279987335
v 0.03816566616296768 -0.09236204624176024 0.06705720722675323
v 0.036807574331760406 -0.08723449707031249 0.07407887279987335
v 0.03762708976864815 -0.09229091554880141 0.06690109521150589
v 0.03626899793744087 -0.08716335892677306 0.07392276078462601
v 0.03762708976864815 -0.09229091554880141 0.06690109521150589
v 0.03626899793744087 -0.08716335892677306 0.07392276078462601
v 0.03665325418114662 -0.09205570071935652 0.06654097884893417
v 0.035295162349939346 -0.08692814409732817 0.07356264442205429
v 0.03665325418114662 -0.09205570071935652 0.06654097884893417
v 0.035295162349939346 -0.08692814409732817 0.07356264442205429
v 0.036127183586359024 -0.09186387062072753 0.06629914045333862
v 0.03476909175515175 -0.08673631399869917 0.07332080602645874
v 0.03476909175515175 -0.08673631399869917 0.07332080602645874
v 0.03592032566666603 -0.09177412837743758 0.0661936029791832
v 0.034562233835458755 -0.08664657175540923 0.07321526110172272
v 0.035314083099365234 -0.09145684540271758 0.06584464758634567
v 0.03395599126815796 -0.08632928878068923 0.07286631315946579
v 0.035314083099365234 -0.09145684540271758 0.06584464758634567
v 0.03395599126815796 -0.08632928878068923 0.07286631315946579
v 0.03465396538376808 -0.09099545329809187 0.0653800368309021
v 0.033295873552560806 -0.08586789667606352 0.07240170240402222
v 0.03465396538376808 -0.09099545329809187 0.0653800368309021
v 0.033295873552560806 -0.08586789667606352 0.07240170240402222
v 0.03422148525714874 -0.09060025215148924 0.06500779837369919
v 0.03286339342594147 -0.08547270298004149 0.0720294639468193
v 0.03422148525714874 -0.09060025215148924 0.06500779837369919
v 0.03286339342594147 -0.08547270298004149 0.0720294639468193
v 0.0337570495903492 -0.09004654735326766 0.06451363116502762
v 0.03239895775914192 -0.0849189907312393 0.07153528928756714
v 0.0337570495903492 -0.09004654735326766 0.06451363116502762
v 0.03239895775914192 -0.0849189907312393 0.07153528928756714
v 0.033434610813856125 -0.08953093737363814 0.06407473981380463
v 0.03207651898264885 -0.08440338075160979 0.07109640538692474
v 0.033434610813856125 -0.08953093737363814 0.06407473981380463
v 0.03207651898264885 -0.08440338075160979 0.07109640538692474
v 0.03315291553735733 -0.0889189690351486 0.06357336789369583
v 0.031794823706150055 -0.08379141241312026 0.07059503346681595
v 0.031794823706150055 -0.08379141241312026 0.07059503346681595
v 0.04077726602554321 -0.0867512747645378 0.07449379563331604
v 0.04213535785675049 -0.09187883138656615 0.06747213751077652
v 0.0659298524260521 -0.08016765117645262 0.07455100119113922
v 0.06728794425725937 -0.08529520779848097 0.0675293356180191
v 0.0659298524260521 -0.08016765117645262 0.07455100119113922
v 0.06728794425725937 -0.08529520779848097 0.0675293356180191
v 0.06878765672445297 -0.08486040681600569 0.06750189512968063
v 0.07123448699712753 -0.0771203190088272 0.07335168868303299
v 0.07259257882833481 -0.08224786818027495 0.06633002310991287
v 0.07272568345069885 -0.08206652849912642 0.06622333824634552
v 0.07366198301315308 -0.0781583786010742 0.06355051696300507
v 0.07342109829187393 -0.0770914778113365 0.06272482872009277
v 0.0723038837313652 -0.07303082942962645 0.07057218253612518
v 0.07206300646066666 -0.07196392863988875 0.0697464868426323
v 0.07366198301315308 -0.0781583786010742 0.06355051696300507
v 0.0723038837313652 -0.07303082942962645 0.07057218253612518
v 0.0737372487783432 -0.07900398969650267 0.0641825795173645
v 0.07237915694713593 -0.07387643307447432 0.07120424509048462
v 0.0737372487783432 -0.07900398969650267 0.0641825795173645
v 0.07237915694713593 -0.07387643307447432 0.07120424509048462
v 0.07372032105922699 -0.07945219427347182 0.06450660526752472
v 0.07236222922801971 -0.07432463765144347 0.07152827084064484
v 0.07372032105922699 -0.07945219427347182 0.06450660526752472
v 0.07236222922801971 -0.07432463765144347 0.07152827084064484
v 0.07356489449739456 -0.08032299578189848 0.06511244922876358
v 0.07220680266618729 -0.07519544661045073 0.0721341148018837
v 0.07356489449739456 -0.08032299578189848 0.06511244922876358
v 0.07220680266618729 -0.07519544661045073 0.0721341148018837
v 0.07341717928647995 -0.0807768329977989 0.06541528552770615
v 0.07205908745527267 -0.07564927637577055 0.07243695110082626
v 0.07341717928647995 -0.0807768329977989 0.06541528552770615
v 0.07205908745527267 -0.07564927637577055 0.07243695110082626
v 0.07301966100931168 -0.08160944283008574 0.06594641506671906
v 0.0716615691781044 -0.07648188620805739 0.07296808063983917
v 0.07301966100931168 -0.08160944283008574 0.06594641506671906
v 0.0716615691781044 -0.07648188620805739 0.07296808063983917
v 0.07272568345069885 -0.08206652849912642 0.06622333824634552
v 0.07136759161949158 -0.07693897187709807 0.07324500381946564
v 0.07136759161949158 -0.07693897187709807 0.07324500381946564
v 0.07259257882833481 -0.08224786818027495 0.06633002310991287
v 0.07123448699712753 -0.0771203190088272 0.07335168868303299
v 0.07213608920574188 -0.08278545737266539 0.06663429737091064
v 0.0707779973745346 -0.07765790075063704 0.07365596294403076
v 0.07213608920574188 -0.08278545737266539 0.06663429737091064
v 0.0707779973745346 -0.07765790075063704 0.07365596294403076
v 0.07149721682071686 -0.08338387310504912 0.06694772839546204
v 0.07013912498950958 -0.07825632393360137 0.07396939396858215
v 0.07149721682071686 -0.08338387310504912 0.06694772839546204
v 0.07013912498950958 -0.07825632393360137 0.07396939396858215
v 0.0709649920463562 -0.08378640562295912 0.06713873147964478
v 0.06960690021514893 -0.07865884900093077 0.07416039705276489
v 0.0709649920463562 -0.08378640562295912 0.06713873147964478
v 0.06960690021514893 -0.07865884900093077 0.07416039705276489
v 0.0702352374792099 -0.08423325419425963 0.06732389330863953
v 0.06887713819742203 -0.07910569757223128 0.07434555888175964
v 0.0702352374792099 -0.08423325419425963 0.06732389330863953
v 0.06887713819742203 -0.07910569757223128 0.07434555888175964
v 0.06956809014081955 -0.08455826342105864 0.06743220239877701
v 0.06820999830961227 -0.07943070679903029 0.07445386052131653
v 0.06956809014081955 -0.08455826342105864 0.06743220239877701
v 0.06820999830961227 -0.07943070679903029 0.07445386052131653
v 0.06878765672445297 -0.08486040681600569 0.06750189512968063
v 0.0674295648932457 -0.07973285764455794 0.07452356070280075
v 0.0674295648932457 -0.07973285764455794 0.07452356070280075
v 0.07206300646066666 -0.07196392863988875 0.0697464868426323
v 0.07342109829187393 -0.0770914778113365 0.06272482872009277
v 0.06684315204620361 -0.051885437220335 0.05407462269067764
v 0.06820124387741089 -0.05701299011707305 0.047052957117557526
v 0.06684315204620361 -0.051885437220335 0.05407462269067764
v 0.06820124387741089 -0.05701299011707305 0.047052957117557526
v 0.06783832609653473 -0.05582058429718017 0.04611201211810112
v 0.06371282041072845 -0.04783786833286285 0.05051344633102417
v 0.06507091224193573 -0.0529654249548912 0.04349178075790405
v 0.06486405432224274 -0.05287567898631095 0.04338623583316803
v 0.06018828973174095 -0.0525410883128643 0.0422375425696373
v 0.05885588377714157 -0.05286072194576263 0.04221324622631073
v 0.058830197900533676 -0.047413535416126244 0.04925920441746712
v 0.057497791945934296 -0.047733169049024575 0.04923490807414055
v 0.06018828973174095 -0.0525410883128643 0.0422375425696373
v 0.058830197900533676 -0.047413535416126244 0.04925920441746712
v 0.06123130023479462 -0.05238348618149757 0.042324185371398926
v 0.05987320840358734 -0.047255933284759515 0.049345847219228745
v 0.06123130023479462 -0.05238348618149757 0.042324185371398926
v 0.05987320840358734 -0.047255933284759515 0.049345847219228745
v 0.061777736991643906 -0.05234698578715324 0.042403217405080795
v 0.06041964143514633 -0.047219432890415185 0.04942488297820091
v 0.061777736991643906 -0.05234698578715324 0.042403217405080795
v 0.06041964143514633 -0.047219432890415185 0.04942488297820091
v 0.06282557547092438 -0.05237750336527824 0.04262816905975342
v 0.061467479914426804 -0.047249946743249886 0.049649834632873535
v 0.06282557547092438 -0.05237750336527824 0.04262816905975342
v 0.061467479914426804 -0.047249946743249886 0.049649834632873535
v 0.06336414813995361 -0.05244863405823707 0.04278428480029106
v 0.06200605630874634 -0.047321081161499016 0.04980594664812088
v 0.06336414813995361 -0.05244863405823707 0.04278428480029106
v 0.06200605630874634 -0.047321081161499016 0.04980594664812088
v 0.06433798372745514 -0.052683848887681954 0.04314440116286278
v 0.06297989189624786 -0.0475562959909439 0.050166066735982895
v 0.06433798372745514 -0.052683848887681954 0.04314440116286278
v 0.06297989189624786 -0.0475562959909439 0.050166066735982895
v 0.06486405432224274 -0.05287567898631095 0.04338623583316803
v 0.06350596249103546 -0.0477481260895729 0.05040790140628815
v 0.06350596249103546 -0.0477481260895729 0.05040790140628815
v 0.06507091224193573 -0.0529654249548912 0.04349178075790405
v 0.06371282041072845 -0.04783786833286285 0.05051344633102417
v 0.06567715853452682 -0.0532827079296112 0.04384073242545128
v 0.06431906670331955 -0.04815515503287315 0.050862397998571396
v 0.06567715853452682 -0.0532827079296112 0.04384073242545128
v 0.06431906670331955 -0.04815515503287315 0.050862397998571396
v 0.06633727252483368 -0.0537441000342369 0.04430533945560455
v 0.0649791806936264 -0.04861654713749885 0.05132700502872467
v 0.06633727252483368 -0.0537441000342369 0.04430533945560455
v 0.0649791806936264 -0.04861654713749885 0.05132700502872467
v 0.06676975637674332 -0.05413929745554923 0.044677577912807465
v 0.06541166454553604 -0.04901174455881118 0.05169924348592758
v 0.06676975637674332 -0.05413929745554923 0.044677577912807465
v 0.06541166454553604 -0.04901174455881118 0.05169924348592758
v 0.06723418831825256 -0.05469300597906112 0.04517175257205963
v 0.06587609648704529 -0.04956545308232307 0.05219341441988945
v 0.06723418831825256 -0.05469300597906112 0.04517175257205963
v 0.06587609648704529 -0.04956545308232307 0.05219341441988945
v 0.06755662709474564 -0.055208615958690636 0.045610640197992325
v 0.06619853526353836 -0.050081063061952584 0.052632302045822144
v 0.06755662709474564 -0.055208615958690636 0.045610640197992325
v 0.06619853526353836 -0.050081063061952584 0.052632302045822144
v 0.06783832609653473 -0.05582058429718017 0.04611201211810112
v 0.06648023426532745 -0.05069302767515182 0.05313367396593094
v 0.06648023426532745 -0.05069302767515182 0.05313367396593094
v 0.057497791945934296 -0.047733169049024575 0.04923490807414055
v 0.05885588377714157 -0.05286072194576263 0.04221324622631073
v 0.03234520182013512 -0.05431678891181945 0.049177706241607666
v 0.03370329365134239 -0.0594443455338478 0.04215604066848755
v 0.03234520182013512 -0.05431678891181945 0.049177706241607666
v 0.03370329365134239 -0.0594443455338478 0.04215604066848755
v 0.03220358490943909 -0.059879142791032784 0.042183488607406616
v 0.027040567249059677 -0.05736412480473518 0.050377022475004196
v 0.028398659080266953 -0.06249168142676353 0.04335535690188408
v 0.02826555259525776 -0.06267302483320235 0.04346204176545143
v 0.027329260483384132 -0.06658116728067397 0.046134863048791885
v 0.027570143342018127 -0.06764806807041167 0.046960555016994476
v 0.025971166789531708 -0.06145361438393592 0.053156524896621704
v 0.026212051510810852 -0.06252051889896391 0.053982216864824295
v 0.027329260483384132 -0.06658116728067397 0.046134863048791885
v 0.025971166789531708 -0.06145361438393592 0.053156524896621704
v 0.02725399099290371 -0.0657355636358261 0.04550280421972275
v 0.025895899161696434 -0.06060801073908805 0.052524466067552567
v 0.02725399099290371 -0.0657355636358261 0.04550280421972275
v 0.025895899161696434 -0.06060801073908805 0.052524466067552567
v 0.02727091684937477 -0.06528735905885695 0.04517877474427223
v 0.025912825018167496 -0.060159802436828606 0.05220044031739235
v 0.02727091684937477 -0.06528735905885695 0.04517877474427223
v 0.025912825018167496 -0.060159802436828606 0.05220044031739235
v 0.02742634154856205 -0.06441655009984969 0.04457293450832367
v 0.026068249717354774 -0.05928900092840194 0.05159459635615349
v 0.02742634154856205 -0.06441655009984969 0.04457293450832367
v 0.026068249717354774 -0.05928900092840194 0.05159459635615349
v 0.02757406234741211 -0.06396272033452986 0.044270094484090805
v 0.026215970516204834 -0.05883516743779182 0.05129176005721092
v 0.02757406234741211 -0.06396272033452986 0.044270094484090805
v 0.026215970516204834 -0.05883516743779182 0.05129176005721092
v 0.027971576899290085 -0.06313011050224303 0.043738964945077896
v 0.02661348506808281 -0.058002553880214684 0.05076063051819801
v 0.027971576899290085 -0.06313011050224303 0.043738964945077896
v 0.02661348506808281 -0.058002553880214684 0.05076063051819801
v 0.02826555259525776 -0.06267302483320235 0.04346204176545143
v 0.026907460764050484 -0.057545468211174004 0.05048370361328125
v 0.026907460764050484 -0.057545468211174004 0.05048370361328125
v 0.028398659080266953 -0.06249168142676353 0.04335535690188408
v 0.027040567249059677 -0.05736412480473518 0.050377022475004196
v 0.028855152428150177 -0.061954095959663384 0.04305108264088631
v 0.0274970605969429 -0.05682653933763503 0.050072744488716125
v 0.028855152428150177 -0.061954095959663384 0.04305108264088631
v 0.0274970605969429 -0.05682653933763503 0.050072744488716125
v 0.029494021087884903 -0.06135567650198936 0.042737655341625214
v 0.028135929256677628 -0.056228123605251305 0.04975931718945503
v 0.029494021087884903 -0.06135567650198936 0.042737655341625214
v 0.028135929256677628 -0.056228123605251305 0.04975931718945503
v 0.030026249587535858 -0.060953143984079354 0.042546648532152176
v 0.028668157756328583 -0.0558255910873413 0.049568310379981995
v 0.030026249587535858 -0.060953143984079354 0.042546648532152176
v 0.028668157756328583 -0.0558255910873413 0.049568310379981995
v 0.03075600601732731 -0.060506299138069146 0.042361482977867126
v 0.029397912323474884 -0.055378746241331094 0.049383148550987244
v 0.03075600601732731 -0.060506299138069146 0.042361482977867126
v 0.029397912323474884 -0.055378746241331094 0.049383148550987244
v 0.03142314776778221 -0.060181289911270135 0.04225318133831024
v 0.030065055936574936 -0.055053733289241784 0.04927484318614006
v 0.03142314776778221 -0.060181289911270135 0.04225318133831024
v 0.030065055936574936 -0.055053733289241784 0.04927484318614006
v 0.03220358490943909 -0.059879142791032784 0.042183488607406616
v 0.03084549307823181 -0.05475158616900443 0.049205150455236435
v 0.03084549307823181 -0.05475158616900443 0.049205150455236435
v 0.026212051510810852 -0.06252051889896391 0.053982216864824295
v 0.027570143342018127 -0.06764806807041167 0.046960555016994476
v 0.0314318984746933 -0.08259900659322737 0.06965408474206924
v 0.03278999403119087 -0.08772656321525572 0.06263241916894913
v 0.02729829214513302 -0.06271596252918242 0.053370021283626556
v 0.027164027094841003 -0.06220903247594833 0.05406421050429344
v 0.032518140971660614 -0.08279445022344588 0.0690418928861618
v 0.03238387405872345 -0.08228752017021178 0.06973607838153839
v 0.03266479820013046 -0.055537700653076165 0.04916607588529587
v 0.0325305312871933 -0.055030770599842065 0.049860261380672455
v 0.030971411615610123 -0.05549091473221778 0.049894724041223526
v 0.031105678528547287 -0.05599784478545188 0.04920053854584694
v 0.031105678528547287 -0.05599784478545188 0.04920053854584694
v 0.030971411615610123 -0.05549091473221778 0.049894724041223526
v 0.029636312276124954 -0.056110002100467675 0.050088584423065186
v 0.02977057918906212 -0.056616932153701775 0.0493943952023983
v 0.02977057918906212 -0.056616932153701775 0.0493943952023983
v 0.029636312276124954 -0.056110002100467675 0.050088584423065186
v 0.028421754017472267 -0.05703209713101386 0.05052702873945236
v 0.02855602093040943 -0.057539027184247964 0.049832843244075775
v 0.02855602093040943 -0.057539027184247964 0.049832843244075775
v 0.028421754017472267 -0.05703209713101386 0.05052702873945236
v 0.027533849701285362 -0.058136541396379464 0.051161810755729675
v 0.027668114751577377 -0.058643471449613564 0.05046762526035309
v 0.027668114751577377 -0.058643471449613564 0.05046762526035309
v 0.027533849701285362 -0.058136541396379464 0.051161810755729675
v 0.027004346251487732 -0.05936517566442489 0.05195660516619682
v 0.027138611301779747 -0.05987210571765899 0.051262419670820236
v 0.027138611301779747 -0.05987210571765899 0.051262419670820236
v 0.027004346251487732 -0.05936517566442489 0.05195660516619682
v 0.026873083785176277 -0.06062079593539237 0.05284813046455383
v 0.02700735069811344 -0.061127722263336175 0.052153944969177246
v 0.02700735069811344 -0.061127722263336175 0.052153944969177246
v 0.026873083785176277 -0.06062079593539237 0.05284813046455383
v 0.027132734656333923 -0.06208828091621398 0.05396997928619385
v 0.02726699970662594 -0.06259521096944808 0.05327579006552696
v 0.02726699970662594 -0.06259521096944808 0.05327579006552696
v 0.027132734656333923 -0.06208828091621398 0.05396997928619385
v 0.027164027094841003 -0.06220903247594833 0.05406421050429344
v 0.02729829214513302 -0.06271596252918242 0.053370021283626556
v 0.05781738832592964 -0.04895408079028129 0.04922327771782875
v 0.05768312141299248 -0.04844715073704719 0.049917466938495636
v 0.03266479820013046 -0.055537700653076165 0.04916607588529587
v 0.0325305312871933 -0.055030770599842065 0.049860261380672455
v 0.06599458307027817 -0.05258731171488761 0.05345802754163742
v 0.065860316157341 -0.05208038538694381 0.05415221303701401
v 0.06547307968139648 -0.05084165558218955 0.05317273736000061
v 0.06560734659433365 -0.05134858563542365 0.05247855186462402
v 0.06560734659433365 -0.05134858563542365 0.05247855186462402
v 0.06547307968139648 -0.05084165558218955 0.05317273736000061
v 0.06486614048480988 -0.04980627447366714 0.05229926481842995
v 0.06500040739774704 -0.05031320452690124 0.05160507559776306
v 0.06500040739774704 -0.05031320452690124 0.05160507559776306
v 0.06486614048480988 -0.04980627447366714 0.05229926481842995
v 0.06387491524219513 -0.048904825001955025 0.05144926533102989
v 0.0640091821551323 -0.049411755055189126 0.05075507611036301
v 0.0640091821551323 -0.049411755055189126 0.05075507611036301
v 0.06387491524219513 -0.048904825001955025 0.05144926533102989
v 0.06262379139661789 -0.04829431697726249 0.05076145380735397
v 0.06275805085897446 -0.04880124330520629 0.050067268311977386
v 0.06275805085897446 -0.04880124330520629 0.050067268311977386
v 0.06262379139661789 -0.04829431697726249 0.05076145380735397
v 0.06118033081293106 -0.04799447581171989 0.050263311713933945
v 0.061314597725868225 -0.04850140586495399 0.04956912249326706
v 0.061314597725868225 -0.04850140586495399 0.04956912249326706
v 0.06118033081293106 -0.04799447581171989 0.050263311713933945
v 0.05965898185968399 -0.048027325421571725 0.04999304935336113
v 0.059793248772621155 -0.048534255474805825 0.04929886385798454
v 0.059793248772621155 -0.048534255474805825 0.04929886385798454
v 0.05965898185968399 -0.048027325421571725 0.04999304935336113
v 0.05783437564969063 -0.0484076403081417 0.04991786926984787
v 0.05796864256262779 -0.0489145703613758 0.049223680049180984
v 0.05796864256262779 -0.0489145703613758 0.049223680049180984
v 0.05783437564969063 -0.0484076403081417 0.04991786926984787
v 0.05768312141299248 -0.04844715073704719 0.049917466938495636
v 0.05781738832592964 -0.04895408079028129 0.04922327771782875
v 0.07121443003416061 -0.07266580313444136 0.06912989169359207
v 0.07108016312122345 -0.07215887308120726 0.06982408463954926
v 0.06599458307027817 -0.05258731171488761 0.05345802754163742
v 0.065860316157341 -0.05208038538694381 0.05415221303701401
v 0.06584792584180832 -0.07984406501054762 0.07333384454250336
v 0.06571365892887115 -0.07933713495731352 0.07402803003787994
v 0.06727277487516403 -0.0788769945502281 0.07399356365203857
v 0.0674070417881012 -0.07938391715288161 0.07329937815666199
v 0.0674070417881012 -0.07938391715288161 0.07329937815666199
v 0.06727277487516403 -0.0788769945502281 0.07399356365203857
v 0.0686078742146492 -0.07825790345668791 0.07379970699548721
v 0.06874214112758636 -0.07876483350992201 0.07310552150011063
v 0.06874214112758636 -0.07876483350992201 0.07310552150011063
v 0.0686078742146492 -0.07825790345668791 0.07379970699548721
v 0.06982243061065674 -0.07733581215143202 0.07336126267910004
v 0.0699566975235939 -0.07784273475408553 0.07266707718372345
v 0.0699566975235939 -0.07784273475408553 0.07266707718372345
v 0.06982243061065674 -0.07733581215143202 0.07336126267910004
v 0.07071033865213394 -0.07623136788606642 0.07272648066282272
v 0.0708446055650711 -0.07673829793930052 0.07203229516744614
v 0.0708446055650711 -0.07673829793930052 0.07203229516744614
v 0.07071033865213394 -0.07623136788606642 0.07272648066282272
v 0.07123984396457672 -0.0750027298927307 0.07193168252706528
v 0.07137411087751389 -0.0755096599459648 0.07123749703168869
v 0.07137411087751389 -0.0755096599459648 0.07123749703168869
v 0.07123984396457672 -0.0750027298927307 0.07193168252706528
v 0.07137110829353333 -0.07374711334705351 0.07104016095399857
v 0.07150536775588989 -0.07425404340028761 0.07034597545862198
v 0.07150536775588989 -0.07425404340028761 0.07034597545862198
v 0.07137110829353333 -0.07374711334705351 0.07104016095399857
v 0.07111145555973053 -0.0722796246409416 0.06991831213235855
v 0.0712457224726677 -0.0727865546941757 0.06922412663698196
v 0.0712457224726677 -0.0727865546941757 0.06922412663698196
v 0.07111145555973053 -0.0722796246409416 0.06991831213235855
v 0.07108016312122345 -0.07215887308120726 0.06982408463954926
v 0.07121443003416061 -0.07266580313444136 0.06912989169359207
v 0.04069533571600914 -0.0864276885986328 0.07327663898468018
v 0.040561068803071976 -0.0859207585453987 0.07397082448005676
v 0.06584792584180832 -0.07984406501054762 0.07333384454250336
v 0.06571365892887115 -0.07933713495731352 0.07402803003787994
v 0.032518140971660614 -0.08279445022344588 0.0690418928861618
v 0.03238387405872345 -0.08228752017021178 0.06973607838153839
v 0.03277111053466797 -0.08352625370025633 0.07071555405855179
v 0.03290537744760513 -0.08403318375349043 0.0700213685631752
v 0.03290537744760513 -0.08403318375349043 0.0700213685631752
v 0.03277111053466797 -0.08352625370025633 0.07071555405855179
v 0.03337804973125458 -0.08456163108348845 0.07158903032541275
v 0.033512312918901443 -0.08506856113672255 0.07089483737945557
v 0.033512312918901443 -0.08506856113672255 0.07089483737945557
v 0.03337804973125458 -0.08456163108348845 0.07158903032541275
v 0.034369274973869324 -0.08546308428049086 0.0724390298128128
v 0.03450354188680649 -0.08597001433372496 0.07174484431743622
v 0.03450354188680649 -0.08597001433372496 0.07174484431743622
v 0.034369274973869324 -0.08546308428049086 0.0724390298128128
v 0.03562040254473686 -0.0860735923051834 0.07312683761119843
v 0.03575466573238373 -0.0865805223584175 0.07243265211582184
v 0.03575466573238373 -0.0865805223584175 0.07243265211582184
v 0.03562040254473686 -0.0860735923051834 0.07312683761119843
v 0.03706385940313339 -0.086373433470726 0.07362498342990875
v 0.03719812259078026 -0.0868803635239601 0.07293079048395157
v 0.03719812259078026 -0.0868803635239601 0.07293079048395157
v 0.03706385940313339 -0.086373433470726 0.07362498342990875
v 0.038585204631090164 -0.08634057641029357 0.07389523833990097
v 0.03871947154402733 -0.08684750646352767 0.07320105284452438
v 0.03871947154402733 -0.08684750646352767 0.07320105284452438
v 0.038585204631090164 -0.08634057641029357 0.07389523833990097
v 0.04040981084108353 -0.08596026897430419 0.07397042214870453
v 0.04054407775402069 -0.08646719902753829 0.07327623665332794
v 0.04054407775402069 -0.08646719902753829 0.07327623665332794
v 0.04040981084108353 -0.08596026897430419 0.07397042214870453
v 0.040561068803071976 -0.0859207585453987 0.07397082448005676
v 0.04069533571600914 -0.0864276885986328 0.07327663898468018
v 0.03474321961402893 -0.09107526391744612 0.06540762633085251
v 0.03532484173774719 -0.0914739966392517 0.06581129133701324
v 0.035314083099365234 -0.09145684540271758 0.06584464758634567
v 0.035314083099365234 -0.09145684540271758 0.06584464758634567
v 0.03532484173774719 -0.0914739966392517 0.06581129133701324
v 0.035970162600278854 -0.09180884808301924 0.06618063151836395
v 0.04214038327336311 -0.091897614300251 0.06742416322231293
v 0.04213535785675049 -0.09187883138656615 0.06747213751077652
v 0.04080294817686081 -0.09219846129417418 0.06744784116744995
v 0.04214039072394371 -0.09189741313457488 0.0673980563879013
v 0.04214038327336311 -0.091897614300251 0.06742416322231293
v 0.040567584335803986 -0.09226030111312865 0.0673995167016983
v 0.042138684540987015 -0.09189067780971526 0.0673728957772255
v 0.04214039072394371 -0.09189741313457488 0.0673980563879013
v 0.040570326149463654 -0.09226200729608534 0.06736063212156296
v 0.042130712419748306 -0.09185986965894698 0.06733206659555435
v 0.042138684540987015 -0.09189067780971526 0.0673728957772255
v 0.04057028517127037 -0.09224889427423476 0.06732387840747833
v 0.04214038327336311 -0.091897614300251 0.06742416322231293
v 0.04080294817686081 -0.09219846129417418 0.06744784116744995
v 0.040567584335803986 -0.09226030111312865 0.0673995167016983
v 0.040567584335803986 -0.09226030111312865 0.0673995167016983
v 0.04080294817686081 -0.09219846129417418 0.06744784116744995
v 0.039759937673807144 -0.09235606342554091 0.06736119836568832
v 0.040567584335803986 -0.09226030111312865 0.0673995167016983
v 0.039759937673807144 -0.09235606342554091 0.06736119836568832
v 0.039765793830156326 -0.09237222373485564 0.06732616573572159
v 0.039765793830156326 -0.09237222373485564 0.06732616573572159
v 0.039759937673807144 -0.09235606342554091 0.06736119836568832
v 0.039213504642248154 -0.09239256381988524 0.06728216260671616
v 0.039765793830156326 -0.09237222373485564 0.06732616573572159
v 0.039213504642248154 -0.09239256381988524 0.06728216260671616
v 0.03896167129278183 -0.09241378307342528 0.06720098853111267
v 0.03896167129278183 -0.09241378307342528 0.06720098853111267
v 0.039213504642248154 -0.09239256381988524 0.06728216260671616
v 0.03816566616296768 -0.09236204624176024 0.06705720722675323
v 0.03896167129278183 -0.09241378307342528 0.06720098853111267
v 0.03816566616296768 -0.09236204624176024 0.06705720722675323
v 0.03817324340343475 -0.09237825125455855 0.06702254712581635
v 0.03817324340343475 -0.09237825125455855 0.06702254712581635
v 0.03816566616296768 -0.09236204624176024 0.06705720722675323
v 0.03762708976864815 -0.09229091554880141 0.06690109521150589
v 0.03817324340343475 -0.09237825125455855 0.06702254712581635
v 0.03762708976864815 -0.09229091554880141 0.06690109521150589
v 0.037401650100946426 -0.09226372838020323 0.06678967922925949
v 0.037401650100946426 -0.09226372838020323 0.06678967922925949
v 0.03762708976864815 -0.09229091554880141 0.06690109521150589
v 0.03665325418114662 -0.09205570071935652 0.06654097884893417
v 0.037401650100946426 -0.09226372838020323 0.06678967922925949
v 0.03665325418114662 -0.09205570071935652 0.06654097884893417
v 0.03666245937347412 -0.09207234531641005 0.06650695204734802
v 0.03666245937347412 -0.09207234531641005 0.06650695204734802
v 0.03665325418114662 -0.09205570071935652 0.06654097884893417
v 0.036127183586359024 -0.09186387062072753 0.06629914045333862
v 0.03666245937347412 -0.09207234531641005 0.06650695204734802
v 0.036127183586359024 -0.09186387062072753 0.06629914045333862
v 0.035970162600278854 -0.09180884808301924 0.06618063151836395
v 0.035970162600278854 -0.09180884808301924 0.06618063151836395
v 0.036127183586359024 -0.09186387062072753 0.06629914045333862
v 0.03592032566666603 -0.09177412837743758 0.0661936029791832
v 0.035970162600278854 -0.09180884808301924 0.06618063151836395
v 0.03592032566666603 -0.09177412837743758 0.0661936029791832
v 0.035314083099365234 -0.09145684540271758 0.06584464758634567
v 0.035314083099365234 -0.09145684540271758 0.06584464758634567
v 0.03465396538376808 -0.09099545329809187 0.0653800368309021
v 0.03474321961402893 -0.09107526391744612 0.06540762633085251
v 0.03474321961402893 -0.09107526391744612 0.06540762633085251
v 0.03465396538376808 -0.09099545329809187 0.0653800368309021
v 0.03422148525714874 -0.09060025215148924 0.06500779837369919
v 0.03474321961402893 -0.09107526391744612 0.06540762633085251
v 0.03422148525714874 -0.09060025215148924 0.06500779837369919
v 0.0342334620654583 -0.09061836451292037 0.06497538089752197
v 0.0342334620654583 -0.09061836451292037 0.06497538089752197
v 0.03422148525714874 -0.09060025215148924 0.06500779837369919
v 0.0337570495903492 -0.09004654735326766 0.06451363116502762
v 0.0342334620654583 -0.09061836451292037 0.06497538089752197
v 0.0337570495903492 -0.09004654735326766 0.06451363116502762
v 0.033797573298215866 -0.09010391682386397 0.06451540440320969
v 0.033797573298215866 -0.09010391682386397 0.06451540440320969
v 0.0337570495903492 -0.09004654735326766 0.06451363116502762
v 0.033434610813856125 -0.08953093737363814 0.06407473981380463
v 0.033797573298215866 -0.09010391682386397 0.06451540440320969
v 0.033434610813856125 -0.08953093737363814 0.06407473981380463
v 0.03344764932990074 -0.08955012261867522 0.0640433132648468
v 0.03344764932990074 -0.08955012261867522 0.0640433132648468
v 0.033434610813856125 -0.08953093737363814 0.06407473981380463
v 0.03315291553735733 -0.0889189690351486 0.06357336789369583
v 0.03344764932990074 -0.08955012261867522 0.0640433132648468
v 0.03315291553735733 -0.0889189690351486 0.06357336789369583
v 0.03317725285887718 -0.08896749466657637 0.06356555223464966
v 0.03317725285887718 -0.08896749466657637 0.06356555223464966
v 0.03315291553735733 -0.0889189690351486 0.06357336789369583
v 0.03278999403119087 -0.08772656321525572 0.06263241916894913
v 0.03317725285887718 -0.08896749466657637 0.06356555223464966
v 0.03278999403119087 -0.08772656321525572 0.06263241916894913
v 0.032810669392347336 -0.0877523049712181 0.06259255856275558
v 0.04214039072394371 -0.09189741313457488 0.0673980563879013
v 0.040567584335803986 -0.09226030111312865 0.0673995167016983
v 0.040570326149463654 -0.09226200729608534 0.06736063212156296
v 0.040570326149463654 -0.09226200729608534 0.06736063212156296
v 0.040567584335803986 -0.09226030111312865 0.0673995167016983
v 0.039765793830156326 -0.09237222373485564 0.06732616573572159
v 0.040570326149463654 -0.09226200729608534 0.06736063212156296
v 0.039765793830156326 -0.09237222373485564 0.06732616573572159
v 0.03977065533399582 -0.09237363189458846 0.06728747487068176
v 0.03977065533399582 -0.09237363189458846 0.06728747487068176
v 0.039765793830156326 -0.09237222373485564 0.06732616573572159
v 0.03896167129278183 -0.09241378307342528 0.06720098853111267
v 0.03977065533399582 -0.09237363189458846 0.06728747487068176
v 0.03896167129278183 -0.09241378307342528 0.06720098853111267
v 0.03896896913647652 -0.09241507202386855 0.06716267764568329
v 0.03896896913647652 -0.09241507202386855 0.06716267764568329
v 0.03896167129278183 -0.09241378307342528 0.06720098853111267
v 0.03817324340343475 -0.09237825125455855 0.06702254712581635
v 0.03818304464221001 -0.09237965196371077 0.06698480993509293
v 0.03818304464221001 -0.09237965196371077 0.06698480993509293
v 0.03817324340343475 -0.09237825125455855 0.06702254712581635
v 0.037401650100946426 -0.09226372838020323 0.06678967922925949
v 0.03818304464221001 -0.09237965196371077 0.06698480993509293
v 0.037401650100946426 -0.09226372838020323 0.06678967922925949
v 0.03741392493247986 -0.0922654941678047 0.06675267964601517
v 0.03741392493247986 -0.0922654941678047 0.06675267964601517
v 0.037401650100946426 -0.09226372838020323 0.06678967922925949
v 0.03666245937347412 -0.09207234531641005 0.06650695204734802
v 0.03741392493247986 -0.0922654941678047 0.06675267964601517
v 0.03666245937347412 -0.09207234531641005 0.06650695204734802
v 0.03667707368731499 -0.09207471460103987 0.06647084653377533
v 0.03667707368731499 -0.09207471460103987 0.06647084653377533
v 0.03666245937347412 -0.09207234531641005 0.06650695204734802
v 0.035970162600278854 -0.09180884808301924 0.06618063151836395
v 0.03667707368731499 -0.09207471460103987 0.06647084653377533
v 0.035970162600278854 -0.09180884808301924 0.06618063151836395
v 0.03598695620894432 -0.09181205183267592 0.06614556163549423
v 0.03598695620894432 -0.09181205183267592 0.06614556163549423
v 0.035970162600278854 -0.09180884808301924 0.06618063151836395
v 0.03532484173774719 -0.0914739966392517 0.06581129133701324
v 0.03534366190433502 -0.09147825092077254 0.06577738374471664
v 0.03534366190433502 -0.09147825092077254 0.06577738374471664
v 0.03532484173774719 -0.0914739966392517 0.06581129133701324
v 0.03474321961402893 -0.09107526391744612 0.06540762633085251
v 0.03534366190433502 -0.09147825092077254 0.06577738374471664
v 0.03474321961402893 -0.09107526391744612 0.06540762633085251
v 0.0347638837993145 -0.09108078479766844 0.06537499278783798
v 0.0347638837993145 -0.09108078479766844 0.06537499278783798
v 0.03474321961402893 -0.09107526391744612 0.06540762633085251
v 0.0342334620654583 -0.09061836451292037 0.06497538089752197
v 0.0347638837993145 -0.09108078479766844 0.06537499278783798
v 0.0342334620654583 -0.09061836451292037 0.06497538089752197
v 0.03425576165318489 -0.09062534570693968 0.06494413316249847
v 0.03425576165318489 -0.09062534570693968 0.06494413316249847
v 0.0342334620654583 -0.09061836451292037 0.06497538089752197
v 0.033797573298215866 -0.09010391682386397 0.06451540440320969
v 0.03425576165318489 -0.09062534570693968 0.06494413316249847
v 0.033797573298215866 -0.09010391682386397 0.06451540440320969
v 0.03382125869393349 -0.09011253714561461 0.06448561698198318
v 0.03382125869393349 -0.09011253714561461 0.06448561698198318
v 0.033797573298215866 -0.09010391682386397 0.06451540440320969
v 0.03344764932990074 -0.08955012261867522 0.0640433132648468
v 0.03382125869393349 -0.09011253714561461 0.06448561698198318
v 0.03344764932990074 -0.08955012261867522 0.0640433132648468
v 0.03347238898277283 -0.08956041187047957 0.06401495635509491
v 0.03347238898277283 -0.08956041187047957 0.06401495635509491
v 0.03344764932990074 -0.08955012261867522 0.0640433132648468
v 0.03317725285887718 -0.08896749466657637 0.06356555223464966
v 0.03347238898277283 -0.08956041187047957 0.06401495635509491
v 0.03317725285887718 -0.08896749466657637 0.06356555223464966
v 0.03320270776748657 -0.08897931128740309 0.06353844702243805
v 0.03320270776748657 -0.08897931128740309 0.06353844702243805
v 0.03317725285887718 -0.08896749466657637 0.06356555223464966
v 0.032810669392347336 -0.0877523049712181 0.06259255856275558
v 0.03320270776748657 -0.08897931128740309 0.06353844702243805
v 0.032810669392347336 -0.0877523049712181 0.06259255856275558
v 0.03282923996448517 -0.08776034414768218 0.062576062977314
v 0.042138684540987015 -0.09189067780971526 0.0673728957772255
v 0.040570326149463654 -0.09226200729608534 0.06736063212156296
v 0.04057028517127037 -0.09224889427423476 0.06732387840747833
v 0.04057028517127037 -0.09224889427423476 0.06732387840747833
v 0.040570326149463654 -0.09226200729608534 0.06736063212156296
v 0.03977065533399582 -0.09237363189458846 0.06728747487068176
v 0.04057028517127037 -0.09224889427423476 0.06732387840747833
v 0.03977065533399582 -0.09237363189458846 0.06728747487068176
v 0.03977378457784653 -0.09236008673906325 0.06725101917982101
v 0.03977378457784653 -0.09236008673906325 0.06725101917982101
v 0.03977065533399582 -0.09237363189458846 0.06728747487068176
v 0.03896896913647652 -0.09241507202386855 0.06716267764568329
v 0.03977378457784653 -0.09236008673906325 0.06725101917982101
v 0.03896896913647652 -0.09241507202386855 0.06716267764568329
v 0.03897574171423912 -0.09240133315324782 0.0671267956495285
v 0.03897574171423912 -0.09240133315324782 0.0671267956495285
v 0.03896896913647652 -0.09241507202386855 0.06716267764568329
v 0.03818304464221001 -0.09237965196371077 0.06698480993509293
v 0.03897574171423912 -0.09240133315324782 0.0671267956495285
v 0.03818304464221001 -0.09237965196371077 0.06698480993509293
v 0.03819356858730316 -0.09236609190702437 0.0669497698545456
v 0.03819356858730316 -0.09236609190702437 0.0669497698545456
v 0.03818304464221001 -0.09237965196371077 0.06698480993509293
v 0.03741392493247986 -0.0922654941678047 0.06675267964601517
v 0.03742814436554909 -0.09225247800350188 0.06671875715255737
v 0.03742814436554909 -0.09225247800350188 0.06671875715255737
v 0.03741392493247986 -0.0922654941678047 0.06675267964601517
v 0.03667707368731499 -0.09207471460103987 0.06647084653377533
v 0.03742814436554909 -0.09225247800350188 0.06671875715255737
v 0.03667707368731499 -0.09207471460103987 0.06647084653377533
v 0.03669480234384537 -0.09206259995698927 0.06643826514482498
v 0.03669480234384537 -0.09206259995698927 0.06643826514482498
v 0.03667707368731499 -0.09207471460103987 0.06647084653377533
v 0.03598695620894432 -0.09181205183267592 0.06614556163549423
v 0.03669480234384537 -0.09206259995698927 0.06643826514482498
v 0.03598695620894432 -0.09181205183267592 0.06614556163549423
v 0.03600794076919556 -0.09180118143558501 0.06611451506614685
v 0.03600794076919556 -0.09180118143558501 0.06611451506614685
v 0.03598695620894432 -0.09181205183267592 0.06614556163549423
v 0.03534366190433502 -0.09147825092077254 0.06577738374471664
v 0.0353676863014698 -0.09146895259618758 0.06574807316064835
v 0.0353676863014698 -0.09146895259618758 0.06574807316064835
v 0.03534366190433502 -0.09147825092077254 0.06577738374471664
v 0.0347638837993145 -0.09108078479766844 0.06537499278783798
v 0.0353676863014698 -0.09146895259618758 0.06574807316064835
v 0.0347638837993145 -0.09108078479766844 0.06537499278783798
v 0.03479066863656044 -0.0910733789205551 0.06534760445356369
v 0.03479066863656044 -0.0910733789205551 0.06534760445356369
v 0.0347638837993145 -0.09108078479766844 0.06537499278783798
v 0.03425576165318489 -0.09062534570693968 0.06494413316249847
v 0.034284986555576324 -0.09062013775110243 0.06491881608963013
v 0.034284986555576324 -0.09062013775110243 0.06491881608963013
v 0.03425576165318489 -0.09062534570693968 0.06494413316249847
v 0.03382125869393349 -0.09011253714561461 0.06448561698198318
v 0.034284986555576324 -0.09062013775110243 0.06491881608963013
v 0.03382125869393349 -0.09011253714561461 0.06448561698198318
v 0.033852558583021164 -0.09010976552963255 0.06446248292922974
v 0.033852558583021164 -0.09010976552963255 0.06446248292922974
v 0.03382125869393349 -0.09011253714561461 0.06448561698198318
v 0.03347238898277283 -0.08956041187047957 0.06401495635509491
v 0.033852558583021164 -0.09010976552963255 0.06446248292922974
v 0.03347238898277283 -0.08956041187047957 0.06401495635509491
v 0.03350527212023735 -0.08956015110015868 0.06399395316839218
v 0.03350527212023735 -0.08956015110015868 0.06399395316839218
v 0.03347238898277283 -0.08956041187047957 0.06401495635509491
v 0.03320270776748657 -0.08897931128740309 0.06353844702243805
v 0.03350527212023735 -0.08956015110015868 0.06399395316839218
v 0.03320270776748657 -0.08897931128740309 0.06353844702243805
v 0.033236656337976456 -0.08898133039474486 0.06351932138204575
v 0.033236656337976456 -0.08898133039474486 0.06351932138204575
v 0.03320270776748657 -0.08897931128740309 0.06353844702243805
v 0.03282923996448517 -0.08776034414768218 0.062576062977314
v 0.033236656337976456 -0.08898133039474486 0.06351932138204575
v 0.03282923996448517 -0.08776034414768218 0.062576062977314
v 0.032851725816726685 -0.08776436001062392 0.06256342679262161
v 0.042130712419748306 -0.09185986965894698 0.06733206659555435
v 0.04057028517127037 -0.09224889427423476 0.06732387840747833
v 0.040567465126514435 -0.09222296625375746 0.06729485839605331
v 0.040567465126514435 -0.09222296625375746 0.06729485839605331
v 0.04057028517127037 -0.09224889427423476 0.06732387840747833
v 0.03977378457784653 -0.09236008673906325 0.06725101917982101
v 0.040567465126514435 -0.09222296625375746 0.06729485839605331
v 0.03977378457784653 -0.09236008673906325 0.06725101917982101
v 0.03977470472455025 -0.09233363717794417 0.06722234934568405
v 0.03977470472455025 -0.09233363717794417 0.06722234934568405
v 0.03977378457784653 -0.09236008673906325 0.06725101917982101
v 0.03897574171423912 -0.09240133315324782 0.0671267956495285
v 0.038980964571237564 -0.09237466752529143 0.06709878891706467
v 0.038980964571237564 -0.09237466752529143 0.06709878891706467
v 0.03897574171423912 -0.09240133315324782 0.0671267956495285
v 0.03819356858730316 -0.09236609190702437 0.0669497698545456
v 0.038980964571237564 -0.09237466752529143 0.06709878891706467
v 0.03819356858730316 -0.09236609190702437 0.0669497698545456
v 0.03820320963859558 -0.0923396274447441 0.06692276895046234
v 0.03820320963859558 -0.0923396274447441 0.06692276895046234
v 0.03819356858730316 -0.09236609190702437 0.0669497698545456
v 0.03742814436554909 -0.09225247800350188 0.06671875715255737
v 0.037442147731781006 -0.09222665429115294 0.06669307500123978
v 0.037442147731781006 -0.09222665429115294 0.06669307500123978
v 0.03742814436554909 -0.09225247800350188 0.06671875715255737
v 0.03669480234384537 -0.09206259995698927 0.06643826514482498
v 0.03671294078230858 -0.09203785657882689 0.06641416251659393
v 0.03671294078230858 -0.09203785657882689 0.06641416251659393
v 0.03669480234384537 -0.09206259995698927 0.06643826514482498
v 0.03600794076919556 -0.09180118143558501 0.06611451506614685
v 0.03671294078230858 -0.09203785657882689 0.06641416251659393
v 0.03600794076919556 -0.09180118143558501 0.06611451506614685
v 0.03602992743253708 -0.09177789092063902 0.06609222292900085
v 0.03602992743253708 -0.09177789092063902 0.06609222292900085
v 0.03600794076919556 -0.09180118143558501 0.06611451506614685
v 0.0353676863014698 -0.09146895259618758 0.06574807316064835
v 0.03539325296878815 -0.09144753217697142 0.0657278299331665
v 0.03539325296878815 -0.09144753217697142 0.0657278299331665
v 0.0353676863014698 -0.09146895259618758 0.06574807316064835
v 0.03479066863656044 -0.0910733789205551 0.06534760445356369
v 0.03481949120759964 -0.09105418622493743 0.06532961875200272
v 0.03481949120759964 -0.09105418622493743 0.06532961875200272
v 0.03479066863656044 -0.0910733789205551 0.06534760445356369
v 0.034284986555576324 -0.09062013775110243 0.06491881608963013
v 0.034316688776016235 -0.0906035229563713 0.06490327417850494
v 0.034316688776016235 -0.0906035229563713 0.06490327417850494
v 0.034284986555576324 -0.09062013775110243 0.06491881608963013
v 0.033852558583021164 -0.09010976552963255 0.06446248292922974
v 0.03388670086860657 -0.09009604156017302 0.06444951891899109
v 0.03388670086860657 -0.09009604156017302 0.06444951891899109
v 0.033852558583021164 -0.09010976552963255 0.06446248292922974
v 0.03350527212023735 -0.08956015110015868 0.06399395316839218
v 0.03354128450155258 -0.08954938501119612 0.06398351490497589
v 0.03354128450155258 -0.08954938501119612 0.06398351490497589
v 0.03350527212023735 -0.08956015110015868 0.06399395316839218
v 0.033236656337976456 -0.08898133039474486 0.06351932138204575
v 0.03354128450155258 -0.08954938501119612 0.06398351490497589
v 0.033236656337976456 -0.08898133039474486 0.06351932138204575
v 0.033273931592702866 -0.08897326141595839 0.06351109594106674
v 0.033273931592702866 -0.08897326141595839 0.06351109594106674
v 0.033236656337976456 -0.08898133039474486 0.06351932138204575
v 0.032851725816726685 -0.08776436001062392 0.06256342679262161
v 0.033273931592702866 -0.08897326141595839 0.06351109594106674
v 0.032851725816726685 -0.08776436001062392 0.06256342679262161
v 0.03290216624736786 -0.08775950968265532 0.06255284696817398
v 0.06728330254554749 -0.0852762535214424 0.06738927215337753
v 0.0672912746667862 -0.08530705422163008 0.06743010133504868
v 0.042130712419748306 -0.09185986965894698 0.06733206659555435
v 0.042138684540987015 -0.09189067780971526 0.0673728957772255
v 0.042138684540987015 -0.09189067780971526 0.0673728957772255
v 0.0672912746667862 -0.08530705422163008 0.06743010133504868
v 0.04214039072394371 -0.09189741313457488 0.0673980563879013
v 0.06729298084974289 -0.0853137895464897 0.06745526194572449
v 0.04214039072394371 -0.09189741313457488 0.0673980563879013
v 0.06729298084974289 -0.0853137895464897 0.06745526194572449
v 0.04214038327336311 -0.091897614300251 0.06742416322231293
v 0.06729297339916229 -0.08531399071216582 0.06748136878013611
v 0.04214038327336311 -0.091897614300251 0.06742416322231293
v 0.06729297339916229 -0.08531399071216582 0.06748136878013611
v 0.06728794425725937 -0.08529520779848097 0.0675293356180191
v 0.04213535785675049 -0.09187883138656615 0.06747213751077652
v 0.07158288359642029 -0.08333069831132887 0.06687750667333603
v 0.07213624566793442 -0.0828043147921562 0.06660014390945435
v 0.07213608920574188 -0.08278545737266539 0.06663429737091064
v 0.07213608920574188 -0.08278545737266539 0.06663429737091064
v 0.07213624566793442 -0.0828043147921562 0.06660014390945435
v 0.07261863350868225 -0.08223240822553633 0.06627580523490906
v 0.0734158530831337 -0.07712400704622267 0.06268490105867386
v 0.07342109829187393 -0.0770914778113365 0.06272482872009277
v 0.07366198301315308 -0.0781583786010742 0.06355051696300507
v 0.07340367138385773 -0.07714010030031203 0.0626683384180069
v 0.0734158530831337 -0.07712400704622267 0.06268490105867386
v 0.07368907332420349 -0.07837593555450438 0.06366666406393051
v 0.07338608801364899 -0.07715460658073424 0.06265561282634735
v 0.07340367138385773 -0.07714010030031203 0.0626683384180069
v 0.07367277890443802 -0.0783986523747444 0.06363944709300995
v 0.0733397901058197 -0.07717507332563399 0.06264481693506241
v 0.07338608801364899 -0.07715460658073424 0.06265561282634735
v 0.0736442506313324 -0.07841698825359343 0.06362015008926392
v 0.0734158530831337 -0.07712400704622267 0.06268490105867386
v 0.07366198301315308 -0.0781583786010742 0.06355051696300507
v 0.07368907332420349 -0.07837593555450438 0.06366666406393051
v 0.07368907332420349 -0.07837593555450438 0.06366666406393051
v 0.07366198301315308 -0.0781583786010742 0.06355051696300507
v 0.0737372487783432 -0.07900398969650267 0.0641825795173645
v 0.07368907332420349 -0.07837593555450438 0.06366666406393051
v 0.0737372487783432 -0.07900398969650267 0.0641825795173645
v 0.07373563200235367 -0.07902701944112776 0.06415112316608429
v 0.07373563200235367 -0.07902701944112776 0.06415112316608429
v 0.0737372487783432 -0.07900398969650267 0.0641825795173645
v 0.07372032105922699 -0.07945219427347182 0.06450660526752472
v 0.07373563200235367 -0.07902701944112776 0.06415112316608429
v 0.07372032105922699 -0.07945219427347182 0.06450660526752472
v 0.07369586080312729 -0.07968796044588088 0.06462608277797699
v 0.07369586080312729 -0.07968796044588088 0.06462608277797699
v 0.07372032105922699 -0.07945219427347182 0.06450660526752472
v 0.07356489449739456 -0.08032299578189848 0.06511244922876358
v 0.07369586080312729 -0.07968796044588088 0.06462608277797699
v 0.07356489449739456 -0.08032299578189848 0.06511244922876358
v 0.07356353849172592 -0.08034460246562956 0.06507999449968338
v 0.07356353849172592 -0.08034460246562956 0.06507999449968338
v 0.07356489449739456 -0.08032299578189848 0.06511244922876358
v 0.07341717928647995 -0.0807768329977989 0.06541528552770615
v 0.07356353849172592 -0.08034460246562956 0.06507999449968338
v 0.07341717928647995 -0.0807768329977989 0.06541528552770615
v 0.07333646714687347 -0.08099620789289473 0.06551191210746765
v 0.07333646714687347 -0.08099620789289473 0.06551191210746765
v 0.07341717928647995 -0.0807768329977989 0.06541528552770615
v 0.07301966100931168 -0.08160944283008574 0.06594641506671906
v 0.07333646714687347 -0.08099620789289473 0.06551191210746765
v 0.07301966100931168 -0.08160944283008574 0.06594641506671906
v 0.07301902025938034 -0.0816296488046646 0.06591308861970901
v 0.07301902025938034 -0.0816296488046646 0.06591308861970901
v 0.07301966100931168 -0.08160944283008574 0.06594641506671906
v 0.07272568345069885 -0.08206652849912642 0.06622333824634552
v 0.07301902025938034 -0.0816296488046646 0.06591308861970901
v 0.07272568345069885 -0.08206652849912642 0.06622333824634552
v 0.07261863350868225 -0.08223240822553633 0.06627580523490906
v 0.07261863350868225 -0.08223240822553633 0.06627580523490906
v 0.07272568345069885 -0.08206652849912642 0.06622333824634552
v 0.07259257882833481 -0.08224786818027495 0.06633002310991287
v 0.07261863350868225 -0.08223240822553633 0.06627580523490906
v 0.07259257882833481 -0.08224786818027495 0.06633002310991287
v 0.07213608920574188 -0.08278545737266539 0.06663429737091064
v 0.07213608920574188 -0.08278545737266539 0.06663429737091064
v 0.07149721682071686 -0.08338387310504912 0.06694772839546204
v 0.07158288359642029 -0.08333069831132887 0.06687750667333603
v 0.07158288359642029 -0.08333069831132887 0.06687750667333603
v 0.07149721682071686 -0.08338387310504912 0.06694772839546204
v 0.0709649920463562 -0.08378640562295912 0.06713873147964478
v 0.07158288359642029 -0.08333069831132887 0.06687750667333603
v 0.0709649920463562 -0.08378640562295912 0.06713873147964478
v 0.0709664598107338 -0.083804152905941 0.06710401177406311
v 0.0709664598107338 -0.083804152905941 0.06710401177406311
v 0.0709649920463562 -0.08378640562295912 0.06713873147964478
v 0.0702352374792099 -0.08423325419425963 0.06732389330863953
v 0.0709664598107338 -0.083804152905941 0.06710401177406311
v 0.0702352374792099 -0.08423325419425963 0.06732389330863953
v 0.07028795033693314 -0.08422294259071349 0.06727860122919083
v 0.07028795033693314 -0.08422294259071349 0.06727860122919083
v 0.0702352374792099 -0.08423325419425963 0.06732389330863953
v 0.06956809014081955 -0.08455826342105864 0.06743220239877701
v 0.07028795033693314 -0.08422294259071349 0.06727860122919083
v 0.06956809014081955 -0.08455826342105864 0.06743220239877701
v 0.06957099586725235 -0.08457501232624053 0.06739702820777893
v 0.06957099586725235 -0.08457501232624053 0.06739702820777893
v 0.06956809014081955 -0.08455826342105864 0.06743220239877701
v 0.06878765672445297 -0.08486040681600569 0.06750189512968063
v 0.06957099586725235 -0.08457501232624053 0.06739702820777893
v 0.06878765672445297 -0.08486040681600569 0.06750189512968063
v 0.06882772594690323 -0.0848644971847534 0.0674646645784378
v 0.06882772594690323 -0.0848644971847534 0.0674646645784378
v 0.06878765672445297 -0.08486040681600569 0.06750189512968063
v 0.06728794425725937 -0.08529520779848097 0.0675293356180191
v 0.06882772594690323 -0.0848644971847534 0.0674646645784378
v 0.06728794425725937 -0.08529520779848097 0.0675293356180191
v 0.06729297339916229 -0.08531399071216582 0.06748136878013611
v 0.07340367138385773 -0.07714010030031203 0.0626683384180069
v 0.07368907332420349 -0.07837593555450438 0.06366666406393051
v 0.07367277890443802 -0.0783986523747444 0.06363944709300995
v 0.07367277890443802 -0.0783986523747444 0.06363944709300995
v 0.07368907332420349 -0.07837593555450438 0.06366666406393051
v 0.07373563200235367 -0.07902701944112776 0.06415112316608429
v 0.07367277890443802 -0.0783986523747444 0.06363944709300995
v 0.07373563200235367 -0.07902701944112776 0.06415112316608429
v 0.07371922582387924 -0.0790480151772499 0.06412262469530106
v 0.07371922582387924 -0.0790480151772499 0.06412262469530106
v 0.07373563200235367 -0.07902701944112776 0.06415112316608429
v 0.07369586080312729 -0.07968796044588088 0.06462608277797699
v 0.07371922582387924 -0.0790480151772499 0.06412262469530106
v 0.07369586080312729 -0.07968796044588088 0.06462608277797699
v 0.07367957383394241 -0.07970695197582243 0.06459613889455795
v 0.07367957383394241 -0.07970695197582243 0.06459613889455795
v 0.07369586080312729 -0.07968796044588088 0.06462608277797699
v 0.07356353849172592 -0.08034460246562956 0.06507999449968338
v 0.07354766875505447 -0.08036150783300398 0.06504861265420914
v 0.07354766875505447 -0.08036150783300398 0.06504861265420914
v 0.07356353849172592 -0.08034460246562956 0.06507999449968338
v 0.07333646714687347 -0.08099620789289473 0.06551191210746765
v 0.07354766875505447 -0.08036150783300398 0.06504861265420914
v 0.07333646714687347 -0.08099620789289473 0.06551191210746765
v 0.07332132011651993 -0.08101102709770201 0.06547914445400238
v 0.07332132011651993 -0.08101102709770201 0.06547914445400238
v 0.07333646714687347 -0.08099620789289473 0.06551191210746765
v 0.07301902025938034 -0.0816296488046646 0.06591308861970901
v 0.07332132011651993 -0.08101102709770201 0.06547914445400238
v 0.07301902025938034 -0.0816296488046646 0.06591308861970901
v 0.07300488650798798 -0.0816424638032913 0.06587904691696167
v 0.07300488650798798 -0.0816424638032913 0.06587904691696167
v 0.07301902025938034 -0.0816296488046646 0.06591308861970901
v 0.07261863350868225 -0.08223240822553633 0.06627580523490906
v 0.07300488650798798 -0.0816424638032913 0.06587904691696167
v 0.07261863350868225 -0.08223240822553633 0.06627580523490906
v 0.07260575890541077 -0.08224332332611083 0.06624063104391098
v 0.07260575890541077 -0.08224332332611083 0.06624063104391098
v 0.07261863350868225 -0.08223240822553633 0.06627580523490906
v 0.07213624566793442 -0.0828043147921562 0.06660014390945435
v 0.07212488353252411 -0.08281343430280684 0.06656394153833389
v 0.07212488353252411 -0.08281343430280684 0.06656394153833389
v 0.07213624566793442 -0.0828043147921562 0.06660014390945435
v 0.07158288359642029 -0.08333069831132887 0.06687750667333603
v 0.07212488353252411 -0.08281343430280684 0.06656394153833389
v 0.07158288359642029 -0.08333069831132887 0.06687750667333603
v 0.07157327979803085 -0.0833381488919258 0.06684042513370514
v 0.07157327979803085 -0.0833381488919258 0.06684042513370514
v 0.07158288359642029 -0.08333069831132887 0.06687750667333603
v 0.0709664598107338 -0.083804152905941 0.06710401177406311
v 0.07157327979803085 -0.0833381488919258 0.06684042513370514
v 0.0709664598107338 -0.083804152905941 0.06710401177406311
v 0.07095883041620255 -0.08381008356809615 0.06706621497869492
v 0.07095883041620255 -0.08381008356809615 0.06706621497869492
v 0.0709664598107338 -0.083804152905941 0.06710401177406311
v 0.07028795033693314 -0.08422294259071349 0.06727860122919083
v 0.07095883041620255 -0.08381008356809615 0.06706621497869492
v 0.07028795033693314 -0.08422294259071349 0.06727860122919083
v 0.070282481610775 -0.08422754704952239 0.06724024564027786
v 0.070282481610775 -0.08422754704952239 0.06724024564027786
v 0.07028795033693314 -0.08422294259071349 0.06727860122919083
v 0.06957099586725235 -0.08457501232624053 0.06739702820777893
v 0.070282481610775 -0.08422754704952239 0.06724024564027786
v 0.06957099586725235 -0.08457501232624053 0.06739702820777893
v 0.06956768780946732 -0.08457855135202406 0.06735831499099731
v 0.06956768780946732 -0.08457855135202406 0.06735831499099731
v 0.06957099586725235 -0.08457501232624053 0.06739702820777893
v 0.06882772594690323 -0.0848644971847534 0.0674646645784378
v 0.06956768780946732 -0.08457855135202406 0.06735831499099731
v 0.06882772594690323 -0.0848644971847534 0.0674646645784378
v 0.06882636249065399 -0.08486726880073546 0.06742577254772186
v 0.06882636249065399 -0.08486726880073546 0.06742577254772186
v 0.06882772594690323 -0.0848644971847534 0.0674646645784378
v 0.06729297339916229 -0.08531399071216582 0.06748136878013611
v 0.06882636249065399 -0.08486726880073546 0.06742577254772186
v 0.06729297339916229 -0.08531399071216582 0.06748136878013611
v 0.06729298084974289 -0.0853137895464897 0.06745526194572449
v 0.07338608801364899 -0.07715460658073424 0.06265561282634735
v 0.07367277890443802 -0.0783986523747444 0.06363944709300995
v 0.0736442506313324 -0.07841698825359343 0.06362015008926392
v 0.0736442506313324 -0.07841698825359343 0.06362015008926392
v 0.07367277890443802 -0.0783986523747444 0.06363944709300995
v 0.07371922582387924 -0.0790480151772499 0.06412262469530106
v 0.0736442506313324 -0.07841698825359343 0.06362015008926392
v 0.07371922582387924 -0.0790480151772499 0.06412262469530106
v 0.0736905187368393 -0.07906377315521239 0.06410141289234161
v 0.0736905187368393 -0.07906377315521239 0.06410141289234161
v 0.07371922582387924 -0.0790480151772499 0.06412262469530106
v 0.07367957383394241 -0.07970695197582243 0.06459613889455795
v 0.0736905187368393 -0.07906377315521239 0.06410141289234161
v 0.07367957383394241 -0.07970695197582243 0.06459613889455795
v 0.07365104556083679 -0.07971971482038497 0.0645727813243866
v 0.07365104556083679 -0.07971971482038497 0.0645727813243866
v 0.07367957383394241 -0.07970695197582243 0.06459613889455795
v 0.07354766875505447 -0.08036150783300398 0.06504861265420914
v 0.07365104556083679 -0.07971971482038497 0.0645727813243866
v 0.07354766875505447 -0.08036150783300398 0.06504861265420914
v 0.07351977378129959 -0.0803711488842964 0.06502309441566467
v 0.07351977378129959 -0.0803711488842964 0.06502309441566467
v 0.07354766875505447 -0.08036150783300398 0.06504861265420914
v 0.07332132011651993 -0.08101102709770201 0.06547914445400238
v 0.07329452037811279 -0.08101754635572432 0.06545155495405197
v 0.07329452037811279 -0.08101754635572432 0.06545155495405197
v 0.07332132011651993 -0.08101102709770201 0.06547914445400238
v 0.07300488650798798 -0.0816424638032913 0.06587904691696167
v 0.07329452037811279 -0.08101754635572432 0.06545155495405197
v 0.07300488650798798 -0.0816424638032913 0.06587904691696167
v 0.07297957688570023 -0.08164597302675246 0.06584955006837845
v 0.07297957688570023 -0.08164597302675246 0.06584955006837845
v 0.07300488650798798 -0.0816424638032913 0.06587904691696167
v 0.07260575890541077 -0.08224332332611083 0.06624063104391098
v 0.07297957688570023 -0.08164597302675246 0.06584955006837845
v 0.07260575890541077 -0.08224332332611083 0.06624063104391098
v 0.07258234173059464 -0.08224400132894515 0.06620942801237106
v 0.07258234173059464 -0.08224400132894515 0.06620942801237106
v 0.07260575890541077 -0.08224332332611083 0.06624063104391098
v 0.07212488353252411 -0.08281343430280684 0.06656394153833389
v 0.07210373878479004 -0.08281142264604567 0.0665312185883522
v 0.07210373878479004 -0.08281142264604567 0.0665312185883522
v 0.07212488353252411 -0.08281343430280684 0.06656394153833389
v 0.07157327979803085 -0.0833381488919258 0.06684042513370514
v 0.07210373878479004 -0.08281142264604567 0.0665312185883522
v 0.07157327979803085 -0.0833381488919258 0.06684042513370514
v 0.0715547576546669 -0.08333364129066466 0.0668063834309578
v 0.0715547576546669 -0.08333364129066466 0.0668063834309578
v 0.07157327979803085 -0.0833381488919258 0.06684042513370514
v 0.07095883041620255 -0.08381008356809615 0.06706621497869492
v 0.07094325870275497 -0.08380330353975295 0.06703108549118042
v 0.07094325870275497 -0.08380330353975295 0.06703108549118042
v 0.07095883041620255 -0.08381008356809615 0.06706621497869492
v 0.070282481610775 -0.08422754704952239 0.06724024564027786
v 0.07094325870275497 -0.08380330353975295 0.06703108549118042
v 0.070282481610775 -0.08422754704952239 0.06724024564027786
v 0.07027013599872589 -0.08421877026557921 0.06720428168773651
v 0.07027013599872589 -0.08421877026557921 0.06720428168773651
v 0.070282481610775 -0.08422754704952239 0.06724024564027786
v 0.06956768780946732 -0.08457855135202406 0.06735831499099731
v 0.07027013599872589 -0.08421877026557921 0.06720428168773651
v 0.06956768780946732 -0.08457855135202406 0.06735831499099731
v 0.06955859065055847 -0.08456818014383315 0.06732182204723358
v 0.06955859065055847 -0.08456818014383315 0.06732182204723358
v 0.06956768780946732 -0.08457855135202406 0.06735831499099731
v 0.06882636249065399 -0.08486726880073546 0.06742577254772186
v 0.06955859065055847 -0.08456818014383315 0.06732182204723358
v 0.06882636249065399 -0.08486726880073546 0.06742577254772186
v 0.06882018595933914 -0.08485576510429381 0.06738900393247604
v 0.06882018595933914 -0.08485576510429381 0.06738900393247604
v 0.06882636249065399 -0.08486726880073546 0.06742577254772186
v 0.06729298084974289 -0.0853137895464897 0.06745526194572449
v 0.06882018595933914 -0.08485576510429381 0.06738900393247604
v 0.06729298084974289 -0.0853137895464897 0.06745526194572449
v 0.0672912746667862 -0.08530705422163008 0.06743010133504868
v 0.0733397901058197 -0.07717507332563399 0.06264481693506241
v 0.0736442506313324 -0.07841698825359343 0.06362015008926392
v 0.07360783219337463 -0.07842814922332762 0.0636117160320282
v 0.07360783219337463 -0.07842814922332762 0.0636117160320282
v 0.0736442506313324 -0.07841698825359343 0.06362015008926392
v 0.0736905187368393 -0.07906377315521239 0.06410141289234161
v 0.07360783219337463 -0.07842814922332762 0.0636117160320282
v 0.0736905187368393 -0.07906377315521239 0.06410141289234161
v 0.07365388423204422 -0.07907190173864363 0.06409072130918503
v 0.07365388423204422 -0.07907190173864363 0.06409072130918503
v 0.0736905187368393 -0.07906377315521239 0.06410141289234161
v 0.07365104556083679 -0.07971971482038497 0.0645727813243866
v 0.07361462712287903 -0.07972431182861327 0.06455954909324646
v 0.07361462712287903 -0.07972431182861327 0.06455954909324646
v 0.07365104556083679 -0.07971971482038497 0.0645727813243866
v 0.07351977378129959 -0.0803711488842964 0.06502309441566467
v 0.07361462712287903 -0.07972431182861327 0.06455954909324646
v 0.07351977378129959 -0.0803711488842964 0.06502309441566467
v 0.07348410040140152 -0.08037205785512923 0.06500732153654099
v 0.07348410040140152 -0.08037205785512923 0.06500732153654099
v 0.07351977378129959 -0.0803711488842964 0.06502309441566467
v 0.07329452037811279 -0.08101754635572432 0.06545155495405197
v 0.07326012849807739 -0.08101476728916167 0.06543333828449249
v 0.07326012849807739 -0.08101476728916167 0.06543333828449249
v 0.07329452037811279 -0.08101754635572432 0.06545155495405197
v 0.07297957688570023 -0.08164597302675246 0.06584955006837845
v 0.07294696569442749 -0.08163965493440627 0.0658290907740593
v 0.07294696569442749 -0.08163965493440627 0.0658290907740593
v 0.07297957688570023 -0.08164597302675246 0.06584955006837845
v 0.07258234173059464 -0.08224400132894515 0.06620942801237106
v 0.07294696569442749 -0.08163965493440627 0.0658290907740593
v 0.07258234173059464 -0.08224400132894515 0.06620942801237106
v 0.07255195081233978 -0.08223433047533034 0.06618694961071014
v 0.07255195081233978 -0.08223433047533034 0.06618694961071014
v 0.07258234173059464 -0.08224400132894515 0.06620942801237106
v 0.07210373878479004 -0.08281142264604567 0.0665312185883522
v 0.07207602262496948 -0.08279857784509657 0.06650693714618683
v 0.07207602262496948 -0.08279857784509657 0.06650693714618683
v 0.07210373878479004 -0.08281142264604567 0.0665312185883522
v 0.0715547576546669 -0.08333364129066466 0.0668063834309578
v 0.07153014093637466 -0.08331784605979918 0.06678055226802826
v 0.07153014093637466 -0.08331784605979918 0.06678055226802826
v 0.0715547576546669 -0.08333364129066466 0.0668063834309578
v 0.07094325870275497 -0.08380330353975295 0.06703108549118042
v 0.0709221288561821 -0.08378484100103377 0.06700397282838821
v 0.0709221288561821 -0.08378484100103377 0.06700397282838821
v 0.07094325870275497 -0.08380330353975295 0.06703108549118042
v 0.07027013599872589 -0.08421877026557921 0.06720428168773651
v 0.07025280594825745 -0.084197960793972 0.0671762004494667
v 0.07025280594825745 -0.084197960793972 0.0671762004494667
v 0.07027013599872589 -0.08421877026557921 0.06720428168773651
v 0.06955859065055847 -0.08456818014383315 0.06732182204723358
v 0.06954509019851685 -0.08454549312591551 0.06729310005903244
v 0.06954509019851685 -0.08454549312591551 0.06729310005903244
v 0.06955859065055847 -0.08456818014383315 0.06732182204723358
v 0.06882018595933914 -0.08485576510429381 0.06738900393247604
v 0.06954509019851685 -0.08454549312591551 0.06729310005903244
v 0.06882018595933914 -0.08485576510429381 0.06738900393247604
v 0.0688101202249527 -0.08483172953128813 0.06735996901988983
v 0.0688101202249527 -0.08483172953128813 0.06735996901988983
v 0.06882018595933914 -0.08485576510429381 0.06738900393247604
v 0.0672912746667862 -0.08530705422163008 0.06743010133504868
v 0.0688101202249527 -0.08483172953128813 0.06735996901988983
v 0.0672912746667862 -0.08530705422163008 0.06743010133504868
v 0.06728330254554749 -0.0852762535214424 0.06738927215337753
v 0.06811993569135666 -0.05709657818078994 0.04697294905781746
v 0.06816624104976654 -0.05707611143589019 0.0469837486743927
v 0.0733397901058197 -0.07717507332563399 0.06264481693506241
v 0.07338608801364899 -0.07715460658073424 0.06265561282634735
v 0.07338608801364899 -0.07715460658073424 0.06265561282634735
v 0.06816624104976654 -0.05707611143589019 0.0469837486743927
v 0.07340367138385773 -0.07714010030031203 0.0626683384180069
v 0.06818382441997528 -0.05706160888075828 0.046996474266052246
v 0.07340367138385773 -0.07714010030031203 0.0626683384180069
v 0.06818382441997528 -0.05706160888075828 0.046996474266052246
v 0.0734158530831337 -0.07712400704622267 0.06268490105867386
v 0.06819599866867065 -0.05704551562666892 0.04701303318142891
v 0.0734158530831337 -0.07712400704622267 0.06268490105867386
v 0.06819599866867065 -0.05704551562666892 0.04701303318142891
v 0.06820124387741089 -0.05701299011707305 0.047052957117557526
v 0.07342109829187393 -0.0770914778113365 0.06272482872009277
v 0.06625983119010925 -0.05370888486504554 0.04421668499708176
v 0.06567820906639099 -0.05331015214323997 0.04381301626563072
v 0.06567715853452682 -0.0532827079296112 0.04384073242545128
v 0.06567715853452682 -0.0532827079296112 0.04384073242545128
v 0.06567820906639099 -0.05331015214323997 0.04381301626563072
v 0.06503289192914963 -0.05297530069947242 0.043443676084280014
v 0.058866288512945175 -0.05290020257234573 0.04218142479658127
v 0.05885588377714157 -0.05286072194576263 0.04221324622631073
v 0.06018828973174095 -0.0525410883128643 0.0422375425696373
v 0.05887267366051674 -0.05292454361915588 0.04217447713017464
v 0.058866288512945175 -0.05290020257234573 0.04218142479658127
v 0.0604354664683342 -0.052523847669363015 0.04222479462623596
v 0.05887928605079651 -0.05294979736208915 0.04217427968978882
v 0.05887267366051674 -0.05292454361915588 0.04217447713017464
v 0.060442738234996796 -0.05255994945764541 0.04221190884709358
v 0.05889139324426651 -0.052996214479207986 0.04219372943043709
v 0.05887928605079651 -0.05294979736208915 0.04217427968978882
v 0.060449469834566116 -0.05259831994771957 0.04221406206488609
v 0.058866288512945175 -0.05290020257234573 0.04218142479658127
v 0.06018828973174095 -0.0525410883128643 0.0422375425696373
v 0.0604354664683342 -0.052523847669363015 0.04222479462623596
v 0.0604354664683342 -0.052523847669363015 0.04222479462623596
v 0.06018828973174095 -0.0525410883128643 0.0422375425696373
v 0.06123130023479462 -0.05238348618149757 0.042324185371398926
v 0.0604354664683342 -0.052523847669363015 0.04222479462623596
v 0.06123130023479462 -0.05238348618149757 0.042324185371398926
v 0.06123725697398186 -0.052411925047636025 0.04229814186692238
v 0.06123725697398186 -0.052411925047636025 0.04229814186692238
v 0.06123130023479462 -0.05238348618149757 0.042324185371398926
v 0.061777736991643906 -0.05234698578715324 0.042403217405080795
v 0.06123725697398186 -0.052411925047636025 0.04229814186692238
v 0.061777736991643906 -0.05234698578715324 0.042403217405080795
v 0.062041379511356354 -0.052370365709066384 0.042423322796821594
v 0.062041379511356354 -0.052370365709066384 0.042423322796821594
v 0.061777736991643906 -0.05234698578715324 0.042403217405080795
v 0.06282557547092438 -0.05237750336527824 0.04262816905975342
v 0.062041379511356354 -0.052370365709066384 0.042423322796821594
v 0.06282557547092438 -0.05237750336527824 0.04262816905975342
v 0.06282980740070343 -0.052405893802642815 0.04260176047682762
v 0.06282980740070343 -0.052405893802642815 0.04260176047682762
v 0.06282557547092438 -0.05237750336527824 0.04262816905975342
v 0.06336414813995361 -0.05244863405823707 0.04278428480029106
v 0.06282980740070343 -0.052405893802642815 0.04260176047682762
v 0.06336414813995361 -0.05244863405823707 0.04278428480029106
v 0.06360140442848206 -0.05252042040228843 0.042834632098674774
v 0.06360140442848206 -0.05252042040228843 0.042834632098674774
v 0.06336414813995361 -0.05244863405823707 0.04278428480029106
v 0.06433798372745514 -0.052683848887681954 0.04314440116286278
v 0.06360140442848206 -0.05252042040228843 0.042834632098674774
v 0.06433798372745514 -0.052683848887681954 0.04314440116286278
v 0.06434059143066406 -0.05271180719137191 0.04311735928058624
v 0.06434059143066406 -0.05271180719137191 0.04311735928058624
v 0.06433798372745514 -0.052683848887681954 0.04314440116286278
v 0.06486405432224274 -0.05287567898631095 0.04338623583316803
v 0.06434059143066406 -0.05271180719137191 0.04311735928058624
v 0.06486405432224274 -0.05287567898631095 0.04338623583316803
v 0.06503289192914963 -0.05297530069947242 0.043443676084280014
v 0.06503289192914963 -0.05297530069947242 0.043443676084280014
v 0.06486405432224274 -0.05287567898631095 0.04338623583316803
v 0.06507091224193573 -0.0529654249548912 0.04349178075790405
v 0.06503289192914963 -0.05297530069947242 0.043443676084280014
v 0.06507091224193573 -0.0529654249548912 0.04349178075790405
v 0.06567715853452682 -0.0532827079296112 0.04384073242545128
v 0.06567715853452682 -0.0532827079296112 0.04384073242545128
v 0.06633727252483368 -0.0537441000342369 0.04430533945560455
v 0.06625983119010925 -0.05370888486504554 0.04421668499708176
v 0.06625983119010925 -0.05370888486504554 0.04421668499708176
v 0.06633727252483368 -0.0537441000342369 0.04430533945560455
v 0.06676975637674332 -0.05413929745554923 0.044677577912807465
v 0.06625983119010925 -0.05370888486504554 0.04421668499708176
v 0.06676975637674332 -0.05413929745554923 0.044677577912807465
v 0.06676958501338959 -0.0541657842695713 0.044648926705121994
v 0.06676958501338959 -0.0541657842695713 0.044648926705121994
v 0.06676975637674332 -0.05413929745554923 0.044677577912807465
v 0.06723418831825256 -0.05469300597906112 0.04517175257205963
v 0.06676958501338959 -0.0541657842695713 0.044648926705121994
v 0.06723418831825256 -0.05469300597906112 0.04517175257205963
v 0.06720547378063202 -0.054680228233337395 0.04510890692472458
v 0.06720547378063202 -0.054680228233337395 0.04510890692472458
v 0.06723418831825256 -0.05469300597906112 0.04517175257205963
v 0.06755662709474564 -0.055208615958690636 0.045610640197992325
v 0.06720547378063202 -0.054680228233337395 0.04510890692472458
v 0.06755662709474564 -0.055208615958690636 0.045610640197992325
v 0.06755540519952774 -0.055234026163816445 0.04558099806308746
v 0.06755540519952774 -0.055234026163816445 0.04558099806308746
v 0.06755662709474564 -0.055208615958690636 0.045610640197992325
v 0.06783832609653473 -0.05582058429718017 0.04611201211810112
v 0.06755540519952774 -0.055234026163816445 0.04558099806308746
v 0.06783832609653473 -0.05582058429718017 0.04611201211810112
v 0.0678258016705513 -0.05581665411591529 0.04605875909328461
v 0.0678258016705513 -0.05581665411591529 0.04605875909328461
v 0.06783832609653473 -0.05582058429718017 0.04611201211810112
v 0.06820124387741089 -0.05701299011707305 0.047052957117557526
v 0.0678258016705513 -0.05581665411591529 0.04605875909328461
v 0.06820124387741089 -0.05701299011707305 0.047052957117557526
v 0.06819599866867065 -0.05704551562666892 0.04701303318142891
v 0.05887267366051674 -0.05292454361915588 0.04217447713017464
v 0.0604354664683342 -0.052523847669363015 0.04222479462623596
v 0.060442738234996796 -0.05255994945764541 0.04221190884709358
v 0.060442738234996796 -0.05255994945764541 0.04221190884709358
v 0.0604354664683342 -0.052523847669363015 0.04222479462623596
v 0.06123725697398186 -0.052411925047636025 0.04229814186692238
v 0.060442738234996796 -0.05255994945764541 0.04221190884709358
v 0.06123725697398186 -0.052411925047636025 0.04229814186692238
v 0.06124240905046463 -0.052448321133852 0.04228505864739418
v 0.06124240905046463 -0.052448321133852 0.04228505864739418
v 0.06123725697398186 -0.052411925047636025 0.04229814186692238
v 0.062041379511356354 -0.052370365709066384 0.042423322796821594
v 0.06124240905046463 -0.052448321133852 0.04228505864739418
v 0.062041379511356354 -0.052370365709066384 0.042423322796821594
v 0.06204409524798393 -0.052406884729862206 0.042409855872392654
v 0.06204409524798393 -0.052406884729862206 0.042409855872392654
v 0.062041379511356354 -0.052370365709066384 0.042423322796821594
v 0.06282980740070343 -0.052405893802642815 0.04260176047682762
v 0.06283001601696014 -0.052442301064729684 0.042587731033563614
v 0.06283001601696014 -0.052442301064729684 0.042587731033563614
v 0.06282980740070343 -0.052405893802642815 0.04260176047682762
v 0.06360140442848206 -0.05252042040228843 0.042834632098674774
v 0.06283001601696014 -0.052442301064729684 0.042587731033563614
v 0.06360140442848206 -0.05252042040228843 0.042834632098674774
v 0.06359913945198059 -0.05255646258592605 0.042819857597351074
v 0.06359913945198059 -0.05255646258592605 0.042819857597351074
v 0.06360140442848206 -0.05252042040228843 0.042834632098674774
v 0.06434059143066406 -0.05271180719137191 0.04311735928058624
v 0.06359913945198059 -0.05255646258592605 0.042819857597351074
v 0.06434059143066406 -0.05271180719137191 0.04311735928058624
v 0.06433599442243576 -0.05274723842740058 0.04310168698430061
v 0.06433599442243576 -0.05274723842740058 0.04310168698430061
v 0.06434059143066406 -0.05271180719137191 0.04311735928058624
v 0.06503289192914963 -0.05297530069947242 0.043443676084280014
v 0.06433599442243576 -0.05274723842740058 0.04310168698430061
v 0.06503289192914963 -0.05297530069947242 0.043443676084280014
v 0.06502611190080643 -0.05300990492105483 0.04342697933316231
v 0.06502611190080643 -0.05300990492105483 0.04342697933316231
v 0.06503289192914963 -0.05297530069947242 0.043443676084280014
v 0.06567820906639099 -0.05331015214323997 0.04381301626563072
v 0.06566940248012543 -0.053343705832958214 0.043795157223939896
v 0.06566940248012543 -0.053343705832958214 0.043795157223939896
v 0.06567820906639099 -0.05331015214323997 0.04381301626563072
v 0.06625983119010925 -0.05370888486504554 0.04421668499708176
v 0.06566940248012543 -0.053343705832958214 0.043795157223939896
v 0.06625983119010925 -0.05370888486504554 0.04421668499708176
v 0.06624917685985565 -0.05374117195606231 0.04419754445552826
v 0.06624917685985565 -0.05374117195606231 0.04419754445552826
v 0.06625983119010925 -0.05370888486504554 0.04421668499708176
v 0.06676958501338959 -0.0541657842695713 0.044648926705121994
v 0.06624917685985565 -0.05374117195606231 0.04419754445552826
v 0.06676958501338959 -0.0541657842695713 0.044648926705121994
v 0.06675729900598526 -0.05419660732150077 0.04462840408086777
v 0.06675729900598526 -0.05419660732150077 0.04462840408086777
v 0.06676958501338959 -0.0541657842695713 0.044648926705121994
v 0.06720547378063202 -0.054680228233337395 0.04510890692472458
v 0.06675729900598526 -0.05419660732150077 0.04462840408086777
v 0.06720547378063202 -0.054680228233337395 0.04510890692472458
v 0.06719180941581726 -0.05470941960811614 0.04508692026138306
v 0.06719180941581726 -0.05470941960811614 0.04508692026138306
v 0.06720547378063202 -0.054680228233337395 0.04510890692472458
v 0.06755540519952774 -0.055234026163816445 0.04558099806308746
v 0.06719180941581726 -0.05470941960811614 0.04508692026138306
v 0.06755540519952774 -0.055234026163816445 0.04558099806308746
v 0.06754067540168762 -0.055261541157960885 0.04555758461356163
v 0.06754067540168762 -0.055261541157960885 0.04555758461356163
v 0.06755540519952774 -0.055234026163816445 0.04558099806308746
v 0.0678258016705513 -0.05581665411591529 0.04605875909328461
v 0.06754067540168762 -0.055261541157960885 0.04555758461356163
v 0.0678258016705513 -0.05581665411591529 0.04605875909328461
v 0.06781035661697388 -0.05584264546632766 0.04603409394621849
v 0.06781035661697388 -0.05584264546632766 0.04603409394621849
v 0.0678258016705513 -0.05581665411591529 0.04605875909328461
v 0.06819599866867065 -0.05704551562666892 0.04701303318142891
v 0.06781035661697388 -0.05584264546632766 0.04603409394621849
v 0.06819599866867065 -0.05704551562666892 0.04701303318142891
v 0.06818382441997528 -0.05706160888075828 0.046996474266052246
v 0.05887928605079651 -0.05294979736208915 0.04217427968978882
v 0.060442738234996796 -0.05255994945764541 0.04221190884709358
v 0.060449469834566116 -0.05259831994771957 0.04221406206488609
v 0.060449469834566116 -0.05259831994771957 0.04221406206488609
v 0.060442738234996796 -0.05255994945764541 0.04221190884709358
v 0.06124240905046463 -0.052448321133852 0.04228505864739418
v 0.060449469834566116 -0.05259831994771957 0.04221406206488609
v 0.06124240905046463 -0.052448321133852 0.04228505864739418
v 0.06124597042798996 -0.052487131208181374 0.04228692129254341
v 0.06124597042798996 -0.052487131208181374 0.04228692129254341
v 0.06124240905046463 -0.052448321133852 0.04228505864739418
v 0.06204409524798393 -0.052406884729862206 0.042409855872392654
v 0.06124597042798996 -0.052487131208181374 0.04228692129254341
v 0.06204409524798393 -0.052406884729862206 0.042409855872392654
v 0.062044013291597366 -0.052445881068706506 0.04241115227341652
v 0.062044013291597366 -0.052445881068706506 0.04241115227341652
v 0.06204409524798393 -0.052406884729862206 0.042409855872392654
v 0.06283001601696014 -0.052442301064729684 0.042587731033563614
v 0.062044013291597366 -0.052445881068706506 0.04241115227341652
v 0.06283001601696014 -0.052442301064729684 0.042587731033563614
v 0.06282618641853333 -0.052481126040220254 0.04258817434310913
v 0.06282618641853333 -0.052481126040220254 0.04258817434310913
v 0.06283001601696014 -0.052442301064729684 0.042587731033563614
v 0.06359913945198059 -0.05255646258592605 0.042819857597351074
v 0.0635916143655777 -0.052594739943742745 0.04281918331980705
v 0.0635916143655777 -0.052594739943742745 0.04281918331980705
v 0.06359913945198059 -0.05255646258592605 0.042819857597351074
v 0.06433599442243576 -0.05274723842740058 0.04310168698430061
v 0.0635916143655777 -0.052594739943742745 0.04281918331980705
v 0.06433599442243576 -0.05274723842740058 0.04310168698430061
v 0.06432495266199112 -0.05278461426496505 0.043099675327539444
v 0.06432495266199112 -0.05278461426496505 0.043099675327539444
v 0.06433599442243576 -0.05274723842740058 0.04310168698430061
v 0.06502611190080643 -0.05300990492105483 0.04342697933316231
v 0.06432495266199112 -0.05278461426496505 0.043099675327539444
v 0.06502611190080643 -0.05300990492105483 0.04342697933316231
v 0.06501181423664093 -0.053046036511659615 0.043423429131507874
v 0.06501181423664093 -0.053046036511659615 0.043423429131507874
v 0.06502611190080643 -0.05300990492105483 0.04342697933316231
v 0.06566940248012543 -0.053343705832958214 0.043795157223939896
v 0.06565206497907639 -0.05337826162576675 0.04378987103700638
v 0.06565206497907639 -0.05337826162576675 0.04378987103700638
v 0.06566940248012543 -0.053343705832958214 0.043795157223939896
v 0.06624917685985565 -0.05374117195606231 0.04419754445552826
v 0.06565206497907639 -0.05337826162576675 0.04378987103700638
v 0.06624917685985565 -0.05374117195606231 0.04419754445552826
v 0.06622909009456635 -0.053773835301399224 0.04419034346938133
v 0.06622909009456635 -0.053773835301399224 0.04419034346938133
v 0.06624917685985565 -0.05374117195606231 0.04419754445552826
v 0.06675729900598526 -0.05419660732150077 0.04462840408086777
v 0.06673476845026016 -0.05422708019614219 0.044619131833314896
v 0.06673476845026016 -0.05422708019614219 0.044619131833314896
v 0.06675729900598526 -0.05419660732150077 0.04462840408086777
v 0.06719180941581726 -0.05470941960811614 0.04508692026138306
v 0.06673476845026016 -0.05422708019614219 0.044619131833314896
v 0.06719180941581726 -0.05470941960811614 0.04508692026138306
v 0.06716720014810562 -0.05473744869232177 0.04507546126842499
v 0.06716720014810562 -0.05473744869232177 0.04507546126842499
v 0.06719180941581726 -0.05470941960811614 0.04508692026138306
v 0.06754067540168762 -0.055261541157960885 0.04555758461356163
v 0.06716720014810562 -0.05473744869232177 0.04507546126842499
v 0.06754067540168762 -0.055261541157960885 0.04555758461356163
v 0.06751448661088943 -0.05528706312179565 0.045543987303972244
v 0.06751448661088943 -0.05528706312179565 0.045543987303972244
v 0.06754067540168762 -0.055261541157960885 0.04555758461356163
v 0.06781035661697388 -0.05584264546632766 0.04603409394621849
v 0.06751448661088943 -0.05528706312179565 0.045543987303972244
v 0.06781035661697388 -0.05584264546632766 0.04603409394621849
v 0.06778309494256973 -0.055865883827209466 0.04601862281560898
v 0.06778309494256973 -0.055865883827209466 0.04601862281560898
v 0.06781035661697388 -0.05584264546632766 0.04603409394621849
v 0.06818382441997528 -0.05706160888075828 0.046996474266052246
v 0.06778309494256973 -0.055865883827209466 0.04601862281560898
v 0.06818382441997528 -0.05706160888075828 0.046996474266052246
v 0.06816624104976654 -0.05707611143589019 0.0469837486743927
v 0.05889139324426651 -0.052996214479207986 0.04219372943043709
v 0.060449469834566116 -0.05259831994771957 0.04221406206488609
v 0.06045463681221008 -0.0526331216096878 0.04223093390464783
v 0.06045463681221008 -0.0526331216096878 0.04223093390464783
v 0.060449469834566116 -0.05259831994771957 0.04221406206488609
v 0.06124597042798996 -0.052487131208181374 0.04228692129254341
v 0.06045463681221008 -0.0526331216096878 0.04223093390464783
v 0.06124597042798996 -0.052487131208181374 0.04228692129254341
v 0.06124740093946457 -0.05252244696021079 0.04230345040559769
v 0.06124740093946457 -0.05252244696021079 0.04230345040559769
v 0.06124597042798996 -0.052487131208181374 0.04228692129254341
v 0.062044013291597366 -0.052445881068706506 0.04241115227341652
v 0.06204114109277725 -0.052481416612863534 0.04242700710892677
v 0.06204114109277725 -0.052481416612863534 0.04242700710892677
v 0.062044013291597366 -0.052445881068706506 0.04241115227341652
v 0.06282618641853333 -0.052481126040220254 0.04258817434310913
v 0.06204114109277725 -0.052481416612863534 0.04242700710892677
v 0.06282618641853333 -0.052481126040220254 0.04258817434310913
v 0.06281889230012894 -0.052516460418701165 0.0426030270755291
v 0.06281889230012894 -0.052516460418701165 0.0426030270755291
v 0.06282618641853333 -0.052481126040220254 0.04258817434310913
v 0.0635916143655777 -0.052594739943742745 0.04281918331980705
v 0.06357995420694351 -0.05262942984700202 0.04283272102475166
v 0.06357995420694351 -0.05262942984700202 0.04283272102475166
v 0.0635916143655777 -0.052594739943742745 0.04281918331980705
v 0.06432495266199112 -0.05278461426496505 0.043099675327539444
v 0.06430916488170624 -0.05281823128461837 0.04311163350939751
v 0.06430916488170624 -0.05281823128461837 0.04311163350939751
v 0.06432495266199112 -0.05278461426496505 0.043099675327539444
v 0.06501181423664093 -0.053046036511659615 0.043423429131507874
v 0.06430916488170624 -0.05281823128461837 0.04311163350939751
v 0.06501181423664093 -0.053046036511659615 0.043423429131507874
v 0.06499218195676804 -0.05307819321751594 0.043433576822280884
v 0.06499218195676804 -0.05307819321751594 0.043433576822280884
v 0.06501181423664093 -0.053046036511659615 0.043423429131507874
v 0.06565206497907639 -0.05337826162576675 0.04378987103700638
v 0.06562884896993637 -0.05340855941176414 0.043797966092824936
v 0.06562884896993637 -0.05340855941176414 0.043797966092824936
v 0.06565206497907639 -0.05337826162576675 0.04378987103700638
v 0.06622909009456635 -0.053773835301399224 0.04419034346938133
v 0.06620261073112488 -0.053801901638507836 0.044196177273988724
v 0.06620261073112488 -0.053801901638507836 0.044196177273988724
v 0.06622909009456635 -0.053773835301399224 0.04419034346938133
v 0.06673476845026016 -0.05422708019614219 0.044619131833314896
v 0.06670541316270828 -0.05425256490707397 0.044622521847486496
v 0.06670541316270828 -0.05425256490707397 0.044622521847486496
v 0.06673476845026016 -0.05422708019614219 0.044619131833314896
v 0.06716720014810562 -0.05473744869232177 0.04507546126842499
v 0.06713540107011795 -0.05476004630327224 0.04507627338171005
v 0.06713540107011795 -0.05476004630327224 0.04507627338171005
v 0.06716720014810562 -0.05473744869232177 0.04507546126842499
v 0.06751448661088943 -0.05528706312179565 0.045543987303972244
v 0.06748081743717194 -0.05530670285224914 0.04554228112101555
v 0.06748081743717194 -0.05530670285224914 0.04554228112101555
v 0.06751448661088943 -0.05528706312179565 0.045543987303972244
v 0.06778309494256973 -0.055865883827209466 0.04601862281560898
v 0.06748081743717194 -0.05530670285224914 0.04554228112101555
v 0.06778309494256973 -0.055865883827209466 0.04601862281560898
v 0.06774817407131195 -0.05588283017277717 0.046014703810214996
v 0.06774817407131195 -0.05588283017277717 0.046014703810214996
v 0.06778309494256973 -0.055865883827209466 0.04601862281560898
v 0.06816624104976654 -0.05707611143589019 0.0469837486743927
v 0.06774817407131195 -0.05588283017277717 0.046014703810214996
v 0.06816624104976654 -0.05707611143589019 0.0469837486743927
v 0.06811993569135666 -0.05709657818078994 0.04697294905781746
v 0.03373880311846733 -0.05957983806729316 0.042136527597904205
v 0.03372669592499733 -0.059533417224884026 0.042117077857255936
v 0.05889139324426651 -0.052996214479207986 0.04219372943043709
v 0.05887928605079651 -0.05294979736208915 0.04217427968978882
v 0.05887928605079651 -0.05294979736208915 0.04217427968978882
v 0.03372669592499733 -0.059533417224884026 0.042117077857255936
v 0.05887267366051674 -0.05292454361915588 0.04217447713017464
v 0.03372008726000786 -0.05950816348195075 0.042117275297641754
v 0.05887267366051674 -0.05292454361915588 0.04217447713017464
v 0.03372008726000786 -0.05950816348195075 0.042117275297641754
v 0.058866288512945175 -0.05290020257234573 0.04218142479658127
v 0.033713702112436295 -0.0594838261604309 0.042124222964048386
v 0.058866288512945175 -0.05290020257234573 0.04218142479658127
v 0.033713702112436295 -0.0594838261604309 0.042124222964048386
v 0.03370329365134239 -0.0594443455338478 0.04215604066848755
v 0.05885588377714157 -0.05286072194576263 0.04221324622631073
v 0.029420169070363045 -0.06145344674587249 0.042746804654598236
v 0.028866806998848915 -0.06197983026504516 0.04302416741847992
v 0.028855152428150177 -0.061954095959663384 0.04305108264088631
v 0.028855152428150177 -0.061954095959663384 0.04305108264088631
v 0.028866806998848915 -0.06197983026504516 0.04302416741847992
v 0.028384415432810783 -0.06255174428224562 0.04334850236773491
v 0.02759082242846489 -0.06767380982637404 0.04692068696022034
v 0.027570143342018127 -0.06764806807041167 0.046960555016994476
v 0.027329260483384132 -0.06658116728067397 0.046134863048791885
v 0.027609391137957573 -0.06768185645341872 0.046904198825359344
v 0.02759082242846489 -0.06767380982637404 0.04692068696022034
v 0.02731398120522499 -0.06640820950269698 0.045957643538713455
v 0.02763187885284424 -0.06768587231636046 0.04689156264066696
v 0.027609391137957573 -0.06768185645341872 0.046904198825359344
v 0.02734028361737728 -0.06642330437898634 0.04593309015035629
v 0.027682317420840263 -0.06768101453781127 0.04688098281621933
v 0.02763187885284424 -0.06768587231636046 0.04689156264066696
v 0.02737550251185894 -0.06643022596836089 0.04591779410839081
v 0.02759082242846489 -0.06767380982637404 0.04692068696022034
v 0.027329260483384132 -0.06658116728067397 0.046134863048791885
v 0.02731398120522499 -0.06640820950269698 0.045957643538713455
v 0.02731398120522499 -0.06640820950269698 0.045957643538713455
v 0.027329260483384132 -0.06658116728067397 0.046134863048791885
v 0.02725399099290371 -0.0657355636358261 0.04550280421972275
v 0.02731398120522499 -0.06640820950269698 0.045957643538713455
v 0.02725399099290371 -0.0657355636358261 0.04550280421972275
v 0.027267415076494217 -0.0657571256160736 0.04547318443655968
v 0.027267415076494217 -0.0657571256160736 0.04547318443655968
v 0.02725399099290371 -0.0657355636358261 0.04550280421972275
v 0.02727091684937477 -0.06528735905885695 0.04517877474427223
v 0.027267415076494217 -0.0657571256160736 0.04547318443655968
v 0.02727091684937477 -0.06528735905885695 0.04517877474427223
v 0.027307191863656044 -0.06509618461132048 0.044998228549957275
v 0.027307191863656044 -0.06509618461132048 0.044998228549957275
v 0.02727091684937477 -0.06528735905885695 0.04517877474427223
v 0.02742634154856205 -0.06441655009984969 0.04457293450832367
v 0.027307191863656044 -0.06509618461132048 0.044998228549957275
v 0.02742634154856205 -0.06441655009984969 0.04457293450832367
v 0.02743951417505741 -0.06443955004215239 0.04454431310296059
v 0.02743951417505741 -0.06443955004215239 0.04454431310296059
v 0.02742634154856205 -0.06441655009984969 0.04457293450832367
v 0.02757406234741211 -0.06396272033452986 0.044270094484090805
v 0.02743951417505741 -0.06443955004215239 0.04454431310296059
v 0.02757406234741211 -0.06396272033452986 0.044270094484090805
v 0.02766658551990986 -0.06378794461488722 0.044112395495176315
v 0.02766658551990986 -0.06378794461488722 0.044112395495176315
v 0.02757406234741211 -0.06396272033452986 0.044270094484090805
v 0.027971576899290085 -0.06313011050224303 0.043738964945077896
v 0.02766658551990986 -0.06378794461488722 0.044112395495176315
v 0.027971576899290085 -0.06313011050224303 0.043738964945077896
v 0.02798403427004814 -0.06315449625253676 0.04371122270822525
v 0.02798403427004814 -0.06315449625253676 0.04371122270822525
v 0.027971576899290085 -0.06313011050224303 0.043738964945077896
v 0.02826555259525776 -0.06267302483320235 0.04346204176545143
v 0.02798403427004814 -0.06315449625253676 0.04371122270822525
v 0.02826555259525776 -0.06267302483320235 0.04346204176545143
v 0.028384415432810783 -0.06255174428224562 0.04334850236773491
v 0.028384415432810783 -0.06255174428224562 0.04334850236773491
v 0.02826555259525776 -0.06267302483320235 0.04346204176545143
v 0.028398659080266953 -0.06249168142676353 0.04335535690188408
v 0.028384415432810783 -0.06255174428224562 0.04334850236773491
v 0.028398659080266953 -0.06249168142676353 0.04335535690188408
v 0.028855152428150177 -0.061954095959663384 0.04305108264088631
v 0.028855152428150177 -0.061954095959663384 0.04305108264088631
v 0.029494021087884903 -0.06135567650198936 0.042737655341625214
v 0.029420169070363045 -0.06145344674587249 0.042746804654598236
v 0.029420169070363045 -0.06145344674587249 0.042746804654598236
v 0.029494021087884903 -0.06135567650198936 0.042737655341625214
v 0.030026249587535858 -0.060953143984079354 0.042546648532152176
v 0.029420169070363045 -0.06145344674587249 0.042746804654598236
v 0.030026249587535858 -0.060953143984079354 0.042546648532152176
v 0.030036592856049538 -0.06097999587655067 0.042520295828580856
v 0.030036592856049538 -0.06097999587655067 0.042520295828580856
v 0.030026249587535858 -0.060953143984079354 0.042546648532152176
v 0.03075600601732731 -0.060506299138069146 0.042361482977867126
v 0.030036592856049538 -0.06097999587655067 0.042520295828580856
v 0.03075600601732731 -0.060506299138069146 0.042361482977867126
v 0.0307150986045599 -0.060561206191778176 0.04234570637345314
v 0.0307150986045599 -0.060561206191778176 0.04234570637345314
v 0.03075600601732731 -0.060506299138069146 0.042361482977867126
v 0.03142314776778221 -0.060181289911270135 0.04225318133831024
v 0.0307150986045599 -0.060561206191778176 0.04234570637345314
v 0.03142314776778221 -0.060181289911270135 0.04225318133831024
v 0.03143205866217613 -0.06020913645625114 0.042227279394865036
v 0.03143205866217613 -0.06020913645625114 0.042227279394865036
v 0.03142314776778221 -0.060181289911270135 0.04225318133831024
v 0.03220358490943909 -0.059879142791032784 0.042183488607406616
v 0.03143205866217613 -0.06020913645625114 0.042227279394865036
v 0.03220358490943909 -0.059879142791032784 0.042183488607406616
v 0.03217532858252525 -0.05991965159773826 0.04215964302420616
v 0.03217532858252525 -0.05991965159773826 0.04215964302420616
v 0.03220358490943909 -0.059879142791032784 0.042183488607406616
v 0.03370329365134239 -0.0594443455338478 0.04215604066848755
v 0.03217532858252525 -0.05991965159773826 0.04215964302420616
v 0.03370329365134239 -0.0594443455338478 0.04215604066848755
v 0.033713702112436295 -0.0594838261604309 0.042124222964048386
v 0.027609391137957573 -0.06768185645341872 0.046904198825359344
v 0.02731398120522499 -0.06640820950269698 0.045957643538713455
v 0.02734028361737728 -0.06642330437898634 0.04593309015035629
v 0.02734028361737728 -0.06642330437898634 0.04593309015035629
v 0.02731398120522499 -0.06640820950269698 0.045957643538713455
v 0.027267415076494217 -0.0657571256160736 0.04547318443655968
v 0.02734028361737728 -0.06642330437898634 0.04593309015035629
v 0.027267415076494217 -0.0657571256160736 0.04547318443655968
v 0.027293840423226357 -0.06577394157648085 0.045449916273355484
v 0.027293840423226357 -0.06577394157648085 0.045449916273355484
v 0.027267415076494217 -0.0657571256160736 0.04547318443655968
v 0.027307191863656044 -0.06509618461132048 0.044998228549957275
v 0.027293840423226357 -0.06577394157648085 0.045449916273355484
v 0.027307191863656044 -0.06509618461132048 0.044998228549957275
v 0.027333492413163185 -0.06511500477790831 0.04497639462351799
v 0.027333492413163185 -0.06511500477790831 0.04497639462351799
v 0.027307191863656044 -0.06509618461132048 0.044998228549957275
v 0.02743951417505741 -0.06443955004215239 0.04454431310296059
v 0.027465393766760826 -0.06446044892072676 0.044523920863866806
v 0.027465393766760826 -0.06446044892072676 0.044523920863866806
v 0.02743951417505741 -0.06443955004215239 0.04454431310296059
v 0.02766658551990986 -0.06378794461488722 0.044112395495176315
v 0.027465393766760826 -0.06446044892072676 0.044523920863866806
v 0.02766658551990986 -0.06378794461488722 0.044112395495176315
v 0.027691740542650223 -0.06381092965602873 0.04409339278936386
v 0.027691740542650223 -0.06381092965602873 0.04409339278936386
v 0.02766658551990986 -0.06378794461488722 0.044112395495176315
v 0.02798403427004814 -0.06315449625253676 0.04371122270822525
v 0.027691740542650223 -0.06381092965602873 0.04409339278936386
v 0.02798403427004814 -0.06315449625253676 0.04371122270822525
v 0.02800818160176277 -0.06317949295043944 0.04369348660111427
v 0.02800818160176277 -0.06317949295043944 0.04369348660111427
v 0.02798403427004814 -0.06315449625253676 0.04371122270822525
v 0.028384415432810783 -0.06255174428224562 0.04334850236773491
v 0.02800818160176277 -0.06317949295043944 0.04369348660111427
v 0.028384415432810783 -0.06255174428224562 0.04334850236773491
v 0.028407305479049683 -0.06257863342761992 0.04333190992474556
v 0.028407305479049683 -0.06257863342761992 0.04333190992474556
v 0.028384415432810783 -0.06255174428224562 0.04334850236773491
v 0.028866806998848915 -0.06197983026504516 0.04302416741847992
v 0.02888817898929119 -0.062008518725633614 0.04300859197974205
v 0.02888817898929119 -0.062008518725633614 0.04300859197974205
v 0.028866806998848915 -0.06197983026504516 0.04302416741847992
v 0.029420169070363045 -0.06145344674587249 0.042746804654598236
v 0.02888817898929119 -0.062008518725633614 0.04300859197974205
v 0.029420169070363045 -0.06145344674587249 0.042746804654598236
v 0.029439786449074745 -0.06148380413651466 0.042732108384370804
v 0.029439786449074745 -0.06148380413651466 0.042732108384370804
v 0.029420169070363045 -0.06145344674587249 0.042746804654598236
v 0.030036592856049538 -0.06097999587655067 0.042520295828580856
v 0.029439786449074745 -0.06148380413651466 0.042732108384370804
v 0.030036592856049538 -0.06097999587655067 0.042520295828580856
v 0.030054237693548203 -0.061011873185634606 0.042506325989961624
v 0.030054237693548203 -0.061011873185634606 0.042506325989961624
v 0.030036592856049538 -0.06097999587655067 0.042520295828580856
v 0.0307150986045599 -0.060561206191778176 0.04234570637345314
v 0.030054237693548203 -0.061011873185634606 0.042506325989961624
v 0.0307150986045599 -0.060561206191778176 0.04234570637345314
v 0.030730584636330605 -0.06059440970420837 0.04233229160308838
v 0.030730584636330605 -0.06059440970420837 0.04233229160308838
v 0.0307150986045599 -0.060561206191778176 0.04234570637345314
v 0.03143205866217613 -0.06020913645625114 0.042227279394865036
v 0.030730584636330605 -0.06059440970420837 0.04233229160308838
v 0.03143205866217613 -0.06020913645625114 0.042227279394865036
v 0.031445376574993134 -0.06024340540170669 0.04221422225236893
v 0.031445376574993134 -0.06024340540170669 0.04221422225236893
v 0.03143205866217613 -0.06020913645625114 0.042227279394865036
v 0.03217532858252525 -0.05991965159773826 0.04215964302420616
v 0.031445376574993134 -0.06024340540170669 0.04221422225236893
v 0.03217532858252525 -0.05991965159773826 0.04215964302420616
v 0.03218670189380646 -0.059954684227704995 0.04214676469564438
v 0.03218670189380646 -0.059954684227704995 0.04214676469564438
v 0.03217532858252525 -0.05991965159773826 0.04215964302420616
v 0.033713702112436295 -0.0594838261604309 0.042124222964048386
v 0.03218670189380646 -0.059954684227704995 0.04214676469564438
v 0.033713702112436295 -0.0594838261604309 0.042124222964048386
v 0.03372008726000786 -0.05950816348195075 0.042117275297641754
v 0.02763187885284424 -0.06768587231636046 0.04689156264066696
v 0.02734028361737728 -0.06642330437898634 0.04593309015035629
v 0.02737550251185894 -0.06643022596836089 0.04591779410839081
v 0.02737550251185894 -0.06643022596836089 0.04591779410839081
v 0.02734028361737728 -0.06642330437898634 0.04593309015035629
v 0.027293840423226357 -0.06577394157648085 0.045449916273355484
v 0.02737550251185894 -0.06643022596836089 0.04591779410839081
v 0.027293840423226357 -0.06577394157648085 0.045449916273355484
v 0.02732923813164234 -0.06578344106674193 0.04543653130531311
v 0.02732923813164234 -0.06578344106674193 0.04543653130531311
v 0.027293840423226357 -0.06577394157648085 0.045449916273355484
v 0.027333492413163185 -0.06511500477790831 0.04497639462351799
v 0.02732923813164234 -0.06578344106674193 0.04543653130531311
v 0.027333492413163185 -0.06511500477790831 0.04497639462351799
v 0.027368707582354546 -0.06512749940156935 0.044965166598558426
v 0.027368707582354546 -0.06512749940156935 0.044965166598558426
v 0.027333492413163185 -0.06511500477790831 0.04497639462351799
v 0.027465393766760826 -0.06446044892072676 0.044523920863866806
v 0.027368707582354546 -0.06512749940156935 0.044965166598558426
v 0.027465393766760826 -0.06446044892072676 0.044523920863866806
v 0.027499979361891747 -0.06447607278823851 0.04451484978199005
v 0.027499979361891747 -0.06447607278823851 0.04451484978199005
v 0.027465393766760826 -0.06446044892072676 0.044523920863866806
v 0.027691740542650223 -0.06381092965602873 0.04409339278936386
v 0.027725236490368843 -0.0638296753168106 0.04408638924360275
v 0.027725236490368843 -0.0638296753168106 0.04408638924360275
v 0.027691740542650223 -0.06381092965602873 0.04409339278936386
v 0.02800818160176277 -0.06317949295043944 0.04369348660111427
v 0.027725236490368843 -0.0638296753168106 0.04408638924360275
v 0.02800818160176277 -0.06317949295043944 0.04369348660111427
v 0.028040174394845963 -0.06320124119520186 0.04368839040398598
v 0.028040174394845963 -0.06320124119520186 0.04368839040398598
v 0.02800818160176277 -0.06317949295043944 0.04369348660111427
v 0.028407305479049683 -0.06257863342761992 0.04333190992474556
v 0.028040174394845963 -0.06320124119520186 0.04368839040398598
v 0.028407305479049683 -0.06257863342761992 0.04333190992474556
v 0.028437413275241852 -0.06260322034358977 0.04332851991057396
v 0.028437413275241852 -0.06260322034358977 0.04332851991057396
v 0.028407305479049683 -0.06257863342761992 0.04333190992474556
v 0.02888817898929119 -0.062008518725633614 0.04300859197974205
v 0.028916018083691597 -0.06203579530119895 0.04300672933459282
v 0.028916018083691597 -0.06203579530119895 0.04300672933459282
v 0.02888817898929119 -0.062008518725633614 0.04300859197974205
v 0.029439786449074745 -0.06148380413651466 0.042732108384370804
v 0.028916018083691597 -0.06203579530119895 0.04300672933459282
v 0.029439786449074745 -0.06148380413651466 0.042732108384370804
v 0.029464997351169586 -0.061513576656579964 0.04273156076669693
v 0.029464997351169586 -0.061513576656579964 0.04273156076669693
v 0.029439786449074745 -0.06148380413651466 0.042732108384370804
v 0.030054237693548203 -0.061011873185634606 0.042506325989961624
v 0.030076494440436363 -0.06104391440749168 0.0425068624317646
v 0.030076494440436363 -0.06104391440749168 0.0425068624317646
v 0.030054237693548203 -0.061011873185634606 0.042506325989961624
v 0.030730584636330605 -0.06059440970420837 0.04233229160308838
v 0.030076494440436363 -0.06104391440749168 0.0425068624317646
v 0.030730584636330605 -0.06059440970420837 0.04233229160308838
v 0.030749619007110596 -0.060628443956375115 0.042333658784627914
v 0.030749619007110596 -0.060628443956375115 0.042333658784627914
v 0.030730584636330605 -0.06059440970420837 0.04233229160308838
v 0.031445376574993134 -0.06024340540170669 0.04221422225236893
v 0.030749619007110596 -0.060628443956375115 0.042333658784627914
v 0.031445376574993134 -0.06024340540170669 0.04221422225236893
v 0.031461164355278015 -0.06027903407812118 0.04221612587571144
v 0.031461164355278015 -0.06027903407812118 0.04221612587571144
v 0.031445376574993134 -0.06024340540170669 0.04221422225236893
v 0.03218670189380646 -0.059954684227704995 0.04214676469564438
v 0.031461164355278015 -0.06027903407812118 0.04221612587571144
v 0.03218670189380646 -0.059954684227704995 0.04214676469564438
v 0.03219957277178764 -0.059991452842950814 0.04214894026517868
v 0.03219957277178764 -0.059991452842950814 0.04214894026517868
v 0.03218670189380646 -0.059954684227704995 0.04214676469564438
v 0.03372008726000786 -0.05950816348195075 0.042117275297641754
v 0.03219957277178764 -0.059991452842950814 0.04214894026517868
v 0.03372008726000786 -0.05950816348195075 0.042117275297641754
v 0.03372669592499733 -0.059533417224884026 0.042117077857255936
v 0.027682317420840263 -0.06768101453781127 0.04688098281621933
v 0.02737550251185894 -0.06643022596836089 0.04591779410839081
v 0.02741427533328533 -0.06642793118953703 0.04591407999396324
v 0.02741427533328533 -0.06642793118953703 0.04591407999396324
v 0.02737550251185894 -0.06643022596836089 0.04591779410839081
v 0.02732923813164234 -0.06578344106674193 0.04543653130531311
v 0.02741427533328533 -0.06642793118953703 0.04591407999396324
v 0.02732923813164234 -0.06578344106674193 0.04543653130531311
v 0.027368221431970596 -0.06578418612480162 0.04543507471680641
v 0.027368221431970596 -0.06578418612480162 0.04543507471680641
v 0.02732923813164234 -0.06578344106674193 0.04543653130531311
v 0.027368707582354546 -0.06512749940156935 0.044965166598558426
v 0.02740747667849064 -0.06513177603483199 0.04496624693274498
v 0.02740747667849064 -0.06513177603483199 0.04496624693274498
v 0.027368707582354546 -0.06512749940156935 0.044965166598558426
v 0.027499979361891747 -0.06447607278823851 0.04451484978199005
v 0.02740747667849064 -0.06513177603483199 0.04496624693274498
v 0.027499979361891747 -0.06447607278823851 0.04451484978199005
v 0.027538001537322998 -0.06448403000831603 0.04451847821474075
v 0.027538001537322998 -0.06448403000831603 0.04451847821474075
v 0.027499979361891747 -0.06447607278823851 0.04451484978199005
v 0.027725236490368843 -0.0638296753168106 0.04408638924360275
v 0.027761977165937424 -0.06384132057428359 0.044092461466789246
v 0.027761977165937424 -0.06384132057428359 0.044092461466789246
v 0.027725236490368843 -0.0638296753168106 0.04408638924360275
v 0.028040174394845963 -0.06320124119520186 0.04368839040398598
v 0.028075139969587326 -0.06321643292903899 0.043696705251932144
v 0.028075139969587326 -0.06321643292903899 0.043696705251932144
v 0.028040174394845963 -0.06320124119520186 0.04368839040398598
v 0.028437413275241852 -0.06260322034358977 0.04332851991057396
v 0.028075139969587326 -0.06321643292903899 0.043696705251932144
v 0.028437413275241852 -0.06260322034358977 0.04332851991057396
v 0.028470156714320183 -0.06262175738811492 0.043338846415281296
v 0.028470156714320183 -0.06262175738811492 0.043338846415281296
v 0.028437413275241852 -0.06260322034358977 0.04332851991057396
v 0.028916018083691597 -0.06203579530119895 0.04300672933459282
v 0.028946083039045334 -0.06205750629305839 0.04301885887980461
v 0.028946083039045334 -0.06205750629305839 0.04301885887980461
v 0.028916018083691597 -0.06203579530119895 0.04300672933459282
v 0.029464997351169586 -0.061513576656579964 0.04273156076669693
v 0.029491964727640152 -0.06153823807835578 0.04274524375796318
v 0.029491964727640152 -0.06153823807835578 0.04274524375796318
v 0.029464997351169586 -0.061513576656579964 0.04273156076669693
v 0.030076494440436363 -0.06104391440749168 0.0425068624317646
v 0.030099978670477867 -0.06107124686241149 0.042521823197603226
v 0.030099978670477867 -0.06107124686241149 0.042521823197603226
v 0.030076494440436363 -0.06104391440749168 0.0425068624317646
v 0.030749619007110596 -0.060628443956375115 0.042333658784627914
v 0.03076929785311222 -0.06065812706947326 0.04234959930181503
v 0.03076929785311222 -0.06065812706947326 0.04234959930181503
v 0.030749619007110596 -0.060628443956375115 0.042333658784627914
v 0.031461164355278015 -0.06027903407812118 0.04221612587571144
v 0.03147701546549797 -0.06031059473752975 0.0422326996922493
v 0.03147701546549797 -0.06031059473752975 0.0422326996922493
v 0.031461164355278015 -0.06027903407812118 0.04221612587571144
v 0.03219957277178764 -0.059991452842950814 0.04214894026517868
v 0.03147701546549797 -0.06031059473752975 0.0422326996922493
v 0.03219957277178764 -0.059991452842950814 0.04214894026517868
v 0.03221198543906212 -0.06002436205744743 0.04216583073139191
v 0.03221198543906212 -0.06002436205744743 0.04216583073139191
v 0.03219957277178764 -0.059991452842950814 0.04214894026517868
v 0.03372669592499733 -0.059533417224884026 0.042117077857255936
v 0.03221198543906212 -0.06002436205744743 0.04216583073139191
v 0.03372669592499733 -0.059533417224884026 0.042117077857255936
v 0.03373880311846733 -0.05957983806729316 0.042136527597904205
v 0.03290216624736786 -0.08775950968265532 0.06255284696817398
v 0.032851725816726685 -0.08776436001062392 0.06256342679262161
v 0.027682317420840263 -0.06768101453781127 0.04688098281621933
v 0.02763187885284424 -0.06768587231636046 0.04689156264066696
v 0.02763187885284424 -0.06768587231636046 0.04689156264066696
v 0.032851725816726685 -0.08776436001062392 0.06256342679262161
v 0.027609391137957573 -0.06768185645341872 0.046904198825359344
v 0.03282923996448517 -0.08776034414768218 0.062576062977314
v 0.027609391137957573 -0.06768185645341872 0.046904198825359344
v 0.03282923996448517 -0.08776034414768218 0.062576062977314
v 0.02759082242846489 -0.06767380982637404 0.04692068696022034
v 0.032810669392347336 -0.0877523049712181 0.06259255856275558
v 0.02759082242846489 -0.06767380982637404 0.04692068696022034
v 0.032810669392347336 -0.0877523049712181 0.06259255856275558
v 0.03278999403119087 -0.08772656321525572 0.06263241916894913
v 0.027570143342018127 -0.06764806807041167 0.046960555016994476
v 0.06562884896993637 -0.05340855941176414 0.043797966092824936
v 0.06513842195272446 -0.05419782549142837 0.044279471039772034
v 0.06499218195676804 -0.05307819321751594 0.043433576822280884
v 0.06389007717370987 -0.05360686779022216 0.0436064749956131
v 0.06430916488170624 -0.05281823128461837 0.04311163350939751
v 0.028946083039045334 -0.06205750629305839 0.04301885887980461
v 0.02985641546547413 -0.0623745210468769 0.043426427990198135
v 0.028470156714320183 -0.06262175738811492 0.043338846415281296
v 0.02899274043738842 -0.06347446143627165 0.04406260699033737
v 0.028075139969587326 -0.06321643292903899 0.043696705251932144
v 0.03539325296878815 -0.09144753217697142 0.0657278299331665
v 0.03588368743658066 -0.09065826237201689 0.0652463287115097
v 0.03602992743253708 -0.09177789092063902 0.06609222292900085
v 0.03713202849030495 -0.0912492200732231 0.06591932475566864
v 0.03671294078230858 -0.09203785657882689 0.06641416251659393
v 0.07207602262496948 -0.08279857784509657 0.06650693714618683
v 0.07153014093637466 -0.08331784605979918 0.06678055226802826
v 0.07116568833589554 -0.08248156309127806 0.0660993680357933
v 0.0709221288561821 -0.08378484100103377 0.06700397282838821
v 0.06997597217559814 -0.0834006369113922 0.06654041260480881
v 0.07255195081233978 -0.08223433047533034 0.06618694961071014
v 0.07202936708927155 -0.0813816264271736 0.06546319276094437
v 0.07294696569442749 -0.08163965493440627 0.0658290907740593
v 0.040075454860925674 -0.09147453308105467 0.06665315479040146
v 0.038980964571237564 -0.09237466752529143 0.06709878891706467
v 0.038567785173654556 -0.0915277674794197 0.0664004310965538
v 0.03820320963859558 -0.0923396274447441 0.06692276895046234
v 0.037442147731781006 -0.09222665429115294 0.06669307500123978
v 0.041925933212041855 -0.091072179377079 0.0667172446846962
v 0.040567465126514435 -0.09222296625375746 0.06729485839605331
v 0.03977470472455025 -0.09233363717794417 0.06722234934568405
v 0.07025280594825745 -0.084197960793972 0.0671762004494667
v 0.06954509019851685 -0.08454549312591551 0.06729310005903244
v 0.0686592310667038 -0.08401989191770552 0.06673794239759445
v 0.0688101202249527 -0.08483172953128813 0.06735996901988983
v 0.06707852333784103 -0.08448855578899382 0.06677445024251938
v 0.06728330254554749 -0.0852762535214424 0.06738927215337753
v 0.042130712419748306 -0.09185986965894698 0.06733206659555435
v 0.06094665080308914 -0.05338155478239059 0.04287263751029968
v 0.06204114109277725 -0.052481416612863534 0.04242700710892677
v 0.06245432049036026 -0.05332831665873527 0.043125368654727936
v 0.06281889230012894 -0.052516460418701165 0.0426030270755291
v 0.06357995420694351 -0.05262942984700202 0.04283272102475166
v 0.029491964727640152 -0.06153823807835578 0.04274524375796318
v 0.030099978670477867 -0.06107124686241149 0.042521823197603226
v 0.03104613535106182 -0.061455447226762765 0.04298538714647293
v 0.02838536910712719 -0.06593631953001021 0.04574289917945862
v 0.02740747667849064 -0.06513177603483199 0.04496624693274498
v 0.02849014848470688 -0.0646943151950836 0.044856198132038116
v 0.027538001537322998 -0.06448403000831603 0.04451847821474075
v 0.027761977165937424 -0.06384132057428359 0.044092461466789246
v 0.03481949120759964 -0.09105418622493743 0.06532961875200272
v 0.034316688776016235 -0.0906035229563713 0.06490327417850494
v 0.03489335998892784 -0.08977703005075453 0.06441126763820648
v 0.07263673841953278 -0.07891976833343504 0.06378290057182312
v 0.07361462712287903 -0.07972431182861327 0.06455954909324646
v 0.07253195345401764 -0.08016176521778105 0.06466959416866302
v 0.07348410040140152 -0.08037205785512923 0.06500732153654099
v 0.07326012849807739 -0.08101476728916167 0.06543333828449249
v 0.06620261073112488 -0.053801901638507836 0.044196177273988724
v 0.06670541316270828 -0.05425256490707397 0.044622521847486496
v 0.06612874567508698 -0.05507905781269073 0.045114532113075256
v 0.05909616872668266 -0.053783908486366265 0.042808547616004944
v 0.06045463681221008 -0.0526331216096878 0.04223093390464783
v 0.06124740093946457 -0.05252244696021079 0.04230345040559769
v 0.028669072315096855 -0.0674227327108383 0.046883225440979004
v 0.02741427533328533 -0.06642793118953703 0.04591407999396324
v 0.027368221431970596 -0.06578418612480162 0.04543507471680641
v 0.07235303521156311 -0.07743334770202635 0.06264256685972214
v 0.07360783219337463 -0.07842814922332762 0.0636117160320282
v 0.07365388423204422 -0.07907190173864363 0.06409072130918503
v 0.03076929785311222 -0.06065812706947326 0.04234959930181503
v 0.03147701546549797 -0.06031059473752975 0.0422326996922493
v 0.03236287087202072 -0.06083619222044944 0.04278785362839699
v 0.03221198543906212 -0.06002436205744743 0.04216583073139191
v 0.03394358232617378 -0.06036753207445144 0.04275134578347206
v 0.03373880311846733 -0.05957983806729316 0.042136527597904205
v 0.05889139324426651 -0.052996214479207986 0.04219372943043709
v 0.03388670086860657 -0.09009604156017302 0.06444951891899109
v 0.03354128450155258 -0.08954938501119612 0.06398351490497589
v 0.03428414463996887 -0.08875686675310133 0.06354846805334091
v 0.033273931592702866 -0.08897326141595839 0.06351109594106674
v 0.03388892114162445 -0.08750122785568236 0.06255509704351425
v 0.03290216624736786 -0.08775950968265532 0.06255284696817398
v 0.027682317420840263 -0.06768101453781127 0.04688098281621933
v 0.06713540107011795 -0.05476004630327224 0.04507627338171005
v 0.06748081743717194 -0.05530670285224914 0.04554228112101555
v 0.06673796474933624 -0.05609921738505363 0.045977331697940826
v 0.06774817407131195 -0.05588283017277717 0.046014703810214996
v 0.06713318079710007 -0.0573548600077629 0.04697070270776749
v 0.06811993569135666 -0.05709657818078994 0.04697294905781746
v 0.0733397901058197 -0.07717507332563399 0.06264481693506241
v 0.0662880688905716 -0.07340931892395018 0.04825083166360855
v 0.06600478291511536 -0.07232283055782317 0.047769080847501755
v 0.06589411944150925 -0.07192192226648329 0.05028767138719559
v 0.06645035743713379 -0.07405816018581389 0.051569614559412
v 0.06653968244791031 -0.0743892267346382 0.05039691925048828
v 0.06648111343383789 -0.07415506988763808 0.04919919744133949
v 0.06563425809144974 -0.07094951719045638 0.05263355374336243
v 0.06593908369541168 -0.07211581617593764 0.052832599729299545
v 0.06623360514640808 -0.07323770225048064 0.052448634058237076
v 0.06527523696422577 -0.06955126672983168 0.04957125708460808
v 0.06525939702987671 -0.06950136274099349 0.05079193785786629
v 0.06538896262645721 -0.07000597566366194 0.05189709737896919
v 0.06569614261388779 -0.07114449888467787 0.04786431044340134
v 0.06543285399675369 -0.07014425843954085 0.048514701426029205
v 0.0662880688905716 -0.07340931892395018 0.04825083166360855
v 0.06725548207759857 -0.07315610349178313 0.04825303331017494
v 0.06600478291511536 -0.07232283055782317 0.047769080847501755
v 0.06697218865156174 -0.07206961512565611 0.047771282494068146
v 0.06600478291511536 -0.07232283055782317 0.047769080847501755
v 0.06697218865156174 -0.07206961512565611 0.047771282494068146
v 0.06569614261388779 -0.07114449888467787 0.04786431044340134
v 0.06666354835033417 -0.07089128345251082 0.04786650836467743
v 0.06569614261388779 -0.07114449888467787 0.04786431044340134
v 0.06666354835033417 -0.07089128345251082 0.04786650836467743
v 0.06543285399675369 -0.07014425843954085 0.048514701426029205
v 0.06640025973320007 -0.0698910430073738 0.0485168993473053
v 0.06543285399675369 -0.07014425843954085 0.048514701426029205
v 0.06640025973320007 -0.0698910430073738 0.0485168993473053
v 0.06527523696422577 -0.06955126672983168 0.04957125708460808
v 0.06624264270067215 -0.06929805129766463 0.04957345873117447
v 0.06527523696422577 -0.06955126672983168 0.04957125708460808
v 0.06624264270067215 -0.06929805129766463 0.04957345873117447
v 0.06525939702987671 -0.06950136274099349 0.05079193785786629
v 0.06622680276632309 -0.06924814730882643 0.05079413950443268
v 0.06525939702987671 -0.06950136274099349 0.05079193785786629
v 0.06622680276632309 -0.06924814730882643 0.05079413950443268
v 0.06538896262645721 -0.07000597566366194 0.05189709737896919
v 0.0663563683629036 -0.06975276023149489 0.051899295300245285
v 0.06538896262645721 -0.07000597566366194 0.05189709737896919
v 0.0663563683629036 -0.06975276023149489 0.051899295300245285
v 0.06563425809144974 -0.07094951719045638 0.05263355374336243
v 0.06660166382789612 -0.07069630175828932 0.05263575538992882
v 0.06563425809144974 -0.07094951719045638 0.05263355374336243
v 0.06660166382789612 -0.07069630175828932 0.05263575538992882
v 0.06593908369541168 -0.07211581617593764 0.052832599729299545
v 0.06690648943185806 -0.07186260074377059 0.052834801375865936
v 0.06593908369541168 -0.07211581617593764 0.052832599729299545
v 0.06690648943185806 -0.07186260074377059 0.052834801375865936
v 0.06623360514640808 -0.07323770225048064 0.052448634058237076
v 0.06720101088285446 -0.07298448681831358 0.05245083197951317
v 0.06623360514640808 -0.07323770225048064 0.052448634058237076
v 0.06720101088285446 -0.07298448681831358 0.05245083197951317
v 0.06645035743713379 -0.07405816018581389 0.051569614559412
v 0.06741776317358017 -0.07380494475364684 0.051571816205978394
v 0.06645035743713379 -0.07405816018581389 0.051569614559412
v 0.06741776317358017 -0.07380494475364684 0.051571816205978394
v 0.06653968244791031 -0.0743892267346382 0.05039691925048828
v 0.06750708818435669 -0.07413601130247115 0.05039912089705467
v 0.06653968244791031 -0.0743892267346382 0.05039691925048828
v 0.06750708818435669 -0.07413601130247115 0.05039912089705467
v 0.06648111343383789 -0.07415506988763808 0.04919919744133949
v 0.06744851917028427 -0.07390185445547102 0.049201399087905884
v 0.06648111343383789 -0.07415506988763808 0.04919919744133949
v 0.06744851917028427 -0.07390185445547102 0.049201399087905884
v 0.0662880688905716 -0.07340931892395018 0.04825083166360855
v 0.06725548207759857 -0.07315610349178313 0.04825303331017494
v 0.06640025973320007 -0.0698910430073738 0.0485168993473053
v 0.06617637723684311 -0.06903687119483946 0.04865138977766037
v 0.06624264270067215 -0.06929805129766463 0.04957345873117447
v 0.0660645067691803 -0.06862030923366545 0.04989918693900108
v 0.06622680276632309 -0.06924814730882643 0.05079413950443268
v 0.06609044224023819 -0.06873083859682082 0.05121453478932381
v 0.0663563683629036 -0.06975276023149489 0.051899295300245285
v 0.06624971330165863 -0.06934935599565505 0.05237000063061714
v 0.06660166382789612 -0.07069630175828932 0.05263575538992882
v 0.0665147677063942 -0.0703689157962799 0.05316579341888428
v 0.06690648943185806 -0.07186260074377059 0.052834801375865936
v 0.0668397843837738 -0.07161321491003035 0.053464312106370926
v 0.06720101088285446 -0.07298448681831358 0.05245083197951317
v 0.06716855615377426 -0.07286711037158965 0.0532139427959919
v 0.06741776317358017 -0.07380494475364684 0.051571816205978394
v 0.06744424253702164 -0.0739137902855873 0.05245797336101532
v 0.06761916726827621 -0.07457227259874342 0.05132712423801422
v 0.06750708818435669 -0.07413601130247115 0.05039912089705467
v 0.06766309589147568 -0.07472871243953703 0.050016921013593674
v 0.06744851917028427 -0.07390185445547102 0.049201399087905884
v 0.06756842136383057 -0.0743560418486595 0.04875391349196434
v 0.06725548207759857 -0.07315610349178313 0.04825303331017494
v 0.06735152006149292 -0.07351870834827422 0.047756489366292953
v 0.06697218865156174 -0.07206961512565611 0.047771282494068146
v 0.06704989075660706 -0.0723614916205406 0.04719710722565651
v 0.06666354835033417 -0.07089128345251082 0.04786650836467743
v 0.06671569496393204 -0.07108448445796965 0.04717249423265457
v 0.0664067193865776 -0.06990849971771239 0.04768690466880798
v 0.07142361998558044 -0.07130011171102522 0.047226861119270325
v 0.06704989075660706 -0.0723614916205406 0.04719710722565651
v 0.06735152006149292 -0.07351870834827422 0.047756489366292953
v 0.07142361998558044 -0.07130011171102522 0.047226861119270325
v 0.07140322774648666 -0.07122201472520827 0.04720700904726982
v 0.06704989075660706 -0.0723614916205406 0.04719710722565651
v 0.06704989075660706 -0.0723614916205406 0.04719710722565651
v 0.07140322774648666 -0.07122201472520827 0.04720700904726982
v 0.07111060619354248 -0.07010363042354582 0.04715515673160553
v 0.06704989075660706 -0.0723614916205406 0.04719710722565651
v 0.07111060619354248 -0.07010363042354582 0.04715515673160553
v 0.06671569496393204 -0.07108448445796965 0.04717249423265457
v 0.07111060619354248 -0.07010363042354582 0.04715515673160553
v 0.07106903195381165 -0.06994501501321791 0.04718239605426788
v 0.06671569496393204 -0.07108448445796965 0.04717249423265457
v 0.06671569496393204 -0.07108448445796965 0.04717249423265457
v 0.07106903195381165 -0.06994501501321791 0.04718239605426788
v 0.07081346958875656 -0.06897194683551787 0.047562189400196075
v 0.06671569496393204 -0.07108448445796965 0.04717249423265457
v 0.07081346958875656 -0.06897194683551787 0.047562189400196075
v 0.0664067193865776 -0.06990849971771239 0.04768690466880798
v 0.07081346958875656 -0.06897194683551787 0.047562189400196075
v 0.07076004892587662 -0.06876903027296065 0.047696806490421295
v 0.0664067193865776 -0.06990849971771239 0.04768690466880798
v 0.0664067193865776 -0.06990849971771239 0.04768690466880798
v 0.07076004892587662 -0.06876903027296065 0.047696806490421295
v 0.07057743519544601 -0.06807734072208403 0.048385996371507645
v 0.0664067193865776 -0.06990849971771239 0.04768690466880798
v 0.07057743519544601 -0.06807734072208403 0.048385996371507645
v 0.06617637723684311 -0.06903687119483946 0.04865138977766037
v 0.07057743519544601 -0.06807734072208403 0.048385996371507645
v 0.07052970677614212 -0.06789739429950713 0.04866129159927368
v 0.06617637723684311 -0.06903687119483946 0.04865138977766037
v 0.06617637723684311 -0.06903687119483946 0.04865138977766037
v 0.07052970677614212 -0.06789739429950713 0.04866129159927368
v 0.0704384446144104 -0.06755601614713667 0.04950115829706192
v 0.06617637723684311 -0.06903687119483946 0.04865138977766037
v 0.0704384446144104 -0.06755601614713667 0.04950115829706192
v 0.0660645067691803 -0.06862030923366545 0.04989918693900108
v 0.0704384446144104 -0.06755601614713667 0.04950115829706192
v 0.07041783630847931 -0.06748083233833312 0.0499090850353241
v 0.0660645067691803 -0.06862030923366545 0.04989918693900108
v 0.0660645067691803 -0.06862030923366545 0.04989918693900108
v 0.07041783630847931 -0.06748083233833312 0.0499090850353241
v 0.07041765004396439 -0.06748733669519423 0.0507379025220871
v 0.0660645067691803 -0.06862030923366545 0.04989918693900108
v 0.07041765004396439 -0.06748733669519423 0.0507379025220871
v 0.06609044224023819 -0.06873083859682082 0.05121453478932381
v 0.07041765004396439 -0.06748733669519423 0.0507379025220871
v 0.0704437792301178 -0.06759136915206908 0.05122443661093712
v 0.06609044224023819 -0.06873083859682082 0.05121453478932381
v 0.06609044224023819 -0.06873083859682082 0.05121453478932381
v 0.0704437792301178 -0.06759136915206908 0.05122443661093712
v 0.07051823288202286 -0.06788176298141478 0.051907945424318314
v 0.06609044224023819 -0.06873083859682082 0.05121453478932381
v 0.07051823288202286 -0.06788176298141478 0.051907945424318314
v 0.06624971330165863 -0.06934935599565505 0.05237000063061714
v 0.07051823288202286 -0.06788176298141478 0.051907945424318314
v 0.07060304284095764 -0.0682098865509033 0.052379898726940155
v 0.06624971330165863 -0.06934935599565505 0.05237000063061714
v 0.06624971330165863 -0.06934935599565505 0.05237000063061714
v 0.07060304284095764 -0.0682098865509033 0.052379898726940155
v 0.07072486728429794 -0.06867923587560652 0.052833158522844315
v 0.06624971330165863 -0.06934935599565505 0.05237000063061714
v 0.07072486728429794 -0.06867923587560652 0.052833158522844315
v 0.0665147677063942 -0.0703689157962799 0.05316579341888428
v 0.07072486728429794 -0.06867923587560652 0.052833158522844315
v 0.0708680972456932 -0.06922943890094756 0.05317569151520729
v 0.0665147677063942 -0.0703689157962799 0.05316579341888428
v 0.0665147677063942 -0.0703689157962799 0.05316579341888428
v 0.0708680972456932 -0.06922943890094756 0.05317569151520729
v 0.07100609689950943 -0.06975835561752318 0.05337268486618996
v 0.0665147677063942 -0.0703689157962799 0.05316579341888428
v 0.07100609689950943 -0.06975835561752318 0.05337268486618996
v 0.0668397843837738 -0.07161321491003035 0.053464312106370926
v 0.07100609689950943 -0.06975835561752318 0.05337268486618996
v 0.07119311392307281 -0.07047373801469801 0.05347421392798424
v 0.0668397843837738 -0.07161321491003035 0.053464312106370926
v 0.0668397843837738 -0.07161321491003035 0.053464312106370926
v 0.07119311392307281 -0.07047373801469801 0.05347421392798424
v 0.0713191032409668 -0.07095483690500258 0.05344438925385475
v 0.0668397843837738 -0.07161321491003035 0.053464312106370926
v 0.0713191032409668 -0.07095483690500258 0.05344438925385475
v 0.06716855615377426 -0.07286711037158965 0.0532139427959919
v 0.0713191032409668 -0.07095483690500258 0.05344438925385475
v 0.07152188569307327 -0.07172763347625731 0.05322384461760521
v 0.06716855615377426 -0.07286711037158965 0.0532139427959919
v 0.06716855615377426 -0.07286711037158965 0.0532139427959919
v 0.07152188569307327 -0.07172763347625731 0.05322384461760521
v 0.07161624729633331 -0.07208652794361113 0.053037356585264206
v 0.06716855615377426 -0.07286711037158965 0.0532139427959919
v 0.07161624729633331 -0.07208652794361113 0.053037356585264206
v 0.06744424253702164 -0.0739137902855873 0.05245797336101532
v 0.07161624729633331 -0.07208652794361113 0.053037356585264206
v 0.07179757207632065 -0.07277432084083556 0.05246787518262863
v 0.06744424253702164 -0.0739137902855873 0.05245797336101532
v 0.06744424253702164 -0.0739137902855873 0.05245797336101532
v 0.07179757207632065 -0.07277432084083556 0.05246787518262863
v 0.07185228168964386 -0.07298112660646437 0.05221354961395264
v 0.06744424253702164 -0.0739137902855873 0.05245797336101532
v 0.07185228168964386 -0.07298112660646437 0.05221354961395264
v 0.06761916726827621 -0.07457227259874342 0.05132712423801422
v 0.07185228168964386 -0.07298112660646437 0.05221354961395264
v 0.07197249680757523 -0.07343280315399169 0.051337022334337234
v 0.06761916726827621 -0.07457227259874342 0.05132712423801422
v 0.06761916726827621 -0.07457227259874342 0.05132712423801422
v 0.07197249680757523 -0.07343280315399169 0.051337022334337234
v 0.07199127227067947 -0.07350245118141173 0.05109838768839836
v 0.06761916726827621 -0.07457227259874342 0.05132712423801422
v 0.07199127227067947 -0.07350245118141173 0.05109838768839836
v 0.06766309589147568 -0.07472871243953703 0.050016921013593674
v 0.07199127227067947 -0.07350245118141173 0.05109838768839836
v 0.07201642543077469 -0.0735892355442047 0.05002681910991669
v 0.06766309589147568 -0.07472871243953703 0.050016921013593674
v 0.06766309589147568 -0.07472871243953703 0.050016921013593674
v 0.07201642543077469 -0.0735892355442047 0.05002681910991669
v 0.07201205939054489 -0.07357113063335417 0.049861643463373184
v 0.06766309589147568 -0.07472871243953703 0.050016921013593674
v 0.07201205939054489 -0.07357113063335417 0.049861643463373184
v 0.06756842136383057 -0.0743560418486595 0.04875391349196434
v 0.07201205939054489 -0.07357113063335417 0.049861643463373184
v 0.07192175090312958 -0.07321656495332717 0.048763811588287354
v 0.06756842136383057 -0.0743560418486595 0.04875391349196434
v 0.06756842136383057 -0.0743560418486595 0.04875391349196434
v 0.07192175090312958 -0.07321656495332717 0.048763811588287354
v 0.07191148400306702 -0.07317671179771422 0.04869160056114197
v 0.06756842136383057 -0.0743560418486595 0.04875391349196434
v 0.07191148400306702 -0.07317671179771422 0.04869160056114197
v 0.06735152006149292 -0.07351870834827422 0.047756489366292953
v 0.06735152006149292 -0.07351870834827422 0.047756489366292953
v 0.07191148400306702 -0.07317671179771422 0.04869160056114197
v 0.07170484960079193 -0.07237923145294188 0.04776638746261597
v 0.06735152006149292 -0.07351870834827422 0.047756489366292953
v 0.07170484960079193 -0.07237923145294188 0.04776638746261597
v 0.07142361998558044 -0.07130011171102522 0.047226861119270325
v 0.052729684859514236 -0.0589446797966957 0.038615789264440536
v 0.05250884220004082 -0.05809520557522773 0.03795275092124939
v 0.05343581363558769 -0.05887671932578086 0.03846766799688339
v 0.05321497470140457 -0.05802724510431289 0.037804629653692245
v 0.05343581363558769 -0.05887671932578086 0.03846766799688339
v 0.05321497470140457 -0.05802724510431289 0.037804629653692245
v 0.05401063337922096 -0.05904554575681686 0.038059916347265244
v 0.05378979444503784 -0.058196071535348885 0.0373968742787838
v 0.05401063337922096 -0.05904554575681686 0.038059916347265244
v 0.05378979444503784 -0.058196071535348885 0.0373968742787838
v 0.05430011451244354 -0.059405922889709466 0.03750178590416908
v 0.05407927557826042 -0.058556448668241494 0.036838747560977936
v 0.05430011451244354 -0.059405922889709466 0.03750178590416908
v 0.05407927557826042 -0.058556448668241494 0.036838747560977936
v 0.05442820489406586 -0.05988954752683639 0.03683951497077942
v 0.054207365959882736 -0.059040073305368417 0.03617647662758827
v 0.05442820489406586 -0.05988954752683639 0.03683951497077942
v 0.054207365959882736 -0.059040073305368417 0.03617647662758827
v 0.05435478687286377 -0.06034491583704948 0.0362805612385273
v 0.05413394421339035 -0.059495441615581506 0.03561752289533615
v 0.05435478687286377 -0.06034491583704948 0.0362805612385273
v 0.05413394421339035 -0.059495441615581506 0.03561752289533615
v 0.053938135504722595 -0.060773257166147225 0.03587055206298828
v 0.053717296570539474 -0.05992378294467925 0.035207513719797134
v 0.053938135504722595 -0.060773257166147225 0.03587055206298828
v 0.053717296570539474 -0.05992378294467925 0.035207513719797134
v 0.05328989773988724 -0.06105979532003402 0.03571935370564461
v 0.05306905508041382 -0.06021032109856605 0.03505631163716316
v 0.05328989773988724 -0.06105979532003402 0.03571935370564461
v 0.05306905508041382 -0.06021032109856605 0.03505631163716316
v 0.04260004684329033 -0.06385783106088637 0.035695042461156845
v 0.04237920790910721 -0.0630083605647087 0.0350320003926754
v 0.04260004684329033 -0.06385783106088637 0.035695042461156845
v 0.04237920790910721 -0.0630083605647087 0.0350320003926754
v 0.041893914341926575 -0.06392579525709151 0.03584316372871399
v 0.041673075407743454 -0.06307632476091383 0.035180121660232544
v 0.041893914341926575 -0.06392579525709151 0.03584316372871399
v 0.041673075407743454 -0.06307632476091383 0.035180121660232544
v 0.0413190983235836 -0.06375697255134581 0.03625091537833214
v 0.04109825938940048 -0.06290749460458754 0.03558787330985069
v 0.0413190983235836 -0.06375697255134581 0.03625091537833214
v 0.04109825938940048 -0.06290749460458754 0.03558787330985069
v 0.04102961719036102 -0.0633965879678726 0.0368090458214283
v 0.0408087782561779 -0.06254711747169493 0.036146003752946854
v 0.04102961719036102 -0.0633965879678726 0.0368090458214283
v 0.0408087782561779 -0.06254711747169493 0.036146003752946854
v 0.040988825261592865 -0.0632425770163536 0.03701994568109512
v 0.040767986327409744 -0.06239310652017593 0.036356907337903976
v 0.040924783796072006 -0.061955545097589486 0.03686527535319328
v 0.04114562273025513 -0.06280501931905745 0.03752831742167473
v 0.04078110679984093 -0.062175076454877846 0.03663187101483345
v 0.04100194573402405 -0.06302455067634581 0.0372949093580246
v 0.04078110679984093 -0.062175076454877846 0.03663187101483345
v 0.04100194573402405 -0.06302455067634581 0.0372949093580246
v 0.040767986327409744 -0.06239310652017593 0.036356907337903976
v 0.040988825261592865 -0.0632425770163536 0.03701994568109512
v 0.04114562273025513 -0.06280501931905745 0.03752831742167473
v 0.040924783796072006 -0.061955545097589486 0.03686527535319328
v 0.042012110352516174 -0.06191422045230865 0.03838098794221878
v 0.041791271418333054 -0.061064746230840676 0.037717949599027634
v 0.04236624389886856 -0.060750003904104226 0.037929683923721313
v 0.04258708283305168 -0.0615994781255722 0.03859272226691246
v 0.04204362630844116 -0.06087713316082954 0.037874262779951096
v 0.04226446524262428 -0.06172660738229751 0.03853730112314224
v 0.04204362630844116 -0.06087713316082954 0.037874262779951096
v 0.04226446524262428 -0.06172660738229751 0.03853730112314224
v 0.041791271418333054 -0.061064746230840676 0.037717949599027634
v 0.042012110352516174 -0.06191422045230865 0.03838098794221878
v 0.04258708283305168 -0.0615994781255722 0.03859272226691246
v 0.04236624389886856 -0.060750003904104226 0.037929683923721313
v 0.052729684859514236 -0.0589446797966957 0.038615789264440536
v 0.05250884220004082 -0.05809520557522773 0.03795275092124939
v 0.056836292147636414 -0.06090127676725387 0.03756158426403999
v 0.05627816915512085 -0.058754421770572655 0.035885900259017944
v 0.05643278732895851 -0.060940112918615334 0.03764622285962105
v 0.05587466433644295 -0.05879325792193412 0.035970538854599
v 0.05643278732895851 -0.060940112918615334 0.03764622285962105
v 0.05587466433644295 -0.05879325792193412 0.035970538854599
v 0.05610432103276253 -0.060843639075756066 0.03787922486662865
v 0.055546198040246964 -0.05869678407907485 0.0362035408616066
v 0.05610432103276253 -0.060843639075756066 0.03787922486662865
v 0.055546198040246964 -0.05869678407907485 0.0362035408616066
v 0.055938903242349625 -0.06063770875334739 0.03819815441966057
v 0.05538078024983406 -0.05849085375666618 0.03652247041463852
v 0.055938903242349625 -0.06063770875334739 0.03819815441966057
v 0.05538078024983406 -0.05849085375666618 0.03652247041463852
v 0.0559808574616909 -0.060377500951290124 0.03851756080985069
v 0.05542273446917534 -0.05823064222931861 0.036841873079538345
v 0.0559808574616909 -0.060377500951290124 0.03851756080985069
v 0.05542273446917534 -0.05823064222931861 0.036841873079538345
v 0.0562189444899559 -0.06013273447751998 0.03875184804201126
v 0.05566082149744034 -0.05798587948083877 0.03707616403698921
v 0.0562189444899559 -0.06013273447751998 0.03875184804201126
v 0.05566082149744034 -0.05798587948083877 0.03707616403698921
v 0.056589365005493164 -0.059968996793031686 0.03883824869990349
v 0.0560312420129776 -0.05782214179635047 0.03716256469488144
v 0.056589365005493164 -0.059968996793031686 0.03883824869990349
v 0.0560312420129776 -0.05782214179635047 0.03716256469488144
v 0.056992869824171066 -0.05993016064167022 0.038753610104322433
v 0.0564347468316555 -0.05778330564498901 0.037077922374010086
v 0.056992869824171066 -0.05993016064167022 0.038753610104322433
v 0.0564347468316555 -0.05778330564498901 0.037077922374010086
v 0.05732133612036705 -0.06002663075923919 0.038520608097314835
v 0.056763213127851486 -0.057879775762557976 0.036844924092292786
v 0.05732133612036705 -0.06002663075923919 0.038520608097314835
v 0.056763213127851486 -0.057879775762557976 0.036844924092292786
v 0.05748675391077995 -0.060232564806938164 0.038201674818992615
v 0.05692863091826439 -0.05808570981025695 0.036525990813970566
v 0.05748675391077995 -0.060232564806938164 0.038201674818992615
v 0.05692863091826439 -0.05808570981025695 0.036525990813970566
v 0.057444799691438675 -0.06049277260899543 0.03788227587938309
v 0.05688667669892311 -0.05834591761231422 0.03620658814907074
v 0.057444799691438675 -0.06049277260899543 0.03788227587938309
v 0.05688667669892311 -0.05834591761231422 0.03620658814907074
v 0.057206712663173676 -0.06073753908276557 0.03764798492193222
v 0.05664858967065811 -0.05859068408608436 0.03597229719161987
v 0.057206712663173676 -0.06073753908276557 0.03764798492193222
v 0.05664858967065811 -0.05859068408608436 0.03597229719161987
v 0.056836292147636414 -0.06090127676725387 0.03756158426403999
v 0.05627816915512085 -0.058754421770572655 0.035885900259017944
v 0.03942296281456947 -0.06545916944742201 0.037521980702877045
v 0.03886483982205391 -0.0633123144507408 0.035846296697854996
v 0.03901945799589157 -0.06549800187349318 0.0376066230237484
v 0.03846133500337601 -0.06335114687681197 0.03593093529343605
v 0.03901945799589157 -0.06549800187349318 0.0376066230237484
v 0.03846133500337601 -0.06335114687681197 0.03593093529343605
v 0.03869098797440529 -0.06540153175592421 0.037839625030756
v 0.03813286870718002 -0.063254676759243 0.03616393730044365
v 0.03869098797440529 -0.06540153175592421 0.037839625030756
v 0.03813286870718002 -0.063254676759243 0.03616393730044365
v 0.038525573909282684 -0.06519560515880583 0.03815855458378792
v 0.03796745091676712 -0.06304874271154402 0.03648286685347557
v 0.038525573909282684 -0.06519560515880583 0.03815855458378792
v 0.03796745091676712 -0.06304874271154402 0.03648286685347557
v 0.03856752812862396 -0.06493539363145827 0.038477957248687744
v 0.0380094051361084 -0.06278853863477706 0.036802273243665695
v 0.03856752812862396 -0.06493539363145827 0.038477957248687744
v 0.0380094051361084 -0.06278853863477706 0.036802273243665695
v 0.03880561143159866 -0.06469062715768813 0.03871224820613861
v 0.0382474921643734 -0.06254377216100691 0.03703656047582626
v 0.03880561143159866 -0.06469062715768813 0.03871224820613861
v 0.0382474921643734 -0.06254377216100691 0.03703656047582626
v 0.039176035672426224 -0.06452688574790953 0.03879864886403084
v 0.03861791267991066 -0.062380030751228326 0.03712296113371849
v 0.039176035672426224 -0.06452688574790953 0.03879864886403084
v 0.03861791267991066 -0.062380030751228326 0.03712296113371849
v 0.03957953676581383 -0.06448805332183837 0.038714006543159485
v 0.03902141749858856 -0.06234119459986686 0.037038322538137436
v 0.03957953676581383 -0.06448805332183837 0.038714006543159485
v 0.03902141749858856 -0.06234119459986686 0.037038322538137436
v 0.03990800678730011 -0.06458452343940733 0.038481004536151886
v 0.039349883794784546 -0.06243766844272613 0.03680532053112984
v 0.03990800678730011 -0.06458452343940733 0.038481004536151886
v 0.039349883794784546 -0.06243766844272613 0.03680532053112984
v 0.04007342457771301 -0.06479045748710631 0.038162074983119965
v 0.03951530158519745 -0.0626436024904251 0.03648638725280762
v 0.04007342457771301 -0.06479045748710631 0.038162074983119965
v 0.03951530158519745 -0.0626436024904251 0.03648638725280762
v 0.040031470358371735 -0.06505066901445387 0.03784267231822014
v 0.03947334736585617 -0.06290380656719206 0.03616698831319809
v 0.040031470358371735 -0.06505066901445387 0.03784267231822014
v 0.03947334736585617 -0.06290380656719206 0.03616698831319809
v 0.039793383330106735 -0.06529543548822402 0.03760838136076927
v 0.03923526033759117 -0.0631485804915428 0.03593269735574722
v 0.039793383330106735 -0.06529543548822402 0.03760838136076927
v 0.03923526033759117 -0.0631485804915428 0.03593269735574722
v 0.03942296281456947 -0.06545916944742201 0.037521980702877045
v 0.03886483982205391 -0.0633123144507408 0.035846296697854996
v 0.07262130826711655 -0.07392356544733046 0.04979374632239342
v 0.07250489294528961 -0.07346702367067336 0.048439446836709976
v 0.07192175090312958 -0.07321656495332717 0.048763811588287354
v 0.07192175090312958 -0.07321656495332717 0.048763811588287354
v 0.07201205939054489 -0.07357113063335417 0.049861643463373184
v 0.07262130826711655 -0.07392356544733046 0.04979374632239342
v 0.07262130826711655 -0.07392356544733046 0.04979374632239342
v 0.07201205939054489 -0.07357113063335417 0.049861643463373184
v 0.07201642543077469 -0.0735892355442047 0.05002681910991669
v 0.07262130826711655 -0.07392356544733046 0.04979374632239342
v 0.07201642543077469 -0.0735892355442047 0.05002681910991669
v 0.07259724289178848 -0.07384406775236128 0.05122525244951248
v 0.07201642543077469 -0.0735892355442047 0.05002681910991669
v 0.07199127227067947 -0.07350245118141173 0.05109838768839836
v 0.07259724289178848 -0.07384406775236128 0.05122525244951248
v 0.07259724289178848 -0.07384406775236128 0.05122525244951248
v 0.07199127227067947 -0.07350245118141173 0.05109838768839836
v 0.07197249680757523 -0.07343280315399169 0.051337022334337234
v 0.07259724289178848 -0.07384406775236128 0.05122525244951248
v 0.07197249680757523 -0.07343280315399169 0.051337022334337234
v 0.0724363699555397 -0.07324064522981642 0.05251603201031685
v 0.07197249680757523 -0.07343280315399169 0.051337022334337234
v 0.07185228168964386 -0.07298112660646437 0.05221354961395264
v 0.0724363699555397 -0.07324064522981642 0.05251603201031685
v 0.0724363699555397 -0.07324064522981642 0.05251603201031685
v 0.07185228168964386 -0.07298112660646437 0.05221354961395264
v 0.07179757207632065 -0.07277432084083556 0.05246787518262863
v 0.0724363699555397 -0.07324064522981642 0.05251603201031685
v 0.07179757207632065 -0.07277432084083556 0.05246787518262863
v 0.0721631646156311 -0.07220515608787535 0.053469572216272354
v 0.07179757207632065 -0.07277432084083556 0.05246787518262863
v 0.07161624729633331 -0.07208652794361113 0.053037356585264206
v 0.0721631646156311 -0.07220515608787535 0.053469572216272354
v 0.0721631646156311 -0.07220515608787535 0.053469572216272354
v 0.07161624729633331 -0.07208652794361113 0.053037356585264206
v 0.07152188569307327 -0.07172763347625731 0.05322384461760521
v 0.0721631646156311 -0.07220515608787535 0.053469572216272354
v 0.07152188569307327 -0.07172763347625731 0.05322384461760521
v 0.07181922346353531 -0.07089525461196898 0.053940705955028534
v 0.07152188569307327 -0.07172763347625731 0.05322384461760521
v 0.0713191032409668 -0.07095483690500258 0.05344438925385475
v 0.07181922346353531 -0.07089525461196898 0.053940705955028534
v 0.07181922346353531 -0.07089525461196898 0.053940705955028534
v 0.0713191032409668 -0.07095483690500258 0.05344438925385475
v 0.07119311392307281 -0.07047373801469801 0.05347421392798424
v 0.07181922346353531 -0.07089525461196898 0.053940705955028534
v 0.07119311392307281 -0.07047373801469801 0.05347421392798424
v 0.0714569240808487 -0.06951035559177397 0.0538577102124691
v 0.07119311392307281 -0.07047373801469801 0.05347421392798424
v 0.07100609689950943 -0.06975835561752318 0.05337268486618996
v 0.0714569240808487 -0.06951035559177397 0.0538577102124691
v 0.0714569240808487 -0.06951035559177397 0.0538577102124691
v 0.07100609689950943 -0.06975835561752318 0.05337268486618996
v 0.0708680972456932 -0.06922943890094756 0.05317569151520729
v 0.0714569240808487 -0.06951035559177397 0.0538577102124691
v 0.0708680972456932 -0.06922943890094756 0.05317569151520729
v 0.0711314007639885 -0.06826128810644148 0.05323321372270584
v 0.0711314007639885 -0.06826128810644148 0.05323321372270584
v 0.0708680972456932 -0.06922943890094756 0.05317569151520729
v 0.07072486728429794 -0.06867923587560652 0.052833158522844315
v 0.0711314007639885 -0.06826128810644148 0.05323321372270584
v 0.07072486728429794 -0.06867923587560652 0.052833158522844315
v 0.07089222967624664 -0.067338228225708 0.052162300795316696
v 0.07072486728429794 -0.06867923587560652 0.052833158522844315
v 0.07060304284095764 -0.0682098865509033 0.052379898726940155
v 0.07089222967624664 -0.067338228225708 0.052162300795316696
v 0.07089222967624664 -0.067338228225708 0.052162300795316696
v 0.07060304284095764 -0.0682098865509033 0.052379898726940155
v 0.07051823288202286 -0.06788176298141478 0.051907945424318314
v 0.07089222967624664 -0.067338228225708 0.052162300795316696
v 0.07051823288202286 -0.06788176298141478 0.051907945424318314
v 0.07077581435441971 -0.06688169389963149 0.05080799758434296
v 0.07051823288202286 -0.06788176298141478 0.051907945424318314
v 0.0704437792301178 -0.06759136915206908 0.05122443661093712
v 0.07077581435441971 -0.06688169389963149 0.05080799758434296
v 0.07077581435441971 -0.06688169389963149 0.05080799758434296
v 0.0704437792301178 -0.06759136915206908 0.05122443661093712
v 0.07041765004396439 -0.06748733669519423 0.0507379025220871
v 0.07077581435441971 -0.06688169389963149 0.05080799758434296
v 0.07041765004396439 -0.06748733669519423 0.0507379025220871
v 0.07079987227916718 -0.06696118414402007 0.04937649145722389
v 0.07041765004396439 -0.06748733669519423 0.0507379025220871
v 0.07041783630847931 -0.06748083233833312 0.0499090850353241
v 0.07079987227916718 -0.06696118414402007 0.04937649145722389
v 0.07079987227916718 -0.06696118414402007 0.04937649145722389
v 0.07041783630847931 -0.06748083233833312 0.0499090850353241
v 0.0704384446144104 -0.06755601614713667 0.04950115829706192
v 0.07079987227916718 -0.06696118414402007 0.04937649145722389
v 0.0704384446144104 -0.06755601614713667 0.04950115829706192
v 0.07096075266599655 -0.06756460666656493 0.048085715621709824
v 0.0704384446144104 -0.06755601614713667 0.04950115829706192
v 0.07052970677614212 -0.06789739429950713 0.04866129159927368
v 0.07096075266599655 -0.06756460666656493 0.048085715621709824
v 0.07096075266599655 -0.06756460666656493 0.048085715621709824
v 0.07052970677614212 -0.06789739429950713 0.04866129159927368
v 0.07057743519544601 -0.06807734072208403 0.048385996371507645
v 0.07096075266599655 -0.06756460666656493 0.048085715621709824
v 0.07057743519544601 -0.06807734072208403 0.048385996371507645
v 0.07123395800590515 -0.068600095808506 0.04713217541575432
v 0.07057743519544601 -0.06807734072208403 0.048385996371507645
v 0.07076004892587662 -0.06876903027296065 0.047696806490421295
v 0.07123395800590515 -0.068600095808506 0.04713217541575432
v 0.07123395800590515 -0.068600095808506 0.04713217541575432
v 0.07076004892587662 -0.06876903027296065 0.047696806490421295
v 0.07081346958875656 -0.06897194683551787 0.047562189400196075
v 0.07123395800590515 -0.068600095808506 0.04713217541575432
v 0.07081346958875656 -0.06897194683551787 0.047562189400196075
v 0.07157789170742035 -0.06990999728441237 0.04666104167699814
v 0.07081346958875656 -0.06897194683551787 0.047562189400196075
v 0.07106903195381165 -0.06994501501321791 0.04718239605426788
v 0.07157789170742035 -0.06990999728441237 0.04666104167699814
v 0.07157789170742035 -0.06990999728441237 0.04666104167699814
v 0.07106903195381165 -0.06994501501321791 0.04718239605426788
v 0.07111060619354248 -0.07010363042354582 0.04715515673160553
v 0.07157789170742035 -0.06990999728441237 0.04666104167699814
v 0.07111060619354248 -0.07010363042354582 0.04715515673160553
v 0.07194019854068756 -0.07129490375518797 0.04674403741955757
v 0.07111060619354248 -0.07010363042354582 0.04715515673160553
v 0.07140322774648666 -0.07122201472520827 0.04720700904726982
v 0.07194019854068756 -0.07129490375518797 0.04674403741955757
v 0.07194019854068756 -0.07129490375518797 0.04674403741955757
v 0.07140322774648666 -0.07122201472520827 0.04720700904726982
v 0.07142361998558044 -0.07130011171102522 0.047226861119270325
v 0.07194019854068756 -0.07129490375518797 0.04674403741955757
v 0.07142361998558044 -0.07130011171102522 0.047226861119270325
v 0.07226572185754776 -0.07254396378993987 0.04736853018403053
v 0.07170484960079193 -0.07237923145294188 0.04776638746261597
v 0.07226572185754776 -0.07254396378993987 0.04736853018403053
v 0.07170484960079193 -0.07237923145294188 0.04776638746261597
v 0.07250489294528961 -0.07346702367067336 0.048439446836709976
v 0.07191148400306702 -0.07317671179771422 0.04869160056114197
v 0.07250489294528961 -0.07346702367067336 0.048439446836709976
v 0.07191148400306702 -0.07317671179771422 0.04869160056114197
v 0.07192175090312958 -0.07321656495332717 0.048763811588287354
v 0.05250884220004082 -0.05809520557522773 0.03795275092124939
v 0.05243782699108124 -0.057824220508337014 0.037991780787706375
v 0.05321497470140457 -0.05802724510431289 0.037804629653692245
v 0.053244832903146744 -0.05774654820561408 0.03782249987125397
v 0.05321497470140457 -0.05802724510431289 0.037804629653692245
v 0.053244832903146744 -0.05774654820561408 0.03782249987125397
v 0.05378979444503784 -0.058196071535348885 0.0373968742787838
v 0.05390176549553871 -0.05793949589133262 0.03735649585723877
v 0.05378979444503784 -0.058196071535348885 0.0373968742787838
v 0.05390176549553871 -0.05793949589133262 0.03735649585723877
v 0.05407927557826042 -0.058556448668241494 0.036838747560977936
v 0.05423260107636452 -0.05835135653614997 0.03671863302588463
v 0.05423260107636452 -0.05835135653614997 0.03671863302588463
v 0.05436069518327713 -0.058834977447986596 0.036056362092494965
v 0.05407927557826042 -0.058556448668241494 0.036838747560977936
v 0.054207365959882736 -0.059040073305368417 0.03617647662758827
v 0.054207365959882736 -0.059040073305368417 0.03617647662758827
v 0.05436069518327713 -0.058834977447986596 0.036056362092494965
v 0.05413394421339035 -0.059495441615581506 0.03561752289533615
v 0.054276786744594574 -0.059355400502681725 0.03541755676269531
v 0.05413394421339035 -0.059495441615581506 0.03561752289533615
v 0.054276786744594574 -0.059355400502681725 0.03541755676269531
v 0.053717296570539474 -0.05992378294467925 0.035207513719797134
v 0.053800612688064575 -0.05984493345022201 0.03494897857308388
v 0.053717296570539474 -0.05992378294467925 0.035207513719797134
v 0.053800612688064575 -0.05984493345022201 0.03494897857308388
v 0.05306905508041382 -0.06021032109856605 0.03505631163716316
v 0.05305977165699005 -0.0601724088191986 0.03477617725729942
v 0.05305977165699005 -0.0601724088191986 0.03477617725729942
v 0.04236992076039314 -0.06297044456005095 0.03475186601281166
v 0.05306905508041382 -0.06021032109856605 0.03505631163716316
v 0.04237920790910721 -0.0630083605647087 0.0350320003926754
v 0.04237920790910721 -0.0630083605647087 0.0350320003926754
v 0.04236992076039314 -0.06297044456005095 0.03475186601281166
v 0.041673075407743454 -0.06307632476091383 0.035180121660232544
v 0.04156291112303734 -0.06304811686277388 0.03492114692926407
v 0.041673075407743454 -0.06307632476091383 0.035180121660232544
v 0.04156291112303734 -0.06304811686277388 0.03492114692926407
v 0.04109825938940048 -0.06290749460458754 0.03558787330985069
v 0.04090597853064537 -0.06285516917705535 0.035387150943279266
v 0.04109825938940048 -0.06290749460458754 0.03558787330985069
v 0.04090597853064537 -0.06285516917705535 0.035387150943279266
v 0.0408087782561779 -0.06254711747169493 0.036146003752946854
v 0.040575142949819565 -0.062443308532238 0.03602501004934311
v 0.040767986327409744 -0.06239310652017593 0.036356907337903976
v 0.0408087782561779 -0.06254711747169493 0.036146003752946854
v 0.04053435102105141 -0.06228929758071899 0.03623591363430023
v 0.040575142949819565 -0.062443308532238 0.03602501004934311
v 0.040767986327409744 -0.06239310652017593 0.036356907337903976
v 0.04053435102105141 -0.06228929758071899 0.03623591363430023
v 0.04078110679984093 -0.062175076454877846 0.03663187101483345
v 0.040550388395786285 -0.06202282011508941 0.03657197952270508
v 0.04078110679984093 -0.062175076454877846 0.03663187101483345
v 0.040550388395786285 -0.06202282011508941 0.03657197952270508
v 0.040924783796072006 -0.061955545097589486 0.03686527535319328
v 0.04072599485516548 -0.06175450235605239 0.036857254803180695
v 0.041791271418333054 -0.061064746230840676 0.037717949599027634
v 0.040924783796072006 -0.061955545097589486 0.03686527535319328
v 0.04159247875213623 -0.06086370348930358 0.03770992532372475
v 0.04072599485516548 -0.06175450235605239 0.036857254803180695
v 0.041791271418333054 -0.061064746230840676 0.037717949599027634
v 0.04159247875213623 -0.06086370348930358 0.03770992532372475
v 0.04204362630844116 -0.06087713316082954 0.037874262779951096
v 0.041900914162397385 -0.060634400695562356 0.037900976836681366
v 0.04204362630844116 -0.06087713316082954 0.037874262779951096
v 0.041900914162397385 -0.060634400695562356 0.037900976836681366
v 0.04236624389886856 -0.060750003904104226 0.037929683923721313
v 0.04229522496461868 -0.06047901883721351 0.0379687137901783
v 0.04229522496461868 -0.06047901883721351 0.0379687137901783
v 0.05243782699108124 -0.057824220508337014 0.037991780787706375
v 0.04236624389886856 -0.060750003904104226 0.037929683923721313
v 0.05250884220004082 -0.05809520557522773 0.03795275092124939
v 0.05587466433644295 -0.05879325792193412 0.035970538854599
v 0.05575348436832428 -0.05876223370432853 0.035685665905475616
v 0.055546198040246964 -0.05869678407907485 0.0362035408616066
v 0.05533469095826149 -0.058639232069253915 0.03598274290561676
v 0.055546198040246964 -0.05869678407907485 0.0362035408616066
v 0.05533469095826149 -0.058639232069253915 0.03598274290561676
v 0.05538078024983406 -0.05849085375666618 0.03652247041463852
v 0.05512378364801407 -0.05837666988372802 0.03638938069343567
v 0.05538078024983406 -0.05849085375666618 0.03652247041463852
v 0.05512378364801407 -0.05837666988372802 0.03638938069343567
v 0.05542273446917534 -0.05823064222931861 0.036841873079538345
v 0.05517727509140968 -0.0580448992550373 0.03679661825299263
v 0.05542273446917534 -0.05823064222931861 0.036841873079538345
v 0.05517727509140968 -0.0580448992550373 0.03679661825299263
v 0.05566082149744034 -0.05798587948083877 0.03707616403698921
v 0.05548083409667015 -0.05773282423615455 0.037095338106155396
v 0.05566082149744034 -0.05798587948083877 0.03707616403698921
v 0.05548083409667015 -0.05773282423615455 0.037095338106155396
v 0.0560312420129776 -0.05782214179635047 0.03716256469488144
v 0.055953122675418854 -0.057524058967828744 0.03720549866557121
v 0.0560312420129776 -0.05782214179635047 0.03716256469488144
v 0.055953122675418854 -0.057524058967828744 0.03720549866557121
v 0.0564347468316555 -0.05778330564498901 0.037077922374010086
v 0.05646758899092674 -0.05747454240918159 0.03709758073091507
v 0.0564347468316555 -0.05778330564498901 0.037077922374010086
v 0.05646758899092674 -0.05747454240918159 0.03709758073091507
v 0.056763213127851486 -0.057879775762557976 0.036844924092292786
v 0.05688638612627983 -0.0575975440442562 0.036800503730773926
v 0.056763213127851486 -0.057879775762557976 0.036844924092292786
v 0.05688638612627983 -0.0575975440442562 0.036800503730773926
v 0.05692863091826439 -0.05808570981025695 0.036525990813970566
v 0.05709729343652725 -0.0578601062297821 0.03639386594295502
v 0.05692863091826439 -0.05808570981025695 0.036525990813970566
v 0.05709729343652725 -0.0578601062297821 0.03639386594295502
v 0.05688667669892311 -0.05834591761231422 0.03620658814907074
v 0.05704380199313164 -0.05819187685847282 0.035986628383398056
v 0.05688667669892311 -0.05834591761231422 0.03620658814907074
v 0.05704380199313164 -0.05819187685847282 0.035986628383398056
v 0.05664858967065811 -0.05859068408608436 0.03597229719161987
v 0.05674023926258087 -0.05850395187735557 0.03568790853023529
v 0.05664858967065811 -0.05859068408608436 0.03597229719161987
v 0.05674023926258087 -0.05850395187735557 0.03568790853023529
v 0.05627816915512085 -0.058754421770572655 0.035885900259017944
v 0.05626795068383217 -0.058712717145681374 0.03557774797081947
v 0.05627816915512085 -0.058754421770572655 0.035885900259017944
v 0.05626795068383217 -0.058712717145681374 0.03557774797081947
v 0.05587466433644295 -0.05879325792193412 0.035970538854599
v 0.05575348436832428 -0.05876223370432853 0.035685665905475616
v 0.03846133500337601 -0.06335114687681197 0.03593093529343605
v 0.03834015503525734 -0.06332012265920638 0.03564606234431267
v 0.03813286870718002 -0.063254676759243 0.03616393730044365
v 0.03792136162519455 -0.06319712102413176 0.03594313934445381
v 0.03813286870718002 -0.063254676759243 0.03616393730044365
v 0.03792136162519455 -0.06319712102413176 0.03594313934445381
v 0.03796745091676712 -0.06304874271154402 0.03648286685347557
v 0.03771045431494713 -0.06293456256389617 0.03634977713227272
v 0.03796745091676712 -0.06304874271154402 0.03648286685347557
v 0.03771045431494713 -0.06293456256389617 0.03634977713227272
v 0.0380094051361084 -0.06278853863477706 0.036802273243665695
v 0.03776394575834274 -0.06260278820991515 0.03675701469182968
v 0.0380094051361084 -0.06278853863477706 0.036802273243665695
v 0.03776394575834274 -0.06260278820991515 0.03675701469182968
v 0.0382474921643734 -0.06254377216100691 0.03703656047582626
v 0.03806750476360321 -0.0622907131910324 0.03705573454499245
v 0.0382474921643734 -0.06254377216100691 0.03703656047582626
v 0.03806750476360321 -0.0622907131910324 0.03705573454499245
v 0.03861791267991066 -0.062380030751228326 0.03712296113371849
v 0.03853979334235191 -0.0620819479227066 0.037165895104408264
v 0.03861791267991066 -0.062380030751228326 0.03712296113371849
v 0.03853979334235191 -0.0620819479227066 0.037165895104408264
v 0.03902141749858856 -0.06234119459986686 0.037038322538137436
v 0.0390542596578598 -0.06203243508934974 0.03705798089504242
v 0.03902141749858856 -0.06234119459986686 0.037038322538137436
v 0.0390542596578598 -0.06203243508934974 0.03705798089504242
v 0.039349883794784546 -0.06243766844272613 0.03680532053112984
v 0.03947305679321289 -0.062155436724424355 0.03676090016961098
v 0.039349883794784546 -0.06243766844272613 0.03680532053112984
v 0.03947305679321289 -0.062155436724424355 0.03676090016961098
v 0.03951530158519745 -0.0626436024904251 0.03648638725280762
v 0.03968396410346031 -0.06241799890995025 0.03635426610708237
v 0.03951530158519745 -0.0626436024904251 0.03648638725280762
v 0.03968396410346031 -0.06241799890995025 0.03635426610708237
v 0.03947334736585617 -0.06290380656719206 0.03616698831319809
v 0.0396304689347744 -0.06274976581335066 0.035947028547525406
v 0.03947334736585617 -0.06290380656719206 0.03616698831319809
v 0.0396304689347744 -0.06274976581335066 0.035947028547525406
v 0.03923526033759117 -0.0631485804915428 0.03593269735574722
v 0.03932690992951393 -0.06306184083223342 0.03564830869436264
v 0.03923526033759117 -0.0631485804915428 0.03593269735574722
v 0.03932690992951393 -0.06306184083223342 0.03564830869436264
v 0.03886483982205391 -0.0633123144507408 0.035846296697854996
v 0.03885462507605553 -0.06327060610055922 0.03553814813494682
v 0.03886483982205391 -0.0633123144507408 0.035846296697854996
v 0.03885462507605553 -0.06327060610055922 0.03553814813494682
v 0.03846133500337601 -0.06335114687681197 0.03593093529343605
v 0.03834015503525734 -0.06332012265920638 0.03564606234431267
v 0.06250061839818954 -0.05350311845541 0.04288599267601967
v 0.06393637508153915 -0.05378166958689689 0.04336709901690483
v 0.06492578983306885 -0.05310875177383422 0.04306706786155701
v 0.07257825136184692 -0.08033657073974608 0.06443022191524506
v 0.07207566499710083 -0.08155643194913863 0.0652238130569458
v 0.07278741896152496 -0.08229959756135939 0.0659041702747345
v 0.03861408308148384 -0.09170257300138472 0.06616105139255524
v 0.03717833012342453 -0.09142402559518813 0.06567994505167007
v 0.036188915371894836 -0.0920969396829605 0.0659799799323082
v 0.028536448255181313 -0.06486912071704863 0.04461682587862015
v 0.029039038345217705 -0.06364925950765608 0.043823231011629105
v 0.02832728438079357 -0.06290609389543532 0.04314287379384041
v 0.06342588365077972 -0.05268170684576034 0.04246511682868004
v 0.06183946505188942 -0.05258005484938621 0.04208405315876007
v 0.060992948710918427 -0.053556356579065316 0.042633265256881714
v 0.060250021517276764 -0.052774161100387566 0.041918374598026276
v 0.059142470359802246 -0.05395871400833129 0.042569175362586975
v 0.05891761556267738 -0.0530937947332859 0.04189407825469971
v 0.03398988023400307 -0.06054233387112617 0.042511969804763794
v 0.033765025436878204 -0.05967741459608077 0.041836876422166824
v 0.032409168779850006 -0.06101099401712417 0.04254847764968872
v 0.0322653166949749 -0.060112211853265755 0.04186432063579559
v 0.031092433258891106 -0.06163025274872779 0.042746011167764664
v 0.030817735940217972 -0.060739371925592416 0.0420423187315464
v 0.029902713373303413 -0.06254932284355162 0.04318705201148987
v 0.029555752873420715 -0.06158874556422233 0.04241848737001419
v 0.028460390865802765 -0.06272475421428679 0.043036192655563354
v 0.07347890734672546 -0.08100990206003188 0.06509611755609512
v 0.0737820565700531 -0.07968526333570479 0.0641874372959137
v 0.07268303632736206 -0.07909457385540007 0.06354352086782455
v 0.07372371107339859 -0.07839145511388777 0.06323134899139404
v 0.0723993331193924 -0.07760815322399138 0.06240319460630417
v 0.07348282635211945 -0.07732455432415007 0.06240566074848175
v 0.06717948615550995 -0.05752966180443763 0.04673132672905922
v 0.068262979388237 -0.05724606290459632 0.0467337928712368
v 0.06678426265716553 -0.056274022907018655 0.04573795571923256
v 0.06790005415678024 -0.05605365335941314 0.0457928441464901
v 0.06617504358291626 -0.055253863334655755 0.04487515613436699
v 0.06729591637849808 -0.05492607504129409 0.04485258460044861
v 0.06518471986055374 -0.054372631013393395 0.044040095061063766
v 0.0663990005850792 -0.05397717282176017 0.04398617520928383
v 0.06513264775276184 -0.05319849401712417 0.04317261278629303
v 0.03768882155418396 -0.09252398461103438 0.06658192723989487
v 0.039275236427783966 -0.09262563288211821 0.06696299463510513
v 0.04012175276875496 -0.0916493386030197 0.06641378253698349
v 0.04086467996239662 -0.09243153035640715 0.06712867319583893
v 0.04197223484516144 -0.09124697744846343 0.06647787243127823
v 0.0421970896422863 -0.09211190044879912 0.0671529695391655
v 0.06712482124567032 -0.08466336131095885 0.06653507798910141
v 0.06734967976808548 -0.08552827686071394 0.06721016764640808
v 0.06870552897453308 -0.08419469743967055 0.06649857014417648
v 0.06884938478469849 -0.08509348332881926 0.06718272715806961
v 0.07002227008342743 -0.08357544243335722 0.06630103290081024
v 0.07029696553945541 -0.0844663232564926 0.0670047253370285
v 0.07121198624372482 -0.08265636861324309 0.06585999578237534
v 0.07155895233154297 -0.08361694216728209 0.06662856042385101
v 0.07265431433916092 -0.08248094469308852 0.06601085513830185
v 0.027635794132947922 -0.06419578939676283 0.04395092651247978
v 0.027332648634910583 -0.06552042812108992 0.04485960677266121
v 0.028431668877601624 -0.06611111760139464 0.04550352320075035
v 0.027390990406274796 -0.06681424379348753 0.04581569507718086
v 0.02871537022292614 -0.06759753823280333 0.046643853187561035
v 0.02763187512755394 -0.06788114458322524 0.04664138704538345
v 0.033935219049453735 -0.08767603337764739 0.062315717339515686
v 0.032851725816726685 -0.0879596322774887 0.0623132549226284
v 0.03433044254779816 -0.08893167227506636 0.06330908834934235
v 0.03321464732289314 -0.08915203809738158 0.06325419992208481
v 0.034939657896757126 -0.08995182812213896 0.06417188793420792
v 0.03381878137588501 -0.09027961641550063 0.0641944631934166
v 0.03592998534440994 -0.09083306044340132 0.06500694900751114
v 0.034715697169303894 -0.09122852236032485 0.06506087630987167
v 0.03598205745220184 -0.09200719743967055 0.06587443500757217
v 0.034503038972616196 -0.09419427067041396 0.05377554893493652
v 0.03462010249495506 -0.09463362395763396 0.05411902815103531
v 0.032851725816726685 -0.0879596322774887 0.0623132549226284
v 0.032851725816726685 -0.0879596322774887 0.0623132549226284
v 0.03462010249495506 -0.09463362395763396 0.05411902815103531
v 0.0347546748816967 -0.09507726132869719 0.054469022899866104
v 0.032851725816726685 -0.0879596322774887 0.0623132549226284
v 0.0347546748816967 -0.09507726132869719 0.054469022899866104
v 0.03321464732289314 -0.08915203809738158 0.06325419992208481
v 0.03547791391611099 -0.09652511030435561 0.05566619709134102
v 0.03381878137588501 -0.09027961641550063 0.0641944631934166
v 0.035059381276369095 -0.0958278104662895 0.05507604405283928
v 0.035059381276369095 -0.0958278104662895 0.05507604405283928
v 0.03381878137588501 -0.09027961641550063 0.0641944631934166
v 0.03321464732289314 -0.08915203809738158 0.06325419992208481
v 0.035059381276369095 -0.0958278104662895 0.05507604405283928
v 0.03321464732289314 -0.08915203809738158 0.06325419992208481
v 0.03486596420407295 -0.09538667649030684 0.05471649765968323
v 0.03486596420407295 -0.09538667649030684 0.05471649765968323
v 0.03321464732289314 -0.08915203809738158 0.06325419992208481
v 0.0347546748816967 -0.09507726132869719 0.054469022899866104
v 0.03547791391611099 -0.09652511030435561 0.05566619709134102
v 0.03573635220527649 -0.09685201942920683 0.05595490708947182
v 0.03381878137588501 -0.09027961641550063 0.0641944631934166
v 0.03381878137588501 -0.09027961641550063 0.0641944631934166
v 0.03573635220527649 -0.09685201942920683 0.05595490708947182
v 0.03628081455826759 -0.09739138931035994 0.05645408481359482
v 0.03381878137588501 -0.09027961641550063 0.0641944631934166
v 0.03628081455826759 -0.09739138931035994 0.05645408481359482
v 0.034715697169303894 -0.09122852236032485 0.06506087630987167
v 0.03628081455826759 -0.09739138931035994 0.05645408481359482
v 0.036367014050483704 -0.09746316075325011 0.056523166596889496
v 0.034715697169303894 -0.09122852236032485 0.06506087630987167
v 0.034715697169303894 -0.09122852236032485 0.06506087630987167
v 0.036367014050483704 -0.09746316075325011 0.056523166596889496
v 0.03692333772778511 -0.09786100685596465 0.05692129582166672
v 0.034715697169303894 -0.09122852236032485 0.06506087630987167
v 0.03692333772778511 -0.09786100685596465 0.05692129582166672
v 0.03598205745220184 -0.09200719743967055 0.06587443500757217
v 0.03692333772778511 -0.09786100685596465 0.05692129582166672
v 0.03727927803993225 -0.09806708991527556 0.05714063346385956
v 0.03598205745220184 -0.09200719743967055 0.06587443500757217
v 0.03598205745220184 -0.09200719743967055 0.06587443500757217
v 0.03727927803993225 -0.09806708991527556 0.05714063346385956
v 0.03803320601582527 -0.0984077826142311 0.05753524228930473
v 0.03598205745220184 -0.09200719743967055 0.06587443500757217
v 0.03803320601582527 -0.0984077826142311 0.05753524228930473
v 0.036188915371894836 -0.0920969396829605 0.0659799799323082
v 0.036188915371894836 -0.0920969396829605 0.0659799799323082
v 0.03803320601582527 -0.0984077826142311 0.05753524228930473
v 0.038851987570524216 -0.09865882992744444 0.05787692964076996
v 0.036188915371894836 -0.0920969396829605 0.0659799799323082
v 0.038851987570524216 -0.09865882992744444 0.05787692964076996
v 0.03768882155418396 -0.09252398461103438 0.06658192723989487
v 0.038851987570524216 -0.09865882992744444 0.05787692964076996
v 0.03927530720829964 -0.09874736517667769 0.05802346020936966
v 0.03768882155418396 -0.09252398461103438 0.06658192723989487
v 0.03768882155418396 -0.09252398461103438 0.06658192723989487
v 0.03927530720829964 -0.09874736517667769 0.05802346020936966
v 0.040154870599508286 -0.0988512337207794 0.058269429951906204
v 0.03768882155418396 -0.09252398461103438 0.06658192723989487
v 0.040154870599508286 -0.0988512337207794 0.058269429951906204
v 0.039275236427783966 -0.09262563288211821 0.06696299463510513
v 0.040154870599508286 -0.0988512337207794 0.058269429951906204
v 0.040926553308963776 -0.09886027872562407 0.058425288647413254
v 0.039275236427783966 -0.09262563288211821 0.06696299463510513
v 0.039275236427783966 -0.09262563288211821 0.06696299463510513
v 0.040926553308963776 -0.09886027872562407 0.058425288647413254
v 0.0410790778696537 -0.09885354340076445 0.058449871838092804
v 0.039275236427783966 -0.09262563288211821 0.06696299463510513
v 0.0410790778696537 -0.09885354340076445 0.058449871838092804
v 0.04086467996239662 -0.09243153035640715 0.06712867319583893
v 0.04384840652346611 -0.09834653884172438 0.05861526355147362
v 0.0421970896422863 -0.09211190044879912 0.0671529695391655
v 0.04288917034864426 -0.09858624637126921 0.05860477685928345
v 0.04288917034864426 -0.09858624637126921 0.05860477685928345
v 0.0421970896422863 -0.09211190044879912 0.0671529695391655
v 0.04086467996239662 -0.09243153035640715 0.06712867319583893
v 0.04288917034864426 -0.09858624637126921 0.05860477685928345
v 0.04086467996239662 -0.09243153035640715 0.06712867319583893
v 0.041851092129945755 -0.09877916425466536 0.05854487419128418
v 0.041851092129945755 -0.09877916425466536 0.05854487419128418
v 0.04086467996239662 -0.09243153035640715 0.06712867319583893
v 0.0410790778696537 -0.09885354340076445 0.058449871838092804
v 0.06566357612609863 -0.09114110469818114 0.06058071553707123
v 0.06551477313041687 -0.09129408746957778 0.060434285551309586
v 0.06900099664926529 -0.09176291525363921 0.0586724653840065
v 0.06528326123952866 -0.09139642119407652 0.06038028374314308
v 0.04384840652346611 -0.09834653884172438 0.05861526355147362
v 0.04690252244472504 -0.09620752930641173 0.06033848226070404
v 0.04665033519268036 -0.09623179584741591 0.0603913851082325
v 0.04553450271487236 -0.09273371100425719 0.06524471938610077
v 0.04568330571055412 -0.09258073568344115 0.06539114564657211
v 0.0421970896422863 -0.09211190044879912 0.0671529695391655
v 0.045914821326732635 -0.0924783945083618 0.06544514745473862
v 0.06734967976808548 -0.08552827686071394 0.06721016764640808
v 0.06429556012153625 -0.0876672863960266 0.06548695266246796
v 0.06454774737358093 -0.08764301985502242 0.0654340535402298
v 0.06475304067134857 -0.08770330995321272 0.06528842449188232
v 0.06485642492771149 -0.08783201873302458 0.06508909165859222
v 0.0656898021697998 -0.09097847342491149 0.06078034266829491
v 0.04644504189491272 -0.0961715057492256 0.06053701043128967
v 0.046341657638549805 -0.09604279696941374 0.06073634326457977
v 0.04550828039646149 -0.09289634227752684 0.06504508852958679
v 0.06900099664926529 -0.09176291525363921 0.0586724653840065
v 0.06955169886350632 -0.09161650389432906 0.058672063052654266
v 0.06734967976808548 -0.08552827686071394 0.06721016764640808
v 0.06734967976808548 -0.08552827686071394 0.06721016764640808
v 0.06955169886350632 -0.09161650389432906 0.058672063052654266
v 0.07010961323976517 -0.0914551094174385 0.058662112802267075
v 0.06734967976808548 -0.08552827686071394 0.06721016764640808
v 0.07010961323976517 -0.0914551094174385 0.058662112802267075
v 0.06884938478469849 -0.08509348332881926 0.06718272715806961
v 0.07196244597434998 -0.09069327265024184 0.05846414715051651
v 0.07029696553945541 -0.0844663232564926 0.0670047253370285
v 0.07106219232082367 -0.09111829847097395 0.058600399643182755
v 0.07106219232082367 -0.09111829847097395 0.058600399643182755
v 0.07029696553945541 -0.0844663232564926 0.0670047253370285
v 0.06884938478469849 -0.08509348332881926 0.06718272715806961
v 0.07106219232082367 -0.09111829847097395 0.058600399643182755
v 0.06884938478469849 -0.08509348332881926 0.06718272715806961
v 0.0705007016658783 -0.09132812172174452 0.05864502117037773
v 0.0705007016658783 -0.09132812172174452 0.05864502117037773
v 0.06884938478469849 -0.08509348332881926 0.06718272715806961
v 0.07010961323976517 -0.0914551094174385 0.058662112802267075
v 0.07196244597434998 -0.09069327265024184 0.05846414715051651
v 0.07239151746034622 -0.09044250100851058 0.058364011347293854
v 0.07029696553945541 -0.0844663232564926 0.0670047253370285
v 0.07029696553945541 -0.0844663232564926 0.0670047253370285
v 0.07239151746034622 -0.09044250100851058 0.058364011347293854
v 0.07311274856328964 -0.08993102610111235 0.05813000351190567
v 0.07029696553945541 -0.0844663232564926 0.0670047253370285
v 0.07311274856328964 -0.08993102610111235 0.05813000351190567
v 0.07155895233154297 -0.08361694216728209 0.06662856042385101
v 0.07311274856328964 -0.08993102610111235 0.05813000351190567
v 0.07321026921272278 -0.08985158801078795 0.058090854436159134
v 0.07155895233154297 -0.08361694216728209 0.06662856042385101
v 0.07155895233154297 -0.08361694216728209 0.06662856042385101
v 0.07321026921272278 -0.08985158801078795 0.058090854436159134
v 0.07375969737768173 -0.089346244931221 0.05782809853553772
v 0.07155895233154297 -0.08361694216728209 0.06662856042385101
v 0.07375969737768173 -0.089346244931221 0.05782809853553772
v 0.07265431433916092 -0.08248094469308852 0.06601085513830185
v 0.07375969737768173 -0.089346244931221 0.05782809853553772
v 0.07405193895101547 -0.08902838081121443 0.05765250325202942
v 0.07265431433916092 -0.08248094469308852 0.06601085513830185
v 0.07265431433916092 -0.08248094469308852 0.06601085513830185
v 0.07405193895101547 -0.08902838081121443 0.05765250325202942
v 0.0745537057518959 -0.08836591243743895 0.057265788316726685
v 0.07265431433916092 -0.08248094469308852 0.06601085513830185
v 0.0745537057518959 -0.08836591243743895 0.057265788316726685
v 0.07278741896152496 -0.08229959756135939 0.0659041702747345
v 0.07278741896152496 -0.08229959756135939 0.0659041702747345
v 0.0745537057518959 -0.08836591243743895 0.057265788316726685
v 0.0749531164765358 -0.08765986561775206 0.056827444583177567
v 0.07278741896152496 -0.08229959756135939 0.0659041702747345
v 0.0749531164765358 -0.08765986561775206 0.056827444583177567
v 0.07347890734672546 -0.08100990206003188 0.06509611755609512
v 0.0749531164765358 -0.08765986561775206 0.056827444583177567
v 0.07510913908481598 -0.08729947358369826 0.056594450026750565
v 0.07347890734672546 -0.08100990206003188 0.06509611755609512
v 0.07347890734672546 -0.08100990206003188 0.06509611755609512
v 0.07510913908481598 -0.08729947358369826 0.056594450026750565
v 0.07533533871173859 -0.0865596905350685 0.05609797686338425
v 0.07347890734672546 -0.08100990206003188 0.06509611755609512
v 0.07533533871173859 -0.0865596905350685 0.05609797686338425
v 0.0737820565700531 -0.07968526333570479 0.0641874372959137
v 0.07533533871173859 -0.0865596905350685 0.05609797686338425
v 0.07543336600065231 -0.08591990172863005 0.055649735033512115
v 0.0737820565700531 -0.07968526333570479 0.0641874372959137
v 0.0737820565700531 -0.07968526333570479 0.0641874372959137
v 0.07543336600065231 -0.08591990172863005 0.055649735033512115
v 0.07544232159852982 -0.08579440414905547 0.05555982142686844
v 0.0737820565700531 -0.07968526333570479 0.0641874372959137
v 0.07544232159852982 -0.08579440414905547 0.05555982142686844
v 0.07372371107339859 -0.07839145511388777 0.06323134899139404
v 0.07513414323329926 -0.08355919271707533 0.05386795476078987
v 0.07348282635211945 -0.07732455432415007 0.06240566074848175
v 0.07531929761171341 -0.08432620018720625 0.05446387082338333
v 0.07531929761171341 -0.08432620018720625 0.05446387082338333
v 0.07348282635211945 -0.07732455432415007 0.06240566074848175
v 0.07372371107339859 -0.07839145511388777 0.06323134899139404
v 0.07531929761171341 -0.08432620018720625 0.05446387082338333
v 0.07372371107339859 -0.07839145511388777 0.06323134899139404
v 0.07543832808732986 -0.08516374230384825 0.055098507553339005
v 0.07543832808732986 -0.08516374230384825 0.055098507553339005
v 0.07372371107339859 -0.07839145511388777 0.06323134899139404
v 0.07544232159852982 -0.08579440414905547 0.05555982142686844
v 0.07513414323329926 -0.08355919271707533 0.05386795476078987
v 0.07262130826711655 -0.07392356544733046 0.04979374632239342
v 0.07259724289178848 -0.07384406775236128 0.05122525244951248
v 0.0721631646156311 -0.07220515608787535 0.053469572216272354
v 0.07181922346353531 -0.07089525461196898 0.053940705955028534
v 0.07348282635211945 -0.07732455432415007 0.06240566074848175
v 0.0724363699555397 -0.07324064522981642 0.05251603201031685
v 0.0714569240808487 -0.06951035559177397 0.0538577102124691
v 0.0711314007639885 -0.06826128810644148 0.05323321372270584
v 0.068262979388237 -0.05724606290459632 0.0467337928712368
v 0.07089222967624664 -0.067338228225708 0.052162300795316696
v 0.07077581435441971 -0.06688169389963149 0.05080799758434296
v 0.07079987227916718 -0.06696118414402007 0.04937649145722389
v 0.07096075266599655 -0.06756460666656493 0.048085715621709824
v 0.06991429626941681 -0.06348069757223128 0.03819608688354492
v 0.07123395800590515 -0.068600095808506 0.04713217541575432
v 0.07157789170742035 -0.06990999728441237 0.04666104167699814
v 0.07194019854068756 -0.07129490375518797 0.04674403741955757
v 0.07226572185754776 -0.07254396378993987 0.04736853018403053
v 0.07250489294528961 -0.07346702367067336 0.048439446836709976
v 0.06991429626941681 -0.06348069757223128 0.03819608688354492
v 0.06979723274707794 -0.06304135173559187 0.037852607667446136
v 0.068262979388237 -0.05724606290459632 0.0467337928712368
v 0.068262979388237 -0.05724606290459632 0.0467337928712368
v 0.06979723274707794 -0.06304135173559187 0.037852607667446136
v 0.0696626603603363 -0.06259770691394805 0.03750261291861534
v 0.068262979388237 -0.05724606290459632 0.0467337928712368
v 0.0696626603603363 -0.06259770691394805 0.03750261291861534
v 0.06790005415678024 -0.05605365335941314 0.0457928441464901
v 0.06893941760063171 -0.061149857938289635 0.03630543872714043
v 0.06729591637849808 -0.05492607504129409 0.04485258460044861
v 0.06935795396566391 -0.061847161501646035 0.036895591765642166
v 0.06935795396566391 -0.061847161501646035 0.036895591765642166
v 0.06729591637849808 -0.05492607504129409 0.04485258460044861
v 0.06790005415678024 -0.05605365335941314 0.0457928441464901
v 0.06935795396566391 -0.061847161501646035 0.036895591765642166
v 0.06790005415678024 -0.05605365335941314 0.0457928441464901
v 0.06955137103796005 -0.0622882954776287 0.03725513815879822
v 0.06955137103796005 -0.0622882954776287 0.03725513815879822
v 0.06790005415678024 -0.05605365335941314 0.0457928441464901
v 0.0696626603603363 -0.06259770691394805 0.03750261291861534
v 0.06893941760063171 -0.061149857938289635 0.03630543872714043
v 0.06868098676204681 -0.06082295253872871 0.03601672872900963
v 0.06729591637849808 -0.05492607504129409 0.04485258460044861
v 0.06729591637849808 -0.05492607504129409 0.04485258460044861
v 0.06868098676204681 -0.06082295253872871 0.03601672872900963
v 0.06813652068376541 -0.0602835826575756 0.03551755100488663
v 0.06729591637849808 -0.05492607504129409 0.04485258460044861
v 0.06813652068376541 -0.0602835826575756 0.03551755100488663
v 0.0663990005850792 -0.05397717282176017 0.04398617520928383
v 0.06813652068376541 -0.0602835826575756 0.03551755100488663
v 0.068050317466259 -0.06021181121468543 0.03544846922159195
v 0.0663990005850792 -0.05397717282176017 0.04398617520928383
v 0.0663990005850792 -0.05397717282176017 0.04398617520928383
v 0.068050317466259 -0.06021181121468543 0.03544846922159195
v 0.0674939975142479 -0.059813965111970895 0.03505033999681473
v 0.0663990005850792 -0.05397717282176017 0.04398617520928383
v 0.0674939975142479 -0.059813965111970895 0.03505033999681473
v 0.06513264775276184 -0.05319849401712417 0.04317261278629303
v 0.0674939975142479 -0.059813965111970895 0.03505033999681473
v 0.06713805347681046 -0.05960787832736968 0.03483100235462189
v 0.06513264775276184 -0.05319849401712417 0.04317261278629303
v 0.06513264775276184 -0.05319849401712417 0.04317261278629303
v 0.06713805347681046 -0.05960787832736968 0.03483100235462189
v 0.06638412922620773 -0.059267193078994744 0.03443639725446701
v 0.06513264775276184 -0.05319849401712417 0.04317261278629303
v 0.06638412922620773 -0.059267193078994744 0.03443639725446701
v 0.06492578983306885 -0.05310875177383422 0.04306706786155701
v 0.06492578983306885 -0.05310875177383422 0.04306706786155701
v 0.06638412922620773 -0.059267193078994744 0.03443639725446701
v 0.06556534767150879 -0.059016145765781396 0.03409470617771149
v 0.06492578983306885 -0.05310875177383422 0.04306706786155701
v 0.06556534767150879 -0.059016145765781396 0.03409470617771149
v 0.06342588365077972 -0.05268170684576034 0.04246511682868004
v 0.06556534767150879 -0.059016145765781396 0.03409470617771149
v 0.06514202803373337 -0.05892761051654815 0.033948175609111786
v 0.06342588365077972 -0.05268170684576034 0.04246511682868004
v 0.06342588365077972 -0.05268170684576034 0.04246511682868004
v 0.06514202803373337 -0.05892761051654815 0.033948175609111786
v 0.06426246464252472 -0.058823741972446435 0.03370220586657524
v 0.06342588365077972 -0.05268170684576034 0.04246511682868004
v 0.06426246464252472 -0.058823741972446435 0.03370220586657524
v 0.06183946505188942 -0.05258005484938621 0.04208405315876007
v 0.06426246464252472 -0.058823741972446435 0.03370220586657524
v 0.06349078565835953 -0.05881469696760177 0.03354634717106819
v 0.06183946505188942 -0.05258005484938621 0.04208405315876007
v 0.06183946505188942 -0.05258005484938621 0.04208405315876007
v 0.06349078565835953 -0.05881469696760177 0.03354634717106819
v 0.0633382573723793 -0.05882143229246139 0.03352176398038864
v 0.06183946505188942 -0.05258005484938621 0.04208405315876007
v 0.0633382573723793 -0.05882143229246139 0.03352176398038864
v 0.060250021517276764 -0.052774161100387566 0.041918374598026276
v 0.06056893244385719 -0.05932843312621116 0.03335637226700783
v 0.05891761556267738 -0.0530937947332859 0.04189407825469971
v 0.06152816489338875 -0.05908872932195663 0.033366858959198
v 0.06152816489338875 -0.05908872932195663 0.033366858959198
v 0.05891761556267738 -0.0530937947332859 0.04189407825469971
v 0.060250021517276764 -0.052774161100387566 0.041918374598026276
v 0.06152816489338875 -0.05908872932195663 0.033366858959198
v 0.060250021517276764 -0.052774161100387566 0.041918374598026276
v 0.06256624311208725 -0.05889581143856048 0.033426761627197266
v 0.06256624311208725 -0.05889581143856048 0.033426761627197266
v 0.060250021517276764 -0.052774161100387566 0.041918374598026276
v 0.0633382573723793 -0.05882143229246139 0.03352176398038864
v 0.06056893244385719 -0.05932843312621116 0.03335637226700783
v 0.05626795068383217 -0.058712717145681374 0.03557774797081947
v 0.05674023926258087 -0.05850395187735557 0.03568790853023529
v 0.040550388395786285 -0.06202282011508941 0.03657197952270508
v 0.0396304689347744 -0.06274976581335066 0.035947028547525406
v 0.04072599485516548 -0.06175450235605239 0.036857254803180695
v 0.04159247875213623 -0.06086370348930358 0.03770992532372475
v 0.035416342318058014 -0.06591205298900603 0.033299170434474945
v 0.05305977165699005 -0.0601724088191986 0.03477617725729942
v 0.053800612688064575 -0.05984493345022201 0.03494897857308388
v 0.05517727509140968 -0.0580448992550373 0.03679661825299263
v 0.05512378364801407 -0.05837666988372802 0.03638938069343567
v 0.054276786744594574 -0.059355400502681725 0.03541755676269531
v 0.05533469095826149 -0.058639232069253915 0.03598274290561676
v 0.05575348436832428 -0.05876223370432853 0.035685665905475616
v 0.03792136162519455 -0.06319712102413176 0.03594313934445381
v 0.03834015503525734 -0.06332012265920638 0.03564606234431267
v 0.03885462507605553 -0.06327060610055922 0.03553814813494682
v 0.04053435102105141 -0.06228929758071899 0.03623591363430023
v 0.040575142949819565 -0.062443308532238 0.03602501004934311
v 0.03932690992951393 -0.06306184083223342 0.03564830869436264
v 0.04090597853064537 -0.06285516917705535 0.035387150943279266
v 0.04156291112303734 -0.06304811686277388 0.03492114692926407
v 0.04236992076039314 -0.06297044456005095 0.03475186601281166
v 0.03968396410346031 -0.06241799890995025 0.03635426610708237
v 0.03947305679321289 -0.062155436724424355 0.03676090016961098
v 0.041900914162397385 -0.060634400695562356 0.037900976836681366
v 0.05688638612627983 -0.0575975440442562 0.036800503730773926
v 0.05891761556267738 -0.0530937947332859 0.04189407825469971
v 0.05709729343652725 -0.0578601062297821 0.03639386594295502
v 0.05704380199313164 -0.05819187685847282 0.035986628383398056
v 0.033765025436878204 -0.05967741459608077 0.041836876422166824
v 0.03776394575834274 -0.06260278820991515 0.03675701469182968
v 0.03771045431494713 -0.06293456256389617 0.03634977713227272
v 0.05436069518327713 -0.058834977447986596 0.036056362092494965
v 0.05423260107636452 -0.05835135653614997 0.03671863302588463
v 0.05548083409667015 -0.05773282423615455 0.037095338106155396
v 0.05646758899092674 -0.05747454240918159 0.03709758073091507
v 0.055953122675418854 -0.057524058967828744 0.03720549866557121
v 0.05390176549553871 -0.05793949589133262 0.03735649585723877
v 0.053244832903146744 -0.05774654820561408 0.03782249987125397
v 0.05243782699108124 -0.057824220508337014 0.037991780787706375
v 0.04229522496461868 -0.06047901883721351 0.0379687137901783
v 0.0390542596578598 -0.06203243508934974 0.03705798089504242
v 0.03853979334235191 -0.0620819479227066 0.037165895104408264
v 0.03806750476360321 -0.0622907131910324 0.03705573454499245
v 0.035416342318058014 -0.06591205298900603 0.033299170434474945
v 0.034865640103816986 -0.06605846434831618 0.03329957276582718
v 0.033765025436878204 -0.05967741459608077 0.041836876422166824
v 0.033765025436878204 -0.05967741459608077 0.041836876422166824
v 0.034865640103816986 -0.06605846434831618 0.03329957276582718
v 0.03430771827697754 -0.06621985882520674 0.03330952301621437
v 0.033765025436878204 -0.05967741459608077 0.041836876422166824
v 0.03430771827697754 -0.06621985882520674 0.03330952301621437
v 0.0322653166949749 -0.060112211853265755 0.04186432063579559
v 0.03245488926768303 -0.066981703042984 0.033507492393255234
v 0.030817735940217972 -0.060739371925592416 0.0420423187315464
v 0.033355146646499634 -0.06655666977167128 0.03337123617529869
v 0.033355146646499634 -0.06655666977167128 0.03337123617529869
v 0.030817735940217972 -0.060739371925592416 0.0420423187315464
v 0.0322653166949749 -0.060112211853265755 0.04186432063579559
v 0.033355146646499634 -0.06655666977167128 0.03337123617529869
v 0.0322653166949749 -0.060112211853265755 0.04186432063579559
v 0.03391663357615471 -0.06634685397148131 0.033326614648103714
v 0.03391663357615471 -0.06634685397148131 0.033326614648103714
v 0.0322653166949749 -0.060112211853265755 0.04186432063579559
v 0.03430771827697754 -0.06621985882520674 0.03330952301621437
v 0.03245488926768303 -0.066981703042984 0.033507492393255234
v 0.03202582150697708 -0.06723246723413466 0.03360762447118759
v 0.030817735940217972 -0.060739371925592416 0.0420423187315464
v 0.030817735940217972 -0.060739371925592416 0.0420423187315464
v 0.03202582150697708 -0.06723246723413466 0.03360762447118759
v 0.03130459040403366 -0.06774394214153288 0.033841632306575775
v 0.030817735940217972 -0.060739371925592416 0.0420423187315464
v 0.03130459040403366 -0.06774394214153288 0.033841632306575775
v 0.029555752873420715 -0.06158874556422233 0.04241848737001419
v 0.03130459040403366 -0.06774394214153288 0.033841632306575775
v 0.031207069754600525 -0.06782338768243788 0.03388078138232231
v 0.029555752873420715 -0.06158874556422233 0.04241848737001419
v 0.029555752873420715 -0.06158874556422233 0.04241848737001419
v 0.031207069754600525 -0.06782338768243788 0.03388078138232231
v 0.030657637864351273 -0.06832873076200484 0.034143537282943726
v 0.029555752873420715 -0.06158874556422233 0.04241848737001419
v 0.030657637864351273 -0.06832873076200484 0.034143537282943726
v 0.028460390865802765 -0.06272475421428679 0.043036192655563354
v 0.030657637864351273 -0.06832873076200484 0.034143537282943726
v 0.03036539815366268 -0.0686465874314308 0.034319132566452026
v 0.028460390865802765 -0.06272475421428679 0.043036192655563354
v 0.028460390865802765 -0.06272475421428679 0.043036192655563354
v 0.03036539815366268 -0.0686465874314308 0.034319132566452026
v 0.0298636294901371 -0.06930905580520628 0.03470585122704506
v 0.028460390865802765 -0.06272475421428679 0.043036192655563354
v 0.0298636294901371 -0.06930905580520628 0.03470585122704506
v 0.02832728438079357 -0.06290609389543532 0.04314287379384041
v 0.02832728438079357 -0.06290609389543532 0.04314287379384041
v 0.0298636294901371 -0.06930905580520628 0.03470585122704506
v 0.029464220628142357 -0.07001511007547377 0.03514419123530388
v 0.02832728438079357 -0.06290609389543532 0.04314287379384041
v 0.029464220628142357 -0.07001511007547377 0.03514419123530388
v 0.027635794132947922 -0.06419578939676283 0.04395092651247978
v 0.029464220628142357 -0.07001511007547377 0.03514419123530388
v 0.029308199882507324 -0.07037549465894698 0.03537718579173088
v 0.027635794132947922 -0.06419578939676283 0.04395092651247978
v 0.027635794132947922 -0.06419578939676283 0.04395092651247978
v 0.029308199882507324 -0.07037549465894698 0.03537718579173088
v 0.029081998392939568 -0.07111527770757674 0.0358736589550972
v 0.027635794132947922 -0.06419578939676283 0.04395092651247978
v 0.029081998392939568 -0.07111527770757674 0.0358736589550972
v 0.027332648634910583 -0.06552042812108992 0.04485960677266121
v 0.029081998392939568 -0.07111527770757674 0.0358736589550972
v 0.028983965516090393 -0.07175506651401518 0.03632190078496933
v 0.027332648634910583 -0.06552042812108992 0.04485960677266121
v 0.027332648634910583 -0.06552042812108992 0.04485960677266121
v 0.028983965516090393 -0.07175506651401518 0.03632190078496933
v 0.02897501550614834 -0.07188056409358977 0.03641181439161301
v 0.027332648634910583 -0.06552042812108992 0.04485960677266121
v 0.02897501550614834 -0.07188056409358977 0.03641181439161301
v 0.027390990406274796 -0.06681424379348753 0.04581569507718086
v 0.02928319200873375 -0.0741157829761505 0.038103681057691574
v 0.02763187512755394 -0.06788114458322524 0.04664138704538345
v 0.029098037630319595 -0.07334877550601958 0.037507764995098114
v 0.029098037630319595 -0.07334877550601958 0.037507764995098114
v 0.02763187512755394 -0.06788114458322524 0.04664138704538345
v 0.027390990406274796 -0.06681424379348753 0.04581569507718086
v 0.029098037630319595 -0.07334877550601958 0.037507764995098114
v 0.027390990406274796 -0.06681424379348753 0.04581569507718086
v 0.02897900715470314 -0.07251123338937758 0.03687312826514244
v 0.02897900715470314 -0.07251123338937758 0.03687312826514244
v 0.027390990406274796 -0.06681424379348753 0.04581569507718086
v 0.02897501550614834 -0.07188056409358977 0.03641181439161301
v 0.034503038972616196 -0.09419427067041396 0.05377554893493652
v 0.032851725816726685 -0.0879596322774887 0.0623132549226284
v 0.02928319200873375 -0.0741157829761505 0.038103681057691574
v 0.02763187512755394 -0.06788114458322524 0.04664138704538345
v 0.040031470358371735 -0.06505066901445387 0.03784267231822014
v 0.039793383330106735 -0.06529543548822402 0.03760838136076927
v 0.03929949924349785 -0.06499303132295607 0.03816031292080879
v 0.03942296281456947 -0.06545916944742201 0.037521980702877045
v 0.03901945799589157 -0.06549800187349318 0.0376066230237484
v 0.03957953676581383 -0.06448805332183837 0.038714006543159485
v 0.03990800678730011 -0.06458452343940733 0.038481004536151886
v 0.04007342457771301 -0.06479045748710631 0.038162074983119965
v 0.03856752812862396 -0.06493539363145827 0.038477957248687744
v 0.03880561143159866 -0.06469062715768813 0.03871224820613861
v 0.039176035672426224 -0.06452688574790953 0.03879864886403084
v 0.03869098797440529 -0.06540153175592421 0.037839625030756
v 0.038525573909282684 -0.06519560515880583 0.03815855458378792
v 0.057444799691438675 -0.06049277260899543 0.03788227587938309
v 0.057206712663173676 -0.06073753908276557 0.03764798492193222
v 0.05671282857656479 -0.060435138642787926 0.03819991648197174
v 0.056836292147636414 -0.06090127676725387 0.03756158426403999
v 0.05643278732895851 -0.060940112918615334 0.03764622285962105
v 0.056992869824171066 -0.05993016064167022 0.038753610104322433
v 0.05732133612036705 -0.06002663075923919 0.038520608097314835
v 0.05748675391077995 -0.060232564806938164 0.038201674818992615
v 0.0559808574616909 -0.060377500951290124 0.03851756080985069
v 0.0562189444899559 -0.06013273447751998 0.03875184804201126
v 0.056589365005493164 -0.059968996793031686 0.03883824869990349
v 0.05610432103276253 -0.060843639075756066 0.03787922486662865
v 0.055938903242349625 -0.06063770875334739 0.03819815441966057
v 0.069056935608387 -0.0919477194547653 0.05534464120864868
v 0.06886168569326401 -0.09119419753551482 0.054470423609018326
v 0.06937120854854584 -0.09105881303548811 0.054470110684633255
v 0.06915196776390076 -0.09232040494680403 0.056450191885232925
v 0.069056935608387 -0.0919477194547653 0.05534464120864868
v 0.06958220899105072 -0.09180811792612074 0.055344291031360626
v 0.06913232058286667 -0.09225551038980483 0.057618770748376846
v 0.06915196776390076 -0.09232040494680403 0.056450191885232925
v 0.06969060748815536 -0.09217721968889235 0.05644981563091278
v 0.06900099664926529 -0.09176291525363921 0.0586724653840065
v 0.06913232058286667 -0.09225551038980483 0.057618770748376846
v 0.06967989355325699 -0.09210993349552153 0.05761837214231491
v 0.06900099664926529 -0.09176291525363921 0.0586724653840065
v 0.06967989355325699 -0.09210993349552153 0.05761837214231491
v 0.06955169886350632 -0.09161650389432906 0.058672063052654266
v 0.06955169886350632 -0.09161650389432906 0.058672063052654266
v 0.06967989355325699 -0.09210993349552153 0.05761837214231491
v 0.0702291876077652 -0.09195104986429213 0.05760858952999115
v 0.06955169886350632 -0.09161650389432906 0.058672063052654266
v 0.0702291876077652 -0.09195104986429213 0.05760858952999115
v 0.07010961323976517 -0.0914551094174385 0.058662112802267075
v 0.07010961323976517 -0.0914551094174385 0.058662112802267075
v 0.0702291876077652 -0.09195104986429213 0.05760858952999115
v 0.0705007016658783 -0.09132812172174452 0.05864502117037773
v 0.0705007016658783 -0.09132812172174452 0.05864502117037773
v 0.0702291876077652 -0.09195104986429213 0.05760858952999115
v 0.07115822285413742 -0.09162263572216033 0.05754845216870308
v 0.0705007016658783 -0.09132812172174452 0.05864502117037773
v 0.07115822285413742 -0.09162263572216033 0.05754845216870308
v 0.07106219232082367 -0.09111829847097395 0.058600399643182755
v 0.07106219232082367 -0.09111829847097395 0.058600399643182755
v 0.07115822285413742 -0.09162263572216033 0.05754845216870308
v 0.07203039526939392 -0.09121090173721312 0.05741647630929947
v 0.07106219232082367 -0.09111829847097395 0.058600399643182755
v 0.07203039526939392 -0.09121090173721312 0.05741647630929947
v 0.07196244597434998 -0.09069327265024184 0.05846414715051651
v 0.07196244597434998 -0.09069327265024184 0.05846414715051651
v 0.07203039526939392 -0.09121090173721312 0.05741647630929947
v 0.07244519889354706 -0.09096847474575041 0.057319674640893936
v 0.07239151746034622 -0.09044250100851058 0.058364011347293854
v 0.07239151746034622 -0.09044250100851058 0.058364011347293854
v 0.07244519889354706 -0.09096847474575041 0.057319674640893936
v 0.0731421411037445 -0.09047422558069228 0.0570935495197773
v 0.07311274856328964 -0.08993102610111235 0.05813000351190567
v 0.07311274856328964 -0.08993102610111235 0.05813000351190567
v 0.0731421411037445 -0.09047422558069228 0.0570935495197773
v 0.07321026921272278 -0.08985158801078795 0.058090854436159134
v 0.07321026921272278 -0.08985158801078795 0.058090854436159134
v 0.0731421411037445 -0.09047422558069228 0.0570935495197773
v 0.07376744598150253 -0.08990900963544844 0.05680174380540848
v 0.07321026921272278 -0.08985158801078795 0.058090854436159134
v 0.07376744598150253 -0.08990900963544844 0.05680174380540848
v 0.07375969737768173 -0.089346244931221 0.05782809853553772
v 0.07375969737768173 -0.089346244931221 0.05782809853553772
v 0.07376744598150253 -0.08990900963544844 0.05680174380540848
v 0.07404998689889908 -0.08960168808698653 0.05663197115063667
v 0.07405193895101547 -0.08902838081121443 0.05765250325202942
v 0.07405193895101547 -0.08902838081121443 0.05765250325202942
v 0.07404998689889908 -0.08960168808698653 0.05663197115063667
v 0.07453517615795135 -0.08896110951900481 0.05625803396105766
v 0.0745537057518959 -0.08836591243743895 0.057265788316726685
v 0.0745537057518959 -0.08836591243743895 0.057265788316726685
v 0.07453517615795135 -0.08896110951900481 0.05625803396105766
v 0.07492131739854813 -0.08827851712703703 0.05583425983786583
v 0.0749531164765358 -0.08765986561775206 0.056827444583177567
v 0.0749531164765358 -0.08765986561775206 0.056827444583177567
v 0.07492131739854813 -0.08827851712703703 0.05583425983786583
v 0.07507210969924927 -0.08793020993471144 0.055609073489904404
v 0.07510913908481598 -0.08729947358369826 0.056594450026750565
v 0.07510913908481598 -0.08729947358369826 0.056594450026750565
v 0.07507210969924927 -0.08793020993471144 0.055609073489904404
v 0.07529069483280182 -0.08721535652875899 0.05512932687997818
v 0.07533533871173859 -0.0865596905350685 0.05609797686338425
v 0.069056935608387 -0.0919477194547653 0.05534464120864868
v 0.06937120854854584 -0.09105881303548811 0.054470110684633255
v 0.06958220899105072 -0.09180811792612074 0.055344291031360626
v 0.06958220899105072 -0.09180811792612074 0.055344291031360626
v 0.06937120854854584 -0.09105881303548811 0.054470110684633255
v 0.06981585174798965 -0.09093037247657774 0.054462309926748276
v 0.06958220899105072 -0.09180811792612074 0.055344291031360626
v 0.06981585174798965 -0.09093037247657774 0.054462309926748276
v 0.07007019966840744 -0.09166706353425978 0.055335670709609985
v 0.07007019966840744 -0.09166706353425978 0.055335670709609985
v 0.06981585174798965 -0.09093037247657774 0.054462309926748276
v 0.07045913487672806 -0.09070387482643126 0.05442133545875549
v 0.07007019966840744 -0.09166706353425978 0.055335670709609985
v 0.07045913487672806 -0.09070387482643126 0.05442133545875549
v 0.07083185017108917 -0.09139835089445113 0.05528676137328148
v 0.07083185017108917 -0.09139835089445113 0.05528676137328148
v 0.07045913487672806 -0.09070387482643126 0.05442133545875549
v 0.07099051773548126 -0.09045352786779402 0.05434129759669304
v 0.07083185017108917 -0.09139835089445113 0.05528676137328148
v 0.07099051773548126 -0.09045352786779402 0.05434129759669304
v 0.0715043917298317 -0.09108115732669829 0.05518520995974541
v 0.0715043917298317 -0.09108115732669829 0.05518520995974541
v 0.07099051773548126 -0.09045352786779402 0.05434129759669304
v 0.07123219221830368 -0.09031230956315993 0.05428491532802582
v 0.0715043917298317 -0.09108115732669829 0.05518520995974541
v 0.07123219221830368 -0.09031230956315993 0.05428491532802582
v 0.0718177855014801 -0.0908980146050453 0.0551120825111866
v 0.0718177855014801 -0.0908980146050453 0.0551120825111866
v 0.07123219221830368 -0.09031230956315993 0.05428491532802582
v 0.07163430750370026 -0.09002715349197386 0.05415445566177368
v 0.07234201580286026 -0.09052624553442 0.054941996932029724
v 0.07234201580286026 -0.09052624553442 0.054941996932029724
v 0.07163430750370026 -0.09002715349197386 0.05415445566177368
v 0.07199686020612717 -0.0896993800997734 0.053985223174095154
v 0.07234201580286026 -0.09052624553442 0.054941996932029724
v 0.07199686020612717 -0.0896993800997734 0.053985223174095154
v 0.07281339913606644 -0.09010012447834014 0.05472199246287346
v 0.07281339913606644 -0.09010012447834014 0.05472199246287346
v 0.07199686020612717 -0.0896993800997734 0.053985223174095154
v 0.07216176390647888 -0.08952000737190245 0.05388613045215607
v 0.07302703708410263 -0.08986774832010268 0.05459362640976906
v 0.07302703708410263 -0.08986774832010268 0.05459362640976906
v 0.07216176390647888 -0.08952000737190245 0.05388613045215607
v 0.07244568318128586 -0.08914515376091002 0.05366731062531471
v 0.07339432090520859 -0.08938282728195189 0.05431055277585983
v 0.07339432090520859 -0.08938282728195189 0.05431055277585983
v 0.07244568318128586 -0.08914515376091002 0.05366731062531471
v 0.07267080247402191 -0.08874728530645369 0.053420308977365494
v 0.07339432090520859 -0.08938282728195189 0.05431055277585983
v 0.07267080247402191 -0.08874728530645369 0.053420308977365494
v 0.0736861377954483 -0.08886703103780745 0.053990330547094345
v 0.0736861377954483 -0.08886703103780745 0.053990330547094345
v 0.07267080247402191 -0.08874728530645369 0.053420308977365494
v 0.07275813072919846 -0.08854559808969496 0.05328992009162903
v 0.0737997516989708 -0.0886046066880226 0.05382067337632179
v 0.0737997516989708 -0.0886046066880226 0.05382067337632179
v 0.07275813072919846 -0.08854559808969496 0.05328992009162903
v 0.0728842243552208 -0.08813320845365523 0.053013160824775696
v 0.07396415621042252 -0.08806693553924559 0.053459834307432175
v 0.07396415621042252 -0.08806693553924559 0.053459834307432175
v 0.0728842243552208 -0.08813320845365523 0.053013160824775696
v 0.07294462621212006 -0.08769955486059187 0.05270816385746002
v 0.07396415621042252 -0.08806693553924559 0.053459834307432175
v 0.07294462621212006 -0.08769955486059187 0.05270816385746002
v 0.07404238730669022 -0.08750636875629424 0.05306561291217804
v 0.07404238730669022 -0.08750636875629424 0.05306561291217804
v 0.07294462621212006 -0.08769955486059187 0.05270816385746002
v 0.07294188439846039 -0.08731974661350249 0.05243028327822685
v 0.07404238730669022 -0.08750636875629424 0.05306561291217804
v 0.07294188439846039 -0.08731974661350249 0.05243028327822685
v 0.07403916865587234 -0.08703055977821349 0.052717532962560654
v 0.07403916865587234 -0.08703055977821349 0.052717532962560654
v 0.07294188439846039 -0.08731974661350249 0.05243028327822685
v 0.07285808771848679 -0.08673958480358122 0.051990412175655365
v 0.07403916865587234 -0.08703055977821349 0.052717532962560654
v 0.07285808771848679 -0.08673958480358122 0.051990412175655365
v 0.07394188642501831 -0.08635190129280089 0.05220312997698784
v 0.07394188642501831 -0.08635190129280089 0.05220312997698784
v 0.07285808771848679 -0.08673958480358122 0.051990412175655365
v 0.07269490510225296 -0.08606687188148497 0.05146760493516922
v 0.07394188642501831 -0.08635190129280089 0.05220312997698784
v 0.07269490510225296 -0.08606687188148497 0.05146760493516922
v 0.07377029955387115 -0.08564310520887373 0.051652342081069946
v 0.06915196776390076 -0.09232040494680403 0.056450191885232925
v 0.06958220899105072 -0.09180811792612074 0.055344291031360626
v 0.06969060748815536 -0.09217721968889235 0.05644981563091278
v 0.06969060748815536 -0.09217721968889235 0.05644981563091278
v 0.06958220899105072 -0.09180811792612074 0.055344291031360626
v 0.07007019966840744 -0.09166706353425978 0.055335670709609985
v 0.06969060748815536 -0.09217721968889235 0.05644981563091278
v 0.07007019966840744 -0.09166706353425978 0.055335670709609985
v 0.07021535187959671 -0.0920254737138748 0.05644049867987633
v 0.07021535187959671 -0.0920254737138748 0.05644049867987633
v 0.07007019966840744 -0.09166706353425978 0.055335670709609985
v 0.07083185017108917 -0.09139835089445113 0.05528676137328148
v 0.07021535187959671 -0.0920254737138748 0.05644049867987633
v 0.07083185017108917 -0.09139835089445113 0.05528676137328148
v 0.07107733190059662 -0.09172097593545912 0.0563848577439785
v 0.07107733190059662 -0.09172097593545912 0.0563848577439785
v 0.07083185017108917 -0.09139835089445113 0.05528676137328148
v 0.0715043917298317 -0.09108115732669829 0.05518520995974541
v 0.07107733190059662 -0.09172097593545912 0.0563848577439785
v 0.0715043917298317 -0.09108115732669829 0.05518520995974541
v 0.07186955213546753 -0.09134711325168608 0.05626506730914116
v 0.07186955213546753 -0.09134711325168608 0.05626506730914116
v 0.0715043917298317 -0.09108115732669829 0.05518520995974541
v 0.0718177855014801 -0.0908980146050453 0.0551120825111866
v 0.07186955213546753 -0.09134711325168608 0.05626506730914116
v 0.0718177855014801 -0.0908980146050453 0.0551120825111866
v 0.07224373519420624 -0.09112842381000517 0.05617775022983551
v 0.07224373519420624 -0.09112842381000517 0.05617775022983551
v 0.0718177855014801 -0.0908980146050453 0.0551120825111866
v 0.07234201580286026 -0.09052624553442 0.054941996932029724
v 0.07287149876356125 -0.09068324416875838 0.055974069982767105
v 0.07287149876356125 -0.09068324416875838 0.055974069982767105
v 0.07234201580286026 -0.09052624553442 0.054941996932029724
v 0.07281339913606644 -0.09010012447834014 0.05472199246287346
v 0.07287149876356125 -0.09068324416875838 0.055974069982767105
v 0.07281339913606644 -0.09010012447834014 0.05472199246287346
v 0.07343515008687973 -0.09017373621463774 0.05571102350950241
v 0.07343515008687973 -0.09017373621463774 0.05571102350950241
v 0.07281339913606644 -0.09010012447834014 0.05472199246287346
v 0.07302703708410263 -0.08986774832010268 0.05459362640976906
v 0.07369009405374527 -0.08989643305540083 0.05555783584713936
v 0.07369009405374527 -0.08989643305540083 0.05555783584713936
v 0.07302703708410263 -0.08986774832010268 0.05459362640976906
v 0.07339432090520859 -0.08938282728195189 0.05431055277585983
v 0.07412805408239365 -0.08931820839643477 0.05522029474377632
v 0.07412805408239365 -0.08931820839643477 0.05522029474377632
v 0.07339432090520859 -0.08938282728195189 0.05431055277585983
v 0.0736861377954483 -0.08886703103780745 0.053990330547094345
v 0.07412805408239365 -0.08931820839643477 0.05522029474377632
v 0.0736861377954483 -0.08886703103780745 0.053990330547094345
v 0.07447641342878342 -0.08870241791009902 0.054837994277477264
v 0.07447641342878342 -0.08870241791009902 0.054837994277477264
v 0.0736861377954483 -0.08886703103780745 0.053990330547094345
v 0.0737997516989708 -0.0886046066880226 0.05382067337632179
v 0.0746123194694519 -0.08838851004838942 0.054635051637887955
v 0.0746123194694519 -0.08838851004838942 0.054635051637887955
v 0.0737997516989708 -0.0886046066880226 0.05382067337632179
v 0.07396415621042252 -0.08806693553924559 0.053459834307432175
v 0.07480920106172562 -0.08774462342262267 0.054202932864427567
v 0.07480920106172562 -0.08774462342262267 0.054202932864427567
v 0.07396415621042252 -0.08806693553924559 0.053459834307432175
v 0.07404238730669022 -0.08750636875629424 0.05306561291217804
v 0.07480920106172562 -0.08774462342262267 0.054202932864427567
v 0.07404238730669022 -0.08750636875629424 0.05306561291217804
v 0.07490253448486328 -0.08707647025585173 0.053733065724372864
v 0.07490253448486328 -0.08707647025585173 0.053733065724372864
v 0.07404238730669022 -0.08750636875629424 0.05306561291217804
v 0.07403916865587234 -0.08703055977821349 0.052717532962560654
v 0.07490253448486328 -0.08707647025585173 0.053733065724372864
v 0.07403916865587234 -0.08703055977821349 0.052717532962560654
v 0.07489891350269318 -0.08651927858591078 0.05332547798752785
v 0.07489891350269318 -0.08651927858591078 0.05332547798752785
v 0.07403916865587234 -0.08703055977821349 0.052717532962560654
v 0.07394188642501831 -0.08635190129280089 0.05220312997698784
v 0.07489891350269318 -0.08651927858591078 0.05332547798752785
v 0.07394188642501831 -0.08635190129280089 0.05220312997698784
v 0.07479020208120346 -0.08575712144374846 0.05274789035320282
v 0.07479020208120346 -0.08575712144374846 0.05274789035320282
v 0.07394188642501831 -0.08635190129280089 0.05220312997698784
v 0.07377029955387115 -0.08564310520887373 0.051652342081069946
v 0.07479020208120346 -0.08575712144374846 0.05274789035320282
v 0.07377029955387115 -0.08564310520887373 0.051652342081069946
v 0.07461148500442505 -0.08501773327589034 0.05217338353395462
v 0.06913232058286667 -0.09225551038980483 0.057618770748376846
v 0.06969060748815536 -0.09217721968889235 0.05644981563091278
v 0.06967989355325699 -0.09210993349552153 0.05761837214231491
v 0.06967989355325699 -0.09210993349552153 0.05761837214231491
v 0.06969060748815536 -0.09217721968889235 0.05644981563091278
v 0.07021535187959671 -0.0920254737138748 0.05644049867987633
v 0.06967989355325699 -0.09210993349552153 0.05761837214231491
v 0.07021535187959671 -0.0920254737138748 0.05644049867987633
v 0.0702291876077652 -0.09195104986429213 0.05760858952999115
v 0.0702291876077652 -0.09195104986429213 0.05760858952999115
v 0.07021535187959671 -0.0920254737138748 0.05644049867987633
v 0.07107733190059662 -0.09172097593545912 0.0563848577439785
v 0.0702291876077652 -0.09195104986429213 0.05760858952999115
v 0.07107733190059662 -0.09172097593545912 0.0563848577439785
v 0.07115822285413742 -0.09162263572216033 0.05754845216870308
v 0.07115822285413742 -0.09162263572216033 0.05754845216870308
v 0.07107733190059662 -0.09172097593545912 0.0563848577439785
v 0.07186955213546753 -0.09134711325168608 0.05626506730914116
v 0.07115822285413742 -0.09162263572216033 0.05754845216870308
v 0.07186955213546753 -0.09134711325168608 0.05626506730914116
v 0.07203039526939392 -0.09121090173721312 0.05741647630929947
v 0.07203039526939392 -0.09121090173721312 0.05741647630929947
v 0.07186955213546753 -0.09134711325168608 0.05626506730914116
v 0.07224373519420624 -0.09112842381000517 0.05617775022983551
v 0.07203039526939392 -0.09121090173721312 0.05741647630929947
v 0.07224373519420624 -0.09112842381000517 0.05617775022983551
v 0.07244519889354706 -0.09096847474575041 0.057319674640893936
v 0.07244519889354706 -0.09096847474575041 0.057319674640893936
v 0.07224373519420624 -0.09112842381000517 0.05617775022983551
v 0.07287149876356125 -0.09068324416875838 0.055974069982767105
v 0.0731421411037445 -0.09047422558069228 0.0570935495197773
v 0.0731421411037445 -0.09047422558069228 0.0570935495197773
v 0.07287149876356125 -0.09068324416875838 0.055974069982767105
v 0.07343515008687973 -0.09017373621463774 0.05571102350950241
v 0.0731421411037445 -0.09047422558069228 0.0570935495197773
v 0.07343515008687973 -0.09017373621463774 0.05571102350950241
v 0.07376744598150253 -0.08990900963544844 0.05680174380540848
v 0.07376744598150253 -0.08990900963544844 0.05680174380540848
v 0.07343515008687973 -0.09017373621463774 0.05571102350950241
v 0.07369009405374527 -0.08989643305540083 0.05555783584713936
v 0.07404998689889908 -0.08960168808698653 0.05663197115063667
v 0.07404998689889908 -0.08960168808698653 0.05663197115063667
v 0.07369009405374527 -0.08989643305540083 0.05555783584713936
v 0.07412805408239365 -0.08931820839643477 0.05522029474377632
v 0.07453517615795135 -0.08896110951900481 0.05625803396105766
v 0.07453517615795135 -0.08896110951900481 0.05625803396105766
v 0.07412805408239365 -0.08931820839643477 0.05522029474377632
v 0.07447641342878342 -0.08870241791009902 0.054837994277477264
v 0.07453517615795135 -0.08896110951900481 0.05625803396105766
v 0.07447641342878342 -0.08870241791009902 0.054837994277477264
v 0.07492131739854813 -0.08827851712703703 0.05583425983786583
v 0.07492131739854813 -0.08827851712703703 0.05583425983786583
v 0.07447641342878342 -0.08870241791009902 0.054837994277477264
v 0.0746123194694519 -0.08838851004838942 0.054635051637887955
v 0.07507210969924927 -0.08793020993471144 0.055609073489904404
v 0.07507210969924927 -0.08793020993471144 0.055609073489904404
v 0.0746123194694519 -0.08838851004838942 0.054635051637887955
v 0.07480920106172562 -0.08774462342262267 0.054202932864427567
v 0.07529069483280182 -0.08721535652875899 0.05512932687997818
v 0.07529069483280182 -0.08721535652875899 0.05512932687997818
v 0.07480920106172562 -0.08774462342262267 0.054202932864427567
v 0.07490253448486328 -0.08707647025585173 0.053733065724372864
v 0.07529069483280182 -0.08721535652875899 0.05512932687997818
v 0.07490253448486328 -0.08707647025585173 0.053733065724372864
v 0.07539413124322891 -0.08647530525922774 0.054608915001153946
v 0.07539413124322891 -0.08647530525922774 0.054608915001153946
v 0.07490253448486328 -0.08707647025585173 0.053733065724372864
v 0.07489891350269318 -0.08651927858591078 0.05332547798752785
v 0.07539413124322891 -0.08647530525922774 0.054608915001153946
v 0.07489891350269318 -0.08651927858591078 0.05332547798752785
v 0.07539023458957672 -0.08586373925209044 0.05416156351566315
v 0.07539023458957672 -0.08586373925209044 0.05416156351566315
v 0.07489891350269318 -0.08651927858591078 0.05332547798752785
v 0.07479020208120346 -0.08575712144374846 0.05274789035320282
v 0.07539023458957672 -0.08586373925209044 0.05416156351566315
v 0.07479020208120346 -0.08575712144374846 0.05274789035320282
v 0.07527388632297516 -0.08504578471183775 0.05354175344109535
v 0.07527388632297516 -0.08504578471183775 0.05354175344109535
v 0.07479020208120346 -0.08575712144374846 0.05274789035320282
v 0.07461148500442505 -0.08501773327589034 0.05217338353395462
v 0.07527388632297516 -0.08504578471183775 0.05354175344109535
v 0.07461148500442505 -0.08501773327589034 0.05217338353395462
v 0.07509040087461472 -0.08428595960140227 0.052951402962207794
v 0.07533533871173859 -0.0865596905350685 0.05609797686338425
v 0.07529069483280182 -0.08721535652875899 0.05512932687997818
v 0.07543336600065231 -0.08591990172863005 0.055649735033512115
v 0.07543336600065231 -0.08591990172863005 0.055649735033512115
v 0.07529069483280182 -0.08721535652875899 0.05512932687997818
v 0.07539413124322891 -0.08647530525922774 0.054608915001153946
v 0.07543336600065231 -0.08591990172863005 0.055649735033512115
v 0.07539413124322891 -0.08647530525922774 0.054608915001153946
v 0.07544232159852982 -0.08579440414905547 0.05555982142686844
v 0.07544232159852982 -0.08579440414905547 0.05555982142686844
v 0.07539413124322891 -0.08647530525922774 0.054608915001153946
v 0.07539023458957672 -0.08586373925209044 0.05416156351566315
v 0.07544232159852982 -0.08579440414905547 0.05555982142686844
v 0.07539023458957672 -0.08586373925209044 0.05416156351566315
v 0.07543832808732986 -0.08516374230384825 0.055098507553339005
v 0.07543832808732986 -0.08516374230384825 0.055098507553339005
v 0.07539023458957672 -0.08586373925209044 0.05416156351566315
v 0.07527388632297516 -0.08504578471183775 0.05354175344109535
v 0.07543832808732986 -0.08516374230384825 0.055098507553339005
v 0.07527388632297516 -0.08504578471183775 0.05354175344109535
v 0.07531929761171341 -0.08432620018720625 0.05446387082338333
v 0.07531929761171341 -0.08432620018720625 0.05446387082338333
v 0.07527388632297516 -0.08504578471183775 0.05354175344109535
v 0.07509040087461472 -0.08428595960140227 0.052951402962207794
v 0.07531929761171341 -0.08432620018720625 0.05446387082338333
v 0.07509040087461472 -0.08428595960140227 0.052951402962207794
v 0.07513414323329926 -0.08355919271707533 0.05386795476078987
v 0.06900099664926529 -0.09176291525363921 0.0586724653840065
v 0.04384840652346611 -0.09834653884172438 0.05861526355147362
v 0.04397973418235779 -0.0988391265273094 0.057561565190553665
v 0.06913232058286667 -0.09225551038980483 0.057618770748376846
v 0.06913232058286667 -0.09225551038980483 0.057618770748376846
v 0.04397973418235779 -0.0988391265273094 0.057561565190553665
v 0.04399937763810158 -0.09890402108430861 0.05639299005270004
v 0.06915196776390076 -0.09232040494680403 0.056450191885232925
v 0.06915196776390076 -0.09232040494680403 0.056450191885232925
v 0.04399937763810158 -0.09890402108430861 0.05639299005270004
v 0.043904345482587814 -0.09853134304285048 0.0552874393761158
v 0.069056935608387 -0.0919477194547653 0.05534464120864868
v 0.069056935608387 -0.0919477194547653 0.05534464120864868
v 0.043904345482587814 -0.09853134304285048 0.0552874393761158
v 0.04370909929275513 -0.09777782112359999 0.05441322177648544
v 0.06886168569326401 -0.09119419753551482 0.054470423609018326
v 0.06991429626941681 -0.06348069757223128 0.03819608688354492
v 0.07513414323329926 -0.08355919271707533 0.05386795476078987
v 0.07509040087461472 -0.08428595960140227 0.052951402962207794
v 0.06987055391073227 -0.06420746445655821 0.037279535084962845
v 0.06987055391073227 -0.06420746445655821 0.037279535084962845
v 0.07509040087461472 -0.08428595960140227 0.052951402962207794
v 0.07461148500442505 -0.08501773327589034 0.05217338353395462
v 0.0693916380405426 -0.06493923813104628 0.03650151938199997
v 0.0693916380405426 -0.06493923813104628 0.03650151938199997
v 0.07461148500442505 -0.08501773327589034 0.05217338353395462
v 0.07377029955387115 -0.08564310520887373 0.051652342081069946
v 0.06855044513940811 -0.06556461751461028 0.035980477929115295
v 0.06855044513940811 -0.06556461751461028 0.035980477929115295
v 0.07377029955387115 -0.08564310520887373 0.051652342081069946
v 0.07269490510225296 -0.08606687188148497 0.05146760493516922
v 0.06747505813837051 -0.06598837673664092 0.03579573705792427
v 0.036722373217344284 -0.09534029662609099 0.05156808719038963
v 0.03786825016140938 -0.09518264979124068 0.05138840153813362
v 0.0379764549434185 -0.09558916091918944 0.05170617625117302
v 0.035680461674928665 -0.09520781785249709 0.052084848284721375
v 0.036722373217344284 -0.09534029662609099 0.05156808719038963
v 0.03683396801352501 -0.09575936943292616 0.05189570039510727
v 0.03490113466978073 -0.09480538964271544 0.05286000296473503
v 0.035680461674928665 -0.09520781785249709 0.052084848284721375
v 0.035794928669929504 -0.09563755244016646 0.05242079496383667
v 0.034503038972616196 -0.09419427067041396 0.05377554893493652
v 0.03490113466978073 -0.09480538964271544 0.05286000296473503
v 0.03501752391457558 -0.09524223953485488 0.053201526403427124
v 0.034503038972616196 -0.09419427067041396 0.05377554893493652
v 0.03501752391457558 -0.09524223953485488 0.053201526403427124
v 0.03462010249495506 -0.09463362395763396 0.05411902815103531
v 0.03462010249495506 -0.09463362395763396 0.05411902815103531
v 0.03501752391457558 -0.09524223953485488 0.053201526403427124
v 0.03515000268816948 -0.09567902237176894 0.053546108305454254
v 0.03462010249495506 -0.09463362395763396 0.05411902815103531
v 0.03515000268816948 -0.09567902237176894 0.053546108305454254
v 0.0347546748816967 -0.09507726132869719 0.054469022899866104
v 0.0347546748816967 -0.09507726132869719 0.054469022899866104
v 0.03515000268816948 -0.09567902237176894 0.053546108305454254
v 0.03486596420407295 -0.09538667649030684 0.05471649765968323
v 0.03486596420407295 -0.09538667649030684 0.05471649765968323
v 0.03515000268816948 -0.09567902237176894 0.053546108305454254
v 0.03544708713889122 -0.0964110344648361 0.05413811653852463
v 0.03486596420407295 -0.09538667649030684 0.05471649765968323
v 0.03544708713889122 -0.0964110344648361 0.05413811653852463
v 0.035059381276369095 -0.0958278104662895 0.05507604405283928
v 0.035059381276369095 -0.0958278104662895 0.05507604405283928
v 0.03544708713889122 -0.0964110344648361 0.05413811653852463
v 0.03585251420736313 -0.09708659350872038 0.05470985546708107
v 0.035059381276369095 -0.0958278104662895 0.05507604405283928
v 0.03585251420736313 -0.09708659350872038 0.05470985546708107
v 0.03547791391611099 -0.09652511030435561 0.05566619709134102
v 0.03547791391611099 -0.09652511030435561 0.05566619709134102
v 0.03585251420736313 -0.09708659350872038 0.05470985546708107
v 0.036102358251810074 -0.0974026322364807 0.05498896539211273
v 0.03573635220527649 -0.09685201942920683 0.05595490708947182
v 0.03573635220527649 -0.09685201942920683 0.05595490708947182
v 0.036102358251810074 -0.0974026322364807 0.05498896539211273
v 0.03662848100066185 -0.09792383015155791 0.05547133460640907
v 0.03628081455826759 -0.09739138931035994 0.05645408481359482
v 0.03628081455826759 -0.09739138931035994 0.05645408481359482
v 0.03662848100066185 -0.09792383015155791 0.05547133460640907
v 0.036367014050483704 -0.09746316075325011 0.056523166596889496
v 0.036367014050483704 -0.09746316075325011 0.056523166596889496
v 0.03662848100066185 -0.09792383015155791 0.05547133460640907
v 0.03724950924515724 -0.0983777344226837 0.05592291057109833
v 0.036367014050483704 -0.09746316075325011 0.056523166596889496
v 0.03724950924515724 -0.0983777344226837 0.05592291057109833
v 0.03692333772778511 -0.09786100685596465 0.05692129582166672
v 0.03692333772778511 -0.09786100685596465 0.05692129582166672
v 0.03724950924515724 -0.0983777344226837 0.05592291057109833
v 0.037593647837638855 -0.09857698529958724 0.05613497272133827
v 0.03727927803993225 -0.09806708991527556 0.05714063346385956
v 0.03727927803993225 -0.09806708991527556 0.05714063346385956
v 0.037593647837638855 -0.09857698529958724 0.05613497272133827
v 0.038322657346725464 -0.09890641272068022 0.05651653930544853
v 0.03803320601582527 -0.0984077826142311 0.05753524228930473
v 0.03803320601582527 -0.0984077826142311 0.05753524228930473
v 0.038322657346725464 -0.09890641272068022 0.05651653930544853
v 0.03911423310637474 -0.09914912283420561 0.05684687942266464
v 0.038851987570524216 -0.09865882992744444 0.05787692964076996
v 0.038851987570524216 -0.09865882992744444 0.05787692964076996
v 0.03911423310637474 -0.09914912283420561 0.05684687942266464
v 0.03952336311340332 -0.09923469275236128 0.05698849633336067
v 0.03927530720829964 -0.09874736517667769 0.05802346020936966
v 0.03927530720829964 -0.09874736517667769 0.05802346020936966
v 0.03952336311340332 -0.09923469275236128 0.05698849633336067
v 0.0403732992708683 -0.09933505952358244 0.05722618103027344
v 0.040154870599508286 -0.0988512337207794 0.058269429951906204
v 0.036722373217344284 -0.09534029662609099 0.05156808719038963
v 0.0379764549434185 -0.09558916091918944 0.05170617625117302
v 0.03683396801352501 -0.09575936943292616 0.05189570039510727
v 0.03683396801352501 -0.09575936943292616 0.05189570039510727
v 0.0379764549434185 -0.09558916091918944 0.05170617625117302
v 0.03808348998427391 -0.09594274312257765 0.051985085010528564
v 0.03683396801352501 -0.09575936943292616 0.05189570039510727
v 0.03808348998427391 -0.09594274312257765 0.051985085010528564
v 0.036951541900634766 -0.09614741802215575 0.05220181122422218
v 0.036951541900634766 -0.09614741802215575 0.05220181122422218
v 0.03808348998427391 -0.09594274312257765 0.051985085010528564
v 0.03828808665275574 -0.09644970297813414 0.052394866943359375
v 0.036951541900634766 -0.09614741802215575 0.05220181122422218
v 0.03828808665275574 -0.09644970297813414 0.052394866943359375
v 0.037194449454545975 -0.09674759954214095 0.05268707498908043
v 0.037194449454545975 -0.09674759954214095 0.05268707498908043
v 0.03828808665275574 -0.09644970297813414 0.052394866943359375
v 0.03853448107838631 -0.09686134755611418 0.05274312198162079
v 0.037194449454545975 -0.09674759954214095 0.05268707498908043
v 0.03853448107838631 -0.09686134755611418 0.05274312198162079
v 0.03750671446323395 -0.09726855903863905 0.05312789976596832
v 0.03750671446323395 -0.09726855903863905 0.05312789976596832
v 0.03853448107838631 -0.09686134755611418 0.05274312198162079
v 0.03868001699447632 -0.09704548865556716 0.052905742079019547
v 0.03750671446323395 -0.09726855903863905 0.05312789976596832
v 0.03868001699447632 -0.09704548865556716 0.052905742079019547
v 0.03769546002149582 -0.09750733524560927 0.05333876982331276
v 0.03769546002149582 -0.09750733524560927 0.05333876982331276
v 0.03868001699447632 -0.09704548865556716 0.052905742079019547
v 0.03898356109857559 -0.0973462089896202 0.05318405106663704
v 0.03809120133519173 -0.0978993773460388 0.05370160564780235
v 0.03809120133519173 -0.0978993773460388 0.05370160564780235
v 0.03898356109857559 -0.0973462089896202 0.05318405106663704
v 0.039343707263469696 -0.09760937839746474 0.053445883095264435
v 0.03809120133519173 -0.0978993773460388 0.05370160564780235
v 0.039343707263469696 -0.09760937839746474 0.053445883095264435
v 0.038559406995773315 -0.09824155271053313 0.0540420338511467
v 0.038559406995773315 -0.09824155271053313 0.0540420338511467
v 0.039343707263469696 -0.09760937839746474 0.053445883095264435
v 0.039544567465782166 -0.09772566705942153 0.05356965214014053
v 0.03881961479783058 -0.09839220345020293 0.0542023740708828
v 0.03881961479783058 -0.09839220345020293 0.0542023740708828
v 0.039544567465782166 -0.09772566705942153 0.05356965214014053
v 0.03997117280960083 -0.09791843593120574 0.053792938590049744
v 0.03937147930264473 -0.09864158183336257 0.05449122190475464
v 0.03937147930264473 -0.09864158183336257 0.05449122190475464
v 0.03997117280960083 -0.09791843593120574 0.053792938590049744
v 0.040432557463645935 -0.09805994480848311 0.053985513746738434
v 0.03937147930264473 -0.09864158183336257 0.05449122190475464
v 0.040432557463645935 -0.09805994480848311 0.053985513746738434
v 0.03996963053941727 -0.09882500767707823 0.05474085733294487
v 0.03996963053941727 -0.09882500767707823 0.05474085733294487
v 0.040432557463645935 -0.09805994480848311 0.053985513746738434
v 0.04066946357488632 -0.09810949862003325 0.054067518562078476
v 0.0402778759598732 -0.09888947755098342 0.054847557097673416
v 0.0402778759598732 -0.09888947755098342 0.054847557097673416
v 0.04066946357488632 -0.09810949862003325 0.054067518562078476
v 0.041159775108098984 -0.09816740453243254 0.054204635322093964
v 0.04091715067625046 -0.09896497428417204 0.055026330053806305
v 0.04091715067625046 -0.09896497428417204 0.055026330053806305
v 0.041159775108098984 -0.09816740453243254 0.054204635322093964
v 0.041683509945869446 -0.09816852957010268 0.0543067529797554
v 0.04091715067625046 -0.09896497428417204 0.055026330053806305
v 0.041683509945869446 -0.09816852957010268 0.0543067529797554
v 0.041594140231609344 -0.09896655380725859 0.055158425122499466
v 0.041594140231609344 -0.09896655380725859 0.055158425122499466
v 0.041683509945869446 -0.09816852957010268 0.0543067529797554
v 0.04214847832918167 -0.09812345355749129 0.05436377227306366
v 0.041594140231609344 -0.09896655380725859 0.055158425122499466
v 0.04214847832918167 -0.09812345355749129 0.05436377227306366
v 0.04217660799622536 -0.09891026467084883 0.055229976773262024
v 0.04217660799622536 -0.09891026467084883 0.055229976773262024
v 0.04214847832918167 -0.09812345355749129 0.05436377227306366
v 0.04286770150065422 -0.09798870980739592 0.05440448224544525
v 0.04217660799622536 -0.09891026467084883 0.055229976773262024
v 0.04286770150065422 -0.09798870980739592 0.05440448224544525
v 0.043017853051424026 -0.09875325858592986 0.05527803301811218
v 0.043017853051424026 -0.09875325858592986 0.05527803301811218
v 0.04286770150065422 -0.09798870980739592 0.05440448224544525
v 0.04370909929275513 -0.09777782112359999 0.05441322177648544
v 0.043017853051424026 -0.09875325858592986 0.05527803301811218
v 0.04370909929275513 -0.09777782112359999 0.05441322177648544
v 0.043904345482587814 -0.09853134304285048 0.0552874393761158
v 0.035680461674928665 -0.09520781785249709 0.052084848284721375
v 0.03683396801352501 -0.09575936943292616 0.05189570039510727
v 0.035794928669929504 -0.09563755244016646 0.05242079496383667
v 0.035794928669929504 -0.09563755244016646 0.05242079496383667
v 0.03683396801352501 -0.09575936943292616 0.05189570039510727
v 0.036951541900634766 -0.09614741802215575 0.05220181122422218
v 0.035794928669929504 -0.09563755244016646 0.05242079496383667
v 0.036951541900634766 -0.09614741802215575 0.05220181122422218
v 0.03592143580317497 -0.09605481475591658 0.05274996906518936
v 0.03592143580317497 -0.09605481475591658 0.05274996906518936
v 0.036951541900634766 -0.09614741802215575 0.05220181122422218
v 0.037194449454545975 -0.09674759954214095 0.05268707498908043
v 0.03592143580317497 -0.09605481475591658 0.05274996906518936
v 0.037194449454545975 -0.09674759954214095 0.05268707498908043
v 0.03619682043790817 -0.09673401713371275 0.05329922214150429
v 0.03619682043790817 -0.09673401713371275 0.05329922214150429
v 0.037194449454545975 -0.09674759954214095 0.05268707498908043
v 0.03750671446323395 -0.09726855903863905 0.05312789976596832
v 0.03619682043790817 -0.09673401713371275 0.05329922214150429
v 0.03750671446323395 -0.09726855903863905 0.05312789976596832
v 0.03656493499875069 -0.097347654402256 0.05381852388381958
v 0.03656493499875069 -0.097347654402256 0.05381852388381958
v 0.03750671446323395 -0.09726855903863905 0.05312789976596832
v 0.03769546002149582 -0.09750733524560927 0.05333876982331276
v 0.03656493499875069 -0.097347654402256 0.05381852388381958
v 0.03769546002149582 -0.09750733524560927 0.05333876982331276
v 0.03679030388593674 -0.09763274341821669 0.05407030135393143
v 0.03679030388593674 -0.09763274341821669 0.05407030135393143
v 0.03769546002149582 -0.09750733524560927 0.05333876982331276
v 0.03809120133519173 -0.0978993773460388 0.05370160564780235
v 0.037264205515384674 -0.09810221195220946 0.05450478941202164
v 0.037264205515384674 -0.09810221195220946 0.05450478941202164
v 0.03809120133519173 -0.0978993773460388 0.05370160564780235
v 0.038559406995773315 -0.09824155271053313 0.0540420338511467
v 0.037264205515384674 -0.09810221195220946 0.05450478941202164
v 0.038559406995773315 -0.09824155271053313 0.0540420338511467
v 0.03782401978969574 -0.09851136803627013 0.05491184815764427
v 0.03782401978969574 -0.09851136803627013 0.05491184815764427
v 0.038559406995773315 -0.09824155271053313 0.0540420338511467
v 0.03881961479783058 -0.09839220345020293 0.0542023740708828
v 0.03813454136252403 -0.0986911505460739 0.05510319396853447
v 0.03813454136252403 -0.0986911505460739 0.05510319396853447
v 0.03881961479783058 -0.09839220345020293 0.0542023740708828
v 0.03937147930264473 -0.09864158183336257 0.05449122190475464
v 0.038792598992586136 -0.09898851066827773 0.05544762313365936
v 0.038792598992586136 -0.09898851066827773 0.05544762313365936
v 0.03937147930264473 -0.09864158183336257 0.05449122190475464
v 0.03996963053941727 -0.09882500767707823 0.05474085733294487
v 0.038792598992586136 -0.09898851066827773 0.05544762313365936
v 0.03996963053941727 -0.09882500767707823 0.05474085733294487
v 0.0395066998898983 -0.09920747578144072 0.05574563518166542
v 0.0395066998898983 -0.09920747578144072 0.05574563518166542
v 0.03996963053941727 -0.09882500767707823 0.05474085733294487
v 0.0402778759598732 -0.09888947755098342 0.054847557097673416
v 0.039875421673059464 -0.09928459674119948 0.055873267352581024
v 0.039875421673059464 -0.09928459674119948 0.055873267352581024
v 0.0402778759598732 -0.09888947755098342 0.054847557097673416
v 0.04091715067625046 -0.09896497428417204 0.055026330053806305
v 0.040640976279973984 -0.09937500208616255 0.05608735606074333
v 0.040640976279973984 -0.09937500208616255 0.05608735606074333
v 0.04091715067625046 -0.09896497428417204 0.055026330053806305
v 0.041594140231609344 -0.09896655380725859 0.055158425122499466
v 0.040640976279973984 -0.09937500208616255 0.05608735606074333
v 0.041594140231609344 -0.09896655380725859 0.055158425122499466
v 0.04144788905978203 -0.09937696158885954 0.056244857609272
v 0.04144788905978203 -0.09937696158885954 0.056244857609272
v 0.041594140231609344 -0.09896655380725859 0.055158425122499466
v 0.04217660799622536 -0.09891026467084883 0.055229976773262024
v 0.04144788905978203 -0.09937696158885954 0.056244857609272
v 0.04217660799622536 -0.09891026467084883 0.055229976773262024
v 0.04212997108697891 -0.09931116551160811 0.05632873624563217
v 0.04212997108697891 -0.09931116551160811 0.05632873624563217
v 0.04217660799622536 -0.09891026467084883 0.055229976773262024
v 0.043017853051424026 -0.09875325858592986 0.05527803301811218
v 0.04212997108697891 -0.09931116551160811 0.05632873624563217
v 0.043017853051424026 -0.09875325858592986 0.05527803301811218
v 0.043074656277894974 -0.09913528710603713 0.05638301745057106
v 0.043074656277894974 -0.09913528710603713 0.05638301745057106
v 0.043017853051424026 -0.09875325858592986 0.05527803301811218
v 0.043904345482587814 -0.09853134304285048 0.0552874393761158
v 0.043074656277894974 -0.09913528710603713 0.05638301745057106
v 0.043904345482587814 -0.09853134304285048 0.0552874393761158
v 0.04399937763810158 -0.09890402108430861 0.05639299005270004
v 0.03490113466978073 -0.09480538964271544 0.05286000296473503
v 0.035794928669929504 -0.09563755244016646 0.05242079496383667
v 0.03501752391457558 -0.09524223953485488 0.053201526403427124
v 0.03501752391457558 -0.09524223953485488 0.053201526403427124
v 0.035794928669929504 -0.09563755244016646 0.05242079496383667
v 0.03592143580317497 -0.09605481475591658 0.05274996906518936
v 0.03501752391457558 -0.09524223953485488 0.053201526403427124
v 0.03592143580317497 -0.09605481475591658 0.05274996906518936
v 0.03515000268816948 -0.09567902237176894 0.053546108305454254
v 0.03515000268816948 -0.09567902237176894 0.053546108305454254
v 0.03592143580317497 -0.09605481475591658 0.05274996906518936
v 0.03619682043790817 -0.09673401713371275 0.05329922214150429
v 0.03515000268816948 -0.09567902237176894 0.053546108305454254
v 0.03619682043790817 -0.09673401713371275 0.05329922214150429
v 0.03544708713889122 -0.0964110344648361 0.05413811653852463
v 0.03544708713889122 -0.0964110344648361 0.05413811653852463
v 0.03619682043790817 -0.09673401713371275 0.05329922214150429
v 0.03656493499875069 -0.097347654402256 0.05381852388381958
v 0.03544708713889122 -0.0964110344648361 0.05413811653852463
v 0.03656493499875069 -0.097347654402256 0.05381852388381958
v 0.03585251420736313 -0.09708659350872038 0.05470985546708107
v 0.03585251420736313 -0.09708659350872038 0.05470985546708107
v 0.03656493499875069 -0.097347654402256 0.05381852388381958
v 0.03679030388593674 -0.09763274341821669 0.05407030135393143
v 0.03585251420736313 -0.09708659350872038 0.05470985546708107
v 0.03679030388593674 -0.09763274341821669 0.05407030135393143
v 0.036102358251810074 -0.0974026322364807 0.05498896539211273
v 0.036102358251810074 -0.0974026322364807 0.05498896539211273
v 0.03679030388593674 -0.09763274341821669 0.05407030135393143
v 0.037264205515384674 -0.09810221195220946 0.05450478941202164
v 0.03662848100066185 -0.09792383015155791 0.05547133460640907
v 0.03662848100066185 -0.09792383015155791 0.05547133460640907
v 0.037264205515384674 -0.09810221195220946 0.05450478941202164
v 0.03782401978969574 -0.09851136803627013 0.05491184815764427
v 0.03662848100066185 -0.09792383015155791 0.05547133460640907
v 0.03782401978969574 -0.09851136803627013 0.05491184815764427
v 0.03724950924515724 -0.0983777344226837 0.05592291057109833
v 0.03724950924515724 -0.0983777344226837 0.05592291057109833
v 0.03782401978969574 -0.09851136803627013 0.05491184815764427
v 0.03813454136252403 -0.0986911505460739 0.05510319396853447
v 0.037593647837638855 -0.09857698529958724 0.05613497272133827
v 0.037593647837638855 -0.09857698529958724 0.05613497272133827
v 0.03813454136252403 -0.0986911505460739 0.05510319396853447
v 0.038792598992586136 -0.09898851066827773 0.05544762313365936
v 0.038322657346725464 -0.09890641272068022 0.05651653930544853
v 0.038322657346725464 -0.09890641272068022 0.05651653930544853
v 0.038792598992586136 -0.09898851066827773 0.05544762313365936
v 0.0395066998898983 -0.09920747578144072 0.05574563518166542
v 0.038322657346725464 -0.09890641272068022 0.05651653930544853
v 0.0395066998898983 -0.09920747578144072 0.05574563518166542
v 0.03911423310637474 -0.09914912283420561 0.05684687942266464
v 0.03911423310637474 -0.09914912283420561 0.05684687942266464
v 0.0395066998898983 -0.09920747578144072 0.05574563518166542
v 0.039875421673059464 -0.09928459674119948 0.055873267352581024
v 0.03952336311340332 -0.09923469275236128 0.05698849633336067
v 0.03952336311340332 -0.09923469275236128 0.05698849633336067
v 0.039875421673059464 -0.09928459674119948 0.055873267352581024
v 0.040640976279973984 -0.09937500208616255 0.05608735606074333
v 0.0403732992708683 -0.09933505952358244 0.05722618103027344
v 0.0403732992708683 -0.09933505952358244 0.05722618103027344
v 0.040640976279973984 -0.09937500208616255 0.05608735606074333
v 0.04144788905978203 -0.09937696158885954 0.056244857609272
v 0.0403732992708683 -0.09933505952358244 0.05722618103027344
v 0.04144788905978203 -0.09937696158885954 0.056244857609272
v 0.0412670262157917 -0.09933727979660033 0.0574006624519825
v 0.0412670262157917 -0.09933727979660033 0.0574006624519825
v 0.04144788905978203 -0.09937696158885954 0.056244857609272
v 0.04212997108697891 -0.09931116551160811 0.05632873624563217
v 0.0412670262157917 -0.09933727979660033 0.0574006624519825
v 0.04212997108697891 -0.09931116551160811 0.05632873624563217
v 0.04201566427946091 -0.09926512837409972 0.05749277397990227
v 0.04201566427946091 -0.09926512837409972 0.05749277397990227
v 0.04212997108697891 -0.09931116551160811 0.05632873624563217
v 0.043074656277894974 -0.09913528710603713 0.05638301745057106
v 0.04201566427946091 -0.09926512837409972 0.05749277397990227
v 0.043074656277894974 -0.09913528710603713 0.05638301745057106
v 0.04302947223186493 -0.09907664358615874 0.05755121260881424
v 0.04302947223186493 -0.09907664358615874 0.05755121260881424
v 0.043074656277894974 -0.09913528710603713 0.05638301745057106
v 0.04399937763810158 -0.09890402108430861 0.05639299005270004
v 0.04302947223186493 -0.09907664358615874 0.05755121260881424
v 0.04399937763810158 -0.09890402108430861 0.05639299005270004
v 0.04397973418235779 -0.0988391265273094 0.057561565190553665
v 0.040154870599508286 -0.0988512337207794 0.058269429951906204
v 0.0403732992708683 -0.09933505952358244 0.05722618103027344
v 0.040926553308963776 -0.09886027872562407 0.058425288647413254
v 0.040926553308963776 -0.09886027872562407 0.058425288647413254
v 0.0403732992708683 -0.09933505952358244 0.05722618103027344
v 0.0412670262157917 -0.09933727979660033 0.0574006624519825
v 0.040926553308963776 -0.09886027872562407 0.058425288647413254
v 0.0412670262157917 -0.09933727979660033 0.0574006624519825
v 0.0410790778696537 -0.09885354340076445 0.058449871838092804
v 0.0410790778696537 -0.09885354340076445 0.058449871838092804
v 0.0412670262157917 -0.09933727979660033 0.0574006624519825
v 0.04201566427946091 -0.09926512837409972 0.05749277397990227
v 0.0410790778696537 -0.09885354340076445 0.058449871838092804
v 0.04201566427946091 -0.09926512837409972 0.05749277397990227
v 0.041851092129945755 -0.09877916425466536 0.05854487419128418
v 0.041851092129945755 -0.09877916425466536 0.05854487419128418
v 0.04201566427946091 -0.09926512837409972 0.05749277397990227
v 0.04302947223186493 -0.09907664358615874 0.05755121260881424
v 0.041851092129945755 -0.09877916425466536 0.05854487419128418
v 0.04302947223186493 -0.09907664358615874 0.05755121260881424
v 0.04288917034864426 -0.09858624637126921 0.05860477685928345
v 0.04288917034864426 -0.09858624637126921 0.05860477685928345
v 0.04302947223186493 -0.09907664358615874 0.05755121260881424
v 0.04397973418235779 -0.0988391265273094 0.057561565190553665
v 0.04288917034864426 -0.09858624637126921 0.05860477685928345
v 0.04397973418235779 -0.0988391265273094 0.057561565190553665
v 0.04384840652346611 -0.09834653884172438 0.05861526355147362
v 0.06855044513940811 -0.06556461751461028 0.035980477929115295
v 0.06747505813837051 -0.06598837673664092 0.03579573705792427
v 0.06736685335636139 -0.06558187305927275 0.035477958619594574
v 0.0693916380405426 -0.06493923813104628 0.03650151938199997
v 0.06855044513940811 -0.06556461751461028 0.035980477929115295
v 0.06843885034322739 -0.0651455372571945 0.03565286472439766
v 0.06987055391073227 -0.06420746445655821 0.037279535084962845
v 0.0693916380405426 -0.06493923813104628 0.03650151938199997
v 0.06927716732025146 -0.0645095109939575 0.036165568977594376
v 0.06991429626941681 -0.06348069757223128 0.03819608688354492
v 0.06987055391073227 -0.06420746445655821 0.037279535084962845
v 0.06975416839122772 -0.06377061456441878 0.03693801537156105
v 0.06991429626941681 -0.06348069757223128 0.03819608688354492
v 0.06975416839122772 -0.06377061456441878 0.03693801537156105
v 0.06979723274707794 -0.06304135173559187 0.037852607667446136
v 0.06979723274707794 -0.06304135173559187 0.037852607667446136
v 0.06975416839122772 -0.06377061456441878 0.03693801537156105
v 0.06962168961763382 -0.06333383172750472 0.03659342974424362
v 0.06979723274707794 -0.06304135173559187 0.037852607667446136
v 0.06962168961763382 -0.06333383172750472 0.03659342974424362
v 0.0696626603603363 -0.06259770691394805 0.03750261291861534
v 0.0696626603603363 -0.06259770691394805 0.03750261291861534
v 0.06962168961763382 -0.06333383172750472 0.03659342974424362
v 0.06955137103796005 -0.0622882954776287 0.03725513815879822
v 0.06955137103796005 -0.0622882954776287 0.03725513815879822
v 0.06962168961763382 -0.06333383172750472 0.03659342974424362
v 0.06932460516691208 -0.06260182708501814 0.03600142523646355
v 0.06955137103796005 -0.0622882954776287 0.03725513815879822
v 0.06932460516691208 -0.06260182708501814 0.03600142523646355
v 0.06935795396566391 -0.061847161501646035 0.036895591765642166
v 0.06935795396566391 -0.061847161501646035 0.036895591765642166
v 0.06932460516691208 -0.06260182708501814 0.03600142523646355
v 0.06891917437314987 -0.061926268041133874 0.035429682582616806
v 0.06935795396566391 -0.061847161501646035 0.036895591765642166
v 0.06891917437314987 -0.061926268041133874 0.035429682582616806
v 0.06893941760063171 -0.061149857938289635 0.03630543872714043
v 0.06893941760063171 -0.061149857938289635 0.03630543872714043
v 0.06891917437314987 -0.061926268041133874 0.035429682582616806
v 0.06866933405399323 -0.06161022558808326 0.035150572657585144
v 0.06868098676204681 -0.06082295253872871 0.03601672872900963
v 0.06868098676204681 -0.06082295253872871 0.03601672872900963
v 0.06866933405399323 -0.06161022558808326 0.035150572657585144
v 0.06814320385456085 -0.06108902394771575 0.0346682071685791
v 0.06813652068376541 -0.0602835826575756 0.03551755100488663
v 0.06813652068376541 -0.0602835826575756 0.03551755100488663
v 0.06814320385456085 -0.06108902394771575 0.0346682071685791
v 0.068050317466259 -0.06021181121468543 0.03544846922159195
v 0.068050317466259 -0.06021181121468543 0.03544846922159195
v 0.06814320385456085 -0.06108902394771575 0.0346682071685791
v 0.06752218306064606 -0.06063511967658996 0.03421662747859955
v 0.068050317466259 -0.06021181121468543 0.03544846922159195
v 0.06752218306064606 -0.06063511967658996 0.03421662747859955
v 0.0674939975142479 -0.059813965111970895 0.03505033999681473
v 0.0674939975142479 -0.059813965111970895 0.03505033999681473
v 0.06752218306064606 -0.06063511967658996 0.03421662747859955
v 0.06717804074287415 -0.06043587252497672 0.034004565328359604
v 0.06713805347681046 -0.05960787832736968 0.03483100235462189
v 0.06713805347681046 -0.05960787832736968 0.03483100235462189
v 0.06717804074287415 -0.06043587252497672 0.034004565328359604
v 0.06644903123378754 -0.060106445103883736 0.033622998744249344
v 0.06638412922620773 -0.059267193078994744 0.03443639725446701
v 0.06638412922620773 -0.059267193078994744 0.03443639725446701
v 0.06644903123378754 -0.060106445103883736 0.033622998744249344
v 0.06565745919942856 -0.059863734990358346 0.03329266235232353
v 0.06556534767150879 -0.059016145765781396 0.03409470617771149
v 0.06556534767150879 -0.059016145765781396 0.03409470617771149
v 0.06565745919942856 -0.059863734990358346 0.03329266235232353
v 0.06524832546710968 -0.059778168797492974 0.033151041716337204
v 0.06514202803373337 -0.05892761051654815 0.033948175609111786
v 0.06514202803373337 -0.05892761051654815 0.033948175609111786
v 0.06524832546710968 -0.059778168797492974 0.033151041716337204
v 0.064398393034935 -0.059677798300981515 0.03291335701942444
v 0.06426246464252472 -0.058823741972446435 0.03370220586657524
v 0.06855044513940811 -0.06556461751461028 0.035980477929115295
v 0.06736685335636139 -0.06558187305927275 0.035477958619594574
v 0.06843885034322739 -0.0651455372571945 0.03565286472439766
v 0.06843885034322739 -0.0651455372571945 0.03565286472439766
v 0.06736685335636139 -0.06558187305927275 0.035477958619594574
v 0.06725981831550598 -0.06522829085588454 0.03519905358552933
v 0.06843885034322739 -0.0651455372571945 0.03565286472439766
v 0.06725981831550598 -0.06522829085588454 0.03519905358552933
v 0.06832128018140793 -0.06475749611854552 0.035346753895282745
v 0.06832128018140793 -0.06475749611854552 0.035346753895282745
v 0.06725981831550598 -0.06522829085588454 0.03519905358552933
v 0.06705522537231445 -0.06472132354974745 0.03478927165269852
v 0.06832128018140793 -0.06475749611854552 0.035346753895282745
v 0.06705522537231445 -0.06472132354974745 0.03478927165269852
v 0.06807837635278702 -0.06415731459856032 0.0348614901304245
v 0.06807837635278702 -0.06415731459856032 0.0348614901304245
v 0.06705522537231445 -0.06472132354974745 0.03478927165269852
v 0.06680882722139359 -0.06430968642234801 0.034441012889146805
v 0.06807837635278702 -0.06415731459856032 0.0348614901304245
v 0.06680882722139359 -0.06430968642234801 0.034441012889146805
v 0.06776610761880875 -0.06363635510206221 0.034420665353536606
v 0.06776610761880875 -0.06363635510206221 0.034420665353536606
v 0.06680882722139359 -0.06430968642234801 0.034441012889146805
v 0.06666328758001328 -0.06412554532289504 0.034278396517038345
v 0.06776610761880875 -0.06363635510206221 0.034420665353536606
v 0.06666328758001328 -0.06412554532289504 0.034278396517038345
v 0.06757736206054688 -0.063397578895092 0.03420979157090187
v 0.06757736206054688 -0.063397578895092 0.03420979157090187
v 0.06666328758001328 -0.06412554532289504 0.034278396517038345
v 0.0663597509264946 -0.063824824988842 0.03400008752942085
v 0.06718162447214127 -0.06300552934408186 0.033846959471702576
v 0.06718162447214127 -0.06300552934408186 0.033846959471702576
v 0.0663597509264946 -0.063824824988842 0.03400008752942085
v 0.0659996047616005 -0.06356165558099745 0.03373825177550316
v 0.06718162447214127 -0.06300552934408186 0.033846959471702576
v 0.0659996047616005 -0.06356165558099745 0.03373825177550316
v 0.06671341508626938 -0.06266336143016814 0.03350653126835823
v 0.06671341508626938 -0.06266336143016814 0.03350653126835823
v 0.0659996047616005 -0.06356165558099745 0.03373825177550316
v 0.06579874455928802 -0.06344536691904067 0.03361448273062706
v 0.06645321100950241 -0.06251270323991774 0.03334619104862213
v 0.06645321100950241 -0.06251270323991774 0.03334619104862213
v 0.06579874455928802 -0.06344536691904067 0.03361448273062706
v 0.06537213176488876 -0.06325259059667586 0.03339120000600815
v 0.06590133905410767 -0.06226332858204841 0.03305734321475029
v 0.06590133905410767 -0.06226332858204841 0.03305734321475029
v 0.06537213176488876 -0.06325259059667586 0.03339120000600815
v 0.06491075456142426 -0.06311108916997908 0.03319862484931946
v 0.06590133905410767 -0.06226332858204841 0.03305734321475029
v 0.06491075456142426 -0.06311108916997908 0.03319862484931946
v 0.06530319154262543 -0.06207990273833274 0.03280770778656006
v 0.06530319154262543 -0.06207990273833274 0.03280770778656006
v 0.06491075456142426 -0.06311108916997908 0.03319862484931946
v 0.06467384845018387 -0.06306153535842894 0.033116620033979416
v 0.0649949461221695 -0.06201543286442756 0.03270100802183151
v 0.0649949461221695 -0.06201543286442756 0.03270100802183151
v 0.06467384845018387 -0.06306153535842894 0.033116620033979416
v 0.06418353319168091 -0.06300362944602965 0.03297949954867363
v 0.06435567140579224 -0.06193993613123893 0.032522235065698624
v 0.06435567140579224 -0.06193993613123893 0.032522235065698624
v 0.06418353319168091 -0.06300362944602965 0.03297949954867363
v 0.06365979462862015 -0.06300250440835951 0.03287738189101219
v 0.06435567140579224 -0.06193993613123893 0.032522235065698624
v 0.06365979462862015 -0.06300250440835951 0.03287738189101219
v 0.06367868185043335 -0.06193836033344268 0.03239013999700546
v 0.06367868185043335 -0.06193836033344268 0.03239013999700546
v 0.06365979462862015 -0.06300250440835951 0.03287738189101219
v 0.06319482624530792 -0.0630475804209709 0.032820362597703934
v 0.06367868185043335 -0.06193836033344268 0.03239013999700546
v 0.06319482624530792 -0.0630475804209709 0.032820362597703934
v 0.06309621036052704 -0.06199464574456214 0.032318588346242905
v 0.06309621036052704 -0.06199464574456214 0.032318588346242905
v 0.06319482624530792 -0.0630475804209709 0.032820362597703934
v 0.06247560679912567 -0.06318232417106627 0.03277965635061264
v 0.06309621036052704 -0.06199464574456214 0.032318588346242905
v 0.06247560679912567 -0.06318232417106627 0.03277965635061264
v 0.06225496903061867 -0.062151655554771416 0.032270532101392746
v 0.06225496903061867 -0.062151655554771416 0.032270532101392746
v 0.06247560679912567 -0.06318232417106627 0.03277965635061264
v 0.06163420528173447 -0.0633932128548622 0.03277091681957245
v 0.06225496903061867 -0.062151655554771416 0.032270532101392746
v 0.06163420528173447 -0.0633932128548622 0.03277091681957245
v 0.06136847659945488 -0.06237357109785079 0.03226112574338913
v 0.0693916380405426 -0.06493923813104628 0.03650151938199997
v 0.06843885034322739 -0.0651455372571945 0.03565286472439766
v 0.06927716732025146 -0.0645095109939575 0.036165568977594376
v 0.06927716732025146 -0.0645095109939575 0.036165568977594376
v 0.06843885034322739 -0.0651455372571945 0.03565286472439766
v 0.06832128018140793 -0.06475749611854552 0.035346753895282745
v 0.06927716732025146 -0.0645095109939575 0.036165568977594376
v 0.06832128018140793 -0.06475749611854552 0.035346753895282745
v 0.0691506564617157 -0.06409224867820738 0.035836394876241684
v 0.0691506564617157 -0.06409224867820738 0.035836394876241684
v 0.06832128018140793 -0.06475749611854552 0.035346753895282745
v 0.06807837635278702 -0.06415731459856032 0.0348614901304245
v 0.0691506564617157 -0.06409224867820738 0.035836394876241684
v 0.06807837635278702 -0.06415731459856032 0.0348614901304245
v 0.0688752755522728 -0.06341303884983061 0.03528714179992676
v 0.0688752755522728 -0.06341303884983061 0.03528714179992676
v 0.06807837635278702 -0.06415731459856032 0.0348614901304245
v 0.06776610761880875 -0.06363635510206221 0.034420665353536606
v 0.0688752755522728 -0.06341303884983061 0.03528714179992676
v 0.06776610761880875 -0.06363635510206221 0.034420665353536606
v 0.06850716471672058 -0.06279940903186797 0.034767840057611465
v 0.06850716471672058 -0.06279940903186797 0.034767840057611465
v 0.06776610761880875 -0.06363635510206221 0.034420665353536606
v 0.06757736206054688 -0.063397578895092 0.03420979157090187
v 0.06850716471672058 -0.06279940903186797 0.034767840057611465
v 0.06757736206054688 -0.063397578895092 0.03420979157090187
v 0.06828179210424423 -0.06251431256532668 0.03451606258749962
v 0.06828179210424423 -0.06251431256532668 0.03451606258749962
v 0.06757736206054688 -0.063397578895092 0.03420979157090187
v 0.06718162447214127 -0.06300552934408186 0.033846959471702576
v 0.0678078904747963 -0.062044847756624215 0.03408157452940941
v 0.0678078904747963 -0.062044847756624215 0.03408157452940941
v 0.06718162447214127 -0.06300552934408186 0.033846959471702576
v 0.06671341508626938 -0.06266336143016814 0.03350653126835823
v 0.0678078904747963 -0.062044847756624215 0.03408157452940941
v 0.06671341508626938 -0.06266336143016814 0.03350653126835823
v 0.06724807620048523 -0.061635695397853844 0.033674515783786774
v 0.06724807620048523 -0.061635695397853844 0.033674515783786774
v 0.06671341508626938 -0.06266336143016814 0.03350653126835823
v 0.06645321100950241 -0.06251270323991774 0.03334619104862213
v 0.06693755090236664 -0.06145591288805007 0.033483169972896576
v 0.06693755090236664 -0.06145591288805007 0.033483169972896576
v 0.06645321100950241 -0.06251270323991774 0.03334619104862213
v 0.06590133905410767 -0.06226332858204841 0.03305734321475029
v 0.06627950072288513 -0.06115854531526565 0.03313874080777168
v 0.06627950072288513 -0.06115854531526565 0.03313874080777168
v 0.06590133905410767 -0.06226332858204841 0.03305734321475029
v 0.06530319154262543 -0.06207990273833274 0.03280770778656006
v 0.06627950072288513 -0.06115854531526565 0.03313874080777168
v 0.06530319154262543 -0.06207990273833274 0.03280770778656006
v 0.06556539982557297 -0.06093958392739295 0.032840728759765625
v 0.06556539982557297 -0.06093958392739295 0.032840728759765625
v 0.06530319154262543 -0.06207990273833274 0.03280770778656006
v 0.0649949461221695 -0.06201543286442756 0.03270100802183151
v 0.0651966780424118 -0.06086246669292449 0.03271309658885002
v 0.0651966780424118 -0.06086246669292449 0.03271309658885002
v 0.0649949461221695 -0.06201543286442756 0.03270100802183151
v 0.06435567140579224 -0.06193993613123893 0.032522235065698624
v 0.06443111598491669 -0.06077206134796142 0.032499007880687714
v 0.06443111598491669 -0.06077206134796142 0.032499007880687714
v 0.06435567140579224 -0.06193993613123893 0.032522235065698624
v 0.06367868185043335 -0.06193836033344268 0.03239013999700546
v 0.06443111598491669 -0.06077206134796142 0.032499007880687714
v 0.06367868185043335 -0.06193836033344268 0.03239013999700546
v 0.06362421065568924 -0.06077009811997413 0.03234150633215904
v 0.06362421065568924 -0.06077009811997413 0.03234150633215904
v 0.06367868185043335 -0.06193836033344268 0.03239013999700546
v 0.06309621036052704 -0.06199464574456214 0.032318588346242905
v 0.06362421065568924 -0.06077009811997413 0.03234150633215904
v 0.06309621036052704 -0.06199464574456214 0.032318588346242905
v 0.06294212490320206 -0.060835890471935265 0.032257627695798874
v 0.06294212490320206 -0.060835890471935265 0.032257627695798874
v 0.06309621036052704 -0.06199464574456214 0.032318588346242905
v 0.06225496903061867 -0.062151655554771416 0.032270532101392746
v 0.06294212490320206 -0.060835890471935265 0.032257627695798874
v 0.06225496903061867 -0.062151655554771416 0.032270532101392746
v 0.061997439712285995 -0.06101177260279655 0.032203346490859985
v 0.061997439712285995 -0.06101177260279655 0.032203346490859985
v 0.06225496903061867 -0.062151655554771416 0.032270532101392746
v 0.06136847659945488 -0.06237357109785079 0.03226112574338913
v 0.061997439712285995 -0.06101177260279655 0.032203346490859985
v 0.06136847659945488 -0.06237357109785079 0.03226112574338913
v 0.06107271835207939 -0.06124303862452506 0.032193373888731
v 0.06987055391073227 -0.06420746445655821 0.037279535084962845
v 0.06927716732025146 -0.0645095109939575 0.036165568977594376
v 0.06975416839122772 -0.06377061456441878 0.03693801537156105
v 0.06975416839122772 -0.06377061456441878 0.03693801537156105
v 0.06927716732025146 -0.0645095109939575 0.036165568977594376
v 0.0691506564617157 -0.06409224867820738 0.035836394876241684
v 0.06975416839122772 -0.06377061456441878 0.03693801537156105
v 0.0691506564617157 -0.06409224867820738 0.035836394876241684
v 0.06962168961763382 -0.06333383172750472 0.03659342974424362
v 0.06962168961763382 -0.06333383172750472 0.03659342974424362
v 0.0691506564617157 -0.06409224867820738 0.035836394876241684
v 0.0688752755522728 -0.06341303884983061 0.03528714179992676
v 0.06962168961763382 -0.06333383172750472 0.03659342974424362
v 0.0688752755522728 -0.06341303884983061 0.03528714179992676
v 0.06932460516691208 -0.06260182708501814 0.03600142523646355
v 0.06932460516691208 -0.06260182708501814 0.03600142523646355
v 0.0688752755522728 -0.06341303884983061 0.03528714179992676
v 0.06850716471672058 -0.06279940903186797 0.034767840057611465
v 0.06932460516691208 -0.06260182708501814 0.03600142523646355
v 0.06850716471672058 -0.06279940903186797 0.034767840057611465
v 0.06891917437314987 -0.061926268041133874 0.035429682582616806
v 0.06891917437314987 -0.061926268041133874 0.035429682582616806
v 0.06850716471672058 -0.06279940903186797 0.034767840057611465
v 0.06828179210424423 -0.06251431256532668 0.03451606258749962
v 0.06891917437314987 -0.061926268041133874 0.035429682582616806
v 0.06828179210424423 -0.06251431256532668 0.03451606258749962
v 0.06866933405399323 -0.06161022558808326 0.035150572657585144
v 0.06866933405399323 -0.06161022558808326 0.035150572657585144
v 0.06828179210424423 -0.06251431256532668 0.03451606258749962
v 0.0678078904747963 -0.062044847756624215 0.03408157452940941
v 0.06814320385456085 -0.06108902394771575 0.0346682071685791
v 0.06814320385456085 -0.06108902394771575 0.0346682071685791
v 0.0678078904747963 -0.062044847756624215 0.03408157452940941
v 0.06724807620048523 -0.061635695397853844 0.033674515783786774
v 0.06814320385456085 -0.06108902394771575 0.0346682071685791
v 0.06724807620048523 -0.061635695397853844 0.033674515783786774
v 0.06752218306064606 -0.06063511967658996 0.03421662747859955
v 0.06752218306064606 -0.06063511967658996 0.03421662747859955
v 0.06724807620048523 -0.061635695397853844 0.033674515783786774
v 0.06693755090236664 -0.06145591288805007 0.033483169972896576
v 0.06717804074287415 -0.06043587252497672 0.034004565328359604
v 0.06717804074287415 -0.06043587252497672 0.034004565328359604
v 0.06693755090236664 -0.06145591288805007 0.033483169972896576
v 0.06627950072288513 -0.06115854531526565 0.03313874080777168
v 0.06644903123378754 -0.060106445103883736 0.033622998744249344
v 0.06644903123378754 -0.060106445103883736 0.033622998744249344
v 0.06627950072288513 -0.06115854531526565 0.03313874080777168
v 0.06556539982557297 -0.06093958392739295 0.032840728759765625
v 0.06644903123378754 -0.060106445103883736 0.033622998744249344
v 0.06556539982557297 -0.06093958392739295 0.032840728759765625
v 0.06565745919942856 -0.059863734990358346 0.03329266235232353
v 0.06565745919942856 -0.059863734990358346 0.03329266235232353
v 0.06556539982557297 -0.06093958392739295 0.032840728759765625
v 0.0651966780424118 -0.06086246669292449 0.03271309658885002
v 0.06524832546710968 -0.059778168797492974 0.033151041716337204
v 0.06524832546710968 -0.059778168797492974 0.033151041716337204
v 0.0651966780424118 -0.06086246669292449 0.03271309658885002
v 0.06443111598491669 -0.06077206134796142 0.032499007880687714
v 0.064398393034935 -0.059677798300981515 0.03291335701942444
v 0.064398393034935 -0.059677798300981515 0.03291335701942444
v 0.06443111598491669 -0.06077206134796142 0.032499007880687714
v 0.06362421065568924 -0.06077009811997413 0.03234150633215904
v 0.064398393034935 -0.059677798300981515 0.03291335701942444
v 0.06362421065568924 -0.06077009811997413 0.03234150633215904
v 0.0635046660900116 -0.05967557802796363 0.032738879323005676
v 0.0635046660900116 -0.05967557802796363 0.032738879323005676
v 0.06362421065568924 -0.06077009811997413 0.03234150633215904
v 0.06294212490320206 -0.060835890471935265 0.032257627695798874
v 0.0635046660900116 -0.05967557802796363 0.032738879323005676
v 0.06294212490320206 -0.060835890471935265 0.032257627695798874
v 0.0627560243010521 -0.05974772572517394 0.03264676406979561
v 0.0627560243010521 -0.05974772572517394 0.03264676406979561
v 0.06294212490320206 -0.060835890471935265 0.032257627695798874
v 0.061997439712285995 -0.06101177260279655 0.032203346490859985
v 0.0627560243010521 -0.05974772572517394 0.03264676406979561
v 0.061997439712285995 -0.06101177260279655 0.032203346490859985
v 0.06174222007393837 -0.05993621796369552 0.032588325440883636
v 0.06174222007393837 -0.05993621796369552 0.032588325440883636
v 0.061997439712285995 -0.06101177260279655 0.032203346490859985
v 0.06107271835207939 -0.06124303862452506 0.032193373888731
v 0.06174222007393837 -0.05993621796369552 0.032588325440883636
v 0.06107271835207939 -0.06124303862452506 0.032193373888731
v 0.06079195439815521 -0.06017372757196426 0.03257797285914421
v 0.06426246464252472 -0.058823741972446435 0.03370220586657524
v 0.064398393034935 -0.059677798300981515 0.03291335701942444
v 0.06349078565835953 -0.05881469696760177 0.03354634717106819
v 0.06349078565835953 -0.05881469696760177 0.03354634717106819
v 0.064398393034935 -0.059677798300981515 0.03291335701942444
v 0.0635046660900116 -0.05967557802796363 0.032738879323005676
v 0.06349078565835953 -0.05881469696760177 0.03354634717106819
v 0.0635046660900116 -0.05967557802796363 0.032738879323005676
v 0.0633382573723793 -0.05882143229246139 0.03352176398038864
v 0.0633382573723793 -0.05882143229246139 0.03352176398038864
v 0.0635046660900116 -0.05967557802796363 0.032738879323005676
v 0.0627560243010521 -0.05974772572517394 0.03264676406979561
v 0.0633382573723793 -0.05882143229246139 0.03352176398038864
v 0.0627560243010521 -0.05974772572517394 0.03264676406979561
v 0.06256624311208725 -0.05889581143856048 0.033426761627197266
v 0.06256624311208725 -0.05889581143856048 0.033426761627197266
v 0.0627560243010521 -0.05974772572517394 0.03264676406979561
v 0.06174222007393837 -0.05993621796369552 0.032588325440883636
v 0.06256624311208725 -0.05889581143856048 0.033426761627197266
v 0.06174222007393837 -0.05993621796369552 0.032588325440883636
v 0.06152816489338875 -0.05908872932195663 0.033366858959198
v 0.06152816489338875 -0.05908872932195663 0.033366858959198
v 0.06174222007393837 -0.05993621796369552 0.032588325440883636
v 0.06079195439815521 -0.06017372757196426 0.03257797285914421
v 0.06152816489338875 -0.05908872932195663 0.033366858959198
v 0.06079195439815521 -0.06017372757196426 0.03257797285914421
v 0.06056893244385719 -0.05932843312621116 0.03335637226700783
v 0.034503038972616196 -0.09419427067041396 0.05377554893493652
v 0.02928319200873375 -0.0741157829761505 0.038103681057691574
v 0.029681285843253136 -0.07472690194845198 0.03718813508749008
v 0.03490113466978073 -0.09480538964271544 0.05286000296473503
v 0.03490113466978073 -0.09480538964271544 0.05286000296473503
v 0.029681285843253136 -0.07472690194845198 0.03718813508749008
v 0.03046061284840107 -0.07512933015823363 0.036412980407476425
v 0.035680461674928665 -0.09520781785249709 0.052084848284721375
v 0.035680461674928665 -0.09520781785249709 0.052084848284721375
v 0.03046061284840107 -0.07512933015823363 0.036412980407476425
v 0.03150252625346184 -0.07526180893182753 0.035896219313144684
v 0.036722373217344284 -0.09534029662609099 0.05156808719038963
v 0.036722373217344284 -0.09534029662609099 0.05156808719038963
v 0.03150252625346184 -0.07526180893182753 0.035896219313144684
v 0.03264839947223663 -0.07510416209697722 0.03571653366088867
v 0.03786825016140938 -0.09518264979124068 0.05138840153813362
v 0.035416342318058014 -0.06591205298900603 0.033299170434474945
v 0.06056893244385719 -0.05932843312621116 0.03335637226700783
v 0.06079195439815521 -0.06017372757196426 0.03257797285914421
v 0.03563936427235603 -0.06675735116004942 0.03252077102661133
v 0.03563936427235603 -0.06675735116004942 0.03252077102661133
v 0.06079195439815521 -0.06017372757196426 0.03257797285914421
v 0.06107271835207939 -0.06124303862452506 0.032193373888731
v 0.03592012822628021 -0.06782665848731993 0.03213617205619812
v 0.03592012822628021 -0.06782665848731993 0.03213617205619812
v 0.06107271835207939 -0.06124303862452506 0.032193373888731
v 0.06136847659945488 -0.06237357109785079 0.03226112574338913
v 0.036215890198946 -0.06895719468593596 0.03220392391085625
v 0.036215890198946 -0.06895719468593596 0.03220392391085625
v 0.06136847659945488 -0.06237357109785079 0.03226112574338913
v 0.06163420528173447 -0.0633932128548622 0.03277091681957245
v 0.036481618881225586 -0.06997683644294737 0.032713714987039566
v 0.036215890198946 -0.06895719468593596 0.03220392391085625
v 0.036481618881225586 -0.06997683644294737 0.032713714987039566
v 0.035972099751234055 -0.07011221349239348 0.03271402791142464
v 0.03592012822628021 -0.06782665848731993 0.03213617205619812
v 0.036215890198946 -0.06895719468593596 0.03220392391085625
v 0.035690609365701675 -0.06909679621458052 0.0322042740881443
v 0.03563936427235603 -0.06675735116004942 0.03252077102661133
v 0.03592012822628021 -0.06782665848731993 0.03213617205619812
v 0.035381488502025604 -0.06796984374523161 0.032136548310518265
v 0.035416342318058014 -0.06591205298900603 0.033299170434474945
v 0.03563936427235603 -0.06675735116004942 0.03252077102661133
v 0.03509179875254631 -0.06690292060375212 0.032521165907382965
v 0.035416342318058014 -0.06591205298900603 0.033299170434474945
v 0.03509179875254631 -0.06690292060375212 0.032521165907382965
v 0.034865640103816986 -0.06605846434831618 0.03329957276582718
v 0.034865640103816986 -0.06605846434831618 0.03329957276582718
v 0.03509179875254631 -0.06690292060375212 0.032521165907382965
v 0.0345425009727478 -0.06706181168556212 0.032530952244997025
v 0.034865640103816986 -0.06605846434831618 0.03329957276582718
v 0.0345425009727478 -0.06706181168556212 0.032530952244997025
v 0.03430771827697754 -0.06621985882520674 0.03330952301621437
v 0.03430771827697754 -0.06621985882520674 0.03330952301621437
v 0.0345425009727478 -0.06706181168556212 0.032530952244997025
v 0.03391663357615471 -0.06634685397148131 0.033326614648103714
v 0.03391663357615471 -0.06634685397148131 0.033326614648103714
v 0.0345425009727478 -0.06706181168556212 0.032530952244997025
v 0.03361346945166588 -0.06739021837711333 0.0325910858809948
v 0.03391663357615471 -0.06634685397148131 0.033326614648103714
v 0.03361346945166588 -0.06739021837711333 0.0325910858809948
v 0.033355146646499634 -0.06655666977167128 0.03337123617529869
v 0.033355146646499634 -0.06655666977167128 0.03337123617529869
v 0.03361346945166588 -0.06739021837711333 0.0325910858809948
v 0.03274129331111908 -0.06780195236206053 0.03272306174039841
v 0.033355146646499634 -0.06655666977167128 0.03337123617529869
v 0.03274129331111908 -0.06780195236206053 0.03272306174039841
v 0.03245488926768303 -0.066981703042984 0.033507492393255234
v 0.03245488926768303 -0.066981703042984 0.033507492393255234
v 0.03274129331111908 -0.06780195236206053 0.03272306174039841
v 0.032326485961675644 -0.06804438680410384 0.03281986713409424
v 0.03202582150697708 -0.06723246723413466 0.03360762447118759
v 0.03202582150697708 -0.06723246723413466 0.03360762447118759
v 0.032326485961675644 -0.06804438680410384 0.03281986713409424
v 0.031629547476768494 -0.06853862851858138 0.03304598852992058
v 0.03130459040403366 -0.06774394214153288 0.033841632306575775
v 0.03130459040403366 -0.06774394214153288 0.033841632306575775
v 0.031629547476768494 -0.06853862851858138 0.03304598852992058
v 0.031207069754600525 -0.06782338768243788 0.03388078138232231
v 0.031207069754600525 -0.06782338768243788 0.03388078138232231
v 0.031629547476768494 -0.06853862851858138 0.03304598852992058
v 0.031004246324300766 -0.06910385191440581 0.0333377979695797
v 0.031207069754600525 -0.06782338768243788 0.03388078138232231
v 0.031004246324300766 -0.06910385191440581 0.0333377979695797
v 0.030657637864351273 -0.06832873076200484 0.034143537282943726
v 0.030657637864351273 -0.06832873076200484 0.034143537282943726
v 0.031004246324300766 -0.06910385191440581 0.0333377979695797
v 0.030721699818968773 -0.06941117346286772 0.0335075668990612
v 0.03036539815366268 -0.0686465874314308 0.034319132566452026
v 0.03036539815366268 -0.0686465874314308 0.034319132566452026
v 0.030721699818968773 -0.06941117346286772 0.0335075668990612
v 0.030236514285206795 -0.07005174458026885 0.03388150408864021
v 0.0298636294901371 -0.06930905580520628 0.03470585122704506
v 0.0298636294901371 -0.06930905580520628 0.03470585122704506
v 0.030236514285206795 -0.07005174458026885 0.03388150408864021
v 0.029850371181964874 -0.07073433697223662 0.034305281937122345
v 0.029464220628142357 -0.07001511007547377 0.03514419123530388
v 0.029464220628142357 -0.07001511007547377 0.03514419123530388
v 0.029850371181964874 -0.07073433697223662 0.034305281937122345
v 0.029699578881263733 -0.07108264416456221 0.03453046828508377
v 0.029308199882507324 -0.07037549465894698 0.03537718579173088
v 0.029308199882507324 -0.07037549465894698 0.03537718579173088
v 0.029699578881263733 -0.07108264416456221 0.03453046828508377
v 0.02948099933564663 -0.07179750502109526 0.035010214895009995
v 0.029081998392939568 -0.07111527770757674 0.0358736589550972
v 0.036215890198946 -0.06895719468593596 0.03220392391085625
v 0.035972099751234055 -0.07011221349239348 0.03271402791142464
v 0.035690609365701675 -0.06909679621458052 0.0322042740881443
v 0.035690609365701675 -0.06909679621458052 0.0322042740881443
v 0.035972099751234055 -0.07011221349239348 0.03271402791142464
v 0.03552745655179024 -0.07024066150188445 0.03272182494401932
v 0.035690609365701675 -0.06909679621458052 0.0322042740881443
v 0.03552745655179024 -0.07024066150188445 0.03272182494401932
v 0.035202618688344955 -0.06923785060644148 0.03221289440989494
v 0.035202618688344955 -0.06923785060644148 0.03221289440989494
v 0.03552745655179024 -0.07024066150188445 0.03272182494401932
v 0.034884173423051834 -0.07046715915203093 0.0327627994120121
v 0.035202618688344955 -0.06923785060644148 0.03221289440989494
v 0.034884173423051834 -0.07046715915203093 0.0327627994120121
v 0.03444097563624382 -0.06950655579566954 0.03226180374622345
v 0.03444097563624382 -0.06950655579566954 0.03226180374622345
v 0.034884173423051834 -0.07046715915203093 0.0327627994120121
v 0.03435279428958893 -0.07071750611066817 0.03284284099936485
v 0.03444097563624382 -0.06950655579566954 0.03226180374622345
v 0.03435279428958893 -0.07071750611066817 0.03284284099936485
v 0.033768430352211 -0.06982375681400298 0.03236335515975952
v 0.033768430352211 -0.06982375681400298 0.03236335515975952
v 0.03435279428958893 -0.07071750611066817 0.03284284099936485
v 0.03411111235618591 -0.07085872441530226 0.032899223268032074
v 0.033768430352211 -0.06982375681400298 0.03236335515975952
v 0.03411111235618591 -0.07085872441530226 0.032899223268032074
v 0.03345504030585289 -0.07000689953565596 0.03243648260831833
v 0.03345504030585289 -0.07000689953565596 0.03243648260831833
v 0.03411111235618591 -0.07085872441530226 0.032899223268032074
v 0.03370899707078934 -0.07114388048648833 0.03302967920899391
v 0.032930806279182434 -0.07037866115570067 0.032606568187475204
v 0.032930806279182434 -0.07037866115570067 0.032606568187475204
v 0.03370899707078934 -0.07114388048648833 0.03302967920899391
v 0.033346448093652725 -0.0714716538786888 0.03319891542196274
v 0.032930806279182434 -0.07037866115570067 0.032606568187475204
v 0.033346448093652725 -0.0714716538786888 0.03319891542196274
v 0.03245941922068596 -0.07080478966236113 0.03282657265663147
v 0.03245941922068596 -0.07080478966236113 0.03282657265663147
v 0.033346448093652725 -0.0714716538786888 0.03319891542196274
v 0.03318154439330101 -0.07165102660655974 0.033298004418611526
v 0.032245784997940063 -0.07103715837001799 0.03295493870973587
v 0.032245784997940063 -0.07103715837001799 0.03295493870973587
v 0.03318154439330101 -0.07165102660655974 0.033298004418611526
v 0.032897621393203735 -0.07202588021755217 0.03351682797074318
v 0.03187849745154381 -0.07152207940816878 0.033238012343645096
v 0.03187849745154381 -0.07152207940816878 0.033238012343645096
v 0.032897621393203735 -0.07202588021755217 0.03351682797074318
v 0.03267250210046768 -0.0724237486720085 0.0337638258934021
v 0.03187849745154381 -0.07152207940816878 0.033238012343645096
v 0.03267250210046768 -0.0724237486720085 0.0337638258934021
v 0.03158668056130409 -0.07203788310289382 0.033558234572410583
v 0.03158668056130409 -0.07203788310289382 0.033558234572410583
v 0.03267250210046768 -0.0724237486720085 0.0337638258934021
v 0.032585181295871735 -0.07262543588876723 0.033894218504428864
v 0.0314730703830719 -0.07230030000209807 0.033727891743183136
v 0.0314730703830719 -0.07230030000209807 0.033727891743183136
v 0.032585181295871735 -0.07262543588876723 0.033894218504428864
v 0.0324590839445591 -0.07303782552480696 0.034170977771282196
v 0.03130866214632988 -0.07283797860145567 0.034088730812072754
v 0.03130866214632988 -0.07283797860145567 0.034088730812072754
v 0.0324590839445591 -0.07303782552480696 0.034170977771282196
v 0.032398685812950134 -0.07347147911787032 0.03447597101330757
v 0.03130866214632988 -0.07283797860145567 0.034088730812072754
v 0.032398685812950134 -0.07347147911787032 0.03447597101330757
v 0.031230436637997627 -0.07339854538440703 0.03448295220732689
v 0.031230436637997627 -0.07339854538440703 0.03448295220732689
v 0.032398685812950134 -0.07347147911787032 0.03447597101330757
v 0.032401423901319504 -0.0738512873649597 0.03475385159254074
v 0.031230436637997627 -0.07339854538440703 0.03448295220732689
v 0.032401423901319504 -0.0738512873649597 0.03475385159254074
v 0.0312336552888155 -0.07387434691190718 0.034831032156944275
v 0.0312336552888155 -0.07387434691190718 0.034831032156944275
v 0.032401423901319504 -0.0738512873649597 0.03475385159254074
v 0.032485220581293106 -0.07443144917488097 0.03519372269511223
v 0.0312336552888155 -0.07387434691190718 0.034831032156944275
v 0.032485220581293106 -0.07443144917488097 0.03519372269511223
v 0.031330935657024384 -0.07455300539731978 0.03534543514251709
v 0.031330935657024384 -0.07455300539731978 0.03534543514251709
v 0.032485220581293106 -0.07443144917488097 0.03519372269511223
v 0.03264839947223663 -0.07510416209697722 0.03571653366088867
v 0.031330935657024384 -0.07455300539731978 0.03534543514251709
v 0.03264839947223663 -0.07510416209697722 0.03571653366088867
v 0.03150252625346184 -0.07526180893182753 0.035896219313144684
v 0.03592012822628021 -0.06782665848731993 0.03213617205619812
v 0.035690609365701675 -0.06909679621458052 0.0322042740881443
v 0.035381488502025604 -0.06796984374523161 0.032136548310518265
v 0.035381488502025604 -0.06796984374523161 0.032136548310518265
v 0.035690609365701675 -0.06909679621458052 0.0322042740881443
v 0.035202618688344955 -0.06923785060644148 0.03221289440989494
v 0.035381488502025604 -0.06796984374523161 0.032136548310518265
v 0.035202618688344955 -0.06923785060644148 0.03221289440989494
v 0.03485674783587456 -0.06812158226966857 0.03214586526155472
v 0.03485674783587456 -0.06812158226966857 0.03214586526155472
v 0.035202618688344955 -0.06923785060644148 0.03221289440989494
v 0.03444097563624382 -0.06950655579566954 0.03226180374622345
v 0.03485674783587456 -0.06812158226966857 0.03214586526155472
v 0.03444097563624382 -0.06950655579566954 0.03226180374622345
v 0.03399476036429405 -0.06842608004808425 0.032201506197452545
v 0.03399476036429405 -0.06842608004808425 0.032201506197452545
v 0.03444097563624382 -0.06950655579566954 0.03226180374622345
v 0.033768430352211 -0.06982375681400298 0.03236335515975952
v 0.03399476036429405 -0.06842608004808425 0.032201506197452545
v 0.033768430352211 -0.06982375681400298 0.03236335515975952
v 0.03320254758000374 -0.06879995018243788 0.032321296632289886
v 0.03320254758000374 -0.06879995018243788 0.032321296632289886
v 0.033768430352211 -0.06982375681400298 0.03236335515975952
v 0.03345504030585289 -0.07000689953565596 0.03243648260831833
v 0.03320254758000374 -0.06879995018243788 0.032321296632289886
v 0.03345504030585289 -0.07000689953565596 0.03243648260831833
v 0.03282836452126503 -0.0690186321735382 0.032408613711595535
v 0.03282836452126503 -0.0690186321735382 0.032408613711595535
v 0.03345504030585289 -0.07000689953565596 0.03243648260831833
v 0.032930806279182434 -0.07037866115570067 0.032606568187475204
v 0.03220060095191002 -0.06946381926536559 0.03261229395866394
v 0.03220060095191002 -0.06946381926536559 0.03261229395866394
v 0.032930806279182434 -0.07037866115570067 0.032606568187475204
v 0.03245941922068596 -0.07080478966236113 0.03282657265663147
v 0.03220060095191002 -0.06946381926536559 0.03261229395866394
v 0.03245941922068596 -0.07080478966236113 0.03282657265663147
v 0.03163694590330124 -0.06997332721948622 0.032875340431928635
v 0.03163694590330124 -0.06997332721948622 0.032875340431928635
v 0.03245941922068596 -0.07080478966236113 0.03282657265663147
v 0.032245784997940063 -0.07103715837001799 0.03295493870973587
v 0.0313820019364357 -0.07025062292814253 0.03302852809429169
v 0.0313820019364357 -0.07025062292814253 0.03302852809429169
v 0.032245784997940063 -0.07103715837001799 0.03295493870973587
v 0.03187849745154381 -0.07152207940816878 0.033238012343645096
v 0.030944041907787323 -0.0708288550376892 0.033366069197654724
v 0.030944041907787323 -0.0708288550376892 0.033366069197654724
v 0.03187849745154381 -0.07152207940816878 0.033238012343645096
v 0.03158668056130409 -0.07203788310289382 0.033558234572410583
v 0.030944041907787323 -0.0708288550376892 0.033366069197654724
v 0.03158668056130409 -0.07203788310289382 0.033558234572410583
v 0.030595680698752403 -0.07144463807344435 0.03374836966395378
v 0.030595680698752403 -0.07144463807344435 0.03374836966395378
v 0.03158668056130409 -0.07203788310289382 0.033558234572410583
v 0.0314730703830719 -0.07230030000209807 0.033727891743183136
v 0.030459780246019363 -0.07175854593515395 0.03395131230354309
v 0.030459780246019363 -0.07175854593515395 0.03395131230354309
v 0.0314730703830719 -0.07230030000209807 0.033727891743183136
v 0.03130866214632988 -0.07283797860145567 0.034088730812072754
v 0.03026289865374565 -0.0724024400115013 0.03438343107700348
v 0.03026289865374565 -0.0724024400115013 0.03438343107700348
v 0.03130866214632988 -0.07283797860145567 0.034088730812072754
v 0.031230436637997627 -0.07339854538440703 0.03448295220732689
v 0.03026289865374565 -0.0724024400115013 0.03438343107700348
v 0.031230436637997627 -0.07339854538440703 0.03448295220732689
v 0.030169561505317688 -0.07307059317827223 0.03485329821705818
v 0.030169561505317688 -0.07307059317827223 0.03485329821705818
v 0.031230436637997627 -0.07339854538440703 0.03448295220732689
v 0.0312336552888155 -0.07387434691190718 0.034831032156944275
v 0.030169561505317688 -0.07307059317827223 0.03485329821705818
v 0.0312336552888155 -0.07387434691190718 0.034831032156944275
v 0.030173184350132942 -0.07362777739763258 0.0352608859539032
v 0.030173184350132942 -0.07362777739763258 0.0352608859539032
v 0.0312336552888155 -0.07387434691190718 0.034831032156944275
v 0.031330935657024384 -0.07455300539731978 0.03534543514251709
v 0.030173184350132942 -0.07362777739763258 0.0352608859539032
v 0.031330935657024384 -0.07455300539731978 0.03534543514251709
v 0.03028189390897751 -0.0743899419903755 0.035838473588228226
v 0.03028189390897751 -0.0743899419903755 0.035838473588228226
v 0.031330935657024384 -0.07455300539731978 0.03534543514251709
v 0.03150252625346184 -0.07526180893182753 0.035896219313144684
v 0.03028189390897751 -0.0743899419903755 0.035838473588228226
v 0.03150252625346184 -0.07526180893182753 0.035896219313144684
v 0.03046061284840107 -0.07512933015823363 0.036412980407476425
v 0.03563936427235603 -0.06675735116004942 0.03252077102661133
v 0.035381488502025604 -0.06796984374523161 0.032136548310518265
v 0.03509179875254631 -0.06690292060375212 0.032521165907382965
v 0.03509179875254631 -0.06690292060375212 0.032521165907382965
v 0.035381488502025604 -0.06796984374523161 0.032136548310518265
v 0.03485674783587456 -0.06812158226966857 0.03214586526155472
v 0.03509179875254631 -0.06690292060375212 0.032521165907382965
v 0.03485674783587456 -0.06812158226966857 0.03214586526155472
v 0.0345425009727478 -0.06706181168556212 0.032530952244997025
v 0.0345425009727478 -0.06706181168556212 0.032530952244997025
v 0.03485674783587456 -0.06812158226966857 0.03214586526155472
v 0.03399476036429405 -0.06842608004808425 0.032201506197452545
v 0.0345425009727478 -0.06706181168556212 0.032530952244997025
v 0.03399476036429405 -0.06842608004808425 0.032201506197452545
v 0.03361346945166588 -0.06739021837711333 0.0325910858809948
v 0.03361346945166588 -0.06739021837711333 0.0325910858809948
v 0.03399476036429405 -0.06842608004808425 0.032201506197452545
v 0.03320254758000374 -0.06879995018243788 0.032321296632289886
v 0.03361346945166588 -0.06739021837711333 0.0325910858809948
v 0.03320254758000374 -0.06879995018243788 0.032321296632289886
v 0.03274129331111908 -0.06780195236206053 0.03272306174039841
v 0.03274129331111908 -0.06780195236206053 0.03272306174039841
v 0.03320254758000374 -0.06879995018243788 0.032321296632289886
v 0.03282836452126503 -0.0690186321735382 0.032408613711595535
v 0.03274129331111908 -0.06780195236206053 0.03272306174039841
v 0.03282836452126503 -0.0690186321735382 0.032408613711595535
v 0.032326485961675644 -0.06804438680410384 0.03281986713409424
v 0.032326485961675644 -0.06804438680410384 0.03281986713409424
v 0.03282836452126503 -0.0690186321735382 0.032408613711595535
v 0.03220060095191002 -0.06946381926536559 0.03261229395866394
v 0.031629547476768494 -0.06853862851858138 0.03304598852992058
v 0.031629547476768494 -0.06853862851858138 0.03304598852992058
v 0.03220060095191002 -0.06946381926536559 0.03261229395866394
v 0.03163694590330124 -0.06997332721948622 0.032875340431928635
v 0.031629547476768494 -0.06853862851858138 0.03304598852992058
v 0.03163694590330124 -0.06997332721948622 0.032875340431928635
v 0.031004246324300766 -0.06910385191440581 0.0333377979695797
v 0.031004246324300766 -0.06910385191440581 0.0333377979695797
v 0.03163694590330124 -0.06997332721948622 0.032875340431928635
v 0.0313820019364357 -0.07025062292814253 0.03302852809429169
v 0.030721699818968773 -0.06941117346286772 0.0335075668990612
v 0.030721699818968773 -0.06941117346286772 0.0335075668990612
v 0.0313820019364357 -0.07025062292814253 0.03302852809429169
v 0.030944041907787323 -0.0708288550376892 0.033366069197654724
v 0.030236514285206795 -0.07005174458026885 0.03388150408864021
v 0.030236514285206795 -0.07005174458026885 0.03388150408864021
v 0.030944041907787323 -0.0708288550376892 0.033366069197654724
v 0.030595680698752403 -0.07144463807344435 0.03374836966395378
v 0.030236514285206795 -0.07005174458026885 0.03388150408864021
v 0.030595680698752403 -0.07144463807344435 0.03374836966395378
v 0.029850371181964874 -0.07073433697223662 0.034305281937122345
v 0.029850371181964874 -0.07073433697223662 0.034305281937122345
v 0.030595680698752403 -0.07144463807344435 0.03374836966395378
v 0.030459780246019363 -0.07175854593515395 0.03395131230354309
v 0.029699578881263733 -0.07108264416456221 0.03453046828508377
v 0.029699578881263733 -0.07108264416456221 0.03453046828508377
v 0.030459780246019363 -0.07175854593515395 0.03395131230354309
v 0.03026289865374565 -0.0724024400115013 0.03438343107700348
v 0.02948099933564663 -0.07179750502109526 0.035010214895009995
v 0.02948099933564663 -0.07179750502109526 0.035010214895009995
v 0.03026289865374565 -0.0724024400115013 0.03438343107700348
v 0.030169561505317688 -0.07307059317827223 0.03485329821705818
v 0.02948099933564663 -0.07179750502109526 0.035010214895009995
v 0.030169561505317688 -0.07307059317827223 0.03485329821705818
v 0.029377561062574387 -0.07253754884004592 0.03553062304854393
v 0.029377561062574387 -0.07253754884004592 0.03553062304854393
v 0.030169561505317688 -0.07307059317827223 0.03485329821705818
v 0.030173184350132942 -0.07362777739763258 0.0352608859539032
v 0.029377561062574387 -0.07253754884004592 0.03553062304854393
v 0.030173184350132942 -0.07362777739763258 0.0352608859539032
v 0.029381457716226578 -0.07314911484718321 0.03597797453403473
v 0.029381457716226578 -0.07314911484718321 0.03597797453403473
v 0.030173184350132942 -0.07362777739763258 0.0352608859539032
v 0.03028189390897751 -0.0743899419903755 0.035838473588228226
v 0.029381457716226578 -0.07314911484718321 0.03597797453403473
v 0.03028189390897751 -0.0743899419903755 0.035838473588228226
v 0.02949780598282814 -0.0739670693874359 0.036597784608602524
v 0.02949780598282814 -0.0739670693874359 0.036597784608602524
v 0.03028189390897751 -0.0743899419903755 0.035838473588228226
v 0.03046061284840107 -0.07512933015823363 0.036412980407476425
v 0.02949780598282814 -0.0739670693874359 0.036597784608602524
v 0.03046061284840107 -0.07512933015823363 0.036412980407476425
v 0.029681285843253136 -0.07472690194845198 0.03718813508749008
v 0.029081998392939568 -0.07111527770757674 0.0358736589550972
v 0.02948099933564663 -0.07179750502109526 0.035010214895009995
v 0.028983965516090393 -0.07175506651401518 0.03632190078496933
v 0.028983965516090393 -0.07175506651401518 0.03632190078496933
v 0.02948099933564663 -0.07179750502109526 0.035010214895009995
v 0.029377561062574387 -0.07253754884004592 0.03553062304854393
v 0.028983965516090393 -0.07175506651401518 0.03632190078496933
v 0.029377561062574387 -0.07253754884004592 0.03553062304854393
v 0.02897501550614834 -0.07188056409358977 0.03641181439161301
v 0.02897501550614834 -0.07188056409358977 0.03641181439161301
v 0.029377561062574387 -0.07253754884004592 0.03553062304854393
v 0.029381457716226578 -0.07314911484718321 0.03597797453403473
v 0.02897501550614834 -0.07188056409358977 0.03641181439161301
v 0.029381457716226578 -0.07314911484718321 0.03597797453403473
v 0.02897900715470314 -0.07251123338937758 0.03687312826514244
v 0.02897900715470314 -0.07251123338937758 0.03687312826514244
v 0.029381457716226578 -0.07314911484718321 0.03597797453403473
v 0.02949780598282814 -0.0739670693874359 0.036597784608602524
v 0.02897900715470314 -0.07251123338937758 0.03687312826514244
v 0.02949780598282814 -0.0739670693874359 0.036597784608602524
v 0.029098037630319595 -0.07334877550601958 0.037507764995098114
v 0.029098037630319595 -0.07334877550601958 0.037507764995098114
v 0.02949780598282814 -0.0739670693874359 0.036597784608602524
v 0.029681285843253136 -0.07472690194845198 0.03718813508749008
v 0.029098037630319595 -0.07334877550601958 0.037507764995098114
v 0.029681285843253136 -0.07472690194845198 0.03718813508749008
v 0.02928319200873375 -0.0741157829761505 0.038103681057691574
v 0.04184212535619736 -0.0633396878838539 0.03661132603883743
v 0.041904155164957047 -0.06341691315174101 0.03649172559380531
v 0.0413190983235836 -0.06375697255134581 0.03625091537833214
v 0.041893914341926575 -0.06392579525709151 0.03584316372871399
v 0.04202733188867569 -0.06345308572053908 0.03640435263514519
v 0.042178645730018616 -0.06343852728605269 0.03637260943651199
v 0.04260004684329033 -0.06385783106088637 0.035695042461156845
v 0.05328989773988724 -0.06105979532003402 0.03571935370564461
v 0.053448937833309174 -0.06048855558037757 0.03639824315905571
v 0.053938135504722595 -0.060773257166147225 0.03587055206298828
v 0.05358784645795822 -0.06042715534567832 0.03643064200878143
v 0.05435478687286377 -0.06034491583704948 0.0362805612385273
v 0.05367713049054146 -0.06033536791801452 0.03651849925518036
v 0.05442820489406586 -0.05988954752683639 0.03683951497077942
v 0.05369286239147186 -0.06023778766393661 0.036638278514146805
v 0.05430011451244354 -0.059405922889709466 0.03750178590416908
v 0.05349995195865631 -0.059509441256523125 0.037635672837495804
v 0.05401063337922096 -0.05904554575681686 0.038059916347265244
v 0.05343792214989662 -0.05943221971392631 0.037755273282527924
v 0.05343581363558769 -0.05887671932578086 0.03846766799688339
v 0.04742566496133804 -0.060912448912858956 0.03786133974790573
v 0.04258708283305168 -0.0615994781255722 0.03859272226691246
v 0.04937518388032913 -0.06049562990665435 0.03774603083729744
v 0.04886466637253761 -0.06128495186567306 0.03690480813384056
v 0.04870307445526123 -0.061260811984539025 0.03698955476284027
v 0.04935944825410843 -0.060593206435441964 0.03762625530362129
v 0.04765346273779869 -0.06091275066137313 0.03778507933020592
v 0.04754573479294777 -0.060896657407283776 0.03784158080816269
v 0.04226446524262428 -0.06172660738229751 0.03853730112314224
v 0.04244868457317352 -0.0622151605784893 0.037850018590688705
v 0.042012110352516174 -0.06191422045230865 0.03838098794221878
v 0.05331474542617798 -0.059396039694547646 0.03784264624118805
v 0.05316343158483505 -0.05941060557961463 0.037874385714530945
v 0.052729684859514236 -0.0589446797966957 0.038615789264440536
v 0.04960337281227112 -0.060342438519001 0.03786629065871239
v 0.04946446418762207 -0.06040384247899055 0.037833891808986664
v 0.04941147193312645 -0.06102508679032325 0.0370556116104126
v 0.049277547746896744 -0.061162769794464104 0.03692382574081421
v 0.049435071647167206 -0.06087872013449668 0.03723527863621712
v 0.04906918480992317 -0.06125487014651298 0.036875225603580475
v 0.04904476925730705 -0.06126126274466514 0.036875169724226
v 0.04234114661812782 -0.0622575357556343 0.03783154487609863
v 0.042257025837898254 -0.06232007220387458 0.037779442965984344
v 0.04114562273025513 -0.06280501931905745 0.03752831742167473
v 0.041790105402469635 -0.06280009448528288 0.03731996566057205
v 0.04174221307039261 -0.06287327408790587 0.037242162972688675
v 0.04100194573402405 -0.06302455067634581 0.0372949093580246
v 0.041737839579582214 -0.06294595450162886 0.03715050593018532
v 0.040988825261592865 -0.0632425770163536 0.03701994568109512
v 0.04102961719036102 -0.0633965879678726 0.0368090458214283
v 0.04304401949048042 -0.0653472915291786 0.040142279118299484
v 0.042257025837898254 -0.06232007220387458 0.037779442965984344
v 0.04312813654541969 -0.06528475135564803 0.04019438102841377
v 0.04234114661812782 -0.0622575357556343 0.03783154487609863
v 0.04312813654541969 -0.06528475135564803 0.04019438102841377
v 0.04234114661812782 -0.0622575357556343 0.03783154487609863
v 0.04323567822575569 -0.06524237990379332 0.040212854743003845
v 0.04244868457317352 -0.0622151605784893 0.037850018590688705
v 0.04304401949048042 -0.0653472915291786 0.040142279118299484
v 0.042577099055051804 -0.06582731753587721 0.03968279808759689
v 0.042257025837898254 -0.06232007220387458 0.037779442965984344
v 0.041790105402469635 -0.06280009448528288 0.03731996566057205
v 0.04252483323216438 -0.0659731701016426 0.03951334208250046
v 0.041737839579582214 -0.06294595450162886 0.03715050593018532
v 0.04252920672297478 -0.0659004896879196 0.039604999125003815
v 0.04174221307039261 -0.06287327408790587 0.037242162972688675
v 0.04252920672297478 -0.0659004896879196 0.039604999125003815
v 0.04174221307039261 -0.06287327408790587 0.037242162972688675
v 0.042577099055051804 -0.06582731753587721 0.03968279808759689
v 0.041790105402469635 -0.06280009448528288 0.03731996566057205
v 0.04252483323216438 -0.0659731701016426 0.03951334208250046
v 0.04262911528348923 -0.06636690348386763 0.03897416219115257
v 0.041737839579582214 -0.06294595450162886 0.03715050593018532
v 0.04184212535619736 -0.0633396878838539 0.03661132603883743
v 0.042965639382600784 -0.06646574288606642 0.03873544558882713
v 0.042178645730018616 -0.06343852728605269 0.03637260943651199
v 0.04281432181596756 -0.06648030877113341 0.03876718506217003
v 0.04202733188867569 -0.06345308572053908 0.03640435263514519
v 0.04281432181596756 -0.06648030877113341 0.03876718506217003
v 0.04202733188867569 -0.06345308572053908 0.03640435263514519
v 0.042691148817539215 -0.06644412875175475 0.03885456174612045
v 0.041904155164957047 -0.06341691315174101 0.03649172559380531
v 0.042691148817539215 -0.06644412875175475 0.03885456174612045
v 0.041904155164957047 -0.06341691315174101 0.03649172559380531
v 0.04262911528348923 -0.06636690348386763 0.03897416219115257
v 0.04184212535619736 -0.0633396878838539 0.03661132603883743
v 0.042965639382600784 -0.06646574288606642 0.03873544558882713
v 0.05423593148589134 -0.0635157749056816 0.03876107931137085
v 0.042178645730018616 -0.06343852728605269 0.03637260943651199
v 0.053448937833309174 -0.06048855558037757 0.03639824315905571
v 0.05447985604405403 -0.06326501071453093 0.039001110941171646
v 0.05369286239147186 -0.06023778766393661 0.036638278514146805
v 0.05446412414312363 -0.06336258351802825 0.0388813354074955
v 0.05367713049054146 -0.06033536791801452 0.03651849925518036
v 0.05446412414312363 -0.06336258351802825 0.0388813354074955
v 0.05367713049054146 -0.06033536791801452 0.03651849925518036
v 0.05437484011054039 -0.06345437467098235 0.03879347816109657
v 0.05358784645795822 -0.06042715534567832 0.03643064200878143
v 0.05437484011054039 -0.06345437467098235 0.03879347816109657
v 0.05358784645795822 -0.06042715534567832 0.03643064200878143
v 0.05423593148589134 -0.0635157749056816 0.03876107931137085
v 0.053448937833309174 -0.06048855558037757 0.03639824315905571
v 0.05447985604405403 -0.06326501071453093 0.039001110941171646
v 0.05428694561123848 -0.06253666430711745 0.039998508989810944
v 0.05369286239147186 -0.06023778766393661 0.036638278514146805
v 0.05349995195865631 -0.059509441256523125 0.037635672837495804
v 0.05395042523741722 -0.062437824904918664 0.040237221866846085
v 0.05316343158483505 -0.05941060557961463 0.037874385714530945
v 0.05410173907876015 -0.06242325901985168 0.04020548239350319
v 0.05331474542617798 -0.059396039694547646 0.03784264624118805
v 0.05410173907876015 -0.06242325901985168 0.04020548239350319
v 0.05331474542617798 -0.059396039694547646 0.03784264624118805
v 0.05422491207718849 -0.06245943531394004 0.040118105709552765
v 0.05343792214989662 -0.05943221971392631 0.037755273282527924
v 0.05422491207718849 -0.06245943531394004 0.040118105709552765
v 0.05343792214989662 -0.05943221971392631 0.037755273282527924
v 0.05428694561123848 -0.06253666430711745 0.039998508989810944
v 0.05349995195865631 -0.059509441256523125 0.037635672837495804
v 0.05395042523741722 -0.062437824904918664 0.040237221866846085
v 0.05039036646485329 -0.06336966156959532 0.04022912681102753
v 0.05316343158483505 -0.05941060557961463 0.037874385714530945
v 0.04960337281227112 -0.060342438519001 0.03786629065871239
v 0.0501464419066906 -0.06362042576074599 0.03998909145593643
v 0.04935944825410843 -0.060593206435441964 0.03762625530362129
v 0.050162173807621 -0.06352284550666808 0.04010886698961258
v 0.04937518388032913 -0.06049562990665435 0.03774603083729744
v 0.050162173807621 -0.06352284550666808 0.04010886698961258
v 0.04937518388032913 -0.06049562990665435 0.03774603083729744
v 0.05025145784020424 -0.06343106180429457 0.040196727961301804
v 0.04946446418762207 -0.06040384247899055 0.037833891808986664
v 0.05025145784020424 -0.06343106180429457 0.040196727961301804
v 0.04946446418762207 -0.06040384247899055 0.037833891808986664
v 0.05039036646485329 -0.06336966156959532 0.04022912681102753
v 0.04960337281227112 -0.060342438519001 0.03786629065871239
v 0.0501464419066906 -0.06362042576074599 0.03998909145593643
v 0.050222061574459076 -0.0639059394598007 0.03959811106324196
v 0.04935944825410843 -0.060593206435441964 0.03762625530362129
v 0.049435071647167206 -0.06087872013449668 0.03723527863621712
v 0.04985617846250534 -0.064282089471817 0.039238058030605316
v 0.04906918480992317 -0.06125487014651298 0.036875225603580475
v 0.049277547746896744 -0.061162769794464104 0.03692382574081421
v 0.05006454139947891 -0.06418998539447783 0.03928665816783905
v 0.05006454139947891 -0.06418998539447783 0.03928665816783905
v 0.049277547746896744 -0.061162769794464104 0.03692382574081421
v 0.04941147193312645 -0.06102508679032325 0.0370556116104126
v 0.05019846186041832 -0.06405230611562727 0.03941844776272774
v 0.05019846186041832 -0.06405230611562727 0.03941844776272774
v 0.04941147193312645 -0.06102508679032325 0.0370556116104126
v 0.049435071647167206 -0.06087872013449668 0.03723527863621712
v 0.050222061574459076 -0.0639059394598007 0.03959811106324196
v 0.04985617846250534 -0.064282089471817 0.039238058030605316
v 0.04983175918459892 -0.06428848206996916 0.03923800587654114
v 0.04906918480992317 -0.06125487014651298 0.036875225603580475
v 0.04904476925730705 -0.06126126274466514 0.036875169724226
v 0.0494900643825531 -0.06428802758455275 0.03935239091515541
v 0.04870307445526123 -0.061260811984539025 0.03698955476284027
v 0.04886466637253761 -0.06128495186567306 0.03690480813384056
v 0.04965165629982948 -0.06431216746568678 0.0392676405608654
v 0.04965165629982948 -0.06431216746568678 0.0392676405608654
v 0.04886466637253761 -0.06128495186567306 0.03690480813384056
v 0.04904476925730705 -0.06126126274466514 0.036875169724226
v 0.04983175918459892 -0.06428848206996916 0.03923800587654114
v 0.0494900643825531 -0.06428802758455275 0.03935239091515541
v 0.04844045639038086 -0.06393996626138686 0.04014791548252106
v 0.04870307445526123 -0.061260811984539025 0.03698955476284027
v 0.04765346273779869 -0.06091275066137313 0.03778507933020592
v 0.04821265861392021 -0.06393966823816298 0.04022417217493057
v 0.04742566496133804 -0.060912448912858956 0.03786133974790573
v 0.04833272844552994 -0.0639238730072975 0.04020441696047783
v 0.04754573479294777 -0.060896657407283776 0.03784158080816269
v 0.04833272844552994 -0.0639238730072975 0.04020441696047783
v 0.04754573479294777 -0.060896657407283776 0.03784158080816269
v 0.04844045639038086 -0.06393996626138686 0.04014791548252106
v 0.04765346273779869 -0.06091275066137313 0.03778507933020592
v 0.04821265861392021 -0.06393966823816298 0.04022417217493057
v 0.04323567822575569 -0.06524237990379332 0.040212854743003845
v 0.04742566496133804 -0.060912448912858956 0.03786133974790573
v 0.04244868457317352 -0.0622151605784893 0.037850018590688705
v 0.04844045639038086 -0.06393996626138686 0.04014791548252106
v 0.0494900643825531 -0.06428802758455275 0.03935239091515541
v 0.04304401949048042 -0.0653472915291786 0.040142279118299484
v 0.05006454139947891 -0.06418998539447783 0.03928665816783905
v 0.05019846186041832 -0.06405230611562727 0.03941844776272774
v 0.05423593148589134 -0.0635157749056816 0.03876107931137085
v 0.050222061574459076 -0.0639059394598007 0.03959811106324196
v 0.042577099055051804 -0.06582731753587721 0.03968279808759689
v 0.05447985604405403 -0.06326501071453093 0.039001110941171646
v 0.05446412414312363 -0.06336258351802825 0.0388813354074955
v 0.05437484011054039 -0.06345437467098235 0.03879347816109657
v 0.04312813654541969 -0.06528475135564803 0.04019438102841377
v 0.04323567822575569 -0.06524237990379332 0.040212854743003845
v 0.04965165629982948 -0.06431216746568678 0.0392676405608654
v 0.042965639382600784 -0.06646574288606642 0.03873544558882713
v 0.04983175918459892 -0.06428848206996916 0.03923800587654114
v 0.04985617846250534 -0.064282089471817 0.039238058030605316
v 0.05428694561123848 -0.06253666430711745 0.039998508989810944
v 0.0501464419066906 -0.06362042576074599 0.03998909145593643
v 0.04821265861392021 -0.06393966823816298 0.04022417217493057
v 0.04833272844552994 -0.0639238730072975 0.04020441696047783
v 0.05410173907876015 -0.06242325901985168 0.04020548239350319
v 0.05422491207718849 -0.06245943531394004 0.040118105709552765
v 0.05395042523741722 -0.062437824904918664 0.040237221866846085
v 0.05039036646485329 -0.06336966156959532 0.04022912681102753
v 0.05025145784020424 -0.06343106180429457 0.040196727961301804
v 0.050162173807621 -0.06352284550666808 0.04010886698961258
v 0.04281432181596756 -0.06648030877113341 0.03876718506217003
v 0.042691148817539215 -0.06644412875175475 0.03885456174612045
v 0.04262911528348923 -0.06636690348386763 0.03897416219115257
v 0.04252483323216438 -0.0659731701016426 0.03951334208250046
v 0.04252920672297478 -0.0659004896879196 0.039604999125003815
v 0.06581883132457733 -0.052197165787219994 0.054016415029764175
v 0.06592686474323273 -0.05260504037141799 0.053457874804735184
v 0.06554487347602844 -0.05138003826141357 0.05248943716287613
v 0.0597594678401947 -0.04859506711363792 0.049336738884449005
v 0.05792466178536415 -0.048983760178089135 0.049265701323747635
v 0.057816628366708755 -0.04857588559389114 0.04982424154877663
v 0.057816628366708755 -0.04857588559389114 0.04982424154877663
v 0.05792466178536415 -0.048983760178089135 0.049265701323747635
v 0.05783144012093544 -0.04900813847780227 0.04926547035574913
v 0.05772341042757034 -0.04860026389360427 0.04982401430606842
v 0.057816628366708755 -0.04857588559389114 0.04982424154877663
v 0.05915837734937668 -0.048264026641845696 0.049856022000312805
v 0.0597594678401947 -0.04859506711363792 0.049336738884449005
v 0.0597594678401947 -0.04859506711363792 0.049336738884449005
v 0.05915837734937668 -0.048264026641845696 0.049856022000312805
v 0.059651438146829605 -0.04818719252943992 0.049895279109478
v 0.0597594678401947 -0.04859506711363792 0.049336738884449005
v 0.059651438146829605 -0.04818719252943992 0.049895279109478
v 0.061272718012332916 -0.04855566099286079 0.049600645899772644
v 0.061272718012332916 -0.04855566099286079 0.049600645899772644
v 0.059651438146829605 -0.04818719252943992 0.049895279109478
v 0.060466814786195755 -0.04812600463628768 0.05000830069184303
v 0.062601238489151 -0.04844077676534652 0.05065099149942398
v 0.0627092719078064 -0.04884865134954452 0.05009245127439499
v 0.06225423887372017 -0.04833633452653884 0.05050760880112648
v 0.06225423887372017 -0.04833633452653884 0.05050760880112648
v 0.0627092719078064 -0.04884865134954452 0.05009245127439499
v 0.061272718012332916 -0.04855566099286079 0.049600645899772644
v 0.06225423887372017 -0.04833633452653884 0.05050760880112648
v 0.061272718012332916 -0.04855566099286079 0.049600645899772644
v 0.06116468831896782 -0.04814778640866279 0.050159186124801636
v 0.06116468831896782 -0.04814778640866279 0.050159186124801636
v 0.061272718012332916 -0.04855566099286079 0.049600645899772644
v 0.060466814786195755 -0.04812600463628768 0.05000830069184303
v 0.062601238489151 -0.04844077676534652 0.05065099149942398
v 0.06284956634044647 -0.04853053018450736 0.05076456442475319
v 0.0627092719078064 -0.04884865134954452 0.05009245127439499
v 0.0627092719078064 -0.04884865134954452 0.05009245127439499
v 0.06284956634044647 -0.04853053018450736 0.05076456442475319
v 0.06316609680652618 -0.04866494238376617 0.05092393979430199
v 0.0627092719078064 -0.04884865134954452 0.05009245127439499
v 0.06316609680652618 -0.04866494238376617 0.05092393979430199
v 0.0639549121260643 -0.04945270717144012 0.05077448487281799
v 0.06316609680652618 -0.04866494238376617 0.05092393979430199
v 0.06368810683488846 -0.048943623900413506 0.05122840777039528
v 0.0639549121260643 -0.04945270717144012 0.05077448487281799
v 0.0639549121260643 -0.04945270717144012 0.05077448487281799
v 0.06368810683488846 -0.048943623900413506 0.05122840777039528
v 0.0638468787074089 -0.04904483258724212 0.05133302882313728
v 0.0639549121260643 -0.04945270717144012 0.05077448487281799
v 0.0638468787074089 -0.04904483258724212 0.05133302882313728
v 0.06494226306676865 -0.05034919455647468 0.051620110869407654
v 0.06494226306676865 -0.05034919455647468 0.051620110869407654
v 0.0638468787074089 -0.04904483258724212 0.05133302882313728
v 0.06460133194923401 -0.04967474937438964 0.051938943564891815
v 0.06460133194923401 -0.04967474937438964 0.051938943564891815
v 0.06483422964811325 -0.04994131997227668 0.052178651094436646
v 0.06494226306676865 -0.05034919455647468 0.051620110869407654
v 0.06494226306676865 -0.05034919455647468 0.051620110869407654
v 0.06483422964811325 -0.04994131997227668 0.052178651094436646
v 0.06496915221214294 -0.05011999607086181 0.052335225045681
v 0.06494226306676865 -0.05034919455647468 0.051620110869407654
v 0.06496915221214294 -0.05011999607086181 0.052335225045681
v 0.06554487347602844 -0.05138003826141357 0.05248943716287613
v 0.06554487347602844 -0.05138003826141357 0.05248943716287613
v 0.06496915221214294 -0.05011999607086181 0.052335225045681
v 0.06543684005737305 -0.05097216367721557 0.05304797738790512
v 0.06543684005737305 -0.05097216367721557 0.05304797738790512
v 0.07103867828845978 -0.07227565348148345 0.06968828290700912
v 0.07114671170711517 -0.07268352806568144 0.06912974268198013
v 0.06581883132457733 -0.052197165787219994 0.054016415029764175
v 0.06592686474323273 -0.05260504037141799 0.053457874804735184
v 0.06572584062814713 -0.07938213646411894 0.07385019212961197
v 0.06583386659622192 -0.07979000359773634 0.07329165190458298
v 0.06737560033798218 -0.0793357491493225 0.07325812429189682
v 0.07143478095531464 -0.07423293590545653 0.07031690329313278
v 0.071166031062603 -0.07275794446468352 0.06918781995773315
v 0.0710579976439476 -0.07235006988048552 0.06974636018276215
v 0.0710579976439476 -0.07235006988048552 0.06974636018276215
v 0.071166031062603 -0.07275794446468352 0.06918781995773315
v 0.07114671170711517 -0.07268352806568144 0.06912974268198013
v 0.07103867828845978 -0.07227565348148345 0.06968828290700912
v 0.0710579976439476 -0.07235006988048552 0.06974636018276215
v 0.07128831744194031 -0.07342558354139327 0.07057629525661469
v 0.07143478095531464 -0.07423293590545653 0.07031690329313278
v 0.07143478095531464 -0.07423293590545653 0.07031690329313278
v 0.07128831744194031 -0.07342558354139327 0.07057629525661469
v 0.07132674753665924 -0.07382506132125853 0.07087545096874237
v 0.07143478095531464 -0.07423293590545653 0.07031690329313278
v 0.07132674753665924 -0.07382506132125853 0.07087545096874237
v 0.07131244987249374 -0.07548110932111739 0.07120472192764282
v 0.07131244987249374 -0.07548110932111739 0.07120472192764282
v 0.07132674753665924 -0.07382506132125853 0.07087545096874237
v 0.07130972295999527 -0.07449310272932051 0.07135999202728271
v 0.07068407535552979 -0.07629538327455519 0.07255509495735168
v 0.07079210877418518 -0.07670325785875319 0.07199655473232269
v 0.07085095345973969 -0.07599637657403945 0.07236902415752411
v 0.07085095345973969 -0.07599637657403945 0.07236902415752411
v 0.07079210877418518 -0.07670325785875319 0.07199655473232269
v 0.07131244987249374 -0.07548110932111739 0.07120472192764282
v 0.07085095345973969 -0.07599637657403945 0.07236902415752411
v 0.07131244987249374 -0.07548110932111739 0.07120472192764282
v 0.07120442390441895 -0.07507323473691939 0.07176326215267181
v 0.07120442390441895 -0.07507323473691939 0.07176326215267181
v 0.07131244987249374 -0.07548110932111739 0.07120472192764282
v 0.07130972295999527 -0.07449310272932051 0.07135999202728271
v 0.07068407535552979 -0.07629538327455519 0.07255509495735168
v 0.07054628431797028 -0.07651105523109435 0.07268593460321426
v 0.07079210877418518 -0.07670325785875319 0.07199655473232269
v 0.07079210877418518 -0.07670325785875319 0.07199655473232269
v 0.07054628431797028 -0.07651105523109435 0.07268593460321426
v 0.0703461691737175 -0.07678821682929991 0.07284963130950928
v 0.07079210877418518 -0.07670325785875319 0.07199655473232269
v 0.0703461691737175 -0.07678821682929991 0.07284963130950928
v 0.06991271674633026 -0.07780243456363677 0.07262913137674332
v 0.0703461691737175 -0.07678821682929991 0.07284963130950928
v 0.06994640082120895 -0.07725172489881514 0.07311078161001205
v 0.06991271674633026 -0.07780243456363677 0.07262913137674332
v 0.06991271674633026 -0.07780243456363677 0.07262913137674332
v 0.06994640082120895 -0.07725172489881514 0.07311078161001205
v 0.06980468332767487 -0.07739455997943877 0.0731876790523529
v 0.06991271674633026 -0.07780243456363677 0.07262913137674332
v 0.06980468332767487 -0.07739455997943877 0.0731876790523529
v 0.06870466470718384 -0.07872075587511061 0.07306608557701111
v 0.06870466470718384 -0.07872075587511061 0.07306608557701111
v 0.06980468332767487 -0.07739455997943877 0.0731876790523529
v 0.06894900649785995 -0.07809005677700041 0.07353006303310394
v 0.06894900649785995 -0.07809005677700041 0.07353006303310394
v 0.06859663873910904 -0.07831288129091261 0.0736246258020401
v 0.06870466470718384 -0.07872075587511061 0.07306608557701111
v 0.06870466470718384 -0.07872075587511061 0.07306608557701111
v 0.06859663873910904 -0.07831288129091261 0.0736246258020401
v 0.06836283206939697 -0.07844470441341399 0.07367566972970963
v 0.06870466470718384 -0.07872075587511061 0.07306608557701111
v 0.06836283206939697 -0.07844470441341399 0.07367566972970963
v 0.06737560033798218 -0.0793357491493225 0.07325812429189682
v 0.06737560033798218 -0.0793357491493225 0.07325812429189682
v 0.06836283206939697 -0.07844470441341399 0.07367566972970963
v 0.06726757436990738 -0.0789278820157051 0.07381666451692581
v 0.06726757436990738 -0.0789278820157051 0.07381666451692581
v 0.040573250502347946 -0.08596575260162352 0.07379298657178879
v 0.04068128019571304 -0.08637362718582152 0.0732344463467598
v 0.06572584062814713 -0.07938213646411894 0.07385019212961197
v 0.06583386659622192 -0.07979000359773634 0.07329165190458298
v 0.03247782960534096 -0.0823688507080078 0.06960058212280273
v 0.032585859298706055 -0.0827767252922058 0.06904204189777374
v 0.03296785056591034 -0.08400172740221022 0.0700104832649231
v 0.03875325247645378 -0.08678669482469557 0.07316318154335022
v 0.04058806225657463 -0.08639800548553465 0.07323421537876129
v 0.040480032563209534 -0.08599013090133666 0.07379275560379028
v 0.040480032563209534 -0.08599013090133666 0.07379275560379028
v 0.04058806225657463 -0.08639800548553465 0.07323421537876129
v 0.04068128019571304 -0.08637362718582152 0.0732344463467598
v 0.040573250502347946 -0.08596575260162352 0.07379298657178879
v 0.040480032563209534 -0.08599013090133666 0.07379275560379028
v 0.03913828358054161 -0.0863019898533821 0.0737609788775444
v 0.03875325247645378 -0.08678669482469557 0.07316318154335022
v 0.03875325247645378 -0.08678669482469557 0.07316318154335022
v 0.03913828358054161 -0.0863019898533821 0.0737609788775444
v 0.038645222783088684 -0.08637882024049758 0.07372172176837921
v 0.03875325247645378 -0.08678669482469557 0.07316318154335022
v 0.038645222783088684 -0.08637882024049758 0.07372172176837921
v 0.03724000230431557 -0.0868261009454727 0.07289927452802658
v 0.03724000230431557 -0.0868261009454727 0.07289927452802658
v 0.038645222783088684 -0.08637882024049758 0.07372172176837921
v 0.037829846143722534 -0.08644001185894011 0.07360870391130447
v 0.03569542244076729 -0.08612523972988127 0.07296600937843323
v 0.035803452134132385 -0.08653311431407927 0.07240746915340424
v 0.03604242205619812 -0.08622968196868895 0.07310938835144043
v 0.03604242205619812 -0.08622968196868895 0.07310938835144043
v 0.035803452134132385 -0.08653311431407927 0.07240746915340424
v 0.03724000230431557 -0.0868261009454727 0.07289927452802658
v 0.03604242205619812 -0.08622968196868895 0.07310938835144043
v 0.03724000230431557 -0.0868261009454727 0.07289927452802658
v 0.03713197261095047 -0.0864182338118553 0.07345781475305557
v 0.03713197261095047 -0.0864182338118553 0.07345781475305557
v 0.03724000230431557 -0.0868261009454727 0.07289927452802658
v 0.037829846143722534 -0.08644001185894011 0.07360870391130447
v 0.03569542244076729 -0.08612523972988127 0.07296600937843323
v 0.03544709086418152 -0.08603549003601073 0.07285243272781372
v 0.035803452134132385 -0.08653311431407927 0.07240746915340424
v 0.035803452134132385 -0.08653311431407927 0.07240746915340424
v 0.03544709086418152 -0.08603549003601073 0.07285243272781372
v 0.03513056039810181 -0.08590107411146163 0.07269305735826492
v 0.035803452134132385 -0.08653311431407927 0.07240746915340424
v 0.03513056039810181 -0.08590107411146163 0.07269305735826492
v 0.03455780819058418 -0.08592905849218367 0.07172542810440063
v 0.03513056039810181 -0.08590107411146163 0.07269305735826492
v 0.03460855409502983 -0.08562239259481429 0.07238858938217163
v 0.03455780819058418 -0.08592905849218367 0.07172542810440063
v 0.03455780819058418 -0.08592905849218367 0.07172542810440063
v 0.03460855409502983 -0.08562239259481429 0.07238858938217163
v 0.034449778497219086 -0.08552118390798567 0.07228397578001022
v 0.03455780819058418 -0.08592905849218367 0.07172542810440063
v 0.034449778497219086 -0.08552118390798567 0.07228397578001022
v 0.033570460975170135 -0.08503257483243941 0.07087980955839157
v 0.033570460975170135 -0.08503257483243941 0.07087980955839157
v 0.034449778497219086 -0.08552118390798567 0.07228397578001022
v 0.03369532525539398 -0.08489126712083815 0.0716780573129654
v 0.03369532525539398 -0.08489126712083815 0.0716780573129654
v 0.03346243128180504 -0.08462470024824141 0.07143834978342056
v 0.033570460975170135 -0.08503257483243941 0.07087980955839157
v 0.033570460975170135 -0.08503257483243941 0.07087980955839157
v 0.03346243128180504 -0.08462470024824141 0.07143834978342056
v 0.033327508717775345 -0.08444602042436598 0.07128177583217621
v 0.033570460975170135 -0.08503257483243941 0.07087980955839157
v 0.033327508717775345 -0.08444602042436598 0.07128177583217621
v 0.03296785056591034 -0.08400172740221022 0.0700104832649231
v 0.03296785056591034 -0.08400172740221022 0.0700104832649231
v 0.033327508717775345 -0.08444602042436598 0.07128177583217621
v 0.03285982087254524 -0.08359385281801222 0.07056902348995209
v 0.03285982087254524 -0.08359385281801222 0.07056902348995209
v 0.027257980778813362 -0.06229036301374435 0.053928717970848083
v 0.02736601047217846 -0.06269823759794234 0.05337017774581909
v 0.03247782960534096 -0.0823688507080078 0.06960058212280273
v 0.032585859298706055 -0.0827767252922058 0.06904204189777374
v 0.032570820301771164 -0.05518388375639915 0.04976680874824524
v 0.03267885372042656 -0.055591758340597146 0.04920826852321625
v 0.031137119978666306 -0.056046012789010995 0.049241792410612106
v 0.027077941223978996 -0.06114882975816726 0.052183009684085846
v 0.027346692979335785 -0.06262382119894026 0.05331209674477577
v 0.027238663285970688 -0.06221594661474227 0.05387064069509506
v 0.027238663285970688 -0.06221594661474227 0.05387064069509506
v 0.027346692979335785 -0.06262382119894026 0.05331209674477577
v 0.02736601047217846 -0.06269823759794234 0.05337017774581909
v 0.027257980778813362 -0.06229036301374435 0.053928717970848083
v 0.027238663285970688 -0.06221594661474227 0.05387064069509506
v 0.027008341625332832 -0.061140436679124825 0.05304070562124252
v 0.027077941223978996 -0.06114882975816726 0.052183009684085846
v 0.027077941223978996 -0.06114882975816726 0.052183009684085846
v 0.027008341625332832 -0.061140436679124825 0.05304070562124252
v 0.0269699115306139 -0.06074095889925956 0.052741553634405136
v 0.027077941223978996 -0.06114882975816726 0.052183009684085846
v 0.0269699115306139 -0.06074095889925956 0.052741553634405136
v 0.02720027044415474 -0.0599006563425064 0.051295194774866104
v 0.02720027044415474 -0.0599006563425064 0.051295194774866104
v 0.0269699115306139 -0.06074095889925956 0.052741553634405136
v 0.02698693983256817 -0.06007291376590728 0.05225700885057449
v 0.027612585574388504 -0.0582706332206726 0.051061905920505524
v 0.0277206152677536 -0.0586785078048706 0.05050336569547653
v 0.027445703744888306 -0.05856963992118835 0.0512479804456234
v 0.027445703744888306 -0.05856963992118835 0.0512479804456234
v 0.0277206152677536 -0.0586785078048706 0.05050336569547653
v 0.02720027044415474 -0.0599006563425064 0.051295194774866104
v 0.027445703744888306 -0.05856963992118835 0.0512479804456234
v 0.02720027044415474 -0.0599006563425064 0.051295194774866104
v 0.027092240750789642 -0.0594927854835987 0.051853734999895096
v 0.027092240750789642 -0.0594927854835987 0.051853734999895096
v 0.02720027044415474 -0.0599006563425064 0.051295194774866104
v 0.02698693983256817 -0.06007291376590728 0.05225700885057449
v 0.027612585574388504 -0.0582706332206726 0.051061905920505524
v 0.027750376611948013 -0.058054961264133446 0.050931062549352646
v 0.0277206152677536 -0.0586785078048706 0.05050336569547653
v 0.0277206152677536 -0.0586785078048706 0.05050336569547653
v 0.027750376611948013 -0.058054961264133446 0.050931062549352646
v 0.02795049175620079 -0.05777779966592788 0.05076737329363823
v 0.0277206152677536 -0.0586785078048706 0.05050336569547653
v 0.02795049175620079 -0.05777779966592788 0.05076737329363823
v 0.02860000729560852 -0.05757933482527732 0.04987078160047531
v 0.02795049175620079 -0.05777779966592788 0.05076737329363823
v 0.028350261971354485 -0.05731429159641265 0.050506219267845154
v 0.02860000729560852 -0.05757933482527732 0.04987078160047531
v 0.02860000729560852 -0.05757933482527732 0.04987078160047531
v 0.028350261971354485 -0.05731429159641265 0.050506219267845154
v 0.028491977602243423 -0.057171460241079324 0.0504293255507946
v 0.02860000729560852 -0.05757933482527732 0.04987078160047531
v 0.028491977602243423 -0.057171460241079324 0.0504293255507946
v 0.029808053746819496 -0.05666100606322288 0.04943383112549782
v 0.029808053746819496 -0.05666100606322288 0.04943383112549782
v 0.028491977602243423 -0.057171460241079324 0.0504293255507946
v 0.029347652569413185 -0.05647595971822738 0.05008693411946297
v 0.029347652569413185 -0.05647595971822738 0.05008693411946297
v 0.0297000240534544 -0.05625313147902488 0.04999237135052681
v 0.029808053746819496 -0.05666100606322288 0.04943383112549782
v 0.029808053746819496 -0.05666100606322288 0.04943383112549782
v 0.0297000240534544 -0.05625313147902488 0.04999237135052681
v 0.029933826997876167 -0.056121312081813805 0.04994133114814758
v 0.029808053746819496 -0.05666100606322288 0.04943383112549782
v 0.029933826997876167 -0.056121312081813805 0.04994133114814758
v 0.031137119978666306 -0.056046012789010995 0.049241792410612106
v 0.031137119978666306 -0.056046012789010995 0.049241792410612106
v 0.029933826997876167 -0.056121312081813805 0.04994133114814758
v 0.03102909028530121 -0.055638138204813 0.049800336360931396
v 0.03102909028530121 -0.055638138204813 0.049800336360931396
v 0.05772341042757034 -0.04860026389360427 0.04982401430606842
v 0.05783144012093544 -0.04900813847780227 0.04926547035574913
v 0.032570820301771164 -0.05518388375639915 0.04976680874824524
v 0.03267885372042656 -0.055591758340597146 0.04920826852321625
v 0.02840973436832428 -0.057301785796880715 0.05063391476869583
v 0.02801680378615856 -0.05775736272335052 0.05089059844613075
v 0.03848131000995636 -0.0673457160592079 0.059916459023952484
v 0.06044267863035202 -0.048148982226848595 0.05014573782682419
v 0.05915380269289017 -0.048285029828548424 0.049995798617601395
v 0.05848611518740654 -0.06210951134562492 0.0599619559943676
v 0.057136889547109604 -0.062242921441793435 0.05979841947555542
v 0.05772805213928223 -0.048619221895933144 0.04996408149600029
v 0.0558946393430233 -0.06278782337903975 0.05995606258511543
v 0.032575465738773346 -0.05520284175872802 0.04990687966346741
v 0.054948486387729645 -0.06366125494241713 0.06041088327765465
v 0.031207755208015442 -0.055596698075532906 0.04992995783686638
v 0.029965756461024284 -0.0561295598745346 0.0500788539648056
v 0.039723560214042664 -0.06680081039667128 0.05975881591439247
v 0.029389727860689163 -0.05647806078195571 0.05022193863987923
v 0.02886229008436203 -0.05687714368104934 0.05041135102510452
v 0.06985606253147125 -0.07714769989252089 0.07314267009496689
v 0.07024899125099182 -0.07669211924076079 0.07288598269224167
v 0.059784483164548874 -0.0671037659049034 0.06386012583971024
v 0.061225488781929016 -0.06405954062938689 0.061915792524814606
v 0.07092650979757309 -0.07224270701408385 0.06976785510778427
v 0.060698848217725754 -0.06309265643358229 0.06110787019133568
v 0.06570665538311005 -0.0521642193198204 0.05409598723053932
v 0.05973690748214722 -0.06240789592266082 0.06042177230119705
v 0.05854223296046257 -0.06764867156744002 0.06401776522397995
v 0.06569033116102219 -0.07924664020538329 0.07386970520019531
v 0.06705804169178009 -0.0788527801632881 0.07384662330150604
v 0.04053774103522301 -0.08583026379346846 0.07381249964237213
v 0.027820128947496414 -0.05802976340055465 0.05105147883296013
v 0.02752069942653179 -0.05853557959198951 0.051362935453653336
v 0.027292532846331596 -0.059057708829641335 0.05170008912682533
v 0.06360825151205063 -0.048952516168355935 0.05134478583931923
v 0.06309517472982407 -0.04867860302329063 0.05104552581906319
v 0.06278407573699951 -0.04854650050401687 0.05088888853788376
v 0.0683000385761261 -0.07831992208957671 0.07369773089885712
v 0.06887606531381607 -0.0779714211821556 0.0735546424984932
v 0.0694035068154335 -0.07757233828306197 0.0733652338385582
v 0.027339288964867592 -0.06220677122473716 0.05400872975587845
v 0.037535157054662704 -0.06821914762258528 0.0603712797164917
v 0.027091113850474358 -0.06106425076723098 0.05312640592455864
v 0.027069926261901855 -0.060012694448232644 0.05235441029071808
v 0.062199000269174576 -0.04835565015673637 0.050636354833841324
v 0.061585932970047 -0.04822562262415885 0.050422828644514084
v 0.0410727858543396 -0.06666740030050276 0.05992235243320465
v 0.042323578149080276 -0.06696578860282897 0.0603821724653244
v 0.043285518884658813 -0.06765054911375044 0.06106826663017273
v 0.06486701220273972 -0.050108429044485085 0.0524323508143425
v 0.06450556218624115 -0.049670889973640435 0.05204292759299278
v 0.06407675892114639 -0.049279268831014626 0.0516740120947361
v 0.07044566422700882 -0.07641971856355666 0.07272510230541229
v 0.07074509561061859 -0.0759139060974121 0.07241364568471909
v 0.07097326219081879 -0.07539177685976027 0.07207649201154709
v 0.057193007320165634 -0.06778208166360854 0.06385423243045807
v 0.05594221502542496 -0.06748369336128233 0.06339441239833832
v 0.04331730678677559 -0.07078822702169417 0.06336569786071777
v 0.05498027801513672 -0.06679893285036086 0.06270831823348999
v 0.04382332041859627 -0.06971924006938933 0.06268294155597687
v 0.06123664975166321 -0.06516134738922118 0.06272254139184952
v 0.06073063611984253 -0.06623033434152602 0.06340530514717102
v 0.07117468118667603 -0.07338523119688033 0.07065017521381378
v 0.07119587063789368 -0.07443679124116896 0.07142217457294464
v 0.03852888569235802 -0.07204158604145049 0.06335481256246567
v 0.03756694495677948 -0.07135682553052901 0.06266871094703674
v 0.03255913779139519 -0.08228526264429091 0.0696805939078331
v 0.037040308117866516 -0.07038994133472441 0.061860788613557816
v 0.037029143422842026 -0.06928813457489012 0.0610540397465229
v 0.043812159448862076 -0.06861743330955504 0.061876192688941956
v 0.054453637450933456 -0.06583204865455626 0.061900392174720764
v 0.054442472755908966 -0.06473024189472197 0.061093639582395554
v 0.06537894159555435 -0.05107646062970161 0.053238268941640854
v 0.042371153831481934 -0.07166165858507155 0.06382052600383759
v 0.04112890362739563 -0.07220655679702757 0.0639781653881073
v 0.039111994206905365 -0.08616445213556288 0.07378078252077103
v 0.039779677987098694 -0.07233997434377669 0.06381462514400482
v 0.03782311826944351 -0.08630049973726271 0.07363084703683853
v 0.034657545387744904 -0.08549696207046507 0.07243179529905319
v 0.035170622169971466 -0.08577087521553038 0.07273105531930923
v 0.03548171743750572 -0.08590298146009444 0.07288769632577896
v 0.03606679290533066 -0.08609383553266524 0.0731402263045311
v 0.03667986020445824 -0.08622385561466216 0.07335375249385834
v 0.03339878469705582 -0.08434104919433592 0.07134423404932022
v 0.03376023471355438 -0.08477859199047087 0.07173365354537964
v 0.03418903425335884 -0.08517020940780638 0.07210256904363632
v 0.03288685157895088 -0.0833730176091194 0.07053831219673157
v 0.07117468118667603 -0.07338523119688033 0.07065017521381378
v 0.07128831744194031 -0.07342558354139327 0.07057629525661469
v 0.07092650979757309 -0.07224270701408385 0.06976785510778427
v 0.07092650979757309 -0.07224270701408385 0.06976785510778427
v 0.07128831744194031 -0.07342558354139327 0.07057629525661469
v 0.0710579976439476 -0.07235006988048552 0.06974636018276215
v 0.07092650979757309 -0.07224270701408385 0.06976785510778427
v 0.0710579976439476 -0.07235006988048552 0.06974636018276215
v 0.07103867828845978 -0.07227565348148345 0.06968828290700912
v 0.07044566422700882 -0.07641971856355666 0.07272510230541229
v 0.07068407535552979 -0.07629538327455519 0.07255509495735168
v 0.07074509561061859 -0.0759139060974121 0.07241364568471909
v 0.07074509561061859 -0.0759139060974121 0.07241364568471909
v 0.07068407535552979 -0.07629538327455519 0.07255509495735168
v 0.07085095345973969 -0.07599637657403945 0.07236902415752411
v 0.07074509561061859 -0.0759139060974121 0.07241364568471909
v 0.07085095345973969 -0.07599637657403945 0.07236902415752411
v 0.07097326219081879 -0.07539177685976027 0.07207649201154709
v 0.07097326219081879 -0.07539177685976027 0.07207649201154709
v 0.07085095345973969 -0.07599637657403945 0.07236902415752411
v 0.07120442390441895 -0.07507323473691939 0.07176326215267181
v 0.07097326219081879 -0.07539177685976027 0.07207649201154709
v 0.07120442390441895 -0.07507323473691939 0.07176326215267181
v 0.07119587063789368 -0.07443679124116896 0.07142217457294464
v 0.07119587063789368 -0.07443679124116896 0.07142217457294464
v 0.07120442390441895 -0.07507323473691939 0.07176326215267181
v 0.07130972295999527 -0.07449310272932051 0.07135999202728271
v 0.07119587063789368 -0.07443679124116896 0.07142217457294464
v 0.07130972295999527 -0.07449310272932051 0.07135999202728271
v 0.07117468118667603 -0.07338523119688033 0.07065017521381378
v 0.07117468118667603 -0.07338523119688033 0.07065017521381378
v 0.07130972295999527 -0.07449310272932051 0.07135999202728271
v 0.07132674753665924 -0.07382506132125853 0.07087545096874237
v 0.07117468118667603 -0.07338523119688033 0.07065017521381378
v 0.07132674753665924 -0.07382506132125853 0.07087545096874237
v 0.07128831744194031 -0.07342558354139327 0.07057629525661469
v 0.0683000385761261 -0.07831992208957671 0.07369773089885712
v 0.06859663873910904 -0.07831288129091261 0.0736246258020401
v 0.06887606531381607 -0.0779714211821556 0.0735546424984932
v 0.06887606531381607 -0.0779714211821556 0.0735546424984932
v 0.06859663873910904 -0.07831288129091261 0.0736246258020401
v 0.06894900649785995 -0.07809005677700041 0.07353006303310394
v 0.06887606531381607 -0.0779714211821556 0.0735546424984932
v 0.06894900649785995 -0.07809005677700041 0.07353006303310394
v 0.0694035068154335 -0.07757233828306197 0.0733652338385582
v 0.0694035068154335 -0.07757233828306197 0.0733652338385582
v 0.06894900649785995 -0.07809005677700041 0.07353006303310394
v 0.06980468332767487 -0.07739455997943877 0.0731876790523529
v 0.0694035068154335 -0.07757233828306197 0.0733652338385582
v 0.06980468332767487 -0.07739455997943877 0.0731876790523529
v 0.06985606253147125 -0.07714769989252089 0.07314267009496689
v 0.06985606253147125 -0.07714769989252089 0.07314267009496689
v 0.06980468332767487 -0.07739455997943877 0.0731876790523529
v 0.06994640082120895 -0.07725172489881514 0.07311078161001205
v 0.06985606253147125 -0.07714769989252089 0.07314267009496689
v 0.06994640082120895 -0.07725172489881514 0.07311078161001205
v 0.07024899125099182 -0.07669211924076079 0.07288598269224167
v 0.07024899125099182 -0.07669211924076079 0.07288598269224167
v 0.06994640082120895 -0.07725172489881514 0.07311078161001205
v 0.0703461691737175 -0.07678821682929991 0.07284963130950928
v 0.07024899125099182 -0.07669211924076079 0.07288598269224167
v 0.0703461691737175 -0.07678821682929991 0.07284963130950928
v 0.07044566422700882 -0.07641971856355666 0.07272510230541229
v 0.07044566422700882 -0.07641971856355666 0.07272510230541229
v 0.0703461691737175 -0.07678821682929991 0.07284963130950928
v 0.07054628431797028 -0.07651105523109435 0.07268593460321426
v 0.07044566422700882 -0.07641971856355666 0.07272510230541229
v 0.07054628431797028 -0.07651105523109435 0.07268593460321426
v 0.07068407535552979 -0.07629538327455519 0.07255509495735168
v 0.06569033116102219 -0.07924664020538329 0.07386970520019531
v 0.06572584062814713 -0.07938213646411894 0.07385019212961197
v 0.06705804169178009 -0.0788527801632881 0.07384662330150604
v 0.06705804169178009 -0.0788527801632881 0.07384662330150604
v 0.06572584062814713 -0.07938213646411894 0.07385019212961197
v 0.06726757436990738 -0.0789278820157051 0.07381666451692581
v 0.06705804169178009 -0.0788527801632881 0.07384662330150604
v 0.06726757436990738 -0.0789278820157051 0.07381666451692581
v 0.0683000385761261 -0.07831992208957671 0.07369773089885712
v 0.0683000385761261 -0.07831992208957671 0.07369773089885712
v 0.06726757436990738 -0.0789278820157051 0.07381666451692581
v 0.06836283206939697 -0.07844470441341399 0.07367566972970963
v 0.0683000385761261 -0.07831992208957671 0.07369773089885712
v 0.06836283206939697 -0.07844470441341399 0.07367566972970963
v 0.06859663873910904 -0.07831288129091261 0.0736246258020401
v 0.06581883132457733 -0.052197165787219994 0.054016415029764175
v 0.06570665538311005 -0.0521642193198204 0.05409598723053932
v 0.07103867828845978 -0.07227565348148345 0.06968828290700912
v 0.07092650979757309 -0.07224270701408385 0.06976785510778427
v 0.04053774103522301 -0.08583026379346846 0.07381249964237213
v 0.040573250502347946 -0.08596575260162352 0.07379298657178879
v 0.06569033116102219 -0.07924664020538329 0.07386970520019531
v 0.06572584062814713 -0.07938213646411894 0.07385019212961197
v 0.05915380269289017 -0.048285029828548424 0.049995798617601395
v 0.05915837734937668 -0.048264026641845696 0.049856022000312805
v 0.05772805213928223 -0.048619221895933144 0.04996408149600029
v 0.05772805213928223 -0.048619221895933144 0.04996408149600029
v 0.05915837734937668 -0.048264026641845696 0.049856022000312805
v 0.057816628366708755 -0.04857588559389114 0.04982424154877663
v 0.05772805213928223 -0.048619221895933144 0.04996408149600029
v 0.057816628366708755 -0.04857588559389114 0.04982424154877663
v 0.05772341042757034 -0.04860026389360427 0.04982401430606842
v 0.06278407573699951 -0.04854650050401687 0.05088888853788376
v 0.062601238489151 -0.04844077676534652 0.05065099149942398
v 0.062199000269174576 -0.04835565015673637 0.050636354833841324
v 0.062199000269174576 -0.04835565015673637 0.050636354833841324
v 0.062601238489151 -0.04844077676534652 0.05065099149942398
v 0.06225423887372017 -0.04833633452653884 0.05050760880112648
v 0.062199000269174576 -0.04835565015673637 0.050636354833841324
v 0.06225423887372017 -0.04833633452653884 0.05050760880112648
v 0.061585932970047 -0.04822562262415885 0.050422828644514084
v 0.061585932970047 -0.04822562262415885 0.050422828644514084
v 0.06225423887372017 -0.04833633452653884 0.05050760880112648
v 0.06116468831896782 -0.04814778640866279 0.050159186124801636
v 0.061585932970047 -0.04822562262415885 0.050422828644514084
v 0.06116468831896782 -0.04814778640866279 0.050159186124801636
v 0.06044267863035202 -0.048148982226848595 0.05014573782682419
v 0.06044267863035202 -0.048148982226848595 0.05014573782682419
v 0.06116468831896782 -0.04814778640866279 0.050159186124801636
v 0.060466814786195755 -0.04812600463628768 0.05000830069184303
v 0.06044267863035202 -0.048148982226848595 0.05014573782682419
v 0.060466814786195755 -0.04812600463628768 0.05000830069184303
v 0.05915380269289017 -0.048285029828548424 0.049995798617601395
v 0.05915380269289017 -0.048285029828548424 0.049995798617601395
v 0.060466814786195755 -0.04812600463628768 0.05000830069184303
v 0.059651438146829605 -0.04818719252943992 0.049895279109478
v 0.05915380269289017 -0.048285029828548424 0.049995798617601395
v 0.059651438146829605 -0.04818719252943992 0.049895279109478
v 0.05915837734937668 -0.048264026641845696 0.049856022000312805
v 0.06486701220273972 -0.050108429044485085 0.0524323508143425
v 0.06483422964811325 -0.04994131997227668 0.052178651094436646
v 0.06450556218624115 -0.049670889973640435 0.05204292759299278
v 0.06450556218624115 -0.049670889973640435 0.05204292759299278
v 0.06483422964811325 -0.04994131997227668 0.052178651094436646
v 0.06460133194923401 -0.04967474937438964 0.051938943564891815
v 0.06450556218624115 -0.049670889973640435 0.05204292759299278
v 0.06460133194923401 -0.04967474937438964 0.051938943564891815
v 0.06407675892114639 -0.049279268831014626 0.0516740120947361
v 0.06407675892114639 -0.049279268831014626 0.0516740120947361
v 0.06460133194923401 -0.04967474937438964 0.051938943564891815
v 0.0638468787074089 -0.04904483258724212 0.05133302882313728
v 0.06407675892114639 -0.049279268831014626 0.0516740120947361
v 0.0638468787074089 -0.04904483258724212 0.05133302882313728
v 0.06360825151205063 -0.048952516168355935 0.05134478583931923
v 0.06360825151205063 -0.048952516168355935 0.05134478583931923
v 0.0638468787074089 -0.04904483258724212 0.05133302882313728
v 0.06368810683488846 -0.048943623900413506 0.05122840777039528
v 0.06360825151205063 -0.048952516168355935 0.05134478583931923
v 0.06368810683488846 -0.048943623900413506 0.05122840777039528
v 0.06309517472982407 -0.04867860302329063 0.05104552581906319
v 0.06309517472982407 -0.04867860302329063 0.05104552581906319
v 0.06368810683488846 -0.048943623900413506 0.05122840777039528
v 0.06316609680652618 -0.04866494238376617 0.05092393979430199
v 0.06309517472982407 -0.04867860302329063 0.05104552581906319
v 0.06316609680652618 -0.04866494238376617 0.05092393979430199
v 0.06278407573699951 -0.04854650050401687 0.05088888853788376
v 0.06278407573699951 -0.04854650050401687 0.05088888853788376
v 0.06316609680652618 -0.04866494238376617 0.05092393979430199
v 0.06284956634044647 -0.04853053018450736 0.05076456442475319
v 0.06278407573699951 -0.04854650050401687 0.05088888853788376
v 0.06284956634044647 -0.04853053018450736 0.05076456442475319
v 0.062601238489151 -0.04844077676534652 0.05065099149942398
v 0.06570665538311005 -0.0521642193198204 0.05409598723053932
v 0.06581883132457733 -0.052197165787219994 0.054016415029764175
v 0.06537894159555435 -0.05107646062970161 0.053238268941640854
v 0.06537894159555435 -0.05107646062970161 0.053238268941640854
v 0.06581883132457733 -0.052197165787219994 0.054016415029764175
v 0.06543684005737305 -0.05097216367721557 0.05304797738790512
v 0.06537894159555435 -0.05107646062970161 0.053238268941640854
v 0.06543684005737305 -0.05097216367721557 0.05304797738790512
v 0.06486701220273972 -0.050108429044485085 0.0524323508143425
v 0.06486701220273972 -0.050108429044485085 0.0524323508143425
v 0.06543684005737305 -0.05097216367721557 0.05304797738790512
v 0.06496915221214294 -0.05011999607086181 0.052335225045681
v 0.06486701220273972 -0.050108429044485085 0.0524323508143425
v 0.06496915221214294 -0.05011999607086181 0.052335225045681
v 0.06483422964811325 -0.04994131997227668 0.052178651094436646
v 0.039111994206905365 -0.08616445213556288 0.07378078252077103
v 0.03913828358054161 -0.0863019898533821 0.0737609788775444
v 0.04053774103522301 -0.08583026379346846 0.07381249964237213
v 0.04053774103522301 -0.08583026379346846 0.07381249964237213
v 0.03913828358054161 -0.0863019898533821 0.0737609788775444
v 0.040480032563209534 -0.08599013090133666 0.07379275560379028
v 0.04053774103522301 -0.08583026379346846 0.07381249964237213
v 0.040480032563209534 -0.08599013090133666 0.07379275560379028
v 0.040573250502347946 -0.08596575260162352 0.07379298657178879
v 0.03548171743750572 -0.08590298146009444 0.07288769632577896
v 0.03569542244076729 -0.08612523972988127 0.07296600937843323
v 0.03606679290533066 -0.08609383553266524 0.0731402263045311
v 0.03606679290533066 -0.08609383553266524 0.0731402263045311
v 0.03569542244076729 -0.08612523972988127 0.07296600937843323
v 0.03604242205619812 -0.08622968196868895 0.07310938835144043
v 0.03606679290533066 -0.08609383553266524 0.0731402263045311
v 0.03604242205619812 -0.08622968196868895 0.07310938835144043
v 0.03667986020445824 -0.08622385561466216 0.07335375249385834
v 0.03667986020445824 -0.08622385561466216 0.07335375249385834
v 0.03604242205619812 -0.08622968196868895 0.07310938835144043
v 0.03713197261095047 -0.0864182338118553 0.07345781475305557
v 0.03667986020445824 -0.08622385561466216 0.07335375249385834
v 0.03713197261095047 -0.0864182338118553 0.07345781475305557
v 0.03782311826944351 -0.08630049973726271 0.07363084703683853
v 0.03782311826944351 -0.08630049973726271 0.07363084703683853
v 0.03713197261095047 -0.0864182338118553 0.07345781475305557
v 0.037829846143722534 -0.08644001185894011 0.07360870391130447
v 0.03782311826944351 -0.08630049973726271 0.07363084703683853
v 0.037829846143722534 -0.08644001185894011 0.07360870391130447
v 0.039111994206905365 -0.08616445213556288 0.07378078252077103
v 0.039111994206905365 -0.08616445213556288 0.07378078252077103
v 0.037829846143722534 -0.08644001185894011 0.07360870391130447
v 0.038645222783088684 -0.08637882024049758 0.07372172176837921
v 0.039111994206905365 -0.08616445213556288 0.07378078252077103
v 0.038645222783088684 -0.08637882024049758 0.07372172176837921
v 0.03913828358054161 -0.0863019898533821 0.0737609788775444
v 0.03339878469705582 -0.08434104919433592 0.07134423404932022
v 0.03346243128180504 -0.08462470024824141 0.07143834978342056
v 0.03376023471355438 -0.08477859199047087 0.07173365354537964
v 0.03376023471355438 -0.08477859199047087 0.07173365354537964
v 0.03346243128180504 -0.08462470024824141 0.07143834978342056
v 0.03369532525539398 -0.08489126712083815 0.0716780573129654
v 0.03376023471355438 -0.08477859199047087 0.07173365354537964
v 0.03369532525539398 -0.08489126712083815 0.0716780573129654
v 0.03418903425335884 -0.08517020940780638 0.07210256904363632
v 0.03418903425335884 -0.08517020940780638 0.07210256904363632
v 0.03369532525539398 -0.08489126712083815 0.0716780573129654
v 0.034449778497219086 -0.08552118390798567 0.07228397578001022
v 0.03418903425335884 -0.08517020940780638 0.07210256904363632
v 0.034449778497219086 -0.08552118390798567 0.07228397578001022
v 0.034657545387744904 -0.08549696207046507 0.07243179529905319
v 0.034657545387744904 -0.08549696207046507 0.07243179529905319
v 0.034449778497219086 -0.08552118390798567 0.07228397578001022
v 0.03460855409502983 -0.08562239259481429 0.07238858938217163
v 0.034657545387744904 -0.08549696207046507 0.07243179529905319
v 0.03460855409502983 -0.08562239259481429 0.07238858938217163
v 0.035170622169971466 -0.08577087521553038 0.07273105531930923
v 0.035170622169971466 -0.08577087521553038 0.07273105531930923
v 0.03460855409502983 -0.08562239259481429 0.07238858938217163
v 0.03513056039810181 -0.08590107411146163 0.07269305735826492
v 0.035170622169971466 -0.08577087521553038 0.07273105531930923
v 0.03513056039810181 -0.08590107411146163 0.07269305735826492
v 0.03548171743750572 -0.08590298146009444 0.07288769632577896
v 0.03548171743750572 -0.08590298146009444 0.07288769632577896
v 0.03513056039810181 -0.08590107411146163 0.07269305735826492
v 0.03544709086418152 -0.08603549003601073 0.07285243272781372
v 0.03548171743750572 -0.08590298146009444 0.07288769632577896
v 0.03544709086418152 -0.08603549003601073 0.07285243272781372
v 0.03569542244076729 -0.08612523972988127 0.07296600937843323
v 0.03255913779139519 -0.08228526264429091 0.0696805939078331
v 0.03247782960534096 -0.0823688507080078 0.06960058212280273
v 0.03288685157895088 -0.0833730176091194 0.07053831219673157
v 0.03288685157895088 -0.0833730176091194 0.07053831219673157
v 0.03247782960534096 -0.0823688507080078 0.06960058212280273
v 0.03285982087254524 -0.08359385281801222 0.07056902348995209
v 0.03288685157895088 -0.0833730176091194 0.07053831219673157
v 0.03285982087254524 -0.08359385281801222 0.07056902348995209
v 0.03339878469705582 -0.08434104919433592 0.07134423404932022
v 0.03339878469705582 -0.08434104919433592 0.07134423404932022
v 0.03285982087254524 -0.08359385281801222 0.07056902348995209
v 0.033327508717775345 -0.08444602042436598 0.07128177583217621
v 0.03339878469705582 -0.08434104919433592 0.07134423404932022
v 0.033327508717775345 -0.08444602042436598 0.07128177583217621
v 0.03346243128180504 -0.08462470024824141 0.07143834978342056
v 0.032570820301771164 -0.05518388375639915 0.04976680874824524
v 0.032575465738773346 -0.05520284175872802 0.04990687966346741
v 0.05772341042757034 -0.04860026389360427 0.04982401430606842
v 0.05772805213928223 -0.048619221895933144 0.04996408149600029
v 0.027339288964867592 -0.06220677122473716 0.05400872975587845
v 0.027257980778813362 -0.06229036301374435 0.053928717970848083
v 0.03255913779139519 -0.08228526264429091 0.0696805939078331
v 0.03247782960534096 -0.0823688507080078 0.06960058212280273
v 0.027091113850474358 -0.06106425076723098 0.05312640592455864
v 0.027008341625332832 -0.061140436679124825 0.05304070562124252
v 0.027339288964867592 -0.06220677122473716 0.05400872975587845
v 0.027339288964867592 -0.06220677122473716 0.05400872975587845
v 0.027008341625332832 -0.061140436679124825 0.05304070562124252
v 0.027238663285970688 -0.06221594661474227 0.05387064069509506
v 0.027339288964867592 -0.06220677122473716 0.05400872975587845
v 0.027238663285970688 -0.06221594661474227 0.05387064069509506
v 0.027257980778813362 -0.06229036301374435 0.053928717970848083
v 0.027820128947496414 -0.05802976340055465 0.05105147883296013
v 0.027612585574388504 -0.0582706332206726 0.051061905920505524
v 0.02752069942653179 -0.05853557959198951 0.051362935453653336
v 0.02752069942653179 -0.05853557959198951 0.051362935453653336
v 0.027612585574388504 -0.0582706332206726 0.051061905920505524
v 0.027445703744888306 -0.05856963992118835 0.0512479804456234
v 0.02752069942653179 -0.05853557959198951 0.051362935453653336
v 0.027445703744888306 -0.05856963992118835 0.0512479804456234
v 0.027292532846331596 -0.059057708829641335 0.05170008912682533
v 0.027292532846331596 -0.059057708829641335 0.05170008912682533
v 0.027445703744888306 -0.05856963992118835 0.0512479804456234
v 0.027092240750789642 -0.0594927854835987 0.051853734999895096
v 0.027292532846331596 -0.059057708829641335 0.05170008912682533
v 0.027092240750789642 -0.0594927854835987 0.051853734999895096
v 0.027069926261901855 -0.060012694448232644 0.05235441029071808
v 0.027069926261901855 -0.060012694448232644 0.05235441029071808
v 0.027092240750789642 -0.0594927854835987 0.051853734999895096
v 0.02698693983256817 -0.06007291376590728 0.05225700885057449
v 0.027069926261901855 -0.060012694448232644 0.05235441029071808
v 0.02698693983256817 -0.06007291376590728 0.05225700885057449
v 0.027091113850474358 -0.06106425076723098 0.05312640592455864
v 0.027091113850474358 -0.06106425076723098 0.05312640592455864
v 0.02698693983256817 -0.06007291376590728 0.05225700885057449
v 0.0269699115306139 -0.06074095889925956 0.052741553634405136
v 0.027091113850474358 -0.06106425076723098 0.05312640592455864
v 0.0269699115306139 -0.06074095889925956 0.052741553634405136
v 0.027008341625332832 -0.061140436679124825 0.05304070562124252
v 0.029965756461024284 -0.0561295598745346 0.0500788539648056
v 0.0297000240534544 -0.05625313147902488 0.04999237135052681
v 0.029389727860689163 -0.05647806078195571 0.05022193863987923
v 0.029389727860689163 -0.05647806078195571 0.05022193863987923
v 0.0297000240534544 -0.05625313147902488 0.04999237135052681
v 0.029347652569413185 -0.05647595971822738 0.05008693411946297
v 0.029389727860689163 -0.05647806078195571 0.05022193863987923
v 0.029347652569413185 -0.05647595971822738 0.05008693411946297
v 0.02886229008436203 -0.05687714368104934 0.05041135102510452
v 0.02886229008436203 -0.05687714368104934 0.05041135102510452
v 0.029347652569413185 -0.05647595971822738 0.05008693411946297
v 0.028491977602243423 -0.057171460241079324 0.0504293255507946
v 0.02886229008436203 -0.05687714368104934 0.05041135102510452
v 0.028491977602243423 -0.057171460241079324 0.0504293255507946
v 0.02840973436832428 -0.057301785796880715 0.05063391476869583
v 0.02840973436832428 -0.057301785796880715 0.05063391476869583
v 0.028491977602243423 -0.057171460241079324 0.0504293255507946
v 0.028350261971354485 -0.05731429159641265 0.050506219267845154
v 0.02840973436832428 -0.057301785796880715 0.05063391476869583
v 0.028350261971354485 -0.05731429159641265 0.050506219267845154
v 0.02801680378615856 -0.05775736272335052 0.05089059844613075
v 0.02801680378615856 -0.05775736272335052 0.05089059844613075
v 0.028350261971354485 -0.05731429159641265 0.050506219267845154
v 0.02795049175620079 -0.05777779966592788 0.05076737329363823
v 0.02801680378615856 -0.05775736272335052 0.05089059844613075
v 0.02795049175620079 -0.05777779966592788 0.05076737329363823
v 0.027820128947496414 -0.05802976340055465 0.05105147883296013
v 0.027820128947496414 -0.05802976340055465 0.05105147883296013
v 0.02795049175620079 -0.05777779966592788 0.05076737329363823
v 0.027750376611948013 -0.058054961264133446 0.050931062549352646
v 0.027820128947496414 -0.05802976340055465 0.05105147883296013
v 0.027750376611948013 -0.058054961264133446 0.050931062549352646
v 0.027612585574388504 -0.0582706332206726 0.051061905920505524
v 0.032575465738773346 -0.05520284175872802 0.04990687966346741
v 0.032570820301771164 -0.05518388375639915 0.04976680874824524
v 0.031207755208015442 -0.055596698075532906 0.04992995783686638
v 0.031207755208015442 -0.055596698075532906 0.04992995783686638
v 0.032570820301771164 -0.05518388375639915 0.04976680874824524
v 0.03102909028530121 -0.055638138204813 0.049800336360931396
v 0.031207755208015442 -0.055596698075532906 0.04992995783686638
v 0.03102909028530121 -0.055638138204813 0.049800336360931396
v 0.029965756461024284 -0.0561295598745346 0.0500788539648056
v 0.029965756461024284 -0.0561295598745346 0.0500788539648056
v 0.03102909028530121 -0.055638138204813 0.049800336360931396
v 0.029933826997876167 -0.056121312081813805 0.04994133114814758
v 0.029965756461024284 -0.0561295598745346 0.0500788539648056
v 0.029933826997876167 -0.056121312081813805 0.04994133114814758
v 0.0297000240534544 -0.05625313147902488 0.04999237135052681
v 0.05006616562604904 -0.07062361389398573 0.04270642250776291
v 0.05091497302055359 -0.07382833212614058 0.038317881524562836
v 0.04942791536450386 -0.07065254449844359 0.042604103684425354
v 0.05027672275900841 -0.07385726273059844 0.03821556270122528
v 0.04942791536450386 -0.07065254449844359 0.042604103684425354
v 0.05027672275900841 -0.07385726273059844 0.03821556270122528
v 0.04889344051480293 -0.07041507214307784 0.042327314615249634
v 0.04974224790930748 -0.07361979037523268 0.03793877363204956
v 0.04889344051480293 -0.07041507214307784 0.042327314615249634
v 0.04974224790930748 -0.07361979037523268 0.03793877363204956
v 0.04860595241189003 -0.06997481733560561 0.04195021837949753
v 0.04945475980639458 -0.07317954301834105 0.037561677396297455
v 0.04860595241189003 -0.06997481733560561 0.04195021837949753
v 0.04945475980639458 -0.07317954301834105 0.037561677396297455
v 0.048642486333847046 -0.06944976001977919 0.04157385975122452
v 0.04949129372835159 -0.07265447825193404 0.037185318768024445
v 0.048642486333847046 -0.06944976001977919 0.04157385975122452
v 0.04949129372835159 -0.07265447825193404 0.037185318768024445
v 0.048993248492479324 -0.06898057460784911 0.04129908233880997
v 0.04984205588698387 -0.07218529284000395 0.036910541355609894
v 0.048993248492479324 -0.06898057460784911 0.04129908233880997
v 0.04984205588698387 -0.07218529284000395 0.036910541355609894
v 0.04956425726413727 -0.06869298964738844 0.04119951277971268
v 0.050413064658641815 -0.07189770787954329 0.036810971796512604
v 0.04956425726413727 -0.06869298964738844 0.04119951277971268
v 0.050413064658641815 -0.07189770787954329 0.036810971796512604
v 0.05020250752568245 -0.06866405159234999 0.04130183160305023
v 0.051051314920186996 -0.07186877727508544 0.03691329061985016
v 0.05020250752568245 -0.06866405159234999 0.04130183160305023
v 0.051051314920186996 -0.07186877727508544 0.03691329061985016
v 0.05073698237538338 -0.06890153139829634 0.04157862067222595
v 0.05158579349517822 -0.07210624963045119 0.03719007968902588
v 0.05073698237538338 -0.06890153139829634 0.04157862067222595
v 0.05158579349517822 -0.07210624963045119 0.03719007968902588
v 0.05102447047829628 -0.06934177875518797 0.04195571690797806
v 0.05187327787280083 -0.07254649698734282 0.037567175924777985
v 0.05102447047829628 -0.06934177875518797 0.04195571690797806
v 0.05187327787280083 -0.07254649698734282 0.037567175924777985
v 0.050987936556339264 -0.06986684352159499 0.04233207553625107
v 0.05183674767613411 -0.07307156175374983 0.03794353827834129
v 0.050987936556339264 -0.06986684352159499 0.04233207553625107
v 0.05183674767613411 -0.07307156175374983 0.03794353827834129
v 0.050637174397706985 -0.07033602148294447 0.04260685294866562
v 0.05148598179221153 -0.07354074716567992 0.038218311965465546
v 0.050637174397706985 -0.07033602148294447 0.04260685294866562
v 0.05148598179221153 -0.07354074716567992 0.038218311965465546
v 0.05006616562604904 -0.07062361389398573 0.04270642250776291
v 0.05091497302055359 -0.07382833212614058 0.038317881524562836
v 0.050987936556339264 -0.06986684352159499 0.04233207553625107
v 0.050637174397706985 -0.07033602148294447 0.04260685294866562
v 0.049815211445093155 -0.06965830177068709 0.04195296764373779
v 0.05006616562604904 -0.07062361389398573 0.04270642250776291
v 0.04942791536450386 -0.07065254449844359 0.042604103684425354
v 0.05020250752568245 -0.06866405159234999 0.04130183160305023
v 0.05073698237538338 -0.06890153139829634 0.04157862067222595
v 0.05102447047829628 -0.06934177875518797 0.04195571690797806
v 0.048642486333847046 -0.06944976001977919 0.04157385975122452
v 0.048993248492479324 -0.06898057460784911 0.04129908233880997
v 0.04956425726413727 -0.06869298964738844 0.04119951277971268
v 0.04889344051480293 -0.07041507214307784 0.042327314615249634
v 0.04860595241189003 -0.06997481733560561 0.04195021837949753
v 0.05408143624663353 -0.08606860041618346 0.05476170405745506
v 0.05493024364113808 -0.0892733260989189 0.05037316679954529
v 0.05344318225979805 -0.08609753847122191 0.05465938523411751
v 0.0542919896543026 -0.08930225670337676 0.050270844250917435
v 0.05344318225979805 -0.08609753847122191 0.05465938523411751
v 0.0542919896543026 -0.08930225670337676 0.050270844250917435
v 0.05290870741009712 -0.08586005866527556 0.05438259616494179
v 0.05375751480460167 -0.089064784348011 0.049994055181741714
v 0.05290870741009712 -0.08586005866527556 0.05438259616494179
v 0.05375751480460167 -0.089064784348011 0.049994055181741714
v 0.05262121930718422 -0.08541981130838393 0.05400549992918968
v 0.053470030426979065 -0.08862452954053877 0.04961695894598961
v 0.05262121930718422 -0.08541981130838393 0.05400549992918968
v 0.053470030426979065 -0.08862452954053877 0.04961695894598961
v 0.052657753229141235 -0.08489474654197691 0.05362914130091667
v 0.05350656062364578 -0.08809947222471236 0.0492406003177166
v 0.052657753229141235 -0.08489474654197691 0.05362914130091667
v 0.05350656062364578 -0.08809947222471236 0.0492406003177166
v 0.05300851911306381 -0.08442556858062743 0.05335436388850212
v 0.05385732650756836 -0.08763028681278227 0.04896582290530205
v 0.05300851911306381 -0.08442556858062743 0.05335436388850212
v 0.05385732650756836 -0.08763028681278227 0.04896582290530205
v 0.05357952415943146 -0.08413797616958617 0.05325479432940483
v 0.0544283352792263 -0.08734270185232161 0.04886625334620476
v 0.05357952415943146 -0.08413797616958617 0.05325479432940483
v 0.0544283352792263 -0.08734270185232161 0.04886625334620476
v 0.05421777814626694 -0.08410904556512831 0.053357113152742386
v 0.055066585540771484 -0.08731377124786376 0.04896857216954231
v 0.05421777814626694 -0.08410904556512831 0.053357113152742386
v 0.055066585540771484 -0.08731377124786376 0.04896857216954231
v 0.054752252995967865 -0.08434651792049407 0.053633905947208405
v 0.05560106039047241 -0.08755124360322951 0.04924536496400833
v 0.054752252995967865 -0.08434651792049407 0.053633905947208405
v 0.05560106039047241 -0.08755124360322951 0.04924536496400833
v 0.05503973737359047 -0.0847867727279663 0.05401099845767021
v 0.055888548493385315 -0.08799149096012114 0.04962246119976044
v 0.05503973737359047 -0.0847867727279663 0.05401099845767021
v 0.055888548493385315 -0.08799149096012114 0.04962246119976044
v 0.05500320717692375 -0.08531183004379271 0.05438736081123352
v 0.0558520145714283 -0.08851655572652815 0.04999881982803345
v 0.05500320717692375 -0.08531183004379271 0.05438736081123352
v 0.0558520145714283 -0.08851655572652815 0.04999881982803345
v 0.054652441293001175 -0.0857810154557228 0.05466213449835777
v 0.05550124868750572 -0.08898574113845824 0.050273597240448
v 0.054652441293001175 -0.0857810154557228 0.05466213449835777
v 0.05550124868750572 -0.08898574113845824 0.050273597240448
v 0.05408143624663353 -0.08606860041618346 0.05476170405745506
v 0.05493024364113808 -0.0892733260989189 0.05037316679954529
v 0.05500320717692375 -0.08531183004379271 0.05438736081123352
v 0.054652441293001175 -0.0857810154557228 0.05466213449835777
v 0.053830478340387344 -0.08510328829288481 0.05400824919342995
v 0.05408143624663353 -0.08606860041618346 0.05476170405745506
v 0.05344318225979805 -0.08609753847122191 0.05465938523411751
v 0.05421777814626694 -0.08410904556512831 0.053357113152742386
v 0.054752252995967865 -0.08434651792049407 0.053633905947208405
v 0.05503973737359047 -0.0847867727279663 0.05401099845767021
v 0.052657753229141235 -0.08489474654197691 0.05362914130091667
v 0.05300851911306381 -0.08442556858062743 0.05335436388850212
v 0.05357952415943146 -0.08413797616958617 0.05325479432940483
v 0.05290870741009712 -0.08586005866527556 0.05438259616494179
v 0.05262121930718422 -0.08541981130838393 0.05400549992918968
v 0.057291217148303986 -0.06282559782266615 0.05900050327181816
v 0.057136889547109604 -0.062242921441793435 0.05979841947555542
v 0.05604897066950798 -0.06337049603462218 0.059158146381378174
v 0.0558946393430233 -0.06278782337903975 0.05995606258511543
v 0.05604897066950798 -0.06337049603462218 0.059158146381378174
v 0.0558946393430233 -0.06278782337903975 0.05995606258511543
v 0.055102817714214325 -0.06424392759799956 0.05961296707391739
v 0.054948486387729645 -0.06366125494241713 0.06041088327765465
v 0.055102817714214325 -0.06424392759799956 0.05961296707391739
v 0.054948486387729645 -0.06366125494241713 0.06041088327765465
v 0.054596804082393646 -0.065312922000885 0.060295723378658295
v 0.054442472755908966 -0.06473024189472197 0.061093639582395554
v 0.054596804082393646 -0.065312922000885 0.060295723378658295
v 0.054442472755908966 -0.06473024189472197 0.061093639582395554
v 0.05460796505212784 -0.06641472876071929 0.061102475970983505
v 0.054453637450933456 -0.06583204865455626 0.061900392174720764
v 0.05460796505212784 -0.06641472876071929 0.061102475970983505
v 0.054453637450933456 -0.06583204865455626 0.061900392174720764
v 0.0551346056163311 -0.06738161295652388 0.06191039830446243
v 0.05498027801513672 -0.06679893285036086 0.06270831823348999
v 0.0551346056163311 -0.06738161295652388 0.06191039830446243
v 0.05498027801513672 -0.06679893285036086 0.06270831823348999
v 0.05609654635190964 -0.06806637346744536 0.06259649991989136
v 0.05594221502542496 -0.06748369336128233 0.06339441239833832
v 0.05609654635190964 -0.06806637346744536 0.06259649991989136
v 0.05594221502542496 -0.06748369336128233 0.06339441239833832
v 0.057347338646650314 -0.06836475431919097 0.06305631250143051
v 0.057193007320165634 -0.06778208166360854 0.06385423243045807
v 0.057347338646650314 -0.06836475431919097 0.06305631250143051
v 0.057193007320165634 -0.06778208166360854 0.06385423243045807
v 0.05869656428694725 -0.06823134422302245 0.06321985274553299
v 0.05854223296046257 -0.06764867156744002 0.06401776522397995
v 0.05869656428694725 -0.06823134422302245 0.06321985274553299
v 0.05854223296046257 -0.06764867156744002 0.06401776522397995
v 0.059938814491033554 -0.06768644601106642 0.06306220591068268
v 0.059784483164548874 -0.0671037659049034 0.06386012583971024
v 0.059938814491033554 -0.06768644601106642 0.06306220591068268
v 0.059784483164548874 -0.0671037659049034 0.06386012583971024
v 0.06088496744632721 -0.06681301444768904 0.06260738521814346
v 0.06073063611984253 -0.06623033434152602 0.06340530514717102
v 0.06088496744632721 -0.06681301444768904 0.06260738521814346
v 0.06073063611984253 -0.06623033434152602 0.06340530514717102
v 0.06139098107814789 -0.0657440200448036 0.06192462891340256
v 0.06123664975166321 -0.06516134738922118 0.06272254139184952
v 0.06139098107814789 -0.0657440200448036 0.06192462891340256
v 0.06123664975166321 -0.06516134738922118 0.06272254139184952
v 0.0613798163831234 -0.06464221328496932 0.06111787632107735
v 0.061225488781929016 -0.06405954062938689 0.061915792524814606
v 0.0613798163831234 -0.06464221328496932 0.06111787632107735
v 0.061225488781929016 -0.06405954062938689 0.061915792524814606
v 0.060853175818920135 -0.06367532908916472 0.06030995398759842
v 0.060698848217725754 -0.06309265643358229 0.06110787019133568
v 0.060853175818920135 -0.06367532908916472 0.06030995398759842
v 0.060698848217725754 -0.06309265643358229 0.06110787019133568
v 0.0598912388086319 -0.06299057602882384 0.05962385609745979
v 0.05973690748214722 -0.06240789592266082 0.06042177230119705
v 0.0598912388086319 -0.06299057602882384 0.05962385609745979
v 0.05973690748214722 -0.06240789592266082 0.06042177230119705
v 0.05864044651389122 -0.06269218772649764 0.05916403979063034
v 0.05848611518740654 -0.06210951134562492 0.0599619559943676
v 0.05864044651389122 -0.06269218772649764 0.05916403979063034
v 0.05848611518740654 -0.06210951134562492 0.0599619559943676
v 0.057291217148303986 -0.06282559782266615 0.05900050327181816
v 0.057136889547109604 -0.062242921441793435 0.05979841947555542
v 0.05869656428694725 -0.06823134422302245 0.06321985274553299
v 0.059938814491033554 -0.06768644601106642 0.06306220591068268
v 0.05799389258027077 -0.0655284747481346 0.061110176146030426
v 0.0551346056163311 -0.06738161295652388 0.06191039830446243
v 0.05609654635190964 -0.06806637346744536 0.06259649991989136
v 0.057347338646650314 -0.06836475431919097 0.06305631250143051
v 0.055102817714214325 -0.06424392759799956 0.05961296707391739
v 0.054596804082393646 -0.065312922000885 0.060295723378658295
v 0.05460796505212784 -0.06641472876071929 0.061102475970983505
v 0.05864044651389122 -0.06269218772649764 0.05916403979063034
v 0.057291217148303986 -0.06282559782266615 0.05900050327181816
v 0.05604897066950798 -0.06337049603462218 0.059158146381378174
v 0.0613798163831234 -0.06464221328496932 0.06111787632107735
v 0.060853175818920135 -0.06367532908916472 0.06030995398759842
v 0.0598912388086319 -0.06299057602882384 0.05962385609745979
v 0.06088496744632721 -0.06681301444768904 0.06260738521814346
v 0.06139098107814789 -0.0657440200448036 0.06192462891340256
v 0.039877891540527344 -0.0673834905028343 0.05896089971065521
v 0.039723560214042664 -0.06680081039667128 0.05975881591439247
v 0.03863563761115074 -0.06792838871479033 0.059118542820215225
v 0.03848131000995636 -0.0673457160592079 0.059916459023952484
v 0.03863563761115074 -0.06792838871479033 0.059118542820215225
v 0.03848131000995636 -0.0673457160592079 0.059916459023952484
v 0.037689484655857086 -0.06880182027816771 0.05957336351275444
v 0.037535157054662704 -0.06821914762258528 0.0603712797164917
v 0.037689484655857086 -0.06880182027816771 0.05957336351275444
v 0.037535157054662704 -0.06821914762258528 0.0603712797164917
v 0.037183474749326706 -0.06987081468105315 0.060256123542785645
v 0.037029143422842026 -0.06928813457489012 0.0610540397465229
v 0.037183474749326706 -0.06987081468105315 0.060256123542785645
v 0.037029143422842026 -0.06928813457489012 0.0610540397465229
v 0.0371946357190609 -0.07097262144088744 0.06106287240982056
v 0.037040308117866516 -0.07038994133472441 0.061860788613557816
v 0.0371946357190609 -0.07097262144088744 0.06106287240982056
v 0.037040308117866516 -0.07038994133472441 0.061860788613557816
v 0.03772127628326416 -0.07193950563669203 0.06187079846858978
v 0.03756694495677948 -0.07135682553052901 0.06266871094703674
v 0.03772127628326416 -0.07193950563669203 0.06187079846858978
v 0.03756694495677948 -0.07135682553052901 0.06266871094703674
v 0.0386832132935524 -0.07262425869703291 0.06255689263343811
v 0.03852888569235802 -0.07204158604145049 0.06335481256246567
v 0.0386832132935524 -0.07262425869703291 0.06255689263343811
v 0.03852888569235802 -0.07204158604145049 0.06335481256246567
v 0.039934009313583374 -0.07292264699935912 0.06301671266555786
v 0.039779677987098694 -0.07233997434377669 0.06381462514400482
v 0.039934009313583374 -0.07292264699935912 0.06301671266555786
v 0.039779677987098694 -0.07233997434377669 0.06381462514400482
v 0.04128323495388031 -0.0727892369031906 0.06318024545907974
v 0.04112890362739563 -0.07220655679702757 0.0639781653881073
v 0.04128323495388031 -0.0727892369031906 0.06318024545907974
v 0.04112890362739563 -0.07220655679702757 0.0639781653881073
v 0.042525481432676315 -0.07224433869123457 0.06302260607481003
v 0.042371153831481934 -0.07166165858507155 0.06382052600383759
v 0.042525481432676315 -0.07224433869123457 0.06302260607481003
v 0.042371153831481934 -0.07166165858507155 0.06382052600383759
v 0.04347163438796997 -0.0713709071278572 0.06256778538227081
v 0.04331730678677559 -0.07078822702169417 0.06336569786071777
v 0.04347163438796997 -0.0713709071278572 0.06256778538227081
v 0.04331730678677559 -0.07078822702169417 0.06336569786071777
v 0.04397764801979065 -0.07030191272497176 0.06188502535223961
v 0.04382332041859627 -0.06971924006938933 0.06268294155597687
v 0.04397764801979065 -0.07030191272497176 0.06188502535223961
v 0.04382332041859627 -0.06971924006938933 0.06268294155597687
v 0.04396648705005646 -0.06920010596513747 0.0610782764852047
v 0.043812159448862076 -0.06861743330955504 0.061876192688941956
v 0.04396648705005646 -0.06920010596513747 0.0610782764852047
v 0.043812159448862076 -0.06861743330955504 0.061876192688941956
v 0.043439846485853195 -0.06823322176933287 0.06027035042643547
v 0.043285518884658813 -0.06765054911375044 0.06106826663017273
v 0.043439846485853195 -0.06823322176933287 0.06027035042643547
v 0.043285518884658813 -0.06765054911375044 0.06106826663017273
v 0.04247790947556496 -0.0675484612584114 0.059584252536296844
v 0.042323578149080276 -0.06696578860282897 0.0603821724653244
v 0.04247790947556496 -0.0675484612584114 0.059584252536296844
v 0.042323578149080276 -0.06696578860282897 0.0603821724653244
v 0.04122711345553398 -0.06725008040666579 0.05912443622946739
v 0.0410727858543396 -0.06666740030050276 0.05992235243320465
v 0.04122711345553398 -0.06725008040666579 0.05912443622946739
v 0.0410727858543396 -0.06666740030050276 0.05992235243320465
v 0.039877891540527344 -0.0673834905028343 0.05896089971065521
v 0.039723560214042664 -0.06680081039667128 0.05975881591439247
v 0.039877891540527344 -0.0673834905028343 0.05896089971065521
v 0.03863563761115074 -0.06792838871479033 0.059118542820215225
v 0.04058056324720383 -0.07008635997772215 0.06107057258486748
v 0.043439846485853195 -0.06823322176933287 0.06027035042643547
v 0.04247790947556496 -0.0675484612584114 0.059584252536296844
v 0.04122711345553398 -0.06725008040666579 0.05912443622946739
v 0.04347163438796997 -0.0713709071278572 0.06256778538227081
v 0.04397764801979065 -0.07030191272497176 0.06188502535223961
v 0.04396648705005646 -0.06920010596513747 0.0610782764852047
v 0.039934009313583374 -0.07292264699935912 0.06301671266555786
v 0.04128323495388031 -0.0727892369031906 0.06318024545907974
v 0.042525481432676315 -0.07224433869123457 0.06302260607481003
v 0.0371946357190609 -0.07097262144088744 0.06106287240982056
v 0.03772127628326416 -0.07193950563669203 0.06187079846858978
v 0.0386832132935524 -0.07262425869703291 0.06255689263343811
v 0.037689484655857086 -0.06880182027816771 0.05957336351275444
v 0.037183474749326706 -0.06987081468105315 0.060256123542785645
usemtl Purple
f 1 2 3
f 4 5 6
f 7 8 9
f 10 11 12
f 13 14 15
f 16 17 18
f 18 17 19
f 20 21 22
f 3 2 23
f 21 24 22
f 22 24 25
f 22 25 6
f 26 27 28
f 28 27 29
f 28 29 30
f 31 32 33
f 33 32 34
f 19 35 18
f 18 35 36
f 18 36 37
f 38 39 3
f 3 39 40
f 3 40 1
f 1 40 20
f 1 20 41
f 41 20 22
f 42 43 44
f 24 28 30
f 24 30 45
f 45 30 23
f 45 23 46
f 46 23 2
f 46 2 16
f 16 2 34
f 16 34 17
f 17 47 32
f 4 6 48
f 48 6 25
f 48 25 49
f 49 25 18
f 50 51 52
f 53 18 37
f 54 55 56
f 57 58 59
f 60 61 62
f 63 64 65
f 66 67 59
f 66 60 68
f 68 59 62
f 69 70 71
f 71 70 72
f 73 74 75
f 76 72 77
f 76 77 78
f 79 80 81
f 81 80 82
f 83 84 85
f 85 84 86
f 87 88 89
f 90 91 92
f 93 94 95
f 95 94 96
f 95 96 86
f 86 96 97
f 86 97 85
f 98 99 100
f 100 99 101
f 98 102 99
f 99 102 103
f 99 103 83
f 83 103 104
f 83 104 84
f 105 106 107
f 108 109 110
f 110 109 111
f 112 113 114
f 115 116 117
f 117 116 118
f 119 120 121
f 122 118 123
f 124 125 126
f 126 125 127
f 128 129 130
f 131 132 133
f 131 133 134
f 134 133 135
f 134 135 136
f 137 131 138
f 137 139 131
f 131 139 140
f 131 140 132
f 141 140 142
f 132 142 143
f 144 145 146
f 146 145 147
f 146 147 130
f 130 147 148
f 130 148 128
f 149 150 151
f 151 150 134
f 151 134 152
f 152 134 136
f 152 136 153
f 154 155 156
f 157 158 159
f 143 160 132
f 132 160 161
f 132 161 162
f 162 161 163
f 162 163 164
f 129 165 166
f 166 165 167
f 166 167 168
f 168 167 169
f 168 169 170
f 170 169 171
f 170 171 172
f 173 174 175
f 175 174 176
f 177 155 168
f 168 155 178
f 168 178 166
f 163 179 164
f 164 179 180
f 164 180 181
f 181 180 182
f 183 184 159
f 159 184 185
f 159 185 157
f 157 185 186
f 187 188 155
f 155 188 189
f 155 190 156
f 191 192 193
f 143 194 195
f 143 195 196
f 196 195 197
f 196 197 146
f 146 197 198
f 146 198 144
f 144 198 199
f 144 200 201
f 201 200 202
f 201 202 203
f 204 205 206
f 137 207 208
f 206 208 209
f 209 208 170
f 209 170 203
f 203 170 172
f 210 211 212
f 154 156 213
f 213 156 214
f 213 214 215
f 215 214 183
f 215 183 173
f 173 183 159
f 216 217 218
f 166 219 129
f 129 219 220
f 129 220 130
f 130 220 221
f 130 221 222
f 222 221 223
f 222 223 224
f 224 223 175
f 224 175 182
f 182 175 176
f 182 225 226
f 227 228 229
f 230 231 232
f 233 234 235
f 236 237 238
f 239 240 241
f 242 243 244
f 245 246 247
f 248 249 250
f 251 252 253
f 254 255 256
f 257 258 259
f 260 261 262
f 263 264 265
f 266 267 268
f 269 270 271
f 272 273 274
f 275 276 277
f 278 279 280
f 281 282 283
f 284 285 286
f 287 288 289
f 290 291 292
f 293 294 295
f 296 297 298
f 299 300 301
f 302 303 304
f 305 306 307
f 308 309 310
f 311 312 313
f 314 315 316
f 317 318 319
f 320 321 322
f 322 321 323
f 324 325 326
f 327 328 329
f 330 331 332
f 333 334 335
f 336 337 338
f 339 340 341
f 342 343 344
f 345 346 347
f 348 349 350
f 351 352 353
f 354 355 356
f 357 358 359
f 360 361 362
f 363 364 365
f 366 367 368
f 369 370 371
f 372 373 374
f 375 376 377
f 378 379 380
f 381 382 383
f 384 385 386
f 387 388 389
f 390 391 392
f 393 394 395
f 396 397 398
f 399 400 401
f 402 403 404
f 405 406 407
f 408 409 410
f 411 412 413
f 414 415 416
f 417 418 419
f 420 421 422
f 423 424 425
f 426 427 428
f 429 430 431
f 432 433 434
f 435 436 437
f 438 439 440
f 441 442 443
f 444 445 446
f 446 445 447
f 446 447 448
f 449 450 451
f 452 453 454
f 455 456 457
f 458 459 460
f 461 462 463
f 464 465 466
f 467 468 469
f 470 471 472
f 473 474 475
f 476 477 478
f 479 480 481
f 482 483 484
f 484 483 485
f 482 486 483
f 483 486 487
f 483 487 488
f 488 487 489
f 488 489 490
f 490 489 491
f 490 491 480
f 480 491 492
f 480 493 481
f 494 495 496
f 478 477 495
f 495 477 497
f 495 497 496
f 498 499 481
f 481 499 500
f 481 500 479
f 496 501 494
f 494 501 502
f 494 502 503
f 478 504 476
f 476 504 505
f 476 505 506
f 502 507 503
f 503 507 508
f 503 508 509
f 509 508 510
f 509 510 485
f 485 510 511
f 485 511 484
f 506 512 476
f 476 512 513
f 476 513 514
f 515 516 517
f 518 519 520
f 521 522 523
f 524 525 526
f 527 528 529
f 530 531 532
f 533 534 535
f 536 537 538
f 539 540 541
f 542 543 544
f 545 546 547
f 548 549 550
f 551 552 553
f 554 555 556
f 557 558 559
f 560 561 562
f 563 564 565
f 566 567 568
f 569 570 571
f 572 573 574
f 575 576 577
f 578 579 580
f 581 582 583
f 584 585 586
f 587 588 589
f 590 591 592
f 593 594 595
f 593 595 596
f 597 598 599
f 600 601 602
f 603 604 605
f 606 607 608
f 609 610 611
f 612 613 614
f 615 616 617
f 618 619 620
f 621 622 623
f 624 625 626
f 627 628 629
f 630 631 632
f 633 634 635
f 636 637 638
f 639 640 641
f 642 643 644
f 645 646 647
f 648 649 650
f 650 649 651
f 650 651 652
f 653 654 655
f 656 657 658
f 659 660 661
f 662 663 664
f 665 666 667
f 668 669 670
f 671 672 673
f 674 675 676
f 677 678 679
f 680 681 682
f 683 684 685
f 686 687 688
f 689 690 691
f 692 693 694
f 695 696 697
f 698 699 700
f 701 702 703
f 704 705 706
f 707 708 709
f 710 711 712
f 713 714 715
f 716 717 718
f 719 720 721
f 722 723 724
f 725 726 727
f 728 729 730
f 731 732 733
f 734 735 736
f 737 738 739
f 740 741 742
f 743 744 745
f 746 747 748
f 749 750 751
f 752 753 754
f 755 756 757
f 758 759 760
f 761 762 763
f 764 765 766
f 767 768 769
f 770 771 772
f 773 774 775
f 776 777 778
f 779 780 781
f 782 783 784
f 785 786 787
f 788 789 790
f 791 792 793
f 794 795 796
f 797 798 799
f 800 801 802
f 803 804 805
f 806 807 808
f 809 810 811
f 812 813 814
f 815 816 817
f 818 819 820
f 821 822 823
f 824 825 826
f 827 828 829
f 830 831 832
f 833 834 835
f 836 837 838
f 839 840 841
f 842 843 844
f 845 846 847
f 848 849 850
f 851 852 853
f 854 855 856
f 857 858 859
f 860 861 862
f 863 864 865
f 866 867 868
f 869 870 871
f 872 873 874
f 875 876 877
f 878 879 880
f 881 882 883
f 884 885 886
f 887 888 889
f 890 891 892
f 893 894 895
f 896 897 898
f 899 900 901
f 902 903 904
f 905 906 907
f 908 909 910
f 911 912 913
f 914 915 916
f 917 918 919
f 920 921 922
f 923 924 925
f 926 927 928
f 929 930 931
f 932 933 934
f 935 936 937
f 938 939 940
f 941 942 943
f 944 945 946
f 947 948 949
f 950 951 952
f 953 954 955
f 956 957 958
f 959 960 961
f 962 963 964
f 965 966 967
f 968 969 970
f 971 972 973
f 974 975 976
f 977 978 979
f 980 981 982
f 982 981 983
f 984 985 986
f 987 988 989
f 990 991 992
f 993 994 995
f 996 997 998
f 999 1000 1001
f 1002 1003 1004
f 1005 1006 1007
f 1008 1009 1010
f 1011 1012 1013
f 1014 1015 1016
f 1017 1018 1019
f 1020 1021 1022
f 1023 1024 1025
f 1026 1027 1028
f 1029 1030 1031
f 1032 1033 1034
f 1035 1036 1037
f 1037 1036 1038
f 1037 1039 1040
f 1041 1042 1043
f 1043 1042 1044
f 1045 1046 1047
f 1047 1046 1048
f 1049 1050 1051
f 1051 1050 1052
f 1051 1052 1053
f 1053 1052 1054
f 1055 1056 1047
f 1047 1056 1040
f 1048 1057 1058
f 1058 1057 1059
f 1058 1059 1051
f 1051 1059 1060
f 1051 1060 1049
f 1054 1052 1061
f 1061 1052 1062
f 1063 1064 1065
f 1039 1066 1040
f 1040 1066 1043
f 1040 1043 1047
f 1047 1043 1044
f 1047 1044 1045
f 1041 1043 1067
f 1067 1043 1068
f 1067 1068 1069
f 1070 1071 1072
f 1072 1071 1052
f 1072 1052 1069
f 1069 1052 1050
f 1069 1050 1067
f 1073 1074 1075
f 1071 1076 1052
f 1052 1076 1077
f 1052 1077 1078
f 1078 1079 1080
f 1081 1047 1082
f 1082 1047 1048
f 1082 1048 1083
f 1083 1048 1058
f 1084 1085 1086
f 1086 1085 1087
f 1086 1087 1088
f 1088 1087 1089
f 1088 1089 1090
f 1090 1091 1088
f 1088 1091 1092
f 1088 1092 1093
f 1093 1092 1094
f 1093 1094 1031
f 1095 1096 1097
f 1098 1099 1100
f 1101 1074 1102
f 1102 1074 1073
f 1102 1073 1103
f 1101 1104 1074
f 1074 1104 1105
f 1074 1105 1047
f 1047 1105 1106
f 1047 1106 1055
f 1072 1107 1070
f 1070 1107 1108
f 1070 1108 1086
f 1086 1108 1109
f 1091 1110 1092
f 1092 1111 1112
f 1092 1112 1113
f 1113 1112 1073
f 1113 1073 1114
f 1114 1073 1075
f 1109 1115 1086
f 1086 1115 1116
f 1086 1116 1084
f 1084 1116 1036
f 1084 1036 1117
f 1117 1036 1035
f 1117 1035 1118
f 1119 1035 1120
f 1119 1120 1103
f 1103 1121 1122
f 1103 1122 1102
f 1123 1124 1125
f 1126 1127 1128
f 1125 1129 1130
f 1131 1132 1133
f 1134 1135 1136
f 1137 1138 1139
f 1140 1141 1142
f 1143 1144 1145
f 1146 1147 1148
f 1149 1150 1151
f 1152 1153 1154
f 1155 1156 1157
f 1158 1159 1160
f 1161 1162 1163
f 1164 1165 1166
f 1167 1168 1169
f 1170 1171 1172
f 1173 1174 1175
f 1176 1177 1178
f 1179 1180 1181
f 1182 1183 1178
f 1178 1183 1184
f 1185 1186 1187
f 1188 1189 1190
f 1191 1192 1193
f 1194 1195 1196
f 1197 1198 1199
f 1200 1201 1202
f 1203 1204 1205
f 1206 1207 1208
f 1209 1210 1211
f 1212 1213 1214
f 1215 1216 1217
f 1218 1219 1220
f 1221 1222 1223
f 1224 1225 1226
f 1227 1228 1229
f 1230 1231 1232
f 1233 1234 1235
f 1236 1237 1238
f 1239 1240 1241
f 1239 1241 1242
f 1242 1241 1243
f 1244 1243 1245
f 1246 1247 1248
f 1249 1250 1251
f 1252 1253 1254
f 1255 1256 1257
f 1258 1259 1260
f 1261 1262 1263
f 1264 1265 1266
f 1267 1268 1269
f 1270 1271 1272
f 1273 1274 1275
f 1276 1277 1278
f 1279 1280 1281
f 1282 1283 1284
f 1285 1286 1287
f 1288 1289 1290
f 1291 1292 1293
f 1294 1295 1296
f 1297 1298 1299
f 1300 1301 1302
f 1303 1304 1305
f 1305 1304 1306
f 1307 1308 1309
f 1309 1308 1310
f 1311 1312 1313
f 1313 1312 1314
f 1315 1316 1317
f 1317 1316 1318
f 1319 1320 1321
f 1322 1323 1324
f 1325 1326 1327
f 1328 1329 1330
f 1331 1332 1333
f 1334 1335 1336
f 1337 1338 1339
f 1340 1341 1342
f 1343 1344 1345
f 1346 1347 1348
f 1349 1350 1351
f 1352 1353 1354
f 1355 1356 1357
f 1358 1359 1360
f 1361 1362 1363
f 1364 1365 1366
f 1367 1368 1369
f 1370 1371 1372
f 1373 1374 1375
f 1376 1377 1378
f 1379 1380 1381
f 1382 1383 1384
f 1385 1386 1387
f 1388 1389 1390
f 1391 1392 1393
f 1394 1395 1396
f 1397 1398 1399
f 1400 1401 1402
f 1403 1404 1405
f 1406 1407 1408
f 1409 1410 1411
f 1412 1413 1414
f 1415 1416 1417
f 1418 1419 1420
f 1421 1422 1423
f 1424 1425 1426
f 1424 1426 1427
f 1428 1429 1430
f 1428 1430 1431
f 1432 1433 1434
f 1435 1436 1437
f 1438 1439 1440
f 1440 1439 1441
f 1442 1443 1444
f 1444 1443 1445
f 1421 1446 1422
f 1340 1342 1447
f 1448 1449 1450
f 1448 1450 1451
f 1452 1453 1454
f 1455 1456 1457
f 1458 1459 1460
f 1460 1459 1461
f 1462 1463 1464
f 1464 1463 1465
f 1466 1467 1468
f 1469 1470 1471
f 1472 1473 1474
f 1475 1476 1477
f 1478 1479 1480
f 1481 1482 1483
f 1484 1485 1486
f 1487 1488 1489
f 1490 1491 1492
f 1493 1494 1495
f 1496 1497 1498
f 1499 1500 1501
f 1502 1503 1504
f 1505 1506 1507
f 1508 1509 1510
f 1511 1512 1513
f 1514 1515 1516
f 1517 1518 1519
f 1520 1521 1522
f 1523 1524 1525
f 1526 1527 1528
f 1529 1530 1531
f 1532 1533 1534
f 1535 1536 1537
f 1538 1539 1540
f 1541 1542 1543
f 1544 1545 1546
f 1547 1548 1549
f 1550 1551 1552
f 1553 1554 1555
f 1556 1557 1558
f 1559 1560 1561
f 1562 1563 1564
f 1565 1566 1567
f 1568 1569 1570
f 1571 1572 1573
f 1574 1575 1576
f 1577 1578 1579
f 1580 1581 1582
f 1583 1584 1585
f 1586 1587 1588
f 1589 1590 1591
f 1592 1593 1594
f 1595 1596 1597
f 1598 1599 1600
f 1601 1602 1603
f 1604 1605 1606
f 1607 1608 1609
f 1610 1611 1612
f 1613 1614 1615
f 1616 1617 1618
f 1619 1620 1621
f 1622 1623 1624
f 1625 1626 1627
f 1628 1629 1630
f 1631 1632 1633
f 1634 1635 1636
f 1637 1638 1639
f 1640 1641 1642
f 1643 1644 1645
f 1646 1647 1648
f 1649 1650 1651
f 1652 1653 1654
f 1655 1656 1657
f 1658 1659 1660
f 1661 1662 1663
f 1664 1665 1666
f 1667 1668 1669
f 1670 1671 1672
f 1673 1674 1675
f 1676 1677 1678
f 1679 1680 1681
f 1682 1683 1684
f 1685 1686 1687
f 1688 1689 1690
f 1691 1692 1693
f 1694 1695 1696
f 1697 1698 1699
f 1700 1701 1702
f 1703 1704 1705
f 1706 1707 1708
f 1709 1710 1711
f 1712 1713 1714
f 1715 1716 1717
f 1718 1719 1720
f 1721 1722 1723
f 1724 1725 1726
f 1727 1728 1729
f 1730 1731 1732
f 1733 1734 1735
f 1736 1737 1738
f 1739 1740 1741
f 1742 1743 1744
f 1745 1746 1747
f 1748 1749 1750
f 1751 1752 1753
f 1754 1755 1756
f 1757 1758 1759
f 1760 1761 1762
f 1763 1764 1765
f 1766 1767 1768
f 1769 1770 1771
f 1772 1773 1774
f 1775 1776 1777
f 1778 1779 1780
f 1781 1782 1783
f 1784 1785 1786
f 1787 1788 1789
f 1790 1791 1792
f 1793 1794 1795
f 1796 1797 1798
f 1799 1800 1801
f 1802 1803 1804
f 1805 1806 1807
f 1808 1809 1810
f 1705 1811 1703
f 1812 1813 1814
f 1815 1816 1817
f 1818 1819 1820
f 1821 1822 1823
f 1824 1825 1826
f 1827 1828 1829
f 1830 1831 1832
f 1833 1834 1835
f 1836 1837 1838
f 1839 1840 1841
f 1842 1843 1844
f 1845 1846 1847
f 1848 1849 1850
f 1851 1852 1853
f 1854 1855 1856
f 1857 1858 1859
f 1860 1861 1862
f 1863 1864 1865
f 1866 1867 1868
f 1868 1867 1869
f 1870 1871 1872
f 1872 1871 1873
f 1872 1873 1874
f 1875 1876 1877
f 1878 1879 1880
f 1881 1882 1883
f 1884 1885 1886
f 1887 1888 1889
f 1890 1891 1892
f 1893 1894 1895
f 1896 1897 1898
f 1899 1900 1901
f 1902 1903 1904
f 1905 1906 1907
f 1908 1909 1910
f 1911 1912 1913
f 1914 1915 1916
f 1917 1918 1919
f 1920 1921 1922
f 1923 1924 1925
f 1926 1927 1928
f 1929 1930 1931
f 1932 1933 1934
f 1935 1936 1937
f 1938 1939 1940
f 1941 1942 1943
f 1944 1945 1946
f 1947 1948 1949
f 1950 1951 1952
f 1952 1951 1953
f 1952 1954 1955
f 1956 1957 1958
f 1959 1960 1961
f 1962 1963 1964
f 1965 1966 1967
f 1968 1969 1970
f 1971 1972 1973
f 1974 1975 1976
f 1977 1978 1979
f 1980 1981 1982
f 1983 1984 1985
f 1986 1987 1988
f 1989 1990 1991
f 1992 1993 1994
f 1995 1996 1997
f 1998 1999 2000
f 2001 2002 2003
f 2004 2005 2006
f 2007 2008 2009
f 2010 2011 2012
f 2013 2014 2015
f 2016 2017 2018
f 2019 2020 2021
f 2022 2023 2024
f 2025 2026 2027
f 2028 2029 2030
f 2031 2032 2033
f 2034 2035 2036
f 2037 2038 2039
f 2040 2041 2042
f 2043 2044 2045
f 2046 2047 2048
f 2049 2050 2051
f 2052 2053 2054
f 2055 2056 2057
f 2058 2059 2060
f 2061 2062 2063
f 2064 2065 2066
f 2067 2068 2069
f 2070 2071 2072
f 2073 2074 2075
f 2076 2077 2078
f 2079 2080 2081
f 2081 2080 2082
f 2083 2084 2085
f 2086 2087 2088
f 2088 2089 2086
f 2086 2089 2090
f 2086 2090 2081
f 2081 2090 2079
f 2079 2090 2091
f 2079 2091 2092
f 2093 2094 2095
f 2095 2094 2096
f 2095 2096 2097
f 2097 2096 2098
f 2097 2098 2099
f 2100 2101 2102
f 2102 2101 2103
f 2102 2103 2104
f 2104 2103 2105
f 2104 2105 2106
f 2106 2105 2099
f 2106 2099 2107
f 2107 2099 2098
f 2108 2109 2110
f 2111 2112 2113
f 2114 2115 2116
f 2117 2118 2119
f 2092 2091 2120
f 2120 2091 2121
f 2120 2121 2122
f 2122 2121 2123
f 2122 2123 2124
f 2124 2123 2125
f 2124 2125 2126
f 2126 2125 2127
f 2126 2127 2128
f 2128 2127 2129
f 2128 2129 2130
f 2130 2129 2131
f 2130 2131 2132
f 2132 2131 2133
f 2132 2133 2134
f 2134 2133 2135
f 2134 2135 2136
f 2136 2135 2137
f 2136 2137 2138
f 2138 2137 2139
f 2138 2139 2100
f 2100 2139 2140
f 2100 2140 2101
f 2141 2142 2143
f 2144 2145 2146
f 2147 2148 2149
f 2150 2151 2152
f 2153 2154 2155
f 2156 2157 2158
f 2159 2160 2161
f 2162 2163 2164
f 2165 2166 2167
f 2168 2169 2170
f 2171 2172 2173
f 2174 2175 2176
f 2177 2178 2179
f 2180 2181 2182
f 2183 2184 2185
f 2186 2187 2188
f 2189 2190 2191
f 2192 2193 2194
f 2195 2196 2197
f 2198 2199 2200
f 2201 2202 2203
f 2204 2205 2206
f 2207 2208 2209
f 2210 2211 2212
f 2213 2214 2215
f 2216 2217 2218
f 2219 2220 2221
f 2222 2223 2224
f 2225 2226 2227
f 2228 2229 2230
f 2231 2232 2233
f 2234 2235 2236
f 2237 2238 2239
f 2240 2241 2242
f 2243 2244 2245
f 2246 2247 2248
f 2249 2250 2251
f 2252 2253 2254
f 2255 2256 2257
f 2258 2259 2260
f 2261 2262 2263
f 2264 2265 2266
f 2267 2268 2269
f 2269 2268 2270
f 2271 2272 2273
f 2273 2272 2274
f 2275 2276 2277
f 2278 2279 2280
f 2281 2282 2283
f 2284 2285 2286
f 2287 2288 2289
f 2290 2291 2292
f 2293 2294 2295
f 2296 2297 2298
f 2299 2300 2301
f 2302 2303 2304
f 2305 2306 2307
f 2307 2306 2308
f 2309 2310 2311
f 2311 2310 2312
f 2191 2313 2189
f 2314 2315 2316
f 2317 2318 2319
f 2320 2321 2322
f 2323 2324 2325
f 2326 2327 2328
f 2329 2330 2331
f 2332 2333 2334
f 2335 2336 2337
f 2338 2339 2340
f 2341 2342 2343
f 2344 2345 2346
f 2347 2348 2349
f 2350 2351 2352
f 2353 2354 2355
f 2356 2357 2358
f 2359 2360 2361
f 2362 2363 2364
f 2365 2366 2367
f 2368 2369 2370
f 2371 2372 2373
f 2374 2375 2376
f 2377 2378 2379
f 2380 2381 2382
f 2383 2384 2385
f 2386 2387 2388
f 2389 2390 2391
f 2392 2393 2394
f 2395 2396 2397
f 2398 2399 2400
f 2401 2402 2403
f 2404 2405 2406
f 2406 2405 2407
f 2406 2407 2408
f 2408 2407 2409
f 2410 2411 2412
f 2413 2409 2414
f 2413 2414 2415
f 2415 2414 2416
f 2415 2416 2417
f 2417 2416 2418
f 2417 2418 2419
f 2419 2418 2420
f 2421 2422 2423
f 2424 2425 2426
f 2427 2428 2429
f 2430 2431 2432
f 2433 2434 2435
f 2436 2437 2438
f 2439 2440 2441
f 2442 2443 2444
f 2445 2446 2447
f 2448 2449 2450
f 2451 2452 2453
f 2454 2455 2456
f 2457 2458 2459
f 2460 2461 2462
f 2463 2464 2465
f 2466 2467 2468
f 2469 2470 2471
f 2472 2473 2474
f 2475 2476 2477
f 2478 2479 2480
f 2481 2482 2483
f 2484 2485 2486
f 2487 2488 2489
f 2490 2491 2492
f 2493 2494 2495
f 2496 2497 2498
f 2499 2500 2501
f 2502 2503 2504
f 2505 2506 2507
f 2508 2509 2510
f 2511 2512 2513
f 2514 2515 2516
f 2517 2518 2519
f 2519 2518 2520
f 2519 2520 2521
f 2521 2520 2522
f 2521 2522 2523
f 2523 2522 2514
f 2523 2514 2524
f 2524 2514 2516
f 2525 2526 2527
f 2527 2526 2528
f 2527 2528 2529
f 2527 2529 2530
f 2531 2532 2533
f 2534 2535 2536
f 2537 2538 2539
f 2540 2541 2542
f 2543 2544 2545
f 2546 2547 2548
f 2549 2550 2551
f 2552 2553 2554
f 2555 2556 2557
f 2558 2559 2560
f 2561 2562 2563
f 2551 2564 2549
f 2565 2566 2567
f 2568 2569 2570
f 2571 2572 2573
f 2574 2575 2576
f 2577 2578 2579
f 2580 2581 2582
f 2583 2584 2585
f 2586 2587 2588
f 2589 2590 2591
f 2592 2593 2594
f 2595 2596 2597
f 2598 2599 2600
f 2601 2602 2603
f 2604 2605 2606
f 2607 2608 2609
f 2610 2611 2612
f 2613 2614 2615
f 2616 2617 2618
f 2619 2620 2621
f 2622 2623 2624
f 2625 2626 2627
f 2628 2629 2630
f 2631 2632 2633
f 2634 2635 2636
f 2637 2638 2639
f 2640 2641 2642
f 2642 2641 2643
f 2644 2645 2646
f 2647 2648 2649
f 2650 2651 2652
f 2653 2654 2655
f 2656 2657 2658
f 2659 2660 2661
f 2662 2663 2664
f 2665 2666 2667
f 2668 2669 2670
f 2671 2672 2673
f 2674 2675 2676
f 2677 2678 2679
f 2680 2681 2682
f 2683 2684 2685
f 2686 2687 2688
f 2689 2690 2691
f 2692 2693 2694
f 2695 2696 2697
f 2698 2699 2700
f 2701 2702 2703
f 2701 2703 2704
f 2705 2706 2707
f 2705 2707 2708
f 2695 2697 2709
f 2710 2711 2712
f 2710 2712 2713
f 2714 2715 2716
f 2717 2718 2719
f 2720 2721 2722
f 2698 2723 2699
f 2724 2725 2726
f 2727 2728 2729
f 2730 2731 2732
f 2733 2734 2735
f 2734 2733 2736
f 2737 2738 2739
f 2740 2741 2742
f 2743 2744 2745
f 2746 2747 2748
f 2748 2747 2749
f 2748 2749 2750
f 2750 2749 2751
f 2752 2753 2754
f 2754 2753 2755
f 2756 2757 2758
f 2758 2757 2759
f 2758 2759 2760
f 2761 2762 2763
f 2763 2762 2764
f 2763 2764 2765
f 2765 2764 2766
f 2767 2768 2769
f 2764 2770 2766
f 2766 2770 2769
f 2766 2769 2771
f 2771 2769 2768
f 2772 2773 2774
f 2773 2772 2775
f 2775 2772 2776
f 2775 2776 2777
f 2778 2779 2780
f 2780 2779 2781
f 2780 2781 2782
f 2782 2781 2783
f 2782 2783 2784
f 2784 2783 2785
f 2784 2785 2786
f 2744 2787 2745
f 2745 2787 2788
f 2745 2788 2740
f 2740 2788 2789
f 2740 2789 2741
f 2790 2791 2792
f 2792 2791 2793
f 2792 2793 2794
f 2791 2795 2793
f 2793 2795 2796
f 2793 2796 2797
f 2798 2799 2800
f 2800 2799 2801
f 2796 2798 2797
f 2797 2798 2800
f 2797 2800 2802
f 2802 2800 2803
f 2802 2803 2804
f 2804 2805 2806
f 2806 2805 2807
f 2806 2807 2808
f 2809 2810 2811
f 2811 2810 2812
f 2811 2812 2738
f 2812 2813 2738
f 2738 2813 2814
f 2738 2814 2739
f 2814 2815 2739
f 2739 2815 2816
f 2739 2816 2817
f 2816 2818 2817
f 2817 2818 2819
f 2817 2819 2820
f 2820 2819 2821
f 2821 2822 2820
f 2820 2822 2823
f 2820 2823 2824
f 2746 2825 2826
f 2825 2827 2826
f 2826 2827 2828
f 2826 2828 2829
f 2780 2830 2778
f 2778 2830 2831
f 2778 2831 2832
f 2832 2831 2833
f 2834 2835 2836
f 2836 2835 2837
f 2836 2837 2838
f 2838 2837 2839
f 2838 2839 2840
f 2840 2839 2841
f 2840 2841 2842
f 2842 2841 2843
f 2843 2841 2844
f 2843 2844 2845
f 2735 2846 2847
f 2848 2849 2850
f 2850 2849 2851
f 2850 2851 2852
f 2848 2853 2849
f 2849 2853 2854
f 2849 2854 2846
f 2846 2854 2855
f 2846 2855 2847
f 2856 2857 2858
f 2858 2857 2859
f 2858 2859 2860
f 2860 2859 2733
f 2860 2733 2861
f 2861 2733 2735
f 2861 2735 2862
f 2862 2735 2847
f 2863 2864 2865
f 2865 2864 2866
f 2865 2866 2867
f 2753 2726 2868
f 2758 2755 2756
f 2756 2755 2753
f 2756 2753 2869
f 2869 2753 2868
f 2863 2870 2864
f 2864 2870 2871
f 2864 2871 2726
f 2726 2871 2872
f 2726 2872 2868
f 2732 2731 2849
f 2873 2851 2874
f 2874 2851 2849
f 2874 2849 2875
f 2875 2849 2731
f 2873 2876 2851
f 2851 2876 2877
f 2851 2877 2878
f 2878 2877 2879
f 2878 2879 2747
f 2747 2879 2880
f 2881 2749 2882
f 2882 2749 2747
f 2882 2747 2883
f 2883 2747 2880
f 2846 2884 2885
f 2885 2884 2886
f 2885 2886 2819
f 2819 2886 2887
f 2819 2887 2821
f 2888 2735 2889
f 2889 2735 2734
f 2889 2734 2824
f 2824 2734 2736
f 2824 2736 2820
f 2888 2890 2735
f 2735 2890 2891
f 2735 2891 2846
f 2846 2891 2892
f 2846 2892 2884
f 2893 2894 2803
f 2803 2894 2895
f 2803 2895 2804
f 2804 2895 2896
f 2804 2896 2805
f 2897 2898 2811
f 2811 2898 2899
f 2811 2899 2900
f 2900 2899 2901
f 2897 2811 2902
f 2902 2811 2738
f 2902 2738 2808
f 2808 2738 2737
f 2808 2737 2806
f 2743 2784 2744
f 2744 2784 2786
f 2744 2786 2787
f 2787 2786 2903
f 2728 2727 2786
f 2786 2727 2904
f 2786 2904 2903
f 2793 2740 2794
f 2794 2740 2742
f 2794 2742 2792
f 2792 2742 2905
f 2792 2905 2906
f 2906 2905 2907
f 2906 2907 2908
f 2908 2907 2909
f 2908 2909 2729
f 2729 2909 2910
f 2729 2910 2727
f 2911 2912 2913
f 2913 2912 2914
f 2913 2914 2835
f 2835 2914 2915
f 2835 2915 2837
f 2774 2767 2913
f 2913 2767 2769
f 2913 2769 2911
f 2911 2769 2770
f 2911 2770 2916
f 2917 2918 2919
f 2833 2920 2832
f 2832 2920 2845
f 2832 2845 2921
f 2921 2845 2844
f 2921 2844 2922
f 2922 2844 2923
f 2922 2923 2924
f 2925 2926 2927
f 2927 2926 2928
f 2927 2928 2929
f 2929 2928 2930
f 2929 2930 2931
f 2931 2930 2932
f 2932 2930 2933
f 2932 2933 2934
f 2935 2936 2937
f 2937 2938 2935
f 2935 2938 2939
f 2935 2939 2940
f 2940 2939 2941
f 2940 2941 2942
f 2942 2941 2943
f 2942 2943 2934
f 2934 2943 2944
f 2934 2944 2932
f 2925 2945 2926
f 2926 2945 2946
f 2926 2946 2947
f 2947 2946 2948
f 2947 2948 2936
f 2936 2948 2949
f 2936 2949 2937
f 2950 2951 2933
f 2950 2933 2952
f 2790 2792 2953
f 2953 2792 2906
f 2953 2906 2951
f 2954 2955 2928
f 2818 2956 2819
f 2819 2956 2957
f 2819 2957 2885
f 2885 2957 2954
f 2785 2958 2786
f 2786 2958 2959
f 2786 2959 2728
f 2728 2959 2960
f 2728 2960 2961
f 2962 2963 2832
f 2832 2963 2964
f 2832 2964 2778
f 2778 2964 2965
f 2778 2965 2779
f 2774 2913 2772
f 2772 2913 2835
f 2772 2835 2966
f 2966 2835 2834
f 2966 2834 2780
f 2780 2834 2967
f 2780 2967 2830
f 2961 2962 2728
f 2728 2962 2832
f 2728 2832 2729
f 2729 2832 2921
f 2729 2921 2908
f 2908 2921 2922
f 2951 2906 2933
f 2933 2906 2908
f 2933 2908 2934
f 2934 2908 2922
f 2934 2922 2942
f 2942 2922 2924
f 2942 2924 2940
f 2968 2969 2919
f 2970 2971 2764
f 2969 2972 2919
f 2919 2972 2973
f 2919 2973 2974
f 2974 2973 2975
f 2971 2968 2764
f 2764 2968 2919
f 2764 2919 2770
f 2770 2919 2918
f 2770 2918 2916
f 2970 2764 2976
f 2976 2764 2762
f 2976 2762 2977
f 2975 2978 2974
f 2974 2978 2979
f 2974 2979 2762
f 2762 2979 2980
f 2762 2980 2977
f 2801 2981 2800
f 2800 2981 2982
f 2800 2982 2803
f 2803 2982 2900
f 2803 2900 2893
f 2893 2900 2901
f 2759 2983 2760
f 2760 2983 2867
f 2760 2867 2761
f 2761 2867 2866
f 2761 2866 2762
f 2762 2866 2864
f 2762 2864 2974
f 2981 2952 2982
f 2982 2952 2933
f 2982 2933 2900
f 2900 2933 2930
f 2900 2930 2811
f 2811 2930 2928
f 2811 2928 2809
f 2809 2928 2955
f 2954 2928 2885
f 2885 2928 2926
f 2885 2926 2846
f 2846 2926 2947
f 2846 2947 2849
f 2849 2947 2936
f 2849 2936 2732
f 2923 2917 2924
f 2924 2917 2919
f 2924 2919 2940
f 2940 2919 2974
f 2940 2974 2935
f 2935 2974 2864
f 2935 2864 2936
f 2936 2864 2726
f 2936 2726 2732
f 2732 2726 2749
f 2732 2749 2730
f 2730 2749 2881
f 2726 2725 2749
f 2749 2725 2984
f 2749 2984 2985
f 2985 2986 2749
f 2749 2986 2752
f 2749 2752 2751
f 2751 2752 2754
f 2986 2987 2752
f 2752 2987 2988
f 2752 2988 2753
f 2753 2988 2989
f 2753 2989 2990
f 2990 2991 2753
f 2753 2991 2992
f 2753 2992 2726
f 2726 2992 2993
f 2726 2993 2724
f 2746 2826 2747
f 2747 2826 2994
f 2747 2994 2878
f 2878 2994 2857
f 2878 2857 2851
f 2851 2857 2856
f 2851 2856 2852
f 2995 2996 2997
f 2998 2999 3000
f 3001 3002 3003
f 3004 3005 3006
f 3007 3008 3009
f 3010 3011 3012
f 3013 3014 3015
f 3016 3017 3018
f 3019 3020 3021
f 3022 3023 3024
f 3025 3026 3027
f 3028 3029 3030
f 3031 3032 3033
f 3034 3035 3036
f 3037 3038 3039
f 3040 3041 3042
f 3043 3044 3045
f 3046 3047 3048
f 3049 3050 3051
f 3052 3053 3054
f 3055 3056 3057
f 3058 3059 3060
f 3061 3062 3063
f 3064 3065 3066
f 3067 3068 3069
f 3070 3071 3072
f 3073 3074 3075
f 3076 3077 3078
f 3079 3080 3081
f 3082 3083 3084
f 3085 3086 3087
f 3088 3089 3090
f 3091 3092 3093
f 3094 3095 3096
f 3097 3098 3099
f 3100 3101 3102
f 3103 3104 3105
f 3106 3107 3108
f 3109 3110 3111
f 3112 3113 3114
f 3115 3116 3117
f 3118 3119 3120
f 3121 3122 3123
f 3124 3125 3126
f 3127 3128 3129
f 3130 3131 3132
f 3132 3131 3133
f 3134 3135 3136
f 3137 3138 3139
f 3140 3141 3142
f 3143 3144 3145
f 3146 3147 3148
f 3149 3150 3151
f 3152 3153 3154
f 3155 3156 3157
f 3158 3159 3160
f 3161 3162 3163
f 3164 3165 3166
f 3167 3168 3169
f 3170 3171 3172
f 3173 3174 3175
f 3176 3177 3178
f 3179 3180 3181
f 3182 3183 3184
f 3185 3186 3187
f 3188 3189 3190
f 3191 3192 3193
f 3194 3195 3196
f 3197 3198 3199
f 3200 3201 3202
f 3203 3204 3205
f 3206 3207 3208
f 3209 3210 3211
f 3212 3213 3214
f 3215 3216 3217
f 3218 3219 3220
f 3221 3222 3223
f 3224 3225 3226
f 3227 3228 3229
f 3230 3231 3232
f 3233 3234 3235
f 3236 3237 3238
f 3239 3240 3241
f 3242 3243 3244
f 3245 3246 3247
f 3248 3249 3250
f 3251 3252 3253
f 3254 3255 3256
f 3257 3258 3259
f 3260 3261 3262
f 3263 3264 3265
f 3266 3267 3268
f 3269 3270 3271
f 3272 3273 3274
f 3275 3276 3277
f 3278 3279 3280
f 3281 3282 3283
f 3284 3285 3286
f 3287 3288 3289
f 3290 3291 3292
f 3293 3294 3295
f 3296 3297 3298
f 3299 3300 3301
f 3301 3300 3302
f 3301 3302 3303
f 3303 3302 3304
f 3303 3304 3305
f 3305 3304 3306
f 3305 3306 3307
f 3307 3306 3296
f 3307 3296 3308
f 3308 3296 3298
f 3309 3310 3311
f 3309 3311 3312
f 3313 3314 3315
f 3316 3317 3318
f 3319 3320 3321
f 3322 3323 3324
f 3322 3324 3325
f 3326 3327 3328
f 3326 3328 3329
f 3330 3331 3332
f 3333 3334 3335
f 3336 3337 3338
f 3339 3340 3341
f 3339 3341 3342
f 3343 3344 3345
f 3343 3345 3346
f 3347 3348 3349
f 3350 3351 3352
f 3353 3354 3355
f 3356 3357 3358
f 3356 3358 3359
f 3360 3361 3362
f 3363 3364 3365
f 3366 3367 3368
f 3369 3370 3371
f 3372 3373 3374
f 3375 3376 3377
f 3378 3379 3380
f 3378 3380 3381
f 3382 3383 3384
f 3382 3384 3385
f 3386 3387 3388
f 3389 3390 3391
f 3392 3393 3394
f 3395 3396 3397
f 3397 3396 3398
f 3397 3398 3399
f 3399 3398 3388
f 3388 3398 3400
f 3388 3400 3386
f 3397 3401 3395
f 3395 3401 3402
f 3395 3402 3403
f 3403 3402 3404
f 3403 3404 3405
f 3405 3404 3406
f 3407 3408 3409
f 3410 3411 3412
f 3413 3414 3415
f 3416 3417 3418
f 3419 3420 3421
f 3422 3423 3424
f 3425 3426 3427
f 3425 3427 3428
f 3427 3429 3428
f 3428 3429 3430
f 3428 3430 3431
f 3431 3430 3432
f 3431 3432 3433
f 3434 3422 3435
f 3434 3435 3436
f 3423 3437 3438
f 3438 3439 3423
f 3423 3439 3440
f 3423 3440 3424
f 3424 3440 3441
f 3424 3441 3442
f 3442 3441 3443
f 3442 3443 3419
f 3444 3445 3437
f 3437 3445 3446
f 3437 3446 3438
f 3443 3447 3419
f 3419 3447 3448
f 3419 3448 3420
f 3420 3448 3449
f 3420 3449 3450
f 3421 3451 3452
f 3452 3451 3409
f 3452 3409 3453
f 3453 3409 3408
f 3408 3454 3453
f 3453 3454 3455
f 3453 3455 3456
f 3455 3416 3456
f 3456 3416 3418
f 3456 3418 3457
f 3457 3418 3458
f 3457 3458 3459
f 3460 3461 3462
f 3462 3461 3459
f 3462 3459 3463
f 3460 3464 3465
f 3466 3467 3468
f 3468 3467 3469
f 3468 3469 3470
f 3460 3465 3467
f 3467 3465 3471
f 3467 3471 3469
f 3413 3415 3472
f 3473 3474 3475
f 3476 3477 3478
f 3479 3480 3481
f 3473 3475 3482
f 3482 3475 3483
f 3482 3483 3484
f 3484 3483 3485
f 3484 3485 3486
f 3486 3485 3487
f 3486 3487 3488
f 3489 3490 3491
f 3492 3493 3494
f 3494 3493 3495
f 3494 3495 3496
f 3496 3495 3497
f 3496 3497 3498
f 3499 3500 3501
f 3501 3500 3502
f 3501 3502 3492
f 3492 3502 3503
f 3492 3503 3493
f 3504 3505 3506
f 3427 3507 3508
f 3427 3508 3509
f 3510 3409 3511
f 3511 3409 3451
f 3511 3451 3512
f 3512 3451 3421
f 3512 3421 3513
f 3513 3421 3420
f 3513 3420 3514
f 3514 3420 3515
f 3514 3515 3516
f 3516 3515 3517
f 3516 3517 3510
f 3510 3517 3409
f 3518 3519 3520
f 3520 3519 3521
f 3521 3519 3463
f 3521 3463 3522
f 3522 3463 3459
f 3522 3459 3523
f 3523 3459 3458
f 3523 3458 3524
f 3524 3458 3418
f 3524 3418 3525
f 3526 3466 3527
f 3527 3466 3468
f 3527 3468 3528
f 3528 3468 3529
f 3530 3531 3532
f 3532 3531 3533
f 3532 3533 3534
f 3534 3533 3535
f 3534 3535 3526
f 3526 3535 3536
f 3526 3536 3466
f 3537 3489 3487
f 3487 3489 3491
f 3487 3491 3488
f 3537 3487 3538
f 3538 3487 3485
f 3538 3485 3539
f 3540 3541 3542
f 3542 3541 3543
f 3543 3541 3544
f 3543 3544 3545
f 3546 3547 3548
f 3548 3547 3549
f 3549 3547 3550
f 3549 3550 3551
f 3551 3550 3552
f 3551 3552 3553
f 3553 3552 3501
f 3553 3501 3554
f 3554 3501 3492
f 3554 3492 3555
f 3555 3492 3494
f 3555 3494 3556
f 3556 3494 3557
f 3556 3557 3558
f 3422 3434 3423
f 3423 3434 3559
f 3423 3559 3437
f 3560 3561 3562
f 3562 3561 3563
f 3562 3563 3564
f 3564 3563 3436
f 3564 3436 3565
f 3565 3436 3435
f 3566 3567 3568
f 3566 3568 3569
f 3570 3571 3572
f 3572 3571 3573
f 3574 3575 3576
f 3577 3578 3579
f 3580 3581 3578
f 3578 3581 3582
f 3578 3582 3579
f 3583 3584 3585
f 3585 3584 3586
f 3585 3586 3580
f 3580 3586 3587
f 3580 3587 3581
f 3411 3410 3588
f 3589 3590 3591
f 3591 3590 3592
f 3593 3594 3531
f 3531 3594 3595
f 3595 3596 3531
f 3531 3596 3597
f 3531 3597 3533
f 3533 3597 3598
f 3533 3598 3535
f 3598 3599 3535
f 3535 3599 3600
f 3535 3600 3601
f 3601 3600 3602
f 3601 3602 3592
f 3592 3602 3603
f 3592 3603 3591
f 3496 3604 3494
f 3494 3604 3605
f 3494 3605 3557
f 3557 3605 3606
f 3607 3608 3609
f 3609 3608 3557
f 3609 3557 3610
f 3610 3557 3606
f 3607 3611 3608
f 3608 3611 3489
f 3608 3489 3612
f 3612 3489 3537
f 3497 3613 3498
f 3498 3613 3614
f 3498 3614 3615
f 3615 3614 3490
f 3615 3490 3616
f 3616 3490 3489
f 3616 3489 3617
f 3617 3489 3611
f 3407 3409 3618
f 3618 3409 3517
f 3618 3517 3619
f 3417 3620 3418
f 3418 3620 3518
f 3418 3518 3525
f 3525 3518 3520
f 3620 3621 3518
f 3518 3621 3622
f 3518 3622 3517
f 3517 3622 3623
f 3517 3623 3619
f 3470 3624 3468
f 3468 3624 3625
f 3468 3625 3529
f 3529 3625 3626
f 3529 3626 3627
f 3627 3626 3628
f 3464 3460 3629
f 3629 3460 3462
f 3629 3462 3630
f 3630 3462 3463
f 3630 3463 3631
f 3632 3633 3634
f 3635 3636 3637
f 3637 3636 3638
f 3637 3638 3639
f 3632 3634 3640
f 3640 3634 3641
f 3640 3641 3642
f 3638 3643 3639
f 3639 3643 3644
f 3639 3644 3540
f 3540 3644 3645
f 3642 3641 3646
f 3646 3641 3647
f 3646 3647 3648
f 3649 3650 3637
f 3637 3650 3634
f 3637 3634 3635
f 3635 3634 3633
f 3651 3472 3475
f 3475 3472 3415
f 3475 3415 3483
f 3483 3415 3652
f 3483 3652 3485
f 3485 3652 3653
f 3485 3653 3539
f 3539 3653 3654
f 3414 3649 3415
f 3415 3649 3637
f 3415 3637 3652
f 3652 3637 3639
f 3652 3639 3653
f 3653 3639 3540
f 3653 3540 3654
f 3654 3540 3542
f 3589 3593 3590
f 3590 3593 3531
f 3590 3531 3655
f 3655 3531 3656
f 3655 3656 3573
f 3573 3656 3576
f 3573 3576 3572
f 3572 3576 3575
f 3530 3528 3531
f 3531 3528 3529
f 3531 3529 3656
f 3656 3529 3627
f 3656 3627 3576
f 3576 3627 3577
f 3576 3577 3574
f 3574 3577 3579
f 3650 3601 3634
f 3634 3601 3592
f 3634 3592 3641
f 3641 3592 3590
f 3641 3590 3647
f 3647 3590 3655
f 3647 3655 3657
f 3657 3655 3573
f 3657 3573 3568
f 3568 3573 3571
f 3568 3571 3569
f 3569 3571 3570
f 3612 3545 3608
f 3608 3545 3544
f 3608 3544 3557
f 3557 3544 3546
f 3557 3546 3558
f 3558 3546 3548
f 3658 3583 3659
f 3659 3583 3585
f 3659 3585 3562
f 3562 3585 3437
f 3562 3437 3560
f 3560 3437 3559
f 3628 3631 3627
f 3627 3631 3463
f 3627 3463 3577
f 3577 3463 3519
f 3577 3519 3578
f 3578 3519 3518
f 3578 3518 3580
f 3580 3518 3517
f 3580 3517 3585
f 3585 3517 3515
f 3585 3515 3437
f 3437 3515 3420
f 3437 3420 3444
f 3444 3420 3450
f 3660 3430 3550
f 3550 3430 3429
f 3550 3429 3552
f 3552 3429 3427
f 3552 3427 3501
f 3501 3427 3509
f 3501 3509 3499
f 3660 3661 3430
f 3430 3661 3662
f 3430 3662 3432
f 3432 3662 3663
f 3432 3663 3664
f 3665 3666 3550
f 3550 3666 3667
f 3550 3667 3660
f 3664 3668 3432
f 3432 3668 3669
f 3432 3669 3670
f 3670 3669 3671
f 3670 3671 3672
f 3672 3665 3670
f 3670 3665 3550
f 3670 3550 3673
f 3673 3550 3547
f 3673 3547 3567
f 3567 3547 3546
f 3567 3546 3568
f 3568 3546 3544
f 3568 3544 3657
f 3657 3544 3541
f 3657 3541 3647
f 3647 3541 3540
f 3647 3540 3648
f 3648 3540 3645
f 3566 3412 3567
f 3567 3412 3411
f 3567 3411 3673
f 3673 3411 3588
f 3673 3588 3670
f 3670 3588 3674
f 3670 3674 3432
f 3432 3674 3675
f 3432 3675 3433
f 3433 3675 3676
f 3410 3658 3588
f 3588 3658 3659
f 3588 3659 3674
f 3674 3659 3562
f 3674 3562 3675
f 3675 3562 3564
f 3675 3564 3676
f 3676 3564 3565
f 3677 3678 3679
f 3679 3678 3680
f 3681 3682 3683
f 3681 3683 3684
f 3685 3686 3687
f 3685 3687 3688
f 3689 3690 3691
f 3689 3691 3692
f 3693 3694 3695
f 3696 3697 3698
f 3699 3700 3701
f 3699 3701 3702
f 3703 3704 3705
f 3705 3704 3706
f 3707 3708 3709
f 3709 3708 3710
f 3711 3712 3713
f 3713 3712 3714
f 3715 3716 3717
f 3717 3716 3718
f 3719 3720 3721
f 3721 3720 3722
f 3723 3724 3725
f 3725 3724 3726
f 3727 3728 3729
f 3727 3729 3730
f 3731 3732 3733
f 3731 3733 3734
f 3735 3736 3737
f 3737 3736 3738
f 3739 3740 3741
f 3741 3740 3742
f 3743 3744 3745
f 3745 3744 3746
f 3747 3748 3749
f 3747 3749 3750
f 3751 3752 3753
f 3751 3753 3754
f 3755 3756 3757
f 3758 3759 3760
f 3761 3762 3763
f 3764 3765 3766
f 3767 3768 3769
f 3770 3771 3772
f 3773 3774 3775
f 3775 3774 3776
f 3777 3778 3779
f 3780 3781 3782
f 3783 3784 3785
f 3786 3787 3788
f 3789 3790 3791
f 3792 3793 3794
f 3795 3796 3797
f 3798 3799 3800
f 3801 3802 3803
f 3803 3802 3804
f 3803 3804 3805
f 3806 3807 3783
f 3806 3783 3808
f 3808 3783 3785
f 3809 3810 3811
f 3812 3813 3814
f 3815 3816 3817
f 3818 3819 3820
f 3820 3819 3821
f 3822 3821 3823
f 3823 3821 3786
f 3824 3825 3826
f 3826 3825 3827
f 3828 3829 3830
f 3830 3829 3831
f 3832 3833 3834
f 3834 3833 3835
f 3836 3837 3838
f 3838 3837 3839
f 3840 3841 3842
f 3842 3841 3843
f 3844 3845 3846
f 3846 3845 3847
f 3848 3849 3850
f 3850 3849 3851
f 3852 3853 3854
f 3854 3853 3855
f 3856 3857 3858
f 3858 3857 3859
f 3860 3861 3862
f 3862 3861 3863
f 3864 3865 3866
f 3866 3865 3867
f 3868 3869 3870
f 3870 3869 3871
f 3872 3873 3874
f 3874 3873 3875
f 3876 3877 3878
f 3879 3880 3881
f 3882 3883 3884
f 3884 3883 3885
f 3886 3876 3887
f 3888 3876 3878
f 3887 3878 3884
f 3884 3878 3889
f 3890 3891 3892
f 3882 3889 3893
f 3894 3895 3896
f 3896 3895 3897
f 3898 3899 3900
f 3900 3899 3901
f 3902 3903 3904
f 3904 3903 3905
f 3906 3907 3908
f 3908 3907 3909
f 3910 3911 3912
f 3912 3911 3913
f 3914 3915 3916
f 3916 3915 3917
f 3918 3919 3920
f 3918 3920 3921
f 3922 3923 3924
f 3924 3923 3925
f 3924 3925 3926
f 3927 3928 3922
f 3922 3928 3929
f 3922 3929 3923
f 3925 3930 3926
f 3926 3930 3931
f 3926 3931 3918
f 3918 3931 3932
f 3918 3932 3919
f 3920 3933 3921
f 3921 3933 3934
f 3921 3934 3927
f 3927 3934 3935
f 3927 3935 3928
f 3936 3937 3938
f 3938 3937 3939
f 3940 3941 3942
f 3942 3941 3943
f 3944 3945 3946
f 3946 3945 3947
f 3948 3949 3950
f 3950 3949 3951
f 3952 3953 3954
f 3954 3953 3955
f 3956 3957 3958
f 3958 3957 3959
f 3960 3961 3962
f 3962 3961 3963
f 3964 3965 3966
f 3963 3967 3962
f 3962 3967 3968
f 3962 3968 3965
f 3965 3968 3969
f 3965 3969 3966
f 3966 3970 3964
f 3964 3970 3971
f 3964 3971 3972
f 3971 3973 3972
f 3972 3973 3974
f 3972 3974 3975
f 3975 3974 3976
f 3975 3976 3960
f 3960 3976 3977
f 3960 3977 3961
f 3978 3979 3980
f 3980 3979 3981
f 3982 3983 3984
f 3984 3983 3985
f 3986 3987 3988
f 3988 3987 3989
f 3990 3991 3992
f 3992 3991 3993
f 3994 3995 3996
f 3996 3995 3997
f 3998 3999 4000
f 4000 3999 4001
f 4002 4003 4004
f 4005 4006 4007
f 4007 4006 4002
f 4007 4002 4008
f 4008 4002 4004
f 4009 4010 4011
f 4011 4012 4009
f 4009 4012 4013
f 4009 4013 4014
f 4014 4013 4015
f 4014 4015 4003
f 4003 4015 4016
f 4003 4016 4004
f 4005 4017 4006
f 4006 4017 4018
f 4006 4018 4010
f 4010 4018 4019
f 4010 4019 4011
f 4020 4021 4022
f 4022 4021 4023
f 4024 4025 4026
f 4026 4025 4027
f 4026 4027 4028
f 4029 4030 4031
f 4031 4030 4032
f 4033 4034 4035
f 4035 4034 4036
f 4037 4038 4039
f 4039 4038 4040
f 4039 4040 4041
f 4042 4043 4044
f 4044 4043 4045
f 4046 4047 4048
f 4049 4050 4051
f 4046 4048 4052
f 4049 4051 4053
f 4053 4051 4054
f 4053 4054 4055
f 4054 4056 4055
f 4055 4056 4057
f 4055 4057 4046
f 4046 4057 4058
f 4046 4058 4047
f 4048 4059 4052
f 4052 4059 4060
f 4052 4060 4061
f 4061 4060 4062
f 4061 4062 4049
f 4049 4062 4063
f 4049 4063 4050
f 4064 4065 4066
f 4066 4065 4067
f 4066 4067 4068
f 4069 4070 4071
f 4071 4070 4072
f 4073 4074 4075
f 4075 4074 4076
f 4077 4078 4079
f 4079 4078 4080
f 4079 4080 4081
f 4082 4083 4084
f 4084 4083 4085
f 4086 4087 4088
f 4088 4087 4089
f 4090 4091 4092
f 4092 4091 4093
f 4094 4095 4096
f 4093 4097 4092
f 4092 4097 4098
f 4092 4098 4099
f 4096 4100 4094
f 4094 4100 4101
f 4094 4101 4090
f 4090 4101 4102
f 4090 4102 4091
f 4098 4103 4099
f 4099 4103 4104
f 4099 4104 4105
f 4105 4104 4106
f 4105 4106 4095
f 4095 4106 4107
f 4095 4107 4096
f 4108 4109 4110
f 4110 4109 4111
f 4112 4113 4114
f 4114 4113 4115
f 4116 4117 4118
f 4118 4117 4119
f 4120 4121 4122
f 4122 4121 4123
f 4124 4125 4126
f 4126 4125 4127
f 4128 4129 4130
f 4130 4129 4131
f 4132 4133 4134
f 4135 4136 4137
f 4135 4137 4138
f 4137 4139 4138
f 4138 4139 4140
f 4138 4140 4141
f 4134 4142 4132
f 4132 4142 4143
f 4132 4143 4135
f 4135 4143 4144
f 4135 4144 4136
f 4140 4145 4141
f 4141 4145 4146
f 4141 4146 4147
f 4147 4146 4148
f 4147 4148 4133
f 4133 4148 4149
f 4133 4149 4134
f 4150 4151 4152
f 4153 4154 4155
f 4153 4155 4156
f 4157 4158 4159
f 4157 4159 4160
f 4161 4162 4163
f 4161 4163 4164
f 4165 4166 4167
f 4165 4167 4168
f 4169 4170 4171
f 4169 4171 4172
f 4173 4174 4175
f 4173 4175 4176
f 4177 4178 4179
f 4177 4179 4180
f 4181 4182 4183
f 4181 4183 4184
f 4185 4186 4187
f 4185 4187 4188
f 4189 4190 4191
f 4189 4191 4192
f 4193 4194 4195
f 4193 4195 4196
f 4197 4198 4199
f 4197 4199 4200
f 4201 4202 4203
f 4201 4203 4204
f 4205 4206 4207
f 4205 4207 4208
f 4209 4210 4211
f 4212 4213 4214
f 4215 4216 4217
f 4217 4216 4218
f 4217 4218 4219
f 4220 4221 4217
f 4217 4221 4222
f 4217 4222 4215
f 4223 4224 4217
f 4217 4224 4225
f 4217 4225 4220
f 4226 4227 4217
f 4217 4227 4228
f 4217 4228 4223
f 4219 4229 4217
f 4217 4229 4230
f 4217 4230 4226
f 4231 4232 4233
f 4233 4232 4234
f 4235 4236 4237
f 4237 4236 4238
f 4239 4240 4241
f 4241 4240 4242
f 4243 4244 4245
f 4245 4244 4246
f 4247 4248 4249
f 4249 4248 4250
f 4251 4252 4253
f 4253 4252 4254
f 4255 4256 4257
f 4257 4256 4258
f 4259 4260 4261
f 4261 4260 4262
f 4263 4264 4265
f 4265 4264 4266
f 4267 4268 4269
f 4269 4268 4270
f 4271 4272 4273
f 4273 4272 4274
f 4275 4276 4277
f 4277 4276 4278
f 4279 4280 4281
f 4281 4280 4282
f 4283 4284 4285
f 4285 4284 4286
f 4287 4288 4289
f 4289 4288 4290
f 4291 4292 4293
f 4293 4292 4294
f 4295 4296 4297
f 4297 4296 4298
f 4299 4300 4301
f 4301 4300 4302
f 4303 4304 4305
f 4305 4304 4306
f 4307 4308 4309
f 4309 4308 4310
f 4311 4312 4313
f 4313 4312 4314
f 4315 4316 4317
f 4317 4316 4318
f 4319 4320 4321
f 4321 4320 4322
f 4323 4324 4325
f 4325 4324 4326
f 4327 4328 4329
f 4329 4328 4330
f 4331 4332 4333
f 4333 4332 4334
f 4335 4336 4337
f 4337 4336 4338
f 4339 4340 4341
f 4341 4340 4342
f 4343 4344 4345
f 4345 4344 4346
f 4347 4348 4349
f 4349 4348 4350
f 4351 4352 4353
f 4353 4352 4354
f 4355 4356 4357
f 4357 4356 4358
f 4359 4360 4361
f 4361 4360 4362
f 4363 4364 4365
f 4365 4364 4366
f 4367 4368 4369
f 4369 4368 4370
f 4371 4372 4373
f 4373 4372 4374
f 4375 4376 4377
f 4377 4376 4378
f 4377 4378 4379
f 4379 4378 4380
f 4379 4380 4381
f 4381 4380 4382
f 4381 4382 4383
f 4383 4382 4384
f 4383 4384 4385
f 4385 4384 4386
f 4385 4386 4387
f 4387 4386 4388
f 4387 4388 4389
f 4389 4388 4390
f 4389 4390 4391
f 4391 4390 4392
f 4391 4392 4393
f 4393 4392 4394
f 4393 4394 4395
f 4395 4394 4396
f 4395 4396 4397
f 4397 4396 4398
f 4397 4398 4375
f 4375 4398 4376
f 4399 4400 4401
f 4401 4400 4402
f 4403 4404 4405
f 4405 4404 4406
f 4407 4408 4409
f 4409 4408 4410
f 4411 4412 4413
f 4413 4412 4414
f 4415 4416 4417
f 4417 4416 4418
f 4419 4420 4421
f 4421 4420 4422
f 4423 4424 4425
f 4425 4424 4426
f 4427 4428 4429
f 4429 4428 4430
f 4431 4432 4433
f 4433 4432 4434
f 4435 4436 4437
f 4437 4436 4438
f 4439 4440 4441
f 4441 4440 4442
f 4443 4444 4445
f 4445 4444 4446
f 4447 4448 4449
f 4449 4448 4450
f 4451 4452 4453
f 4453 4452 4454
f 4455 4456 4457
f 4457 4456 4458
f 4459 4460 4461
f 4461 4460 4462
f 4463 4464 4465
f 4465 4464 4466
f 4467 4468 4469
f 4469 4468 4470
f 4471 4472 4473
f 4473 4472 4474
f 4475 4476 4477
f 4477 4476 4478
f 4479 4480 4481
f 4481 4480 4482
f 4483 4484 4485
f 4485 4484 4486
f 4487 4488 4489
f 4489 4488 4490
f 4491 4492 4493
f 4493 4492 4494
f 4495 4496 4497
f 4497 4496 4498
f 4497 4498 4499
f 4499 4498 4500
f 4499 4500 4501
f 4501 4500 4502
f 4501 4502 4503
f 4503 4502 4504
f 4503 4504 4505
f 4505 4504 4506
f 4505 4506 4507
f 4507 4506 4508
f 4507 4508 4509
f 4509 4508 4510
f 4509 4510 4511
f 4511 4510 4512
f 4511 4512 4513
f 4513 4512 4514
f 4513 4514 4515
f 4515 4514 4516
f 4515 4516 4517
f 4517 4516 4518
f 4517 4518 4495
f 4495 4518 4496
f 4519 4520 4521
f 4521 4520 4522
f 4523 4524 4525
f 4525 4524 4526
f 4527 4528 4529
f 4529 4528 4530
f 4531 4532 4533
f 4533 4532 4534
f 4535 4536 4537
f 4537 4536 4538
f 4539 4540 4541
f 4541 4540 4542
f 4543 4544 4545
f 4545 4544 4546
f 4547 4548 4549
f 4549 4548 4550
f 4551 4552 4553
f 4553 4552 4554
f 4555 4556 4557
f 4557 4556 4558
f 4559 4560 4561
f 4561 4560 4562
f 4563 4564 4565
f 4565 4564 4566
f 4567 4568 4569
f 4569 4568 4570
f 4571 4572 4573
f 4573 4572 4574
f 4575 4576 4577
f 4577 4576 4578
f 4579 4580 4581
f 4581 4580 4582
f 4583 4584 4585
f 4585 4584 4586
f 4587 4588 4589
f 4589 4588 4590
f 4591 4592 4593
f 4593 4592 4594
f 4595 4596 4597
f 4597 4596 4598
f 4599 4600 4601
f 4601 4600 4602
f 4603 4604 4605
f 4605 4604 4606
f 4607 4608 4609
f 4609 4608 4610
f 4611 4612 4613
f 4613 4612 4614
f 4615 4616 4617
f 4617 4616 4618
f 4617 4618 4619
f 4619 4618 4620
f 4619 4620 4621
f 4621 4620 4622
f 4621 4622 4623
f 4623 4622 4624
f 4623 4624 4625
f 4625 4624 4626
f 4625 4626 4627
f 4627 4626 4628
f 4627 4628 4629
f 4629 4628 4630
f 4629 4630 4631
f 4631 4630 4632
f 4631 4632 4633
f 4633 4632 4634
f 4633 4634 4635
f 4635 4634 4636
f 4635 4636 4637
f 4637 4636 4638
f 4637 4638 4615
f 4615 4638 4616
f 4639 4640 4641
f 4641 4640 4642
f 4643 4644 4645
f 4645 4644 4646
f 4647 4648 4649
f 4649 4648 4650
f 4651 4652 4653
f 4653 4652 4654
f 4655 4656 4657
f 4657 4656 4658
f 4659 4660 4661
f 4661 4660 4662
f 4663 4664 4665
f 4665 4664 4666
f 4667 4668 4669
f 4669 4668 4670
f 4671 4672 4673
f 4673 4672 4674
f 4675 4676 4677
f 4677 4676 4678
f 4679 4680 4681
f 4681 4680 4682
f 4683 4684 4685
f 4685 4684 4686
f 4687 4688 4689
f 4689 4688 4690
f 4691 4692 4693
f 4693 4692 4694
f 4695 4696 4697
f 4697 4696 4698
f 4699 4700 4701
f 4701 4700 4702
f 4703 4704 4705
f 4705 4704 4706
f 4707 4708 4709
f 4709 4708 4710
f 4711 4712 4713
f 4713 4712 4714
f 4715 4716 4717
f 4717 4716 4718
f 4719 4720 4721
f 4721 4720 4722
f 4723 4724 4725
f 4725 4724 4726
f 4727 4728 4729
f 4729 4728 4730
f 4731 4732 4733
f 4733 4732 4734
f 4735 4736 4737
f 4737 4736 4738
f 4737 4738 4739
f 4739 4738 4740
f 4739 4740 4741
f 4741 4740 4742
f 4741 4742 4743
f 4743 4742 4744
f 4743 4744 4745
f 4745 4744 4746
f 4745 4746 4747
f 4747 4746 4748
f 4747 4748 4749
f 4749 4748 4750
f 4749 4750 4751
f 4751 4750 4752
f 4751 4752 4753
f 4753 4752 4754
f 4753 4754 4755
f 4755 4754 4756
f 4755 4756 4757
f 4757 4756 4758
f 4757 4758 4735
f 4735 4758 4736
f 4759 4760 4761
f 4761 4760 4762
f 4763 4764 4765
f 4765 4764 4766
f 4767 4768 4769
f 4769 4768 4770
f 4771 4772 4773
f 4773 4772 4774
f 4775 4776 4777
f 4777 4776 4778
f 4779 4780 4781
f 4781 4780 4782
f 4783 4784 4785
f 4785 4784 4786
f 4787 4788 4789
f 4789 4788 4790
f 4791 4792 4793
f 4793 4792 4794
f 4795 4796 4797
f 4797 4796 4798
f 4799 4800 4801
f 4801 4800 4802
f 4803 4804 4805
f 4805 4804 4806
f 4807 4808 4809
f 4809 4808 4810
f 4811 4812 4813
f 4813 4812 4814
f 4815 4816 4817
f 4817 4816 4818
f 4819 4820 4821
f 4821 4820 4822
f 4823 4824 4825
f 4825 4824 4826
f 4827 4828 4829
f 4829 4828 4830
f 4831 4832 4833
f 4833 4832 4834
f 4835 4836 4837
f 4837 4836 4838
f 4839 4840 4841
f 4841 4840 4842
f 4843 4844 4845
f 4845 4844 4846
f 4847 4848 4849
f 4849 4848 4850
f 4851 4852 4853
f 4853 4852 4854
f 4855 4856 4857
f 4857 4856 4858
f 4857 4858 4859
f 4859 4858 4860
f 4859 4860 4861
f 4861 4860 4862
f 4861 4862 4863
f 4863 4862 4864
f 4863 4864 4865
f 4865 4864 4866
f 4865 4866 4867
f 4867 4866 4868
f 4867 4868 4869
f 4869 4868 4870
f 4869 4870 4871
f 4871 4870 4872
f 4871 4872 4873
f 4873 4872 4874
f 4873 4874 4875
f 4875 4874 4876
f 4875 4876 4877
f 4877 4876 4878
f 4877 4878 4855
f 4855 4878 4856
f 4879 4880 4881
f 4881 4880 4882
f 4883 4884 4885
f 4885 4884 4886
f 4887 4888 4889
f 4889 4888 4890
f 4891 4892 4893
f 4893 4892 4894
f 4895 4896 4897
f 4897 4896 4898
f 4899 4900 4901
f 4901 4900 4902
f 4903 4904 4905
f 4905 4904 4906
f 4907 4908 4909
f 4909 4908 4910
f 4911 4912 4913
f 4913 4912 4914
f 4915 4916 4917
f 4917 4916 4918
f 4919 4920 4921
f 4921 4920 4922
f 4923 4924 4925
f 4925 4924 4926
f 4927 4928 4929
f 4929 4928 4930
f 4931 4932 4933
f 4933 4932 4934
f 4935 4936 4937
f 4937 4936 4938
f 4939 4940 4941
f 4941 4940 4942
f 4943 4944 4945
f 4945 4944 4946
f 4947 4948 4949
f 4949 4948 4950
f 4951 4952 4953
f 4953 4952 4954
f 4955 4956 4957
f 4957 4956 4958
f 4959 4960 4961
f 4961 4960 4962
f 4963 4964 4965
f 4965 4964 4966
f 4967 4968 4969
f 4969 4968 4970
f 4971 4972 4973
f 4973 4972 4974
f 4975 4976 4977
f 4977 4976 4978
f 4977 4978 4979
f 4979 4978 4980
f 4979 4980 4981
f 4981 4980 4982
f 4981 4982 4983
f 4983 4982 4984
f 4983 4984 4985
f 4985 4984 4986
f 4985 4986 4987
f 4987 4986 4988
f 4987 4988 4989
f 4989 4988 4990
f 4989 4990 4991
f 4991 4990 4992
f 4991 4992 4993
f 4993 4992 4994
f 4993 4994 4995
f 4995 4994 4996
f 4995 4996 4997
f 4997 4996 4998
f 4997 4998 4975
f 4975 4998 4976
f 4999 5000 5001
f 5001 5000 5002
f 5003 5004 5005
f 5005 5004 5006
f 5007 5008 5009
f 5009 5008 5010
f 5011 5012 5013
f 5013 5012 5014
f 5015 5016 5017
f 5017 5016 5018
f 5019 5020 5021
f 5021 5020 5022
f 5023 5024 5025
f 5025 5024 5026
f 5027 5028 5029
f 5029 5028 5030
f 5031 5032 5033
f 5033 5032 5034
f 5035 5036 5037
f 5037 5036 5038
f 5039 5040 5041
f 5041 5040 5042
f 5043 5044 5045
f 5045 5044 5046
f 5047 5048 5049
f 5049 5048 5050
f 5049 5050 5051
f 5052 5053 5049
f 5049 5053 5054
f 5049 5054 5047
f 5055 5056 5049
f 5049 5056 5057
f 5049 5057 5052
f 5058 5059 5049
f 5049 5059 5060
f 5049 5060 5055
f 5051 5061 5049
f 5049 5061 5062
f 5049 5062 5058
f 5063 5064 5065
f 5065 5064 5066
f 5067 5068 5069
f 5069 5068 5070
f 5071 5072 5073
f 5073 5072 5074
f 5075 5076 5077
f 5077 5076 5078
f 5079 5080 5081
f 5081 5080 5082
f 5083 5084 5085
f 5085 5084 5086
f 5087 5088 5089
f 5089 5088 5090
f 5091 5092 5093
f 5093 5092 5094
f 5095 5096 5097
f 5097 5096 5098
f 5099 5100 5101
f 5101 5100 5102
f 5103 5104 5105
f 5105 5104 5106
f 5107 5108 5109
f 5109 5108 5110
f 5111 5112 5113
f 5113 5112 5114
f 5115 5116 5117
f 5117 5116 5118
f 5119 5120 5121
f 5121 5120 5122
f 5123 5124 5125
f 5125 5124 5126
f 5127 5128 5129
f 5129 5128 5130
f 5131 5132 5133
f 5133 5132 5134
f 5135 5136 5137
f 5137 5136 5138
f 5139 5140 5141
f 5141 5140 5142
f 5143 5144 5145
f 5145 5144 5146
f 5147 5148 5149
f 5149 5148 5150
f 5151 5152 5153
f 5153 5152 5154
f 5155 5156 5157
f 5157 5156 5158
f 5159 5160 5161
f 5161 5160 5162
f 5163 5164 5165
f 5165 5164 5166
f 5167 5168 5169
f 5169 5168 5170
f 5171 5172 5173
f 5173 5172 5174
f 5175 5176 5177
f 5177 5176 5178
f 5179 5180 5181
f 5181 5180 5182
f 5183 5184 5185
f 5185 5184 5186
f 5187 5188 5189
f 5189 5188 5190
f 5191 5192 5193
f 5193 5192 5194
f 5195 5196 5197
f 5197 5196 5198
f 5199 5200 5201
f 5201 5200 5202
f 5203 5204 5205
f 5205 5204 5206
f 5207 5208 5209
f 5209 5208 5210
f 5211 5212 5213
f 5213 5212 5214
f 5215 5216 5217
f 5217 5216 5218
f 5219 5220 5221
f 5221 5220 5222
f 5223 5224 5225
f 5225 5224 5226
f 5227 5228 5229
f 5229 5228 5230
f 5231 5232 5233
f 5233 5232 5234
f 5235 5236 5237
f 5237 5236 5238
f 5239 5240 5241
f 5241 5240 5242
f 5243 5244 5245
f 5245 5244 5246
f 5247 5248 5249
f 5249 5248 5250
f 5251 5252 5253
f 5253 5252 5254
f 5255 5256 5257
f 5257 5256 5258
f 5259 5260 5261
f 5261 5260 5262
f 5263 5264 5265
f 5265 5264 5266
f 5267 5268 5269
f 5269 5268 5270
f 5271 5272 5273
f 5273 5272 5274
f 5275 5276 5277
f 5277 5276 5278
f 5279 5280 5281
f 5281 5280 5282
f 5283 5284 5285
f 5285 5284 5286
f 5287 5288 5289
f 5289 5288 5290
f 5291 5292 5293
f 5293 5292 5294
f 5295 5296 5297
f 5297 5296 5298
f 5299 5300 5301
f 5301 5300 5302
f 5303 5304 5305
f 5305 5304 5306
f 5307 5308 5309
f 5309 5308 5310
f 5311 5312 5313
f 5313 5312 5314
f 5315 5316 5317
f 5317 5316 5318
f 5319 5320 5321
f 5321 5320 5322
f 5323 5324 5325
f 5325 5324 5326
f 5327 5328 5329
f 5329 5328 5330
f 5331 5332 5333
f 5333 5332 5334
f 5335 5336 5337
f 5337 5336 5338
f 5339 5340 5341
f 5341 5340 5342
f 5343 5344 5345
f 5345 5344 5346
f 5347 5348 5349
f 5349 5348 5350
f 5351 5352 5353
f 5353 5352 5354
f 5355 5356 5357
f 5357 5356 5358
f 5359 5360 5361
f 5361 5360 5362
f 5363 5364 5365
f 5365 5364 5366
f 5367 5368 5369
f 5369 5368 5370
f 5371 5372 5373
f 5373 5372 5374
f 5375 5376 5377
f 5378 5379 5380
f 5381 5382 5383
f 5384 5385 5386
f 5387 5388 5389
f 5390 5391 5392
f 5393 5394 5395
f 5396 5397 5398
f 5399 5400 5401
f 5402 5403 5404
f 5405 5406 5407
f 5407 5406 5408
f 5409 5410 5411
f 5411 5410 5412
f 5413 5414 5415
f 5415 5414 5416
f 5417 5418 5419
f 5419 5418 5420
f 5421 5422 5423
f 5423 5422 5424
f 5425 5426 5427
f 5427 5426 5428
f 5429 5430 5431
f 5431 5430 5432
f 5433 5434 5435
f 5436 5437 5438
f 5439 5440 5441
f 5442 5443 5444
f 5445 5446 5447
f 5448 5449 5450
f 5451 5452 5453
f 5454 5455 5456
f 5457 5458 5459
f 5460 5461 5462
f 5463 5464 5465
f 5465 5464 5466
f 5467 5468 5469
f 5469 5468 5470
f 5471 5472 5473
f 5473 5472 5474
f 5475 5476 5477
f 5477 5476 5478
f 5479 5480 5481
f 5481 5480 5482
f 5483 5484 5485
f 5485 5484 5486
f 5487 5488 5489
f 5489 5488 5490
f 5491 5492 5493
f 5493 5492 5494
f 5495 5496 5497
f 5497 5496 5498
f 5499 5500 5501
f 5501 5500 5502
f 5503 5504 5505
f 5505 5504 5506
f 5507 5508 5509
f 5509 5508 5510
f 5511 5512 5513
f 5513 5512 5514
f 5515 5516 5517
f 5517 5516 5518
f 5519 5520 5521
f 5521 5520 5522
f 5523 5524 5525
f 5525 5524 5526
f 5527 5528 5529
f 5529 5528 5530
f 5531 5532 5533
f 5533 5532 5534
f 5535 5536 5537
f 5537 5536 5538
f 5539 5540 5541
f 5541 5540 5542
f 5543 5544 5545
f 5545 5544 5546
f 5547 5548 5549
f 5549 5548 5550
f 5551 5552 5553
f 5553 5552 5554
f 5555 5556 5557
f 5557 5556 5558
f 5559 5560 5561
f 5561 5560 5562
f 5563 5564 5565
f 5565 5564 5566
f 5567 5568 5569
f 5569 5568 5570
f 5571 5572 5573
f 5573 5572 5574
f 5575 5576 5577
f 5577 5576 5578
f 5579 5580 5581
f 5581 5580 5582
f 5583 5584 5585
f 5585 5584 5586
f 5587 5588 5589
f 5589 5588 5590
f 5591 5592 5593
f 5593 5592 5594
f 5595 5596 5597
f 5597 5596 5598
f 5599 5600 5601
f 5601 5600 5602
f 5603 5604 5605
f 5605 5604 5606
f 5607 5608 5609
f 5609 5608 5610
f 5611 5612 5613
f 5613 5612 5614
f 5615 5616 5617
f 5617 5616 5618
f 5619 5620 5621
f 5621 5620 5622
f 5623 5624 5625
f 5625 5624 5626
f 5627 5628 5629
f 5629 5628 5630
f 5631 5632 5633
f 5633 5632 5634
f 5635 5636 5637
f 5637 5636 5638
f 5639 5640 5641
f 5641 5640 5642
f 5643 5644 5645
f 5645 5644 5646
f 5647 5648 5649
f 5649 5648 5650
f 5651 5652 5653
f 5653 5652 5654
f 5655 5656 5657
f 5657 5656 5658
f 5659 5660 5661
f 5661 5660 5662
f 5663 5664 5665
f 5665 5664 5666
f 5667 5668 5669
f 5669 5668 5670
f 5671 5672 5673
f 5673 5672 5674
f 5675 5676 5677
f 5677 5676 5678
f 5679 5680 5681
f 5681 5680 5682
f 5683 5684 5685
f 5685 5684 5686
f 5687 5688 5689
f 5689 5688 5690
f 5691 5692 5693
f 5693 5692 5694
f 5695 5696 5697
f 5697 5696 5698
f 5699 5700 5701
f 5701 5700 5702
f 5703 5704 5705
f 5705 5704 5706
f 5707 5708 5709
f 5709 5708 5710
f 5711 5712 5713
f 5713 5712 5714
f 5715 5716 5717
f 5717 5716 5718
f 5719 5720 5721
f 5721 5720 5722
f 5723 5724 5725
f 5725 5724 5726
f 5727 5728 5729
f 5729 5728 5730
f 5731 5732 5733
f 5733 5732 5734
f 5735 5736 5737
f 5737 5736 5738
f 5739 5740 5741
f 5741 5740 5742
f 5743 5744 5745
f 5745 5744 5746
f 5747 5748 5749
f 5749 5748 5750
f 5751 5752 5753
f 5753 5752 5754
f 5755 5756 5757
f 5757 5756 5758
f 5759 5760 5761
f 5761 5760 5762
f 5763 5764 5765
f 5765 5764 5766
f 5767 5768 5769
f 5769 5768 5770
f 5771 5772 5773
f 5773 5772 5774
f 5775 5776 5777
f 5777 5776 5778
f 5779 5780 5781
f 5781 5780 5782
f 5783 5784 5785
f 5785 5784 5786
f 5787 5788 5789
f 5789 5788 5790
f 5791 5792 5793
f 5793 5792 5794
f 5795 5796 5797
f 5797 5796 5798
f 5799 5800 5801
f 5801 5800 5802
f 5803 5804 5805
f 5805 5804 5806
f 5807 5808 5809
f 5809 5808 5810
f 5811 5812 5813
f 5813 5812 5814
f 5815 5816 5817
f 5817 5816 5818
f 5819 5820 5821
f 5821 5820 5822
f 5823 5824 5825
f 5825 5824 5826
f 5827 5828 5829
f 5829 5828 5830
f 5831 5832 5833
f 5833 5832 5834
f 5835 5836 5837
f 5837 5836 5838
f 5839 5840 5841
f 5841 5840 5842
f 5843 5844 5845
f 5845 5844 5846
f 5847 5848 5849
f 5849 5848 5850
f 5851 5852 5853
f 5853 5852 5854
f 5855 5856 5857
f 5857 5856 5858
f 5859 5860 5861
f 5861 5860 5862
f 5863 5864 5865
f 5866 5867 5868
f 5863 5865 5869
f 5870 5871 5872
f 5870 5872 5873
f 5874 5875 5876
f 5874 5876 5877
f 5878 5866 5868
f 5878 5868 5879
f 5880 5881 5882
f 5880 5882 5883
f 5884 5885 5886
f 5884 5886 5887
f 5888 5889 5890
f 5888 5890 5891
f 5892 5893 5894
f 5892 5894 5895
f 5896 5897 5898
f 5898 5897 5899
f 5900 5901 5902
f 5903 5904 5905
f 5906 5907 5908
f 5909 5910 5911
f 5912 5913 5914
f 5915 5916 5917
f 5918 5919 5920
f 5921 5922 5923
f 5924 5925 5926
f 5927 5928 5929
f 5930 5931 5932
f 5933 5934 5935
f 5936 5937 5938
f 5939 5940 5941
f 5942 5943 5944
f 5945 5946 5947
f 5948 5949 5950
f 5951 5952 5953
f 5954 5955 5956
f 5956 5955 5957
f 5958 5959 5960
f 5960 5959 5961
f 5962 5963 5964
f 5964 5963 5965
f 5966 5967 5968
f 5968 5967 5969
f 5970 5971 5972
f 5972 5971 5973
f 5974 5975 5976
f 5976 5975 5977
f 5978 5979 5980
f 5981 5982 5983
f 5984 5985 5986
f 5987 5988 5989
f 5989 5988 5990
f 5991 5992 5993
f 5994 5995 5996
f 5997 5998 5999
f 6000 6001 6002
f 6000 6002 6003
f 6004 6005 6006
f 6004 6006 6007
f 6008 6009 6010
f 6008 6010 6011
f 6012 6013 6014
f 6012 6014 6015
f 6016 6017 6018
f 6016 6018 6019
f 6020 6021 6022
f 6020 6022 6023
f 6024 6025 6026
f 6026 6025 6027
f 6028 6029 6030
f 6031 6032 6033
f 6034 6035 6036
f 6037 6038 6039
f 6040 6041 6042
f 6043 6044 6045
f 6046 6047 6048
f 6049 6050 6051
f 6052 6053 6054
f 6055 6056 6057
f 6058 6059 6060
f 6061 6062 6063
f 6064 6065 6066
f 6067 6068 6069
f 6070 6071 6072
f 6073 6074 6075
f 6076 6077 6078
f 6079 6080 6081
f 6082 6083 6084
f 6085 6086 6087
f 6088 6089 6090
f 6091 6092 6093
f 6094 6095 6096
f 6097 6098 6099
f 6100 6101 6102
f 6103 6104 6105
f 6106 6107 6108
f 6109 6110 6111
f 6112 6113 6114
f 6115 6116 6117
f 6118 6119 6120
f 6121 6122 6123
f 6124 6125 6126
f 6127 6128 6129
f 6130 6131 6132
f 6133 6134 6135
f 6136 6137 6138
f 6139 6140 6141
f 6142 6143 6144
f 6145 6146 6147
f 6148 6149 6150
f 6151 6152 6153
f 6154 6155 6156
f 6157 6158 6159
f 6160 6161 6162
f 6163 6164 6165
f 6166 6167 6168
f 6169 6170 6171
f 6172 6173 6174
f 6175 6176 6177
f 6178 6179 6180
f 6181 6182 6183
f 6184 6185 6186
f 6187 6188 6189
f 6190 6191 6192
f 6193 6194 6195
f 6196 6197 6198
f 6199 6200 6201
f 6202 6203 6204
f 6205 6206 6207
f 6208 6209 6210
f 6211 6212 6213
f 6214 6215 6216
f 6217 6218 6219
f 6220 6221 6222
f 6223 6224 6225
f 6226 6227 6228
f 6229 6230 6231
f 6232 6233 6234
f 6235 6236 6237
f 6238 6239 6240
f 6241 6242 6243
f 6244 6245 6246
f 6247 6248 6249
f 6250 6251 6252
f 6253 6254 6255
f 6256 6257 6258
f 6259 6260 6261
f 6262 6263 6264
f 6265 6266 6267
f 6268 6269 6270
f 6271 6272 6273
f 6274 6275 6276
f 6277 6278 6279
f 6280 6281 6282
f 6283 6284 6285
f 6286 6287 6288
f 6289 6290 6291
f 6292 6293 6294
f 6295 6296 6297
f 6298 6299 6300
f 6301 6302 6303
f 6304 6305 6306
f 6307 6308 6309
f 6310 6311 6312
f 6313 6314 6315
f 6316 6313 6317
f 6317 6313 6315
f 6317 6315 6318
f 6319 6320 6321
f 6321 6320 6322
f 6321 6322 6323
f 6323 6322 6324
f 6323 6324 6315
f 6325 6326 6327
f 6327 6326 6328
f 6327 6328 6329
f 6329 6328 6330
f 6329 6330 6331
f 6331 6330 6332
f 6316 6333 6313
f 6313 6333 6334
f 6313 6334 6325
f 6325 6334 6335
f 6325 6335 6326
f 6336 6337 6315
f 6315 6337 6338
f 6315 6338 6318
f 6339 6340 6319
f 6319 6340 6341
f 6319 6341 6342
f 6342 6343 6319
f 6319 6343 6344
f 6319 6344 6345
f 6319 6346 6347
f 6347 6346 6348
f 6347 6348 6349
f 6349 6348 6350
f 6349 6350 6351
f 6351 6350 6352
f 6353 6354 6355
f 6355 6354 6356
f 6355 6356 6313
f 6313 6356 6357
f 6313 6357 6314
f 6324 6358 6315
f 6315 6358 6359
f 6315 6359 6360
f 6347 6361 6319
f 6319 6361 6362
f 6319 6362 6363
f 6345 6364 6319
f 6319 6364 6365
f 6319 6365 6320
f 6354 6366 6367
f 6368 6366 6369
f 6369 6366 6354
f 6369 6354 6370
f 6370 6354 6353
f 6332 6371 6372
f 6372 6371 6373
f 6372 6373 6374
f 6374 6373 6375
f 6374 6375 6369
f 6360 6376 6315
f 6315 6376 6377
f 6315 6377 6336
f 6363 6378 6319
f 6319 6378 6379
f 6319 6379 6339
f 6380 6381 6369
f 6369 6381 6382
f 6369 6382 6368
f 6367 6383 6354
f 6354 6383 6384
f 6354 6384 6352
f 6352 6384 6385
f 6352 6385 6351
f 6375 6386 6369
f 6369 6386 6387
f 6369 6387 6388
f 6389 6390 6332
f 6332 6390 6391
f 6332 6391 6392
f 6388 6393 6369
f 6369 6393 6394
f 6369 6394 6380
f 6392 6395 6332
f 6332 6395 6396
f 6332 6396 6397
f 6330 6398 6332
f 6332 6398 6399
f 6332 6399 6400
f 6397 6401 6332
f 6332 6401 6402
f 6332 6402 6371
f 6400 6403 6332
f 6332 6403 6404
f 6332 6404 6389
f 6405 6406 6407
f 6407 6406 6408
f 6409 6410 6411
f 6411 6410 6406
f 6411 6406 6412
f 6412 6406 6405
f 6412 6405 6413
f 6413 6405 6414
f 6415 6416 6417
f 6417 6416 6407
f 6417 6407 6418
f 6418 6407 6408
f 6418 6408 6419
f 6419 6408 6420
f 6421 6422 6423
f 6423 6422 6424
f 6425 6426 6427
f 6425 6427 6428
f 6429 6430 6431
f 6429 6431 6432
f 6433 6434 6435
f 6433 6435 6436
f 6437 6438 6439
f 6439 6438 6440
f 6441 6442 6443
f 6441 6443 6444
f 6445 6446 6447
f 6445 6447 6448
f 6449 6450 6451
f 6449 6451 6452
f 6453 6454 6455
f 6455 6454 6456
f 6457 6458 6459
f 6457 6459 6460
f 6461 6462 6463
f 6461 6463 6464
f 6465 6466 6467
f 6465 6467 6468
f 6469 6470 6471
f 6471 6470 6472
f 6473 6474 6475
f 6473 6475 6476
f 6477 6478 6479
f 6477 6479 6480
f 6481 6482 6483
f 6481 6483 6484
f 6485 6486 6487
f 6487 6486 6488
f 6487 6488 6489
f 6489 6488 6490
f 6489 6490 6491
f 6491 6490 6492
f 6491 6492 6493
f 6493 6492 6494
f 6493 6494 6495
f 6495 6494 6496
f 6495 6496 6497
f 6497 6496 6498
f 6497 6498 6499
f 6499 6498 6500
f 6499 6500 6501
f 6501 6500 6502
f 6501 6502 6503
f 6503 6502 6504
f 6503 6504 6505
f 6505 6504 6506
f 6505 6506 6507
f 6507 6506 6508
f 6507 6508 6509
f 6509 6508 6510
f 6509 6510 6511
f 6511 6510 6512
f 6511 6512 6513
f 6513 6512 6514
f 6513 6514 6515
f 6515 6514 6516
f 6515 6516 6517
f 6517 6516 6518
f 6517 6518 6519
f 6519 6518 6520
f 6519 6520 6521
f 6521 6520 6522
f 6521 6522 6523
f 6523 6522 6524
f 6523 6524 6525
f 6525 6524 6526
f 6525 6526 6527
f 6527 6526 6528
f 6527 6528 6529
f 6529 6528 6530
f 6529 6530 6531
f 6531 6530 6532
f 6531 6532 6533
f 6533 6532 6534
f 6533 6534 6535
f 6535 6534 6536
f 6535 6536 6537
f 6537 6536 6538
f 6537 6538 6539
f 6539 6538 6540
f 6539 6540 6541
f 6541 6540 6542
f 6541 6542 6543
f 6543 6542 6544
f 6543 6544 6545
f 6545 6544 6546
f 6545 6546 6547
f 6547 6546 6548
f 6547 6548 6549
f 6549 6548 6550
f 6549 6550 6551
f 6551 6550 6552
f 6551 6552 6553
f 6553 6552 6554
f 6553 6554 6555
f 6555 6554 6556
f 6555 6556 6485
f 6485 6556 6486
f 6557 6558 6559
f 6559 6558 6560
f 6561 6562 6563
f 6561 6563 6564
f 6565 6566 6567
f 6565 6567 6568
f 6569 6570 6571
f 6569 6571 6572
f 6573 6574 6575
f 6573 6575 6576
f 6577 6578 6579
f 6577 6579 6580
f 6581 6582 6583
f 6581 6583 6584
f 6585 6586 6587
f 6585 6587 6588
f 6589 6590 6591
f 6591 6590 6592
f 6593 6594 6595
f 6593 6595 6596
f 6597 6598 6599
f 6597 6599 6600
f 6601 6602 6603
f 6601 6603 6604
f 6605 6606 6607
f 6605 6607 6608
f 6609 6610 6611
f 6609 6611 6612
f 6613 6614 6615
f 6613 6615 6616
f 6617 6618 6619
f 6617 6619 6620
f 6621 6622 6623
f 6623 6622 6624
f 6625 6626 6627
f 6625 6627 6628
f 6629 6630 6631
f 6629 6631 6632
f 6633 6634 6635
f 6633 6635 6636
f 6637 6638 6639
f 6637 6639 6640
f 6641 6642 6643
f 6641 6643 6644
f 6645 6646 6647
f 6645 6647 6648
f 6649 6650 6651
f 6649 6651 6652
f 6653 6654 6655
f 6653 6655 6656
f 6657 6658 6659
f 6657 6659 6660
f 6661 6662 6663
f 6661 6663 6664
f 6665 6666 6667
f 6665 6667 6668
f 6669 6670 6671
f 6669 6671 6672
f 6673 6674 6675
f 6673 6675 6676
f 6677 6678 6679
f 6677 6679 6680
f 6681 6682 6683
f 6683 6682 6684
f 6685 6686 6687
f 6688 6689 6690
f 6691 6692 6693
f 6694 6695 6696
f 6697 6698 6699
f 6700 6701 6702
f 6703 6704 6705
f 6703 6705 6706
f 6707 6708 6709
f 6710 6711 6712
f 6713 6714 6715
f 6713 6715 6716
f 6717 6718 6719
f 6717 6719 6720
f 6721 6722 6723
f 6724 6725 6726
f 6727 6728 6729
f 6727 6729 6730
f 6731 6732 6733
f 6731 6733 6734
f 6735 6736 6737
f 6735 6737 6738
f 6739 6740 6741
f 6739 6741 6742
f 6743 6744 6745
f 6743 6745 6746
f 6747 6748 6749
f 6750 6751 6752
f 6753 6754 6755
f 6756 6757 6758
f 6759 6760 6761
f 6762 6763 6764
f 6765 6766 6767
f 6768 6769 6770
f 6771 6772 6773
f 6774 6775 6776
f 6777 6778 6779
f 6780 6781 6782
f 6780 6782 6783
f 6784 6785 6786
f 6787 6788 6789
f 6790 6791 6792
f 6793 6794 6795
f 6796 6797 6798
f 6796 6798 6799
f 6800 6801 6802
f 6803 6804 6805
f 6806 6807 6808
f 6806 6808 6809
f 6810 6811 6812
f 6813 6814 6815
f 6816 6817 6818
f 6819 6820 6821
f 6822 6823 6824
f 6825 6826 6827
f 6828 6829 6830
f 6831 6832 6833
f 6834 6835 6836
f 6837 6838 6839
f 6840 6841 6842
f 6843 6844 6845
f 6846 6847 6848
f 6849 6850 6851
f 6849 6851 6852
f 6853 6854 6855
f 6856 6857 6858
f 6859 6860 6861
f 6862 6863 6864
f 6865 6866 6867
f 6868 6869 6870
f 6871 6872 6873
f 6871 6873 6874
f 6875 6876 6877
f 6878 6879 6880
f 6881 6882 6883
f 6884 6885 6886
f 6887 6888 6889
f 6890 6891 6892
f 6893 6894 6895
f 6896 6897 6898
f 6899 6900 6901
f 6902 6903 6904
f 6905 6906 6907
f 6908 6909 6910
f 6911 6912 6913
f 6914 6915 6916
f 6917 6918 6919
f 6920 6921 6922
f 6923 6924 6925
f 6926 6927 6928
f 6929 6930 6931
f 6932 6933 6934
f 6935 6936 6937
f 6938 6939 6940
f 6941 6942 6943
f 6944 6945 6946
f 6947 6948 6949
f 6950 6951 6952
f 6953 6954 6955
f 6956 6957 6958
f 6959 6960 6961
f 6962 6963 6964
f 6965 6966 6967
f 6968 6969 6970
f 6971 6972 6973
f 6974 6975 6976
f 6977 6978 6979
f 6980 6981 6982
f 6983 6984 6985
f 6986 6987 6988
f 6989 6990 6991
f 6992 6993 6994
f 6995 6996 6997
f 6998 6999 7000
f 6998 7000 7001
f 7002 7003 7004
f 7002 7004 7005
f 7006 7007 7008
f 7006 7008 7009
f 7010 7011 7012
f 7010 7012 7013
f 7014 7015 7016
f 7017 7018 7019
f 7020 7021 7022
f 7023 7024 7025
f 7026 7027 7028
f 7029 7030 7031
f 7032 7033 7034
f 7032 7034 7035
f 7036 7037 7038
f 7039 7040 7041
f 7042 7043 7044
f 7042 7044 7045
f 7046 7047 7048
f 7046 7048 7049
f 7050 7051 7052
f 7053 7054 7055
f 7056 7057 7058
f 7056 7058 7059
f 7060 7061 7062
f 7060 7062 7063
f 7064 7065 7066
f 7064 7066 7067
f 7068 7069 7070
f 7068 7070 7071
f 7072 7073 7074
f 7072 7074 7075
f 7076 7077 7078
f 7079 7080 7081
f 7082 7083 7084
f 7085 7086 7087
f 7088 7089 7090
f 7091 7092 7093
f 7094 7095 7096
f 7097 7098 7099
f 7100 7101 7102
f 7103 7104 7105
f 7106 7107 7108
f 7109 7110 7111
f 7109 7111 7112
f 7113 7114 7115
f 7116 7117 7118
f 7119 7120 7121
f 7122 7123 7124
f 7125 7126 7127
f 7125 7127 7128
f 7129 7130 7131
f 7132 7133 7134
f 7135 7136 7137
f 7135 7137 7138
f 7139 7140 7141
f 7142 7143 7144
f 7145 7146 7147
f 7148 7149 7150
f 7151 7152 7153
f 7154 7155 7156
f 7157 7158 7159
f 7160 7161 7162
f 7163 7164 7165
f 7166 7167 7168
f 7169 7170 7171
f 7172 7173 7174
f 7175 7176 7177
f 7178 7179 7180
f 7178 7180 7181
f 7182 7183 7184
f 7185 7186 7187
f 7188 7189 7190
f 7191 7192 7193
f 7194 7195 7196
f 7197 7198 7199
f 7200 7201 7202
f 7200 7202 7203
f 7204 7205 7206
f 7207 7208 7209
f 7210 7211 7212
f 7213 7214 7215
f 7216 7217 7218
f 7219 7220 7221
f 7222 7223 7224
f 7225 7226 7227
f 7228 7229 7230
f 7231 7232 7233
f 7234 7235 7236
f 7237 7238 7239
f 7240 7241 7242
f 7243 7244 7245
f 7246 7247 7248
f 7249 7250 7251
f 7252 7253 7254
f 7255 7256 7257
f 7258 7259 7260
f 7261 7262 7263
f 7264 7265 7266
f 7267 7268 7269
f 7270 7271 7272
f 7273 7274 7275
f 7276 7277 7278
f 7279 7280 7281
f 7282 7283 7284
f 7285 7286 7287
f 7288 7289 7290
f 7291 7292 7293
f 7294 7295 7296
f 7297 7298 7299
f 7300 7301 7302
f 7303 7304 7305
f 7306 7307 7308
f 7309 7310 7311
f 7312 7313 7314
f 7315 7316 7317
f 7318 7319 7320
f 7321 7322 7323
f 7324 7325 7326
f 7327 7328 7329
f 7327 7329 7330
f 7331 7332 7333
f 7331 7333 7334
f 7335 7336 7337
f 7335 7337 7338
f 7339 7340 7341
f 7339 7341 7342
f 7343 7344 7345
f 7346 7347 7348
f 7349 7350 7351
f 7352 7353 7354
f 7355 7356 7357
f 7358 7359 7360
f 7361 7362 7363
f 7361 7363 7364
f 7365 7366 7367
f 7368 7369 7370
f 7371 7372 7373
f 7371 7373 7374
f 7375 7376 7377
f 7375 7377 7378
f 7379 7380 7381
f 7382 7383 7384
f 7385 7386 7387
f 7385 7387 7388
f 7389 7390 7391
f 7389 7391 7392
f 7393 7394 7395
f 7393 7395 7396
f 7397 7398 7399
f 7397 7399 7400
f 7401 7402 7403
f 7401 7403 7404
f 7405 7406 7407
f 7408 7409 7410
f 7411 7412 7413
f 7414 7415 7416
f 7417 7418 7419
f 7420 7421 7422
f 7423 7424 7425
f 7426 7427 7428
f 7429 7430 7431
f 7432 7433 7434
f 7435 7436 7437
f 7438 7439 7440
f 7438 7440 7441
f 7442 7443 7444
f 7445 7446 7447
f 7448 7449 7450
f 7451 7452 7453
f 7454 7455 7456
f 7454 7456 7457
f 7458 7459 7460
f 7461 7462 7463
f 7464 7465 7466
f 7464 7466 7467
f 7468 7469 7470
f 7471 7472 7473
f 7474 7475 7476
f 7477 7478 7479
f 7480 7481 7482
f 7483 7484 7485
f 7486 7487 7488
f 7489 7490 7491
f 7492 7493 7494
f 7495 7496 7497
f 7498 7499 7500
f 7501 7502 7503
f 7504 7505 7506
f 7507 7508 7509
f 7507 7509 7510
f 7511 7512 7513
f 7514 7515 7516
f 7517 7518 7519
f 7520 7521 7522
f 7523 7524 7525
f 7526 7527 7528
f 7529 7530 7531
f 7529 7531 7532
f 7533 7534 7535
f 7536 7537 7538
f 7539 7540 7541
f 7542 7543 7544
f 7545 7546 7547
f 7548 7549 7550
f 7551 7552 7553
f 7554 7555 7556
f 7557 7558 7559
f 7560 7561 7562
f 7563 7564 7565
f 7566 7567 7568
f 7569 7570 7571
f 7572 7573 7574
f 7575 7576 7577
f 7578 7579 7580
f 7581 7582 7583
f 7584 7585 7586
f 7587 7588 7589
f 7590 7591 7592
f 7593 7594 7595
f 7596 7597 7598
f 7599 7600 7601
f 7602 7603 7604
f 7605 7606 7607
f 7608 7609 7610
f 7611 7612 7613
f 7614 7615 7616
f 7617 7618 7619
f 7620 7621 7622
f 7623 7624 7625
f 7626 7627 7628
f 7629 7630 7631
f 7632 7633 7634
f 7635 7636 7637
f 7638 7639 7640
f 7641 7642 7643
f 7644 7645 7646
f 7647 7648 7649
f 7650 7651 7652
f 7653 7654 7655
f 7656 7657 7658
f 7656 7658 7659
f 7660 7661 7662
f 7660 7662 7663
f 7664 7665 7666
f 7664 7666 7667
f 7668 7669 7670
f 7668 7670 7671
f 7672 7673 7674
f 7675 7676 7677
f 7678 7679 7680
f 7681 7682 7683
f 7684 7685 7686
f 7687 7688 7689
f 7690 7691 7692
f 7690 7692 7693
f 7694 7695 7696
f 7697 7698 7699
f 7700 7701 7702
f 7700 7702 7703
f 7704 7705 7706
f 7704 7706 7707
f 7708 7709 7710
f 7711 7712 7713
f 7714 7715 7716
f 7714 7716 7717
f 7718 7719 7720
f 7718 7720 7721
f 7722 7723 7724
f 7722 7724 7725
f 7726 7727 7728
f 7726 7728 7729
f 7730 7731 7732
f 7730 7732 7733
f 7734 7735 7736
f 7737 7738 7739
f 7740 7741 7742
f 7743 7744 7745
f 7746 7747 7748
f 7749 7750 7751
f 7752 7753 7754
f 7755 7756 7757
f 7758 7759 7760
f 7761 7762 7763
f 7764 7765 7766
f 7767 7768 7769
f 7767 7769 7770
f 7771 7772 7773
f 7774 7775 7776
f 7777 7778 7779
f 7780 7781 7782
f 7783 7784 7785
f 7783 7785 7786
f 7787 7788 7789
f 7790 7791 7792
f 7793 7794 7795
f 7793 7795 7796
f 7797 7798 7799
f 7800 7801 7802
f 7803 7804 7805
f 7806 7807 7808
f 7809 7810 7811
f 7812 7813 7814
f 7815 7816 7817
f 7818 7819 7820
f 7821 7822 7823
f 7824 7825 7826
f 7827 7828 7829
f 7830 7831 7832
f 7833 7834 7835
f 7836 7837 7838
f 7836 7838 7839
f 7840 7841 7842
f 7843 7844 7845
f 7846 7847 7848
f 7849 7850 7851
f 7852 7853 7854
f 7855 7856 7857
f 7858 7859 7860
f 7858 7860 7861
f 7862 7863 7864
f 7865 7866 7867
f 7868 7869 7870
f 7871 7872 7873
f 7874 7875 7876
f 7877 7878 7879
f 7880 7881 7882
f 7883 7884 7885
f 7886 7887 7888
f 7889 7890 7891
f 7892 7893 7894
f 7895 7896 7897
f 7898 7899 7900
f 7901 7902 7903
f 7904 7905 7906
f 7907 7908 7909
f 7910 7911 7912
f 7913 7914 7915
f 7916 7917 7918
f 7919 7920 7921
f 7922 7923 7924
f 7925 7926 7927
f 7928 7929 7930
f 7931 7932 7933
f 7934 7935 7936
f 7937 7938 7939
f 7940 7941 7942
f 7943 7944 7945
f 7946 7947 7948
f 7949 7950 7951
f 7952 7953 7954
f 7955 7956 7957
f 7958 7959 7960
f 7961 7962 7963
f 7964 7965 7966
f 7967 7968 7969
f 7970 7971 7972
f 7973 7974 7975
f 7976 7977 7978
f 7979 7980 7981
f 7982 7983 7984
f 7985 7986 7987
f 7985 7987 7988
f 7989 7990 7991
f 7989 7991 7992
f 7993 7994 7995
f 7993 7995 7996
f 7997 7998 7999
f 7997 7999 8000
f 8001 8002 8003
f 8004 8005 8006
f 8006 8005 8007
f 8006 8007 8008
f 8008 8007 8009
f 8008 8009 8010
f 8010 8009 8011
f 8012 8013 8014
f 8014 8013 8015
f 8014 8015 8016
f 8016 8015 8017
f 8016 8017 8018
f 8018 8017 8019
f 8020 8021 8022
f 8022 8021 8023
f 8022 8023 8024
f 8024 8023 8025
f 8024 8025 8026
f 8026 8025 8027
f 8003 8002 8028
f 8011 8029 8010
f 8010 8029 8030
f 8010 8030 8031
f 8032 8033 8034
f 8034 8033 8035
f 8034 8035 8036
f 8036 8035 8037
f 8036 8037 8038
f 8039 8040 8037
f 8037 8040 8041
f 8037 8041 8038
f 8003 8042 8001
f 8001 8042 8043
f 8001 8043 8039
f 8039 8043 8044
f 8039 8044 8040
f 8002 8045 8028
f 8028 8045 8046
f 8028 8046 8047
f 8047 8046 8031
f 8047 8031 8048
f 8048 8031 8030
f 8004 8006 8049
f 8049 8006 8050
f 8049 8050 8051
f 8019 8052 8018
f 8018 8052 8053
f 8018 8053 8054
f 8012 8014 8055
f 8055 8014 8056
f 8055 8056 8057
f 8020 8058 8021
f 8021 8058 8059
f 8021 8059 8060
f 8051 8050 8061
f 8061 8050 8062
f 8061 8062 8063
f 8057 8056 8064
f 8064 8056 8065
f 8064 8065 8066
f 8027 8025 8067
f 8067 8025 8068
f 8067 8068 8069
f 8032 8070 8033
f 8033 8070 8071
f 8033 8071 8072
f 8073 8074 8075
f 8075 8074 8054
f 8075 8054 8076
f 8076 8054 8053
f 8077 8078 8079
f 8079 8078 8060
f 8079 8060 8080
f 8080 8060 8059
f 8069 8068 8081
f 8081 8068 8082
f 8081 8082 8083
f 8063 8062 8084
f 8084 8062 8085
f 8084 8085 8073
f 8073 8085 8086
f 8073 8086 8074
f 8066 8065 8087
f 8087 8065 8088
f 8087 8088 8077
f 8077 8088 8089
f 8077 8089 8078
f 8090 8091 8092
f 8092 8091 8072
f 8092 8072 8093
f 8093 8072 8071
f 8083 8082 8094
f 8094 8082 8095
f 8094 8095 8090
f 8090 8095 8096
f 8090 8096 8091
f 8097 8098 8099
f 8100 8101 8102
f 8103 8104 8105
f 8105 8104 8106
f 8107 8108 8109
f 8109 8108 8110
f 8111 8112 8113
f 8113 8112 8114
f 8115 8116 8117
f 8117 8116 8118
f 8119 8120 8121
f 8121 8120 8122
f 8123 8124 8125
f 8125 8124 8126
f 8127 8128 8129
f 8129 8128 8130
f 8102 8131 8100
f 8132 8133 8134
f 8134 8133 8135
f 8136 8137 8138
f 8138 8137 8139
f 8140 8141 8142
f 8142 8141 8143
f 8144 8145 8146
f 8146 8145 8147
f 8148 8149 8150
f 8150 8149 8151
f 8152 8153 8154
f 8154 8153 8155
f 8099 8156 8097
f 8157 8158 8159
f 8159 8158 8160
f 8161 8162 8163
f 8164 8165 8166
f 8167 8168 8169
f 8169 8168 8170
f 8171 8172 8173
f 8173 8172 8174
f 8175 8176 8177
f 8177 8176 8178
f 8179 8180 8181
f 8181 8180 8182
f 8183 8184 8185
f 8185 8184 8186
f 8187 8188 8189
f 8189 8188 8190
f 8191 8192 8193
f 8193 8192 8194
f 8166 8195 8164
f 8196 8197 8198
f 8198 8197 8199
f 8200 8201 8202
f 8202 8201 8203
f 8204 8205 8206
f 8206 8205 8207
f 8208 8209 8210
f 8210 8209 8211
f 8212 8213 8214
f 8214 8213 8215
f 8216 8217 8218
f 8218 8217 8219
f 8163 8220 8161
f 8221 8222 8223
f 8223 8222 8224
f 8225 8226 8227
f 8228 8229 8230
f 8231 8232 8233
f 8233 8232 8234
f 8235 8236 8237
f 8237 8236 8238
f 8239 8240 8241
f 8241 8240 8242
f 8243 8244 8245
f 8245 8244 8246
f 8247 8248 8249
f 8249 8248 8250
f 8251 8252 8253
f 8253 8252 8254
f 8255 8256 8257
f 8257 8256 8258
f 8230 8259 8228
f 8260 8261 8262
f 8262 8261 8263
f 8264 8265 8266
f 8266 8265 8267
f 8268 8269 8270
f 8270 8269 8271
f 8272 8273 8274
f 8274 8273 8275
f 8276 8277 8278
f 8278 8277 8279
f 8280 8281 8282
f 8282 8281 8283
f 8227 8284 8225
f 8285 8286 8287
f 8287 8286 8288
f 8289 8290 8291
f 8292 8293 8294
f 8295 8296 8297
f 8297 8296 8298
f 8299 8300 8301
f 8301 8300 8302
f 8303 8304 8305
f 8305 8304 8306
f 8307 8308 8309
f 8309 8308 8310
f 8311 8312 8313
f 8313 8312 8314
f 8315 8316 8317
f 8317 8316 8318
f 8319 8320 8321
f 8321 8320 8322
f 8294 8323 8292
f 8324 8325 8326
f 8326 8325 8327
f 8328 8329 8330
f 8330 8329 8331
f 8332 8333 8334
f 8334 8333 8335
f 8336 8337 8338
f 8338 8337 8339
f 8340 8341 8342
f 8342 8341 8343
f 8344 8345 8346
f 8346 8345 8347
f 8291 8348 8289
f 8349 8350 8351
f 8351 8350 8352
f 8353 8354 8355
f 8355 8354 8356
f 8357 8358 8359
f 8357 8359 8360
f 8361 8362 8363
f 8361 8363 8364
f 8365 8366 8367
f 8365 8367 8368
f 8369 8370 8371
f 8369 8371 8372
f 8373 8374 8375
f 8373 8375 8376
f 8377 8378 8379
f 8377 8379 8380
f 8381 8382 8383
f 8381 8383 8384
f 8385 8386 8387
f 8385 8387 8388
f 8389 8390 8391
f 8391 8390 8392
f 8393 8394 8395
f 8393 8395 8396
f 8397 8398 8399
f 8397 8399 8400
f 8401 8402 8403
f 8401 8403 8404
f 8405 8406 8407
f 8405 8407 8408
f 8409 8410 8411
f 8409 8411 8412
f 8413 8414 8415
f 8413 8415 8416
f 8417 8418 8419
f 8417 8419 8420
f 8421 8422 8423
f 8421 8423 8424
f 8425 8426 8427
f 8427 8426 8428
f 8429 8430 8431
f 8429 8431 8432
f 8433 8434 8435
f 8433 8435 8436
f 8437 8438 8439
f 8437 8439 8440
f 8441 8442 8443
f 8441 8443 8444
f 8445 8446 8447
f 8445 8447 8448
f 8449 8450 8451
f 8449 8451 8452
f 8453 8454 8455
f 8453 8455 8456
f 8457 8458 8459
f 8457 8459 8460
f 8461 8462 8463
f 8463 8462 8464
f 8465 8466 8467
f 8465 8467 8468
f 8469 8470 8471
f 8469 8471 8472
f 8473 8474 8475
f 8473 8475 8476
f 8477 8478 8479
f 8477 8479 8480
f 8481 8482 8483
f 8481 8483 8484
f 8485 8486 8487
f 8485 8487 8488
f 8489 8490 8491
f 8489 8491 8492
f 8493 8494 8495
f 8493 8495 8496
f 8497 8498 8499
f 8500 8501 8502
f 8503 8504 8505
f 8506 8507 8508
f 8509 8510 8511
f 8512 8513 8514
f 8515 8516 8517
f 8518 8519 8520
f 8521 8522 8523
f 8524 8525 8526
f 8527 8528 8529
f 8530 8531 8532
f 8533 8534 8535
f 8536 8537 8538
f 8539 8540 8541
f 8542 8543 8544
f 8545 8546 8547
f 8548 8549 8550
f 8551 8552 8553
f 8554 8555 8556
f 8557 8558 8559
f 8560 8561 8562
f 8563 8564 8565
f 8566 8567 8568
f 8569 8570 8571
f 8572 8573 8574
f 8575 8576 8577
f 8578 8579 8580
f 8581 8582 8583
f 8584 8585 8586
f 8587 8588 8589
f 8590 8591 8592
f 8593 8594 8595
f 8596 8597 8598
f 8599 8600 8601
f 8602 8603 8604
f 8605 8606 8607
f 8608 8609 8610
f 8608 8610 8611
f 8612 8613 8614
f 8615 8616 8617
f 8618 8619 8620
f 8621 8622 8623
f 8624 8625 8626
f 8627 8628 8629
f 8630 8631 8632
f 8630 8632 8633
f 8634 8635 8636
f 8637 8638 8639
f 8640 8641 8642
f 8643 8644 8645
f 8646 8647 8648
f 8649 8650 8651
f 8652 8653 8654
f 8655 8656 8657
f 8658 8659 8660
f 8661 8662 8663
f 8664 8665 8666
f 8667 8668 8669
f 8670 8671 8672
f 8673 8674 8675
f 8676 8677 8678
f 8679 8680 8681
f 8682 8683 8684
f 8685 8686 8687
f 8688 8689 8690
f 8691 8692 8693
f 8691 8693 8694
f 8695 8696 8697
f 8698 8699 8700
f 8701 8702 8703
f 8704 8705 8706
f 8707 8708 8709
f 8707 8709 8710
f 8711 8712 8713
f 8714 8715 8716
f 8717 8718 8719
f 8717 8719 8720
f 8721 8722 8723
f 8724 8725 8726
f 8727 8728 8729
f 8730 8731 8732
f 8733 8734 8735
f 8736 8737 8738
f 8739 8740 8741
f 8742 8743 8744
f 8745 8746 8747
f 8748 8749 8750
f 8751 8752 8753
f 8754 8755 8756
f 8754 8756 8757
f 8758 8759 8760
f 8761 8762 8763
f 8764 8765 8766
f 8764 8766 8767
f 8768 8769 8770
f 8768 8770 8771
f 8772 8773 8774
f 8775 8776 8777
f 8778 8779 8780
f 8778 8780 8781
f 8782 8783 8784
f 8782 8784 8785
f 8786 8787 8788
f 8786 8788 8789
f 8790 8791 8792
f 8790 8792 8793
f 8794 8795 8796
f 8794 8796 8797
f 8798 8799 8800
f 8801 8802 8803
f 8804 8805 8806
f 8807 8808 8809
f 8810 8811 8812
f 8812 8811 8813
f 8814 8815 8816
f 8816 8815 8817
f 8818 8819 8820
f 8819 8821 8820
f 8822 8823 8824
f 8822 8824 8825
f 8826 8827 8828
f 8829 8830 8831
f 8832 8833 8834
f 8835 8836 8837
f 8838 8839 8840
f 8841 8842 8843
f 8844 8845 8846
f 8847 8848 8849
f 8850 8851 8852
f 8853 8854 8855
f 8856 8857 8858
f 8859 8860 8861
f 8862 8863 8864
f 8865 8866 8867
f 8868 8869 8870
f 8871 8872 8873
f 8874 8875 8876
f 8877 8878 8879
f 8880 8881 8882
f 8883 8884 8885
f 8886 8887 8888
f 8889 8890 8891
f 8892 8893 8894
f 8895 8896 8897
f 8898 8899 8900
f 8901 8902 8903
f 8904 8905 8906
f 8907 8908 8909
f 8910 8911 8912
f 8913 8914 8915
f 8916 8917 8918
f 8919 8920 8921
f 8922 8923 8924
f 8925 8926 8927
f 8928 8929 8930
f 8931 8932 8933
f 8934 8935 8936
f 8937 8938 8939
f 8937 8939 8940
f 8941 8942 8943
f 8944 8945 8946
f 8947 8948 8949
f 8950 8951 8952
f 8953 8954 8955
f 8956 8957 8958
f 8959 8960 8961
f 8959 8961 8962
f 8963 8964 8965
f 8966 8967 8968
f 8969 8970 8971
f 8972 8973 8974
f 8975 8976 8977
f 8978 8979 8980
f 8981 8982 8983
f 8984 8985 8986
f 8987 8988 8989
f 8990 8991 8992
f 8993 8994 8995
f 8996 8997 8998
f 8999 9000 9001
f 9002 9003 9004
f 9005 9006 9007
f 9008 9009 9010
f 9011 9012 9013
f 9014 9015 9016
f 9017 9018 9019
f 9020 9021 9022
f 9020 9022 9023
f 9024 9025 9026
f 9027 9028 9029
f 9030 9031 9032
f 9033 9034 9035
f 9036 9037 9038
f 9036 9038 9039
f 9040 9041 9042
f 9043 9044 9045
f 9046 9047 9048
f 9046 9048 9049
f 9050 9051 9052
f 9053 9054 9055
f 9056 9057 9058
f 9059 9060 9061
f 9062 9063 9064
f 9065 9066 9067
f 9068 9069 9070
f 9071 9072 9073
f 9074 9075 9076
f 9077 9078 9079
f 9080 9081 9082
f 9083 9084 9085
f 9083 9085 9086
f 9087 9088 9089
f 9090 9091 9092
f 9093 9094 9095
f 9093 9095 9096
f 9097 9098 9099
f 9097 9099 9100
f 9101 9102 9103
f 9104 9105 9106
f 9107 9108 9109
f 9107 9109 9110
f 9111 9112 9113
f 9111 9113 9114
f 9115 9116 9117
f 9115 9117 9118
f 9119 9120 9121
f 9119 9121 9122
f 9123 9124 9125
f 9123 9125 9126
f 9127 9128 9129
f 9130 9131 9132
f 9133 9134 9135
f 9136 9137 9138
f 9139 9140 9141
f 9141 9140 9142
f 9143 9144 9145
f 9145 9144 9146
f 9147 9148 9149
f 9148 9150 9149
f 9151 9152 9153
f 9151 9153 9154
f 9155 9156 9157
f 9158 9159 9160
f 9161 9162 9163
f 9164 9165 9166
f 9167 9168 9169
f 9170 9171 9172
f 9173 9174 9175
f 9176 9177 9178
f 9179 9180 9181
f 9182 9183 9184
f 9185 9186 9187
f 9188 9189 9190
f 9191 9192 9193
f 9194 9195 9196
f 9197 9198 9199
f 9200 9201 9202
f 9203 9204 9205
f 9206 9207 9208
f 9209 9210 9211
f 9212 9213 9214
f 9215 9216 9217
f 9218 9219 9220
f 9221 9222 9223
f 9224 9225 9226
f 9227 9228 9229
f 9230 9231 9232
f 9233 9234 9235
f 9236 9237 9238
f 9239 9240 9241
f 9242 9243 9244
f 9245 9246 9247
f 9248 9249 9250
f 9251 9252 9253
f 9254 9255 9256
f 9257 9258 9259
f 9260 9261 9262
f 9263 9264 9265
f 9266 9267 9268
f 9266 9268 9269
f 9270 9271 9272
f 9273 9274 9275
f 9276 9277 9278
f 9279 9280 9281
f 9282 9283 9284
f 9285 9286 9287
f 9288 9289 9290
f 9288 9290 9291
f 9292 9293 9294
f 9295 9296 9297
f 9298 9299 9300
f 9301 9302 9303
f 9304 9305 9306
f 9307 9308 9309
f 9310 9311 9312
f 9313 9314 9315
f 9316 9317 9318
f 9319 9320 9321
f 9322 9323 9324
f 9325 9326 9327
f 9328 9329 9330
f 9331 9332 9333
f 9334 9335 9336
f 9337 9338 9339
f 9340 9341 9342
f 9343 9344 9345
f 9346 9347 9348
f 9349 9350 9351
f 9349 9351 9352
f 9353 9354 9355
f 9356 9357 9358
f 9359 9360 9361
f 9362 9363 9364
f 9365 9366 9367
f 9365 9367 9368
f 9369 9370 9371
f 9372 9373 9374
f 9375 9376 9377
f 9375 9377 9378
f 9379 9380 9381
f 9382 9383 9384
f 9385 9386 9387
f 9388 9389 9390
f 9391 9392 9393
f 9394 9395 9396
f 9397 9398 9399
f 9400 9401 9402
f 9403 9404 9405
f 9406 9407 9408
f 9409 9410 9411
f 9412 9413 9414
f 9412 9414 9415
f 9416 9417 9418
f 9419 9420 9421
f 9422 9423 9424
f 9422 9424 9425
f 9426 9427 9428
f 9426 9428 9429
f 9430 9431 9432
f 9433 9434 9435
f 9436 9437 9438
f 9436 9438 9439
f 9440 9441 9442
f 9440 9442 9443
f 9444 9445 9446
f 9444 9446 9447
f 9448 9449 9450
f 9448 9450 9451
f 9452 9453 9454
f 9452 9454 9455
f 9456 9457 9458
f 9459 9460 9461
f 9462 9463 9464
f 9465 9466 9467
f 9468 9469 9470
f 9470 9469 9471
f 9472 9473 9474
f 9474 9473 9475
f 9476 9477 9478
f 9477 9479 9478
f 9480 9481 9482
f 9480 9482 9483
f 9484 9485 9486
f 9487 9488 9489
f 9490 9491 9492
f 9493 9494 9495
f 9496 9497 9498
f 9499 9500 9501
f 9502 9503 9504
f 9505 9506 9507
f 9508 9509 9510
f 9511 9512 9513
f 9514 9515 9516
f 9517 9518 9519
f 9520 9521 9522
f 9523 9524 9525
f 9526 9527 9528
f 9529 9530 9531
f 9532 9533 9534
f 9535 9536 9537
f 9538 9539 9540
f 9541 9542 9543
f 9544 9545 9546
f 9547 9548 9549
f 9550 9551 9552
f 9553 9554 9555
f 9556 9557 9558
f 9559 9560 9561
f 9562 9563 9564
f 9565 9566 9567
f 9568 9569 9570
f 9571 9572 9573
f 9574 9575 9576
f 9577 9578 9579
f 9580 9581 9582
f 9583 9584 9585
f 9586 9587 9588
f 9589 9590 9591
f 9592 9593 9594
f 9595 9596 9597
f 9595 9597 9598
f 9599 9600 9601
f 9602 9603 9604
f 9605 9606 9607
f 9608 9609 9610
f 9611 9612 9613
f 9614 9615 9616
f 9617 9618 9619
f 9617 9619 9620
f 9621 9622 9623
f 9624 9625 9626
f 9627 9628 9629
f 9630 9631 9632
f 9633 9634 9635
f 9636 9637 9638
f 9639 9640 9641
f 9642 9643 9644
f 9645 9646 9647
f 9648 9649 9650
f 9651 9652 9653
f 9654 9655 9656
f 9657 9658 9659
f 9660 9661 9662
f 9663 9664 9665
f 9666 9667 9668
f 9669 9670 9671
f 9672 9673 9674
f 9675 9676 9677
f 9678 9679 9680
f 9678 9680 9681
f 9682 9683 9684
f 9685 9686 9687
f 9688 9689 9690
f 9691 9692 9693
f 9694 9695 9696
f 9694 9696 9697
f 9698 9699 9700
f 9701 9702 9703
f 9704 9705 9706
f 9704 9706 9707
f 9708 9709 9710
f 9711 9712 9713
f 9714 9715 9716
f 9717 9718 9719
f 9720 9721 9722
f 9723 9724 9725
f 9726 9727 9728
f 9729 9730 9731
f 9732 9733 9734
f 9735 9736 9737
f 9738 9739 9740
f 9741 9742 9743
f 9741 9743 9744
f 9745 9746 9747
f 9748 9749 9750
f 9751 9752 9753
f 9751 9753 9754
f 9755 9756 9757
f 9755 9757 9758
f 9759 9760 9761
f 9762 9763 9764
f 9765 9766 9767
f 9765 9767 9768
f 9769 9770 9771
f 9769 9771 9772
f 9773 9774 9775
f 9773 9775 9776
f 9777 9778 9779
f 9777 9779 9780
f 9781 9782 9783
f 9781 9783 9784
f 9785 9786 9787
f 9788 9789 9790
f 9791 9792 9793
f 9794 9795 9796
f 9797 9798 9799
f 9799 9798 9800
f 9801 9802 9803
f 9803 9802 9804
f 9805 9806 9807
f 9806 9808 9807
f 9809 9810 9811
f 9809 9811 9812
f 9813 9814 9815
f 9815 9814 9816
f 9815 9816 9817
f 9818 9819 9820
f 9820 9819 9821
f 9820 9821 9822
f 9823 9824 9825
f 9825 9824 9826
f 9825 9826 9827
f 9828 9829 9830
f 9830 9829 9831
f 9830 9831 9832
f 9828 9830 9833
f 9833 9830 9834
f 9833 9834 9835
f 9836 9837 9838
f 9838 9837 9839
f 9838 9839 9826
f 9826 9839 9840
f 9826 9840 9827
f 9841 9842 9836
f 9836 9842 9843
f 9836 9843 9837
f 9831 9844 9832
f 9832 9844 9845
f 9832 9845 9846
f 9846 9845 9847
f 9846 9847 9848
f 9848 9847 9849
f 9848 9849 9841
f 9841 9849 9850
f 9841 9850 9842
f 9851 9852 9853
f 9853 9852 9854
f 9853 9854 9816
f 9816 9854 9855
f 9816 9855 9817
f 9818 9856 9819
f 9819 9856 9857
f 9819 9857 9858
f 9859 9860 9861
f 9861 9860 9862
f 9861 9862 9821
f 9821 9862 9863
f 9821 9863 9822
f 9823 9864 9824
f 9824 9864 9865
f 9824 9865 9866
f 9867 9868 9869
f 9869 9868 9870
f 9869 9870 9834
f 9834 9870 9871
f 9834 9871 9835
f 9813 9872 9814
f 9814 9872 9873
f 9814 9873 9874
f 9875 9876 9851
f 9851 9876 9877
f 9851 9877 9852
f 9878 9879 9859
f 9859 9879 9880
f 9859 9880 9860
f 9881 9882 9867
f 9867 9882 9883
f 9867 9883 9868
f 9857 9884 9858
f 9858 9884 9885
f 9858 9885 9886
f 9886 9885 9887
f 9886 9887 9888
f 9888 9887 9889
f 9888 9889 9875
f 9875 9889 9890
f 9875 9890 9876
f 9865 9891 9866
f 9866 9891 9892
f 9866 9892 9893
f 9893 9892 9894
f 9893 9894 9895
f 9895 9894 9896
f 9895 9896 9878
f 9878 9896 9897
f 9878 9897 9879
f 9873 9898 9874
f 9874 9898 9899
f 9874 9899 9900
f 9900 9899 9901
f 9900 9901 9902
f 9902 9901 9903
f 9902 9903 9881
f 9881 9903 9904
f 9881 9904 9882
f 9905 9906 9907
f 9908 9909 9907
f 9907 9909 9910
f 9907 9910 9905
f 9911 9912 9907
f 9907 9912 9913
f 9907 9913 9908
f 9914 9915 9907
f 9907 9915 9916
f 9907 9916 9911
f 9906 9917 9907
f 9907 9917 9918
f 9907 9918 9914
f 9919 9920 9921
f 9921 9920 9922
f 9923 9924 9925
f 9925 9924 9926
f 9927 9928 9929
f 9929 9928 9930
f 9931 9932 9933
f 9933 9932 9934
f 9935 9936 9937
f 9937 9936 9938
f 9939 9940 9941
f 9941 9940 9942
f 9943 9944 9945
f 9945 9944 9946
f 9947 9948 9949
f 9949 9948 9950
f 9951 9952 9953
f 9953 9952 9954
f 9955 9956 9957
f 9957 9956 9958
f 9959 9960 9961
f 9961 9960 9962
f 9963 9964 9965
f 9965 9964 9966
f 9967 9968 9969
f 9969 9968 9970
f 9971 9972 9973
f 9973 9972 9974
f 9973 9974 9975
f 9975 9974 9976
f 9975 9976 9977
f 9977 9976 9978
f 9977 9978 9979
f 9979 9978 9980
f 9979 9980 9981
f 9981 9980 9982
f 9981 9982 9983
f 9983 9982 9984
f 9983 9984 9985
f 9984 9986 9985
f 9985 9986 9987
f 9985 9987 9988
f 9988 9987 9989
f 9988 9989 9990
f 9990 9989 9991
f 9990 9991 9992
f 9992 9991 9993
f 9992 9993 9994
f 9994 9993 9995
f 9994 9995 9996
f 9996 9995 9997
f 9996 9997 9971
f 9971 9997 9998
f 9971 9998 9972
f 9999 10000 10001
f 10002 10003 10004
f 10005 10006 10007
f 10008 10009 10010
f 10011 10012 10013
f 10014 10015 10016
f 10017 10018 10019
f 10020 10021 10022
f 10023 10024 10025
f 10026 10027 10028
f 10029 10030 10031
f 10032 10033 10034
f 10035 10036 10037
f 10038 10039 10040
f 10041 10042 10043
f 10044 10045 10046
f 10047 10048 10049
f 10050 10051 10052
f 10053 10054 10055
f 10056 10057 10058
f 10059 10060 10061
f 10062 10063 10064
f 10065 10066 10067
f 10068 10069 10070
f 10071 10072 10073
f 10074 10075 10076
f 10077 10078 10079
f 10080 10081 10082
f 10083 10084 10085
f 10086 10087 10088
f 10089 10090 10091
f 10092 10093 10094
f 10095 10096 10097
f 10098 10099 10100
f 10101 10102 10103
f 10104 10105 10106
f 10107 10108 10109
f 10110 10111 10112
f 10113 10114 10115
f 10116 10117 10118
f 10119 10120 10121
f 10122 10123 10124
f 10125 10126 10127
f 10128 10129 10130
f 10131 10132 10133
f 10134 10135 10136
f 10136 10135 10137
f 10138 10139 10140
f 10140 10139 10141
f 10142 10143 10144
f 10144 10143 10145
f 10146 10147 10148
f 10148 10147 10149
f 10150 10151 10152
f 10152 10151 10153
f 10154 10155 10156
f 10156 10155 10157
f 10158 10159 10160
f 10160 10159 10161
f 10162 10163 10164
f 10164 10163 10165
f 10166 10167 10168
f 10168 10167 10169
f 10170 10171 10172
f 10172 10171 10173
f 10174 10175 10176
f 10176 10175 10177
f 10178 10179 10180
f 10180 10179 10181
f 10182 10183 10184
f 10184 10183 10185
f 10186 10187 10188
f 10188 10187 10189
f 10190 10191 10192
f 10192 10191 10193
f 10194 10195 10196
f 10196 10195 10197
f 10198 10199 10200
f 10200 10199 10201
f 10202 10203 10204
f 10204 10203 10205
f 10206 10207 10208
f 10208 10207 10209
f 10210 10211 10212
f 10212 10211 10213
f 10214 10215 10216
f 10216 10215 10217
f 10218 10219 10220
f 10220 10219 10221
f 10222 10223 10224
f 10224 10223 10225
f 10226 10227 10228
f 10228 10227 10229
f 10230 10231 10232
f 10232 10231 10233
f 10234 10235 10236
f 10236 10235 10237
f 10238 10239 10240
f 10240 10239 10241
f 10242 10243 10244
f 10244 10243 10245
f 10246 10247 10248
f 10248 10247 10249
f 10250 10251 10252
f 10252 10251 10253
f 10254 10255 10256
f 10256 10255 10257
f 10258 10259 10260
f 10260 10259 10261
f 10262 10263 10264
f 10264 10263 10265
f 10266 10267 10268
f 10268 10267 10269
f 10270 10271 10272
f 10272 10271 10273
f 10274 10275 10276
f 10276 10275 10277
f 10278 10279 10280
f 10280 10279 10281
f 10282 10283 10284
f 10284 10283 10285
f 10286 10287 10288
f 10288 10287 10289
f 10290 10291 10292
f 10292 10291 10293
f 10294 10295 10296
f 10296 10295 10297
f 10298 10299 10300
f 10300 10299 10301
f 10302 10303 10304
f 10305 10306 10307
f 10308 10309 10310
f 10311 10312 10313
f 10314 10315 10316
f 10317 10318 10319
f 10320 10321 10322
f 10323 10324 10325
f 10326 10327 10328
f 10329 10330 10331
f 10332 10333 10334
f 10335 10336 10337
f 10338 10339 10340
f 10341 10342 10343
f 10344 10345 10346
f 10347 10348 10349
f 10350 10351 10352
f 10353 10354 10355
f 10356 10357 10358
f 10359 10360 10361
f 10362 10363 10364
f 10365 10366 10367
f 10368 10369 10370
f 10371 10372 10373
f 10374 10375 10376
f 10377 10378 10379
f 10380 10381 10382
f 10383 10384 10385
f 10386 10387 10388
f 10389 10390 10391
f 10392 10393 10394
f 10395 10396 10397
f 10398 10399 10400
f 10401 10402 10403
f 10404 10405 10406
f 10407 10408 10409
f 10410 10411 10412
f 10413 10414 10415
f 10416 10417 10418
f 10419 10420 10421
f 10422 10423 10424
f 10425 10426 10427
f 10427 10426 10428
f 10429 10430 10431
f 10431 10430 10432
f 10433 10434 10435
f 10436 10437 10438
f 10438 10437 10439
f 10440 10441 10442
f 10442 10441 10443
f 10444 10445 10446
f 10446 10445 10447
f 10448 10449 10450
f 10450 10449 10451
f 10452 10453 10454
f 10454 10453 10455
f 10456 10457 10458
f 10458 10457 10459
f 10460 10461 10462
f 10462 10461 10463
f 10464 10465 10466
f 10466 10465 10467
f 10468 10469 10470
f 10470 10469 10471
f 10472 10473 10474
f 10474 10473 10475
f 10476 10477 10478
f 10478 10477 10479
f 10480 10481 10482
f 10482 10481 10483
f 10484 10485 10486
f 10486 10485 10487
f 10488 10489 10490
f 10490 10489 10491
f 10492 10493 10494
f 10494 10493 10495
f 10496 10497 10498
f 10498 10497 10499
f 10500 10501 10502
f 10502 10501 10503
f 10504 10505 10506
f 10506 10505 10507
f 10508 10509 10510
f 10510 10509 10511
f 10512 10513 10514
f 10514 10513 10515
f 10516 10517 10518
f 10518 10517 10519
f 10520 10521 10522
f 10522 10521 10523
f 10524 10525 10526
f 10526 10525 10527
f 10528 10529 10530
f 10530 10529 10531
f 10532 10533 10534
f 10534 10533 10535
f 10536 10537 10538
f 10538 10537 10539
f 10540 10541 10542
f 10542 10541 10543
f 10544 10545 10546
f 10546 10545 10547
f 10548 10549 10550
f 10550 10549 10551
f 10552 10553 10554
f 10554 10553 10555
f 10556 10557 10558
f 10558 10557 10559
f 10560 10561 10562
f 10562 10561 10563
f 10564 10565 10566
f 10566 10565 10567
f 10568 10569 10570
f 10570 10569 10571
f 10572 10573 10574
f 10574 10573 10575
f 10576 10577 10578
f 10578 10577 10579
f 10580 10581 10582
f 10582 10581 10583
f 10584 10585 10586
f 10586 10585 10587
f 10588 10589 10590
f 10590 10589 10591
f 10592 10593 10594
f 10594 10593 10595
f 10596 10597 10598
f 10598 10597 10599
f 10600 10601 10602
f 10602 10601 10603
f 10604 10605 10606
f 10607 10608 10609
f 10610 10611 10612
f 10613 10614 10615
f 10606 10616 10604
f 10604 10616 10617
f 10604 10617 10618
f 10618 10617 10619
f 10618 10619 10620
f 10620 10619 10621
f 10620 10621 10622
f 10622 10621 10623
f 10622 10623 10624
f 10624 10623 10625
f 10624 10625 10626
f 10626 10625 10627
f 10626 10627 10628
f 10628 10627 10629
f 10628 10629 10614
f 10614 10629 10630
f 10614 10630 10615
f 10609 10631 10607
f 10607 10631 10632
f 10607 10632 10633
f 10633 10632 10634
f 10633 10634 10635
f 10635 10634 10636
f 10635 10636 10637
f 10637 10636 10638
f 10637 10638 10639
f 10639 10638 10640
f 10639 10640 10641
f 10641 10640 10642
f 10641 10642 10643
f 10643 10642 10644
f 10643 10644 10605
f 10605 10644 10645
f 10605 10645 10606
f 10612 10646 10610
f 10610 10646 10647
f 10610 10647 10648
f 10648 10647 10649
f 10648 10649 10650
f 10650 10649 10651
f 10650 10651 10652
f 10652 10651 10653
f 10652 10653 10654
f 10654 10653 10655
f 10654 10655 10656
f 10656 10655 10657
f 10656 10657 10658
f 10658 10657 10659
f 10658 10659 10608
f 10608 10659 10660
f 10608 10660 10609
f 10615 10661 10613
f 10613 10661 10662
f 10613 10662 10663
f 10663 10662 10664
f 10663 10664 10665
f 10665 10664 10666
f 10665 10666 10667
f 10667 10666 10668
f 10667 10668 10669
f 10669 10668 10670
f 10669 10670 10671
f 10671 10670 10672
f 10671 10672 10673
f 10673 10672 10674
f 10673 10674 10611
f 10611 10674 10675
f 10611 10675 10612
f 10676 10677 10678
f 10679 10680 10681
f 10682 10683 10684
f 10685 10686 10687
f 10688 10689 10690
f 10691 10692 10693
f 10694 10695 10696
f 10697 10698 10699
f 10700 10701 10702
f 10703 10704 10705
f 10706 10707 10708
f 10709 10710 10711
f 10712 10713 10714
f 10715 10716 10717
f 10718 10719 10720
f 10721 10722 10723
f 10724 10725 10726
f 10727 10728 10729
f 10730 10731 10732
f 10733 10734 10735
f 10736 10737 10738
f 10739 10740 10741
f 10742 10743 10744
f 10745 10746 10747
f 10748 10749 10750
f 10751 10752 10753
f 10754 10755 10756
f 10757 10758 10759
f 10760 10761 10762
f 10762 10761 10763
f 10762 10763 10764
f 10764 10763 10765
f 10764 10765 10766
f 10767 10768 10769
f 10769 10768 10770
f 10769 10770 10771
f 10771 10770 10772
f 10771 10772 10773
f 10773 10774 10771
f 10771 10774 10775
f 10771 10775 10762
f 10762 10775 10776
f 10762 10776 10760
f 10766 10777 10764
f 10764 10777 10778
f 10764 10778 10769
f 10769 10778 10779
f 10769 10779 10767
f 10780 10781 10782
f 10783 10784 10785
f 10786 10787 10788
f 10789 10790 10791
f 10792 10793 10794
f 10795 10796 10797
f 10798 10799 10800
f 10801 10802 10803
f 10804 10805 10806
f 10807 10808 10809
f 10810 10811 10812
f 10813 10814 10815
f 10816 10817 10818
f 10819 10820 10821
f 10822 10823 10824
f 10825 10826 10827
f 10828 10829 10830
f 10831 10832 10833
f 10834 10835 10836
f 10837 10838 10839
f 10840 10841 10842
f 10843 10844 10845
f 10846 10847 10848
f 10849 10850 10851
f 10852 10853 10854
f 10855 10856 10857
f 10858 10859 10860
f 10861 10862 10863
f 10864 10865 10866
f 10867 10868 10869
f 10864 10866 10869
f 10869 10866 10870
f 10869 10870 10867
f 10868 10871 10869
f 10869 10871 10872
f 10869 10872 10873
f 10873 10872 10874
f 10873 10874 10875
f 10875 10876 10873
f 10873 10876 10877
f 10873 10877 10878
f 10878 10877 10879
f 10878 10879 10880
f 10880 10881 10878
f 10878 10881 10882
f 10878 10882 10864
f 10864 10882 10883
f 10864 10883 10865
f 10884 10885 10886
f 10887 10888 10889
f 10890 10891 10892
f 10893 10894 10895
f 10896 10897 10898
f 10899 10900 10901
f 10902 10903 10904
f 10905 10906 10907
f 10908 10909 10910
f 10911 10912 10913
f 10914 10915 10916
f 10917 10918 10919
f 10920 10921 10922
f 10923 10924 10925
f 10926 10927 10928
f 10929 10930 10931
f 10932 10933 10934
f 10935 10936 10937
f 10938 10939 10940
f 10941 10942 10943
f 10944 10945 10946
f 10947 10948 10949
f 10950 10951 10952
f 10953 10954 10955
f 10956 10957 10958
f 10959 10960 10961
f 10962 10963 10964
f 10965 10966 10967
f 10968 10969 10970
f 10971 10972 10973
f 10973 10972 10974
f 10975 10976 10968
f 10968 10976 10977
f 10968 10977 10969
f 10978 10979 10980
f 10980 10979 10981
f 10980 10981 10977
f 10977 10981 10982
f 10977 10982 10969
f 10983 10984 10975
f 10975 10984 10985
f 10971 10986 10972
f 10972 10986 10987
f 10972 10987 10988
f 10988 10987 10989
f 10988 10989 10985
f 10985 10989 10990
f 10985 10990 10975
f 10975 10990 10991
f 10975 10991 10976
f 10972 10992 10974
f 10974 10992 10993
f 10974 10993 10994
f 10995 10996 10997
f 10997 10996 10968
f 10997 10968 10998
f 10998 10968 10970
f 10999 11000 10975
f 10975 11000 11001
f 10975 11001 10983
f 10980 11002 10978
f 10978 11002 11003
f 10978 11003 11004
f 10995 11005 10996
f 10996 11005 11006
f 10996 11006 11004
f 11003 11007 11004
f 11004 11007 11008
f 11004 11008 10996
f 10996 11008 11009
f 10996 11009 10999
f 10999 11009 11010
f 10999 11010 10994
f 10993 11011 10994
f 10994 11011 11012
f 10994 11012 10999
f 10999 11012 11013
f 10999 11013 11000
f 11014 11015 11016
f 11017 11018 11019
f 11020 11021 11022
f 11023 11024 11025
f 11026 11027 11028
f 11029 11030 11031
f 11032 11033 11034
f 11035 11036 11037
f 11038 11039 11040
f 11041 11042 11043
f 11044 11045 11046
f 11047 11048 11049
f 11050 11051 11052
f 11053 11054 11055
f 11056 11057 11058
f 11059 11060 11061
f 11062 11063 11064
f 11065 11066 11067
f 11068 11069 11070
f 11071 11072 11073
f 11074 11075 11076
f 11077 11078 11079
f 11080 11081 11082
f 11083 11084 11085
f 11086 11087 11088
f 11089 11090 11091
f 11092 11093 11094
f 11095 11096 11097
f 11098 11099 11100
f 11100 11099 11101
f 11102 11103 11104
f 11104 11103 11105
f 11104 11105 11106
f 11107 11108 11104
f 11104 11108 11109
f 11104 11109 11102
f 11110 11111 11104
f 11104 11111 11112
f 11104 11112 11107
f 11106 11113 11104
f 11104 11113 11114
f 11104 11114 11110
f 11115 11116 11117
f 11117 11116 11118
f 11117 11118 11119
f 11120 11121 11117
f 11117 11121 11122
f 11117 11122 11115
f 11123 11124 11117
f 11117 11124 11125
f 11117 11125 11120
f 11119 11126 11117
f 11117 11126 11127
f 11117 11127 11123
f 11128 11129 11130
f 11131 11132 11133
f 11134 11135 11136
f 11137 11138 11139
f 11140 11141 11142
f 11143 11144 11145
f 11146 11147 11148
f 11149 11150 11151
f 11152 11153 11154
f 11155 11156 11157
f 11158 11159 11160
f 11161 11162 11163
f 11164 11165 11166
f 11164 11166 11167
f 11168 11169 11170
f 11168 11170 11171
f 11172 11173 11174
f 11175 11176 11177
f 11178 11179 11180
f 11181 11182 11183
f 11181 11183 11184
f 11185 11186 11187
f 11185 11187 11188
f 11189 11190 11191
f 11189 11191 11192
f 11193 11194 11195
f 11193 11195 11196
f 11197 11198 11199
f 11197 11199 11200
f 11201 11202 11203
f 11204 11205 11206
f 11207 11208 11209
f 11210 11211 11212
f 11213 11214 11215
f 11216 11217 11218
f 11219 11220 11221
f 11222 11223 11224
f 11225 11226 11227
f 11228 11229 11230
f 11228 11230 11231
f 11232 11233 11234
f 11235 11236 11237
f 11238 11239 11240
f 11238 11240 11241
f 11242 11243 11244
f 11242 11244 11245
f 11246 11247 11248
f 11249 11250 11251
f 11252 11253 11254
f 11252 11254 11255
f 11256 11257 11258
f 11256 11258 11259
f 11260 11261 11262
f 11263 11264 11265
f 11266 11267 11268
f 11269 11270 11271
f 11272 11273 11274
f 11275 11276 11277
f 11278 11279 11280
f 11281 11282 11283
f 11284 11285 11286
f 11287 11288 11289
f 11290 11291 11292
f 11293 11294 11295
f 11296 11297 11298
f 11299 11300 11301
f 11302 11303 11304
f 11305 11306 11307
f 11308 11309 11310
f 11311 11312 11313
f 11311 11313 11314
f 11315 11316 11317
f 11318 11319 11320
f 11321 11322 11323
f 11321 11323 11324
f 11325 11326 11327
f 11325 11327 11328
f 11329 11330 11331
f 11332 11333 11334
f 11335 11336 11337
f 11335 11337 11338
f 11339 11340 11341
f 11339 11341 11342
f 11343 11344 11345
f 11346 11347 11348
f 11349 11350 11351
f 11352 11353 11354
f 11355 11356 11357
f 11358 11359 11360
f 11361 11362 11363
f 11364 11365 11366
f 11367 11368 11369
f 11370 11371 11372
f 11373 11374 11375
f 11376 11377 11378
f 11379 11380 11381
f 11382 11383 11384
f 11385 11386 11387
f 11388 11389 11390
f 11391 11392 11393
f 11394 11395 11396
f 11394 11396 11397
f 11398 11399 11400
f 11401 11402 11403
f 11404 11405 11406
f 11404 11406 11407
f 11408 11409 11410
f 11408 11410 11411
f 11412 11413 11414
f 11415 11416 11417
f 11418 11419 11420
f 11418 11420 11421
f 11422 11423 11424
f 11422 11424 11425
f 11426 11427 11428
f 11429 11430 11431
f 11432 11433 11434
f 11435 11436 11437
f 11438 11439 11440
f 11441 11442 11443
f 11444 11445 11446
f 11447 11448 11449
f 11450 11451 11452
f 11453 11454 11455
f 11456 11457 11458
f 11459 11460 11461
f 11462 11463 11464
f 11465 11466 11467
f 11468 11469 11470
f 11471 11472 11473
f 11474 11475 11476
f 11477 11478 11479
f 11477 11479 11480
f 11481 11482 11483
f 11481 11483 11484
f 11485 11486 11487
f 11485 11487 11488
f 11489 11490 11491
f 11489 11491 11492
f 11493 11494 11495
f 11493 11495 11496
f 11497 11498 11499
f 11497 11499 11500
f 11501 11502 11503
f 11501 11503 11504
f 11505 11506 11507
f 11505 11507 11508
f 11509 11510 11511
f 11512 11513 11514
f 11515 11516 11517
f 11518 11519 11520
f 11521 11522 11523
f 11524 11525 11526
f 11527 11528 11529
f 11530 11531 11532
f 11533 11534 11535
f 11536 11537 11538
f 11539 11540 11541
f 11542 11543 11544
f 11545 11546 11547
f 11545 11547 11548
f 11549 11550 11551
f 11549 11551 11552
f 11553 11554 11555
f 11556 11557 11558
f 11559 11560 11561
f 11562 11563 11564
f 11562 11564 11565
f 11566 11567 11568
f 11566 11568 11569
f 11570 11571 11572
f 11570 11572 11573
f 11574 11575 11576
f 11574 11576 11577
f 11578 11579 11580
f 11578 11580 11581
f 11582 11583 11584
f 11585 11586 11587
f 11588 11589 11590
f 11591 11592 11593
f 11594 11595 11596
f 11597 11598 11599
f 11600 11601 11602
f 11603 11604 11605
f 11606 11607 11608
f 11609 11610 11611
f 11609 11611 11612
f 11613 11614 11615
f 11616 11617 11618
f 11619 11620 11621
f 11619 11621 11622
f 11623 11624 11625
f 11623 11625 11626
f 11627 11628 11629
f 11630 11631 11632
f 11633 11634 11635
f 11633 11635 11636
f 11637 11638 11639
f 11637 11639 11640
f 11641 11642 11643
f 11644 11645 11646
f 11647 11648 11649
f 11650 11651 11652
f 11653 11654 11655
f 11656 11657 11658
f 11659 11660 11661
f 11662 11663 11664
f 11665 11666 11667
f 11668 11669 11670
f 11671 11672 11673
f 11674 11675 11676
f 11677 11678 11679
f 11680 11681 11682
f 11683 11684 11685
f 11686 11687 11688
f 11689 11690 11691
f 11692 11693 11694
f 11692 11694 11695
f 11696 11697 11698
f 11699 11700 11701
f 11702 11703 11704
f 11702 11704 11705
f 11706 11707 11708
f 11706 11708 11709
f 11710 11711 11712
f 11713 11714 11715
f 11716 11717 11718
f 11716 11718 11719
f 11720 11721 11722
f 11720 11722 11723
f 11724 11725 11726
f 11727 11728 11729
f 11730 11731 11732
f 11733 11734 11735
f 11736 11737 11738
f 11739 11740 11741
f 11742 11743 11744
f 11745 11746 11747
f 11748 11749 11750
f 11751 11752 11753
f 11754 11755 11756
f 11757 11758 11759
f 11760 11761 11762
f 11763 11764 11765
f 11766 11767 11768
f 11769 11770 11771
f 11772 11773 11774
f 11775 11776 11777
f 11775 11777 11778
f 11779 11780 11781
f 11782 11783 11784
f 11785 11786 11787
f 11785 11787 11788
f 11789 11790 11791
f 11789 11791 11792
f 11793 11794 11795
f 11796 11797 11798
f 11799 11800 11801
f 11799 11801 11802
f 11803 11804 11805
f 11803 11805 11806
f 11807 11808 11809
f 11810 11811 11812
f 11813 11814 11815
f 11816 11817 11818
f 11819 11820 11821
f 11822 11823 11824
f 11825 11826 11827
f 11828 11829 11830
f 11831 11832 11833
f 11834 11835 11836
f 11837 11838 11839
f 11840 11841 11842
f 11843 11844 11845
f 11846 11847 11848
f 11849 11850 11851
f 11852 11853 11854
f 11855 11856 11857
f 11858 11859 11860
f 11861 11862 11863
f 11864 11865 11866
f 11867 11868 11869
f 11870 11871 11872
f 11873 11874 11875
f 11876 11877 11878
f 11879 11880 11881
f 11882 11883 11884
f 11885 11886 11887
f 11888 11889 11890
f 11891 11892 11893
f 11894 11895 11896
f 11894 11896 11897
f 11898 11899 11900
f 11898 11900 11901
f 11902 11903 11904
f 11905 11906 11907
f 11908 11909 11910
f 11911 11912 11913
f 11911 11913 11914
f 11915 11916 11917
f 11915 11917 11918
f 11919 11920 11921
f 11919 11921 11922
f 11923 11924 11925
f 11923 11925 11926
f 11927 11928 11929
f 11927 11929 11930
f 11931 11932 11933
f 11934 11935 11936
f 11937 11938 11939
f 11940 11941 11942
f 11943 11944 11945
f 11946 11947 11948
f 11949 11950 11951
f 11952 11953 11954
f 11955 11956 11957
f 11958 11959 11960
f 11958 11960 11961
f 11962 11963 11964
f 11965 11966 11967
f 11968 11969 11970
f 11968 11970 11971
f 11972 11973 11974
f 11972 11974 11975
f 11976 11977 11978
f 11979 11980 11981
f 11982 11983 11984
f 11982 11984 11985
f 11986 11987 11988
f 11986 11988 11989
f 11990 11991 11992
f 11993 11994 11995
f 11996 11997 11998
f 11999 12000 12001
f 12002 12003 12004
f 12005 12006 12007
f 12008 12009 12010
f 12011 12012 12013
f 12014 12015 12016
f 12017 12018 12019
f 12020 12021 12022
f 12023 12024 12025
f 12026 12027 12028
f 12029 12030 12031
f 12032 12033 12034
f 12035 12036 12037
f 12038 12039 12040
f 12041 12042 12043
f 12041 12043 12044
f 12045 12046 12047
f 12048 12049 12050
f 12051 12052 12053
f 12051 12053 12054
f 12055 12056 12057
f 12055 12057 12058
f 12059 12060 12061
f 12062 12063 12064
f 12065 12066 12067
f 12065 12067 12068
f 12069 12070 12071
f 12069 12071 12072
f 12073 12074 12075
f 12076 12077 12078
f 12079 12080 12081
f 12082 12083 12084
f 12085 12086 12087
f 12088 12089 12090
f 12091 12092 12093
f 12094 12095 12096
f 12097 12098 12099
f 12100 12101 12102
f 12103 12104 12105
f 12106 12107 12108
f 12109 12110 12111
f 12112 12113 12114
f 12115 12116 12117
f 12118 12119 12120
f 12121 12122 12123
f 12124 12125 12126
f 12124 12126 12127
f 12128 12129 12130
f 12131 12132 12133
f 12134 12135 12136
f 12134 12136 12137
f 12138 12139 12140
f 12138 12140 12141
f 12142 12143 12144
f 12145 12146 12147
f 12148 12149 12150
f 12148 12150 12151
f 12152 12153 12154
f 12152 12154 12155
f 12156 12157 12158
f 12159 12160 12161
f 12162 12163 12164
f 12165 12166 12167
f 12168 12169 12170
f 12171 12172 12173
f 12174 12175 12176
f 12177 12178 12179
f 12180 12181 12182
f 12183 12184 12185
f 12186 12187 12188
f 12189 12190 12191
f 12192 12193 12194
f 12195 12196 12197
f 12198 12199 12200
f 12201 12202 12203
f 12204 12205 12206
f 12207 12208 12209
f 12207 12209 12210
f 12211 12212 12213
f 12211 12213 12214
f 12215 12216 12217
f 12215 12217 12218
f 12219 12220 12221
f 12219 12221 12222
f 12223 12224 12225
f 12223 12225 12226
f 12227 12228 12229
f 12227 12229 12230
f 12231 12232 12233
f 12231 12233 12234
f 12235 12236 12237
f 12235 12237 12238
f 12239 12240 12241
f 12242 12243 12244
f 12245 12246 12247
f 12248 12249 12250
f 12251 12252 12253
f 12254 12255 12256
f 12257 12258 12259
f 12260 12261 12262
f 12263 12264 12265
f 12266 12267 12268
f 12269 12270 12271
f 12272 12273 12274
f 12275 12276 12277
f 12275 12277 12278
f 12279 12280 12281
f 12279 12281 12282
f 12283 12284 12285
f 12286 12287 12288
f 12289 12290 12291
f 12292 12293 12294
f 12292 12294 12295
f 12296 12297 12298
f 12296 12298 12299
f 12300 12301 12302
f 12300 12302 12303
f 12304 12305 12306
f 12304 12306 12307
f 12308 12309 12310
f 12308 12310 12311
f 12312 12313 12314
f 12315 12316 12317
f 12318 12319 12320
f 12321 12322 12323
f 12324 12325 12326
f 12327 12328 12329
f 12330 12331 12332
f 12333 12334 12335
f 12336 12337 12338
f 12339 12340 12341
f 12339 12341 12342
f 12343 12344 12345
f 12346 12347 12348
f 12349 12350 12351
f 12349 12351 12352
f 12353 12354 12355
f 12353 12355 12356
f 12357 12358 12359
f 12360 12361 12362
f 12363 12364 12365
f 12363 12365 12366
f 12367 12368 12369
f 12367 12369 12370
f 12371 12372 12373
f 12374 12375 12376
f 12377 12378 12379
f 12380 12381 12382
f 12383 12384 12385
f 12386 12387 12388
f 12389 12390 12391
f 12392 12393 12394
f 12395 12396 12397
f 12398 12399 12400
f 12401 12402 12403
f 12404 12405 12406
f 12407 12408 12409
f 12410 12411 12412
f 12413 12414 12415
f 12416 12417 12418
f 12419 12420 12421
f 12422 12423 12424
f 12422 12424 12425
f 12426 12427 12428
f 12429 12430 12431
f 12432 12433 12434
f 12432 12434 12435
f 12436 12437 12438
f 12436 12438 12439
f 12440 12441 12442
f 12443 12444 12445
f 12446 12447 12448
f 12446 12448 12449
f 12450 12451 12452
f 12450 12452 12453
f 12454 12455 12456
f 12457 12458 12459
f 12460 12461 12462
f 12463 12464 12465
f 12466 12467 12468
f 12469 12470 12471
f 12472 12473 12474
f 12475 12476 12477
f 12478 12479 12480
f 12481 12482 12483
f 12484 12485 12486
f 12487 12488 12489
f 12490 12491 12492
f 12493 12494 12495
f 12496 12497 12498
f 12499 12500 12501
f 12502 12503 12504
f 12505 12506 12507
f 12505 12507 12508
f 12509 12510 12511
f 12512 12513 12514
f 12515 12516 12517
f 12515 12517 12518
f 12519 12520 12521
f 12519 12521 12522
f 12523 12524 12525
f 12526 12527 12528
f 12529 12530 12531
f 12529 12531 12532
f 12533 12534 12535
f 12533 12535 12536
f 12537 12538 12539
f 12540 12541 12542
f 12543 12544 12545
f 12546 12547 12548
f 12549 12550 12551
f 12552 12553 12554
f 12555 12556 12557
f 12558 12559 12560
f 12561 12562 12563
f 12564 12565 12566
f 12567 12568 12569
f 12570 12571 12572
f 12573 12574 12575
f 12576 12577 12578
f 12579 12580 12581
f 12582 12583 12584
f 12585 12586 12587
f 12588 12589 12590
f 12590 12589 12591
f 12589 12592 12591
f 12591 12592 12593
f 12591 12593 12594
f 12594 12593 12595
f 12595 12593 12596
f 12595 12596 12597
f 12597 12596 12598
f 12597 12598 12599
f 12599 12598 12600
f 12599 12600 12601
f 12601 12600 12602
f 12601 12602 12603
f 12603 12602 12604
f 12603 12604 12605
f 12605 12604 12606
f 12605 12606 12607
f 12608 12609 12610
f 12611 12612 12613
f 12613 12612 12614
f 12613 12614 12610
f 12610 12614 12615
f 12610 12615 12608
f 12609 12608 12616
f 12616 12608 12617
f 12616 12617 12618
f 12606 12619 12607
f 12607 12619 12620
f 12607 12620 12621
f 12621 12620 12622
f 12621 12622 12609
f 12609 12622 12623
f 12609 12623 12610
f 12624 12625 12626
f 12626 12625 12627
f 12626 12627 12613
f 12613 12627 12628
f 12613 12628 12611
f 12617 12629 12618
f 12618 12629 12630
f 12618 12630 12631
f 12630 12632 12631
f 12631 12632 12633
f 12631 12633 12634
f 12634 12633 12635
f 12634 12635 12636
f 12636 12635 12588
f 12636 12588 12637
f 12637 12588 12590
f 12638 12639 12640
f 12640 12639 12641
f 12642 12643 12644
f 12644 12643 12645
f 12646 12647 12648
f 12648 12647 12649
f 12650 12651 12652
f 12652 12651 12653
f 12654 12655 12656
f 12656 12655 12657
f 12658 12659 12660
f 12660 12659 12661
f 12662 12663 12664
f 12664 12663 12665
f 12666 12667 12668
f 12668 12667 12669
f 12670 12671 12672
f 12672 12671 12673
f 12674 12675 12676
f 12676 12675 12677
f 12678 12679 12680
f 12680 12679 12681
f 12682 12683 12684
f 12684 12683 12685
f 12686 12687 12688
f 12688 12687 12689
f 12690 12691 12692
f 12692 12691 12693
f 12694 12695 12696
f 12696 12695 12697
f 12698 12699 12700
f 12700 12699 12701
f 12702 12703 12704
f 12704 12703 12705
f 12706 12707 12708
f 12708 12707 12709
f 12710 12711 12712
f 12712 12711 12713
f 12714 12715 12716
f 12716 12715 12717
f 12718 12719 12720
f 12720 12719 12721
f 12722 12723 12724
f 12724 12723 12725
f 12726 12727 12728
f 12726 12728 12729
f 12730 12731 12732
f 12730 12732 12733
f 12734 12735 12736
f 12734 12736 12737
f 12738 12739 12740
f 12740 12739 12741
f 12742 12743 12744
f 12742 12744 12745
f 12746 12747 12748
f 12746 12748 12749
f 12750 12751 12752
f 12752 12751 12753
f 12754 12755 12756
f 12756 12755 12757
f 12758 12759 12760
f 12760 12759 12761
f 12762 12763 12764
f 12764 12763 12765
f 12766 12767 12768
f 12769 12770 12771
f 12771 12770 12772
f 12768 12767 12773
f 12774 12775 12776
f 12768 12777 12778
f 12767 12779 12780
f 12780 12779 12781
f 12780 12781 12771
f 12771 12781 12782
f 12771 12782 12769
f 12776 12771 12774
f 12774 12771 12772
f 12774 12772 12783
f 12783 12772 12784
f 12768 12778 12766
f 12766 12778 12785
f 12766 12785 12786
f 12787 12788 12789
f 12789 12788 12783
f 12789 12783 12790
f 12790 12783 12784
f 12790 12784 12791
f 12791 12784 12792
f 12793 12794 12780
f 12780 12794 12795
f 12780 12795 12767
f 12767 12795 12796
f 12767 12796 12773
f 12773 12796 12797
f 12798 12799 12800
f 12801 12802 12803
f 12804 12805 12806
f 12804 12806 12807
f 12808 12809 12810
f 12811 12812 12813
f 12814 12815 12816
f 12817 12818 12819
f 12820 12821 12822
f 12823 12824 12825
f 12826 12827 12828
f 12829 12830 12831
f 12832 12833 12834
f 12835 12836 12837
f 12838 12839 12840
f 12841 12842 12843
f 12844 12845 12846
f 12847 12848 12849
f 12850 12851 12852
f 12853 12854 12855
f 12856 12857 12858
f 12859 12860 12861
f 12862 12863 12864
f 12800 12865 12798
f 12866 12867 12868
f 12868 12867 12869
f 12870 12871 12872
f 12873 12874 12875
f 12876 12877 12878
f 12876 12878 12879
f 12880 12881 12882
f 12883 12884 12885
f 12886 12887 12888
f 12889 12890 12891
f 12892 12893 12894
f 12895 12896 12897
f 12898 12899 12900
f 12901 12902 12903
f 12904 12905 12906
f 12907 12908 12909
f 12910 12911 12912
f 12913 12914 12915
f 12916 12917 12918
f 12919 12920 12921
f 12922 12923 12924
f 12925 12926 12927
f 12928 12929 12930
f 12931 12932 12933
f 12934 12935 12936
f 12872 12937 12870
f 12938 12939 12940
f 12940 12939 12941
f 12942 12943 12944
f 12945 12946 12947
f 12948 12949 12950
f 12948 12950 12951
f 12952 12953 12954
f 12955 12956 12957
f 12958 12959 12960
f 12961 12962 12963
f 12964 12965 12966
f 12967 12968 12969
f 12970 12971 12972
f 12973 12974 12975
f 12976 12977 12978
f 12979 12980 12981
f 12982 12983 12984
f 12985 12986 12987
f 12988 12989 12990
f 12991 12992 12993
f 12994 12995 12996
f 12997 12998 12999
f 13000 13001 13002
f 13003 13004 13005
f 13006 13007 13008
f 12944 13009 12942
f 13010 13011 13012
f 13012 13011 13013
f 13014 13015 13016
f 13017 13018 13019
f 13020 13021 13022
f 13020 13022 13023
f 13024 13025 13026
f 13027 13028 13029
f 13030 13031 13032
f 13033 13034 13035
f 13036 13037 13038
f 13039 13040 13041
f 13042 13043 13044
f 13045 13046 13047
f 13048 13049 13050
f 13051 13052 13053
f 13054 13055 13056
f 13057 13058 13059
f 13060 13061 13062
f 13063 13064 13065
f 13066 13067 13068
f 13069 13070 13071
f 13072 13073 13074
f 13075 13076 13077
f 13078 13079 13080
f 13016 13081 13014
f 13082 13083 13084
f 13084 13083 13085
f 13086 13087 13088
f 13089 13090 13091
f 13091 13090 13092
f 13092 13090 13093
f 13092 13093 13094
f 13094 13093 13095
f 13094 13095 13096
f 13097 13098 13099
f 13099 13098 13100
f 13099 13100 13088
f 13088 13100 13101
f 13088 13101 13086
f 13102 13103 13104
f 13105 13106 13107
f 13107 13106 13108
f 13107 13108 13109
f 13110 13111 13112
f 13111 13110 13113
f 13087 13114 13088
f 13088 13114 13115
f 13088 13115 13116
f 13117 13118 13091
f 13091 13118 13119
f 13112 13120 13110
f 13110 13120 13121
f 13110 13121 13104
f 13104 13121 13122
f 13104 13122 13102
f 13123 13124 13125
f 13125 13124 13088
f 13125 13088 13126
f 13126 13088 13116
f 13119 13127 13091
f 13091 13127 13128
f 13091 13128 13089
f 13097 13099 13095
f 13095 13099 13129
f 13095 13129 13096
f 13096 13129 13130
f 13096 13130 13131
f 13132 13133 13091
f 13091 13133 13134
f 13091 13134 13117
f 13103 13135 13104
f 13104 13135 13136
f 13104 13136 13137
f 13110 13138 13113
f 13113 13138 13139
f 13113 13139 13140
f 13140 13139 13141
f 13140 13141 13142
f 13105 13143 13106
f 13106 13143 13144
f 13106 13144 13145
f 13145 13144 13104
f 13145 13104 13146
f 13146 13104 13137
f 13147 13148 13149
f 13149 13148 13150
f 13149 13150 13123
f 13123 13150 13151
f 13123 13151 13124
f 13142 13141 13152
f 13152 13141 13153
f 13152 13153 13131
f 13131 13153 13154
f 13131 13154 13096
f 13109 13108 13091
f 13091 13108 13155
f 13091 13155 13132
f 13140 13156 13113
f 13113 13156 13157
f 13113 13157 13158
f 13158 13157 13159
f 13158 13159 13160
f 13161 13162 13159
f 13159 13162 13163
f 13163 13164 13159
f 13159 13164 13165
f 13159 13165 13160
f 13166 13167 13159
f 13159 13167 13168
f 13159 13168 13161
f 13147 13149 13159
f 13159 13149 13169
f 13159 13169 13166
f 13170 13171 13172
f 13173 13174 13175
f 13176 13177 13178
f 13179 13180 13181
f 13182 13183 13184
f 13185 13186 13187
f 13188 13189 13190
f 13191 13192 13193
f 13194 13195 13196
f 13197 13198 13199
f 13200 13201 13202
f 13203 13204 13205
f 13206 13207 13208
f 13209 13210 13211
f 13212 13213 13214
f 13215 13216 13217
f 13218 13219 13220
f 13221 13222 13223
f 13224 13225 13226
f 13227 13228 13229
f 13230 13231 13232
f 13233 13234 13235
f 13236 13237 13238
f 13239 13240 13241
f 13242 13243 13244
f 13245 13246 13247
f 13248 13249 13250
f 13251 13252 13253
f 13254 13255 13256
f 13256 13255 13257
f 13258 13259 13260
f 13260 13259 13261
f 13262 13263 13264
f 13265 13266 13267
f 13268 13269 13270
f 13271 13272 13273
f 13274 13275 13276
f 13277 13278 13279
f 13280 13281 13282
f 13283 13284 13285
f 13286 13287 13288
f 13289 13290 13291
f 13292 13293 13294
f 13295 13296 13297
f 13298 13299 13300
f 13301 13302 13303
f 13304 13305 13306
f 13307 13308 13309
f 13310 13311 13312
f 13313 13314 13315
f 13316 13317 13318
f 13319 13320 13321
f 13322 13323 13324
f 13325 13326 13327
f 13328 13329 13330
f 13331 13332 13333
f 13334 13335 13336
f 13337 13338 13339
f 13340 13341 13342
f 13343 13344 13345
f 13346 13347 13348
f 13349 13350 13351
f 13352 13353 13354
f 13355 13356 13357
f 13358 13359 13360
f 13361 13362 13363
f 13364 13365 13366
f 13367 13368 13369
f 13370 13371 13372
f 13373 13374 13375
f 13376 13377 13378
f 13379 13380 13381
f 13382 13383 13384
f 13385 13386 13387
f 13388 13389 13390
f 13391 13392 13393
f 13394 13395 13396
f 13397 13398 13399
f 13400 13401 13402
f 13403 13404 13405
f 13406 13407 13408
f 13409 13410 13411
f 13412 13413 13414
f 13415 13416 13417
f 13418 13419 13420
f 13421 13422 13423
f 13424 13425 13426
f 13427 13428 13429
f 13430 13431 13432
f 13432 13431 13433
f 13434 13435 13436
f 13436 13435 13437
f 13438 13439 13440
f 13441 13442 13443
f 13444 13445 13446
f 13447 13448 13449
f 13450 13451 13452
f 13453 13454 13455
f 13456 13457 13458
f 13459 13460 13461
f 13462 13463 13464
f 13465 13466 13467
f 13468 13469 13470
f 13471 13472 13473
f 13474 13475 13476
f 13477 13478 13479
f 13480 13481 13482
f 13483 13484 13485
f 13486 13487 13488
f 13489 13490 13491
f 13492 13493 13494
f 13495 13496 13497
f 13498 13499 13500
f 13501 13502 13503
f 13504 13505 13506
f 13507 13508 13509
f 13510 13511 13512
f 13513 13514 13515
f 13516 13517 13518
f 13519 13520 13521
f 13522 13523 13524
f 13524 13523 13525
f 13526 13527 13528
f 13528 13527 13529
f 13530 13531 13532
f 13532 13531 13533
f 13534 13535 13536
f 13536 13535 13537
f 13538 13539 13540
f 13540 13539 13541
f 13542 13543 13544
f 13544 13543 13545
f 13546 13547 13548
f 13548 13547 13549
f 13550 13551 13552
f 13552 13551 13553
f 13554 13555 13556
f 13556 13555 13557
f 13558 13559 13560
f 13560 13559 13561
f 13562 13563 13564
f 13564 13563 13565
f 13566 13567 13568
f 13568 13567 13569
f 13570 13571 13572
f 13572 13571 13573
f 13572 13573 13574
f 13575 13576 13572
f 13572 13576 13577
f 13572 13577 13570
f 13578 13579 13572
f 13572 13579 13580
f 13572 13580 13575
f 13574 13581 13572
f 13572 13581 13582
f 13572 13582 13578
f 13583 13584 13585
f 13585 13584 13586
f 13587 13588 13589
f 13589 13588 13590
f 13591 13592 13593
f 13593 13592 13594
f 13595 13596 13597
f 13597 13596 13598
f 13599 13600 13601
f 13601 13600 13602
f 13603 13604 13605
f 13605 13604 13606
f 13607 13608 13609
f 13609 13608 13610
f 13611 13612 13613
f 13613 13612 13614
f 13615 13616 13617
f 13617 13616 13618
f 13619 13620 13621
f 13621 13620 13622
f 13623 13624 13625
f 13625 13624 13626
f 13627 13628 13629
f 13629 13628 13630
f 13631 13632 13633
f 13633 13632 13634
f 13633 13634 13635
f 13636 13637 13633
f 13633 13637 13638
f 13633 13638 13631
f 13639 13640 13633
f 13633 13640 13641
f 13633 13641 13636
f 13635 13642 13633
f 13633 13642 13643
f 13633 13643 13639
f 13644 13645 13646
f 13646 13645 13647
f 13648 13649 13650
f 13650 13649 13651
f 13652 13653 13654
f 13654 13653 13655
f 13656 13657 13658
f 13658 13657 13659
f 13660 13661 13662
f 13662 13661 13663
f 13664 13665 13666
f 13666 13665 13667
f 13668 13669 13670
f 13670 13669 13671
f 13672 13673 13674
f 13674 13673 13675
f 13676 13677 13678
f 13678 13677 13679
f 13680 13681 13682
f 13682 13681 13683
f 13684 13685 13686
f 13686 13685 13687
f 13688 13689 13690
f 13690 13689 13691
f 13692 13693 13694
f 13694 13693 13695
f 13696 13697 13698
f 13698 13697 13699
f 13700 13701 13702
f 13702 13701 13703
f 13704 13705 13706
f 13706 13705 13707
f 13708 13709 13710
f 13711 13712 13710
f 13710 13712 13713
f 13710 13713 13708
f 13714 13715 13710
f 13710 13715 13716
f 13710 13716 13711
f 13717 13718 13710
f 13710 13718 13719
f 13710 13719 13714
f 13720 13721 13710
f 13710 13721 13722
f 13710 13722 13717
f 13709 13723 13710
f 13710 13723 13724
f 13710 13724 13720
f 13725 13726 13727
f 13727 13726 13728
f 13729 13730 13731
f 13731 13730 13732
f 13733 13734 13735
f 13735 13734 13736
f 13737 13738 13739
f 13739 13738 13740
f 13741 13742 13743
f 13743 13742 13744
f 13745 13746 13747
f 13747 13746 13748
f 13749 13750 13751
f 13751 13750 13752
f 13753 13754 13755
f 13755 13754 13756
f 13757 13758 13759
f 13759 13758 13760
f 13761 13762 13763
f 13763 13762 13764
f 13765 13766 13767
f 13767 13766 13768
f 13769 13770 13771
f 13771 13770 13772
f 13773 13774 13775
f 13775 13774 13776
f 13777 13778 13779
f 13779 13778 13780
f 13781 13782 13783
f 13783 13782 13784
f 13785 13786 13787
f 13787 13786 13788
f 13789 13790 13791
f 13792 13793 13791
f 13791 13793 13794
f 13791 13794 13789
f 13795 13796 13791
f 13791 13796 13797
f 13791 13797 13792
f 13798 13799 13791
f 13791 13799 13800
f 13791 13800 13795
f 13801 13802 13791
f 13791 13802 13803
f 13791 13803 13798
f 13790 13804 13791
f 13791 13804 13805
f 13791 13805 13801
