mtllib hand2_link_3_2_visuals.mtl
v -0.0027726052794605507 0.03584689646959305 -0.00844169314950705
v -0.0027726960834115757 0.0359160341322422 -0.008455411531031135
v -0.002136430703103543 0.0362740233540535 -0.008809275925159458
v -0.002655614633113147 0.036368150264024734 -0.008602413348853592
v -0.0026082026306539787 0.0364530086517334 -0.008641564287245277
v -0.0024876545649021877 0.03660595044493675 -0.008726648986339573
v -0.0018992958357557663 0.03585294261574745 -0.00881350785493851
v -0.0019434591522440323 0.03575703874230385 -0.008779243566095832
v -0.0023659837897866973 0.03579803556203842 -0.008622565306723121
v -0.0024985244963318123 0.03539690002799034 -0.008483541198074821
v -0.0026212376542389406 0.03546185418963432 -0.008439273573458198
v -0.0021536629647016534 0.0354953370988369 -0.008649166673421863
v -0.0023568375036120423 0.035395145416259766 -0.008545833639800552
v -0.0027183990459889187 0.0355972982943058 -0.00841903500258923
v -0.0018260554643347868 0.03623850643634796 -0.00891327299177647
v -0.0018388492753729233 0.03637552633881569 -0.00893538631498814
v -0.002367848530411721 0.036698658019304276 -0.008796801790595058
v -0.0023587034083902845 0.03670376166701317 -0.008801660500466827
v -0.0021853321231901654 0.03675113990902901 -0.008881445042788986
v -0.0020526887383311996 0.03671831265091896 -0.008925713598728183
v -0.0019262675195932397 0.036601655185222626 -0.008948842994868759
v -0.002721929689869286 0.03641599789261818 -0.008564335294067863
v -0.0018161062616854915 0.03581883758306503 -0.008820795454084877
v -0.0018701370572671303 0.035718053579330444 -0.008784876205027107
v -0.001544627943076194 0.03588304668664932 -0.008718570694327358
v -0.0016365770716220147 0.03565273433923721 -0.008645694702863697
v -0.0016964934766292579 0.03565835580229759 -0.008711138740181926
v -0.0016429231036454446 0.03577572479844093 -0.008750865235924724
v -0.0015547884395346052 0.03621646761894226 -0.0088635478168726
v -0.0014914611820131547 0.03622623160481453 -0.008800348266959194
v -0.0016031070845201618 0.03655506670475006 -0.008913703262805942
v -0.0015349606983363635 0.036558039486408234 -0.008851286023855213
v -0.0017148826736956843 0.03677646070718765 -0.008920003660023216
v -0.0016609575832262642 0.03681384399533272 -0.008861945010721687
v -0.0018445512978360066 0.03690781816840172 -0.008900756947696212
v -0.001864671125076712 0.0369945727288723 -0.008828618563711647
v -0.0020070846658200034 0.03699106723070145 -0.008857766166329387
v -0.0019727037288248548 0.03704066947102547 -0.008798630908131603
v -0.0021876250393688687 0.037012696266174316 -0.00879231467843056
v -0.0021070437505841264 0.03706413879990578 -0.008752224966883663
v -0.0023780553601682195 0.03696461021900177 -0.008704433217644695
v -0.0023587970063090333 0.03701610118150711 -0.008639198727905754
v -0.002598054707050325 0.036807190626859665 -0.008575227111577991
v -0.002583656227216126 0.03685896471142769 -0.008505990728735927
v -0.0027992404066026224 0.036514583975076675 -0.008419269695878032
v -0.0027978527359664453 0.0365486778318882 -0.008337546139955524
v -0.0025410389062017215 0.036673806607723236 -0.008700526319444183
v -0.0023563026916235694 0.03680402785539627 -0.008806855417788032
v -0.0022098380140960225 0.03684062883257866 -0.00887385290116072
v -0.0020792894065380105 0.03682531788945198 -0.008921341039240364
v -0.0017370905261486777 0.036207642406225204 -0.008922128938138488
v -0.0017780916532501587 0.03649522736668587 -0.008964141830801967
v -0.0018669308628886947 0.03666996583342552 -0.008967864327132705
v -0.0019631048198789367 0.03676651045680046 -0.008952684700489048
v -0.001742772990837694 0.03566930070519447 -0.008744039572775367
v -0.0017254231497645387 0.03579116612672806 -0.008799725212156776
v -0.0016410826938226826 0.036209072917699814 -0.008907491341233257
v -0.0016862738411873586 0.03652524948120117 -0.00895403698086739
v -0.0017881549429148444 0.036726128309965134 -0.008959136903285984
v -0.0019032811978831896 0.03684217482805252 -0.008941608481109146
v -0.002045647008344532 0.03691466897726059 -0.008903663605451587
v -0.0022044484503567227 0.036933533847332 -0.008846016600728038
v -0.0023758502211421737 0.03689052164554596 -0.008767199702560905
v -0.002580779138952495 0.036745090037584305 -0.008647870272397998
v -0.0027735072653740657 0.03646780550479889 -0.008500393480062488
v -0.0028438267763704075 0.03540036827325821 -0.008084547705948356
v -0.002939896658062936 0.03589543327689171 -0.00813104305416346
v -0.002939172321930529 0.035939086228609085 -0.008189442567527298
v -0.0028945230878889574 0.03564480319619179 -0.008221069350838665
v -0.00284951855428517 0.03553611412644386 -0.008242996409535411
v -0.0027404369320720447 0.03524203225970268 -0.008107516914606098
v -0.002700709737837316 0.03534366562962532 -0.008305672556161884
v -0.0026521170511841787 0.035163763910532 -0.008136919699609283
v -0.0025595978368073715 0.03511429950594902 -0.008172613568603996
v -0.0025345233734697117 0.03524472564458847 -0.008367470465600494
v -0.0023420872166752824 0.03508509323000908 -0.008267481811344627
v -0.0024513299576938165 0.035220637917518616 -0.008396211080253128
v -0.0023383358493447312 0.0352085642516613 -0.008433239534497265
v -0.002319809515029193 0.035087648779153824 -0.008277795277535919
v -0.002138937124982477 0.03523761034011841 -0.008493316359817985
v -0.0019689390901476153 0.035246267914772034 -0.008451643399894241
v -0.002110541798174382 0.035246726125478745 -0.008501335047185424
v -0.00199784035794437 0.03529547527432442 -0.008531819097697738
v -0.0017558195395395168 0.035478852689266205 -0.00858938787132502
v -0.0017077563097700483 0.03553200140595436 -0.008599301800131801
v -0.002935359021648766 0.036029964685440063 -0.008186088874936107
v -0.00293574924580753 0.036007098853588104 -0.008155657909810547
v -0.0029238702263683094 0.03612321615219116 -0.008185385726392273
v -0.0023723449558019647 0.03522590547800064 -0.008441949263215068
v -0.0026795947924256338 0.03533199056982994 -0.008321047760546211
v -0.0027897860854864133 0.0354594886302948 -0.008291757665574554
v -0.0029347988311201347 0.03596799075603485 -0.008240024559199813
v -0.002188846468925477 0.03526832163333893 -0.00852780602872372
v -0.0016709262272343046 0.03559048846364021 -0.008622648194432262
v -0.0018980689346790322 0.03538127243518829 -0.008587330579757694
v -0.0019681048579514035 0.03541870415210724 -0.008642944507300857
v -0.0020415782928466806 0.03547423705458641 -0.008673221804201606
v -0.0022404203191399583 0.0353396013379097 -0.00856853183358908
v -0.0027610145043581737 0.03632785752415657 -0.008527630008757118
v -0.002846251241862775 0.035929352045059204 -0.008405194617807869
v -0.0028161800000816597 0.03565691038966179 -0.008366382680833343
v -0.0027452730573713792 0.03549538552761078 -0.008370044641196731
v -0.0026530742179602398 0.03538975492119789 -0.008394253440201286
v -0.002534704050049187 0.035322900861501694 -0.008436842821538452
v -0.0023988415487110623 0.035303227603435516 -0.008494089357554916
v -0.002841823734343053 0.03641615808010101 -0.008378339000046257
v -0.00281459908001125 0.03637389838695526 -0.00846123602241278
v -0.0028776261024177087 0.03633983060717583 -0.008253737352788452
v -0.0028712118510156883 0.03564666584134102 -0.0082872249186039
v -0.002904402092099191 0.035947587341070175 -0.008329795673489574
v -0.0008635979611426596 0.04155289754271507 -0.00989389698952437
v -0.0008432822069153193 0.04153028130531311 -0.0098955798894167
v -0.0015990423271432525 0.041274528950452805 -0.009722167626023296
v -0.0011826695408672099 0.041664935648441315 -0.00984443631023169
v -0.001019515912048519 0.0416526235640049 -0.009874247014522558
v -0.001340308575890959 0.041604310274124146 -0.009807596914470201
v -0.001531350077129901 0.041408609598875046 -0.009749387390911583
v -0.0008221011958085004 0.04150303825736046 -0.009897028096020227
v -0.0016184450360015041 0.040738604962825775 -0.009671451523900036
v -0.0016536455368623144 0.0410449281334877 -0.009689175523817543
v -0.0008900660905055706 0.04063473641872406 -0.009818458929657941
v -0.0010998261859640483 0.04047980532050133 -0.009766552597284322
v -0.0009619771735742693 0.04088681563735008 -0.009829759597778326
v -0.0007456568419002 0.04135002940893173 -0.009897815994918352
v -0.000736257643438876 0.04131850600242615 -0.009896919131278997
v -0.0007326697814278308 0.04095224291086197 -0.009869595058262353
v -0.0014888814184814698 0.04054109752178192 -0.009686173871159557
v -0.001333327614702285 0.04045946151018143 -0.00971535034477711
v -0.0011867569992318754 0.040455162525177 -0.009746761061251167
v -0.0012036585249006753 0.041952915489673615 -0.009649586863815788
v -0.0011899987002834682 0.041955266147851944 -0.00965251307934523
v -0.00119836675003171 0.04191281273961067 -0.009725854732096199
v -0.0017453526379540571 0.040540698915719986 -0.009489865973591808
v -0.0018038123380392799 0.0406472347676754 -0.009463573805987838
v -0.0018090521916747102 0.04067937657237053 -0.009482651017606262
v -0.0018756046192720541 0.04095405340194702 -0.009404704906046394
v -0.0018586650257930168 0.04099462181329727 -0.009496778249740604
v -0.0018264435930177578 0.04132697358727455 -0.00945098884403706
v -0.0017865126719698319 0.041375935077667236 -0.009548986330628399
v -0.0016664942959323532 0.04164722189307213 -0.009520229883491996
v -0.0016128843417391187 0.04166916757822037 -0.009616835042834285
v -0.0014567181933671243 0.04184892028570175 -0.009587068110704425
v -0.001425447408109904 0.04182815924286842 -0.009672515094280246
v -0.0012113346019759779 0.04191016033291817 -0.00972364749759436
v -0.0011593524832278494 0.04033946618437767 -0.009714477695524696
v -0.001124887960031629 0.04024507477879524 -0.009633991867303852
v -0.0013331838417798287 0.04029005020856857 -0.00963920168578625
v -0.0013950056163594133 0.0402720645070076 -0.009589003399014476
v -0.0015118275769054896 0.04036083444952965 -0.009603374637663368
v -0.0016316326800733811 0.040408071130514145 -0.00952939968556166
v -0.0016499477205798036 0.04048415645956993 -0.009579566307365898
v -0.0017649508081376561 0.04069424048066139 -0.009567844681441787
v -0.0013285679742693908 0.040370505303144455 -0.009693318046629432
v -0.001478713937103749 0.0404294915497303 -0.009663476608693603
v -0.0011947490274906163 0.041753679513931274 -0.009832975454628473
v -0.001204514992423356 0.04175163432955742 -0.009831014089286333
v -0.0013713614316657192 0.041688237339258194 -0.00979168619960547
v -0.0015257888007909066 0.041558727622032166 -0.00974693335592747
v -0.0016756262630224234 0.04130914807319641 -0.009690230712294582
v -0.001739105675369502 0.04098076373338699 -0.00964585226029158
v -0.0016974179306998855 0.04071711003780365 -0.00963371712714434
v -0.0015964994672685868 0.04053385555744171 -0.009643558412790302
v -0.0012005764292553072 0.041841693222522736 -0.00979208759963513
v -0.0012121391482651238 0.04183925315737724 -0.009789941832423215
v -0.0014058179222047335 0.04176539555191994 -0.009743927046656612
v -0.0015790956094861037 0.04161929711699486 -0.009692966006696228
v -0.0017426377162337312 0.04134511947631836 -0.00962991360574961
v -0.0018111561657860884 0.040986910462379456 -0.00958108622580767
v -0.0012983466731384403 0.040156420320272446 -0.00948381889611483
v -0.0015512023819610483 0.0402541309595108 -0.00943088345229626
v -0.0016526312101632363 0.04034344106912613 -0.009412187151610855
v -0.0017502402188256392 0.04047868028283119 -0.0093976678326726
v -0.001832038746215404 0.040675729513168335 -0.009392370469868187
v -0.001005761208944023 0.040194492787122726 -0.009548954665660862
v -0.0010860504116863017 0.04025022312998772 -0.00963881611824036
v -0.000845294329337776 0.04027864336967468 -0.009585518389940265
v -0.0009156811865977947 0.04029935970902443 -0.009654998779296878
v -0.0008508494356647137 0.04033021628856659 -0.009658861905336383
v -0.0008362738299183551 0.040338169783353806 -0.009659545496106151
v -0.0005835568881593647 0.04055393487215042 -0.009657434187829498
v -0.0005581729928962889 0.04058707877993584 -0.009655194357037548
v -0.0008556684479117398 0.040334172546863556 -0.009667109698057178
v -0.0009058813448064034 0.04038412123918533 -0.00973370019346476
v -0.0011080157710239296 0.040295228362083435 -0.009687582030892376
v -0.0007133621256798509 0.040455907583236694 -0.00970118492841721
v -0.0005358596681617203 0.04073258116841316 -0.009749981574714187
v -0.00048816471826285146 0.040723688900470734 -0.009675210341811184
v -0.0004494869208429011 0.04144774004817009 -0.009734877385199073
v -0.0004095616459380837 0.041260041296482086 -0.009725698269903663
v -0.00045409073936752997 0.04110315069556236 -0.00978960562497378
v -0.00040370284114033 0.041107550263404846 -0.009714955464005474
v -0.0004330980591475966 0.04089144617319107 -0.009695038199424747
v -0.0004981448873877527 0.0414305105805397 -0.00980825442820788
v -0.0006065501365810635 0.041649915277957916 -0.009809092618525033
v -0.0005068373284302654 0.041585322469472885 -0.009737941436469558
v -0.0006382492720149461 0.04169134795665741 -0.0098074171692133
v -0.0006719896919094029 0.04179966449737549 -0.009731031022965912
v -0.0007948915590532127 0.04183012619614601 -0.009792941622436052
v -0.0007621034746989611 0.04186758026480675 -0.009722294285893444
v -0.0009948245715349917 0.041909705847501755 -0.00976424012333155
v -0.0009157904423773293 0.041937414556741714 -0.009702187031507496
v -0.0010426877997815613 0.04175152629613876 -0.009861711412668233
v -0.0008937214734032754 0.04169290140271187 -0.009883586317300802
v -0.0007731629302725199 0.041587162762880325 -0.00989549513906241
v -0.0007480410858988765 0.041554708033800125 -0.009897037409245973
v -0.0006595640443265441 0.04137725383043289 -0.009897269308567052
v -0.0006222792435437444 0.04110122472047806 -0.009881927631795412
v -0.0011378471972420816 0.0403749980032444 -0.009734476916491989
v -0.0009619916090741758 0.04045192152261734 -0.009775009937584405
v -0.0008446040446870032 0.04055098444223404 -0.009803899563848978
v -0.0006933211698196832 0.04078386351466179 -0.009846882894635206
v -0.0007742403540760282 0.04049592837691307 -0.00976554956287146
v -0.0006078696460463109 0.04075346142053604 -0.009811864234507089
v -0.0005306179518811407 0.04110081493854523 -0.009849515743553644
v -0.0005717785097658636 0.04140576720237732 -0.00986670888960362
v -0.0006716271163895729 0.04160681739449501 -0.009867054410278802
v -0.0007004907238297168 0.041644319891929626 -0.009865432046353822
v -0.0008415274787694219 0.04176861792802811 -0.0098520452156663
v -0.0010193570051342253 0.041839007288217545 -0.009826294146478181
v 0.001432274351827801 0.00570108275860548 -0.005878139752894643
v -0.0013654410140588886 0.005704864393919706 -0.00591151509433985
v 0.0014402873348444707 0.005773521959781647 -0.006541714072227481
v -0.0013574270997196442 0.0057773105800151825 -0.006575086154043677
v 0.0014474939089268452 0.005550861824303865 -0.007171005010604862
v -0.0013502214569598443 0.005554643459618092 -0.007204379886388782
v 0.001452463795430959 0.005077187437564135 -0.007641380652785305
v -0.0013452515704557306 0.00508097605779767 -0.007674752734601501
v 0.0014542145654559142 0.004446328617632389 -0.007859671488404277
v -0.0013435008004307753 0.004450110252946615 -0.007893046364188198
v 0.001452398486435414 0.003783225081861019 -0.007782646920531992
v -0.0013453168794512755 0.003787013702094555 -0.007816019468009475
v 0.0014473759802058346 0.003219217760488391 -0.007425560615956787
v -0.001350339385680855 0.0032230063807219267 -0.007458932697772983
v 0.0014401412336155779 0.0028660164680331945 -0.006859136745333675
v -0.0013575741322711117 0.0028697983361780643 -0.006892511621117595
v 0.001430828706361354 0.0028106761164963245 -0.0060847098939120796
v -0.0013668866595253355 0.0028144579846411943 -0.006118084769696
v 0.0014229570515453822 0.003149991389364004 -0.005386360920965674
v -0.0013747583143413073 0.003153773257508874 -0.005419736262410882
v 0.0014186361804604537 0.003793039359152317 -0.004951214417815211
v -0.0013790793018415577 0.003796821227297187 -0.004984589293599131
v 0.0014190230285748846 0.0045675174333155155 -0.004895865451544526
v -0.0013786922208964831 0.004571306053549051 -0.00492923799902201
v 0.0014240148011595017 0.005265912506729364 -0.005235142540186646
v -0.0013737006811425096 0.005269694607704878 -0.005268517881631854
v 0.0014371105935424573 0.010334085673093796 -0.005761365871876481
v 0.0014635495608672506 0.005564337596297264 -0.008515457622706894
v 3.819859921350146e-05 0.010335911996662617 -0.005778071936219933
v -0.001334165805019439 0.00556811923161149 -0.008548833429813388
v -0.001360530266538263 0.01033786591142416 -0.005794740281999114
v -0.002459654584527017 0.0001251775393029675 0.0014658002182841307
v -0.003612781176343562 0.00014251227548811585 0.0014506799634546048
v -0.003608870785683395 0.0008413353934884071 0.0012021578149870042
v -0.0024573006667196764 -0.0011840109946206212 -0.0009460101719014351
v -0.0035858189221471565 -0.0011822007363662124 -0.0009598291362635796
v -0.002465455560013653 -0.001395286526530981 -0.0005714858998544516
v -0.003591168904677035 -0.0014112995704635978 -0.0005373245803639295
v -0.002471994608640672 -0.0014920950634405017 -0.00014923766138963407
v -0.0036000700201839226 -0.0014750704867765307 0.00020158139523118742
v -0.0024757762439548982 -0.001476638950407505 0.00021499648573808383
v -0.0024770237505435957 -0.001057624351233244 0.0010311111109331255
v -0.0024777711369097246 -0.0011787267867475748 0.0008943462162278597
v -0.0036077680997550505 -0.0011769969714805484 0.0008807148551568393
v -0.0024780032690614475 -0.0013150471495464444 0.0006859060376882556
v -0.0024762840475887073 -0.0014642286114394665 0.0002813333412632347
v -0.0024734034668654216 -0.000711078115273267 0.0012898402055725462
v -0.0036123811732977646 -0.0005899576935917139 0.0013340270379558212
v -0.0024718053173273815 -0.0005915585206821561 0.0013477943139150745
v -0.00246744346804917 -0.0003054330591112375 0.001438672654330731
v -0.0036044833250343817 0.0011919334065169096 0.000874057703185827
v -0.002433168701827527 0.0011906313011422753 0.0008876672945916657
v -0.00243369396775961 0.0011747295502573252 0.0009079070878215138
v -0.0024342143442481765 0.0011587387416511774 0.0009275396587327127
v -0.00244123861193657 0.0009215896134264767 0.00115723058115691
v -0.0024506971240043653 0.0005447386065497994 0.0013698345283046371
v -0.0024250121787190446 0.0014019066002219915 0.0005131434299983086
v -0.003599132644012572 0.0014210250228643417 0.0004515511100180449
v -0.0024184731300920257 0.0014987149043008685 9.089565719477836e-05
v -0.0035902322269976156 0.0014848028076812625 -0.00028735195519402634
v -0.0024146914947777995 0.001483256695792079 -0.0002733333385549487
v -0.0035825343802571314 0.0011867292923852801 -0.0009664854151196782
v -0.0024124644696712503 0.0013216596562415361 -0.0007442496716976169
v -0.002414183923974634 0.0014708415837958455 -0.00033967784838750975
v -0.0024186624214053163 0.0005981766153126955 -0.0014061320107430226
v -0.002417064271867276 0.0007176895160228014 -0.0013481812784448273
v -0.0035779210738837736 0.0005996901891194284 -0.0014197980053722865
v -0.002413443988189102 0.0010642365086823702 -0.001089453930035234
v -0.002412696601822973 0.0011853445321321487 -0.0009526830399408941
v -0.002423024270683528 0.00031205060076899827 -0.001497009070590139
v -0.0035775203723460453 -0.00013277902326080948 -0.0015364526771008975
v -0.0024308131542056808 -0.0001185603832709603 -0.001524135819636286
v -0.0035814305301755684 -0.0008316012099385262 -0.00128793262410909
v -0.002439770847558976 -0.000538121850695461 -0.0014281691983342177
v -0.0024567737709730877 -0.0011681042378768325 -0.0009662426891736691
v -0.0024562533944845213 -0.0011521208798512816 -0.0009858770063146953
v -0.0024492293596267713 -0.0009149731486104429 -0.0012155644362792377
v 0.0023252908140420922 0.0011682419572025537 0.0009647331899032001
v 0.002325291745364667 0.0011839695507660508 0.0009447244228795175
v 0.003496595891192557 0.0011823289096355438 0.0009587665554136042
v 0.00232529896311462 0.00115248654037714 0.0009840860730037097
v 0.00232626497745514 0.0009141350165009499 0.0012146660592406992
v 0.0034922051709145325 0.0008314501610584557 0.0012870496138930327
v 0.0023294596467167148 0.0005530589260160923 0.0014209443470463163
v 0.003488298039883377 0.0001326376077486202 0.0015354142524302012
v 0.0023348021786659965 0.00013834673154633492 0.001521266880445183
v 0.0023422534577548513 -0.00031251870677806437 0.0014958038227632648
v 0.0034887006040662544 -0.0005997605621814728 0.001418650150299073
v 0.002347968053072692 -0.0005982181173749268 0.0014050423633307225
v 0.0023679863661527642 -0.0013232915662229061 0.0007406149525195363
v 0.0023632142692804345 -0.001185174216516316 0.0009518199367448692
v 0.0034933150745928305 -0.00118670251686126 0.0009652996086515491
v 0.0023596396204084167 -0.0010653502540662885 0.0010873991996049885
v 0.002351067028939725 -0.0007348430226556957 0.0013376048300415284
v 0.002375434152781964 -0.0014725170331075788 0.0003302748082205655
v 0.0035010129213333147 -0.0014846912818029523 0.00028619528166018437
v 0.0023763272911310205 -0.0014831741573289037 0.0002727776300162078
v 0.0023814300075173387 -0.0014969947515055537 -0.0001080802758224309
v 0.0035099131055176275 -0.0014208895154297352 -0.00045264995424076936
v 0.002385222353041173 -0.0014027025317773223 -0.0005114371306262913
v 0.003515262622386219 -0.0011918054660782218 -0.0008751197601668541
v 0.002386733191087843 -0.0011903546983376145 -0.0008884949493221943
v 0.00238673365674913 -0.0011746122036129236 -0.0009085196070373063
v 0.0035019454080611485 0.0014114066725596786 0.0005362925003282728
v 0.0035235607065260428 -0.0001421380293322727 -0.0014517685631290085
v 0.0023825650569051513 -0.0005594373214989901 -0.0013647306477651007
v 0.0035196528770029562 -0.0008409476140514016 -0.0012033919338136916
v 0.002385759726166726 -0.0009205060196109116 -0.001158450730144978
v 0.0023867255076766023 -0.0011588367633521557 -0.0009279004298150544
v 0.002360957209020854 0.0007284606690518558 -0.0012814009096473462
v 0.002364056184887887 0.0005918352399021387 -0.0013488371623680002
v 0.003523158375173809 0.0005902701523154974 -0.0013350088847801096
v 0.002369771245867015 0.0003061349270865321 -0.0014395965263247496
v 0.0023772225249558696 -0.00014472458860836923 -0.0014650544617325074
v 0.0023523848503828057 0.0010589758167043328 -0.0010311945807188754
v 0.003518543904647233 0.0011772140860557556 -0.0008816629415377979
v 0.002348810667172075 0.0011787931434810162 -0.0008956190431490545
v 0.0023440385702997455 0.001316918176598847 -0.0006844128365628425
v 0.0035108455922454613 0.0014752098359167576 -0.00020255615527275958
v 0.002336590550839902 0.0014661471359431744 -0.00027406206936575483
v 0.002326802583411337 0.001396323787048459 0.0005676704458892348
v 0.002330594928935171 0.001490625785663724 0.00016429086099378773
v 0.0023356974124908456 0.0014768001856282353 -0.00021657426259480428
v 0.0023094837088137874 0.0011489290045574307 0.002246397081762553
v 0.003481021616607906 0.0011473551858216524 0.002260390669107438
v 0.0023065595887601384 0.0014108766335994005 0.0021259684581309566
v 0.0034856225829571503 0.001995568862184882 0.001970840385183693
v 0.002299377694725991 0.0019971802830696106 0.0019566898699849853
v 0.0034780697897076624 0.0006576349260285497 0.0024523159954696907
v 0.0035358141176402586 4.725663529825397e-05 -0.002457456896081568
v 0.002386946231126786 1.7522088455734774e-05 -0.002471617422997953
v 0.0035357300657778996 0.0005690674297511578 -0.0023912524338811645
v 0.0023774707224220046 0.0005706337396986783 -0.002405066741630436
v 0.003517048433423044 -0.002207743236795068 -0.0011399716604501013
v 0.0024057859554886827 -0.0022062386851757765 -0.0011532016796991233
v 0.0035233939997851866 -0.0018610620172694325 -0.0016326270997524268
v 0.0024061559233814487 -0.001914658467285335 -0.0015827572206035263
v 0.003530837362632157 -0.0011568389600142837 -0.0021767460275441417
v 0.002404029481112958 -0.0014966323506087065 -0.001976384315639735
v 0.0035319610033184307 -0.0009967167861759663 -0.0022528020199388274
v 0.0024002434220165023 -0.001047468394972384 -0.0022429856471717366
v 0.002394084120169283 -0.0004949814174324274 -0.0024227655958384284
v 0.003498896490782501 -0.002485639415681362 0.00035016634501516835
v 0.0023913821205496797 -0.0024841425474733114 0.00033695521415211277
v 0.0023962140548974284 -0.002502639312297106 -2.6351575797889392e-05
v 0.0035116646904498356 -0.0023892491590231657 -0.0007092328742146495
v 0.002401991747319699 -0.0024292729794979095 -0.000575011130422354
v 0.0024032082874327907 -0.0023877527564764023 -0.0007224570144899193
v 0.002405424602329732 -0.00224792561493814 -0.001072008279152215
v 0.003487402107566597 -0.0021327799186110497 0.0013537277700379497
v 0.002373456722125412 -0.002131278160959482 0.0013404381461441523
v 0.002380151767283679 -0.002300983527675271 0.0010135329794138674
v 0.002389204455539585 -0.0024614627473056316 0.0004836769949179145
v 0.003479262813925745 -0.001394567545503378 0.002119723241776229
v 0.002359970938414336 -0.0016982359811663628 0.001865923637524248
v 0.002370390575379134 -0.0020423682872205973 0.0014747221721336252
v 0.003475951962172987 -0.0004046751419082284 0.0025094444863498224
v 0.002340255770832301 -0.0008738306351006031 0.0023715868592262277
v 0.002350140595808626 -0.0013182606780901551 0.0021543684415519246
v 0.002314764307811857 0.0006781854899600148 0.0024331468157470235
v 0.002322239102795721 0.0001360651949653402 0.002524000592529775
v 0.0023311609402298936 -0.00040324628935195506 0.0024957675486803068
v 0.0035358234308660048 0.0013357843272387981 -0.0023121742997318515
v 0.0023668559733778247 0.0011757267639040947 -0.002326264278963209
v 0.0023642980959266433 0.0013373661786317825 -0.0023261490277946004
v 0.0035447755362838524 0.006718477234244347 -0.0024525360204279436
v 0.0022795102559030065 0.006719185970723629 -0.0024674194864928735
v 0.0034929914399981516 0.003555324859917164 0.0015291577437892563
v 0.0035086194984614866 0.0043811011128127575 0.00031409133225679414
v 0.00351159041747451 0.004524538293480873 0.00011870970774907624
v 0.0035369959659874457 0.00616284878924489 -0.0018647400429472336
v 0.0034911327529698628 0.0034172937739640474 0.0016700809355825192
v 0.003489941358566286 0.003225666005164385 0.0017482318216934809
v -0.003565256483852865 0.0013453890569508076 -0.002396883675828577
v -0.0035562869161367434 0.006727712694555521 -0.00253723398782313
v -0.002393731381744147 0.001343791140243411 -0.002382908947765828
v -0.002291040727868677 0.006725370418280363 -0.0025219407398253692
v -0.0024072539526969203 0.0005770982825197279 -0.002462144708260895
v -0.0035653503146022576 0.0005786721594631672 -0.0024759618099778904
v -0.002400817349553109 0.0009579060133546591 -0.002397802425548435
v -0.002498298650607468 -0.0017762900097295642 0.001726103015244008
v -0.002494900254532696 -0.0014151521027088165 0.002029216382652522
v -0.0036218187306076306 -0.0013849625829607248 0.0020350136328488597
v -0.003565266728401186 5.686117947334424e-05 -0.0025421658065170063
v -0.002448385348543526 0.0011553762014955282 0.0021896567195653924
v -0.0036200578324496763 0.0011569600319489837 0.002175681060180069
v -0.002460374264046551 0.0006362291169352829 0.00238938955590129
v -0.0036230094265192764 0.0006672398303635418 0.0023676061537116775
v -0.0024716665502637638 8.299880573758855e-05 0.002469507278874518
v -0.0036251284182071703 -0.0003950702375732362 0.002424734644591809
v -0.0024801644030958427 -0.0003867048944812268 0.002440004376694561
v -0.0024885949678719057 -0.0009229096467606723 0.002292702905833722
v -0.002499884692952038 -0.002120785880833864 0.0012888311175629503
v -0.003613680601119997 -0.002123175421729684 0.0012690188596025116
v -0.0024987538345158113 -0.002360440092161298 0.0007847490487620238
v -0.003602185985073449 -0.0024760349187999964 0.00026545743457973014
v -0.0024957151617854847 -0.002471098443493247 0.0003268448635935785
v -0.003577688010409476 -0.0018514576368033886 -0.0017173355445265779
v -0.002462367992848159 -0.0018838703399524093 -0.001669167657382787
v -0.0035840342752635496 -0.0021981382742524147 -0.001224681036546827
v -0.0024734225589782013 -0.0021997520234435797 -0.0012113117845728998
v -0.0035894182510674017 -0.0023796448949724436 -0.000793940911535174
v -0.002481702016666533 -0.0023823129013180733 -0.0007775196572765711
v -0.0024898268748074783 -0.0024886205792427063 -0.0002294164733029903
v -0.00241619534790516 6.18926715105772e-05 -0.002528431359678508
v -0.002427200786769391 -0.0004943817621096969 -0.0024791623000055565
v -0.0035691205412149447 -0.000987112638540566 -0.0023375102318823346
v -0.0024390595499426135 -0.0010238904505968094 -0.002308470197021962
v -0.0024504042230546487 -0.0014723514905199409 -0.0020475366618484267
v -0.0024292103480547675 0.0020035607740283012 0.001900284900330008
v -0.0036154552362859266 0.002005173359066248 0.0018861315911635765
v -0.002442115452140571 0.001417341292835772 0.002069147303700448
v -0.0020797543693333873 0.002463047858327627 0.00036012820783071236
v -0.0019097690237686047 0.0024940420407801867 0.00039176215068437175
v -0.0019254152430221447 0.002599684987217188 0.0017982663121074447
v -0.00203073536977172 0.0025891156401485205 0.001798949553631247
v -0.0020920855458825835 0.002571960212662816 0.001801338861696423
v -0.0022412724792957315 0.0023601753637194633 0.0002674857678357513
v -0.0022264125291258105 0.0025006416253745556 0.0018126750364899644
v -0.0022740326821804055 0.002460518153384328 0.0018193812575191268
v -0.0022593040484935054 0.0023418834898620844 0.0002515038358978928
v -0.0023796919267624625 0.002314225072041154 0.0018446278991177687
v -0.0023926978465169677 0.0022844206541776657 0.001849871827289463
v -0.0023725784849375495 0.002159613184630871 9.126674558501695e-05
v -0.002426906721666456 0.0021142507903277874 0.0018802738049998888
v -0.0024078106507658967 0.001967361196875572 -7.50152030377649e-05
v 0.0018173950957134375 0.002489026403054595 0.0004362212202977391
v 0.0017997740069404253 0.002594643272459507 0.0018427022732794293
v 0.0022978510241955527 0.0021078637801110744 0.001936637214384974
v 0.002003164729103447 0.002551516517996788 0.0018528872169554242
v 0.0021473877131938943 0.0024545257911086082 0.001872129738330842
v -0.0036111355293542164 0.0032352712005376816 0.001663521281443537
v 0.0021931855008006105 0.0024038180708885193 0.0018818399403244266
v 0.002265005139634014 0.0022781973239034414 0.0019054203294217595
v 0.002285659313201905 0.0022115099709481 0.0019177333451807508
v 0.00198854273185134 0.0024570708628743887 0.0004089077410753818
v 0.0021592264529317626 0.0023467487189918756 0.000313427153741941
v 0.0021693671587854632 0.002336552832275629 0.00030440030968748044
v 0.002298006787896157 0.002120177960023284 0.0001166245856438764
v 0.002325006294995547 0.0019609611481428146 -1.8556520444690257e-05
v 0.0006982468185015026 0.0035099717788398266 -0.00016987585695460447
v 0.0007430135738104585 0.0036707452964037657 -0.0039044057484716194
v 0.0008647374925203626 0.006619106978178024 -0.00011551879288163042
v 0.0008930778130888943 0.006720888894051313 -0.0024797287769615663
v -0.0009047092753462498 0.006723321042954922 -0.0025011745747178806
v -0.0014046945143491036 0.006723201833665371 -0.0025079543702304376
v -0.0007289536297321323 0.0036727350670844316 -0.003921965602785351
v -0.0013899619225412614 0.0032305552158504725 -0.004136530216783287
v 0.00140775355976075 0.0032267733477056026 -0.004103154875338079
v 0.0013930795248597867 0.00671941926702857 -0.0024745787959545864
v -0.0007737203850410882 0.003511961316689849 -0.00018743587133940317
v -0.0009330505854450171 0.006621539127081633 -0.00013696476526092743
v -0.0018838311079889545 0.0035135673824697733 -0.00020066685101483025
v -0.0018196247983723888 0.006622738670557737 -0.00014754047151654964
v -0.002047235146164895 0.0034878591541200876 -0.00023271891404874634
v -0.002049237722530962 0.006625467445701361 -0.0002064372965833173
v -0.002232323633506895 0.003379223169758916 -0.00035406733513809757
v -0.0021729995496571073 0.006629588082432747 -0.00029966034344397496
v -0.002227238146588207 0.006632503587752581 -0.0003663471143227072
v -0.002352891955524684 0.003197109792381525 -0.0005509009351953866
v -0.002285877475515009 0.006637580692768097 -0.00048313674051314614
v -0.002306539798155428 0.006641032174229622 -0.0005628585349768402
v -0.002380424877628685 0.003044274402782321 -0.0007143923430703584
v -0.002313444623723627 0.006644913926720619 -0.0006529568345285955
v -0.001886844984255732 0.0035102879628539085 -0.0001267688639927656
v -0.0021357072982937106 0.003444369649514556 -0.00013259179831948137
v -0.0022349595092237004 0.0033698861952871084 -0.00013698746624868369
v -0.0023186719045043 0.003263440914452076 -0.000142573582706973
v -0.0023871446028351792 0.0030201436020433903 -0.0001538671931484715
v -0.0021038639824837455 0.003438975429162383 -7.90529429650633e-06
v -0.0022634302731603393 0.0032540864776819944 7.37286754883826e-05
v -0.0022445360664278277 0.003043846460059285 0.0001999479136429728
v -0.002322046086192132 0.003037665970623493 9.71574918366969e-05
v -0.0023580112028867015 0.0030325038824230433 1.8824268408934593e-05
v -0.0020655933767557153 0.003049118211492896 0.00031725925509817915
v -0.0021408619359135636 0.0030478809494525194 0.00028103249496780347
v -0.002107339212670923 0.0032470731530338526 0.00023344915825873624
v -0.0018931601662188777 0.0030482092406600714 0.00035028203274123387
v -0.0018922213930636653 0.0032442929223179817 0.0002937952522188426
v -0.0018919608555734166 0.003276024479418993 0.00027552180108614277
v -0.0020138847175985583 0.003434936748817563 8.416733180638407e-05
v -0.0018896801630035051 0.0034428404178470373 0.0001033047010423616
v -0.0018898799316957602 0.0034333360381424427 0.00011895508214365696
v 0.0023157931864261636 0.003037924412637949 -0.0006583703216165307
v 0.0023090741597116002 0.0030137936118990183 -9.784517897060145e-05
v 0.0022576311603188523 0.0032468317076563835 -0.0004336161946412178
v 0.002241010544821621 0.0032572736963629723 -8.81807791301981e-05
v 0.0021634004078805455 0.0033699434716254473 -0.0003049875667784364
v 0.002114154864102603 0.0034115808084607124 -0.0002617498685140164
v 0.0021574769634753474 0.0033639471512287855 -8.458860247628767e-05
v 0.0020583497826009997 0.0034386967308819294 -8.256079308921475e-05
v 0.001952454913407565 0.0034892798867076635 -0.0001782270992407576
v 0.001809598528780044 0.003505285596475005 -8.267478551715616e-05
v 0.0018083571922034034 0.0035085794515907764 -0.0001565951242810116
v 0.0019313656957820067 0.0034296023659408092 0.00013123154349159455
v 0.0018065626500174412 0.003428333904594183 0.00016304914606735118
v 0.00202072341926396 0.0032414919696748257 0.00028269385802559565
v 0.002052562776952983 0.003042209893465042 0.0003310563042759897
v 0.001976456260308624 0.0030436525121331215 0.00036547766649164276
v 0.002275862731039525 0.003026236779987812 7.410257239826026e-05
v 0.0022380542941391477 0.003031499683856964 0.00015155605797190225
v 0.002180599607527257 0.0032480729278177023 0.0001267406041733921
v 0.0021569076925516137 0.003037958638742566 0.0002536518150009216
v 0.002023526234552265 0.003433396341279149 4.133235779590907e-05
v 0.0018044827738776812 0.0032710221130400896 0.00031961587956175224
v 0.0018042214214801797 0.003239297540858388 0.00033789224107749776
v 0.0018032824154943236 0.0030432071071118116 0.00039437567465938644
v 0.001751311821863056 0.006617906969040632 -0.0001049430866260082
v 0.001593067427165807 0.006719736382365227 -0.002474735723808409
v 0.002038031583651901 0.0066213724203407764 -0.00019103878003079452
v 0.001925689517520369 0.006619020365178585 -0.0001340876478934661
v 0.0018415182130411276 0.006618132349103689 -0.00011185489711351698
v 0.0022571063600480565 0.006638736464083195 -0.0005984325543977322
v 0.0021981140598654756 0.006628899369388819 -0.00036889562034048156
v 0.002108225133270026 0.006623792462050915 -0.0002486145531293006
v -0.0016046200180426246 0.006724066566675901 -0.0025128792040050043
v -0.004753473680466415 0.00791296735405922 -0.003718403400853278
v -0.004695991519838573 0.00803469866514206 -0.0038326918147504347
v -0.0013756986008957035 0.009001605212688446 -0.004675753414630892
v -0.004863644484430553 0.007630717474967241 -0.0034503873903304356
v -0.004987725988030436 0.0070734526962041855 -0.0029042751993983997
v -0.0035601775161921995 0.00644491333514452 -0.0022420990280807027
v -0.004988428670912984 0.00652454886585474 -0.002341042272746564
v -0.0013373179826885468 0.010409661568701267 -0.0058509954251349
v -0.0005666633951477709 0.010534058324992657 -0.005939460359513762
v 4.04681923100725e-05 0.010562941431999207 -0.005955209955573085
v -0.004354749340564014 0.008578919805586338 -0.004330178722739221
v -0.003912543877959253 0.009073831140995026 -0.004766316153109075
v -0.003379714442417027 0.009512560442090034 -0.005139253102242949
v -0.002758661983534695 0.009891210123896599 -0.0054493062198162105
v -0.002076784148812295 0.01019193883985281 -0.00568633293733001
v -0.0014205466723069555 0.010390155017375946 -0.005836583673954013
v -0.0035900566726923006 0.004532560706138611 3.606730751926081e-05
v -0.004108180291950704 0.004914165940135717 -0.00047045527026057265
v -0.004268319811671974 0.005065491888672113 -0.000664226419758052
v -0.0046269353479146975 0.005513312760740519 -0.001212757197208703
v -0.0047393743880093115 0.005707775708287954 -0.0014409598661586649
v -0.004866452421993019 0.0059973387978971004 -0.0017705437494441876
v -0.004978250246495011 0.006446037907153368 -0.002258087508380414
v -0.0013646438019350178 0.0017874178010970354 -0.006422597449272874
v -0.0013709671329706914 0.0018411079654470086 -0.005886367056518796
v -0.0013849590905010707 0.0025171868037432432 -0.004636782221496107
v -0.0013826984213665134 0.0023294449783861637 -0.004847591277211906
v -0.0013315175892785198 0.004473630804568529 -0.008894880302250389
v -0.0013351931702345616 0.0033398610539734364 -0.008715366013348106
v -0.0013444161741063005 0.002405846258625388 -0.008048133924603466
v -0.0013572421157732612 0.001868496066890657 -0.007033856585621837
v 0.001415016944520176 0.002325663110241294 -0.004814215935766699
v 0.0014267482329159982 0.0018373193452134728 -0.005852994509041312
v 0.0014330716803669936 0.0017836360493674874 -0.006389222573488953
v 0.0014404733665287501 0.0018647141987457871 -0.007000481709837917
v 0.001453299191780389 0.0024020576383918524 -0.00801476184278727
v 0.0014625223120674497 0.00333607941865921 -0.008681991137564186
v 0.0014661977766081697 0.004469842184334993 -0.008861508220434192
v 0.0014646620256826288 0.005340318661183119 -0.008634124882519249
v 0.0014173974050208933 0.008615131489932537 -0.00430126301944256
v 0.003751949872821571 0.004679890815168619 -8.583048474974934e-05
v 0.004075106699019672 0.008946367539465427 -0.004568399861454965
v 0.0035682960879057663 0.00940538290888071 -0.004973022267222407
v 0.002970452653244139 0.009803922846913338 -0.005315243266522887
v 0.000822687987238169 0.01051233895123005 -0.005907530896365645
v 0.0015837050741538412 0.010364563204348087 -0.005783807486295703
v 0.0023019241634756335 0.010127364657819271 -0.005586944520473483
v 0.004880041815340521 0.007605711463838816 -0.0033234250731766237
v 0.004717690404504539 0.008021902292966843 -0.0037203277461230772
v 0.004481164738535883 0.008437125943601131 -0.0041067232377827185
v 0.0041407272219657915 0.008875207044184208 -0.004504694603383543
v 0.004987245891243222 0.00704905716702342 -0.0027750493027269853
v 0.004971004091203215 0.006502868607640266 -0.0022143328096717605
v 0.004894357174634936 0.006159141659736633 -0.0018471657531335959
v 0.004833414219319822 0.005984375718981028 -0.0016550102736800916
v 0.004587360657751562 0.005509806796908379 -0.001114222221076489
v 0.00422024028375745 0.005067132879048586 -0.0005794108146801593
v -0.001450160518288613 0.04505620524287224 -0.009385504759848121
v -0.0011686247307807211 0.04515783116221428 -0.009429220110177997
v -0.001179965329356492 0.04513299837708473 -0.009513387456536296
v -0.0018361549591645607 0.04454151540994644 -0.009369937703013424
v -0.001686394680291415 0.04484112933278084 -0.009363486431539062
v -0.0017231032252311715 0.04476029798388481 -0.00945106148719788
v -0.001850669621489943 0.04448476806282997 -0.009374187327921394
v -0.0018352544866502294 0.04448825865983963 -0.009457483887672428
v -0.0018046529730781921 0.044486865401268005 -0.009522742591798309
v -0.0016845186473801739 0.04473712295293808 -0.009537109173834327
v -0.0017603130545467147 0.04448161646723747 -0.009578454308211807
v -0.001624546945095063 0.04470076411962509 -0.009604268707334999
v -0.0014560064300894744 0.04488777741789818 -0.009614520706236366
v -0.0013845827197656042 0.04483823478221893 -0.009654587134718898
v -0.001548449392430485 0.04466930404305458 -0.009643496945500377
v -0.0012926172930747277 0.045107532292604446 -0.009494191966950897
v -0.0011865686392411594 0.04507886990904808 -0.009593700058758262
v -0.0012887683697044856 0.04505595937371254 -0.009576380252838138
v -0.0011863969266414647 0.04500219225883484 -0.009653224609792236
v -0.001274831127375365 0.04498252645134926 -0.009638363495469097
v -0.001180226332508028 0.044918276369571686 -0.009684292599558834
v -0.0014954677317291505 0.04494752362370491 -0.009548924863338474
v -0.0015186305390670902 0.044988568872213364 -0.00946402829140425
v -0.0016366075724363334 0.04446021094918251 -0.009652449749410156
v -0.0005622315220534804 0.04484345763921738 -0.00966783054172993
v -0.0005603580502793195 0.04491352289915085 -0.009574716910719875
v -0.0004754312103614213 0.044643834233284 -0.0097100492566824
v -0.00042636989383026974 0.04464274272322655 -0.009634391404688362
v -0.0007149330922402445 0.045011527836322784 -0.009617577306926254
v -0.000730919360648841 0.045023396611213684 -0.009613062255084518
v -0.0007825348293408755 0.0450950525701046 -0.009510858915746215
v -0.0009473928366787736 0.045122262090444565 -0.009559562429785732
v -0.0009234523749910299 0.045146550983190536 -0.009477928280830387
v -0.0010526746045798068 0.045163899660110474 -0.00945103727281094
v -0.0010067201219499116 0.044993963092565536 -0.009688871912658218
v -0.0009878289420157675 0.044898487627506256 -0.009723808616399768
v -0.0006437553092837337 0.04461780562996864 -0.009808715432882314
v -0.0007255658856593076 0.044597163796424866 -0.009813509881496435
v -0.0007082606316544119 0.04477832838892937 -0.009773361496627336
v -0.0008241809555329386 0.044785939157009125 -0.009769642725586896
v -0.000827819807454944 0.044909216463565826 -0.009733738377690319
v -0.0008401963859796527 0.04491834342479706 -0.009730218909680847
v -0.0005163616151548924 0.044640276581048965 -0.009749001823365692
v -0.0006292045582085851 0.04481789842247963 -0.009733285754919056
v -0.0007675936794839803 0.044969797134399414 -0.009687636047601703
v -0.0007820199825800959 0.04498046636581421 -0.009683557786047462
v -0.000976879615336657 0.04506921395659447 -0.009635324589908126
v -0.000819781387690455 0.04458761587738991 -0.00980222132056952
v -0.0008721080957911913 0.04403527081012726 -0.009863489307463174
v -0.0007982460665516559 0.04413327947258949 -0.009863856248557573
v -0.0007449280237779025 0.04424404352903366 -0.009858456440269952
v -0.0009637933108024303 0.04395493119955063 -0.009857006371021276
v -0.0010695500532165174 0.04389728978276253 -0.009844257496297365
v -0.001409006072208286 0.04417378827929497 -0.009746978059411052
v -0.0011786639224737887 0.043867915868759155 -0.009826485067605977
v -0.0013803677866235382 0.04388830065727234 -0.009782237932085996
v -0.0015371522167697555 0.043999552726745605 -0.009734297171235088
v -0.0016406235517933971 0.04420265927910805 -0.00968516152352095
v -0.000707900035195053 0.044484104961156845 -0.00983216986060143
v -0.0007142478716559711 0.04436264932155609 -0.009847734123468404
v 0.0022860511671751746 0.03671478480100632 -0.00887005124241114
v 0.002408899366855622 0.036743152886629105 -0.008825273253023628
v 0.002524010604247452 0.03605112433433533 -0.00864012632519007
v 0.0025791516527533544 0.03669515252113342 -0.008741732686758045
v 0.00278612761758268 0.0365024209022522 -0.008606131188571457
v 0.0021628341637551793 0.03574934974312782 -0.008728584274649624
v 0.0020583565346896657 0.036084309220314026 -0.008833645842969421
v 0.002154851099476219 0.03660037741065025 -0.008898710831999782
v 0.0020732325501739987 0.036406904458999634 -0.00889132916927338
v 0.0029105567373335374 0.035550329834222794 -0.008351308293640617
v 0.00281753856688738 0.035439591854810715 -0.008376559242606166
v 0.0027468253392726196 0.03539883345365524 -0.008403499610722068
v 0.0026006337720900787 0.03538070619106293 -0.008469636552035812
v 0.0023984762374311694 0.0354645662009716 -0.008576462976634506
v 0.0029673532117158188 0.03570425137877464 -0.008352664299309257
v 0.0029643722809851183 0.03608270362019539 -0.008430989459156994
v 0.0028722402639687074 0.03635779023170471 -0.008534180931746963
v 0.002748557832092048 0.03667428344488144 -0.008643619716167453
v 0.002937625162303449 0.03640539571642876 -0.008494593203067783
v 0.002802190836519004 0.03684587404131889 -0.008437288925051693
v 0.0030084121972322477 0.0365380123257637 -0.008265956304967407
v 0.0030116592533886446 0.03650369122624397 -0.008348059840500358
v 0.002801937516778709 0.03681027516722679 -0.00851809233427048
v 0.002581286244094373 0.036962706595659256 -0.00865290500223637
v 0.0025562632363289608 0.03701608628034592 -0.00859018694609404
v 0.00238069985061884 0.037004970014095306 -0.00874890107661486
v 0.0023035304620862016 0.037053972482681274 -0.008708024397492412
v 0.0021949894726276406 0.036970119923353195 -0.008817995898425583
v 0.0021565728820860395 0.03701924532651901 -0.008760144002735618
v 0.00206356542184949 0.036972757428884506 -0.008786436170339588
v 0.002026993315666915 0.03686510771512985 -0.00886217784136534
v 0.0019762406591326007 0.036907460540533066 -0.008805592544376854
v 0.0018972554244101056 0.0367034375667572 -0.008877847343683246
v 0.0018696459010243425 0.03678615018725395 -0.008819209411740307
v 0.001801031408831478 0.03644866123795509 -0.008861448615789417
v 0.0017423890531063089 0.03649447113275528 -0.008804626762866977
v 0.0017850097501650461 0.03608737513422966 -0.008796376176178459
v 0.001715464051812888 0.03614558279514313 -0.008745442144572738
v 0.0018031477229669699 0.03575627878308296 -0.008640914224088195
v 0.0019140311051160106 0.03565127030014992 -0.00866649113595486
v 0.0018525432096794256 0.035645805299282074 -0.00860254000872374
v 0.0020895879715681085 0.035710547119379044 -0.008735996671020988
v 0.001968922559171916 0.03609350696206093 -0.008853281848132614
v 0.001982450485229493 0.03640517592430115 -0.008909402415156368
v 0.0020607458427548417 0.03661143407225609 -0.008921504020690921
v 0.0021587072405964145 0.036732472479343414 -0.008908574469387535
v 0.002564571099355818 0.03679954260587692 -0.008753919042646888
v 0.002412071218714119 0.036831412464380264 -0.008826388977468017
v 0.0022790452931076297 0.036806896328926086 -0.008876156061887745
v 0.002987722167745234 0.03645700961351395 -0.008429585956037048
v 0.002786699449643494 0.036746952682733536 -0.00859081465750933
v 0.0025817418936640037 0.03688739985227585 -0.008715036325156692
v 0.0024019954726099977 0.0369250662624836 -0.008800814859569076
v 0.002239215886220337 0.036894749850034714 -0.008861508220434192
v 0.0020919644739478835 0.03680320456624031 -0.008900603279471401
v 0.001976009691134096 0.03665941208600998 -0.008915144018828872
v 0.0018875020323321232 0.03642598167061806 -0.008900699205696586
v 0.0018725597765296706 0.03608652204275131 -0.008839569054543975
v 0.001961147179827095 0.03566210716962814 -0.008698270656168464
v 0.003123227041214706 0.03563994914293289 -0.008018026128411296
v 0.0031404527835547937 0.03583259880542755 -0.008121248334646228
v 0.0031368373893201364 0.036047130823135376 -0.00809324532747269
v 0.0031386348418891443 0.03604571148753166 -0.008110983297228817
v 0.0031295954249799265 0.036113616079092026 -0.008111020550131801
v 0.0030200281180441393 0.03533945232629776 -0.008015926927328113
v 0.0030621462501585497 0.03553870692849159 -0.00816696230322123
v 0.003092930652201177 0.03561249375343323 -0.008151188492774967
v 0.0024582061450928463 0.035205062478780746 -0.008403051644563678
v 0.002613250864669682 0.035203319042921066 -0.008349929936230186
v 0.002671575639396907 0.03507903590798378 -0.008147598244249824
v 0.002780437702313067 0.035111259669065475 -0.008099019527435306
v 0.0027606566436588777 0.03524186834692955 -0.008295422419905666
v 0.0027828917372971786 0.03525174409151077 -0.008286830037832264
v 0.002873974619433285 0.035167135298252106 -0.008061152882874015
v 0.0028715312946587814 0.03530440479516983 -0.008251467719674114
v 0.0030269636772573007 0.03547438979148865 -0.008183869533240799
v 0.0019230238394811758 0.03552374616265297 -0.008553925901651386
v 0.002284233924001456 0.035252414643764496 -0.008457826450467113
v 0.0021806280128657827 0.0352371446788311 -0.008399517275393013
v 0.0024209336843341598 0.03510323911905289 -0.008270613849163059
v 0.002902440726757051 0.035334955900907516 -0.00824682600796223
v 0.002604864537715913 0.035216037184000015 -0.008369986899197105
v 0.0021289840806275615 0.035404644906520844 -0.00857538636773825
v 0.0018865128513425597 0.035582877695560455 -0.008578424341976646
v 0.00241181766614318 0.035254985094070435 -0.008465398102998737
v 0.0031094981823116554 0.036006808280944824 -0.008271922357380394
v 0.0030911820940673364 0.03568587824702263 -0.00821681693196297
v 0.0030120918527245535 0.035474155098199844 -0.008217046037316326
v 0.003137586405500771 0.036031272262334824 -0.008182410150766376
v 0.0030854139477014555 0.03632980212569237 -0.008180466480553154
v 0.0030533897224813713 0.03598347306251526 -0.008347461931407455
v 0.0030368326697498573 0.0356905497610569 -0.008296961896121505
v 0.002967396751046182 0.035506218671798706 -0.00829687807708979
v 0.0028752321377396597 0.035390354692935944 -0.008321590721607212
v 0.00275910133495927 0.0353180468082428 -0.00836550816893578
v 0.002629384864121677 0.03529335558414459 -0.008423083461821083
v 0.00246332259848714 0.03532668575644493 -0.00850546453148127
v 0.0022694936487823733 0.03545476868748665 -0.00861308723688126
v 0.002196208806708456 0.035398319363594055 -0.008584067225456241
v 0.0016323837917298085 0.040468961000442505 -0.009669632650911811
v 0.001532982685603202 0.040446244180202484 -0.00969247426837683
v 0.0016472073039039976 0.040568720549345016 -0.009676033630967144
v 0.001850989065133036 0.04068518429994583 -0.009630572982132438
v 0.0017955126240849504 0.04059385135769844 -0.00963766407221556
v 0.0017217296408489355 0.04051967337727547 -0.009650879539549354
v 0.0014402054948732263 0.04045073315501213 -0.009715036489069465
v 0.001350196776911617 0.04047718644142151 -0.009737859480082992
v 0.00125788594596088 0.04052818939089775 -0.009762272238731388
v 0.0011071902699768548 0.040681418031454086 -0.00980556476861239
v 0.0011611072113737468 0.04158439114689827 -0.009865313768386846
v 0.0012496735434979207 0.04163794592022896 -0.009851757436990743
v 0.0012656394392251975 0.04158536717295647 -0.009845647960901266
v 0.0013487039832398302 0.041663508862257004 -0.009833161719143396
v 0.0014413680182769901 0.041660599410533905 -0.00981288123875857
v 0.0015318389050662524 0.04163418337702751 -0.00979042518883944
v 0.0010099462233483796 0.040878187865018845 -0.009839669801294809
v 0.000971034809481353 0.04109582304954529 -0.009863658808171754
v 0.001887786085717381 0.040787603706121445 -0.009629452601075176
v 0.0009950738167390232 0.041314344853162766 -0.009876041673123842
v 0.0019092502770945438 0.04100736975669861 -0.009642864577472213
v 0.0010326011106371884 0.04141650348901749 -0.009876952506601816
v 0.0018688862910494217 0.04122636094689369 -0.009672894142568115
v 0.0017726861406117686 0.04142532870173454 -0.009714996442198757
v 0.0010880246991291647 0.04150841385126114 -0.009873581118881708
v 0.0016239106189459569 0.04158194363117218 -0.00976466573774815
v 0.0013377837603911764 0.04175296798348427 -0.00982641894370318
v 0.0014536055969074375 0.041750747710466385 -0.009800705127418046
v 0.0013005089713260538 0.04191331937909126 -0.00972752179950476
v 0.001172648742794991 0.041934818029403687 -0.009677006863057617
v 0.001455030636861921 0.041908394545316696 -0.00969396345317364
v 0.0014450403396040208 0.04195090010762215 -0.009620799683034423
v 0.0011323823127895598 0.04186902195215225 -0.009758318774402145
v 0.0009866778273135428 0.04177947714924812 -0.00977928470820189
v 0.000939072982873768 0.04180712252855301 -0.009710590355098251
v 0.0008737667230889206 0.04166034981608391 -0.00979053415358067
v 0.0007585575804114345 0.04157431796193123 -0.009722745977342132
v 0.0007935731555335227 0.041525501757860184 -0.009794017300009733
v 0.00074206612771377 0.04138338565826416 -0.009791714139282709
v 0.0006632081349380318 0.041247621178627014 -0.009712388738989833
v 0.0008852625032886867 0.040554072707891464 -0.009703466668725017
v 0.0006882572779431942 0.04087921977043152 -0.009680544957518581
v 0.0007596479263156656 0.04081251472234726 -0.009745196439325813
v 0.0007102902163751427 0.04109398275613785 -0.00977479107677937
v 0.0011668168008327488 0.04029567539691925 -0.009629858657717708
v 0.001084258197806776 0.04033651575446129 -0.009636437520384792
v 0.001091129495762289 0.040341466665267944 -0.009647243656218055
v 0.00104599422775209 0.04035971686244011 -0.00963875558227301
v 0.0008104682201519612 0.04058351367712021 -0.009638480842113498
v 0.0013939124764874584 0.04028373584151268 -0.009649164974689487
v 0.0013749276986345655 0.040240827947854996 -0.009603790938854221
v 0.0013292251387611038 0.04024741053581238 -0.009610719047486786
v 0.0012680077925324447 0.040321193635463715 -0.009680602699518207
v 0.001420190441422165 0.040364544838666916 -0.009696600027382377
v 0.0012130496324971323 0.04172053933143616 -0.0098495613783598
v 0.0011031946633011107 0.04165377467870712 -0.009865898638963705
v 0.001015218324027956 0.04156193882226944 -0.009875310584902769
v 0.0009504848858341579 0.04145422577857971 -0.00987875927239657
v 0.0009076758287847046 0.041337333619594574 -0.009877359494566923
v 0.0008807115955278282 0.0410926453769207 -0.009863314218819147
v 0.0009236541809514169 0.04085142910480499 -0.009837221354246145
v 0.0010317653650417928 0.04063189774751663 -0.009800224564969545
v 0.0012033733073621993 0.04045681282877922 -0.009752049110829834
v 0.0013117823982611305 0.040396589785814285 -0.009723836556077007
v 0.0014586001634597785 0.041837919503450394 -0.00975967384874821
v 0.0013209183234721429 0.04184167832136154 -0.00979012623429299
v 0.0011716099688783292 0.04180258885025978 -0.009817610494792467
v 0.0010414312127977614 0.04172302782535553 -0.009836584329605108
v 0.0009392866631969814 0.04161585494875908 -0.009847057983279233
v 0.0008657403523102407 0.04149287939071655 -0.009850545786321168
v 0.0008179554715752605 0.04136178269982338 -0.00984865333884955
v 0.0007882388890720907 0.04109189659357071 -0.009832991287112241
v 0.0008349019917659465 0.040827978402376175 -0.009804905392229562
v 0.0009531161049380903 0.040586527436971664 -0.009765194728970531
v 0.001144361100159586 0.04039032757282257 -0.009712418541312221
v 0.0012313819024711854 0.04027168080210686 -0.009623251855373386
v 0.002018094528466464 0.04051542282104492 -0.009349391795694832
v 0.0020461960230022678 0.0406314991414547 -0.009420588612556461
v 0.0021220010239630946 0.040948931127786636 -0.009356595575809482
v 0.002029056195169688 0.04059683158993721 -0.009429232217371467
v 0.0011440700618550186 0.04024369269609451 -0.009549404494464401
v 0.0009787533199414615 0.04037049040198326 -0.009592121466994289
v 0.0012899046996608383 0.04017791152000427 -0.009512578137218956
v 0.0014255269197747118 0.04015002399682999 -0.00947875622659922
v 0.0016168610891327268 0.04016513004899025 -0.009431994520127777
v 0.0016512043075636036 0.040269188582897186 -0.009550559334456924
v 0.0016970024444162852 0.04019268602132797 -0.009413019753992561
v 0.0018843397265300163 0.04040662199258804 -0.009485575370490554
v 0.001927223871462048 0.040371764451265335 -0.009363664314150814
v 0.0019409399246796974 0.040465787053108215 -0.00946594309061766
v 0.001998511143028737 0.04054410755634308 -0.009443147107958797
v 0.002026686444878579 0.040597882121801376 -0.009437588043510917
v 0.0020777531899511823 0.04074300453066826 -0.00943540129810572
v 0.001528803375549615 0.04027680307626724 -0.00961603876203299
v 0.001912875217385591 0.04049413278698921 -0.009533484466373924
v 0.0018083932809531697 0.04038737341761589 -0.00955313537269831
v 0.0016767407068982727 0.04031131789088249 -0.009581604041159156
v 0.001987527823075653 0.040618911385536194 -0.00952315237373114
v 0.002122267149388791 0.040955666452646255 -0.009357140399515632
v 0.0021063718013465413 0.041035380214452744 -0.009452890604734424
v 0.002056267578154803 0.041315726935863495 -0.009492263197898868
v 0.002073360141366721 0.04132525250315666 -0.009405582211911682
v 0.001934708561748267 0.04157276824116707 -0.009548430331051353
v 0.0019162729149684319 0.041642699390649796 -0.0094781992956996
v 0.0017336746677756318 0.04178782179951668 -0.009618650190532211
v 0.0016943548107519752 0.04185381531715393 -0.009553874842822555
v 0.001597886322997511 0.04186609387397766 -0.009657865390181545
v 0.002034805016592146 0.04075232148170471 -0.009521222673356537
v 0.0020615116227418193 0.04102484881877899 -0.009537586942315105
v 0.0020138737745583066 0.04128848761320114 -0.009574462659657005
v 0.0018988387892022738 0.04152972623705864 -0.009626897983253006
v 0.0017115299124270686 0.041728824377059937 -0.009691641665995124
v 0.0015873929951339967 0.04179997369647026 -0.009727247990667823
v 0.0015345229767262942 0.04035773128271103 -0.009668250568211082
v 0.0016590555896982557 0.04038650915026665 -0.009639403782784942
v 0.0017703104531392464 0.04045024514198303 -0.009615614078938964
v 0.0018600090406835088 0.04054117947816849 -0.009599056094884876
v 0.0019254442304372796 0.040649719536304474 -0.009590271860361103
v 0.001967694843187929 0.0407680980861187 -0.009588716551661495
v 0.0019918808247894057 0.041015058755874634 -0.009603645652532581
v 0.0019476773450151095 0.041257090866565704 -0.009637232869863514
v 0.0018415809608995923 0.041477885097265244 -0.00968471169471741
v 0.001672684913501144 0.04165640473365784 -0.009742218069732193
v 0.0015639478806406266 0.04171839356422424 -0.009773080237209802
v 0.0002762700023595245 0.03461911529302597 -0.008899338543415073
v 0.0001079708017641679 0.03457971662282944 -0.008895830251276497
v 0.00044680602150037906 0.03476487845182419 -0.008919276297092441
v 0.00011040621757274499 0.035234641283750534 -0.009029304608702663
v 0.000521478243172169 0.03489486128091812 -0.00893980730324984
v 0.0005877320072613659 0.03522585704922676 -0.009000686928629879
v 0.0004826509102713319 0.03565060719847679 -0.009094779379665855
v 0.00043571199057623766 0.03572280704975128 -0.009112553671002391
v 0.00027045057504437875 0.035866495221853256 -0.009149990975856784
v 0.0001128555450122804 0.03590504825115204 -0.00916165299713612
v 9.298967779614035e-05 0.03590437397360802 -0.009161717258393768
v -5.113898077979686e-05 0.03586214408278465 -0.009152701124548916
v -0.0002037716476479546 0.035729579627513885 -0.009121776558458809
v -0.0003320556133985521 0.03546461462974548 -0.009062029421329502
v -0.0003638364723883571 0.035227641463279724 -0.00901243090629578
v 5.119114211993294e-05 0.03458462283015251 -0.008897199295461181
v -0.00011834692122647544 0.03465767577290535 -0.00890971161425114
v -0.00029606453608721506 0.034887779504060745 -0.0089484415948391
v 7.032729627098891e-05 0.035993024706840515 -0.009165213443338874
v 0.00011279110185569158 0.035983916372060776 -0.009166367352008823
v 5.26788426213898e-05 0.03616609796881676 -0.0090840132907033
v -0.00013875901640858507 0.03616733103990555 -0.009005412459373478
v 0.00011189280485268688 0.03616931289434433 -0.009084217250347141
v 0.00011131619976367807 0.03622106462717056 -0.00901883747428656
v -0.00014071515761315828 0.03611038625240326 -0.009070829488337043
v -0.0003522469487506898 0.0359492190182209 -0.00902978237718344
v -0.0003714797785505654 0.03599823638796806 -0.00895930174738169
v -0.0005197631544433536 0.035673838108778 -0.008962285704910759
v -0.000556253071408719 0.035693712532520294 -0.008882038295269016
v -0.0006310156895779076 0.0353383831679821 -0.008802588097751144
v -0.0005984209710732105 0.035256851464509964 -0.008871173486113552
v -0.0006328902672976259 0.03527340665459633 -0.008789342828094963
v -0.00045187969226390145 0.03523191809654236 -0.008992684073746208
v -7.22975819371641e-05 0.03595258295536041 -0.009156131185591224
v -0.00023898555082269024 0.03582741692662239 -0.009125674143433574
v -0.00038184993900358693 0.035596348345279694 -0.009071078151464466
v 0.00011226424976484855 0.036119189113378525 -0.009122816845774654
v 6.055539051885719e-05 0.03608616814017296 -0.009138905443251136
v -0.00011088413157267501 0.03603717312216759 -0.009127524681389335
v -0.0003031605447176845 0.03589184582233429 -0.00909112393856049
v -0.0004602622939273717 0.035635948181152344 -0.009029279462993148
v -0.000535340572241694 0.03524204343557358 -0.008943741209805015
v -7.485270907636735e-05 0.03445165231823921 -0.008810243569314483
v 5.7636530073068596e-06 0.03440853953361511 -0.008782085962593559
v -0.00023180714924819778 0.03449547290802002 -0.008776357397437099
v -0.0005848307628184559 0.03507499769330025 -0.008836061693727974
v -0.0006255874759517613 0.03513554483652115 -0.008762536570429805
v 0.00010514235327718784 0.03440020605921745 -0.008781673386693004
v -4.438612813828515e-05 0.03452232480049133 -0.008869747631251815
v 0.00010715254757087683 0.03451123833656311 -0.008872783742845062
v -0.00043975145672448 0.03507309406995773 -0.008961793035268787
v -0.0003411445068195464 0.03478553146123886 -0.008911143988370899
v -0.00019631440227385618 0.034610237926244736 -0.00888338498771191
v -0.0005223553162068131 0.035070307552814484 -0.008910484611988071
v -0.00047117771464400015 0.034737180918455124 -0.008778426796197895
v -0.00041501890518702583 0.034754570573568344 -0.008855936117470268
v -0.0002520382695365698 0.03455531597137451 -0.00882557034492493
v -0.00040753101347945647 0.034640584141016006 -0.008765134960412983
v -0.0004611699259839954 0.03470684960484505 -0.00876014027744532
v -0.0006036655395291748 0.03500508517026901 -0.008738866075873378
v 0.0005937503883615138 0.03460712358355522 -0.008755640126764778
v 0.0006054540863260629 0.034545645117759705 -0.008654580451548103
v 0.0003979638568125667 0.03446733206510544 -0.00877128075808287
v 0.00044681504368782065 0.034397561103105545 -0.008638442493975166
v 0.0003929332306142898 0.034464914351701736 -0.008771582506597046
v 0.00036548695061355846 0.03434943035244942 -0.008634078316390518
v 0.00010457761527504776 0.03428749367594719 -0.008630807511508468
v -5.836368018208307e-06 0.03429900482296944 -0.008633302524685863
v -0.00025280576664954435 0.03441267088055611 -0.008648685179650787
v -0.00046262601972557626 0.03464871644973755 -0.00868142303079367
v 0.0006264383555389944 0.03464154899120331 -0.008752167224884037
v 0.0006492512766271833 0.03466818481683731 -0.008749560452997688
v 0.0007667802274227146 0.034828197211027145 -0.008693214505910877
v 0.0008207251084968451 0.035004500299692154 -0.008721644058823589
v 0.0005496902740560474 0.03463287651538849 -0.00882644392549992
v 0.00038066381239332275 0.034492019563913345 -0.008809723891317848
v 0.00019782221352215864 0.03442614898085594 -0.008803857490420345
v 0.0007054848247207704 0.03491374850273132 -0.008868050761520866
v 0.0007641518604941669 0.03490829095244408 -0.0087906438857317
v 0.000843241345137358 0.035134345293045044 -0.008744704537093643
v 0.0008188664214685563 0.03525456041097641 -0.00885376334190369
v 0.000851372547913343 0.0352710485458374 -0.008771114051342014
v 0.0007575385388918224 0.035239893943071365 -0.00892783980816603
v 0.0006752723711542788 0.03522994741797447 -0.00897879991680384
v 0.0006269322475418452 0.034929487854242325 -0.008923236280679706
v 0.00048596659325994573 0.03467763587832451 -0.008884749375283722
v 0.00033867839374579505 0.03455621749162674 -0.00886955298483372
v 0.00018406494928058245 0.034501150250434875 -0.008864266797900203
v 0.0008049950120039287 0.035439636558294296 -0.008892777375876907
v 0.0007920248317532245 0.035651594400405884 -0.00885580945760012
v 0.0006791904452256862 0.03580668568611145 -0.00898076128214598
v 0.0006717697833664719 0.03581935912370682 -0.008984050713479522
v 0.000628312001936138 0.035958871245384216 -0.00893661938607693
v 0.0004906918620690706 0.03603129833936691 -0.009041755460202697
v 0.0005121115245856347 0.036075759679079056 -0.008970800787210468
v 0.00029935783823020767 0.03613802790641785 -0.009073287248611454
v 0.00039895324152894334 0.036149971187114716 -0.00899387896060944
v 0.00013644345744978642 0.03622060269117355 -0.009018400683999065
v 0.0002498531830497087 0.03597285598516464 -0.009157705120742324
v 0.0006627985276281837 0.03539237380027771 -0.009012805297970775
v 0.0005520674749277534 0.035709697753190994 -0.009087024256587032
v 0.0005456912331283095 0.035720355808734894 -0.009089699946343902
v 0.00039620781899429874 0.03589249774813652 -0.009134847670793537
v 0.0007442404166795317 0.03541502356529236 -0.008964658714830879
v 0.0006247198907658461 0.03576022386550903 -0.009046620689332489
v 0.000617739045992494 0.03577200695872307 -0.00904964376240969
v 0.0004501163784880193 0.03596644848585129 -0.009101851843297485
v 0.00027816518559120606 0.03606157749891281 -0.00912958383560181
v 0.0001678645348874853 0.03786668926477432 -0.0095184650272131
v 0.00011953759531024849 0.03786381334066391 -0.009518756531178955
v 0.00012160730693722149 0.03850194439291954 -0.009622069075703624
v 0.0005977274267934265 0.0384894460439682 -0.009594215080142025
v 0.0005684756324626508 0.03827181085944176 -0.00956244952976704
v 0.0005305238300934436 0.03816646337509155 -0.00954876467585564
v 0.0004762736207339915 0.038069501519203186 -0.009537264704704288
v 0.00040555794839747266 0.03798528015613556 -0.009528266265988353
v 0.0003192901494912805 0.037919189780950546 -0.009522066451609138
v 0.00022040052863303583 0.03787711635231972 -0.009518883191049102
v 0.0005006522405892613 0.038884200155735016 -0.009662677533924583
v 0.00040137697942554967 0.03901803120970726 -0.00968910846859217
v 0.0002424697595415638 0.03912175074219704 -0.009711368009448055
v 0.00012358279491309082 0.039142608642578125 -0.009716955944895748
v -0.00035214237868785874 0.03849110007286072 -0.009605772793293003
v -0.00032245446345768885 0.03871260583400726 -0.009641817770898346
v -0.00023145152954384695 0.03892058506608009 -0.009678080677986148
v -0.00016211427282541998 0.03900905326008797 -0.009694030508399013
v -7.694515079492707e-05 0.039080243557691574 -0.009706892073154453
v 2.2024141799192886e-05 0.03912704065442085 -0.009715026244521145
v 6.206688703969124e-05 0.037868682295084 -0.009519938379526142
v -0.0001116695129894652 0.03794296085834503 -0.009529793635010723
v -0.0002848985604941846 0.038163717836141586 -0.009558155201375488
v 0.00012305888230912393 0.03935493901371956 -0.009666617959737781
v 3.760218532988803e-05 0.0393960177898407 -0.009625440463423732
v 0.0001226919266628102 0.03940241038799286 -0.009625856764614586
v 3.149775511701593e-05 0.039444323629140854 -0.009556653909385208
v 0.00012209556007292127 0.03945101425051689 -0.009557240642607216
v -0.0001321838790317998 0.039396416395902634 -0.009546963497996334
v -5.311722998158077e-05 0.03937496617436409 -0.009621847420930866
v 4.819553214474583e-05 0.03931945189833641 -0.009684460237622265
v 0.0001235546224052087 0.03922219201922417 -0.009717466309666637
v -0.0006204674136824909 0.03858064487576485 -0.009390267543494705
v -0.0005484875873662534 0.038927722722291946 -0.009450980462133888
v -0.0005505238659679892 0.038793765008449554 -0.009510691277682785
v -0.00036693102447316067 0.03922591358423233 -0.00951051060110331
v -0.0005870974855497482 0.038513921201229095 -0.009464095346629623
v -0.0006218249327503148 0.038526877760887146 -0.00938174314796925
v -0.0004889834672212603 0.0387660376727581 -0.009580706246197227
v -0.0005238068988546731 0.03850235417485237 -0.009537023492157463
v -0.0004078506608493628 0.03873738646507263 -0.009626038372516636
v -0.00044022101792506895 0.03849443793296814 -0.009586106985807422
v -0.0003069890663027765 0.03896893933415413 -0.009667507372796539
v -0.0002278966858284549 0.03907047584652901 -0.009686538949608806
v -0.00012738308578263974 0.0391550287604332 -0.009702554903924469
v -5.611720098386288e-06 0.03921299800276756 -0.009713212959468368
v 6.152777496026832e-05 0.03922830522060394 -0.009715661406517032
v -0.0003789977054111661 0.039020393043756485 -0.009627198800444606
v -0.0004339037113822999 0.03906590864062309 -0.009561075828969482
v -0.00029077113140374433 0.039134591817855835 -0.009649204090237621
v -0.00033890415215864794 0.03919000178575516 -0.009585393592715267
v -0.00017576671962160625 0.03923211246728897 -0.00966826640069485
v -0.00021301163360476502 0.039297666400671005 -0.009606829844415191
v -3.2322575862053795e-05 0.03930092230439186 -0.00968137197196484
v -0.0006134976865723732 0.03838459402322769 -0.009360337629914287
v -0.0005762267974205317 0.03835548087954521 -0.009440287947654728
v -0.00058834336232394 0.038248512893915176 -0.00934151187539101
v -0.00046863060561008773 0.038023415952920914 -0.00939668715000153
v -0.0004408561217132958 0.037960540503263474 -0.009372710250318054
v -0.0003662908857222648 0.03787703439593315 -0.00938193686306477
v 0.00011865140550071379 0.03777802363038063 -0.009490571916103367
v -0.00043062481563538335 0.03835722431540489 -0.009565351530909542
v -0.00033793502370826916 0.038075949996709824 -0.009527098387479786
v -0.0001960585359483958 0.03789983689785004 -0.009505950845777992
v -3.677694985526615e-05 0.037806037813425064 -0.00949497148394585
v -0.0005134700331836941 0.03835320845246315 -0.009514557197690014
v -0.000412162975408137 0.038043417036533356 -0.009473314508795742
v -0.00025241769617423426 0.03784332424402237 -0.009450354613363746
v -0.00020520440011750915 0.03775758296251297 -0.00939522217959166
v -6.711014430038634e-05 0.03773312270641327 -0.009438195265829567
v 7.153757178457457e-05 0.037675000727176666 -0.009402828291058544
v 0.00011744235234800732 0.037699516862630844 -0.00943317543715239
v 0.00011689220264088368 0.03767320141196251 -0.009402517229318622
v 0.0001162851913250052 0.03757106512784958 -0.009265854954719547
v -7.721297879470516e-05 0.037605270743370056 -0.009270464070141319
v -0.0002172697859350593 0.03767583519220352 -0.009277286008000377
v -0.0003561475896276535 0.03779584541916847 -0.009288926608860496
v -0.0004810662358067932 0.037971820682287216 -0.00930762849748135
v 0.0001682475849520416 0.03767489641904831 -0.009401617571711544
v 0.0001929852005559952 0.03767712786793709 -0.009400972165167335
v 0.0003864187747240068 0.03763606399297714 -0.009267034940421585
v 0.0005954172811470928 0.03788656368851662 -0.009369169361889366
v 0.0006789222243241969 0.03795800358057022 -0.00935920607298613
v 0.0006435838295146826 0.037855397909879684 -0.009282404556870464
v 0.0008272852865047756 0.038247812539339066 -0.009324518032372001
v 0.0002760264032986016 0.037691570818424225 -0.009397880174219612
v 0.00044238613918423674 0.03775565326213837 -0.009387425146996978
v 0.0005573106463998558 0.037853967398405075 -0.009373715147376064
v 0.00018946635827887811 0.037703920155763626 -0.009432666935026649
v 0.00026712106773629795 0.0377197340130806 -0.00943303853273392
v 0.0004093140305485578 0.03778161108493805 -0.009436682797968391
v 0.0005272993585094812 0.03787395730614662 -0.009443954564630989
v 0.0006713038310408595 0.03796081244945526 -0.009376175701618198
v 0.0007438445463776592 0.03809433802962303 -0.009390360675752166
v 0.0007926640100777152 0.03823369741439819 -0.009407252073287967
v 0.0008529443875886503 0.03838321566581726 -0.009342669509351257
v 0.000829249212983996 0.0385117344558239 -0.009446904063224796
v 0.0008620056905783717 0.03852460905909538 -0.009363748133182529
v 0.000685313192661852 0.03849257528781891 -0.009572431445121769
v 0.0006532340776175264 0.038252755999565125 -0.009537778794765476
v 0.0006111096590757373 0.03813493251800537 -0.009522929787635807
v 0.0005498832324519756 0.03802457079291344 -0.009510461241006855
v 0.00046820190618746004 0.03792635723948479 -0.009500701911747459
v 0.0003656308108475061 0.03784695267677307 -0.009493967518210415
v 0.0002445296267978848 0.03779482841491699 -0.009490561671555046
v 0.00017911991744767883 0.037781670689582825 -0.009490169584751133
v 0.0007677105604670945 0.03850030526518822 -0.009521343745291237
v 0.0007330192602239552 0.0382390096783638 -0.009483888745307926
v 0.0006870247307233516 0.03810909762978554 -0.009467899799346927
v 0.000619286787696183 0.03798573836684227 -0.009454478509724144
v 0.0008334735175594691 0.03878438100218773 -0.009407856501638893
v 0.0008133239462040368 0.03870333358645439 -0.00947861280292273
v 0.0006908721406944099 0.03904569149017334 -0.009543757885694507
v 0.0007214599172584716 0.03907405212521553 -0.009465232491493229
v 0.0005095805390737953 0.039260223507881165 -0.009590268135070804
v 0.0005270912079140546 0.03930426761507988 -0.0095175551250577
v 0.00031662249239161627 0.03936927020549774 -0.00961624085903168
v 0.0002896038640756161 0.039428092539310455 -0.009549282491207126
v 0.0006711573805660013 0.03865911066532135 -0.009599739685654644
v 0.000564642599783838 0.03895210847258568 -0.009653977118432525
v 0.00041546291322447376 0.03912608325481415 -0.009690208360552791
v 0.00026696865097619604 0.03920881077647209 -0.009709124453365806
v 0.0007525159744545821 0.03868092969059944 -0.00955112744122744
v 0.0006367538007907573 0.03900166228413582 -0.009611512534320358
v 0.000469165184767917 0.03919839486479759 -0.009653536602854732
v 0.0002953718649223448 0.03929588943719864 -0.009676421992480758
v 0.0034268132876604813 0.03926296532154083 -0.008742367848753933
v 0.0035429154522717016 0.03931177780032158 -0.008675810880959037
v 0.0033554893452674163 0.03918393328785896 -0.008773914538323883
v 0.0035567225422710198 0.038716819137334824 -0.00857111252844334
v 0.003291114699095489 0.03901918604969978 -0.008786459453403953
v 0.0035680583678185957 0.03811819851398468 -0.008459640666842464
v 0.0034964673686772602 0.03820647671818733 -0.008522414602339271
v 0.003358384594321252 0.03845854103565216 -0.008653218857944015
v 0.00329147861339152 0.03869137912988663 -0.008732841350138191
v 0.004197574220597746 0.03850536420941353 -0.008047185838222507
v 0.004208089783787729 0.03842801973223686 -0.008024372160434726
v 0.003862522542476656 0.03848447650671005 -0.008315757848322395
v 0.0039462139829993265 0.03808726370334625 -0.008180825971066955
v 0.0036790855228900927 0.03801603987812996 -0.008365406654775146
v 0.003932252991944553 0.03791520372033119 -0.00816019251942635
v 0.004055988043546678 0.03794674202799797 -0.008067010901868347
v 0.0041406983509659784 0.03802923858165741 -0.00801116414368153
v 0.00419644406065345 0.03816620260477066 -0.007987841963768009
v 0.004037265200167896 0.03895048424601555 -0.008258027955889705
v 0.0038126297295093554 0.039220474660396576 -0.0084748724475503
v 0.0036202506162226217 0.03806544467806816 -0.008414964191615585
v 0.0036756577901542204 0.03801864758133888 -0.008368272334337238
v 0.0035912704188376682 0.03931368514895439 -0.008644175715744499
v 0.003775971010327341 0.03924677520990372 -0.008505665697157386
v 0.0034649546723812836 0.037825025618076324 -0.008303177542984489
v 0.003378284396603705 0.0378766804933548 -0.008343324065208439
v 0.0034234544727951306 0.03789588809013367 -0.00837814807891846
v 0.003491381416097285 0.03783757612109184 -0.008322537876665596
v 0.0034964818041771668 0.037939902395009995 -0.008413291536271576
v 0.003561097430065276 0.03788488358259201 -0.008360048756003383
v 0.003565409919247033 0.0379999540746212 -0.008425429463386539
v 0.003625592682510616 0.03794900327920914 -0.008375342004001144
v 0.003522633574903013 0.038069453090429306 -0.00847191642969847
v 0.0034916789736598747 0.03804181143641472 -0.008472920395433906
v 0.003410215256735684 0.03798498213291168 -0.00845459941774607
v 0.0033148666843771948 0.037944428622722626 -0.008398910053074363
v 0.0032933650072664035 0.037939537316560745 -0.00838074088096619
v 0.0042387335561215895 0.04501943662762642 -0.0035563663113862293
v 0.0046254675835371035 0.04498204588890076 -0.004244424402713777
v 0.004099274519830944 0.045729201287031174 -0.0037531713023781794
v 0.0042043710127472895 0.04589530825614929 -0.004031123593449594
v 0.004066232591867449 0.0461442731320858 -0.003976260777562858
v 0.003917557653039696 0.04638231545686722 -0.003918178379535677
v 0.003331298474222423 0.04664866253733635 -0.003444525413215162
v 0.0035705575719475764 0.04633118584752083 -0.0034703281708061712
v 0.003686169162392618 0.0464593805372715 -0.003667492419481279
v 0.0030357453506439937 0.04712339863181114 -0.0035073820035904663
v 0.0030230998527258648 0.046983618289232254 -0.003414513543248178
v 0.003051959211006762 0.04725240170955658 -0.0036009077448397892
v 0.003236882155761124 0.04705038294196129 -0.003613831941038372
v 0.00351472361944616 0.04683532938361168 -0.003728012554347517
v 0.003749541705474259 0.04663084074854851 -0.0038627623580396193
v 0.0038000508211553114 0.04656349495053291 -0.0038824600633233803
v 0.003857946256175639 0.04647485539317131 -0.003898928407579662
v 0.0038729805964976566 0.04581110179424286 -0.003506600623950364
v 0.003999462816864254 0.04504537582397461 -0.0032683485187590135
v 0.003645912045612933 0.04580092430114746 -0.0032678474672138704
v 0.0037171372678130882 0.0451221689581871 -0.003020852338522674
v 0.003007441293448211 0.04633167013525963 -0.0030516902916133417
v 0.00335122342221439 0.04604647308588028 -0.003144776448607446
v 0.003388539189472796 0.045307621359825134 -0.002833258826285602
v 0.003017091425135733 0.04554297775030136 -0.002687834901735188
v 0.0049843988381326225 0.00631662318482995 0.0021226927638053903
v 0.0050538200885057475 0.005448284558951855 0.0021718034986406573
v 0.004997723735868933 0.00632546516135335 0.0021108819637447604
v 0.005480249878019097 0.005734072532504797 0.0017588661285117277
v 0.005282707046717408 0.006536039523780346 0.0018388263415545234
v 0.005313543137162926 0.006562280934303999 0.0018057681154459724
v 0.005840201862156394 0.006065065506845713 0.0013197280932217843
v 0.005759797058999541 0.007019507698714733 0.0012699089711532003
v 0.0043937228620052355 0.006002134643495083 0.0025817358400672687
v 0.004560441710054876 0.005208029877394438 0.002556871157139541
v 0.0044969329610466974 0.006049036979675293 0.0025090959388762725
v 0.00395219447091222 0.005830065347254276 0.002863570582121612
v 0.003983973059803249 0.005352532956749201 0.0028852948453277362
v 0.004006986506283285 0.005010716151446104 0.0029089280869811786
v 0.004318783525377514 0.00850062444806099 0.002446252387017013
v 0.003766383975744249 0.008697062730789185 0.002804745221510531
v 0.004088734276592733 0.012036449275910854 0.0024368397425860175
v 0.003569348948076369 0.012156222015619278 0.0028147432021796716
v 0.0039155450649559515 0.015579856932163239 0.0025322297587990774
v 0.003428034251555802 0.015435152687132359 0.002912587253376843
v 0.0038312741089612263 0.018738210201263428 0.0027165210340172065
v 0.0033511277288198484 0.01862219162285328 0.003099151421338321
v 0.004259611945599319 0.01959460973739624 0.0023573762737214574
v 0.004280835390090944 0.02317868173122406 0.002630011644214393
v 0.0033552888780832304 0.022650878876447678 0.003408952616155149
v 0.003381231101229788 0.02388899400830269 0.003496526041999461
v 0.003418624401092531 0.02530559152364731 0.0035685421898961085
v 0.004343205131590368 0.02546037547290325 0.0027473808731883777
v 0.0034370080102235096 0.026015719398856163 0.003585548838600518
v 0.004356289748102428 0.025938093662261963 0.002756397239863874
v 0.0034372266381979006 0.026024699211120605 0.003585655707865955
v 0.0034549839328974503 0.026866381987929344 0.003581811441108586
v 0.004379253368824722 0.027080103754997253 0.0027437810786068452
v 0.0034650401212275046 0.027958517894148827 0.0035271947272121924
v 0.004383078776299955 0.027812333777546883 0.0027045300230383886
v 0.003465038491412999 0.02796599268913269 0.0035265993792563694
v 0.0034636491909623163 0.028317533433437347 0.0034946866799145954
v 0.004375914111733438 0.02847427874803543 0.002644436433911325
v 0.0034319562837481516 0.029803071171045303 0.0032770724501460804
v 0.004341017454862596 0.029620135203003883 0.0024819921236485256
v 0.0043278411030769365 0.02992580458521843 0.002425991231575609
v 0.003375228261575104 0.031186440959572792 0.002955538453534247
v 0.0042514638043940085 0.03137346729636192 0.002088662004098297
v 0.003303454024717213 0.032644085586071014 0.002499129390344025
v 0.004163570236414673 0.03288786858320236 0.0016128051793202764
v 0.0032637433614581836 0.033475857228040695 0.002188900951296092
v 0.0032320427708327783 0.03421650826931 0.0018865499878302225
v 0.0036431706976145523 0.0352674275636673 0.001068095327354968
v 0.0035820498596876877 0.03741680085659027 0.0001417968596797437
v 0.0031517085153609527 0.03682636097073555 0.0007407453376799825
v 0.003539480501785876 0.0400058776140213 -0.000885131128598005
v 0.0031102427747100605 0.039471544325351715 -0.00036245153751224296
v 0.0034892358817160147 0.04293740168213844 -0.0019471305422484883
v 0.003065645927563311 0.04349895939230919 -0.0018742529209703216
v 0.00382375391200185 0.043686967343091965 -0.002514907624572517
v 0.0038665579631924647 0.04280057176947594 -0.002208155347034336
v 0.00392287550494075 0.040724001824855804 -0.0014878712827339775
v 0.004083154723048212 0.03450809046626091 0.000984581653028727
v 0.003976899664849045 0.03780626505613327 -0.00039378035580739395
v 0.004698361270129682 0.009993410669267178 0.002036177087575198
v 0.004479122348129751 0.013304839842021465 0.002047270070761443
v 0.0043373447842896 0.016296399757266045 0.0021490296348929414
v 0.005203230772167447 0.009049824438989162 0.0016351919621229178
v 0.00468502100557089 0.023898452520370483 0.0022252064663916835
v 0.00466177659109235 0.018912779167294502 0.0018640295602381238
v 0.0047554518096148985 0.015858367085456848 0.0016893410356715328
v 0.004946910776197913 0.012452788650989532 0.0016080091008916504
v 0.004739748779684307 0.025906620547175407 0.0022981658112257728
v 0.004762988537549974 0.027741689234972 0.0022463926579803237
v 0.00471808295696974 0.029516883194446564 0.0020360900089144715
v 0.0046238470822572725 0.031291380524635315 0.001651191851124168
v 0.004517163615673782 0.03310679271817207 0.0010813943808898334
v 0.00442654173821211 0.0350290946662426 0.00032953402842395024
v 0.0043531986884772795 0.03720339760184288 -0.0005587555933743717
v 0.004292554687708618 0.039789073169231415 -0.0015289147850126035
v 0.0042008226737380045 0.04268505424261093 -0.0025014679413288845
v 0.004105807282030584 0.04405439272522926 -0.002947779837995769
v 0.004277411848306658 0.04476609453558922 -0.0034826137125492113
v 0.004492021631449463 0.04258999973535538 -0.002824970288202168
v 0.004451162181794645 0.043170295655727386 -0.003003303892910482
v 0.004565217532217504 0.041043251752853394 -0.0023385952226817617
v 0.00463707046583295 0.0384039431810379 -0.0014434005133807666
v 0.004731425549834968 0.035406291484832764 -0.00028671030304394673
v 0.004835357889533045 0.03309844806790352 0.0006020051660016181
v 0.0049266079440712955 0.03151572495698929 0.0011027387809008364
v 0.005012913607060912 0.030005978420376778 0.0014581130817532546
v 0.005041908007115128 0.029399240389466286 0.0015658177435398108
v 0.005073713138699534 0.02850882150232792 0.0016875938745215542
v 0.005088204517960551 0.027658019214868546 0.0017648842185735711
v 0.005458234809339049 0.010553108528256416 0.001173593802377582
v 0.005230398382991555 0.013651502318680286 0.001170631381683052
v 0.005081138573586943 0.016478881239891052 0.0012582003837451345
v 0.0049950471147894885 0.019649557769298553 0.0014518679818138487
v 0.005005743354558947 0.02318391017615795 0.0017094522481784233
v 0.005021498538553717 0.02392236515879631 0.0017531898338347682
v 0.005059814080595973 0.0254446342587471 0.001811610534787179
v 0.005088185891509059 0.027081608772277832 0.0017967941239476213
v 0.005612011533230546 0.024177100509405136 0.0005940619157627227
v 0.005489462055265906 0.023924075067043304 0.000877655809745193
v 0.0054515744559466865 0.02326570637524128 0.0009047693456523125
v 0.005901687778532508 0.026082070544362068 -0.00042629597010090963
v 0.005824572872370484 0.025732360780239105 -2.6019883080152805e-05
v 0.005775942001491788 0.025117989629507065 0.00014547098544426268
v 0.005583731923252347 0.016391664743423462 0.0004042426007799806
v 0.005576156545430424 0.018590442836284637 0.00036510225618258135
v 0.005409878678619864 0.01934797875583172 0.0007320787408389154
v 0.005298902280628684 0.02007274515926838 0.0009743168484419589
v 0.0052418750710785415 0.020867962390184402 0.0011249568779021506
v 0.0052490127272903945 0.021503442898392677 0.0011581182479858403
v 0.005530544556677344 0.027526190504431725 0.0008720341720618312
v 0.0055229552090168025 0.02580561861395836 0.0009276408818550412
v 0.005483555141836407 0.02919931337237358 0.0006884512840770188
v 0.004902293439954522 0.04242932051420212 -0.003446128452196719
v 0.005049119703471663 0.03948260098695755 -0.0025722454302012933
v 0.005132543854415419 0.03686029091477394 -0.0016830004751682288
v 0.005213003605604174 0.03463517874479294 -0.0008570944773964588
v 0.005299831274896863 0.03268615901470184 -0.0001605780271347613
v 0.00539702828973532 0.03089885599911213 0.0003525585925672205
v 0.0047540701925754564 0.04388086125254631 -0.0038446572143584507
v 0.0047738943248987215 0.04456769675016403 -0.0043316194787621515
v 0.004899264313280585 0.04414821416139603 -0.004398590419441463
v 0.005047144368290904 0.043546371161937714 -0.004464542027562858
v 0.005300745368003848 0.04206247255206108 -0.004497336223721506
v 0.005193203687667849 0.04223690181970596 -0.0041319206357002276
v 0.0054104495793581035 0.04106893762946129 -0.004428477026522161
v 0.005366927944123748 0.0392586849629879 -0.0033133439719676984
v 0.005487524904310706 0.04008343443274498 -0.004295893944799902
v 0.005548476707190278 0.03897307068109512 -0.004075279925018551
v 0.005545935127884152 0.039008237421512604 -0.00407556723803282
v 0.005592735949903729 0.03788284212350845 -0.0037878828588873165
v 0.005639528390020135 0.036519456654787064 -0.00336302211508155
v 0.005460864398628476 0.036603894084692 -0.002476535970345141
v 0.0056848959065973785 0.034978315234184265 -0.002821065951138736
v 0.005540492478758099 0.03434205800294876 -0.001694897073321045
v 0.005618072580546143 0.03237723931670189 -0.001037320122122765
v 0.0057526738382875945 0.03214869275689125 -0.0016797020798549063
v 0.005701172165572646 0.030614908784627914 -0.0005595609545707705
v 0.005808328278362754 0.030337238684296608 -0.0010504373349249367
v 0.005774712190032008 0.03123345971107483 -0.001306356280110777
v 0.005764076486229899 0.03163767606019974 -0.0014634320978075272
v 0.0057755983434617545 0.028973212465643883 -0.00025160526274703454
v 0.0058848611079156425 0.028947733342647552 -0.0009730827296152715
v 0.005842895712703469 0.029660627245903015 -0.0009594875155016784
v 0.005828981753438714 0.02991642616689205 -0.0009823022410273556
v 0.005954019259661439 0.027150379493832588 -0.0010592264588922267
v 0.005950996186584237 0.027687951922416687 -0.0013459143228828914
v 0.005952270235866311 0.027227982878684998 -0.0010564459953457121
v 0.005928652826696637 0.028204480186104774 -0.0011382338125258688
v 0.00591874495148659 0.028384190052747726 -0.0010831500403583054
v 0.005820355378091338 0.027374254539608955 -8.286083902930845e-05
v 0.005320676602423194 0.02234816737473011 0.0010933772427961235
v 0.005773564800620082 0.017842691391706467 -0.00012343977869022643
v 0.00591981736943126 0.016784198582172394 -0.0005007501458749177
v 0.005975149106234315 0.01708989217877388 -0.0007481549400836233
v 0.006069941911846402 0.01667334884405136 -0.0011338045587763195
v 0.006252593826502564 0.01450760755687952 -0.0015224552480503923
v 0.006182008888572457 0.015930546447634697 -0.0017150761559605607
v 0.00609586760401726 0.01384519413113594 -0.0005695558502338829
v 0.0060911648906767394 0.01656496524810791 -0.0012295640772208578
v 0.0065879183821380164 0.01084063109010458 -0.0019348798086866745
v 0.006526625249534848 0.011693555861711502 -0.002257253974676133
v 0.00634860619902611 0.01386077981442213 -0.002465200144797565
v 0.006294058635830882 0.014603574760258198 -0.0023119468241930017
v 0.006240364164114001 0.015309188514947891 -0.0020542815327644357
v 0.006465787999331954 0.01240554079413414 -0.0024358199443668136
v 0.006403753533959391 0.013154973275959492 -0.0025048926472663892
v 0.006621900014579299 0.009705142118036747 -0.0012944861082360155
v 0.006335470825433734 0.010897834785282612 -0.0005407251301221552
v 0.00657377624884248 0.008995131589472294 -0.0007397516747005287
v 0.006566384341567757 0.00894160009920597 -0.0006921620224602524
v 0.0061021051369607475 0.007534990552812815 0.0007135664927773181
v 0.006232117768377068 0.007797298487275839 0.00044145531137473903
v 0.006027494091540578 0.010103439912199974 0.00036863065906800346
v 0.006372128147631886 0.008153131231665611 8.104943117359657e-05
v 0.006541698239743712 0.008800815790891647 -0.0005562664009630682
v 0.005772035568952563 0.013251648284494877 0.0003339281247463079
v 0.00661029573529959 0.0104363476857543 -0.0017418718198314318
v 0.003605903126299383 0.04764711484313011 -0.0066972388885915305
v 0.0036050633061677235 0.047640781849622726 -0.006598212290555241
v 0.004007728304713966 0.04699169099330902 -0.006658256053924563
v 0.004049881361424925 0.04690568521618843 -0.006554077379405501
v 0.004162400960922243 0.04669477045536041 -0.006632957607507708
v 0.004435102455317976 0.046077292412519455 -0.0064667877741158035
v 0.004436309915035965 0.04608317092061043 -0.006566936615854504
v 0.0007268699700944129 0.049767252057790756 -0.006651997566223147
v 0.00010213268978986893 0.04983033239841461 -0.006652285810559991
v 0.0001009034967864864 0.04982445016503334 -0.0065522938966751125
v 0.003034143475815655 0.048363734036684036 -0.0066108535975217845
v 0.0030544598121196045 0.04834137484431267 -0.00661080423742533
v 0.00303539144806564 0.048369597643613815 -0.00671117985621095
v 0.003130794968456031 0.048262741416692734 -0.006711119785904887
v 0.002139652380719782 0.04915643483400345 -0.006690074224025014
v 0.0021390886977314958 0.04915161430835724 -0.0065921447239816215
v 0.002554013626649977 0.048837024718523026 -0.006703197956085208
v 0.0024947430938482298 0.048881735652685165 -0.006603924091905358
v 0.0007306156912818554 0.049761705100536346 -0.006550939287990334
v 0.0011551718926057224 0.04964859038591385 -0.006556767504662278
v 0.0011559415142983203 0.049652937799692154 -0.006659222301095727
v 0.0013582899700850255 0.049579326063394547 -0.006664252374321225
v 0.0013397190487012274 0.04958111047744751 -0.006561099551618102
v 0.0019092640141025194 0.04930553585290909 -0.006681909784674647
v 0.0019116854527965197 0.04929749295115471 -0.006582170724868777
v -0.0034665651619434374 0.047494929283857346 -0.005030682310462001
v -0.0034263934940099734 0.047553885728120804 -0.0050363354384899165
v -0.0034066329244524254 0.0476507842540741 -0.006682062055915597
v -0.003932868596166374 0.04670864716172218 -0.004985918290913108
v -0.0038297078572213667 0.04690071940422058 -0.004985043313354256
v -0.003884353907778861 0.04686081036925316 -0.006645198911428454
v -0.0037444815970957297 0.04705096781253815 -0.004991939757019284
v -0.0035064709372818487 0.04743514209985733 -0.005024980287998917
v -0.004263004288077356 0.04599662870168686 -0.005001405254006388
v -0.004150012973695995 0.04625978693366051 -0.0049945432692766216
v -0.004244138952344658 0.046089109033346176 -0.006571975070983174
v -0.004030136857181789 0.04651573672890663 -0.0049885828047990825
v -0.003982000518590214 0.046612728387117386 -0.004986962769180539
v -0.0057311081327497985 0.03164049983024597 -0.0031050874385982765
v -0.005746448412537577 0.031565111130476 -0.001824652194045485
v -0.005626706872135403 0.034547049552202225 -0.0039524072781205195
v -0.005627301055938008 0.03477772697806358 -0.0030943960882723344
v -0.005503363907337191 0.03756764903664589 -0.004816853906959297
v -0.005538004450500014 0.0369555838406086 -0.0038431244902312773
v -0.005386447068303826 0.03982934728264809 -0.005394428037106993
v -0.005456085782498124 0.038720667362213135 -0.004351920913904907
v -0.00543123343959451 0.03919072821736336 -0.004466180223971607
v -0.0053435554727911975 0.040445130318403244 -0.0055438717827200916
v -0.005362458527088168 0.04027637839317322 -0.004687091801315548
v -0.005281600635498765 0.041175633668899536 -0.005717989522963765
v -0.00528643233701587 0.041188061237335205 -0.004828728269785644
v -0.005223619285970929 0.04174370691180229 -0.005850622896105054
v -0.004829552955925466 0.04417017102241516 -0.005024423822760585
v -0.004813181702047588 0.044250451028347015 -0.006387869361788037
v -0.005073003470897677 0.0429069884121418 -0.004990264773368838
v -0.00500103831291199 0.04332169517874718 -0.006201987620443108
v -0.0052420157007873084 0.04162577539682388 -0.004882948938757184
v -0.005243783351033929 0.04160940274596214 -0.004881070926785471
v -0.004242952913045885 0.04609490558505058 -0.006670473143458369
v -0.0044827270321548 0.04544266313314438 -0.006586626637727025
v -0.00472128624096513 0.044608522206544876 -0.005023327656090262
v -0.004445921629667284 0.04551384970545769 -0.005011294502764943
v -0.004602466709911825 0.04503076896071434 -0.00501857325434685
v -0.003966140560805799 0.046705715358257294 -0.006730140186846259
v -0.0038136071525514143 0.04699593782424927 -0.0067513301037251975
v -0.003405445953831078 0.0476565957069397 -0.006780880037695172
v -0.002997386269271375 0.04819083213806152 -0.0067843822762370136
v -0.0029264052864164127 0.04826861619949341 -0.00668160663917661
v -0.0028328560292720808 0.04837748408317566 -0.006781075149774554
v -0.0028340455610305084 0.04837154224514961 -0.006679756101220849
v -0.0023831301368772992 0.0488167367875576 -0.006763246376067403
v -0.0023680273443460473 0.04882504418492317 -0.006663668900728228
v -0.0019364103209227332 0.04916282370686531 -0.00673853559419513
v -0.0019376097479835161 0.049157049506902695 -0.006640656385570767
v -0.0017689759843051442 0.04927173629403114 -0.006728751584887507
v -0.001785563421435655 0.049256354570388794 -0.0066309892572462585
v -0.001183669082820416 0.04957162216305733 -0.006695673335343602
v -0.0011380087817087774 0.04958445206284523 -0.00659117288887501
v -0.0009522120235487823 0.0496574342250824 -0.006684222724288705
v -0.0005288313259370627 0.049763407558202744 -0.006566269323229792
v -0.000551419274415821 0.04976458102464676 -0.006667770911008122
v -0.00095346273155883 0.049651432782411575 -0.00658238120377064
v -0.002566791605204345 0.047555454075336456 -0.008105336688458923
v -0.0027812533080577863 0.04751277342438698 -0.007971583865582946
v -0.002724307589232923 0.047642018646001816 -0.007922266609966758
v -0.0027929395437240614 0.047389622777700424 -0.0080495635047555
v -0.0027585276402533067 0.047285083681344986 -0.008146813139319423
v -0.0026706375647336258 0.04720008373260498 -0.008265037089586261
v -0.002382731996476651 0.04715799540281296 -0.008473132736980919
v -0.0026167891919612898 0.04717497155070305 -0.008317349478602413
v -0.00260948669165373 0.04778289794921875 -0.007906187325716022
v -0.0024561192840337766 0.04789618030190468 -0.007933830842375759
v -0.002433268353343011 0.04790850356221199 -0.007940720766782764
v -0.002173165092244745 0.047550901770591736 -0.008354713208973411
v -0.0022329012863338002 0.047975461930036545 -0.008024475537240509
v -0.0020532147027552137 0.04796957969665527 -0.008135949261486534
v -0.001952921738848091 0.047926343977451324 -0.00822074338793755
v -0.0019255245570093402 0.04790578782558441 -0.00824905559420586
v -0.0018403029534965762 0.047769464552402496 -0.008381542749702934
v -0.0021232541184872398 0.04725418612360954 -0.008557873778045181
v -0.0019394372357055554 0.04741445556282997 -0.00855402369052172
v -0.0018444196321070203 0.04759591072797775 -0.008488919585943226
v -0.002913493895903231 0.047399505972862244 -0.007744275964796547
v -0.0029291426762938512 0.04726891592144966 -0.00783095043152571
v -0.002930084709078075 0.047212690114974976 -0.007755723316222433
v -0.002910907613113524 0.047358691692352295 -0.007664065342396501
v -0.0027963209431618465 0.04761216416954994 -0.0075704688206315075
v -0.00279234047047794 0.04765136539936066 -0.007615257520228628
v -0.002761900192126633 0.04766245186328888 -0.007561170030385259
v -0.002587553579360248 0.047854263335466385 -0.00755743216723204
v -0.0027445240411907447 0.047032587230205536 -0.008238725364208225
v -0.0027487874031066908 0.04700351879000664 -0.008226223289966587
v -0.002870262134820224 0.04712400585412979 -0.008058384060859684
v -0.0028674220666289343 0.04704337567090988 -0.008018983528018001
v -0.002743425313383342 0.04691107198596001 -0.008168919011950496
v -0.002742520067840816 0.04690752178430557 -0.00816607661545277
v -0.0019957819022238263 0.04804665595293045 -0.008084906265139583
v -0.001893047592602671 0.04798081889748573 -0.008197546936571602
v -0.0019172833999618897 0.04810645431280136 -0.007832101546227935
v -0.0016841820906847722 0.048024676740169525 -0.008016848005354408
v -0.0017123484285548338 0.04803423956036568 -0.008051783777773384
v -0.0018629292026162156 0.048100557178258896 -0.007924525067210201
v -0.00212123733945191 0.04810835421085358 -0.00776383234187961
v -0.002197921974584461 0.04807744175195694 -0.007676052395254377
v -0.0023993451613932857 0.04801107943058014 -0.007646797224879268
v -0.0024857812095433487 0.047935329377651215 -0.007575137540698055
v -0.002645305357873441 0.04782915487885475 -0.007598541676998142
v -0.002430903026834131 0.047993358224630356 -0.007637205999344591
v -0.0028987412806600345 0.047459617257118225 -0.007799482438713316
v -0.002917863428592683 0.047277405858039856 -0.007915233261883262
v -0.002885558642446996 0.04707711935043335 -0.007987422868609432
v -0.0027018655091524137 0.047150541096925735 -0.008265937678515915
v -0.002208780962973834 0.04805346205830574 -0.007952515035867695
v -0.0024422120768576873 0.04797409102320671 -0.00785433687269688
v -0.002468762453645469 0.047959547489881516 -0.00784625764936209
v -0.002647936111316086 0.047825299203395844 -0.007813615724444393
v -0.002785191405564548 0.04765510931611061 -0.007833013311028484
v -0.0028556846082210554 0.047494906932115555 -0.00789422914385796
v -0.0028712581843137754 0.047339968383312225 -0.00799262430518866
v -0.0028295360971242202 0.04720910266041756 -0.008114747703075412
v -0.0027232384309172643 0.04710493981838226 -0.00825994182378054
v -0.001783640240319074 0.04803316667675972 -0.008122949860990051
v -0.0019290039781481036 0.04809262976050377 -0.008010715246200565
v -0.0021695978939533242 0.04810011386871338 -0.007861048914492134
v -0.0024303134996443996 0.04801010340452194 -0.007751189637929205
v -0.0024599193129688514 0.04799365997314453 -0.007742161396890882
v -0.002660513855516912 0.04784154146909714 -0.007705653086304668
v -0.0028166454285383237 0.04764632135629654 -0.007728080265223983
v -0.0027136516291648163 0.04686484858393669 -0.008161553181707863
v -0.002534848637878896 0.04681175947189331 -0.008313853293657306
v -0.002875209785997869 0.04700927808880806 -0.007945188321173195
v -0.0026757959276437772 0.04708130657672882 -0.008307434618473056
v -0.001989160431548954 0.046925146132707596 -0.008551319129765037
v -0.0017761781346052894 0.04713066294789314 -0.008589669130742553
v -0.001737308921292425 0.047111913561820984 -0.008563762530684475
v -0.001659833011217416 0.047266703099012375 -0.008563356474041942
v -0.0015627219108864672 0.047353051602840424 -0.008500791154801849
v -0.0015534467529505498 0.04747745767235756 -0.008485210128128532
v -0.0014916186919435865 0.04761194810271263 -0.008375500328838829
v -0.0015239886706694967 0.047692105174064636 -0.008366325870156292
v -0.001582316122949124 0.04789488762617111 -0.008209499530494217
v -0.0015338158700615174 0.04784822836518288 -0.008207169361412529
v -0.0017708786763250836 0.04788494482636452 -0.008312530815601352
v -0.002104040002450348 0.047151852399110794 -0.008600340224802498
v -0.002244305098429323 0.04708893224596977 -0.00856352970004082
v -0.002473800908774139 0.04704652354121208 -0.00845769047737122
v -0.0024713419843465103 0.04704656824469566 -0.00845914334058762
v -0.002685411833226682 0.046881794929504395 -0.008227580226957801
v -0.0020506188739091167 0.04705621674656868 -0.008609098382294181
v -0.0019944123923778543 0.046968039125204086 -0.008578759618103508
v -0.0022087120451033124 0.04698508232831955 -0.008568395860493187
v -0.0021640951745212087 0.04689128324389458 -0.008535723201930526
v -0.0024640629999339594 0.04693715646862984 -0.008451900444924835
v -0.0024376928340643653 0.04683948680758476 -0.00841164775192738
v -0.0024668308906257166 0.04693709686398506 -0.008450272493064407
v -0.002440658165141941 0.04683942347764969 -0.008409908041357998
v -0.0026948929298669113 0.046976495534181595 -0.008280477486550811
v -0.0018480978906154641 0.04720655083656311 -0.008620074018836025
v -0.0019254283979535112 0.047284096479415894 -0.008610983379185203
v -0.0017407307168468842 0.04733175411820412 -0.008596207946538929
v -0.0018315563211217531 0.04739335924386978 -0.008590567857027057
v -0.0016431928379461176 0.04752473533153534 -0.008524783886969093
v -0.0017471159808337697 0.0475602000951767 -0.008528983220458034
v -0.0016165914712473757 0.0477202869951725 -0.008416185155510906
v -0.0017244918271899232 0.04772767797112465 -0.008435616269707683
v -0.0016702960710972554 0.047904644161462784 -0.008272901177406315
v -0.0022812967654317626 0.04682033881545067 -0.008458334952592853
v 0.0002459872921463103 0.04613316059112549 -0.009501964785158638
v 0.00013120047515258198 0.04612012207508087 -0.009508769027888778
v 0.00013092355220578616 0.04622645303606987 -0.009473941288888458
v 0.00013063215010333812 0.046331681311130524 -0.009438063018023971
v 0.0003284709528088571 0.04632836952805519 -0.009433181025087837
v 0.00035606758319772796 0.04617302119731903 -0.009484259411692623
v 0.0005257228622213008 0.04631899297237396 -0.0094233388081193
v 0.0004006905655842276 0.04694173485040665 -0.009190373122692112
v 0.0005516462260857227 0.04677506908774376 -0.009248646907508377
v 0.0006042341119609775 0.046567823737859726 -0.009325494058430198
v 0.0006031276425346734 0.04653613641858101 -0.00933761149644852
v 0.0005347366095520558 0.04633238539099693 -0.009417907334864143
v 0.0001295505062444136 0.04668518155813217 -0.009306905791163448
v 0.00019429771055001774 0.04702046886086464 -0.009165238589048389
v 0.0001283159363083542 0.047025032341480255 -0.009164465591311458
v -6.716739153489473e-05 0.046328917145729065 -0.009437903761863712
v -5.309457628754901e-05 0.046990375965833664 -0.009178841486573223
v -0.00026452087331563245 0.04632008820772171 -0.009432789869606498
v -0.0003240293299313636 0.046439118683338165 -0.009386673569679264
v -0.00034473274718038754 0.046569306403398514 -0.009336767718195919
v -0.00033677965984679775 0.046653732657432556 -0.00930474326014519
v -0.0003108238743152471 0.046739522367715836 -0.00927247200161219
v -0.00020885757112409928 0.04688926041126251 -0.009216673672199253
v -0.00013641997065860784 0.046947214752435684 -0.009195105172693733
v -8.125767635647211e-06 0.04613993689417839 -0.009502363391220573
v -0.00020309857791289695 0.04624979570508003 -0.009460146538913253
v -0.0003386227472219618 0.04626844823360443 -0.009431906044483188
v -0.00023870008590165537 0.04616151377558708 -0.009473966434597973
v -0.00029456958873197447 0.046085555106401443 -0.009451161138713363
v -0.00040907639777287857 0.046208225190639496 -0.0094023896381259
v -0.00033716455800458805 0.046014703810214996 -0.00940039195120335
v -0.00046257107169367395 0.04614942893385887 -0.0093463184311986
v -2.477568523318042e-05 0.04580191895365715 -0.009396434761583809
v -0.00012876580876763915 0.045830339193344116 -0.009385528042912487
v -0.00011583015293581417 0.04589080438017845 -0.009449162520468238
v -0.0003007565683219583 0.045915745198726654 -0.009351382032036785
v -6.318413215922194e-05 0.0460638701915741 -0.009511928074061874
v 0.00013117234630044555 0.04597700014710426 -0.009518667124211792
v -9.294170013163243e-05 0.045973051339387894 -0.009495240636169914
v 0.00013070314889773732 0.04585321620106697 -0.009466609917581085
v 0.00013044703518971806 0.045786913484334946 -0.009401025250554088
v -0.0004918954218737783 0.04610201716423035 -0.009276472963392738
v 0.00026789630646817397 0.04604671895503998 -0.00951490551233292
v 0.00030325635452754806 0.04586898535490036 -0.009453094564378265
v 0.0004686284228228035 0.04592938348650932 -0.009425673633813862
v 0.000398438540287316 0.0458335280418396 -0.009377549402415756
v 0.000611361465416849 0.0460258312523365 -0.009383931756019596
v 0.0006508153746835891 0.045987289398908615 -0.009309481829404834
v 0.0007208899478428069 0.046148255467414856 -0.009332684800028804
v 0.0007487190305255357 0.046100348234176636 -0.009261623956263069
v 0.0003987538802903147 0.046094220131635666 -0.009493581019341949
v 0.0005120977875776591 0.04617030546069145 -0.009460987523198131
v 0.0005994776729494335 0.046267300844192505 -0.009420731104910377
v 0.0002882826956920327 0.045953262597322464 -0.009498753584921363
v 0.0004388065717648717 0.04600806161761284 -0.009473975747823719
v 0.0005689022364094856 0.04609566554427147 -0.00943620223551989
v 0.0006689142901450399 0.04620705544948578 -0.009389722719788555
v 0.00302096805535257 0.04745907709002495 -0.007926504127681259
v 0.0030179608147591365 0.04734110087156296 -0.008012685924768451
v 0.00281026982702315 0.047540612518787384 -0.008037911728024486
v 0.0029692174866795553 0.04724406078457832 -0.008117014542222026
v 0.0029064784757792963 0.04719123616814613 -0.008198464289307598
v 0.0027073735836893333 0.04787546023726463 -0.007866040803492073
v 0.0028781739529222263 0.0477333627641201 -0.007840289734303955
v 0.0029792031273245824 0.047586020082235336 -0.007868040353059772
v 0.002774600172415377 0.047147102653980255 -0.008318332955241207
v 0.0026186660397797836 0.0471508614718914 -0.008415860123932365
v 0.0024250673595815906 0.047214485704898834 -0.008491218090057377
v 0.002485491102561356 0.04796445369720459 -0.007957566529512409
v 0.0026720887981355203 0.04789583757519722 -0.007876992225646976
v 0.002080695005133749 0.047613341361284256 -0.008430376648902897
v 0.0020768726244568833 0.047746442258358 -0.008347659371793274
v 0.0022962812799960384 0.04758193716406822 -0.008340653032064441
v 0.0021255663596093663 0.04785938560962677 -0.008247765712440017
v 0.002189753111451865 0.04791984707117081 -0.008171400055289272
v 0.002397719770669938 0.04722876474261284 -0.008497950620949272
v 0.002231778809800745 0.04735291749238968 -0.008512776345014576
v 0.002135763410478831 0.04747616499662399 -0.0084874089807272
v 0.0023122860584408053 0.047967951744794846 -0.008065944537520412
v 0.0018034231616184124 0.047761473804712296 -0.008306101895868782
v 0.0018776232609525332 0.047938503324985504 -0.008152933791279796
v 0.0019594812765717515 0.047934435307979584 -0.008205040358006958
v 0.0017849673749879011 0.04787319898605347 -0.008140552788972858
v 0.002124544698745013 0.04797812178730965 -0.008147212676703933
v 0.0020485834684222945 0.04801858961582184 -0.00810084026306868
v 0.001974632032215596 0.048031702637672424 -0.008038256317377094
v 0.0019165908452123412 0.048019036650657654 -0.007973904721438888
v 0.0017441046657040724 0.0475153848528862 -0.00838679447770119
v 0.0017298415768891582 0.0476294681429863 -0.008323173969984058
v 0.0017371749272570023 0.04773419722914696 -0.008253800682723526
v 0.0027953260578215135 0.04687175154685974 -0.008296385407447818
v 0.0027699589263647808 0.04680328071117401 -0.008251083083450798
v 0.002494571963325144 0.04681907966732979 -0.008413959294557575
v 0.0029823451768606914 0.046935249119997025 -0.008124697953462604
v 0.0029750505927950157 0.046898581087589264 -0.00809805188328028
v 0.002806678880006076 0.0469629243016243 -0.008327874355018142
v 0.002979527693241836 0.04702131822705269 -0.00816959980875254
v 0.0027989398222416652 0.047059543430805206 -0.00833495240658522
v 0.0029523365665227188 0.047111108899116516 -0.008194956928491596
v 0.0026052624452859176 0.04696787893772125 -0.008453009650111202
v 0.0025781225413084043 0.046877261251211166 -0.008430999703705314
v 0.0023555129300802955 0.047050200402736664 -0.008547927252948288
v 0.0023087274748831996 0.04696650430560112 -0.008532472886145118
v 0.0023200404830276975 0.047068748623132706 -0.008556286804378036
v 0.002270393306389452 0.046986620873212814 -0.00854135770350695
v 0.0021024385932832965 0.047231897711753845 -0.008573336526751522
v 0.0020344499498605737 0.04716406390070915 -0.008558879606425766
v 0.0019735065288841733 0.04739775508642197 -0.008538067340850834
v 0.001893664477393032 0.047345541417598724 -0.008519865572452549
v 0.0018976263236254462 0.047587089240550995 -0.00845932308584452
v 0.001810141373425723 0.04755401238799095 -0.008433159440755848
v 0.0018918405985459694 0.04777458310127258 -0.008344085887074474
v 0.0026191370561718954 0.047063879668712616 -0.00844700634479523
v 0.0023961225524544725 0.047137171030044556 -0.008532706648111347
v 0.0023645253386348495 0.04715366289019585 -0.00854030437767506
v 0.00217160931788385 0.04729802533984184 -0.008556397631764415
v 0.0020584624726325282 0.04744336009025574 -0.008525937795639042
v 0.0019926121458411225 0.04760756343603134 -0.00845765229314566
v 0.0019878437742590913 0.04776884615421295 -0.008358047343790535
v 0.002046485198661686 0.04790610447525978 -0.008237785659730438
v 0.0017992092762142428 0.047357067465782166 -0.00845654867589474
v 0.0019534272141754636 0.0471336767077446 -0.00851622968912125
v 0.0022046149242669353 0.046934254467487335 -0.008507033810019497
v 0.002922745654359461 0.046844951808452606 -0.008118162862956527
v 0.003105468349531294 0.04700407758355141 -0.007868565618991855
v 0.003119511762633921 0.047079022973775864 -0.007905110716819767
v 0.00312879402190447 0.047053951770067215 -0.007813566364347938
v 0.0031530964188277734 0.04722795635461807 -0.007665026467293504
v 0.003152099205181004 0.047308649867773056 -0.007724150549620393
v 0.0031386166810989393 0.04732684791088104 -0.0076035088859498536
v 0.003139676991850139 0.047381240874528885 -0.007677535526454452
v 0.0030884603038430227 0.04747244715690613 -0.007537466939538721
v 0.0030680920463055385 0.047559816390275955 -0.007581775542348627
v 0.0030561520252376808 0.0475369356572628 -0.007516842335462574
v 0.00289986631833017 0.04776989668607712 -0.007506305351853374
v 0.002807631622999908 0.04784643277525902 -0.007493095006793741
v 0.0030734941828995956 0.04701444134116173 -0.00800337549299002
v 0.0031353246886283172 0.047165464609861374 -0.007895823568105701
v 0.0031466698274016393 0.04735175520181656 -0.0077047110535204445
v 0.0030806905124336494 0.04754984378814697 -0.007613270543515686
v 0.0029328113887459053 0.04776952043175697 -0.007571536581963304
v 0.002697166753932835 0.047971829771995544 -0.007606953382492069
v 0.0026493505574762834 0.04800044745206833 -0.007621923927217725
v 0.002540754852816464 0.0480244979262352 -0.007568490225821737
v 0.0023958021774888047 0.048097483813762665 -0.007732229772955183
v 0.0022561284713447103 0.04810168966650963 -0.007711598649621013
v 0.002153531415387989 0.04810333251953125 -0.007884324528276924
v 0.0021032490767538556 0.0480940043926239 -0.007813975214958194
v 0.0020044874399900445 0.04806596785783768 -0.00789218302816153
v 0.0022686023730784663 0.04803508520126343 -0.008023317903280262
v 0.002468287479132415 0.0480308011174202 -0.007898112758994106
v 0.0026806215755641473 0.0479515977203846 -0.007805918809026483
v 0.002720716875046493 0.04792813956737518 -0.007793375290930275
v 0.002916263882070781 0.04776352643966675 -0.007763652130961422
v 0.0030349295120686306 0.04758918657898903 -0.007796506397426132
v 0.0030856439843773855 0.04743576422333717 -0.00786729343235493
v 0.003082904499024154 0.04729211702942848 -0.007972499355673793
v 0.003025320125743748 0.04717518761754036 -0.008098533377051357
v 0.0030631150584667934 0.047094136476516724 -0.008059040643274788
v 0.0031288152094930423 0.04723003879189491 -0.007912530563771728
v 0.003131086938083173 0.04739822819828987 -0.007789296098053459
v 0.0030717581976205124 0.04757697880268097 -0.007706767879426483
v 0.0029364128131419433 0.04777705296874046 -0.007668946404010061
v 0.002717766445130111 0.04796309769153595 -0.007702126167714599
v 0.0026732059195637716 0.04798949137330055 -0.007716102525591854
v 0.0024370152968913325 0.048078812658786774 -0.007818894460797313
v 0.0022127204574644574 0.04808393493294716 -0.007959678769111637
v 0.0034933465067297238 0.04522078484296799 -0.008667504414916042
v 0.003815939417108895 0.04489349201321602 -0.008500936441123489
v 0.003467486938461663 0.045033905655145645 -0.008742863312363628
v 0.0036282124929130095 0.04464561119675636 -0.008724335581064228
v 0.0034436418209224957 0.04483380168676376 -0.008812612853944305
v 0.004093678668141367 0.04450250416994095 -0.00833834428340197
v 0.003972389269620182 0.044495224952697754 -0.008464184589684013
v 0.0038394744042307156 0.044527363032102585 -0.008579290471971038
v 0.0034057823941111578 0.045293789356946945 -0.008708846755325798
v 0.003373221028596164 0.044948510825634 -0.008831267245113853
v 0.003298429306596519 0.045190706849098206 -0.00881469435989857
v 0.0033141705207526697 0.04536637291312218 -0.008750333450734619
v 0.003341052914038302 0.04542577639222145 -0.008712080307304863
v 0.0034200809895992296 0.045512277632951736 -0.008624517358839515
v 0.0034226891584694403 0.04551373049616814 -0.008622032590210441
v 0.003542061662301423 0.04555105045437813 -0.008514313027262691
v 0.004249466583132746 0.04469515383243561 -0.008104335516691211
v 0.004208023659884931 0.0445818267762661 -0.008188377134501938
v 0.004108138382434847 0.04450691118836403 -0.008321611210703853
v 0.004016906023025514 0.04495131969451904 -0.008284443058073524
v 0.00424484768882394 0.04484354704618454 -0.008060758002102378
v 0.0036257531028240936 0.04554743319749832 -0.008444896899163726
v 0.0037105320952832716 0.045524854212999344 -0.008377876132726673
v 0.0039035419467836636 0.045410580933094025 -0.008234914392232898
v 0.004154297988861801 0.045098643749952316 -0.008078123442828659
v 0.0036098614800721424 0.04562949016690254 -0.008407828398048881
v 0.003527632914483549 0.045744363218545914 -0.00828136689960957
v 0.0034569373819977062 0.04576348885893822 -0.008226735517382625
v 0.003522585146129133 0.045750394463539124 -0.00817324593663216
v 0.0037056775763630884 0.04560300335288048 -0.008332317695021633
v 0.0035758661106228846 0.04569900780916214 -0.008350898511707786
v 0.003681072266772391 0.04567058011889458 -0.00826633628457785
v 0.003638945752754809 0.04571392014622688 -0.008189697749912742
v 0.003590306034311654 0.04572831094264984 -0.00811911188066006
v 0.0034101388882845653 0.0457497276365757 -0.008379138074815277
v 0.00335303437896073 0.045766450464725494 -0.008313818834722046
v 0.003467060392722489 0.04570386931300163 -0.008441380225121978
v 0.0035129603929817694 0.04563373699784279 -0.008488311432302002
v 0.004044984932988884 0.045335859060287476 -0.007786696776747707
v 0.00413729064166546 0.04521937295794487 -0.007777631748467687
v 0.004156539216637613 0.04522097855806351 -0.007826601155102256
v 0.004295410122722389 0.044910915195941925 -0.00788145046681166
v 0.004175466019660236 0.045205190777778625 -0.00792104005813599
v 0.0042024296708405035 0.04511510208249092 -0.00778053188696504
v 0.0038064592517912405 0.045599859207868576 -0.007953059859573845
v 0.003906613215804102 0.04554217308759689 -0.007988510653376583
v 0.003941927570849659 0.045455045998096466 -0.0081566171720624
v 0.0041665206663310545 0.04517436400055885 -0.008013213984668258
v 0.004276006482541563 0.04490962624549866 -0.00797709543257952
v 0.004300836473703386 0.044744398444890976 -0.008003198541700843
v 0.004286484792828562 0.044605545699596405 -0.008066033013165
v 0.004233886022120716 0.04449652135372162 -0.008162056095898155
v 0.004154563415795566 0.04443160817027092 -0.00827091280370951
v 0.004106667824089529 0.04441961273550987 -0.008329158648848537
v 0.00416134810075164 0.044317930936813354 -0.008188280276954178
v 0.004079686477780344 0.04426887258887291 -0.00826828554272652
v 0.004100534133613111 0.044333551079034805 -0.008302500471472744
v 0.0041522923856973665 0.04434225335717201 -0.00823168829083443
v 0.004244918469339611 0.044419288635253906 -0.00810344144701958
v 0.004280378576368095 0.04446627199649811 -0.008031178265810016
v 0.004307467024773361 0.04455149546265602 -0.007987556979060177
v 0.004325489047914745 0.04468781501054764 -0.007893266156315807
v 0.00432416843250394 0.04471868276596069 -0.007911984808743003
v 0.004319685511291029 0.04477379843592644 -0.007856938056647781
v 0.004285168368369343 0.0449259988963604 -0.0078103030100464856
v 0.00393585115671158 0.04550905525684357 -0.008075541816651825
v 0.00368887046352029 0.04423590004444122 -0.008534952066838745
v 0.003702407237142326 0.04424775764346123 -0.008546207100152973
v 0.003954594489187004 0.04423069208860397 -0.008371002040803436
v 0.003910795319825413 0.04424762353301048 -0.008430460467934612
v 0.0039483006112277525 0.04432408884167671 -0.008460472337901596
v 0.0039693322032690066 0.04441118612885475 -0.008471664972603325
v 0.003828444518148901 0.04446938633918762 -0.00859461631625891
v 0.0038142872508615273 0.04442349448800087 -0.00859982427209616
v 0.0037744247820228356 0.044338762760162354 -0.008591935969889167
v 0.0037408848293125647 0.04428969323635101 -0.008574031293392185
v 0.003223735606297852 0.044543441385030746 -0.008778248913586143
v 0.0031545534729957594 0.04463055357336998 -0.008803267963230613
v 0.003190671326592566 0.044650014489889145 -0.008829219266772274
v 0.0036364695988595503 0.04424756020307541 -0.008560557849705223
v 0.0034306824672967213 0.04440263658761978 -0.008723036386072639
v 0.0035835923627018946 0.04426255449652672 -0.008584377355873588
v 0.003571968292817475 0.04426838830113411 -0.008592142723500732
v 0.003300704993307592 0.044462837278842926 -0.008745126426219944
v 0.003576363669708373 0.04455665498971939 -0.00875954702496529
v 0.0035070420708507317 0.0444713830947876 -0.008759104646742347
v 0.0033845785073936 0.044782817363739014 -0.008850219659507278
v 0.0032698863651603473 0.04469882696866989 -0.008860501460731033
v 0.0032401685602962984 0.045401591807603836 -0.008774843066930774
v 0.0031951959244906915 0.04523831233382225 -0.008845273405313495
v 0.0030853936914354576 0.04523520916700363 -0.00884856935590506
v 0.003102916525676848 0.04543912038207054 -0.008767754770815376
v 0.0029829908162355436 0.04522205889225006 -0.008813966996967796
v 0.003013820853084327 0.04544561356306076 -0.008729388937354091
v 0.003037769347429277 0.04493950679898262 -0.008855952881276611
v 0.0029988724272698177 0.04492536187171936 -0.008830085396766666
v 0.00294310529716313 0.04522009566426277 -0.008785828948020939
v 0.0031356320250779403 0.044975291937589645 -0.008887553587555889
v 0.0032390290871262563 0.04501166567206383 -0.008879647590219978
v 0.002973527414724232 0.045442625880241394 -0.00870083644986153
v 0.003288331907242538 0.04553481936454773 -0.008689124137163166
v 0.0029999420512467636 0.04551045596599579 -0.00866240076720715
v 0.003066139528527857 0.04561607912182808 -0.008583372458815578
v 0.0031030951067805303 0.04561418294906616 -0.008613504469394687
v 0.0031432961113750948 0.04568902403116226 -0.008503917604684833
v 0.0029786070808768285 0.0454578660428524 -0.00869284383952618
v 0.0029841114301234497 0.04547295719385147 -0.00868457276374102
v 0.0031951691489666713 0.04558829963207245 -0.008665744215250019
v 0.0032253763638436807 0.04571511223912239 -0.00848930981010199
v 0.003306034486740829 0.045678991824388504 -0.008553075604140762
v 0.0033819265663623823 0.045610636472702026 -0.008593738079071048
v 0.00034546226379461603 0.04830721765756607 -0.008443753235042099
v 0.00012183772923890507 0.04826522618532181 -0.008481171913445
v 0.0005158060230314734 0.048423994332551956 -0.008346607908606533
v 0.0001189314498333261 0.048655468970537186 -0.008197268471121791
v 0.0005944443400949242 0.04858575388789177 -0.00821650214493275
v 0.0005979544948786499 0.04863176867365837 -0.008180258795619014
v 0.0005394718609750273 0.048809394240379333 -0.008043611422181133
v 0.00038655797834508137 0.04894201457500458 -0.007945518009364608
v 0.00017093113274313518 0.049005474895238876 -0.007901230826973919
v 0.00011582462320802739 0.04900802671909332 -0.007900060154497627
v -0.00010896416642935952 0.048963796347379684 -0.007935760542750362
v -0.00027861414127983164 0.04884349927306175 -0.00802835822105408
v -0.00035626409226097183 0.04867998883128166 -0.008155092597007755
v -0.000359565776307136 0.04863325506448746 -0.008191648870706562
v -0.00032236750121228413 0.048493146896362305 -0.00830208417028189
v -0.00021652926807291817 0.04837239533662796 -0.008397990837693218
v -5.881044853595088e-05 0.048292528837919235 -0.008461110293865207
v -4.7679157432867234e-05 0.049089252948760986 -0.007653620094060901
v -0.00018464996537659325 0.04903000593185425 -0.007594652473926548
v 0.00011267130321357405 0.049103885889053345 -0.00764071894809604
v 0.00011159812129335483 0.04907979443669319 -0.007554984651505951
v -0.00028467574156820785 0.049006275832653046 -0.0077174729667604
v -0.0004188737657386811 0.04891152307391167 -0.00778956059366465
v -0.00041220942512154595 0.04890483245253563 -0.007689071353524927
v -0.0005507157766260209 0.04873444885015488 -0.007925353012979034
v -0.0005716299056075516 0.048712655901908875 -0.007835473865270618
v -0.0005930533516220751 0.04854094237089157 -0.008076136931777004
v -0.0006263373652473095 0.04848877713084221 -0.008009874261915687
v -0.00044767020153813086 0.048619676381349564 -0.00817519333213568
v 0.00011504194844746968 0.04906242713332176 -0.007834161631762985
v -1.2986007277504546e-05 0.04905354231595993 -0.007839813828468326
v -0.00020211579976603397 0.04898795485496521 -0.007890664041042331
v -0.0003091279359068723 0.04891302064061165 -0.007947994396090511
v -0.000414122798247263 0.048772916197776794 -0.008055774495005611
v 0.00011338636977598077 0.04910553991794586 -0.007698390632867817
v -3.267343709012495e-05 0.04908675700426102 -0.007750101387500766
v -0.00024926880723796796 0.049011245369911194 -0.007808368187397722
v -0.0003718696534633638 0.048925016075372696 -0.007874109782278541
v -0.0004922393127344551 0.04876384511590004 -0.00799785275012255
v -0.000530797988176346 0.04858765751123428 -0.008135144598782066
v 0.00012169174442533409 0.04799070209264755 -0.008513153530657295
v 0.00012105925998184835 0.04791408032178879 -0.00847034435719252
v -1.848648935265374e-05 0.04792429134249687 -0.008463515900075439
v 0.0001221189741045237 0.04818962141871452 -0.008518064394593242
v 1.5856940080993816e-05 0.04819120094180107 -0.008514900691807274
v 0.00012197405885672202 0.04804762080311775 -0.00852855667471886
v 2.432700796362043e-07 0.048095494508743286 -0.008526551537215713
v -1.177823014586466e-05 0.04800063371658325 -0.008506619371473793
v -0.0001641649578232319 0.04795796796679497 -0.008437033742666248
v -9.181119821732868e-05 0.048215676099061966 -0.0084960674867034
v -0.00043665757402777693 0.048536866903305054 -0.008240415714681152
v -0.00040375083335675315 0.04845346510410309 -0.008306542411446575
v -0.0002785313117783518 0.04831031337380409 -0.008420785889029506
v -0.00019120960496366032 0.04825587198138237 -0.008464249782264236
v -0.00012318308290559804 0.048123594373464584 -0.008504813537001613
v -0.0001469546114094556 0.04803147912025452 -0.008482681587338451
v -0.00023711161338724207 0.04816974699497223 -0.008468103595077995
v -0.0002717140596359969 0.048082135617733 -0.00844227243214846
v -0.00033717881888151185 0.04823226109147072 -0.008417981676757339
v -0.0003812750219367446 0.04815076291561127 -0.008387112990021709
v -0.0004806003998965027 0.04839666187763214 -0.008286340162158016
v -0.0005382270319387319 0.04833123832941055 -0.008242316544055942
v -0.0005182471359148624 0.04849248751997948 -0.008210197091102604
v -0.000579380081035197 0.04843643680214882 -0.008158613927662376
v -0.0004060690116602929 0.0480819046497345 -0.008336555212736133
v -0.0005627815844491126 0.04825824126601219 -0.008193720132112507
v 0.0002823752001859249 0.04800448939204216 -0.008499526418745521
v 0.0004170524771325292 0.04796053096652031 -0.008427206426858905
v 0.0005198585567995908 0.04808375611901283 -0.008430515415966514
v 0.000653240422252566 0.048174258321523666 -0.008354225195944313
v 0.0006449266220442954 0.04807932302355766 -0.008324860595166687
v 0.0007855713483877483 0.04834684357047081 -0.008212367072701458
v 0.0008047415176406506 0.048265039920806885 -0.00817023124545813
v 0.0008283461793325845 0.04853873327374458 -0.008059230633080009
v 0.0008598802378401165 0.048486460000276566 -0.007992209866642955
v 0.0006856060354039076 0.04861791804432869 -0.008161713369190696
v 0.00025012134574353706 0.04819425195455551 -0.008509286679327491
v 0.00043932220432907365 0.04825714975595474 -0.00845490396022797
v 0.0005456562503241005 0.0483289510011673 -0.008394746109843258
v 0.0006512851687148217 0.04846583306789398 -0.008282773196697239
v 0.000268811796559021 0.04809900373220444 -0.00852009374648333
v 0.0004856752639170738 0.04817121848464012 -0.008457377552986148
v 0.0006075123092159631 0.04825366660952568 -0.00838803127408028
v 0.0007284635212272409 0.04841088131070137 -0.00825903564691544
v 0.000767659745179117 0.048585642129182816 -0.008119699545204643
v 0.0008015136118046943 0.048688020557165146 -0.007943178527057174
v 0.0007966117118485275 0.04872017353773117 -0.00781182944774628
v 0.0006870696670375768 0.04887208342552185 -0.007804510649293665
v 0.0005909455358050766 0.048956241458654404 -0.007742885034531358
v 0.0006398119730874899 0.04890293627977371 -0.007676742505282167
v 0.00036363911931403 0.049067024141550064 -0.007664290722459558
v 0.00039754796307533996 0.049033407121896744 -0.00758461328223348
v 0.00031532801222056167 0.049035996198654175 -0.007848412729799751
v 0.0006643460365012291 0.048736199736595154 -0.0080699110403657
v 0.0005732719437219205 0.048881858587265015 -0.007959917187690738
v 0.000496660126373172 0.048948418349027634 -0.00791095290333033
v 0.0007432423299178484 0.04872160777449608 -0.008014095015823845
v 0.0006387900211848322 0.048889148980379105 -0.007887761108577255
v 0.0005509923794306817 0.04896574839949608 -0.007831577211618427
v 0.0003432832309044899 0.049066558480262756 -0.007759885396808389
v 0.00317024625837803 0.048145391047000885 -0.006710978224873545
v 0.0036084032617509382 0.047570206224918365 -0.006694519426673653
v 0.003599103074520828 0.04711059853434563 -0.007222338113933805
v 0.002846913877874614 0.048496585339307785 -0.006711192894726994
v 0.0028523656073957695 0.04821521043777466 -0.007073659449815754
v 0.0025677620433270944 0.04875757545232773 -0.006706464104354384
v 0.0019833697006106385 0.048785995692014694 -0.007237833924591545
v 0.0024377109948545703 0.04886699095368385 -0.0067032915540039565
v 0.0007308216881938282 0.049705374985933304 -0.006658797152340415
v 0.0010404582135379319 0.04962819814682007 -0.0066631804220378425
v 0.001050993450917304 0.04912731051445007 -0.007344527170062069
v 0.0013681675773113972 0.04951223358511925 -0.006670637056231501
v 0.0019888856913894424 0.04919053241610527 -0.006689572241157296
v 0.00010213712084805597 0.049768295139074326 -0.0066594262607395675
v 0.00010678247781470422 0.04947032034397125 -0.00711034890264273
v 0.00010980011575156828 0.049238421022892 -0.007387670688331131
v 0.0010416081640869383 0.04735889285802841 -0.008682265877723697
v 0.00012331221660133457 0.04756883159279823 -0.008672141470015052
v 0.0010507962433621292 0.04835280403494835 -0.008050647564232353
v 0.000868903065565974 0.04648571088910103 -0.009107669815421108
v 0.0008140350109897557 0.04675209894776344 -0.009009423665702346
v 0.0010283644078299408 0.046197693794965744 -0.009185981005430225
v 0.000856073282193393 0.04635307937860489 -0.009159176610410217
v 0.0008174094837158922 0.04622596502304077 -0.009209980256855491
v 0.00012495578266680246 0.04720193147659302 -0.008861859329044822
v 0.00041602391866035776 0.04714369401335716 -0.008877323940396312
v 0.0006571661215275529 0.04698334261775017 -0.008929131552577022
v 0.0019462150521576413 0.04709615930914879 -0.008538520894944671
v 0.0019095678580924877 0.045989178121089935 -0.009025741368532184
v 0.0027088546194136156 0.04564150050282478 -0.0087892534211278
v 0.0034934422001242655 0.04603595659136772 -0.008067983202636245
v 0.0027792444452643407 0.04665273800492287 -0.008325048722326759
v 0.003547702683135869 0.04648993909358978 -0.007758984342217449
v 0.003578253788873555 0.04681013897061348 -0.007501426152884964
v 0.004047569353133442 0.046585001051425934 -0.006940124556422237
v 0.0040104268118739145 0.046912215650081635 -0.006652637384831908
v 0.004125219769775869 0.0466938242316246 -0.00663353502750397
v 0.004012797493487598 0.04618846997618675 -0.007340839132666591
v 0.003949251957237722 0.045740965753793716 -0.0077119530178606545
v 0.004386029206216337 0.04548989236354828 -0.007149562705308202
v 0.0041748294606804865 0.04511086270213127 -0.007711112964898351
v 0.004263221751898529 0.044891901314258575 -0.007675821427255872
v 0.004435390233993532 0.04600820690393448 -0.006557967979460957
v 0.003866652492433788 0.044168367981910706 -0.008360636420547966
v 0.004047377035021784 0.04416456073522568 -0.008173058740794662
v 0.004075575619935991 0.04417020082473755 -0.008140044286847118
v 0.004102364648133518 0.04417772218585014 -0.00810753740370274
v 0.004181343130767347 0.04421607777476311 -0.008003493770956997
v 0.00429446389898658 0.04436732456088066 -0.007813878357410434
v 0.004323265049606563 0.04455318674445152 -0.007713667117059234
v 0.004316966049373152 0.04465356096625328 -0.007687700446695093
v 0.0034862109459936636 0.04221153259277344 -0.009006769396364692
v 0.003519302699714901 0.04231445491313934 -0.008989317342638973
v 0.0035721375606954115 0.04238520562648773 -0.008957167156040672
v 0.003622472984716298 0.04201448708772659 -0.00890940893441439
v 0.0034838533028960245 0.042054980993270874 -0.009001788683235649
v 0.003535388736054303 0.041859645396471024 -0.008959036320447925
v 0.003596184542402627 0.042404260486364365 -0.008941770531237129
v 0.0037313222419470566 0.042397692799568176 -0.008848112076520923
v 0.003673574887216093 0.04162995144724846 -0.008852618746459488
v 0.0038532048929482716 0.041478872299194336 -0.008712498471140865
v 0.003860455239191653 0.04239852353930473 -0.008752107620239261
v 0.0038563786074519175 0.04147716239094734 -0.008709982037544254
v 0.004025008063763382 0.041433513164520264 -0.008573978208005432
v 0.003874905640259387 0.041946083307266235 -0.00872405152767897
v 0.004134907852858307 0.0414726585149765 -0.008483534678816799
v 0.004197473637759687 0.04155150428414345 -0.008432893082499508
v 0.0042287465184927 0.04166368395090103 -0.008410684764385227
v 0.003888451028615238 0.042382072657346725 -0.008729942142963413
v 0.004029997158795597 0.04225426912307739 -0.008611287921667102
v 0.0041404245421290415 0.04208347201347351 -0.008509799838066105
v 0.0042291884310543554 0.04178605601191521 -0.00841650273650885
v 0.003619702300056817 0.042418159544467926 -0.00892636459320784
v 0.0036601459141820687 0.0424332432448864 -0.00889914203435183
v 0.0037247575819492357 0.04243955388665199 -0.008853893727064136
v 0.0035455920733511465 0.042491842061281204 -0.008961926214396957
v 0.003853125963360073 0.04272124543786049 -0.008505819365382198
v 0.0038816852029413002 0.042668405920267105 -0.008580524474382404
v 0.0037288265302777308 0.04272296279668808 -0.008705065585672859
v 0.0038950638845562952 0.042598191648721695 -0.008648942224681381
v 0.0037566716782748717 0.042636990547180176 -0.008766911923885349
v 0.003872239030897619 0.04243295267224312 -0.00874164700508118
v 0.0037671315949410217 0.04253649711608887 -0.00880912505090237
v 0.0035536733921617287 0.04272092133760452 -0.008829726837575439
v 0.0035185508895665425 0.04278548061847687 -0.008757143281400207
v 0.0037521587219089287 0.042766932398080826 -0.008587080985307697
v 0.003405485535040499 0.042653802782297134 -0.00892723444849253
v 0.0033335911575704826 0.04270782694220543 -0.008876745589077476
v 0.0036048472393304127 0.04263531416654587 -0.008874935097992424
v 0.003479477949440481 0.04257902875542641 -0.008957643993198875
v 0.003643535543233158 0.04253527894616127 -0.00889701955020428
v 0.0039975405670702475 0.04261079058051109 -0.008379438892006878
v 0.003926157485693695 0.04267265647649765 -0.008443471975624565
v 0.003918389324098827 0.04314512386918068 -0.008441842161118988
v 0.0038364657666534203 0.04358724132180214 -0.0084826834499836
v 0.0036252837162464874 0.04319807514548302 -0.008673270232975486
v 0.0035892419982701557 0.04375622794032097 -0.00865769945085049
v 0.0032725904602557434 0.04332904517650604 -0.008897861465811733
v 0.0032686351332813514 0.04393235221505165 -0.008847606368362907
v 0.0033144738990813507 0.04269395396113396 -0.00888829026371241
v 0.003295760834589602 0.04267902672290802 -0.008899445645511154
v 0.0036560348235070723 0.04422282427549362 -0.008535033091902736
v 0.003281090641394259 0.04420233145356178 -0.008802942931652073
v 0.003941917326301338 0.04386168345808983 -0.008346331305801872
v 0.0013337284326553351 0.04389351233839989 -0.009815561585128313
v 0.0012282653478905565 0.04395163431763649 -0.009830857627093797
v 0.0018975624116137632 0.0444553904235363 -0.009610190987586979
v 0.0011368973646312956 0.04403245076537132 -0.009839517995715147
v 0.0010633210185915236 0.044130854308605194 -0.009841628372669225
v 0.0018855193629860887 0.04414784535765648 -0.00965338293462992
v 0.001803056802600623 0.043999429792165756 -0.009692793712019924
v 0.0016496863681823022 0.0438864529132843 -0.009744181297719482
v 0.0019154765177518138 0.044369637966156006 -0.009616774506866935
v 0.001442437642253936 0.04386373236775398 -0.009795166552066808
v 0.0010102749802172188 0.044241856783628464 -0.009837472811341291
v 0.0009797854581847791 0.04436052218079567 -0.009827467612922197
v 0.0009910736698657279 0.04459484666585922 -0.009792868979275232
v 0.0013699964620172984 0.04491782933473587 -0.009668556042015556
v 0.0012183749349787836 0.044760145246982574 -0.009727629832923416
v 0.001294210669584573 0.04490751773118973 -0.00968633778393269
v 0.0011568657355383043 0.04484443739056587 -0.009724188596010212
v 0.0010522663360461597 0.04473372921347618 -0.009761281311511997
v 0.0014433492906391627 0.04491414502263069 -0.00965302158147097
v 0.0015075457049533731 0.04490022733807564 -0.009640720672905449
v 0.0017120557604357609 0.044781360775232315 -0.00961048994213343
v 0.0017438766080886134 0.04474949836730957 -0.009607408195734028
v 0.0018873690860345968 0.04449479281902313 -0.009607471525669101
v 0.0013604378327727324 0.045002877712249756 -0.009640407748520378
v 0.0014490544563159353 0.04499846324324608 -0.009621575474739078
v 0.0013061669887974865 0.045159999281167984 -0.009423941373825077
v 0.0014264303026720888 0.04515373334288597 -0.009398278780281547
v 0.0014396264450624592 0.04512907564640045 -0.009481688961386684
v 0.0013254471123218543 0.045134831219911575 -0.009506167843937877
v 0.0012057747226208453 0.04511842504143715 -0.009534196928143505
v 0.001142818597145379 0.04513261467218399 -0.009462634101510051
v 0.0009886288316920404 0.04501784220337868 -0.009593502618372444
v 0.0008976124227046971 0.044992998242378235 -0.009531948715448383
v 0.0008282562484964732 0.04484684020280838 -0.00964958313852549
v 0.000781668059062213 0.04485604539513588 -0.009573520161211494
v 0.0007388421799987558 0.0446423701941967 -0.00969531107693911
v 0.0006878878921270374 0.04464151710271835 -0.009621004574000839
v 0.0007268653716892007 0.04475366324186325 -0.009598153643310074
v 0.0009092855034396057 0.04461575299501419 -0.009789922274649148
v 0.0012682707747444517 0.04499030485749245 -0.009662014432251457
v 0.0011011349270120267 0.04491332173347473 -0.009707863442599777
v 0.0009756651124916975 0.04478025436401367 -0.009752035140991214
v 0.0014480098616331822 0.045075055211782455 -0.009561925195157531
v 0.001344873919151724 0.04508019983768463 -0.009583942592144016
v 0.0012371015036478645 0.045065462589263916 -0.009609189815819267
v 0.001041588257066906 0.044975146651268005 -0.00966267101466656
v 0.0008962838328443472 0.0448206402361393 -0.009713593870401386
v 0.000780676549766213 0.04463866353034973 -0.009733289480209354
v 0.0019315225072205075 0.04460731893777847 -0.009562864899635318
v 0.0019725223537534484 0.04446922242641449 -0.009573089890182022
v 0.002081503393128515 0.044565193355083466 -0.009321593679487709
v 0.0021049208007752904 0.044479575008153915 -0.009326878003776077
v 0.0020897130016237506 0.04448314383625984 -0.009416191838681701
v 0.0020355540327727803 0.04464844614267349 -0.009407283738255504
v 0.001875219284556807 0.044893328100442886 -0.009413389489054683
v 0.0019342076266184458 0.04484504461288452 -0.009321139194071296
v 0.0018659617053344854 0.04490312561392784 -0.009414278902113441
v 0.0016993937315419323 0.045055657625198364 -0.009349063970148567
v 0.001667078933678568 0.045054301619529724 -0.009440471418201927
v 0.0017982140416279444 0.04480961337685585 -0.009567597880959514
v 0.0017905833665281543 0.04481762275099754 -0.009568312205374244
v 0.0016288609476760036 0.04493972286581993 -0.009589237160980705
v 0.0020674706902354964 0.044482193887233734 -0.009467685595154766
v 0.001995129510760308 0.04463322460651398 -0.009494235739111904
v 0.0018463770393282184 0.04485968127846718 -0.009499773383140567
v 0.0018378181848675021 0.044868700206279755 -0.00950059108436108
v 0.001654909690842033 0.045007262378931046 -0.009524528868496421
v 0.001380020868964494 0.04359860718250275 -0.009682751260697845
v 0.0013855412835255272 0.04361232370138168 -0.009699651040136818
v 0.0014621759764850146 0.04360605403780937 -0.00968357361853123
v 0.0015234223101288087 0.04359958693385124 -0.009659457951784137
v 0.001691052108071745 0.04364267736673355 -0.009625202976167205
v 0.001668932847678662 0.04363071918487549 -0.009625789709389213
v 0.0018424901645630607 0.043717168271541595 -0.009568840265274051
v 0.0018746149726212033 0.043749645352363586 -0.009566568769514564
v 0.0018869199557229885 0.043751060962677 -0.00955031625926495
v 0.002026874804869295 0.043941352516412735 -0.009503427892923359
v 0.0020466295536607513 0.04394857585430145 -0.00945896934717894
v 0.0021035275422036656 0.044185440987348557 -0.009451941587030891
v 0.0021247535478323707 0.044221993535757065 -0.009355704300105575
v 0.002123385900631548 0.04436061531305313 -0.009337809868156913
v 0.00198690569959581 0.044225212186574936 -0.009600296616554264
v 0.001428610994480551 0.043774690479040146 -0.009791851975023752
v 0.0014884059783071286 0.04377136379480362 -0.009779340587556367
v 0.0016645488794893033 0.04379924014210701 -0.00973460823297501
v 0.0018057321431115278 0.04388083517551422 -0.00968998018652201
v 0.0019250110490247616 0.044029828161001205 -0.009641214273869995
v 0.001408669049851597 0.043685466051101685 -0.009759158827364448
v 0.0014780772617086775 0.04368055611848831 -0.009744841605424884
v 0.001684129005298019 0.043713364750146866 -0.009692375548183921
v 0.0018493528477847585 0.043809253722429276 -0.00963981915265322
v 0.001987379044294358 0.04398234933614731 -0.009582906030118469
v 0.0020577001851052054 0.04420526325702667 -0.009535995312035087
v 0.0014944212744012482 0.043549198657274246 -0.009600556455552581
v 0.001205742591992021 0.04360402002930641 -0.009658151306211952
v 0.001202490879222751 0.04363567754626274 -0.009698414243757728
v 0.0011716648004949097 0.04361884668469429 -0.009663505479693416
v 0.0009370793122798209 0.043781932443380356 -0.009690225124359134
v 0.0017264451598748573 0.04360022395849228 -0.009538345038890842
v 0.0018421942368149766 0.0436672642827034 -0.009500877000391487
v 0.002088126027956606 0.044022154062986374 -0.009391544386744503
v 0.0020596077665686616 0.04394537955522537 -0.009409010410308841
v 0.0019442179473117003 0.043761033564805984 -0.009462798945605758
v 0.0006759320967830721 0.04458888620138168 -0.009630437009036544
v 0.000713752175215632 0.044481631368398666 -0.00972208566963673
v 0.001221623155288399 0.04365759715437889 -0.009729901328682903
v 0.001259661163203419 0.043726492673158646 -0.009786755777895456
v 0.0012992399279028184 0.043810199946165085 -0.009815946221351629
v 0.001175662269815803 0.04387843981385231 -0.009833554737269884
v 0.001070042722858489 0.04397205263376236 -0.00984319299459458
v 0.0009857933036983017 0.04408494755625725 -0.009845253080129629
v 0.0009253538446500902 0.04421166330575943 -0.0098402351140976
v 0.0008906238945201044 0.04434709623456001 -0.009828657843172555
v 0.0008834374020807449 0.04448628053069115 -0.00981096643954516
v 0.0006757706287316981 0.044268395751714706 -0.009674387052655224
v 0.0007224311120808128 0.044312503188848495 -0.009743602946400646
v 0.000791338330600411 0.044486355036497116 -0.009780249558389192
v 0.0011189143406227235 0.043804433196783066 -0.009806538932025438
v 0.0010678906692191963 0.043743014335632324 -0.009751306846737865
v 0.0009998221648857002 0.04391029104590416 -0.00981708057224751
v 0.0009386510355398063 0.04385828226804733 -0.009762495756149295
v 0.0009055040427483623 0.044037047773599625 -0.009819058701395994
v 0.0008367768605239693 0.043995656073093414 -0.009764383547008041
v 0.0008381002699024979 0.04417876526713371 -0.00981319602578879
v 0.0007641533156856898 0.04414884373545647 -0.009757853113114837
v 0.0007993741310201589 0.04433019459247589 -0.009800112806260591
v 0.0007950552389957014 0.04395879805088043 -0.0096940640360117
v 0.002548656659200789 0.04423312097787857 -0.00918693840503693
v 0.0010204825084656481 0.04540765658020973 -0.009420634247362617
v 0.0007863547652959827 0.04616130515933037 -0.009236377663910392
v 0.0001302757154917345 0.045206692069768906 -0.009547803550958637
v 0.00013092908193357294 0.04460722580552101 -0.009659818373620514
v 0.0018890638602897534 0.0452340692281723 -0.009250961244106296
v 0.002671024296432735 0.04494952782988548 -0.0090005761012435
v 0.0008072460186667744 0.046324025839567184 -0.0092608816921711
v 0.0008033192716538909 0.04653184488415718 -0.009229352697730068
v 0.0007479558698832992 0.046367354691028595 -0.009324674494564537
v 0.0006686464184895161 0.046407364308834076 -0.009364320896565918
v 0.0006872736848890785 0.04656093195080757 -0.009306719526648525
v 0.000828784366603941 0.046610038727521896 -0.00915063358843327
v 0.0007456665043719116 0.04684538021683693 -0.009064939804375175
v 0.0005878357333131137 0.047031257301568985 -0.009000921621918682
v 0.00036855996586382405 0.04715552181005478 -0.008960844017565254
v 0.0001259918935829774 0.04719734564423561 -0.008949689567089084
v 0.0001278398849535734 0.04710112512111664 -0.009115800261497501
v 0.0006860785651952032 0.04663578048348427 -0.009276435710489753
v 0.0006193198496475819 0.046823520213365555 -0.009207813069224361
v 0.000493140076287091 0.04697083681821823 -0.009156604297459129
v 0.00031918287277221696 0.04706847295165062 -0.00912466831505299
v 0.0007677482790313664 0.046628426760435104 -0.009224110282957557
v 0.0006916578277014199 0.04684314876794815 -0.009145813994109634
v 0.000547412200830877 0.0470123216509819 -0.009087350219488147
v 0.0003475947014521809 0.04712503403425217 -0.00905080791562796
v 0.000127028237329796 0.04716287925839424 -0.009040650911629203
v -1.0841862604138446e-05 0.04718456044793129 -0.008955704048275951
v -0.00014816719340160495 0.04714412987232208 -0.008971132338047031
v -0.00016730862262193122 0.04714376851916313 -0.008884652517735962
v -0.000272972567472607 0.0470784492790699 -0.008995229378342632
v -0.0003961805487051608 0.04699445515871048 -0.008938038721680645
v -0.0005799203645437958 0.046517692506313324 -0.009203175082802776
v -0.0006147551466710869 0.046487946063280106 -0.009125326760113243
v -0.0005682644550688567 0.04664190486073494 -0.009156098589301113
v -0.0005577433039434256 0.046763092279434204 -0.009021990001201633
v -0.0005303798825480046 0.046768393367528915 -0.009108813479542736
v -0.00038055895129218714 0.046991102397441864 -0.009027014486491684
v -0.0004328529757913204 0.046562012284994125 -0.00931833311915398
v 1.999213418457658e-05 0.04709115996956825 -0.009120563045144085
v -8.846971468301494e-05 0.0470595620572567 -0.009132809005677704
v -0.0001874083827715368 0.047008026391267776 -0.009151984937489036
v -0.0002730811538640411 0.04693913459777832 -0.009177355095744136
v -0.00039306975668296234 0.04676221311092377 -0.00924283638596535
v -0.0004235130909364672 0.04666126146912575 -0.009280699305236343
v 2.6456830255483523e-06 0.047151315957307816 -0.00904612243175507
v -0.00012228343985043472 0.04711472615599632 -0.00906016863882542
v -0.0002359818172408269 0.04705517739057541 -0.009082129225134853
v -0.0003341615374665709 0.04697582870721817 -0.009111136198043827
v -0.0004711779474746438 0.04677295312285423 -0.009185863658785823
v -0.0005058665992692115 0.04665752500295639 -0.00922906864434481
v -0.0005165225593373182 0.04654411971569061 -0.009272056631743911
v -0.00040860634180717187 0.046408865600824356 -0.009377191774547104
v -0.0005299909389577808 0.04616311565041542 -0.00925211422145367
v -0.0005615043919533493 0.04622786492109299 -0.009226462803781036
v -0.0005498614627867939 0.04632589593529701 -0.009277102537453178
v -0.0006010647048242392 0.0463552288711071 -0.009176537394523624
v -0.0004889476113021376 0.04636906459927559 -0.009339458309113983
v -0.0017442608950659641 0.04804941639304161 -0.007969275116920475
v -0.0008171245572157207 0.04835531860589981 -0.008072922006249431
v -0.0033877114765346063 0.047121282666921616 -0.007304619066417221
v -0.0034082720521837486 0.047579847276210785 -0.0067782280966639545
v -0.0029231929220259203 0.048206303268671036 -0.006783622782677415
v -0.00264171394519508 0.048222657293081284 -0.007139237597584728
v -0.003360935486853124 0.04681961610913277 -0.007584279868751768
v -0.0033252777066081775 0.046500641852617264 -0.007840063422918323
v -0.003264734754338862 0.04604518041014671 -0.008148687891662124
v -0.002542986534535886 0.04665995389223099 -0.008388585411012176
v -0.0024642830248922123 0.04564851149916649 -0.008851010352373127
v -0.002741149626672269 0.045481566339731216 -0.008753411471843723
v -0.0028763227164745344 0.04567693546414375 -0.008602765388786796
v -0.0029209610074758543 0.04571031033992767 -0.008560691028833393
v -0.003225422464311124 0.04577416181564331 -0.008305679075419906
v -0.0031201408710330738 0.04577711969614029 -0.008389644324779514
v -0.0030822295229882015 0.04577245935797691 -0.008420753292739395
v -0.0007955616456456486 0.047361359000205994 -0.0087041798979044
v -0.0007734538521617654 0.046200115233659744 -0.009207471273839477
v -0.0017039709491655237 0.047101087868213654 -0.008582078851759437
v -0.0016583150718361146 0.04599413648247719 -0.009068411774933342
v -0.0017212723614647993 0.045973293483257294 -0.009054736234247688
v -0.0008320746128447357 0.04912983998656273 -0.007366977632045749
v -0.0005193317774683239 0.04970714449882507 -0.006673690397292378
v -0.0017689645756036052 0.049205195158720016 -0.0067336773499846484
v -0.001694991253316403 0.0492507703602314 -0.00672947056591511
v -0.0017675739945843824 0.04879104718565941 -0.007282588165253404
v -0.0011511036427691583 0.04952002316713333 -0.006700236815959218
v -0.0008359552011825148 0.04962878301739693 -0.006685754749923947
v -0.0026442778762429966 0.0485038235783577 -0.006776675116270783
v -0.002344795037060977 0.04878029227256775 -0.006764375604689124
v -0.0032525409478694214 0.045229990035295486 -0.008748063817620281
v -0.003304335987195374 0.04556223005056381 -0.00859512481838465
v -0.003162397071719171 0.04530389979481697 -0.008787914179265503
v -0.0032779749017208828 0.04555824398994446 -0.008617038838565353
v -0.0030698173213750137 0.04537569358944893 -0.008827195502817634
v -0.003145854687318207 0.04549596831202507 -0.008735961280763153
v -0.003975742496550085 0.045004960149526596 -0.008157895877957348
v -0.0037883536424487847 0.04531027749180794 -0.00825055874884129
v -0.0035791220143437403 0.04490448534488678 -0.008589674718678001
v -0.0034822840243577975 0.045533694326877594 -0.008458339609205726
v -0.0033888823818415416 0.045558687299489975 -0.008528403937816623
v -0.0034745011944323795 0.045536547899246216 -0.008464056067168716
v -0.0038613590877503174 0.04451590031385422 -0.008433865383267406
v -0.003962770104408266 0.044576048851013184 -0.008310239762067798
v -0.004019834566861393 0.04484378546476364 -0.008162599056959156
v -0.004016655497252943 0.04468299075961113 -0.008218109607696537
v -0.0035364059731364268 0.044350516051054 -0.008679700084030632
v -0.003467289963737132 0.04426084831357002 -0.008633431978523735
v -0.003575709648430349 0.044233836233615875 -0.008556416258215908
v -0.003465951420366766 0.04425956308841705 -0.008632302284240726
v -0.003452751552686097 0.04424768686294556 -0.008620744571089748
v -0.0035899358335882443 0.04448099434375763 -0.008683876134455207
v -0.0035759415477514284 0.04443560913205147 -0.008688631467521194
v -0.0037303066346794384 0.04439949244260788 -0.008562946692109111
v -0.003697786713019015 0.044297657907009125 -0.008539575152099136
v -0.0036013307981193083 0.044233329594135284 -0.008541523478925232
v -0.003875032765790822 0.04439526051282883 -0.00841560680419207
v -0.0037370757199823874 0.044507961720228195 -0.008556827902793888
v -0.0038495522458106297 0.04428205266594887 -0.008363577537238601
v -0.003601283300668003 0.04453957825899124 -0.008668745867908004
v -0.003225420601665975 0.04504319280385971 -0.008822732605040077
v -0.0033635094296187175 0.04467485845088959 -0.008820878341794017
v -0.003200385253876449 0.04484328627586365 -0.008891891688108448
v -0.003064041025936605 0.04513458535075188 -0.0089027239009738
v -0.003056557616218926 0.04532628133893013 -0.008851283229887489
v -0.00292049045674503 0.044699776917696 -0.008911194279789928
v -0.0029479959048330797 0.044658221304416656 -0.008902337402105335
v -0.003026221413165332 0.044707417488098145 -0.008935534395277504
v -0.0027390629984438432 0.04524702951312065 -0.00887894164770842
v -0.0026995972730219377 0.04520241171121597 -0.008860275149345401
v -0.002769247163087131 0.044895004481077194 -0.00890005007386208
v -0.0027690934948623193 0.045453719794750214 -0.008798798546195034
v -0.002730134176090361 0.04545065388083458 -0.008769665844738487
v -0.002840941306203605 0.04525895416736603 -0.008915823884308342
v -0.0028578988276422037 0.045447513461112976 -0.008839695714414123
v -0.0029508878942579044 0.04526018351316452 -0.008915053680539135
v -0.002995109418407084 0.04541053995490074 -0.00884999800473452
v -0.002984396414831282 0.04505259171128273 -0.008952034637331966
v -0.003009492298588158 0.04475267603993416 -0.008945280686020855
v -0.0031407070346176637 0.044791970402002335 -0.008928044699132446
v -0.003100630128756167 0.044813986867666245 -0.00894036423414946
v -0.0028795546386390937 0.045019976794719696 -0.008957889862358574
v -0.002781364601105453 0.04498658701777458 -0.008924345485866073
v -0.0029126156587153686 0.04463862255215645 -0.008875530213117603
v -0.003276493633165957 0.04564344137907028 -0.008568930439651016
v -0.0027354210615158094 0.045466188341379166 -0.008761674165725711
v -0.0030231133569031967 0.04551760479807854 -0.008788533508777622
v -0.002926263725385071 0.04556496441364288 -0.008767130784690384
v -0.0028327868785709156 0.04558645933866501 -0.008715507574379448
v -0.002953790593892337 0.04570641368627548 -0.008592624217271808
v -0.00317598693072796 0.0457603745162487 -0.008456776849925522
v -0.0030358801595866693 0.04567263647913933 -0.008655757643282417
v -0.0032145578879863037 0.04573209583759308 -0.008501472882926468
v -0.0032316646538674844 0.04571415111422539 -0.008520758710801605
v -0.003115464234724642 0.04560742527246475 -0.008694413118064407
v -0.0033741402439773096 0.045639291405677795 -0.008491766639053825
v -0.0033414338249713195 0.04570939391851425 -0.008433909155428413
v -0.0032946134451776756 0.04575512185692787 -0.00836285296827555
v -0.003291692584753038 0.04576129466295242 -0.008254320360720161
v -0.0033598663285374654 0.04573968052864075 -0.00820251647382975
v -0.0034082282800227417 0.04572455585002899 -0.008276605978608135
v -0.0034478635061532276 0.04568113386631012 -0.008353258483111862
v -0.0034706045407801884 0.04561402648687363 -0.008418911136686805
v -0.0036226287484169024 0.04557664692401886 -0.008012192323803905
v -0.0036140542943030613 0.04560886695981026 -0.008124742656946186
v -0.0038500353693962115 0.045364733785390854 -0.007970470935106281
v -0.004017775878310205 0.04505716264247894 -0.007887397892773155
v -0.003993023186922075 0.045106951147317886 -0.007880932651460174
v -0.0038237709086388367 0.045348212122917175 -0.00788115989416838
v -0.0040989303961396235 0.044658128172159195 -0.008040621876716617
v -0.004063696600496771 0.04451023042201996 -0.00812829472124577
v -0.004064764361828567 0.044502321630716324 -0.008115389384329322
v -0.003987345378845932 0.04440027102828026 -0.008246756158769134
v -0.003928646445274355 0.04432808980345726 -0.008289631456136707
v -0.003979296889156105 0.04448285326361656 -0.008298129774630073
v -0.004043718334287407 0.04457402601838112 -0.008199376054108146
v -0.004073460120707752 0.04469602555036545 -0.008126870729029182
v -0.004068474750965835 0.04483623430132866 -0.008086514659225944
v -0.0040133032016456145 0.04503706470131874 -0.008081427775323394
v -0.0038645910099148768 0.045301202684640884 -0.008151709102094177
v -0.003652410581707956 0.04551489278674126 -0.008288428187370304
v -0.003644065465778114 0.045572854578495026 -0.00821034982800484
v -0.0038703863974660652 0.045341748744249344 -0.008063116110861305
v -0.004030765965580942 0.0450526662170887 -0.00798667594790459
v -0.004028383642435076 0.04503362625837326 -0.007891177199780944
v -0.0040928036905825155 0.0448242612183094 -0.007992758415639404
v -0.004093384835869076 0.044817402958869934 -0.007947297766804699
v -0.004102788865566255 0.04470186308026314 -0.007994689978659156
v -0.004105009604245426 0.044568099081516266 -0.007815723307430748
v -0.004104259423911573 0.044604040682315826 -0.007804644759744409
v -0.004046401008963587 0.044901881366968155 -0.007776110433042053
v -0.0040127797983586806 0.04499543085694313 -0.0077851708047091996
v -0.003729892661795022 0.04575244337320328 -0.00780291156843305
v -0.004180273041129114 0.04550039768218994 -0.007253033109009269
v -0.003800966544076802 0.04619976133108139 -0.007433580234646801
v -0.004242551978677513 0.04602010175585747 -0.006661506369709971
v -0.0038441554643213766 0.04659608006477356 -0.007034026086330417
v -0.003928508609533312 0.046704795211553574 -0.006729549728333953
v -0.0038101777900010365 0.04692741110920906 -0.006746210623532536
v -0.0057321703061461475 0.031607482582330704 -0.003096204483881594
v -0.005722207017242911 0.03160746395587921 -0.0030960871372371925
v -0.005598403047770264 0.03507358208298683 -0.004108503460884096
v -0.005535929463803771 0.03663274645805359 -0.004559148102998735
v -0.005454543512314561 0.0384446419775486 -0.005047975108027461
v -0.005367793608456853 0.03998015820980072 -0.005431451834738257
v -0.00529156578704715 0.04095858708024025 -0.005666199605911973
v -0.005096202716231349 0.04264352470636368 -0.006054749712347987
v -0.004809703212231399 0.044184256345033646 -0.006375179626047614
v -0.004781904164701702 0.04430260881781578 -0.006397373043000701
v -0.00447289412841201 0.045395348221063614 -0.0065791830420494106
v -0.005786515306681397 0.03038332797586918 -0.0027256456669420017
v -0.005743503104895356 0.031066231429576874 -0.0029427022673189653
v -0.005816629622131589 0.029667269438505173 -0.0024685228709131492
v -0.005869284272193911 0.02893378771841526 -0.0021729369182139644
v -0.005861594807356599 0.028942184522747993 -0.0021764351986348638
v -0.005903645418584349 0.02831944078207016 -0.0018988279625773439
v -0.005901088472455743 0.028286848217248917 -0.00188354216516018
v -0.005931857973337176 0.02765757404267788 -0.0015751157188788063
v -0.0059350165538489845 0.027564704418182373 -0.001527250278741122
v -0.005931663326919081 0.027704451233148575 -0.001486929832026363
v -0.005860723555088046 0.029231181368231773 -0.0012694830074906356
v -0.00583028653636575 0.029775764793157578 -0.0013155794003978378
v -0.005802094005048278 0.030308572575449944 -0.0014138215919956571
v -0.005789056885987523 0.03057229332625866 -0.0014820776414126164
v -0.005908891092985871 0.028319932520389557 -0.0013364623300731189
v -0.00587408244609833 0.028992239385843277 -0.001269703963771463
v -0.005731152370572093 0.03165322169661522 -0.0016005571233108646
v -0.005770185030996802 0.03071843460202217 -0.0012753012124449021
v -0.005788472015410664 0.03035878576338291 -0.0011901994002982978
v -0.005810887552797797 0.029954316094517708 -0.0011237792205065493
v -0.0058488356880843665 0.02932358905673027 -0.001091285492293537
v -0.005854284390807154 0.029235364869236946 -0.0010941379005089407
v -0.005886625964194539 0.028702257201075554 -0.0011530240299180154
v -0.005918279290199282 0.028097163885831833 -0.0013209091266617185
v -0.004762731958180668 0.04416127875447273 -0.004513845313340427
v -0.00500460481271148 0.04309825599193573 -0.004614540841430427
v -0.005065732635557654 0.04275387525558472 -0.0046262801624834555
v -0.0051760780625045326 0.042011111974716187 -0.004620004445314409
v -0.0052673341706395175 0.04122421145439148 -0.0045695137232542055
v -0.005306526552885773 0.040814872831106186 -0.004526671953499319
v -0.005402931943535807 0.039517492055892944 -0.004319849424064161
v -0.005417707376182082 0.03924024477601051 -0.0042535737156868
v -0.005474764853715899 0.038169581443071365 -0.003997639752924444
v -0.005515432450920346 0.03728354349732399 -0.0037350803613662737
v -0.005429174285382035 0.03902505338191986 -0.004202131181955339
v -0.005552658345550301 0.036427538841962814 -0.003460999112576248
v -0.00563536258414388 0.03434017300605774 -0.0027076054830104126
v -0.004594062454998495 0.04502750560641289 -0.004839704837650062
v -0.004490433726459743 0.044994380325078964 -0.0043531670235097426
v -0.004637850448489191 0.04458043351769447 -0.0044438964687287825
v -0.004223162308335306 0.04597487673163414 -0.004600896034389736
v -0.004072064999490978 0.045906536281108856 -0.004129845649003984
v -0.003934592939913275 0.04615513235330582 -0.004071692936122419
v -0.003786723595112564 0.046392738819122314 -0.004010083619505169
v -0.003962218295782806 0.04648037254810333 -0.004469829611480238
v -0.004029619041830303 0.04651536047458649 -0.004960213322192433
v -0.0037269042804837244 0.04648579657077789 -0.003989276476204397
v -0.0036685725208371895 0.04657513648271561 -0.003971217200160028
v -0.003850185777992012 0.046668555587530136 -0.0044188853353261965
v -0.003929812926799061 0.046707600355148315 -0.004901206120848658
v -0.0035266093909740465 0.046747032552957535 -0.0039054919034242647
v -0.003693067235872151 0.046825941652059555 -0.004246177151799204
v -0.0034587676636874693 0.046794768422842026 -0.0038564789574593323
v -0.003142250003293158 0.04703104868531227 -0.0036975617986172455
v -0.003397552762180568 0.046968914568424225 -0.003917575348168613
v -0.003690809942781927 0.04706057906150818 -0.004624676425009968
v -0.003446355694904925 0.04745073989033699 -0.004665006883442404
v -0.0035733692348003405 0.047033291310071945 -0.004256609827280046
v -0.0033234944567084325 0.0474262572824955 -0.004296777304261925
v -0.0031445273198187364 0.047360315918922424 -0.003957794047892095
v -0.0029265910852700485 0.04726048931479454 -0.0036722244694829004
v -0.0037993856240063923 0.046870723366737366 -0.004615905229002239
v -0.002885132795199753 0.047313448041677475 -0.00367560423910618
v -0.0028432474937289966 0.04736592620611191 -0.003679040819406511
v -0.003060468938201667 0.0474705696105957 -0.003963427618145944
v -0.0033636507578194154 0.04756828770041466 -0.004669089801609518
v -0.0032396335154771818 0.04754067212343216 -0.004301470704376699
v -0.003226284869015218 0.04753628373146057 -0.004270988516509535
v 8.520550181856383e-05 0.04974766820669174 -0.005248353816568854
v -0.0003953817358706148 0.049699340015649796 -0.005114003084599974
v 8.429674198850993e-05 0.04974192753434181 -0.005174445454031232
v 7.828531670384113e-05 0.04963342472910881 -0.004689999856054785
v -0.0004626237205229702 0.04901852458715439 -0.0038616461679339426
v 6.782529817428443e-05 0.04907672107219696 -0.0038684085011482256
v -0.0007644874276593331 0.04940100386738777 -0.0044248048216104525
v 7.268255285453054e-05 0.049407925456762314 -0.004245702642947437
v -0.0003381058631930502 0.04949453845620155 -0.004439082928001882
v 7.514214667025956e-05 0.04952371120452881 -0.004439735785126688
v -0.000990724423900247 0.04884335771203041 -0.0038283390458673256
v -0.0007786541245877746 0.048927560448646545 -0.003844557330012323
v -0.0005825689877383413 0.04898886755108833 -0.003856220981106164
v -0.002477368572726847 0.04836738854646683 -0.004301956389099361
v -0.0015595027944073088 0.04905318096280098 -0.004367974586784841
v -0.002038045087829233 0.04873379319906235 -0.004327452741563322
v -0.0016165698179975159 0.04849274083971977 -0.00376899470575154
v -0.002263602567836643 0.04798472672700882 -0.00371950655244291
v -0.002870318014174701 0.04826005548238754 -0.005109780468046668
v -0.002687088912352921 0.04843849316239357 -0.004974047653377059
v -0.002852868987247349 0.04827924072742462 -0.005111387930810454
v -0.002249991986900569 0.048832617700099945 -0.004995344672352078
v -0.001753732096403838 0.04918519780039787 -0.005035510286688807
v -0.0019553061574697503 0.0490717813372612 -0.005196940153837207
v -0.002300778171047569 0.048809099942445755 -0.005166149232536557
v -0.0005382654489949348 0.049687184393405914 -0.0052507226355373885
v -0.000969466171227396 0.04957246407866478 -0.0052410019561648395
v -0.0008837929926812653 0.04958623647689819 -0.00509727839380503
v -0.001126163406297565 0.04951563850045204 -0.005235627759248021
v -0.001687147305347026 0.049242716282606125 -0.00521175563335419
v 0.0035849646665155905 0.04754438251256943 -0.004952693823724988
v 0.0030050771310925497 0.04828212782740593 -0.005035879556089642
v 0.0027823615819215788 0.04851401969790459 -0.005064734723418954
v 0.002497489564120771 0.04877614602446556 -0.005105857737362387
v 0.0011392425512894992 0.0495697446167469 -0.0052188052795827415
v 0.0014199701836332685 0.04946109652519226 -0.005202954169362786
v 0.0019232698250561961 0.049196671694517136 -0.0051646353676915195
v 0.0021218543406575927 0.04906636103987694 -0.005145831033587458
v 0.0019397111609578141 0.04918646439909935 -0.005163131747394803
v 0.0007983353571034971 0.049666330218315125 -0.0052329306490719344
v 0.0002589119540061803 0.04974265769124031 -0.0052457805722951915
v 0.0039005493745207804 0.04704059287905693 -0.004900736268609765
v 0.00408779038116336 0.04669780284166336 -0.004890242125838998
v 0.004136672709137203 0.04660175368189812 -0.004890136420726779
v 0.0041845696978271025 0.046504631638526917 -0.0048905960284173515
v 0.004303845576941969 0.046248387545347214 -0.004893697332590821
v 0.004416253417730333 0.045984942466020584 -0.004897868726402524
v 0.0036248234100639837 0.04748532548546791 -0.0049460884183645274
v 0.0036644206847995537 0.04742542654275894 -0.004939438309520486
v 0.003795700846239926 0.047217585146427155 -0.004917278420180085
v 0.0048711602576077 0.04459564387798309 -0.004908898845314982
v 0.0049782674759626415 0.044156912714242935 -0.004907423164695504
v 0.004994642920792105 0.04423718899488449 -0.006270872894674542
v 0.004669231362640859 0.04543983191251755 -0.006478632334619763
v 0.004753429908305408 0.04501813277602196 -0.004906966350972655
v 0.0045980536378920096 0.04550166428089142 -0.0049034059047699
v 0.005784474313259127 0.031549569219350815 -0.0016871138941496617
v 0.005799885373562577 0.03162500262260437 -0.002967560198158027
v 0.005698090884834531 0.03499133884906769 -0.003043889068067075
v 0.005670594517141583 0.03594211861491203 -0.003380307694897057
v 0.0057056127116084125 0.03517112880945206 -0.004007013980299236
v 0.005607904866337779 0.037826504558324814 -0.0039805523119866865
v 0.005619777366518977 0.03780669718980789 -0.004752267152071001
v 0.0056001963093876865 0.03803563117980957 -0.004040995612740518
v 0.005615819245576861 0.03791433572769165 -0.004780928604304792
v 0.005526510532945397 0.03969605267047882 -0.004448170308023693
v 0.005524603649973872 0.03994802013039589 -0.005297135096043351
v 0.005421643611043694 0.04118068143725395 -0.004701635334640743
v 0.005458110012114051 0.04092685505747795 -0.005534087307751181
v 0.005370147526264193 0.041709352284669876 -0.004768501501530411
v 0.00538153946399689 0.041767917573451996 -0.0057330783456563976
v 0.0052653034217655685 0.04256743937730789 -0.0048468350432813185
v 0.005371719133108857 0.041861023753881454 -0.00575479166582227
v 0.005106581375002864 0.04354012757539749 -0.0048960465937852886
v 0.005155396182090047 0.04342542216181755 -0.006105534266680482
v 0.005041494034230712 0.04386751726269722 -0.004903849214315417
v 0.005800637882202866 0.03159232437610626 -0.00295887258835137
v 0.005889848340302708 0.029014520347118378 -0.0011290682014077906
v 0.005925125908106568 0.028331225737929344 -0.0011895870557054882
v 0.005892046727240088 0.02927243337035179 -0.0021804457064718017
v 0.005946858786046508 0.02788141742348671 -0.0015544197522103793
v 0.005954750347882512 0.027548545971512794 -0.0013854487333446748
v 0.005828533787280324 0.030733708292245865 -0.00270734215155244
v 0.00578627781942487 0.03147877752780914 -0.0016582739772275097
v 0.005818274803459647 0.030503636226058006 -0.0013282721629366285
v 0.005852674134075644 0.02973208576440811 -0.0011726089287549262
v 0.00577786844223738 0.03159400820732117 -0.0015745379496365792
v 0.0057944613508880164 0.03101191855967045 -0.0013571972958743579
v 0.005897295661270621 0.028769981116056442 -0.0010175441857427363
v 0.00583892082795501 0.029902296140789986 -0.0010746608022600417
v 0.004740662407130005 0.045014865696430206 -0.004727520979940893
v 0.004366726614534857 0.04596323519945145 -0.0044979876838624495
v 0.0041018403135240095 0.046468377113342285 -0.004365244414657356
v 0.003992832731455566 0.046656060963869095 -0.004326259251683952
v 0.00408308068290353 0.046696338802576065 -0.00480727991089225
v 0.003527826629579069 0.0469595342874527 -0.00383492559194565
v 0.0037118741311132925 0.047023411840200424 -0.004169678315520288
v 0.003838150296360256 0.047050368040800095 -0.004534848034381868
v 0.003397174179553987 0.04716930910944939 -0.0038573981728404778
v 0.0032754282001405967 0.04735101759433746 -0.0038789801765233296
v 0.003584146499633791 0.04723142087459564 -0.0041908584535121935
v 0.00346229341812432 0.047416552901268005 -0.004211845342069866
v 0.0037148499395698326 0.047254350036382675 -0.004554744809865953
v 0.003594193374738099 0.04744114726781845 -0.004575191996991636
v 0.0030107316561043275 0.04730548709630966 -0.003605276811867954
v 0.002969067776575686 0.047358084470033646 -0.0036097099073231238
v 0.00326149631291628 0.04748992249369621 -0.003995935432612898
v 0.0033665951341390623 0.04752736538648605 -0.004192354157567026
v 0.003469335380941631 0.04755362123250961 -0.004444323945790531
v 0.003581829834729435 0.04754666984081268 -0.004927095025777819
v 0.003199089551344515 0.0480445958673954 -0.0048934449441731
v 0.0028747995384037508 0.04747342690825462 -0.003619689494371416
v 0.0023330645635724076 0.048031583428382874 -0.003668788820505144
v 0.0029830224812030805 0.04799609258770943 -0.004221405833959581
v 0.0025273261126130832 0.048445094376802444 -0.004247173201292755
v 0.000874320045113564 0.04941036179661751 -0.004407641477882864
v 0.0006857616826891902 0.04899568855762482 -0.0038430518470704573
v 0.0009134337888099258 0.04892522096633911 -0.0038243615999817866
v 0.0016819130396470434 0.049063194543123245 -0.00433178571984172
v 0.001143413246609271 0.048832088708877563 -0.0038010678254067915
v 0.0013638366945087916 0.048722829669713974 -0.0037757188547402638
v 0.0021211274433881053 0.048774585127830505 -0.004283481277525427
v 0.001747603411786259 0.04848843812942505 -0.0037289087194949406
v 0.002146022394299508 0.04819037392735481 -0.003685096278786661
v 0.0004677823162637653 0.04949639365077019 -0.00443008402362466
v 0.0006056673591956498 0.0490153431892395 -0.0038485040422529
v 0.0005384264513850214 0.04970168322324753 -0.005103527102619412
v 0.0018908660858869561 0.049196429550647736 -0.004994551651179793
v 0.0010048900730907921 0.049597494304180145 -0.005077428184449675
v 0.0027549937367439283 0.048521287739276886 -0.004912782460451129
v 0.0023481235839426526 0.04887698218226433 -0.0049457964487373855
v 6.409230263670909e-05 0.04871530458331108 -0.003574553411453964
v 5.9810728998854783e-05 0.04829101637005806 -0.0032783746719360365
v 0.0004815153661184015 0.04826639965176582 -0.0032776838634163154
v 0.0008884361595846717 0.04819785803556442 -0.003284510923549534
v 0.002391955815255643 0.0475228913128376 -0.0033615040592849268
v 0.0018100354354828605 0.0478726364672184 -0.0033230148255825056
v 0.0016984579851850874 0.047925613820552826 -0.003316819900646807
v 0.001144338166341186 0.04813201352953911 -0.0032921798992902053
v 5.2987277740612646e-05 0.04747598245739937 -0.0027964904438704265
v 0.00016338579007424422 0.046523138880729675 -0.0023109258618205794
v 0.0008526990422979 0.04645094275474548 -0.0023307343944907197
v 0.0008713089628145103 0.04739175736904144 -0.0028092267457395805
v 0.002401828300207854 0.04677179828286171 -0.002946917433291675
v 0.002312210854142905 0.0459553487598896 -0.0025111972354352487
v 0.0016733740922063596 0.04714897274971008 -0.0028625573031604303
v 0.0016323722666129476 0.04624633118510246 -0.002402367303147913
v 4.621331027010458e-05 0.04652491584420204 -0.0023116918746382007
v 0.0016713290242478258 0.005409963894635439 0.0037638794165104645
v 0.002044845139607788 0.005445829126983881 0.003668814897537233
v 0.0019575865007936963 0.007961402647197247 0.0036410437896847742
v 0.002526613883674146 0.005507114343345165 0.003517886623740198
v 0.0033207023516297353 0.005654935725033283 0.0031949328258633627
v 0.0029247915372252477 0.008088957518339157 0.003274121787399055
v 0.0014525991864502436 0.005393085535615683 0.003810832044109704
v -8.126682951115076e-05 0.007881165482103825 0.003943980671465399
v -8.514966611983259e-05 0.005342070013284683 0.003958115354180338
v 0.0007918659248389307 0.005358044523745775 0.003913751337677242
v 0.0009378552786074583 0.007897504605352879 0.0038724213372916
v 0.0008825705735944216 0.011592588387429714 0.003924217540770771
v -7.498564809793609e-05 0.012655732221901417 0.004031881690025331
v -7.01041426509619e-05 0.020009228959679604 0.004447889514267446
v -7.063998054945844e-05 0.018541572615504265 0.004339880775660278
v 0.0008207683567889038 0.018546441569924355 0.004258680623024704
v 0.0008407135610468689 0.015283053740859032 0.004059916827827694
v -6.872223457321527e-05 0.023925956338644028 0.004744388628751041
v 0.0008329215343110267 0.023921797052025795 0.0046634315513074415
v -6.77642892696895e-05 0.02529815025627613 0.004815785679966213
v 0.0008515638764947656 0.026152005419135094 0.00475519383326173
v -6.684394611511382e-05 0.02616402693092823 0.004835672210901977
v -6.412863149307671e-05 0.027776630595326424 0.004789235070347788
v 0.0008633536053821449 0.02819056250154972 0.004674310795962812
v -6.311062315944585e-05 0.028209876269102097 0.004752238746732475
v 0.0008588155033066873 0.030118973925709724 0.004358753096312286
v -5.735084050684239e-05 0.02999318577349186 0.004464894998818638
v 0.00084283173782751 0.03197862580418587 0.0038260777946561592
v -4.789830927620644e-05 0.03200393542647362 0.0038911930751055496
v -4.669125337386506e-05 0.032223209738731384 0.0038141708355397003
v 0.0008250972605310384 0.03379746526479721 0.003120540408417584
v -3.6974339309381335e-05 0.03382130712270737 0.003179925493896009
v 0.0008134989184327427 0.03565254062414169 0.0022756815887987622
v -2.7869800760527155e-05 0.03515913337469101 0.0025736177340149892
v 0.000809899938758463 0.037783991545438766 0.0012894315877929336
v -9.88765464171593e-07 0.03913775458931923 0.0007594887865707282
v 0.0008425173000432554 0.045251816511154175 -0.0017853127792477616
v 2.7833162675960934e-05 0.04387453943490982 -0.001151395146735013
v 0.0008300764602608982 0.04366124048829079 -0.0011194691760465507
v 0.0008149226778186861 0.04046383127570152 0.00015248953422997152
v 0.0023882812820374974 0.04480966180562973 -0.0020444884430617103
v 0.0025165334809571518 0.03361866623163223 0.002605127636343242
v 0.0024603323545306934 0.03549489378929138 0.0017841610824689278
v 0.0024218803737312564 0.037629738450050354 0.0008219811716116968
v 0.0024011607747524985 0.040257636457681656 -0.00026703529874794196
v 0.0023926009889692077 0.04331990331411362 -0.001446263049729169
v 0.0025866322685033096 0.031793296337127686 0.0032690782099962248
v 0.0026482911780476583 0.0299488864839077 0.003752707969397308
v 0.002673616632819177 0.028057053685188293 0.00403046887367964
v 0.002648707013577224 0.026072712615132332 0.004096711985766889
v 0.0026013760361820472 0.023901011794805527 0.004005139227956535
v 0.002759393304586412 0.011728545650839806 0.0032950069289654506
v 0.002634235890582205 0.015373188070952892 0.0034110024571418775
v 0.002573660342022778 0.01860557310283184 0.0036039776168763655
v 0.0016425200738012797 0.04507438838481903 -0.0018827613675966868
v 0.0016331414226442582 0.04352254047989845 -0.001242134720087052
v 0.0016262674471363432 0.0403808057308197 -6.467334515036785e-06
v 0.0016339785652235157 0.03772404417395592 0.001111442688852549
v 0.0016556630143895752 0.035592153668403625 0.0020885514095425614
v 0.001690832199528814 0.03372853621840477 0.002924241824075581
v 0.001736386795528234 0.03190642222762108 0.003613085718825461
v 0.0017766100354492673 0.030051985755562782 0.0041257240809500235
v 0.0017919882666319617 0.028137436136603355 0.004425595048815014
v 0.0017727785743772992 0.02612009271979332 0.0045000789687037485
v 0.0017383501399308452 0.023912759497761726 0.004407891072332861
v 0.0017172156367450961 0.01856648176908493 0.0040037129074335116
v 0.0017585221212357291 0.015312845818698406 0.0038071554154157656
v 0.0018442963482812056 0.011637315154075623 0.0036797039210796374
v 0.0028019170276820673 0.005077204667031765 0.0034444686025381106
v 0.003409911179915072 0.004854746162891388 0.0032183686271309866
v 0.0034237874206155556 0.005200058687478304 0.003179659601300956
v 0.0014735049335286028 0.004591517616063356 0.003846878884360196
v 0.002571409568190576 0.0047043366357684135 0.0035546326544135826
v 0.002818712266162039 0.0047418526373803616 0.0034662866964936274
v 9.415837121196095e-05 0.0048786127008497715 0.003972230013459923
v -8.601851004641507e-05 0.004872066900134087 0.003972664475440981
v 0.00095854070968926 0.0045631141401827335 0.00392992375418544
v -8.675263234181334e-05 0.00454270513728261 0.003991653211414816
v 0.0014647091738879687 0.004926164634525776 0.003826699452474715
v 0.001349949860014022 0.004583452362567186 0.0038699188735336083
v 0.005089348647743466 0.003810748690739274 0.0018182425992563376
v 0.005111204925924542 0.004616909194737673 0.002005895599722863
v 0.004633037373423578 0.0043462226167321205 0.002341767307370902
v 0.004424286074936392 0.003537561511620879 0.0022566246334463367
v 0.004069351591169836 0.004174308851361275 0.002681358484551312
v 0.0036674584262073057 0.003315218724310398 0.002636571414768697
v 0.0034519184846431034 0.0040327198803424835 0.0029833063017576946
v 0.0027991372626274837 0.0031390925869345665 0.0029636584222316755
v 0.002772099804133178 0.0031346871983259916 0.0029722545295953764
v 0.0027899171691387905 0.003920173272490501 0.0032416046597063554
v 0.002722732024267317 0.003126805415377021 0.002987724030390383
v 0.0020925288554281005 0.0038353593554347754 0.003450231859460475
v 0.001842672238126398 0.0030161207541823387 0.0032155858352780355
v 0.0013306555338203914 0.0029743604827672243 0.003307782579213382
v 0.0006283068214543167 0.003743745619431138 0.003694419516250493
v 0.0008273993153125051 0.0029469626024365425 0.0033697867766022695
v -8.46018519951031e-05 0.0037343136500567198 0.003718466497957708
v -8.198578871088107e-05 0.002928780857473612 0.0034081395715475095
v 0.001368931843899191 0.0037769824266433716 0.0036031743511557596
v 0.006056094542145732 0.009014296345412731 -0.004587628412991764
v 0.005448518786579373 0.010158238001167774 -0.005578186362981799
v 0.005524826236069205 0.010190596804022789 -0.005588297266513112
v 0.005119173321872952 0.010735220275819302 -0.006030443590134385
v 0.00518661364912987 0.010768510401248932 -0.006042493507266047
v 0.005007633473724129 0.010911073535680771 -0.006162069737911227
v 0.004835994448512794 0.011281446553766727 -0.006417936179786923
v 0.004777909722179176 0.011248132213950157 -0.006405058782547715
v 0.006307724863290789 0.007816426455974579 -0.0035098895896226185
v 0.0060071251355111625 0.008870494551956654 -0.0044811205007135885
v 0.005966230761259797 0.00898533035069704 -0.004583149217069151
v 0.006407524459064009 0.007840950973331928 -0.003507464192807676
v 0.006584913935512307 0.006716014817357063 -0.0023901215754449376
v 0.006477161776274445 0.006696741096675396 -0.0024008089676499375
v 0.006489301100373271 0.006489612627774477 -0.002184550743550063
v 0.006574035622179511 0.005701680667698383 -0.0012816867092624313
v 0.006459630094468596 0.005690022371709347 -0.0013051579007878906
v 0.006483864504843953 0.00525063369423151 -0.0007442952482961121
v 0.006367407739162448 0.005244433414191008 -0.0007774178520776335
v 0.006326998118311169 0.004838937893509865 -0.00022491824347525846
v 0.006210564170032742 0.004839363507926464 -0.0002700411714613439
v 0.006096549797803166 0.004465743433684111 0.0002710192638915033
v 0.005983306095004084 0.004473578650504351 0.00021213527361396708
v 0.005788153968751433 0.004130510613322258 0.000738309288863093
v 0.005681658629328015 0.0041457293555140495 0.0006652942392975095
v 0.005399373825639489 0.0038328191731125116 0.0011724208015948538
v 0.005303054582327607 0.0038544468116015196 0.0010864271316677336
v 0.004980823025107386 0.0035954469349235296 0.0015360551187768585
v 0.004894618410617116 0.003621132345870137 0.0014390033902600414
v 0.005624894052743914 0.004118002951145172 0.0013473154976964003
v 0.0050888922996819045 0.0036998039577156305 0.0017459550872445115
v 0.005522677674889567 0.003942393232136965 0.0013752682134509093
v 0.00592563580721617 0.004244341515004635 0.0009269519941881303
v 0.0060648312792181995 0.0044784885831177235 0.0008154188399203125
v 0.00673699099570513 0.005820209626108408 -0.0011597484117373828
v 0.006624357309192422 0.005355869419872761 -0.0003925259225070478
v 0.006645152810961011 0.005370124243199825 -0.0006074604461900892
v 0.006406527943909171 0.004904632456600666 0.0002126508334185929
v 0.006483826786279681 0.004958064761012793 -7.107731653377416e-05
v 0.006245404016226533 0.004582912195473909 0.0004427281382959338
v 0.0067461640574038055 0.006830691359937191 -0.0022910977713763723
v 0.006791516672819855 0.006541841197758913 -0.0018179262988269338
v 0.006754096597433093 0.005890974774956703 -0.0010638502426445488
v 0.006597345229238274 0.008022550493478775 -0.0033612016122788204
v 0.006656935438513758 0.007744264788925648 -0.0030841694679111255
v 0.006563469767570498 0.007951748557388783 -0.0034275993239134567
v 0.006726611871272328 0.007333300542086363 -0.00266551715321839
v 0.006773829925805333 0.006908216048032045 -0.0022181496024131784
v 0.0065402612090110805 0.008254243060946465 -0.003588241524994375
v 0.0062030032277107265 0.00912090577185154 -0.004527963232249023
v 0.006310356315225365 0.008999732322990894 -0.004298463463783266
v 0.004942089319229129 0.011369471438229084 -0.006402699276804927
v 0.0049821049906313445 0.011417598463594913 -0.006375662982463839
v 0.005306296981871131 0.010863127186894417 -0.00601694639772177
v 0.0054819951765239265 0.01071045733988285 -0.005812701303511861
v 0.005656224209815266 0.010290593840181828 -0.0055509442463517215
v 0.005899779032915833 0.0099668363109231 -0.0051758661866188075
v 0.006258002016693356 0.00914277695119381 -0.0044314106926322
v 0.00489285867661238 0.011323369108140469 -0.006417269818484786
v 0.005251007620245221 0.010812323540449142 -0.006038114428520205
v 0.005596657749265435 0.010236108675599098 -0.005579203832894566
v 0.006138669792562726 0.009061179123818874 -0.0045688315294683
v 0.006497357506304982 0.007887965999543667 -0.003479105886071922
v 0.006680041085928681 0.006762711331248283 -0.0023519727401435384
v 0.0066728601232171085 0.0057472107000648975 -0.0012306212447583682
v 0.00658324081450701 0.005294628441333771 -0.0006842838483862582
v 0.006425172090530398 0.004880497232079506 -0.0001542837417218835
v 0.006191045511513951 0.004503958858549595 0.000353270588675514
v 0.005876340903341773 0.004164864309132099 0.000831975543405861
v 0.005478848703205588 0.0038632990326732397 0.0012760346289724118
v 0.005050227046012881 0.0036229088436812162 0.0016452962299808866
v 6.307744479272517e-05 0.013430165126919746 -0.007697887253016237
v 0.002383846556767822 0.013579471036791801 -0.007740677334368232
v 5.883705307496714e-05 0.012588185258209705 -0.007275375537574295
v 0.0030359721276909126 0.01311662420630455 -0.007513015065342191
v 0.0037380328867584484 0.012481313198804855 -0.007176487706601623
v 7.069953426253053e-05 0.014284591190516949 -0.008078933693468574
v 0.0003581956843845548 0.014272276312112808 -0.008070424199104313
v 0.001055251457728446 0.014160347171127796 -0.008014595136046413
v 0.001774849137291313 0.013904593884944916 -0.007894760929048065
v -0.000600339728407562 0.014228329993784428 -0.008062575943768028
v -0.0012304644333198673 0.01406885962933302 -0.008000949397683147
v -0.0009228643612004821 0.014215432107448578 -0.008054969832301143
v -0.0016384075861424214 0.01390924584120512 -0.007935524918138984
v -0.0004243420262355359 0.01430859137326479 -0.00808901805430651
v 7.098132482497024e-05 0.014327162876725197 -0.008093373849987987
v 7.110767182894054e-05 0.014371407218277454 -0.008101295679807666
v -0.0006023380556143822 0.014319446869194508 -0.00808588229119778
v -0.0009563378989696507 0.01424829475581646 -0.008058340288698677
v -0.0012258674250915653 0.014172593131661415 -0.00802791025489569
v -0.0017576866084709772 0.013912199065089226 -0.007932745851576332
v -0.0018777683144435295 0.01391838863492012 -0.007919337600469593
v 0.0013912763679400093 0.014160191640257835 -0.00799291487783194
v 0.0020137783139944085 0.013913078233599663 -0.007872865535318855
v 0.0019058367470279345 0.013907631859183311 -0.007887939922511581
v 0.0005666991346515717 0.014312665909528732 -0.008078298531472686
v 0.0006590298144146803 0.01432881224900484 -0.00807625334709883
v 0.0010964322136715059 0.014245426282286644 -0.008033852092921737
v 0.0005656826542690398 0.014305289834737778 -0.008076767437160019
v 0.0018897977424785503 0.0139070525765419 -0.007889405824244026
v 0.001064702402800322 0.014218010008335114 -0.008032309822738174
v 0.001062714611180127 0.014210824854671955 -0.008030840195715431
v 0.003918114118278028 0.01246639247983694 -0.0071395533159375225
v 0.0038293541874736565 0.012387779541313648 -0.0071240221150219475
v 0.002918903483077885 0.01329714059829712 -0.007592248264700178
v 0.003400318091735245 0.013022501021623611 -0.007413375191390518
v 0.003967706579715015 0.012522706761956215 -0.0071263448335230385
v 0.002120354678481818 0.013860604725778103 -0.007847378961741928
v 0.0026623827870935215 0.013555174693465233 -0.007694421801716093
v 0.0030927606858313097 0.01326050516217947 -0.007541732862591747
v 0.004276375751942398 0.0379381887614727 -0.007596645969897512
v 0.004303571768105032 0.03807440772652626 -0.007594900205731395
v 0.0043582632206380385 0.034604866057634354 -0.0068282200954854514
v 0.004939921665936711 0.013050645589828491 -0.006385537795722487
v 0.004966022446751597 0.01221764087677002 -0.006387891713529828
v 0.0046483301557600516 0.012310183607041836 -0.00667297234758735
v 0.004048245027661325 0.012445526197552681 -0.007079436443746093
v 0.004434190690517427 0.014232449233531952 -0.0067946324124932315
v 0.004008190706372263 0.012484128586947918 -0.007102981209754947
v 0.0047102640382945555 0.0171071607619524 -0.006173262838274243
v 0.004716266412287952 0.017006177455186844 -0.006181223317980769
v 0.004262228030711414 0.017392322421073914 -0.006596255116164687
v 0.00489758048206568 0.01399179920554161 -0.006362173240631821
v 0.004606321919709446 0.01911775954067707 -0.005994188133627179
v 0.004117422737181188 0.02085656113922596 -0.0062359827570617225
v 0.0045518912374973314 0.02064887434244156 -0.005834535229951146
v 0.004477633163332941 0.023829177021980286 -0.005472342949360612
v 0.004047188442200424 0.023984959349036217 -0.005851023830473426
v 0.0044550257734954374 0.02490142360329628 -0.005361502990126612
v 0.0035459282808005827 0.025356072932481766 -0.006044650916010144
v 0.0035281875170767325 0.0264603178948164 -0.005977949127554896
v 0.004422948695719244 0.026569634675979614 -0.005274907685816291
v 0.0035235143732279556 0.02681688964366913 -0.005978717934340241
v 0.004416158422827722 0.026994330808520317 -0.005283353850245478
v 0.0035151571501046436 0.027686413377523422 -0.006042840890586379
v 0.004408111795783045 0.027583297342061996 -0.00532304169610143
v 0.004405978135764601 0.02776312455534935 -0.0053416141308844116
v 0.004396088421344759 0.02881794236600399 -0.00550119346007705
v 0.0035104337148368376 0.028627146035432816 -0.006197673268616202
v 0.0043943342752754706 0.029058236628770828 -0.005546886939555409
v 0.00347834173589945 0.03658699616789818 -0.007984066382050518
v 0.0034641355741769093 0.037763625383377075 -0.00822108052670956
v 0.0038644729647785443 0.037590619176626205 -0.007895301096141342
v 0.003479006467387082 0.036522410809993744 -0.00797069258987904
v 0.003509676782414319 0.02887895330786705 -0.006248737685382369
v 0.0035092094913125055 0.029064549133181572 -0.006288002710789445
v 0.004386761691421272 0.030345311388373375 -0.005823590327054265
v 0.0035064481198787707 0.030955061316490173 -0.006721551064401868
v 0.004372941795736553 0.03289831057190895 -0.006426385603845122
v 0.0035031139850616472 0.032660990953445435 -0.007119527086615566
v 0.004061142448335888 0.03763219714164734 -0.007738573942333463
v 0.004191972315311434 0.03775166720151901 -0.007642634212970737
v 0.004446675069630148 0.025308148935437202 -0.005327433347702029
v 0.004449123516678812 0.025187784805893898 -0.005336877424269917
v 0.0035545707214623707 0.02487919293344021 -0.006094917189329865
v 0.00357029400765896 0.024048246443271637 -0.006198491435498002
v 0.0036103732418268936 0.022016184404492378 -0.006470488384366038
v 0.0036977138370275515 0.019075753167271614 -0.00682859914377332
v 0.0037260714452713745 0.01841958425939083 -0.006898027844727043
v 0.0037581301294267195 0.017743036150932312 -0.006964339874684814
v 0.003943225834518673 0.01360958069562912 -0.0071651847101748024
v 0.0039056877139955776 0.014714505523443222 -0.007162259425967935
v 0.0038833019789308327 0.015232966281473637 -0.0071448539383709465
v 0.004503390751779081 0.011978212743997574 -0.006778412032872441
v 0.004425571765750648 0.011895681731402874 -0.006804293487221005
v 0.0043321247212588804 0.011825690045952797 -0.006789119448512795
v 0.004975125193595889 0.011810553260147572 -0.006383149418979886
v 0.005721872672438624 0.011366750113666058 -0.0054338946938514735
v 0.005346185527741912 0.012033608742058277 -0.005957427900284531
v 0.006300432141870263 0.009967115707695484 -0.0042814700864255446
v 0.006655455566942694 0.008578123524785042 -0.003060304792597891
v 0.006795206107199195 0.007317981217056513 -0.0018564965575933465
v 0.006786346901208165 0.006770062260329723 -0.0012862067669630057
v 0.006723233032971623 0.006280012894421816 -0.0007417603628709916
v 0.006603362038731578 0.005843957886099815 -0.0002231281396234409
v 0.006424232851713898 0.00545800756663084 0.0002697137533687056
v 0.006183343008160594 0.005118267610669136 0.0007367852958850566
v 0.0059882816858589675 0.006237495224922895 0.0011026095598936085
v 0.0058781895786523845 0.00482086231932044 0.0011781157227233057
v 0.0055062724277377155 0.004561889450997114 0.0015937220305204398
v 0.006474236492067578 0.007110890466719866 8.211911335820336e-05
v 0.006247540470212701 0.006621202453970909 0.0006404218729585412
v 0.006119817495346072 0.006416272837668657 0.0008840378723107283
v 0.006588883697986605 0.01020724792033434 -0.003031467553228141
v 0.006649582646787169 0.009840528480708599 -0.0026861864607781185
v 0.006729176267981532 0.008936597965657711 -0.0018141932087019095
v 0.006714187096804383 0.008261887356638908 -0.0011389654828235511
v 0.006695977412164214 0.008073514327406883 -0.0009458403219468896
v 0.006538054905831816 0.007300363853573799 -0.00012655220052693045
v 0.006438743323087695 0.01087210699915886 -0.003646805416792633
v 0.006231543608009818 0.011549200862646103 -0.004260454792529346
v 0.0054497253149747875 0.012035115621984005 -0.0058159967884421375
v 0.005863064434379342 0.011820992454886436 -0.005136454012244942
v 0.006189842242747548 0.011585184372961521 -0.004381146281957628
v 0.005982852540910247 0.012185228988528252 -0.004825349431484939
v 0.005682558752596381 0.012805422767996788 -0.005365111865103247
v 0.005318285431712868 0.013417625799775124 -0.005886132363229993
v 0.005709145218133929 0.01777298003435135 -0.004344424698501827
v 0.005623227916657927 0.019881604239344597 -0.004188616760075094
v 0.005889738444238904 0.019531022757291794 -0.00337953749112785
v 0.006138509605079892 0.016728989779949188 -0.0026829980779439224
v 0.0063117197714746024 0.014159183949232101 -0.0027404278516769422
v 0.006138985045254233 0.014882403425872326 -0.0036059799604117888
v 0.005394518375396731 0.02081521414220333 0.0008311345009133223
v 0.006173836532980206 0.016225390136241913 -0.0018453865777701148
v 0.005844885483384135 0.015600232407450676 -0.004453288391232492
v 0.005209390539675954 0.0429946631193161 -0.006025723181664946
v 0.004957351833581927 0.04393361508846283 -0.006589286495000127
v 0.004990537185221913 0.044170819222927094 -0.006258235312998297
v 0.005792877636849883 0.03136153146624565 -0.0029310274403542293
v 0.0058282716199755695 0.030463283881545067 -0.002619374776259066
v 0.005841742735356095 0.02965804748237133 -0.0025426936335861696
v 0.00588600477203727 0.029210364446043968 -0.0021549907978624114
v 0.005885553080588582 0.028138410300016403 -0.0023110739421099433
v 0.005918225739151242 0.026669953018426895 -0.0022009534295648345
v 0.005584941245615485 0.03847118094563484 -0.00494131073355675
v 0.0056525776162743594 0.03661758825182915 -0.004425686318427326
v 0.005678548011928799 0.03572952374815941 -0.004192665684968235
v 0.005704998504370454 0.034880876541137695 -0.003921160008758308
v 0.005742328707128766 0.03336861729621887 -0.003497829660773279
v 0.00579072302207351 0.031591884791851044 -0.0029588644392788423
v 0.005796821322292092 0.031373362988233566 -0.002898833714425565
v 0.005396475084125998 0.04149787873029709 -0.005677297245711091
v 0.005466445349156859 0.04068760573863983 -0.005476686637848618
v 0.005589717067778113 0.03838178887963295 -0.004903775639832022
v 0.0052597303874790695 0.04266771674156189 -0.005939722061157229
v 0.005360746290534737 0.04185398668050766 -0.005752973258495333
v 0.005428288597613576 0.04116113856434822 -0.005589816719293597
v 0.005261267535388472 0.037957169115543365 -0.006179837509989741
v 0.004829124547541143 0.04029392823576927 -0.007290617097169164
v 0.0051029208116233375 0.0408502072095871 -0.006829837337136271
v 0.004669213667511942 0.0418853759765625 -0.0076088160276413
v 0.004939828999340537 0.04223596677184105 -0.007129763253033165
v 0.004744162783026697 0.04327842965722084 -0.007360476069152359
v 0.004507264122366907 0.04286011680960655 -0.007800392806530002
v 0.0054049249738454845 0.030849289149045944 -0.004376161843538286
v 0.00505491625517607 0.030624961480498314 -0.005014446098357442
v 0.005375829059630635 0.03285487741231918 -0.004885468631982806
v 0.0049822987057268646 0.0360775887966156 -0.006355161778628829
v 0.004943608772009614 0.03772978484630585 -0.006738606840372088
v 0.005092994309961798 0.02771933190524578 -0.0044957147911191
v 0.005073326174169781 0.029041215777397156 -0.00468217069283128
v 0.005431643687188628 0.029225602746009827 -0.004030108917504551
v 0.005067970603704455 0.02946225367486477 -0.004762004595249893
v 0.0050620562396943595 0.029964212328195572 -0.004866197705268862
v 0.0051156752742826965 0.026469076052308083 -0.004433553200215103
v 0.005102002993226054 0.02719920501112938 -0.004455884452909233
v 0.005484449211508038 0.02652047760784626 -0.003755587851628663
v 0.005458054132759574 0.027839669957756996 -0.003832240123301746
v 0.005253657232970002 0.020212506875395775 -0.004920070059597495
v 0.005151825491338971 0.0246896892786026 -0.004502022173255684
v 0.00531995249912143 0.018487006425857544 -0.005069823469966653
v 0.00544901052489877 0.016261210665106773 -0.005219916347414258
v 0.006060515064746144 0.018859758973121643 -0.00171752239111811
v 0.005970009602606299 0.018557947129011154 -0.0009038201533257966
v 0.005714976694434884 0.023240316659212112 0.0002142858284059913
v 0.0057641542516648795 0.018285462632775307 -0.00011548887414392089
v 0.005916284862905743 0.025173304602503777 -0.0005302721401676538
v 0.005983099807053807 0.025147216394543648 -0.001358497538603843
v 0.005969261284917596 0.0267619788646698 -0.00138416443951428
v 0.004863073118031027 0.04357820376753807 -0.007028209045529369
v 0.005122579168528321 0.04262537136673927 -0.006592647638171914
v 0.005301744211465123 0.04117772355675697 -0.006263987161219123
v 0.005939496215432885 0.025131719186902046 -0.002185791032388807
v 0.005984640680253508 0.017249684780836105 -0.0035235250834375637
v 0.00603457307443023 0.01918705552816391 -0.002548860386013986
v 0.005990892648696902 0.023347152397036552 -0.001419375883415342
v 0.005957866087555888 0.023420395329594612 -0.002252133795991541
v 0.005808643065392974 0.023505084216594696 -0.003075213870033623
v 0.005540634039789441 0.023598551750183105 -0.0038701179437339323
v 0.005142289213836196 0.025149395689368248 -0.004472017753869297
v 0.00547914067283273 0.038212742656469345 -0.005569879431277516
v 0.005563241895288232 0.03548189997673035 -0.004862210247665645
v 0.005616980139166119 0.03310723975300789 -0.004204415716230871
v 0.005656376481056216 0.031099949032068253 -0.0036682456266134995
v 0.005693376995623114 0.029435541480779648 -0.003302942262962462
v 0.00572794442996383 0.027982329949736595 -0.0030894668307155384
v 0.0057578245177865054 0.02658879943192005 -0.00299601210281253
v 0.005511534400284293 0.02513338066637516 -0.003775372402742507
v 0.005783330183476212 0.02512711100280285 -0.0029968107119202627
v 0.005909846164286139 0.02328735589981079 -0.0005937983514741065
v 0.004963570740073922 0.04428931698203087 -0.006281052716076377
v 0.004667835775762798 0.045364655554294586 -0.0064677079208195236
v 0.00471317255869508 0.04482320323586464 -0.006801566109061244
v 0.004628506489098074 0.04442618787288666 -0.007232039235532287
v 0.004331448115408422 0.04356146231293678 -0.007950972765684131
v 0.004052205942571165 0.04255235940217972 -0.008328740485012535
v 0.004104341845959427 0.04248608648777008 -0.008278643712401394
v 0.004143976140767338 0.0433078408241272 -0.008207140490412716
v 0.004325420130044224 0.04265010729432106 -0.008042992092669014
v 0.0036702360957860964 0.041221048682928085 -0.008672920055687431
v 0.0038539052475243824 0.04115494340658188 -0.008529764600098137
v 0.003615106455981733 0.04118117690086365 -0.008633085526525978
v 0.004299578722566368 0.042098868638277054 -0.008191143162548545
v 0.004106619860976936 0.04246755316853523 -0.008384604007005695
v 0.004183610901236536 0.04236012324690819 -0.008198899216949943
v 0.0040776841342449206 0.04232925921678543 -0.008555091917514804
v 0.004248813260346653 0.0420154333114624 -0.008389860391616825
v 0.004297179169952871 0.0417829267680645 -0.00833410676568747
v 0.004289024509489538 0.04161271080374718 -0.008333394303917888
v 0.0042455443181097525 0.04148422181606293 -0.008366690017282966
v 0.004181262571364643 0.04139934480190277 -0.00841956771910191
v 0.004090694710612299 0.041344624012708664 -0.008494729176163677
v 0.003964733332395555 0.04133201017975807 -0.008597848936915401
v 0.0038071649614721554 0.041385676711797714 -0.00872344616800547
v 0.0037437472492456454 0.041295409202575684 -0.008710394613444809
v 0.003925682511180641 0.04123230278491974 -0.008565680123865608
v 0.003921594936400654 0.041162967681884766 -0.008495144546031955
v 0.003962982445955278 0.04117182642221451 -0.00847264286130667
v 0.004079794511198999 0.04124796390533447 -0.008439601399004463
v 0.00419563800096512 0.04131907597184181 -0.008343071676790718
v 0.0042056571692228335 0.04131075739860535 -0.008312663994729522
v 0.004278543405234815 0.04143058881163597 -0.008274301886558536
v 0.004341557621955873 0.0415683276951313 -0.008169643580913547
v 0.004332733806222679 0.04159422963857651 -0.008232155814766887
v 0.004353348631411793 0.041632771492004395 -0.008145281113684181
v 0.004342140629887583 0.04179802164435387 -0.008232855238020424
v 0.004359884187579157 0.04173443093895912 -0.008113218471407894
v 0.004348042886704208 0.04187396541237831 -0.008080211468040947
v 0.004357100930064918 0.04181193187832832 -0.008122930303215984
v 0.004312174860388042 0.042020395398139954 -0.008057866245508197
v 0.004282827489078047 0.042126890271902084 -0.008091849274933342
v 0.0042886938899755495 0.042060188949108124 -0.008295479230582718
v 0.004105171188712122 0.04240390285849571 -0.008476516231894497
v 0.003847994143143298 0.03996172919869423 -0.008304076269268993
v 0.003426418639719488 0.03961640223860741 -0.008556694723665718
v 0.003397812601178886 0.04051334783434868 -0.008692933246493343
v 0.0038328277878463286 0.03948468714952469 -0.00824753008782864
v 0.0037967450916767138 0.03951239585876465 -0.008279659785330299
v 0.003590390784665944 0.0396086759865284 -0.008445115759968761
v 0.004231232218444349 0.04005638137459755 -0.007982391864061359
v 0.004291632678359749 0.03853289783000946 -0.007688776589930061
v 0.004266562871634962 0.03866955265402794 -0.007737051695585254
v 0.004232011735439302 0.03881017863750458 -0.007794356904923919
v 0.00407187966629863 0.03919476643204689 -0.008004352450370792
v 0.003843981539830567 0.039475418627262115 -0.008237387053668502
v 0.003360836068168284 0.04137404263019562 -0.008800194598734382
v 0.0035644511226564663 0.04119674488902092 -0.008651537820696834
v 0.003921613097190859 0.0410708412528038 -0.008370696566998962
v 0.004157796036452057 0.041134126484394073 -0.0081672128289938
v 0.0030689691193401827 0.04216330498456955 -0.00901738274842501
v 0.0031710364855825914 0.04201474040746689 -0.009046999737620357
v 0.003242398612201215 0.04173851013183594 -0.008990655653178695
v 0.0031312790233641876 0.04245265573263168 -0.008991385810077194
v 0.0032374900765717043 0.042459093034267426 -0.00902363378554583
v 0.0031757240649312748 0.04226498305797577 -0.00905429478734732
v 0.0034251222386956232 0.0414305254817009 -0.008856835775077346
v 0.0032693149987608207 0.041493285447359085 -0.008865381591022018
v 0.00311382836662233 0.04182441160082817 -0.008976807817816738
v 0.003589771222323181 0.04118854179978371 -0.008642470464110378
v 0.003603280289098622 0.041557542979717255 -0.008879851549863819
v 0.003448509611189367 0.041815243661403656 -0.008996526710689071
v 0.003389631398022176 0.04203951358795166 -0.009044309146702293
v 0.003392813960090281 0.04222949966788292 -0.009050124324858192
v 0.0034362687729299086 0.04236489534378052 -0.00902786944061518
v 0.0035103545524179953 0.042465221136808395 -0.008983749896287922
v 0.0031407820060849203 0.04247386008501053 -0.008986520580947403
v 0.003349321195855738 0.0426129586994648 -0.00895833503454924
v 0.003432942787185313 0.042544879019260406 -0.008984996005892757
v 0.0033382035326212658 0.042415473610162735 -0.009040719829499725
v 0.003284709528088571 0.04224817082285881 -0.009067596867680553
v 0.003280711825937034 0.04202539473772049 -0.009060976095497612
v 0.0033465374726802124 0.041772808879613876 -0.009008429944515232
v 0.003516916651278736 0.041487712413072586 -0.00888214819133282
v 0.004347084555774929 0.04182548448443413 -0.008014048449695114
v 0.004358412697911264 0.04164579138159752 -0.00799462199211121
v 0.004348847083747389 0.041500337421894073 -0.007998064160346988
v 0.004282216541469099 0.0412786491215229 -0.00805511046200991
v 0.0042105144821107405 0.041178639978170395 -0.00811990071088076
v 0.00442188559100032 0.041683223098516464 -0.007924385368824009
v 0.004542315844446422 0.040386464446783066 -0.007686975412070755
v 0.004314260557293894 0.03824375569820404 -0.007614990230649713
v 0.0046581081114709395 0.03758838027715683 -0.007109847851097587
v 0.004311440512537958 0.038156699389219284 -0.007602061145007614
v 0.0043088174425065535 0.038384485989809036 -0.007645588833838705
v 0.004733054898679258 0.03247983008623123 -0.005908562336117032
v 0.004930756054818633 0.02043495699763298 -0.005393847357481721
v 0.005107746459543708 0.016696346923708916 -0.005715108942240479
v 0.0042613311670720595 0.03872215747833252 -0.007782886270433668
v 0.004316249862313272 0.0383634977042675 -0.007775203790515665
v 0.0042845159769058245 0.03812167048454285 -0.007813251577317718
v 0.004290366545319559 0.03860705718398094 -0.007773336023092273
v 0.004284463357180359 0.038634203374385834 -0.0077750189229846035
v 0.004281572531908752 0.03811158239841461 -0.007815809920430187
v 0.004166351631283762 0.03789553791284561 -0.00790396519005299
v 0.004105150233954193 0.03783641755580902 -0.007945570163428787
v 0.0039874822832644 0.037768032401800156 -0.008020564913749698
v 0.003955926280468704 0.037756867706775665 -0.008039785549044613
v 0.003761391621083023 0.03773538023233414 -0.00815144740045071
v 0.003807217581197621 0.03773391991853714 -0.008126017637550834
v 0.0038139896932989376 0.037734027951955795 -0.008122230879962448
v 0.003353439969941975 0.03786160796880722 -0.008311715908348564
v 0.0032445339020341648 0.03798208758234978 -0.008401780389249328
v 0.0032692803069949163 0.037959784269332886 -0.008391005918383602
v 0.003734998637810351 0.03773787245154381 -0.008165912702679638
v 0.0037668917793780583 0.03774091601371765 -0.008156175725162033
v 0.003824086161330344 0.037823427468538284 -0.008200792595744136
v 0.003534634131938221 0.03785837069153786 -0.008342645131051544
v 0.004304727073758842 0.03827960789203644 -0.007840239442884925
v 0.0042959162965416926 0.038577236235141754 -0.00786996074020863
v 0.004111093003302814 0.03910165652632713 -0.008123108185827736
v 0.004100401885807516 0.03915435075759888 -0.008028483018279079
v 0.003847904037684204 0.039465513080358505 -0.008283215574920181
v 0.003865784965455534 0.039402835071086884 -0.008363449014723304
v 0.0038458027411252278 0.03928980603814125 -0.008447550237178806
v 0.004085873719304802 0.03903534635901451 -0.008207006379961971
v 0.0042639686726033705 0.03854091092944145 -0.007968604564666752
v 0.004276004619896414 0.038242124021053314 -0.00790475029498339
v 0.003614166751503946 0.03792884200811386 -0.008370577357709411
v 0.003976119216531517 0.037818074226379395 -0.008082270622253421
v 0.00407810276374221 0.037858493626117706 -0.008006659336388115
v 0.004166448954492809 0.03793922811746597 -0.00794667657464743
v 0.0042367875576019304 0.03806786239147186 -0.007908536121249202
v 0.003812066977843644 0.03949282690882683 -0.008314823731780056
v 0.00383176119066775 0.03942462429404259 -0.00839715171605349
v 0.0038220535498112457 0.039336323738098145 -0.008461699821054939
v 0.003625462995842101 0.03958361595869064 -0.00846361089497805
v 0.003447241848334672 0.039595652371644974 -0.008585301227867607
v 0.0036571982782334107 0.03950856998562813 -0.00853556860238314
v 0.003494399832561614 0.03952205553650856 -0.008644298650324348
v 0.00366594339720905 0.039410628378391266 -0.00858445838093758
v 0.003535036928951742 0.03939070925116539 -0.008680398575961593
v 0.003211201867088677 0.03952905535697937 -0.008677448146045211
v 0.003331894287839533 0.03956359252333641 -0.00865411572158337
v 0.003063505515456201 0.038358062505722046 -0.008622595109045509
v 0.0029353324789553894 0.0387154184281826 -0.008705274201929573
v 0.0029655070975422872 0.038785502314567566 -0.008748917840421203
v 0.0029397052712738527 0.03904682397842407 -0.008756332099437717
v 0.0029845621902495636 0.039082515984773636 -0.008786087855696682
v 0.0030400922987610115 0.039336733520030975 -0.008746667765080932
v 0.0030655781738460077 0.039308130741119385 -0.008775499649345878
v 0.0031817965209484113 0.03946266323328018 -0.00873091816902161
v 0.003040294395759703 0.03832570090889931 -0.008582081645727161
v 0.0034462215844541805 0.039396900683641434 -0.008727363310754303
v 0.003339641494676472 0.03932614251971245 -0.008782589808106426
v 0.003254708601161839 0.03921429067850113 -0.008816089481115345
v 0.003191393101587893 0.03903886675834656 -0.008825324475765232
v 0.0031756556127220405 0.03878951445221901 -0.008794143795967106
v 0.003263777354732157 0.03841164708137512 -0.00867954641580582
v 0.003393530379980804 0.03949108347296715 -0.00870685558766127
v 0.0032611463684588684 0.03940260410308838 -0.00877491291612387
v 0.0031576338224113 0.03926569223403931 -0.008815051056444648
v 0.0030837531667202724 0.039060790091753006 -0.008825181983411316
v 0.003066034754738213 0.038783419877290726 -0.008790495805442337
v 0.0031602964736521257 0.03837638720870018 -0.008668797090649608
v 0.003074278822168709 0.014249267987906933 -0.007594722788780931
v 0.0010905688395723705 0.015046454966068268 -0.008099659346044067
v 0.0010049885604530577 0.039689261466264725 -0.009507909417152408
v 0.0027007686439901603 0.039692629128694534 -0.008972123265266422
v 0.0026482834946364177 0.042529672384262085 -0.00923497695475817
v 0.002672122092917563 0.04128502309322357 -0.009163416922092441
v 0.0010063664522022013 0.04271386191248894 -0.009721276350319389
v 0.001749573042616249 0.0426504947245121 -0.009559573605656627
v 0.00039913304499350504 0.04273948445916176 -0.009786883369088178
v 0.0001296147238463164 0.042742617428302765 -0.009796334430575376
v 0.0001266993494937197 0.04112151265144348 -0.009734679944813255
v 0.00011399944924050947 0.036891575902700424 -0.009144375100731853
v 0.0010051782010123138 0.036318808794021606 -0.008951461873948578
v 0.0010003411443904047 0.03320728987455368 -0.00830961856991053
v 0.000986582832410932 0.028807800263166428 -0.0072575379163026844
v 8.712613634997983e-05 0.030089929699897766 -0.007666840218007568
v 0.0009928459767252211 0.030628066509962082 -0.00771170295774937
v 7.638472015969459e-05 0.027515562251210213 -0.007060242816805843
v 8.136136602843184e-05 0.02879100665450096 -0.007337116170674566
v 0.000983613077551127 0.02756759338080883 -0.006990664172917608
v 0.0009848587214946751 0.026477240025997162 -0.006919301580637697
v 7.429109246004376e-05 0.026482105255126953 -0.0069947703741490876
v 7.564554834971207e-05 0.022480884566903114 -0.007553936447948221
v 7.46128134778701e-05 0.02399614453315735 -0.007297608535736803
v 0.000990380765870214 0.02525385655462742 -0.0070237596519291436
v 7.394844578811902e-05 0.025266097858548164 -0.0070998296141624485
v 7.399508467642593e-05 0.026068001985549927 -0.007015055976808075
v 0.0010083877714350824 0.02244657650589943 -0.007474339567124847
v 0.0010386592475697403 0.01934030093252659 -0.007917252369225029
v 7.690187339903791e-05 0.019557952880859375 -0.007979888468980793
v 0.0010600214591249828 0.01776936836540699 -0.00806775223463774
v 7.61941046221182e-05 0.01785123348236084 -0.008110292255878452
v 7.568106957478451e-05 0.016616210341453552 -0.008204653859138492
v 0.0010788982035592203 0.01631302386522293 -0.008133826777338985
v 7.54145148675889e-05 0.016409222036600113 -0.008207450620830063
v 0.0021082882303744563 0.014740107581019402 -0.007909239269793037
v 0.0029762519989162696 0.017127448692917824 -0.007513626944273714
v 0.0029098188970237983 0.018823085352778435 -0.007352136075496677
v 0.003036180278286339 0.015574827790260315 -0.007600135635584596
v 0.002772596897557379 0.025179821997880936 -0.0064911786466836955
v 0.0028211444150656475 0.022201132029294968 -0.006915514357388023
v 0.002755656605586411 0.026460913941264153 -0.006393916439265015
v 0.0027466802857816232 0.027628498151898384 -0.0064594489522278335
v 0.002744410187005998 0.028948435559868813 -0.0067113037221133735
v 0.002745569217950107 0.030809910967946053 -0.007150626741349701
v 0.0018805074505507955 0.0396830290555954 -0.00929434318095446
v 0.0018976011779159316 0.03327014297246933 -0.008084904402494434
v 0.0020828526467084893 0.01602906361222267 -0.007931002415716652
v 0.002043357118964196 0.017521418631076813 -0.00785535387694836
v 0.0019995542243123063 0.019139202311635017 -0.007699067238718275
v 0.0019396841526031503 0.022349772974848747 -0.007257807534188036
v 0.0019056119490414867 0.025222864001989365 -0.0068173548206687
v 0.0018941779853776106 0.02646832913160324 -0.006715201772749427
v 0.001889138133265079 0.02758905477821827 -0.0067835226655006435
v 0.0018897816771641382 0.028861040249466896 -0.007043566554784778
v 0.0018938713474199185 0.03069792315363884 -0.007490810472518209
v 0.0001309481449425221 0.04369668290019035 -0.009761023335158828
v 0.0018659675261005768 0.04355272650718689 -0.009501394815742973
v 0.002639967016875745 0.04339034482836723 -0.009223367087543014
v 0.001008860883302987 0.04365895688533783 -0.009688441641628746
v -0.0036217879969626682 0.042411528527736664 -0.008844082243740562
v -0.003482759930193426 0.042452920228242874 -0.008942990563809875
v -0.003492146264761688 0.042407840490341187 -0.008935556747019294
v -0.0034635260235518234 0.04245318844914436 -0.008955969475209716
v -0.0033519007265567793 0.04241402819752693 -0.00902770180255175
v -0.0032748081721365465 0.042534150183200836 -0.009048633277416233
v -0.0033325257245451225 0.042567335069179535 -0.009013106115162376
v -0.0032197295222431434 0.04259972274303436 -0.009038834832608703
v -0.0032606318127363933 0.04267779737710953 -0.00897978246212006
v -0.003271047025918962 0.04279520735144615 -0.008845836855471138
v -0.0030854872893542064 0.04271359369158745 -0.008958810009062294
v -0.0031540205236524357 0.042662978172302246 -0.009008855558931831
v -0.00343870813958347 0.04271245002746582 -0.008863521739840511
v -0.0035132537595927733 0.04278126358985901 -0.00867890287190676
v -0.003619439899921419 0.042735036462545395 -0.008597827516496185
v -0.003653822001069786 0.04265017434954643 -0.008708206005394462
v -0.0036577498540282267 0.042614858597517014 -0.00874004885554314
v -0.003473274642601611 0.04259422421455383 -0.008921048603951934
v -0.0036547970958054083 0.04254211485385895 -0.00879068020731211
v -0.0036411180626601 0.042472340166568756 -0.00882456544786692
v -0.003455607686191799 0.042594362050294876 -0.008933017030358318
v -0.003333722706884147 0.042446568608284 -0.009037794545292858
v -0.0034168446436524404 0.04271264374256134 -0.00887834653258324
v -0.00362500222399831 0.04241058975458145 -0.008841705508530143
v -0.003661611350253226 0.042534030973911285 -0.008787444792687896
v -0.0036622090265154856 0.04261990636587143 -0.008729696273803714
v -0.0036246352829039114 0.042732127010822296 -0.008593717589974407
v -0.0036298355553299206 0.042729154229164124 -0.008589589968323711
v -0.003666988806799056 0.042607445269823074 -0.008735003881156448
v -0.003662974108010532 0.042537905275821686 -0.008784347213804725
v -0.003640559501945974 0.04244333878159523 -0.00882878061383963
v -0.0036281659267842787 0.04240884259343147 -0.008839344605803493
v -0.004000043030828239 0.04181162640452385 -0.008518545888364319
v -0.0038961116224527376 0.04212304949760437 -0.008620140142738823
v -0.003625640645623209 0.041966959834098816 -0.00882590934634209
v -0.0036545582115650194 0.04239341616630554 -0.008819458074867729
v -0.0037442208267748373 0.041449543088674545 -0.008708243258297447
v -0.003872508183121683 0.041466400027275085 -0.008608179166913036
v -0.003947436343878509 0.04152896627783775 -0.008549624122679237
v -0.003993857186287643 0.041635140776634216 -0.008515486493706707
v -0.003619388677179815 0.041491907089948654 -0.008803415112197403
v -0.0035574876237660664 0.04153040423989296 -0.008849720470607284
v -0.0033193859271705164 0.042385999113321304 -0.009047316387295726
v -0.0032387652900069965 0.042099907994270325 -0.009086579084396366
v -0.003322197124361993 0.04181251674890518 -0.009021870791912082
v -0.0034374084789305943 0.0419631153345108 -0.008955914527177814
v -0.00325893214903772 0.0422828234732151 -0.00908120255917311
v -0.004139479715377094 0.0417492538690567 -0.008216383866965774
v -0.004140940029174091 0.04166126996278763 -0.008098656311631206
v -0.004128178581595423 0.04188794642686844 -0.00818321388214827
v -0.004092797171324493 0.0420335978269577 -0.008159982040524486
v -0.0037192332092672604 0.04246317967772484 -0.00875501707196236
v -0.0036565668415278214 0.04117090627551079 -0.008606070652604107
v -0.0034368601627647894 0.041232287883758545 -0.008758367970585827
v -0.003384361276403071 0.04119352623820305 -0.008718241006135944
v -0.004139450844377281 0.041743822395801544 -0.008217917755246166
v -0.004139406606554987 0.041743580251932144 -0.008220254443585876
v -0.004139296710491182 0.0417337641119957 -0.008220810443162922
v -0.0037704103160649555 0.0426226370036602 -0.008472365327179435
v -0.0037014638073742407 0.0426815040409565 -0.00853123422712088
v -0.003731683827936651 0.04262625053524971 -0.008605723269283775
v -0.004102314356714489 0.042026638984680176 -0.008266040123999122
v -0.004050484392791988 0.042174696922302246 -0.00820583570748568
v -0.003955118358135225 0.042372193187475204 -0.00841161981225014
v -0.003880345262587072 0.04249710217118263 -0.008373773656785492
v -0.003826776053756477 0.042563725262880325 -0.008422680199146274
v -0.0035097806248813885 0.04130706563591957 -0.008798268623650077
v -0.00357308564707637 0.04139801487326622 -0.008813202381134037
v -0.003735765581950547 0.041345350444316864 -0.00869024079293013
v -0.003856151597574355 0.041356638073921204 -0.008596515282988552
v -0.00395435467362404 0.04141370207071304 -0.008518889546394352
v -0.004019662737846376 0.041498858481645584 -0.008467609994113449
v -0.004052483942359688 0.04158049821853638 -0.008442963473498825
v -0.00407351413741708 0.04173450544476509 -0.008431452326476577
v -0.004043322056531908 0.041957687586545944 -0.008468020707368854
v -0.003913627006113531 0.04225008934736252 -0.008591614663600925
v -0.003737007267773153 0.04255133494734764 -0.008688556961715225
v -0.003947811201214792 0.042315952479839325 -0.008507979102432731
v -0.004087396431714298 0.041994575411081314 -0.008372114039957527
v -0.004121379461139442 0.041738782078027725 -0.00833049695938826
v -0.00409631757065654 0.04155028238892555 -0.008344640955328945
v -0.004107650369405748 0.0415380597114563 -0.00829124636948109
v -0.004055085126310589 0.04144536703824997 -0.008376039564609531
v -0.004083679988980295 0.04147570580244064 -0.008320503868162635
v -0.003970873542129995 0.041333526372909546 -0.008442729711532596
v -0.003927245270460846 0.04127674922347069 -0.008451698347926143
v -0.003845394356176259 0.04125943034887314 -0.008542317897081379
v -0.003698213258758189 0.0412454791367054 -0.00865681562572718
v -0.003358493791893126 0.0412009134888649 -0.008727135136723522
v -0.0033326917327940477 0.0412091389298439 -0.008735682815313343
v -0.0037271536421030777 0.041084229946136475 -0.008439695462584499
v -0.00410114321857691 0.0413808636367321 -0.008125927299261097
v -0.004032651893794538 0.04124261066317558 -0.008184591308236126
v -0.003939454909414055 0.04114997014403343 -0.008264676667749885
v -0.0030529450159519924 0.03897479921579361 -0.008860493078827861
v -0.003090235171839596 0.03859415277838707 -0.008778310380876068
v -0.003335957881063224 0.03872791305184364 -0.008653698489069942
v -0.0032929216977208866 0.03819594159722328 -0.008590859360992912
v -0.003351604798808695 0.038127753883600235 -0.008542275987565521
v -0.0033179584424942745 0.03932445868849754 -0.008758272975683216
v -0.0032077645882964147 0.0392819307744503 -0.008818699978291992
v -0.0031135426834225668 0.0391744002699852 -0.008857186883687976
v -0.0038703989703208225 0.03887205570936203 -0.008300673216581348
v -0.0036892995703965443 0.03914036229252815 -0.008480555377900604
v -0.0035899879876524227 0.0392339862883091 -0.008565714582800869
v -0.0035652946680784243 0.03925171121954918 -0.008585530333220962
v -0.003524367697536947 0.039276983588933945 -0.008617333136498932
v -0.0034599136561155337 0.03930650278925896 -0.008664838969707492
v -0.003370005171746017 0.039325933903455734 -0.008725853636860851
v -0.0033303119707852615 0.03932572901248932 -0.008750774897634987
v -0.0039807232096791285 0.038555845618247986 -0.008159061893820766
v -0.003997570369392635 0.03823726624250412 -0.008090493269264701
v -0.003671433776617052 0.03845104202628136 -0.008381456136703495
v -0.00399023247882724 0.03819362074136734 -0.00808903016149998
v -0.003944377880543472 0.038067057728767395 -0.008104695007205013
v -0.0034035157877951873 0.03807702660560608 -0.008500142954289917
v -0.0034584843087941426 0.0380319207906723 -0.008456193841993812
v -0.0035395401064306515 0.03798316791653633 -0.008392915129661564
v -0.0037509535904973763 0.0379301942884922 -0.008231856860220436
v -0.003873260226100685 0.03798041120171547 -0.008146550506353382
v -0.004065621178597214 0.03867138549685478 -0.007834986783564094
v -0.00402683485299349 0.03882400318980217 -0.007895709015429023
v -0.004107988905161621 0.0384720154106617 -0.00787458568811417
v -0.004112014081329109 0.03837931901216507 -0.007879012264311317
v -0.004113978240638973 0.038260333240032196 -0.007719818037003282
v -0.004108508583158256 0.0383886843919754 -0.007747105788439516
v -0.004092959221452476 0.038523465394973755 -0.007784692104905847
v -0.0040666302666068094 0.038095757365226746 -0.007927580736577514
v -0.004064636770635845 0.03809626027941704 -0.007936261594295505
v -0.00403522187843919 0.03802260011434555 -0.007951651699841026
v -0.003719883272424342 0.03922375291585922 -0.008455193601548675
v -0.003626090474426748 0.039310090243816376 -0.008535771630704406
v -0.004075546748936178 0.03868966922163963 -0.00793782249093056
v -0.004017725121229889 0.038854505866765976 -0.007908931933343414
v -0.003988412208855154 0.03896428272128105 -0.00805886369198561
v -0.0038445456884801405 0.03923507407307625 -0.008119187317788604
v -0.003744227811694147 0.03935772180557251 -0.008317728526890281
v -0.0036149381194263714 0.039498310536146164 -0.008338987827301029
v -0.003639656817540528 0.03945381939411163 -0.008412485942244533
v -0.004067936446517708 0.038655661046504974 -0.00802950840443373
v -0.004101382568478586 0.03831735998392105 -0.0079426933079958
v -0.0040884306654334086 0.03816935792565346 -0.007909334264695648
v -0.0039816084317863005 0.037936579436063766 -0.007989507168531421
v -0.0039678099565207976 0.037986885756254196 -0.008054679259657863
v -0.003887311555445196 0.03790317475795746 -0.008105021901428703
v -0.0037504232022911328 0.03777246177196503 -0.008132964372634891
v -0.0037573645822703856 0.03777475655078888 -0.008128985762596134
v -0.003771871794015171 0.03785175457596779 -0.008185628801584247
v -0.0037907410878688114 0.037787504494190216 -0.00810965429991484
v -0.0038901129737496393 0.037845395505428314 -0.008049705065786842
v -0.003531664144247772 0.03775061294436455 -0.00825109984725714
v -0.0035703571047633904 0.037748076021671295 -0.008230994455516342
v -0.0035907274577766674 0.037772998213768005 -0.008250415325164798
v -0.003602282842621209 0.037747904658317566 -0.00821421388536692
v -0.0032656483817845596 0.037844933569431305 -0.008398316800594333
v -0.003250181442126633 0.03783774748444557 -0.008386037312448028
v -0.0032687990460544838 0.03782850131392479 -0.008377908729016784
v -0.0033387835137546075 0.03789300471544266 -0.008442610502243045
v -0.003635022323578598 0.03785250335931778 -0.008286772295832637
v -0.0034071386326104416 0.037960540503263474 -0.008461900986731056
v -0.003947968594729902 0.03886716812849045 -0.008221232332289222
v -0.004029911011457445 0.03861821070313454 -0.008111710660159591
v -0.004061556421220304 0.038306768983602524 -0.008031627163290981
v -0.004029248841106893 0.03811460733413696 -0.00802582781761885
v -0.003644416807219388 0.039387959986925125 -0.00848239287734032
v -0.003744987305253746 0.039296235889196396 -0.008394162170588974
v -0.003982819616794588 0.03891900181770325 -0.008145702071487907
v -0.0039890320040285605 0.037946540862321854 -0.0079844119027257
v -0.003324077464640142 0.039414893835783005 -0.008752152323722843
v -0.003310142317786814 0.039403319358825684 -0.008762431330978874
v -0.003227306762710215 0.03963123634457588 -0.008621985092759136
v -0.0032044681720435632 0.03962883725762367 -0.00863580591976643
v -0.0032246031332761062 0.039608247578144073 -0.00866479612886906
v -0.003267419291660191 0.03958159685134888 -0.008681133389472965
v -0.0033331876620650304 0.03958185389637947 -0.008639698848128322
v -0.0032970062457025064 0.03963160142302513 -0.008577940054237846
v -0.0034684995189309138 0.03955192118883133 -0.008546633645892147
v -0.0034387309569865483 0.039600178599357605 -0.008479442447423938
v -0.0034424692858010548 0.03959876671433449 -0.008476675488054756
v -0.003480338957160713 0.03939191997051239 -0.00864813290536404
v -0.0033734668977558626 0.039415135979652405 -0.008721090853214267
v -0.00327050336636603 0.03953464701771736 -0.008725096471607689
v -0.0033024034928530468 0.039505548775196075 -0.00872847251594067
v -0.0033610553946346058 0.03950580954551697 -0.00869154650717974
v -0.0034840772859752196 0.039478857070207596 -0.008607190102338794
v -0.003227878361940385 0.04128570109605789 -0.008808923885226253
v -0.0031277623493224395 0.041382912546396255 -0.008877451531589035
v -0.0031699519604444517 0.04052374139428139 -0.008771104738116268
v -0.0036309920251369494 0.03996191918849945 -0.008391403593122963
v -0.004021268337965013 0.04005761817097664 -0.008079127408564094
v -0.003133310936391355 0.04249080270528793 -0.009097564034163955
v -0.0032782098278403295 0.04134901985526085 -0.008874209597706798
v -0.002931189723312856 0.04168296232819557 -0.009009678848087791
v -0.0030396757647395147 0.04254592955112457 -0.00907461810857058
v -0.0028880827594548477 0.04246141389012337 -0.009064537473022941
v -0.002983149839565159 0.042446430772542953 -0.009104705415666107
v -0.0028453757986426366 0.042326852679252625 -0.009083782322704795
v -0.00292633567005396 0.04223290830850601 -0.009130023419857029
v -0.0028340998105704797 0.042017675936222076 -0.009078718721866611
v -0.0029392491560429348 0.041957080364227295 -0.009111815132200721
v -0.003064249409362675 0.04162052273750305 -0.009022965095937256
v -0.003070827573537828 0.042702749371528625 -0.00896717328578234
v -0.0030562444590032114 0.04269113019108772 -0.008975404314696792
v -0.003035060362890364 0.04267270490527153 -0.008987239561975006
v -0.0032236296683549894 0.0424264632165432 -0.009091264568269256
v -0.0031854845583438886 0.042360417544841766 -0.009112066589295868
v -0.0031450721435248865 0.04220941662788391 -0.009130703285336498
v -0.0031556563917547477 0.04199635609984398 -0.00911596138030291
v -0.0032601875718683017 0.04171914979815483 -0.009039422497153286
v -0.003441307460889222 0.04149223491549492 -0.008909976109862331
v -0.0033629692625254406 0.041413627564907074 -0.008905448950827125
v -0.0031635186169296516 0.041664812713861465 -0.009045715443789962
v -0.0030475810635834945 0.04197436943650246 -0.009129128418862823
v -0.00303569412790239 0.04222159460186958 -0.00914577674120665
v -0.003085102885961534 0.04240657761693001 -0.009123460389673713
v -0.0013939533382654197 0.04357803240418434 -0.009596563875675205
v -0.0016103887464851147 0.04355751350522041 -0.009542873129248623
v -0.0016137144993990666 0.043694231659173965 -0.009532748721539978
v -0.0030314605683088316 0.043339263647794724 -0.00897308345884085
v -0.0023911779280751952 0.04339725524187088 -0.009283425286412243
v -0.0020711789838969716 0.042585283517837524 -0.00942361913621426
v -0.001612380961887539 0.042642414569854736 -0.009567433968186382
v -0.0012745710555464036 0.042676616460084915 -0.009650131687521938
v -0.0012625942472368485 0.04355502873659134 -0.009627507068216804
v -0.0011194009566679601 0.04356035962700844 -0.009656152687966827
v -0.0004643674474209549 0.04273057356476784 -0.009773498401045804
v -0.0009103672928176825 0.0436234250664711 -0.009688550606369976
v -0.0007488480187021199 0.04366140067577362 -0.009709401987493042
v -0.0008332523284479979 0.04366445541381836 -0.00969746615737677
v -0.0006754472851753238 0.04378537833690643 -0.009709523990750316
v -0.000486024917336181 0.044049009680747986 -0.009705865755677227
v -0.000400932796765119 0.04437008500099182 -0.009675805456936363
v -0.000414442300098017 0.04459039121866226 -0.009643474593758587
v -0.0017907884903252133 0.04392218589782715 -0.009462278336286548
v -0.0018701455555856237 0.04422654211521149 -0.009403691627085212
v -0.0022982272785156974 0.044239796698093414 -0.009244708344340328
v -0.0018690228462219247 0.04436613619327545 -0.009385576471686367
v -0.003027107333764435 0.04394093528389931 -0.00892279297113419
v -0.00115158420521766 0.043711595237255096 -0.009801091626286512
v -0.001139770145528019 0.04366440698504448 -0.009773457422852521
v -0.0013585004489868886 0.04367293417453766 -0.009727480821311477
v -0.0017879155930131682 0.04394948109984398 -0.009506129659712318
v -0.0018335842760279783 0.044065989553928375 -0.009479657746851448
v -0.0018657136242836722 0.04432379826903343 -0.009438373148441318
v -0.0015545393107458956 0.04375883564352989 -0.009674184955656532
v -0.0016244970029219992 0.04375270754098892 -0.009594128467142585
v -0.0013890630798414356 0.04362902045249939 -0.009667398408055309
v -0.0011198041029274468 0.043602608144283295 -0.009712618775665764
v -0.0012624274240806705 0.043603796511888504 -0.00969282537698746
v -0.0011620767181739215 0.043761882930994034 -0.00981902983039618
v -0.0013487848918885 0.043769072741270065 -0.00977981928735972
v -0.0011761712376028304 0.04384869337081909 -0.009827964939177041
v -0.0017484751297160992 0.04434209689497948 -0.009617808274924759
v -0.0017219969304278502 0.04413220286369324 -0.009651244617998603
v -0.0016382952453568584 0.043961577117443085 -0.0096921855583787
v -0.001515430165454746 0.04384174570441246 -0.009734779596328739
v -0.0018240814097225675 0.044334787875413895 -0.009538392536342147
v -0.0017941814148798594 0.044096413999795914 -0.00957650784403086
v -0.0016979738138616092 0.04389937222003937 -0.00962402764707804
v -0.0008885781862773006 0.04365865886211395 -0.00972444843500853
v -0.0008384326938539747 0.04378549009561539 -0.009814484976232057
v -0.0009843942243605856 0.04370544105768204 -0.009797611273825174
v -0.0007873686845414344 0.043724000453948975 -0.009740656241774562
v -0.0006544667412526909 0.0438416488468647 -0.009748881682753566
v -0.0005498219397850337 0.043981898576021194 -0.009748261421918872
v -0.0004233293293509634 0.04447929561138153 -0.009701880626380447
v -0.00047519698273390553 0.04413846135139465 -0.009739762172102932
v -0.0004322750319261106 0.044305942952632904 -0.009724130854010585
v -0.0010278676636517052 0.043796833604574203 -0.009840325452387338
v -0.0005994089297018947 0.04448849707841873 -0.009824883192777639
v -0.0006068308139219882 0.04434571787714958 -0.009843196719884878
v -0.0006426185136660937 0.044207021594047546 -0.009855924174189573
v -0.0007048302213661376 0.04407745599746704 -0.009862569160759454
v -0.0007915237802080813 0.04396212473511696 -0.00986256822943688
v -0.0009003430604934697 0.04386652261018753 -0.009855320677161222
v -0.0007151504396460954 0.04389418289065361 -0.009822345338761812
v -0.0006176551105454567 0.04402433708310127 -0.009821998886764055
v -0.0005479651154018941 0.04416997358202934 -0.009814265184104448
v -0.0005078827962279322 0.0443258136510849 -0.009799820370972162
v -0.000499549263622612 0.04448680579662323 -0.009779157117009168
v -0.002982512814924122 0.04455214738845825 -0.008852134458720688
v -0.0024230882991105327 0.044956546276807785 -0.009061469696462158
v -0.0007613208726979795 0.045410167425870895 -0.009441980160772804
v -0.0016343959141522652 0.045238979160785675 -0.009293123148381714
v -0.0030399132519960416 0.04421133175492287 -0.008878354914486412
v -0.003060232847929002 0.044472236186265945 -0.008820911869406704
v -0.0033460173290222896 0.04427407309412956 -0.008667735382914547
v -0.003399624722078444 0.0442592017352581 -0.008645133115351204
v -0.003160212887451054 0.044436726719141006 -0.008817308582365516
v -0.003069449914619328 0.04446368291974068 -0.008816894143819812
v -0.003236857242882253 0.044504404067993164 -0.00885475799441338
v -0.003308200975880028 0.04458797723054886 -0.008855999447405342
v -0.004074307158589365 0.0443822480738163 -0.00791522860527039
v -0.003964759875088932 0.044234298169612885 -0.008092035539448265
v -0.0038763105403631943 0.044191353023052216 -0.008203607052564624
v -0.00384988426230848 0.044183943420648575 -0.008234202861785892
v -0.0038221215363591927 0.044178277254104614 -0.008265252225100998
v -0.0035963349509984272 0.04418773576617241 -0.008484008722007278
v -0.003421423956751825 0.044234585016965866 -0.008618868887424472
v -0.0037128555122762936 0.04387345165014267 -0.008437043055891994
v -0.003604429308325054 0.04359738901257515 -0.008571544662117962
v -0.0033526376355439438 0.04376569762825966 -0.008740600198507312
v -0.003389770165085794 0.04320827126502991 -0.008757054805755619
v -0.0036884229630231875 0.043156012892723083 -0.008532738313078884
v -0.0041064070537686365 0.04266169294714928 -0.008143564686179165
v -0.003919198177754881 0.04331883415579796 -0.008303430862724785
v -0.004111530724912884 0.04357462003827095 -0.008052164688706401
v -0.004293310921639206 0.042872123420238495 -0.007905493490397934
v -0.004517669789493086 0.04483584687113762 -0.00691173737868667
v -0.004423832986503841 0.04443856701254845 -0.007340104784816507
v -0.004648262634873392 0.043544624000787735 -0.007195167709141973
v -0.0045395120978355425 0.0432911291718483 -0.007471328135579828
v -0.0051061590202152755 0.006330139469355345 0.0020024324767291555
v -0.005179906729608777 0.005462245550006628 0.0020495797507464894
v -0.004696517251431944 0.005220658145844936 0.0024463178124278797
v -0.00415216200053692 0.005021846387535334 0.0028114900924265398
v -0.0041272328235209006 0.005363758187741041 0.002788656158372761
v -0.004502533935010435 0.006001603789627552 0.002494689077138902
v -0.004093074705451729 0.005841516889631748 0.002767716068774463
v -0.0032110882457345737 0.04665766656398773 -0.0035225565079599636
v -0.0034506483934819716 0.046340685337781906 -0.0035540843382477778
v -0.0032399140764027847 0.0460553914308548 -0.003223403124138714
v -0.0035322464536875504 0.04581063613295555 -0.0033534765243530286
v -0.00328668928705156 0.04531661793589592 -0.0029129104223102344
v -0.0029181484133005155 0.04555100202560425 -0.002758640330284835
v -0.0028976786416023983 0.04633965715765953 -0.0031221320386976017
v -0.0029029145371168865 0.046991635113954544 -0.003485205117613079
v -0.0036111790686845797 0.04513208195567131 -0.0031082730274647487
v -0.0034630482550710457 0.018631424754858017 0.003017786191776396
v -0.003933564294129612 0.018749263137578964 0.002623874926939608
v -0.004021940752863886 0.015591275878250599 0.0024375172797590503
v -0.002991632325574757 0.04350714012980461 -0.0019465127261355528
v -0.003661482362076642 0.035277415066957474 0.0009808572940528397
v -0.0031581185758113874 0.03683484345674515 0.0006654677563346926
v -0.0035724700428545492 0.03742656484246254 5.6357388530159396e-05
v -0.0030831848271191133 0.03947989642620087 -0.00043634214671328686
v -0.003498413600027563 0.04001546651124954 -0.0009691621526144449
v -0.003414918435737492 0.04294676333665848 -0.0020295423455536374
v -0.004101396538317205 0.03451903909444809 0.0008869529119692747
v -0.004201166331768038 0.03289906308054924 0.0015130013925954706
v -0.0032728316728025688 0.03422527387738228 0.0018089320510625848
v -0.0035178151447325962 0.029812484979629517 0.0031941169872879995
v -0.0034496844746172445 0.03119567781686783 0.002874072873964907
v -0.00430449051782489 0.03138493001461029 0.0019865583162754783
v -0.0033630938269197954 0.03265311196446419 0.0024195588193833837
v -0.003313474822789432 0.03348938375711441 0.0021085860207676896
v -0.004392816219478847 0.029937488958239555 0.002321904059499503
v -0.004408138338476421 0.029632143676280975 0.0023775130975991496
v -0.0035587158054113405 0.028327040374279022 0.0034108583349734558
v -0.00445001805201173 0.028486089780926704 0.0025390766095370067
v -0.00356181710958481 0.027975715696811676 0.0034426995553076285
v -0.004460404627025129 0.027824508026242256 0.0025989294517785324
v -0.0035560629330575484 0.026875875890254974 0.003498114878311755
v -0.004459501244127752 0.027091912925243378 0.0026382494252175106
v -0.0035406877286732214 0.026034405454993248 0.003502354724332692
v -0.0044399485923349875 0.025950249284505844 0.0026513659395277513
v -0.0035236247349530476 0.025314990431070328 0.003485661931335928
v -0.004427936393767597 0.025472059845924377 0.002642638282850386
v -0.0034883602056652325 0.023898284882307053 0.0034145091194659485
v -0.004368965514004232 0.023190055042505264 0.0025266876909881843
v -0.003463689703494312 0.02266010455787182 0.00332753616385162
v -0.004350964911282064 0.01960589736700058 0.0022545019164681443
v -0.0035441110376268643 0.015444626100361347 0.0028293295763432993
v -0.004202370066195728 0.012048467062413692 0.0023378862533718356
v -0.0036919286940246838 0.012166143395006657 0.002728036139160396
v -0.004442137200385334 0.008513245731592178 0.0023416781332343825
v -0.003898036666214468 0.008707569912075996 0.002713223919272424
v -0.004807955119758846 0.01000602450221777 0.0019226230215281257
v -0.0045800665393471735 0.01331684272736311 0.0019390492234379062
v -0.004432647954672577 0.016307970508933067 0.0020442553795874127
v -0.0039533469825983065 0.03781702369451523 -0.0004884191439487042
v -0.0037337136454880255 0.0436972938477993 -0.0026051036547869457
v -0.0037862313911318796 0.04281090572476387 -0.002299445681273938
v -0.003865336067974569 0.04073459655046463 -0.001580819487571717
v -0.005119044333696368 0.006339014507830143 0.001990420278161765
v -0.004842082969844343 0.015871552750468254 0.0015731425955891616
v -0.005273073911666873 0.01425777655094862 0.0010531593579798941
v -0.005040789954364302 0.012466749176383018 0.0014871970051899559
v -0.00550402142107487 0.011095037683844566 0.0010339320870116357
v -0.005306919105350974 0.009064806625247002 0.0015081831952556974
v -0.005833265371620658 0.007348242215812206 0.0011161774164065723
v -0.005430659279227259 0.006579542998224497 0.001675374922342599
v -0.005860981531441214 0.007042245473712683 0.001127937808632851
v -0.004762652330100538 0.023911049589514732 0.0021107266657054433
v -0.005061573814600709 0.020017080008983612 0.0013551149750128395
v -0.004744319245219232 0.018925543874502182 0.0017500885296612987
v -0.005076132249087098 0.01906702294945717 0.0012868010671809322
v -0.005134450271725657 0.01703624054789543 0.001160798943601549
v -0.005124100018292668 0.025496535003185272 0.0016886825906112797
v -0.005087859928607943 0.023938540369272232 0.0016304190503433353
v -0.00507036875933409 0.02303902991116047 0.0015766189899295575
v -0.004830679390579464 0.02775423973798752 0.0021301631350070247
v -0.005144337192177775 0.02767142653465271 0.0016409476520493633
v -0.005146629177033904 0.027071721851825714 0.0016737119294703013
v -0.00481365527957678 0.025919228792190552 0.002182403579354287
v -0.004775966983288528 0.029529191553592682 0.001921103917993606
v -0.005088461097329858 0.02941245026886463 0.0014433803735300905
v -0.00512390770018101 0.028574490919709206 0.0015582520281896002
v -0.0048434212803840655 0.033193688839673996 0.00045618086005561075
v -0.004946980159729722 0.03166228532791138 0.0009464554022997622
v -0.004667777568101885 0.031303346157073975 0.0015387012390419847
v -0.0049814996309578445 0.031162647530436516 0.001080458983778954
v -0.005051065236330035 0.0300890039652586 0.0013229118194431073
v -0.004114862997084858 0.04269589111208916 -0.002601841697469355
v -0.004540762398391964 0.039690051227808 -0.001998809864744545
v -0.004237677901983263 0.03980015218257904 -0.0016319927526637918
v -0.004587290808558466 0.03840795159339905 -0.0015508603537455208
v -0.004328473936766388 0.03721464425325394 -0.0006637402111664418
v -0.004714252427220346 0.035477519035339355 -0.0004235398664604874
v -0.004428883548825981 0.035040512681007385 0.0002224040945293383
v -0.004542621783912184 0.03311843052506447 0.0009717540815472607
v -0.004323885776102545 0.043469708412885666 -0.003195539349690081
v -0.004397453274577858 0.0426023043692112 -0.002931264461949469
v -0.004477281123399736 0.04125263914465904 -0.0025097422767430557
v -0.003887733211740853 0.045056045055389404 -0.003362444927915932
v -0.004120129626244308 0.04503074288368225 -0.003656081389635803
v -0.004005443304777147 0.04406503215432167 -0.0030456332024186863
v -0.005397098138928416 0.006550369784235954 0.001711469725705684
v -0.0037875282578170317 0.012461274862289429 -0.007231955416500572
v -0.0035582208074629324 0.012686936184763908 -0.0073508126661181485
v -0.003416673513129355 0.012688981369137764 -0.007368233986198906
v -0.0037148629780858772 0.012398065999150276 -0.007214118260890249
v -0.003852757392451169 0.012533366680145264 -0.0072197346016764676
v -0.0037769104819744843 0.01260415744036436 -0.007259971462190155
v -0.003700127126649024 0.012674117460846901 -0.007299309596419338
v -0.0036697774194180983 0.012677783146500587 -0.00731295254081488
v -0.0038513927720487135 0.01259408425539732 -0.0072226831689477
v -0.004398076795041563 0.011990348808467388 -0.006884715519845489
v -0.004467449150979521 0.012551870197057724 -0.006841302849352363
v -0.0038500044029206055 0.012655001133680344 -0.007225568871945146
v -0.004887797869741919 0.01143106259405613 -0.006493530701845887
v -0.0048770182766020315 0.011932512745261192 -0.006502377334982159
v -0.004862505011260511 0.012459148652851582 -0.0065062390640378024
v -0.00484729837626219 0.0113828144967556 -0.006519638001918795
v -0.004319360479712488 0.011907135136425495 -0.006908753421157602
v -0.004797205794602634 0.011336060240864754 -0.0065330737270414855
v -0.004741088952869179 0.011294513009488583 -0.006532300263643267
v -0.004227020312100651 0.011837364174425602 -0.006891332566738132
v -0.004683420993387701 0.011261031031608582 -0.006518050096929076
v -0.006490220315754416 0.006714425515383482 -0.002555669052526356
v -0.006598145235329869 0.006733988411724567 -0.0025475597940385355
v -0.006391054484993222 0.007858405821025372 -0.003660308429971339
v -0.005410123616456988 0.010714267380535603 -0.005933689884841445
v -0.005221974570304158 0.010877488180994987 -0.006142676807940009
v -0.005584491416811946 0.010305927135050297 -0.005685182288289073
v -0.005854593124240639 0.009950521402060986 -0.005287918727844956
v -0.006158732343465092 0.00913776271045208 -0.004675592295825483
v -0.006235970184206965 0.009109439328312874 -0.00453411601483822
v -0.006548561155796054 0.007969630882143974 -0.0035841877106577175
v -0.006553828716278079 0.008153600618243217 -0.0036292148288339394
v -0.0068155066110193755 0.006625332869589329 -0.002052479190751911
v -0.006790590006858113 0.006926714908331633 -0.002380140824243427
v -0.006761400029063227 0.006849112454801798 -0.0024524102918803705
v -0.006744660902768376 0.0072715706191957 -0.00274341879412532
v -0.006650749128311875 0.007762496825307608 -0.0032431799918413175
v -0.00682052178308368 0.006519433110952377 -0.0019347391789779076
v -0.0067820050753653075 0.00583864189684391 -0.0013211995828896767
v -0.006799235939979556 0.005892396438866854 -0.001205055858008564
v -0.006704610306769612 0.005388327874243259 -0.0007668903563171628
v -0.006685361731797459 0.005362838972359896 -0.0005368654383346441
v -0.006557263899594548 0.004975850228220224 -0.00022681962582282733
v -0.006476757582277062 0.004905186127871275 8.23979935375974e-05
v -0.006332203280180695 0.0046000611037015915 0.00029251878731884073
v -0.006025014445185664 0.004260634537786245 0.0007842295453883711
v -0.006168490275740626 0.0045031276531517506 0.0006577314925380054
v -0.005633703432977202 0.003957606386393309 0.0012420329730957753
v -0.005745287053287032 0.0041409265249967575 0.0012002686271443967
v -0.005505889188498261 0.0038476886693388224 0.0010421830229461197
v -0.005096790846437218 0.003609188599511981 0.0014157028635963804
v -0.005168709438294175 0.0036368442233651876 0.0015232568839564926
v -0.005008223466575148 0.0036346386186778545 0.0013207393931224949
v -0.0054074837826192405 0.003869057400152087 0.0009585172520019118
v -0.005409488920122388 0.003870413638651371 0.0009564740466885273
v -0.0057751261629164245 0.004161358345299959 0.0005284735816530885
v -0.005883376114070418 0.00414642971009016 0.0005989228957332673
v -0.00617960933595896 0.0044824834913015366 0.0001244111626874656
v -0.0060649705119431045 0.004490015096962452 6.825129821663725e-05
v -0.006397130433470013 0.004856295883655548 -0.0003768726892303677
v -0.00627965107560158 0.004856398329138756 -0.000419204472564161
v -0.006540424190461638 0.005268396809697151 -0.0008998360135592525
v -0.006423227488994601 0.005261883605271578 -0.0009301654063165192
v -0.006616505794227126 0.005719673354178667 -0.0014392110751941807
v -0.006501604802906516 0.005707699339836836 -0.0014599446440115578
v -0.006502122618258002 0.00571276992559433 -0.0014657883439213044
v -0.005921077914536002 0.00900154560804367 -0.004725108388811352
v -0.006270985119044783 0.007914106361567974 -0.0037364009767770785
v -0.006291293073445561 0.007833611220121384 -0.003660348942503335
v -0.006010731216520074 0.009030750021338463 -0.004731734283268453
v -0.005452510900795462 0.010205571539700031 -0.005719389766454699
v -0.005376555025577548 0.01017299946397543 -0.0057074618525803115
v -0.005252528470009568 0.010392745025455952 -0.005880468524992469
v -0.0051019736565649535 0.01078253798186779 -0.006165363360196355
v -0.005034931004047396 0.010749070905148983 -0.006151704117655757
v -0.005211438518017533 0.0038247983902692795 0.0016952276928350336
v -0.005209557712078097 0.003713849699124694 0.0016229676548391587
v -0.005587731022387746 0.0038783932104706764 0.0011438721558079128
v -0.005973681807518008 0.004181021358817816 0.0006904552574269477
v -0.00627593928948045 0.004520959686487913 0.0002043835411313922
v -0.006496849469840529 0.004898116458207369 -0.0003086057549808176
v -0.006641085259616378 0.005312668159604073 -0.0008422120590694252
v -0.0067163985222578075 0.005765468813478947 -0.0013905215309932834
v -0.006694027688354256 0.006780955474823713 -0.0025116882752627147
v -0.006481411401182416 0.007905660197138786 -0.003634104738011958
v -0.006093603093177083 0.00907786563038826 -0.004714910872280599
v -0.005524414591491225 0.010251275263726711 -0.005712014622986319
v -0.005166333634406331 0.010826526209712029 -0.00616252236068249
v -0.004796601366251709 0.014005021192133427 -0.006477941293269398
v -0.00483573926612735 0.01319036167114973 -0.006500347983092072
v -0.005230115726590159 0.013432021252810955 -0.006012103054672482
v -0.0054914918728172805 0.013022970408201218 -0.005670894868671897
v -0.006032490171492102 0.011954165063798428 -0.004751509055495264
v -0.005832810420542958 0.012392086908221245 -0.005132732912898066
v -0.00577410822734237 0.012109792791306973 -0.0052876877598464515
v -0.005608396604657176 0.012820820324122906 -0.005499952472746375
v -0.005533704534173014 0.01222681812942028 -0.005689585115760567
v -0.005354039371013644 0.012300402857363224 -0.005946266464889052
v -0.006708969827741387 0.007823809050023556 -0.0008267331286333505
v -0.006776980590075257 0.006298426538705826 -0.0009029917418956761
v -0.006670721340924504 0.005862063728272915 -0.0003816588723566385
v -0.005260082893073561 0.01204807311296463 -0.006084088236093524
v -0.005649981554597619 0.01138225570321083 -0.00556970061734319
v -0.006566461175680163 0.010275500826537609 -0.0032354996073991073
v -0.006410699337720874 0.010889532044529915 -0.0038001704961061495
v -0.006259710993617776 0.009984247386455536 -0.004431467037647964
v -0.00618982454761863 0.011558630503714085 -0.004402087535709144
v -0.006825737655162814 0.006788626778870821 -0.0014487738953903324
v -0.006819479633122685 0.00733655272051692 -0.002019091974943877
v -0.006739948410540822 0.008091638796031475 -0.0011060824617743496
v -0.006760018412023785 0.008672620169818401 -0.0016956314211711294
v -0.006438964977860453 0.006854344625025988 0.00023794504522811632
v -0.006603718269616368 0.00731812696903944 -0.0002833139733411373
v -0.006632091943174603 0.00742659717798233 -0.00040183856617659347
v -0.006504466291517022 0.005475637502968311 0.00011530514893820515
v -0.006275727879256013 0.00513526052236557 0.0005879857926629486
v -0.006240659859031441 0.006477975752204657 0.0006822192808613184
v -0.005982016213238242 0.004837036598473787 0.001036467263475061
v -0.005943953990936282 0.006081065163016319 0.0011790945427492265
v -0.0052355728112161186 0.0046310280449688435 0.0018823308637365707
v -0.0055955569259822395 0.00574917159974575 0.0016266006277874119
v -0.005620838608592751 0.00457707280293107 0.0014608320780098445
v -0.006647584028542044 0.008596270345151424 -0.0032191758509725345
v -0.006750067695975306 0.008954944089055061 -0.001975126564502717
v -0.005970873404294255 0.025163529440760612 -0.0015010894276201732
v -0.00595202296972275 0.026778263971209526 -0.0015263676177710301
v -0.005881762597709897 0.02668607048690319 -0.0023417503107339152
v -0.005316277965903285 0.02054613269865513 0.0009476531995460395
v -0.005446440540254119 0.02082996442914009 0.0007019375916570428
v -0.005403883289545777 0.019729340448975563 0.0007358557195402685
v -0.00543194077908993 0.022832918912172318 0.0008845323463901882
v -0.005745516158640387 0.02325594052672386 7.766352791804824e-05
v -0.005713006481528285 0.024577675387263298 0.00029034182080067705
v -0.005847360007464888 0.02549397200345993 -0.00019455653091426947
v -0.0059237587265670326 0.025189464911818504 -0.0006714623887091878
v -0.0059088342823088195 0.02609793283045292 -0.000567182607483119
v -0.005932190921157601 0.026497382670640945 -0.0008149666828103367
v -0.0058424635790288474 0.028154440224170685 -0.0024510151706635965
v -0.005788988899439576 0.029673947021365166 -0.002681479323655368
v -0.005726216360926631 0.03137728571891785 -0.0030684850644320263
v -0.005037253722548487 0.0430087074637413 -0.006148010957986119
v -0.005234219133853915 0.04116947576403618 -0.00595543906092644
v -0.0048212292604148405 0.03609071299433708 -0.006472181994467976
v -0.0052585396915674236 0.032869402319192886 -0.0050124409608542945
v -0.005099183414131406 0.03797132894396782 -0.006303540430963042
v -0.004953185562044385 0.029978036880493164 -0.004985835868865254
v -0.00496296910569072 0.029475416988134384 -0.004881694447249176
v -0.005344665609300139 0.0292403195053339 -0.004158770665526392
v -0.004971367772668603 0.029054922983050346 -0.004802124574780466
v -0.004999088123440745 0.027733104303479195 -0.00461623538285494
v -0.005379574373364451 0.02785446308553219 -0.003961634356528522
v -0.0057848468422889735 0.015616060234606266 -0.004592138342559339
v -0.006186238024383786 0.007549718488007784 0.0005656754365190866
v -0.006308457348495724 0.007807930465787649 0.00029243400786072027
v -0.006438267882913354 0.008158168755471706 -6.809503247495743e-05
v -0.006587140262126925 0.00877999048680067 -0.0006843267474323514
v -0.006641477346420291 0.009305921383202076 -0.0011427310528233652
v -0.006643443834036591 0.009346742182970047 -0.0011746739037334923
v -0.00654456811025739 0.011533301323652267 -0.0023572398349642762
v -0.006462085060775283 0.012423345819115639 -0.002586847869679333
v -0.006644644308835271 0.010056673549115658 -0.001663098810240627
v -0.006598299369215968 0.010879364795982838 -0.0020982734858989724
v -0.006572546903043988 0.011207623407244682 -0.0022391234524548062
v -0.006101062055677178 0.014899032190442085 -0.0037520707119256275
v -0.005237570498138669 0.018498899415135384 -0.005196102894842627
v -0.005368959158658984 0.016275959089398384 -0.00534910894930363
v -0.0051700449548661735 0.020226726308465004 -0.005044551566243174
v -0.005645819008350375 0.017788447439670563 -0.004479992669075729
v -0.005010473076254132 0.027212578803300858 -0.004576627630740406
v -0.0050266571342945125 0.026482904329895973 -0.004554676357656719
v -0.0054113892838358905 0.02653534524142742 -0.0038856766186654585
v -0.005066026933491233 0.02470305562019348 -0.004624086897820236
v -0.0047688796184957045 0.037743035703897476 -0.006854599807411436
v -0.004917466547340157 0.04086390510201454 -0.006949483882635835
v -0.004634264856576921 0.0403066985309124 -0.007403603754937652
v -0.00474347732961178 0.04224921017885208 -0.007245383225381378
v -0.004462449345737697 0.04189782589673996 -0.007717866916209463
v -0.005450934637337926 0.038486286997795105 -0.005073014181107285
v -0.005656668916344645 0.03338421508669853 -0.003633855842053892
v -0.005569872912019494 0.03574492037296295 -0.004326898604631426
v -0.00529812462627888 0.021266089752316475 0.0010293358936905865
v -0.005334250163286927 0.02196204848587513 0.0010129028232768182
v -0.006174259353429082 0.016242139041423798 -0.00199268525466323
v -0.006172504741698506 0.016074923798441887 -0.0017787835095077762
v -0.006056838203221562 0.018876226618885994 -0.0018620671471580872
v -0.00608575623482466 0.01668977551162243 -0.0012791189365088946
v -0.005986584816128018 0.0185741875320673 -0.001046406570822001
v -0.005893534049391749 0.017533257603645325 -0.0005172196542844178
v -0.005800314713269475 0.018301164731383324 -0.00025335891405120503
v -0.0056947874836623695 0.01830305904150009 5.058684837422336e-05
v -0.005538705270737412 0.01898166351020336 0.0004288885393179955
v -0.0063345944508910205 0.01394724939018488 -0.00260593742132187
v -0.006280451081693175 0.014714113436639309 -0.0024310750886797914
v -0.006117585115134719 0.016745634377002716 -0.0028292387723922743
v -0.006231920793652537 0.015398537740111351 -0.0021662493236362943
v -0.004940708167850974 0.030638601630926132 -0.005133819300681355
v -0.005305260419845584 0.030863914638757706 -0.004504038486629726
v -0.005623122677206996 0.029451003298163414 -0.003438016865402462
v -0.005666741635650399 0.02799788862466812 -0.0032254734542220844
v -0.0055728685110807445 0.031115293502807617 -0.00380228227004409
v -0.004937942139804366 0.042639147490262985 -0.006712744478136304
v -0.005128855817019942 0.04119199886918068 -0.006388500798493626
v -0.005330865271389487 0.03822752833366394 -0.005698920227587226
v -0.0054392935708165195 0.035496946424245834 -0.004993544891476634
v -0.005515202879905703 0.033122457563877106 -0.0043372968211770075
v -0.0057026469148695495 0.02660444565117359 -0.003132800338789822
v -0.005907583516091111 0.025147881358861923 -0.0023271513637155303
v -0.005982118193060162 0.023363472893834114 -0.0015621948987245566
v -0.00592094333842397 0.023303484544157982 -0.000734878703951836
v -0.006395867560058835 0.013173962943255901 -0.002653509378433229
v -0.006296384148299697 0.014176271855831146 -0.0028908711392432464
v -0.005942272022366526 0.017265906557440758 -0.0036658779717981833
v -0.005844611674547198 0.019546998664736748 -0.00351959257386625
v -0.005557895172387364 0.019896842539310455 -0.004322108812630178
v -0.005472793243825438 0.02361357770860195 -0.004001606255769731
v -0.0060101756826043155 0.019203433766961098 -0.0026925809215754284
v -0.005929031409323218 0.02343660034239292 -0.0023939672391861686
v -0.005759968888014558 0.023520860821008682 -0.0032132898923009647
v -0.005732112098485234 0.025142820551991463 -0.003134254598990084
v -0.005441777873784306 0.025148319080471992 -0.003906147554516794
v -0.005576455965638163 0.023763474076986313 0.0006229504942893985
v -0.004631182178854944 0.04389382526278496 -0.003956001717597248
v -0.004792759194970133 0.042442936450242996 -0.003561201738193633
v -0.005554955918341878 0.03634699434041977 -0.0034215562045574206
v -0.006263930816203358 0.01452679093927145 -0.0016682732384651906
v -0.005532983690500262 0.02394138276576996 0.0007472143624909225
v -0.005562573671340945 0.02582261711359024 0.000796348380390555
v -0.005841449368745091 0.025750137865543365 -0.00016298696573358037
v -0.005831426009535792 0.027391895651817322 -0.00021975648996885877
v -0.005940779577940705 0.027246031910181046 -0.0011949688196182255
v -0.005692059174180033 0.030632181093096733 -0.0006936410791240636
v -0.00577829219400883 0.02899070270359516 -0.0003874578687828036
v -0.005268819164484742 0.039274271577596664 -0.0034386937040835636
v -0.005389847327023747 0.036620039492845535 -0.002604425419121982
v -0.005067607853561642 0.04225160926580429 -0.00425281096249819
v -0.004215542227029802 0.04502715915441513 -0.0038056534249335545
v -0.004968330264091494 0.039497025310993195 -0.00269122375175357
v -0.005080014001578095 0.036875199526548386 -0.001804351108148695
v -0.005186159163713458 0.034650515764951706 -0.0009806847665458922
v -0.0052948389202356365 0.03270189091563225 -0.00028646105783991526
v -0.005409083329141143 0.030914993956685066 0.00022425320639740687
v -0.005508217029273513 0.02921580895781517 0.0005580466822721066
v -0.005564145278185609 0.027542967349290848 0.0007405231590382758
v -0.005636028945446017 0.016411177814006805 0.0002714939182624222
v -0.005830913782119754 0.013272246345877647 0.0001964249531738461
v -0.006095583084970715 0.01012442633509636 0.0002247803786303849
v -0.006379592698067429 0.010918175801634789 -0.0006903673056513074
v -0.005949253216385844 0.016803720965981483 -0.0006400356651283804
v -0.006131420843303206 0.013865388929843903 -0.0007132767350412908
v -0.005494217388331893 0.034358665347099304 -0.0018249343847855934
v -0.005592791363596919 0.032394226640462875 -0.001169362687505782
v -0.003974093124270441 0.04574012756347656 -0.003849477274343373
v -0.003753451397642495 0.04582175984978676 -0.003597682341933252
v -0.003560492768883707 0.04646836966276169 -0.003752586431801321
v -0.002912962576374413 0.04713144898414612 -0.003578343195840718
v -0.002271758858114482 0.0475291982293129 -0.003417137544602157
v -0.0016899771289899952 0.047877371311187744 -0.0033647664822638048
v -0.0015783834969624883 0.047930069267749786 -0.0033559056464582695
v -0.0010245067533105616 0.048134945333004 -0.0033180532045662416
v -0.0007685155724175278 0.04820013418793678 -0.003304271260276438
v -0.00036185604403726773 0.04826754331588745 -0.0032877435442060245
v -7.16241338523105e-05 0.046523455530405045 -0.0023137293756008157
v -0.002293500117957593 0.04677818343043327 -0.003002922283485533
v -0.0015661716461181647 0.04715340584516525 -0.0029011899605393423
v -0.0007648692117072645 0.04739401116967201 -0.0028287349268794073
v -0.0007604430429637435 0.046453122049570084 -0.0023499787785112866
v -0.001538736745715142 0.04625061899423599 -0.0024401976261287936
v -0.002216569846495987 0.04596147686243057 -0.002565221628174187
v -0.002745499834418298 0.02995615266263485 0.003688239492475988
v -0.002667327178642155 0.031800366938114166 0.0032062854152172817
v -0.004063760396093132 0.005831604823470116 0.0027854430954903377
v -0.0033841165713965906 0.005644278135150671 0.003156599355861546
v -0.00306965713389218 0.008097108453512192 0.0032024870160967125
v -0.0007671928615309301 0.04525388777256012 -0.0018045769538730392
v -0.0007749412907287482 0.043663326650857925 -0.0011386929545551543
v -0.0007987865828908983 0.04046596214175224 0.0001331428647972644
v -0.0008978371042758231 0.033799756318330765 0.0030998694710433496
v -0.0008610505610704426 0.03565477207303047 0.0022555934265255937
v -0.0008281458285637203 0.037786174565553665 0.0012697837082669145
v -0.0009883666643872861 0.0281930323690176 0.004652070347219707
v -0.0009710781741887335 0.03012140467762947 0.004336781799793245
v -0.0009373407810926442 0.03198099136352539 0.003804712556302549
v -0.0009840170387178664 0.026154465973377228 0.004733141977339985
v -0.0009692102903500204 0.023924225941300392 0.004641777835786344
v -0.0009619364282116298 0.018548863008618355 0.004237260203808548
v -0.0009859791025519375 0.015285544097423553 0.004037974867969753
v -0.001034607994370163 0.011595206335186958 0.0039011999033391493
v -0.001098686247132719 0.007900291122496128 0.003847986692562701
v -0.002206945791840554 0.005451491568237543 0.0036182191688567417
v -0.001779590151272715 0.005409812089055777 0.003736265935003759
v -0.0009760378743521874 0.0053609684109687805 0.003890768392011525
v -0.0016193238552659756 0.005397213157266378 0.003774082753807308
v -0.0028949468396604074 0.011736225336790085 0.003227424575015904
v -0.002762723481282593 0.015380515716969967 0.003346489975228907
v -0.0026980205439031137 0.01861271820962429 0.003540956415235998
v -0.0027209755498915924 0.023908210918307304 0.003941513132303955
v -0.002764606382697822 0.026080025359988213 0.004032001364976169
v -0.0027825636789202703 0.028064409270882607 0.003965247422456743
v -0.00230704271234572 0.044815924018621445 -0.0021005577873438605
v -0.0023296670988202104 0.04332622513175011 -0.0015026686014607555
v -0.0023746427614241847 0.040264055132865906 -0.00032409731647931056
v -0.0024284450337290773 0.03763626515865326 0.0007640207186341289
v -0.002495618769899012 0.03550156578421593 0.0017249357188120493
v -0.0025764675810933126 0.033625513315200806 0.0025442610494792474
v -0.0015648712869733579 0.04507859796285629 -0.0019211021717637786
v -0.0015749785816296942 0.0435267798602581 -0.0012805040460079915
v -0.0016060870839282877 0.04038511961698532 -4.51494306616951e-05
v -0.001647656434215606 0.0377284437417984 0.0010721593862399463
v -0.0016984188696369535 0.03559664636850357 0.0020483946427702912
v -0.001758567290380598 0.03373315557837486 0.002882942790165545
v -0.0018254837486892947 0.03191119059920311 0.0035704325418919342
v -0.0018829520558938393 0.03005688078701496 0.0040818876586854475
v -0.0019106637919321665 0.028142407536506653 0.0043812361545860785
v -0.001898689311929048 0.02612503618001938 0.004456087946891786
v -0.0018680338980630049 0.023917626589536667 0.004364673979580404
v -0.0018517198041081437 0.01857133023440838 0.003960947971791031
v -0.0018971384270116695 0.015317820943892002 0.003763358341529967
v -0.001989812823012472 0.01164254080504179 0.00363378180190921
v -0.0021121222525835046 0.007966965436935425 0.0035923202522099035
v -0.0025529190897941602 0.00549495592713356 0.003503957763314249
v -0.002960337791591884 0.005085403565317392 0.0033755192998796714
v -0.0016330737853422767 0.004930705763399601 0.003789627458900215
v -0.0002665387582965196 0.004879396874457598 0.0039679021574556845
v -0.0011302169878035788 0.004565969109535217 0.00390497990883887
v -0.001520017045550049 0.004587362986057997 0.003835636423900725
v -0.0016432720003649599 0.004595788195729256 0.0038095859345048683
v -0.0027332678437232984 0.0047115786001086235 0.0034912801347672957
v -0.0029785800725221647 0.0047498126514256 0.0033969318028539432
v -0.0035747664514929074 0.005209822207689285 0.00309621123597026
v -0.003563077654689552 0.00486426055431366 0.003135093487799169
v -0.002946369815617801 0.003927995916455984 0.003173097269609572
v -0.002254397841170431 0.0038412874564528465 0.0033983164466917528
v -0.0015348239103332168 0.0037809445057064295 0.0035684956237673777
v -0.0007966842385940257 0.0037456918507814407 0.0036774012260139006
v -0.0010643810965120797 0.002952894428744912 0.003338928567245604
v -0.0014916940126568085 0.0029782073106616735 0.0032740735914558185
v -0.002035793848335744 0.0030248479451984167 0.003161531407386066
v -0.0028753054793924106 0.0031344417948275805 0.00292086834087968
v -0.0029242872260510934 0.0031424658372998238 0.0029042200185358537
v -0.0029992312192916883 0.003155119949951768 0.002878160681575538
v -0.003908609971404077 0.0033505919855087996 0.0025008404627442373
v -0.0036017019301652926 0.004042345564812422 0.002899070503190161
v -0.004211358726024629 0.004185598809272051 0.0025824643671512617
v -0.004766301717609169 0.0043590436689555645 0.0022295175585895785
v -0.004698599688708784 0.003601623233407736 0.002061543986201287
v -7.971636659931396e-05 0.0027473694644868374 0.003198386635631324
v -8.029667515074838e-05 0.0027640201151371002 0.0032489406876266016
v -0.0014744710642844445 0.0028099732007831335 0.003112679347395898
v -0.004715334158390762 0.0034984094090759754 0.0019789268262684354
v -0.004141506738960745 0.0033071101643145084 0.002313490957021714
v -0.0028697755187749876 0.003029803279787302 0.002855651313439013
v -0.001487280358560384 0.0028787662740796804 0.003211056580767037
v -8.114190131891523e-05 0.0028117625042796135 0.003324965247884394
v -8.137029362842445e-05 0.00283208885230124 0.003346331184729935
v -7.895212911535059e-05 0.0027393714990466833 0.003133379621431233
v -0.0014553307555615908 0.0027859879191964865 0.0029959746170789016
v -0.002846726216375829 0.002958163619041443 0.002754047513008119
v -0.0014349175617098815 0.0028059545438736677 0.0028888818342238678
v -0.0010362361790612344 0.002783779753372073 0.00294807367026806
v -7.794986595399682e-05 0.002749508945271373 0.003050440223887564
v -7.760478911222894e-05 0.0027583937626332045 0.0030225059017539037
v -0.003651452716439964 0.0031444893684238195 0.002160652307793499
v -0.0027889916673302663 0.0029646893963217735 0.0025194536428898586
v -0.00281014177016914 0.002935438184067607 0.0026352668646723045
v -0.0018417706014588484 0.002841158304363489 0.002800214802846314
v -0.00405391911044717 0.003208981826901436 0.0020920769311487683
v -0.004613225348293783 0.003397228429093957 0.0017606347100809225
v -0.004444687627255918 0.0033886174205690622 0.0017247928772121677
v -0.004678028635680677 0.0034215585328638554 0.0018754530465230354
v -0.004108977038413288 0.0032319920137524605 0.0022098170593380937
v 0.001300704549066723 0.002782240742817521 0.003030744614079596
v 0.0047100521624088305 0.0035314918495714664 0.0015797198284417397
v 0.00446997629478574 0.0034313572105020285 0.001740068197250367
v 0.004489684011787178 0.003384761977940798 0.001871106564067305
v 0.00392193114385009 0.0031980392523109913 0.0021891549695283183
v 0.0036663312930613774 0.003172606695443392 0.002178214956074954
v 0.00282792327925563 0.0029881971422582865 0.0025226729921996606
v 0.00266445684246719 0.002927927765995264 0.002702518599107863
v 0.0026710319798439754 0.002961101708933711 0.0025766545441001667
v -7.059295603539797e-05 0.002758517162874341 0.0030226109083741916
v 0.0007965441909618679 0.00277609471231699 0.0029832175932824625
v 0.001282440964132548 0.002802604576572776 0.0029204443562775863
v 0.001711576129309834 0.0028373626992106438 0.0028401808813214315
v 0.0013275126693770296 0.00287537625990808 0.0032450989820063127
v 0.0013169766170904047 0.002806655829772353 0.003147152950987221
v 0.002718540839850904 0.003022650722414255 0.0029228308703750385
v 0.00400363188236952 0.0032964921556413174 0.002411218127235771
v 0.003973734565079214 0.0032214822713285685 0.002307520480826498
v 0.004585816059261562 0.0034862190950661898 0.002090462017804385
v 0.004551203455775978 0.003409510711207986 0.001986837713047863
v 0.002697953023016454 0.002951103262603283 0.002821435919031502
v 4.404943319968881e-05 0.010915609076619148 -0.006220242474228146
v -7.267382170539352e-05 0.002924456726759672 0.0026291743852198137
v -6.047960050636905e-05 0.0034491096157580614 0.0016663456335663802
v -5.778442209702919e-05 0.003564649261534214 0.00147969531826675
v -5.8326284488430274e-05 0.0035414404701441526 0.0015164689393714077
v -7.750296936137606e-05 0.002760918578132987 0.003015380119904877
v 5.5866898037493256e-05 0.012213208712637424 -0.007066600956022743
v -0.003608072409406306 0.0035650525242090225 0.0014442737447097904
v -0.0036099441349506396 0.003426898270845413 0.001585372141562403
v -0.0036021175328642147 0.0038679151330143213 0.0009778368985280399
v -0.0035925188567489403 0.0043907128274440765 0.0002293858415214346
v -0.0029555913060903562 0.01308886706829071 -0.007566861808300022
v -0.0023147277534008035 0.013546922244131565 -0.007778761442750696
v -0.002943815663456918 0.013284786604344845 -0.007622117176651958
v -0.0027061244472861303 0.01336517184972763 -0.007688675075769428
v -0.0019858202431350955 0.013866485096514225 -0.007896295748651031
v -0.0022509230766445407 0.013727353885769844 -0.007833388634026054
v -0.002468342194333674 0.039699628949165344 -0.009033689275383953
v -0.0007832405972294513 0.036321207880973816 -0.008972703479230407
v -0.003526287619024517 0.020391685888171196 -0.0067633460275828864
v -0.0026855333708226694 0.022208550944924355 -0.006981108337640766
v -0.0027729808352887643 0.018830662593245506 -0.007419829256832603
v -0.0008160485886037353 0.03063053824007511 -0.0077331918291747605
v -0.0008022243273444477 0.03320973366498947 -0.008331028744578365
v -0.0029440985526889576 0.014257214032113552 -0.007666437886655334
v -0.0019697039388120183 0.014745437540113926 -0.007957798428833488
v -0.0009470611694268887 0.015049084089696407 -0.008123907260596756
v -0.0009311128524132077 0.016315622255206108 -0.008157740347087387
v -0.0009098331211134796 0.017771922051906586 -0.008091183379292492
v -0.0008877705549821262 0.0193428173661232 -0.007940160110592846
v -0.000859590596519411 0.022449063137173653 -0.007496550679206852
v -0.0008446809370070699 0.025256328284740448 -0.0070455824024975335
v -0.0008383133681491021 0.026479702442884445 -0.006940984167158607
v -0.0008323874790221456 0.027570068836212158 -0.007012252230197195
v -0.0008255983120761815 0.028810279443860054 -0.00727907428517938
v -0.0007605615537613634 0.03969160467386246 -0.009528885595500473
v -0.002430782187730075 0.04129190742969513 -0.009224202483892444
v -0.0028466540388762964 0.03940234333276749 -0.008807707577943805
v -0.0030018275137990726 0.039552975445985794 -0.008744569495320324
v -0.003027331549674274 0.037993527948856354 -0.00847870018333197
v -0.002909591654315592 0.03815896064043045 -0.008574028499424461
v -0.0031392711680382503 0.03787289559841156 -0.008390910923480991
v -0.003254311624914409 0.03777403384447098 -0.008301555179059509
v -0.0027647500392049564 0.038477636873722076 -0.008705276064574722
v -0.0027008242905139936 0.03881029412150383 -0.008792018517851833
v -0.0027333041653037084 0.03915933892130852 -0.00883003789931536
v -0.003278570715337993 0.03653157874941826 -0.008051379583776
v -0.0033329052384942783 0.03272610902786255 -0.0072140404954552685
v -0.0025808708742260946 0.030817199498414993 -0.007214060518890623
v -0.003340495051816107 0.03202332183718681 -0.00705114379525185
v -0.002595282392576338 0.028955742716789246 -0.006774901878088715
v -0.003369290148839356 0.029073908925056458 -0.006370143033564093
v -0.003379155416041614 0.02816261723637581 -0.006193354260176423
v -0.0026071676984429372 0.027635812759399414 -0.006523221265524628
v -0.003384849522262813 0.027695806697010994 -0.006125243380665782
v -0.003400468267500402 0.026612229645252228 -0.0060593429952859905
v -0.00262089353054762 0.02646823227405548 -0.006457964889705184
v -0.0034033644478768123 0.026433464139699936 -0.00606139609590173
v -0.0034206260461360233 0.02543739601969719 -0.0061211166903376605
v -0.002639002632349731 0.025187170132994652 -0.00655564293265343
v -0.0034259997773915547 0.02514202892780304 -0.006150383967906239
v -0.0034408033825457113 0.024344490841031075 -0.006244855001568797
v -0.003772099036723377 0.01499431487172842 -0.007245992776006464
v -0.0029022619128227247 0.015582691878080368 -0.007670884486287836
v -0.003743128618225457 0.015600831247866154 -0.007218521554023031
v -0.002840173197910191 0.017135171219706535 -0.007582916878163818
v -0.003625357989221813 0.017905952408909798 -0.00703795021399856
v -0.0036005557049065846 0.01842956803739071 -0.006985524203628305
v -0.0016407973598688847 0.03968776762485504 -0.009336238726973537
v -0.0017217498971149334 0.030702874064445496 -0.007533823605626825
v -0.0017042729305103428 0.0332750529050827 -0.008127749897539619
v -0.0017333526629954585 0.028866000473499298 -0.007086677476763729
v -0.0017423913814127454 0.027594011276960373 -0.0068267402239143874
v -0.0017521200934425005 0.026473285630345345 -0.006758599542081359
v -0.0017645118059590468 0.025227831676602364 -0.006861038971692327
v -0.0017959011020138868 0.022354789078235626 -0.007302263285964731
v -0.0018539896700531253 0.019144294783473015 -0.007744932081550363
v -0.001898473361507059 0.017526598647236824 -0.007902276702225212
v -0.001940233283676208 0.016034334897994995 -0.007978898473083976
v -0.004315417725592853 0.014390671625733376 -0.006894650869071487
v -0.004137750249356033 0.017564136534929276 -0.00668234517797828
v -0.003929545171558859 0.024087298661470413 -0.005935163237154486
v -0.0039972984232008475 0.020999889820814133 -0.006317230407148602
v -0.004348313435912134 0.024913430213928223 -0.005466634407639506
v -0.004342220257967712 0.025199780240654945 -0.005441864021122458
v -0.004312559030950071 0.02664310671389103 -0.0053794551640749
v -0.0043056155554950255 0.027006225660443306 -0.0053875115700066116
v -0.004295017104595901 0.027595166116952896 -0.00542697682976723
v -0.004291056189686062 0.027828259393572807 -0.005451520439237359
v -0.004275375511497261 0.02882976643741131 -0.005604751873761418
v -0.004106770735234024 0.038113322108983994 -0.0077010127715766465
v -0.004035859834402801 0.03784271329641342 -0.007718747016042474
v -0.004190086852759125 0.03461652994155884 -0.006930307019501928
v -0.003982190508395435 0.037753961980342865 -0.007750931195914749
v -0.0038929311558604258 0.037667956203222275 -0.007812634110450748
v -0.0038393184076994675 0.0376376248896122 -0.007851950824260715
v -0.0036243076901882904 0.0376080758869648 -0.008015589788556102
v -0.004271875135600569 0.029070058837532997 -0.0056503806263208415
v -0.004254186525940897 0.03035709261894226 -0.0059267850592732456
v -0.004218163434416057 0.03296530991792679 -0.006542128976434472
v -0.004445453174412252 0.020661145448684692 -0.0059419847093522575
v -0.004500230774283411 0.01913020946085453 -0.006102937739342454
v -0.004601284395903351 0.01718783937394619 -0.006278998684138062
v -0.0048353169113397616 0.02044827677309513 -0.005510477349162104
v -0.005014780908823016 0.016710156574845314 -0.005835994612425568
v -0.004474981687963011 0.03760084509849548 -0.007218915503472093
v -0.004592527635395529 0.03249255195260048 -0.0060199317522347
v -0.004112301394343378 0.03818512335419655 -0.007708335760980848
v -0.004337809048593046 0.040398579090833664 -0.00779302325099707
v -0.004208206664770843 0.0416949987411499 -0.008027449250221256
v -0.0031649118755012764 0.037887491285800934 -0.008423007093369964
v -0.0030813119374215616 0.03794781491160393 -0.008457447402179245
v -0.003054124535992743 0.03797014802694321 -0.008468255400657657
v -0.003084254451096059 0.03931136801838875 -0.008872096426784996
v -0.0030104308389127267 0.03919850289821625 -0.00889647472649813
v -0.003030084539204837 0.03803656995296478 -0.008531643077731136
v -0.003060466377064587 0.039553724229335785 -0.008755664341151718
v -0.0031262126285582794 0.03948405012488365 -0.008807257749140266
v -0.0031862421892583383 0.039393819868564606 -0.008825190365314487
v -0.00298220617696643 0.03912825882434845 -0.008901262655854229
v -0.0029442531522363437 0.03888954967260361 -0.00888466835021973
v -0.0029986836016178144 0.03853336721658707 -0.008797395974397663
v -0.0032113667111843837 0.038125406950712204 -0.008605592884123329
v -0.003307058941572906 0.038079533725976944 -0.008553227409720424
v -0.0031959721818566335 0.037994273006916046 -0.008533547632396225
v -0.0029998009558767093 0.0393812395632267 -0.008864802308380607
v -0.0029172962531447424 0.03943658992648125 -0.008820443414151672
v -0.002910639857873322 0.039244331419467926 -0.008893600665032867
v -0.0028176719788461937 0.03928278014063835 -0.008852155879139904
v -0.0028776021208614124 0.03916170820593834 -0.00889887567609549
v -0.002781381364911796 0.039191462099552155 -0.00885769817978144
v -0.0028345352038741125 0.038891907781362534 -0.008879822678864006
v -0.0027349011506885303 0.038899846374988556 -0.00883682165294886
v -0.0028929901309311403 0.038505569100379944 -0.008786300197243694
v -0.0027958292048424495 0.03849240019917488 -0.00873912684619427
v -0.0031191306188702596 0.038069479167461395 -0.00858480948954821
v -0.003209158079698683 0.037907425314188004 -0.008459269069135193
v -0.003280736040323974 0.037951719015836716 -0.00849579926580191
v -0.0033486818429082645 0.03801185265183449 -0.008509457111358646
usemtl Purple
f 1 2 3
f 2 4 3
f 3 4 5
f 3 5 6
f 7 8 9
f 9 10 11
f 8 12 9
f 9 12 13
f 9 13 10
f 11 14 9
f 9 14 1
f 9 1 7
f 7 1 3
f 7 3 15
f 15 3 16
f 6 17 3
f 3 17 18
f 3 18 19
f 19 20 3
f 3 20 21
f 3 21 16
f 5 4 22
f 23 24 8
f 25 26 27
f 27 28 25
f 25 28 29
f 25 29 30
f 30 29 31
f 30 31 32
f 32 31 33
f 32 33 34
f 34 33 35
f 34 35 36
f 36 35 37
f 36 37 38
f 38 37 39
f 38 39 40
f 40 39 41
f 40 41 42
f 42 41 43
f 42 43 44
f 44 43 45
f 44 45 46
f 5 22 6
f 6 22 47
f 6 47 17
f 17 47 48
f 17 48 18
f 18 48 49
f 18 49 19
f 19 49 50
f 19 50 20
f 8 7 23
f 23 7 15
f 23 15 51
f 51 15 16
f 51 16 52
f 52 16 21
f 52 21 53
f 53 21 20
f 53 20 54
f 54 20 50
f 27 55 28
f 28 55 56
f 28 56 29
f 29 56 57
f 29 57 31
f 31 57 58
f 31 58 33
f 33 58 59
f 33 59 35
f 35 59 60
f 35 60 37
f 37 60 61
f 37 61 39
f 39 61 62
f 39 62 41
f 41 62 63
f 41 63 43
f 43 63 64
f 43 64 45
f 45 64 65
f 55 24 56
f 56 24 23
f 56 23 57
f 57 23 51
f 57 51 58
f 58 51 52
f 58 52 59
f 59 52 53
f 59 53 60
f 60 53 54
f 60 54 61
f 61 54 50
f 61 50 62
f 62 50 49
f 62 49 63
f 63 49 48
f 63 48 64
f 64 48 47
f 64 47 65
f 65 47 22
f 66 67 68
f 68 69 66
f 66 69 70
f 66 70 71
f 71 70 72
f 71 72 73
f 73 72 74
f 74 72 75
f 74 75 76
f 75 77 76
f 76 77 78
f 76 78 79
f 79 78 80
f 79 80 81
f 81 80 82
f 82 83 81
f 81 83 84
f 81 84 85
f 68 67 86
f 86 67 87
f 86 87 88
f 75 89 77
f 72 90 75
f 90 72 91
f 69 68 92
f 93 80 89
f 89 80 78
f 89 78 77
f 27 26 94
f 94 85 27
f 27 85 84
f 27 84 95
f 95 84 83
f 95 83 82
f 55 27 96
f 96 27 95
f 96 95 93
f 93 95 82
f 93 82 80
f 12 8 24
f 24 97 12
f 12 97 98
f 12 98 13
f 22 4 99
f 99 4 2
f 99 2 100
f 100 2 1
f 100 1 101
f 101 1 14
f 101 14 102
f 102 14 11
f 102 11 103
f 103 11 10
f 103 10 104
f 104 10 13
f 104 13 105
f 105 13 98
f 45 65 106
f 106 65 107
f 106 107 92
f 68 86 92
f 92 86 88
f 92 88 106
f 106 88 108
f 106 108 45
f 45 108 46
f 72 70 91
f 91 70 69
f 91 69 109
f 109 69 92
f 109 92 110
f 110 92 107
f 65 22 107
f 107 22 99
f 107 99 110
f 110 99 100
f 110 100 109
f 109 100 101
f 109 101 91
f 91 101 102
f 91 102 90
f 90 102 103
f 90 103 75
f 75 103 104
f 75 104 89
f 89 104 105
f 89 105 93
f 93 105 98
f 93 98 96
f 96 98 97
f 96 97 55
f 55 97 24
f 111 112 113
f 114 115 116
f 116 115 111
f 116 111 117
f 117 111 113
f 118 119 112
f 112 119 120
f 112 120 113
f 121 122 123
f 118 124 119
f 119 124 125
f 119 125 123
f 123 125 126
f 123 126 121
f 127 119 128
f 128 119 123
f 128 123 129
f 129 123 122
f 130 131 132
f 133 134 135
f 135 134 136
f 135 136 137
f 137 136 138
f 137 138 139
f 139 138 140
f 139 140 141
f 141 140 142
f 141 142 143
f 143 142 130
f 143 130 144
f 144 130 132
f 145 146 147
f 147 146 148
f 147 148 149
f 149 148 150
f 149 150 151
f 151 150 152
f 153 154 128
f 128 154 127
f 155 114 156
f 156 114 116
f 156 116 157
f 157 116 117
f 157 117 158
f 158 117 113
f 158 113 159
f 159 113 120
f 159 120 160
f 160 120 119
f 160 119 161
f 161 119 127
f 161 127 162
f 162 127 154
f 132 163 144
f 144 163 164
f 144 164 143
f 143 164 165
f 143 165 141
f 141 165 166
f 141 166 139
f 139 166 167
f 139 167 137
f 137 167 168
f 137 168 135
f 135 168 152
f 135 152 133
f 133 152 150
f 163 155 164
f 164 155 156
f 164 156 165
f 165 156 157
f 165 157 166
f 166 157 158
f 166 158 167
f 167 158 159
f 167 159 168
f 168 159 160
f 168 160 152
f 152 160 161
f 152 161 151
f 151 161 162
f 151 162 149
f 149 162 154
f 149 154 147
f 147 154 153
f 147 153 145
f 145 153 128
f 145 128 129
f 169 170 150
f 150 170 171
f 150 171 133
f 133 171 172
f 133 172 134
f 134 172 173
f 134 173 136
f 150 148 169
f 169 148 146
f 169 146 174
f 174 146 175
f 174 175 176
f 176 175 177
f 176 177 178
f 178 179 176
f 176 179 180
f 176 180 181
f 179 178 182
f 183 177 184
f 184 177 175
f 184 175 146
f 179 182 180
f 180 182 185
f 180 185 181
f 181 185 186
f 181 186 187
f 188 189 190
f 190 189 191
f 190 191 186
f 186 191 192
f 186 192 187
f 190 193 188
f 188 193 194
f 188 194 195
f 195 194 196
f 195 196 197
f 197 196 198
f 197 198 199
f 199 198 200
f 199 200 201
f 201 200 132
f 201 132 131
f 115 114 155
f 155 202 115
f 115 202 203
f 115 203 111
f 111 203 204
f 111 204 112
f 112 204 205
f 112 205 118
f 118 205 206
f 118 206 124
f 207 126 206
f 206 126 125
f 206 125 124
f 145 129 208
f 208 129 122
f 208 122 209
f 209 122 121
f 209 121 210
f 210 121 126
f 210 126 211
f 211 126 207
f 178 177 182
f 182 177 183
f 182 183 185
f 185 183 212
f 185 212 186
f 186 212 213
f 186 213 190
f 190 213 214
f 190 214 193
f 193 214 215
f 193 215 194
f 194 215 216
f 194 216 196
f 196 216 217
f 196 217 198
f 198 217 218
f 198 218 200
f 200 218 219
f 200 219 132
f 132 219 163
f 146 145 184
f 184 145 208
f 184 208 183
f 183 208 209
f 183 209 212
f 212 209 210
f 212 210 213
f 213 210 211
f 213 211 214
f 214 211 207
f 214 207 215
f 215 207 206
f 215 206 216
f 216 206 205
f 216 205 217
f 217 205 204
f 217 204 218
f 218 204 203
f 218 203 219
f 219 203 202
f 219 202 163
f 163 202 155
f 220 221 222
f 222 221 223
f 222 223 224
f 224 223 225
f 224 225 226
f 226 225 227
f 226 227 228
f 228 227 229
f 228 229 230
f 230 229 231
f 230 231 232
f 232 231 233
f 232 233 234
f 234 233 235
f 234 235 236
f 236 235 237
f 236 237 238
f 238 237 239
f 238 239 240
f 240 239 241
f 240 241 242
f 242 241 243
f 242 243 244
f 244 243 245
f 244 245 220
f 220 245 221
f 246 247 248
f 248 247 249
f 248 249 250
f 251 252 253
f 254 255 256
f 256 255 257
f 256 257 258
f 258 257 259
f 258 259 260
f 261 262 263
f 263 262 264
f 263 264 259
f 259 264 265
f 259 265 260
f 261 263 266
f 266 263 267
f 266 267 268
f 252 251 267
f 267 251 269
f 267 269 268
f 270 271 272
f 272 273 270
f 270 273 274
f 270 274 253
f 253 274 275
f 253 275 251
f 271 270 276
f 276 270 277
f 276 277 278
f 278 277 279
f 278 279 280
f 281 282 279
f 279 282 283
f 279 283 280
f 284 285 286
f 286 285 287
f 286 287 281
f 281 287 288
f 281 288 282
f 284 286 289
f 289 286 290
f 289 290 291
f 291 290 292
f 291 292 293
f 254 294 255
f 255 294 295
f 255 295 292
f 292 295 296
f 292 296 293
f 297 298 299
f 297 299 300
f 300 299 301
f 301 299 302
f 301 302 303
f 303 302 304
f 303 304 305
f 305 304 306
f 306 304 307
f 306 307 308
f 309 310 311
f 311 310 312
f 311 312 307
f 307 312 313
f 307 313 308
f 309 311 314
f 314 311 315
f 314 315 316
f 316 315 317
f 317 315 318
f 317 318 319
f 319 318 320
f 319 320 321
f 322 321 320
f 323 299 298
f 324 325 326
f 326 325 327
f 326 327 320
f 320 327 328
f 320 328 322
f 329 330 331
f 331 330 332
f 331 332 324
f 324 332 333
f 324 333 325
f 329 331 334
f 334 331 335
f 334 335 336
f 336 335 337
f 337 335 338
f 337 338 339
f 298 340 323
f 323 340 341
f 323 341 338
f 338 341 342
f 338 342 339
f 343 344 345
f 345 344 346
f 345 346 347
f 348 344 343
f 349 350 351
f 351 350 352
f 353 354 355
f 355 354 356
f 355 356 357
f 357 356 358
f 357 358 359
f 359 358 360
f 359 360 349
f 349 360 361
f 349 361 350
f 362 363 364
f 362 364 365
f 364 366 365
f 365 366 367
f 365 367 353
f 353 367 368
f 353 368 354
f 369 370 371
f 369 371 362
f 362 371 372
f 362 372 363
f 373 374 369
f 369 374 375
f 369 375 370
f 376 377 373
f 373 377 378
f 373 378 374
f 343 379 348
f 348 379 380
f 348 380 376
f 376 380 381
f 376 381 377
f 351 352 382
f 382 352 383
f 382 383 384
f 385 382 386
f 386 382 384
f 387 323 388
f 388 323 338
f 388 338 389
f 331 382 335
f 335 382 385
f 335 385 338
f 338 385 390
f 338 390 389
f 326 359 324
f 324 359 349
f 324 349 331
f 331 349 351
f 331 351 382
f 307 373 311
f 311 373 369
f 311 369 315
f 315 369 362
f 315 362 318
f 362 365 318
f 318 365 353
f 318 353 320
f 320 353 355
f 320 355 326
f 326 355 357
f 326 357 359
f 387 391 323
f 323 391 392
f 323 392 299
f 299 392 346
f 299 346 302
f 302 346 344
f 302 344 304
f 304 344 348
f 304 348 307
f 307 348 376
f 307 376 373
f 393 394 395
f 395 394 396
f 397 398 399
f 399 398 393
f 399 393 395
f 400 401 402
f 403 398 397
f 404 405 406
f 406 405 407
f 406 407 408
f 408 407 409
f 408 409 410
f 402 401 409
f 409 401 411
f 409 411 410
f 400 402 412
f 412 402 413
f 412 413 414
f 414 413 415
f 414 415 416
f 417 418 419
f 419 418 420
f 419 420 421
f 421 420 422
f 421 422 415
f 415 422 423
f 415 423 416
f 397 424 403
f 403 424 425
f 403 425 426
f 426 425 427
f 426 427 417
f 417 427 428
f 417 428 418
f 429 430 431
f 431 430 405
f 431 405 404
f 432 433 434
f 434 435 432
f 432 435 436
f 432 436 437
f 436 438 437
f 437 438 439
f 437 439 440
f 439 441 440
f 440 441 442
f 440 442 443
f 443 442 444
f 443 444 445
f 446 447 433
f 433 447 434
f 448 347 346
f 392 449 450
f 442 441 451
f 441 439 451
f 451 439 438
f 451 438 436
f 450 452 392
f 392 452 453
f 392 453 346
f 346 453 454
f 346 454 448
f 442 451 444
f 444 451 430
f 444 430 429
f 436 435 451
f 451 435 434
f 451 434 392
f 392 434 447
f 392 447 449
f 447 446 455
f 447 455 449
f 449 455 456
f 449 456 450
f 450 456 452
f 452 456 457
f 452 457 453
f 453 457 458
f 453 458 454
f 454 458 459
f 454 459 448
f 460 461 462
f 462 461 463
f 464 465 466
f 466 465 467
f 466 467 461
f 461 467 468
f 461 468 463
f 463 468 469
f 466 470 464
f 464 470 471
f 472 473 470
f 470 473 471
f 473 472 474
f 473 474 475
f 475 474 476
f 475 476 477
f 477 476 478
f 478 476 479
f 478 479 480
f 480 479 481
f 481 479 482
f 481 482 483
f 472 484 485
f 472 485 474
f 474 485 486
f 474 486 476
f 476 486 487
f 476 487 479
f 479 487 488
f 479 488 482
f 489 485 484
f 490 491 492
f 490 492 493
f 494 495 496
f 496 495 491
f 497 494 498
f 498 494 496
f 498 496 499
f 499 496 500
f 485 489 486
f 486 489 490
f 486 490 487
f 487 490 493
f 487 493 488
f 484 501 500
f 500 501 502
f 500 502 499
f 491 490 496
f 496 490 489
f 496 489 500
f 500 489 484
f 503 504 505
f 505 504 506
f 505 506 507
f 507 506 508
f 506 509 508
f 508 509 510
f 508 510 511
f 511 510 512
f 511 512 513
f 514 515 512
f 516 517 518
f 519 520 521
f 521 520 522
f 504 519 506
f 506 519 521
f 506 521 509
f 509 521 523
f 509 523 510
f 510 523 512
f 512 523 514
f 514 523 521
f 514 521 516
f 516 521 522
f 516 522 517
f 515 514 524
f 524 514 516
f 524 516 525
f 525 516 518
f 525 518 526
f 484 512 515
f 524 502 515
f 515 502 501
f 515 501 484
f 526 497 525
f 525 497 498
f 525 498 524
f 524 498 499
f 524 499 502
f 512 484 470
f 470 484 472
f 513 512 460
f 460 512 470
f 460 470 461
f 461 470 466
f 527 513 462
f 462 513 460
f 462 463 527
f 527 463 469
f 527 469 528
f 529 530 528
f 528 530 531
f 528 531 527
f 528 386 532
f 532 533 528
f 528 533 534
f 528 534 529
f 532 503 505
f 532 505 533
f 533 505 507
f 533 507 534
f 534 507 508
f 534 508 529
f 529 508 530
f 530 508 511
f 530 511 531
f 531 511 513
f 531 513 527
f 532 386 503
f 503 386 384
f 336 337 459
f 459 337 339
f 340 448 341
f 341 448 459
f 341 459 342
f 342 459 339
f 340 298 448
f 448 298 297
f 448 297 300
f 368 367 319
f 319 367 366
f 319 366 317
f 317 366 364
f 317 364 316
f 316 364 363
f 316 363 314
f 368 319 354
f 354 319 321
f 354 321 356
f 333 361 325
f 325 361 360
f 325 360 327
f 327 360 358
f 327 358 328
f 328 358 356
f 328 356 322
f 322 356 321
f 329 384 330
f 330 384 383
f 330 383 332
f 332 383 352
f 332 352 333
f 333 352 350
f 333 350 361
f 329 334 384
f 384 334 336
f 384 336 503
f 503 336 459
f 503 459 504
f 305 379 303
f 303 379 343
f 303 343 301
f 301 343 345
f 301 345 300
f 300 345 347
f 300 347 448
f 363 372 314
f 314 372 371
f 314 371 309
f 309 371 370
f 309 370 310
f 310 370 375
f 310 375 312
f 312 375 374
f 312 374 313
f 313 374 378
f 313 378 308
f 308 378 377
f 308 377 306
f 306 377 381
f 306 381 305
f 305 381 380
f 305 380 379
f 458 519 459
f 459 519 504
f 455 446 526
f 522 457 456
f 526 518 455
f 455 518 517
f 455 517 456
f 456 517 522
f 457 522 458
f 458 522 520
f 458 520 519
f 497 526 433
f 433 526 446
f 432 494 433
f 433 494 497
f 443 445 488
f 488 493 443
f 443 493 492
f 443 492 440
f 440 492 491
f 440 491 437
f 437 491 432
f 432 491 495
f 432 495 494
f 396 483 395
f 395 483 482
f 482 488 395
f 395 488 445
f 395 445 399
f 399 445 397
f 271 445 272
f 272 445 444
f 272 444 273
f 273 444 429
f 273 429 274
f 274 429 431
f 274 431 275
f 295 418 296
f 296 418 428
f 296 428 293
f 295 294 418
f 418 294 254
f 418 254 420
f 420 254 256
f 420 256 422
f 422 256 423
f 423 256 258
f 423 258 416
f 431 404 275
f 275 404 406
f 275 406 251
f 251 406 408
f 251 408 269
f 269 408 410
f 269 410 268
f 268 410 411
f 268 411 266
f 266 411 401
f 266 401 261
f 261 401 400
f 261 400 262
f 262 400 412
f 262 412 264
f 264 412 414
f 264 414 265
f 265 414 416
f 265 416 260
f 260 416 258
f 271 276 445
f 445 276 278
f 445 278 280
f 397 287 285
f 280 283 445
f 445 283 282
f 445 282 397
f 397 282 288
f 397 288 287
f 428 427 293
f 293 427 425
f 293 425 291
f 291 425 424
f 291 424 289
f 289 424 397
f 289 397 284
f 284 397 285
f 481 483 473
f 481 473 480
f 464 471 465
f 465 471 473
f 465 473 535
f 535 473 483
f 535 483 396
f 475 477 473
f 473 477 478
f 473 478 480
f 536 537 396
f 396 537 538
f 396 538 535
f 535 538 465
f 536 396 539
f 539 396 394
f 539 394 540
f 540 394 541
f 540 541 542
f 250 543 248
f 248 543 544
f 248 544 545
f 537 546 538
f 538 546 547
f 538 547 548
f 548 549 538
f 538 549 550
f 538 550 250
f 250 550 551
f 250 551 543
f 541 552 553
f 553 554 541
f 541 554 555
f 541 555 556
f 556 557 541
f 541 557 558
f 541 558 542
f 235 559 237
f 237 559 560
f 237 560 239
f 465 243 467
f 467 243 241
f 467 241 561
f 561 241 239
f 561 239 562
f 562 239 560
f 250 249 227
f 227 249 229
f 229 249 563
f 229 563 231
f 231 563 564
f 231 564 233
f 233 564 565
f 233 565 235
f 235 565 566
f 235 566 559
f 227 225 250
f 250 225 223
f 250 223 538
f 538 223 221
f 538 221 465
f 465 221 245
f 465 245 243
f 467 561 468
f 468 561 567
f 561 562 567
f 567 562 560
f 567 560 568
f 568 560 569
f 569 560 559
f 569 559 570
f 559 566 570
f 570 566 565
f 570 565 571
f 571 565 564
f 571 564 572
f 572 564 563
f 572 563 573
f 573 563 574
f 574 563 249
f 574 249 247
f 469 244 575
f 575 244 220
f 575 220 246
f 236 238 567
f 567 238 468
f 468 238 240
f 468 240 469
f 469 240 242
f 469 242 244
f 220 222 246
f 246 222 224
f 246 224 247
f 247 224 226
f 247 226 574
f 574 226 228
f 567 568 236
f 236 568 569
f 236 569 234
f 234 569 570
f 234 570 232
f 232 570 571
f 232 571 230
f 230 571 572
f 230 572 228
f 228 572 573
f 228 573 574
f 576 389 390
f 528 469 575
f 577 575 578
f 578 575 579
f 248 545 580
f 248 580 246
f 246 580 581
f 246 581 575
f 575 581 582
f 575 582 579
f 528 575 386
f 583 385 584
f 584 385 386
f 584 386 585
f 585 386 575
f 585 575 586
f 586 575 577
f 583 587 385
f 385 587 588
f 385 588 390
f 390 588 589
f 390 589 590
f 590 591 390
f 390 591 592
f 390 592 576
f 593 594 595
f 596 597 598
f 598 597 593
f 599 596 600
f 600 596 598
f 600 598 601
f 601 598 602
f 601 602 603
f 603 602 604
f 605 606 607
f 608 609 610
f 610 609 611
f 610 611 612
f 612 611 613
f 612 613 606
f 606 605 612
f 612 605 614
f 612 614 610
f 610 614 615
f 610 615 608
f 616 603 607
f 607 603 604
f 607 604 605
f 605 604 602
f 605 602 614
f 614 602 598
f 614 598 615
f 615 598 593
f 615 593 608
f 608 593 595
f 608 595 609
f 617 618 619
f 619 618 620
f 617 621 618
f 618 621 622
f 618 622 623
f 623 622 624
f 623 624 625
f 625 624 626
f 626 624 595
f 626 595 594
f 627 628 611
f 611 628 613
f 629 630 631
f 631 630 632
f 631 632 633
f 633 632 628
f 633 628 634
f 634 628 627
f 619 635 617
f 617 635 636
f 617 636 621
f 621 636 637
f 621 637 622
f 622 637 638
f 622 638 624
f 624 638 639
f 624 639 595
f 595 639 609
f 635 629 636
f 636 629 631
f 636 631 637
f 637 631 633
f 637 633 638
f 638 633 634
f 638 634 639
f 639 634 627
f 639 627 609
f 609 627 611
f 632 630 640
f 640 616 607
f 628 632 613
f 613 632 640
f 613 640 606
f 606 640 607
f 641 616 642
f 642 616 640
f 642 640 643
f 641 644 616
f 616 644 645
f 616 645 646
f 646 645 647
f 647 648 646
f 646 648 649
f 646 649 616
f 616 649 650
f 630 651 640
f 640 651 652
f 640 652 643
f 653 654 655
f 655 654 656
f 655 656 657
f 655 658 659
f 653 655 660
f 660 655 659
f 660 659 661
f 662 663 655
f 655 663 664
f 664 665 655
f 655 665 666
f 655 666 658
f 667 662 668
f 668 662 655
f 668 655 669
f 669 655 657
f 670 671 669
f 672 673 674
f 674 675 672
f 672 675 676
f 672 676 677
f 677 676 678
f 677 678 679
f 679 678 680
f 679 680 681
f 681 680 682
f 682 680 683
f 682 683 684
f 684 683 685
f 684 685 686
f 686 685 687
f 686 687 688
f 688 687 689
f 688 689 690
f 690 689 691
f 691 689 692
f 691 692 693
f 659 658 694
f 694 695 659
f 659 695 696
f 659 696 661
f 661 696 697
f 661 697 660
f 660 697 698
f 660 698 653
f 669 657 670
f 670 657 656
f 670 656 699
f 699 656 654
f 699 654 700
f 700 654 653
f 700 653 701
f 701 653 698
f 674 702 675
f 675 702 703
f 675 703 676
f 676 703 704
f 676 704 678
f 678 704 705
f 678 705 680
f 680 705 706
f 680 706 683
f 683 706 707
f 683 707 685
f 685 707 708
f 685 708 687
f 687 708 709
f 687 709 689
f 689 709 710
f 689 710 692
f 692 710 711
f 702 671 703
f 703 671 670
f 703 670 704
f 704 670 699
f 704 699 705
f 705 699 700
f 705 700 706
f 706 700 701
f 706 701 707
f 707 701 698
f 707 698 708
f 708 698 697
f 708 697 709
f 709 697 696
f 709 696 710
f 710 696 695
f 710 695 711
f 711 695 694
f 712 713 714
f 714 713 715
f 714 715 716
f 717 718 712
f 712 718 719
f 712 719 713
f 720 721 722
f 722 721 723
f 721 724 723
f 723 724 725
f 723 725 726
f 726 725 727
f 726 727 717
f 717 727 728
f 717 728 718
f 729 730 731
f 731 730 720
f 731 720 732
f 732 720 722
f 725 724 733
f 721 734 724
f 729 735 730
f 735 729 692
f 692 729 736
f 692 736 693
f 734 721 737
f 738 719 739
f 739 719 718
f 739 718 740
f 740 718 728
f 740 728 733
f 733 728 727
f 733 727 725
f 741 715 713
f 674 673 742
f 674 742 741
f 741 742 716
f 741 716 715
f 713 719 741
f 741 719 738
f 741 738 674
f 674 738 702
f 668 669 671
f 671 743 668
f 668 743 744
f 668 744 667
f 667 744 745
f 667 745 662
f 662 745 746
f 662 746 663
f 663 746 747
f 663 747 664
f 664 747 748
f 664 748 665
f 748 749 665
f 665 749 750
f 665 750 666
f 666 750 694
f 666 694 658
f 721 720 737
f 737 720 730
f 737 730 751
f 751 730 735
f 751 735 711
f 711 735 692
f 711 694 751
f 751 694 750
f 751 750 737
f 737 750 749
f 737 749 734
f 734 749 748
f 734 748 724
f 724 748 747
f 724 747 733
f 733 747 746
f 733 746 740
f 740 746 745
f 740 745 739
f 739 745 744
f 739 744 738
f 738 744 743
f 738 743 702
f 702 743 671
f 752 753 754
f 755 756 754
f 754 756 757
f 754 757 752
f 753 758 754
f 754 758 759
f 754 759 755
f 755 759 760
f 755 760 761
f 762 763 764
f 763 765 764
f 764 765 766
f 764 766 767
f 761 768 755
f 755 768 769
f 755 769 770
f 770 769 771
f 770 771 772
f 772 771 773
f 772 773 774
f 774 773 775
f 762 764 776
f 776 764 767
f 776 767 773
f 773 767 777
f 773 777 775
f 778 779 766
f 780 781 782
f 782 781 783
f 780 784 781
f 781 784 785
f 781 785 786
f 786 785 787
f 786 787 788
f 787 789 788
f 788 789 790
f 788 790 791
f 792 793 794
f 794 793 791
f 794 791 795
f 795 791 790
f 796 797 798
f 798 797 799
f 798 799 792
f 792 799 800
f 792 800 793
f 801 802 803
f 801 803 804
f 759 758 805
f 766 765 778
f 778 765 763
f 778 763 806
f 806 763 762
f 806 762 807
f 807 762 776
f 807 776 808
f 808 776 773
f 808 773 809
f 809 773 771
f 809 771 810
f 810 771 769
f 810 769 811
f 811 769 768
f 811 768 812
f 812 768 761
f 812 761 813
f 813 761 760
f 813 760 814
f 814 760 759
f 814 759 815
f 815 759 805
f 782 816 780
f 780 816 817
f 780 817 784
f 784 817 818
f 784 818 785
f 785 818 819
f 785 819 787
f 787 819 820
f 787 820 789
f 789 820 821
f 789 821 790
f 790 821 822
f 790 822 795
f 795 822 823
f 795 823 794
f 794 823 824
f 794 824 792
f 792 824 825
f 792 825 798
f 798 825 826
f 798 826 796
f 796 826 804
f 796 804 827
f 827 804 803
f 816 779 817
f 817 779 778
f 817 778 818
f 818 778 806
f 818 806 819
f 819 806 807
f 819 807 820
f 820 807 808
f 820 808 821
f 821 808 809
f 821 809 822
f 822 809 810
f 822 810 823
f 823 810 811
f 823 811 824
f 824 811 812
f 824 812 825
f 825 812 813
f 825 813 826
f 826 813 814
f 826 814 804
f 804 814 815
f 804 815 801
f 801 815 805
f 828 829 830
f 829 828 831
f 797 832 799
f 799 832 833
f 799 833 800
f 797 796 832
f 832 796 827
f 832 827 834
f 834 827 803
f 834 803 835
f 835 803 802
f 835 802 836
f 836 802 837
f 836 837 838
f 838 837 839
f 838 839 840
f 840 839 841
f 840 841 828
f 828 841 842
f 828 842 831
f 831 843 844
f 837 802 845
f 845 802 801
f 846 839 847
f 847 839 837
f 847 837 848
f 848 837 845
f 849 842 846
f 846 842 841
f 846 841 839
f 850 830 844
f 844 830 829
f 844 829 831
f 844 851 850
f 850 851 852
f 850 852 853
f 853 852 854
f 853 854 855
f 855 854 856
f 855 856 857
f 856 858 857
f 857 858 782
f 857 782 783
f 831 842 843
f 843 842 849
f 843 849 844
f 844 849 859
f 844 859 851
f 851 859 860
f 851 860 852
f 852 860 861
f 852 861 854
f 854 861 862
f 854 862 856
f 856 862 863
f 856 863 858
f 858 863 864
f 858 864 782
f 782 864 816
f 801 805 845
f 845 805 865
f 845 865 848
f 848 865 866
f 848 866 847
f 847 866 867
f 847 867 846
f 846 867 868
f 846 868 849
f 849 868 869
f 849 869 859
f 859 869 870
f 859 870 860
f 860 870 871
f 860 871 861
f 861 871 872
f 861 872 862
f 862 872 873
f 862 873 863
f 863 873 874
f 863 874 864
f 864 874 875
f 864 875 816
f 816 875 779
f 766 779 767
f 767 779 875
f 767 875 777
f 777 875 874
f 777 874 775
f 775 874 873
f 775 873 774
f 774 873 872
f 774 872 772
f 772 872 871
f 772 871 770
f 770 871 870
f 770 870 755
f 755 870 869
f 755 869 756
f 756 869 868
f 756 868 757
f 757 868 867
f 757 867 752
f 752 867 866
f 752 866 753
f 753 866 865
f 753 865 758
f 758 865 805
f 876 877 878
f 878 877 879
f 878 879 880
f 880 879 881
f 882 881 883
f 883 881 879
f 883 879 884
f 884 879 885
f 886 885 879
f 887 886 888
f 888 886 879
f 888 879 889
f 889 879 890
f 879 877 891
f 891 892 879
f 879 892 893
f 879 893 890
f 894 895 885
f 896 897 898
f 898 897 899
f 896 900 897
f 897 900 901
f 897 901 902
f 902 901 903
f 902 903 904
f 904 903 905
f 905 903 906
f 905 906 907
f 889 890 908
f 885 886 894
f 894 886 887
f 894 887 909
f 909 887 888
f 909 888 910
f 910 888 889
f 910 889 911
f 911 889 908
f 898 912 896
f 896 912 913
f 896 913 900
f 900 913 914
f 900 914 901
f 901 914 915
f 901 915 903
f 903 915 916
f 903 916 906
f 906 916 917
f 912 895 913
f 913 895 894
f 913 894 914
f 914 894 909
f 914 909 915
f 915 909 910
f 915 910 916
f 916 910 911
f 916 911 917
f 917 911 908
f 918 919 920
f 921 922 906
f 906 922 907
f 919 918 923
f 923 918 924
f 923 924 925
f 908 890 926
f 926 890 893
f 926 893 927
f 927 893 892
f 927 892 928
f 928 892 891
f 906 917 921
f 921 917 929
f 921 929 930
f 930 929 931
f 917 908 929
f 929 908 926
f 929 926 931
f 931 926 927
f 931 927 932
f 932 927 928
f 877 925 891
f 891 925 924
f 891 924 928
f 928 924 918
f 928 918 932
f 932 918 920
f 932 920 931
f 931 920 933
f 931 933 930
f 930 933 934
f 930 934 921
f 921 934 935
f 921 935 922
f 936 937 938
f 938 937 939
f 938 939 940
f 940 939 941
f 940 941 923
f 923 941 942
f 923 942 919
f 919 942 943
f 919 943 920
f 920 943 944
f 920 944 933
f 933 944 945
f 933 945 934
f 934 945 935
f 936 946 937
f 937 946 947
f 937 947 948
f 948 947 949
f 950 938 951
f 951 938 940
f 951 940 952
f 952 940 923
f 953 946 950
f 950 946 936
f 950 936 938
f 954 949 947
f 949 954 955
f 955 954 956
f 955 956 957
f 947 946 954
f 954 946 953
f 954 953 956
f 956 953 958
f 880 881 959
f 959 960 880
f 880 960 961
f 880 961 878
f 878 961 962
f 878 962 876
f 962 963 876
f 876 963 925
f 876 925 877
f 923 925 952
f 952 925 963
f 952 963 951
f 951 963 962
f 951 962 950
f 950 962 961
f 950 961 953
f 953 961 960
f 953 960 958
f 958 960 959
f 964 965 956
f 956 965 957
f 964 966 965
f 965 966 967
f 965 967 968
f 968 967 969
f 968 969 970
f 970 969 971
f 970 971 972
f 972 971 973
f 973 971 898
f 973 898 899
f 974 884 895
f 895 884 885
f 959 881 975
f 975 881 882
f 975 882 976
f 976 882 883
f 976 883 977
f 977 883 884
f 977 884 978
f 978 884 974
f 956 958 964
f 964 958 979
f 964 979 966
f 966 979 980
f 966 980 967
f 967 980 981
f 967 981 969
f 969 981 982
f 969 982 971
f 971 982 983
f 971 983 898
f 898 983 912
f 958 959 979
f 979 959 975
f 979 975 980
f 980 975 976
f 980 976 981
f 981 976 977
f 981 977 982
f 982 977 978
f 982 978 983
f 983 978 974
f 983 974 912
f 912 974 895
f 984 985 986
f 986 987 988
f 988 989 986
f 986 989 990
f 986 990 991
f 991 992 986
f 986 992 993
f 986 993 984
f 994 987 995
f 995 987 986
f 995 986 996
f 996 986 997
f 998 999 986
f 986 999 1000
f 986 1000 1001
f 1001 1002 986
f 986 1002 1003
f 986 1003 997
f 986 985 1004
f 1004 1005 986
f 986 1005 1006
f 986 1006 998
f 1007 1008 1009
f 1009 1008 1010
f 1009 1010 1011
f 1012 1010 1013
f 1013 1010 1008
f 1013 1008 1014
f 1014 1008 1007
f 1014 1007 1015
f 1016 1017 1018
f 1018 1017 1019
f 1020 1021 1016
f 1016 1018 1020
f 1020 1018 1022
f 1020 1022 1023
f 1023 1022 1024
f 1023 1024 1025
f 999 1026 1000
f 1000 1026 1027
f 1000 1027 1001
f 1001 1027 1028
f 1001 1028 1002
f 1002 1028 1029
f 1002 1029 1003
f 1003 1029 1030
f 1003 1030 997
f 1031 1032 1033
f 1033 1032 1034
f 1033 1034 1035
f 1035 1034 1036
f 1035 1036 1037
f 1026 1031 1027
f 1027 1031 1033
f 1027 1033 1028
f 1028 1033 1035
f 1028 1035 1029
f 1029 1035 1037
f 1029 1037 1030
f 998 1025 999
f 999 1025 1024
f 999 1024 1026
f 1026 1024 1022
f 1026 1022 1031
f 1031 1022 1018
f 1031 1018 1032
f 1032 1018 1019
f 1032 1019 1034
f 1034 1019 1012
f 1034 1012 1036
f 1036 1012 1013
f 1036 1013 1037
f 1037 1013 1014
f 1037 1014 1030
f 1030 1014 1015
f 1030 1015 997
f 1021 1020 1038
f 1038 1020 1039
f 1038 1039 1040
f 1040 1039 1041
f 1040 1041 1042
f 1042 1041 1043
f 1004 985 1044
f 1025 998 1045
f 1045 998 1006
f 1045 1006 1046
f 1046 1006 1005
f 1046 1005 1047
f 1047 1005 1004
f 1047 1004 1048
f 1048 1004 1044
f 1020 1023 1039
f 1039 1023 1049
f 1039 1049 1041
f 1041 1049 1050
f 1041 1050 1043
f 1043 1050 1051
f 1043 1051 1052
f 1052 1051 1053
f 1052 1053 1054
f 1054 1053 1055
f 1054 1055 1056
f 1023 1025 1049
f 1049 1025 1045
f 1049 1045 1050
f 1050 1045 1046
f 1050 1046 1051
f 1051 1046 1047
f 1051 1047 1053
f 1053 1047 1048
f 1053 1048 1055
f 1055 1048 1044
f 1056 1057 1054
f 1054 1057 1058
f 1054 1058 1052
f 1052 1058 1059
f 1052 1059 1043
f 1043 1059 1060
f 1043 1060 1042
f 1042 1060 1061
f 1042 1061 1040
f 1056 1062 1057
f 1057 1062 1063
f 1057 1063 1064
f 1065 1066 1067
f 1067 1066 1068
f 1063 1069 1064
f 1064 1069 1070
f 1064 1070 1067
f 1067 1070 1071
f 1067 1071 1065
f 1056 1055 1062
f 1062 1055 1072
f 1062 1072 1063
f 1063 1072 1073
f 1063 1073 1069
f 1069 1073 1074
f 1069 1074 1070
f 1070 1074 1075
f 1070 1075 1071
f 1065 1076 1066
f 1066 1076 1077
f 1066 1077 1068
f 1068 1077 1078
f 1068 1078 1079
f 1079 1078 1080
f 1079 1080 1081
f 988 987 1082
f 1082 1083 988
f 988 1083 1084
f 988 1084 989
f 989 1084 1085
f 989 1085 990
f 990 1085 1086
f 990 1086 991
f 991 1086 1087
f 991 1087 992
f 992 1087 1088
f 992 1088 993
f 993 1088 1089
f 993 1089 984
f 984 1089 1044
f 984 1044 985
f 1090 1080 1091
f 1091 1080 1078
f 1091 1078 1092
f 1092 1078 1077
f 1092 1077 1093
f 1093 1077 1076
f 1093 1076 1075
f 1075 1076 1065
f 1075 1065 1071
f 1055 1044 1072
f 1072 1044 1089
f 1072 1089 1073
f 1073 1089 1088
f 1073 1088 1074
f 1074 1088 1087
f 1074 1087 1075
f 1075 1087 1086
f 1075 1086 1093
f 1093 1086 1085
f 1093 1085 1092
f 1092 1085 1084
f 1092 1084 1091
f 1091 1084 1083
f 1091 1083 1090
f 1090 1083 1082
f 1094 1081 1080
f 1080 1095 1094
f 1094 1095 1096
f 1094 1096 1097
f 1097 1096 1098
f 1097 1098 1099
f 1099 1098 1100
f 1099 1100 1101
f 1101 1100 1009
f 1101 1009 1011
f 996 997 1015
f 1082 987 1102
f 1102 987 994
f 1102 994 1103
f 1103 994 995
f 1103 995 1104
f 1104 995 996
f 1104 996 1105
f 1105 996 1015
f 1080 1090 1095
f 1095 1090 1106
f 1095 1106 1096
f 1096 1106 1107
f 1096 1107 1098
f 1098 1107 1108
f 1098 1108 1100
f 1100 1108 1109
f 1100 1109 1009
f 1009 1109 1007
f 1090 1082 1106
f 1106 1082 1102
f 1106 1102 1107
f 1107 1102 1103
f 1107 1103 1108
f 1108 1103 1104
f 1108 1104 1109
f 1109 1104 1105
f 1109 1105 1007
f 1007 1105 1015
f 1110 1111 1112
f 1112 1111 1113
f 1112 1113 1114
f 1113 1115 1116
f 1116 1117 1113
f 1113 1117 1118
f 1113 1118 1114
f 1119 1120 1121
f 1121 1120 1122
f 1121 1122 1123
f 1123 1122 1124
f 1125 1124 1126
f 1126 1124 1122
f 1126 1122 1127
f 1127 1122 1120
f 1119 1121 1128
f 1128 1121 1113
f 1128 1113 1129
f 1115 1113 1130
f 1130 1113 1121
f 1130 1121 1131
f 1131 1121 1123
f 1111 1132 1113
f 1113 1132 1133
f 1113 1133 1129
f 1134 1135 1136
f 1134 1136 1137
f 1137 1136 1138
f 1137 1138 1139
f 1139 1138 1140
f 1139 1140 1141
f 1141 1140 1130
f 1141 1130 1131
f 1115 1130 1142
f 1142 1130 1140
f 1142 1140 1143
f 1143 1140 1138
f 1143 1138 1144
f 1144 1138 1136
f 1144 1136 1145
f 1145 1136 1135
f 1145 1135 1146
f 1147 1148 1149
f 1148 1150 1149
f 1149 1150 1151
f 1149 1151 1152
f 1153 1154 1155
f 1156 1157 1153
f 1158 1156 1159
f 1159 1156 1153
f 1159 1153 1160
f 1160 1153 1155
f 1160 1155 1161
f 1161 1155 1162
f 1163 1162 1155
f 1163 1155 1152
f 1152 1155 1164
f 1152 1164 1149
f 1149 1164 1165
f 1149 1165 1147
f 1155 1154 1164
f 1164 1154 1166
f 1164 1166 1165
f 1165 1166 1167
f 1153 1157 1168
f 1154 1169 1166
f 1166 1169 1170
f 1166 1170 1167
f 1154 1153 1169
f 1169 1153 1168
f 1169 1168 1170
f 1170 1168 1171
f 1172 1173 1174
f 1174 1173 1175
f 1174 1175 1176
f 1176 1175 1177
f 1177 1175 1178
f 1177 1178 1179
f 1180 1181 1182
f 1182 1181 1173
f 1182 1173 1172
f 1180 1183 1181
f 1181 1183 1184
f 1181 1184 1185
f 1180 1182 1186
f 1186 1182 1172
f 1187 1183 1180
f 1180 1186 1187
f 1187 1186 1188
f 1187 1188 1189
f 1189 1188 1190
f 1189 1190 1191
f 1191 1190 1192
f 1191 1192 1193
f 1194 1195 1196
f 1196 1195 1197
f 1197 1195 1198
f 1198 1195 1199
f 1198 1199 1200
f 1200 1199 1201
f 1200 1201 1202
f 1202 1201 1203
f 1203 1201 1204
f 1203 1204 1205
f 1205 1204 1206
f 1205 1206 1207
f 1207 1206 1208
f 1208 1206 1209
f 1208 1209 1210
f 1209 1211 1210
f 1210 1211 1212
f 1210 1212 1213
f 1213 1212 1214
f 1213 1214 1215
f 1215 1214 1216
f 1215 1216 1217
f 1217 1216 1218
f 1216 1219 1218
f 1218 1219 1220
f 1218 1220 1221
f 1221 1220 1222
f 1221 1222 1223
f 1224 1170 1225
f 1225 1170 1171
f 1167 1170 1226
f 1226 1170 1224
f 1226 1224 1227
f 1227 1224 1228
f 1216 1229 1219
f 1219 1229 1230
f 1219 1230 1220
f 1220 1230 1228
f 1220 1228 1222
f 1222 1228 1224
f 1222 1224 1223
f 1223 1224 1225
f 1172 1231 1186
f 1186 1231 1232
f 1186 1232 1188
f 1188 1232 1233
f 1188 1233 1190
f 1190 1233 1194
f 1190 1194 1192
f 1192 1194 1196
f 1192 1196 1193
f 1234 1177 1179
f 1172 1174 1231
f 1231 1174 1176
f 1235 1194 1236
f 1236 1194 1233
f 1236 1233 1237
f 1237 1233 1232
f 1237 1232 1238
f 1238 1232 1231
f 1238 1231 1234
f 1234 1231 1176
f 1234 1176 1177
f 1239 1199 1235
f 1235 1199 1195
f 1235 1195 1194
f 1209 1206 1240
f 1240 1206 1204
f 1240 1204 1239
f 1239 1204 1201
f 1239 1201 1199
f 1209 1240 1211
f 1211 1240 1241
f 1211 1241 1212
f 1212 1241 1242
f 1212 1242 1214
f 1214 1242 1243
f 1214 1243 1216
f 1216 1243 1244
f 1216 1244 1229
f 1229 1244 1245
f 1229 1245 1230
f 1246 1247 1228
f 1228 1247 1227
f 1227 1247 1226
f 1226 1247 1248
f 1226 1248 1167
f 1249 1147 1165
f 1250 1251 1247
f 1247 1251 1249
f 1247 1249 1248
f 1248 1249 1165
f 1248 1165 1167
f 1250 1247 1252
f 1252 1247 1246
f 1252 1246 1253
f 1228 1230 1246
f 1246 1230 1245
f 1246 1245 1253
f 1253 1245 1244
f 1253 1244 1254
f 1254 1244 1243
f 1254 1243 1255
f 1255 1243 1242
f 1255 1242 1256
f 1256 1242 1257
f 1257 1242 1241
f 1257 1241 1258
f 1258 1241 1259
f 1259 1241 1240
f 1259 1240 1260
f 1179 1261 1234
f 1234 1261 1262
f 1234 1262 1238
f 1238 1262 1263
f 1238 1263 1237
f 1237 1263 1264
f 1237 1264 1236
f 1236 1264 1265
f 1236 1265 1235
f 1235 1265 1266
f 1235 1266 1239
f 1239 1266 1267
f 1239 1267 1240
f 1240 1267 1268
f 1240 1268 1260
f 1269 1270 1271
f 1272 1273 1274
f 1275 1263 1262
f 1276 1277 1264
f 1264 1277 1278
f 1278 1279 1264
f 1264 1279 1280
f 1264 1280 1265
f 1281 1268 1282
f 1282 1268 1267
f 1282 1267 1266
f 1283 1259 1281
f 1281 1259 1260
f 1281 1260 1268
f 1256 1257 1283
f 1283 1257 1258
f 1283 1258 1259
f 1284 1252 1285
f 1285 1252 1253
f 1285 1253 1286
f 1286 1253 1254
f 1286 1254 1287
f 1287 1254 1255
f 1287 1255 1288
f 1288 1255 1256
f 1288 1256 1289
f 1289 1256 1283
f 1249 1251 1284
f 1284 1251 1250
f 1284 1250 1252
f 1147 1249 1148
f 1148 1249 1290
f 1148 1290 1291
f 1291 1290 1292
f 1249 1284 1290
f 1290 1284 1293
f 1290 1293 1292
f 1294 1295 1296
f 1296 1295 1297
f 1296 1297 1298
f 1299 1300 1301
f 1301 1300 1302
f 1299 1298 1300
f 1300 1298 1297
f 1300 1297 1302
f 1302 1297 1303
f 1302 1303 1304
f 1303 1305 1304
f 1304 1305 1306
f 1304 1306 1307
f 1308 1309 1310
f 1308 1310 1306
f 1306 1310 1311
f 1306 1311 1307
f 1312 1313 1314
f 1312 1314 1308
f 1308 1314 1315
f 1308 1315 1309
f 1316 1317 1318
f 1318 1317 1319
f 1318 1319 1320
f 1273 1272 1321
f 1313 1312 1320
f 1320 1312 1321
f 1320 1321 1318
f 1318 1321 1272
f 1318 1272 1316
f 1280 1322 1265
f 1265 1322 1271
f 1265 1271 1266
f 1266 1271 1270
f 1266 1270 1282
f 1282 1270 1269
f 1264 1263 1276
f 1276 1263 1275
f 1276 1275 1323
f 1323 1275 1324
f 1323 1324 1325
f 1325 1324 1326
f 1327 1328 1329
f 1329 1328 1330
f 1329 1330 1326
f 1327 1331 1332
f 1333 1334 1327
f 1327 1334 1335
f 1327 1335 1328
f 1332 1336 1327
f 1327 1336 1337
f 1327 1337 1333
f 1338 1339 1340
f 1340 1339 1341
f 1342 1343 1344
f 1344 1343 1345
f 1344 1345 1339
f 1339 1345 1346
f 1339 1346 1341
f 1326 1324 1329
f 1329 1324 1275
f 1329 1275 1347
f 1347 1275 1262
f 1347 1262 1261
f 1179 1342 1261
f 1261 1342 1344
f 1261 1344 1347
f 1347 1344 1339
f 1347 1339 1329
f 1329 1339 1338
f 1329 1338 1327
f 1327 1338 1348
f 1327 1348 1331
f 1294 1293 1295
f 1295 1293 1284
f 1295 1284 1297
f 1297 1284 1285
f 1297 1285 1303
f 1303 1285 1286
f 1303 1286 1305
f 1305 1286 1287
f 1305 1287 1306
f 1306 1287 1288
f 1306 1288 1308
f 1308 1288 1289
f 1308 1289 1312
f 1312 1289 1283
f 1312 1283 1321
f 1321 1283 1281
f 1321 1281 1273
f 1273 1281 1282
f 1273 1282 1274
f 1274 1282 1269
f 1349 1350 1351
f 1351 1350 1352
f 1351 1352 1353
f 1353 1352 1354
f 1353 1354 1355
f 1356 1357 1358
f 1359 1360 1361
f 1350 1349 1360
f 1360 1349 1362
f 1360 1362 1361
f 1363 1364 1365
f 1365 1364 1366
f 1365 1366 1361
f 1361 1366 1359
f 1358 1367 1356
f 1356 1367 1368
f 1356 1368 1369
f 1369 1368 1370
f 1370 1368 1371
f 1370 1371 1372
f 1372 1371 1373
f 1372 1373 1363
f 1363 1373 1364
f 1374 1375 1376
f 1377 1378 1379
f 1379 1378 1380
f 1379 1380 1376
f 1376 1380 1381
f 1376 1381 1374
f 1382 1383 1384
f 1384 1383 1385
f 1384 1385 1379
f 1379 1385 1386
f 1379 1386 1377
f 1387 1388 1389
f 1389 1388 1390
f 1389 1390 1391
f 1391 1390 1392
f 1391 1392 1393
f 1392 1394 1393
f 1393 1394 1395
f 1393 1395 1396
f 1396 1395 1397
f 1396 1397 1398
f 1398 1397 1399
f 1398 1399 1400
f 1401 1402 1403
f 1403 1402 1404
f 1403 1404 1405
f 1405 1404 1400
f 1405 1400 1406
f 1406 1400 1399
f 1384 1407 1408
f 1402 1401 1409
f 1402 1409 1408
f 1382 1384 1410
f 1410 1384 1408
f 1410 1408 1411
f 1411 1408 1409
f 1407 1384 1412
f 1412 1384 1379
f 1412 1379 1413
f 1413 1379 1376
f 1413 1376 1414
f 1414 1376 1415
f 1415 1376 1416
f 1415 1416 1417
f 1417 1416 1418
f 1417 1418 1419
f 1419 1418 1420
f 1419 1420 1421
f 1420 1422 1421
f 1421 1422 1423
f 1423 1422 1424
f 1423 1424 1425
f 1425 1424 1426
f 1425 1426 1427
f 1358 1357 1428
f 1428 1357 1429
f 1428 1429 1430
f 1430 1429 1427
f 1430 1427 1426
f 1431 1432 1433
f 1434 1432 1435
f 1435 1432 1431
f 1435 1431 1436
f 1436 1431 1437
f 1436 1437 1438
f 1433 1439 1431
f 1431 1439 1440
f 1431 1440 1437
f 1437 1440 1441
f 1437 1441 1442
f 1442 1441 1443
f 1442 1443 1444
f 1444 1445 1442
f 1442 1445 1446
f 1442 1446 1447
f 1448 1437 1449
f 1449 1437 1442
f 1449 1442 1450
f 1450 1442 1447
f 1451 1452 1453
f 1453 1454 1451
f 1451 1454 1455
f 1451 1455 1456
f 1456 1455 1457
f 1456 1457 1458
f 1459 1460 1461
f 1462 1463 1464
f 1465 1466 1445
f 1467 1468 1469
f 1469 1470 1467
f 1467 1470 1471
f 1467 1471 1472
f 1472 1471 1473
f 1472 1473 1474
f 1456 1458 1475
f 1475 1458 1474
f 1475 1474 1476
f 1476 1474 1473
f 1456 1477 1451
f 1451 1477 1478
f 1451 1478 1452
f 1452 1478 1479
f 1479 1478 1461
f 1479 1461 1462
f 1462 1461 1460
f 1462 1460 1463
f 1435 1436 1480
f 1445 1444 1465
f 1465 1444 1443
f 1465 1443 1481
f 1481 1443 1441
f 1481 1441 1482
f 1482 1441 1440
f 1482 1440 1483
f 1483 1440 1439
f 1483 1439 1484
f 1484 1439 1433
f 1484 1433 1485
f 1485 1433 1432
f 1485 1432 1486
f 1486 1432 1434
f 1486 1434 1487
f 1487 1434 1435
f 1487 1435 1488
f 1488 1435 1480
f 1488 1480 1489
f 1469 1490 1470
f 1470 1490 1491
f 1470 1491 1471
f 1471 1491 1492
f 1471 1492 1473
f 1473 1492 1493
f 1473 1493 1476
f 1476 1493 1494
f 1476 1494 1475
f 1475 1494 1495
f 1475 1495 1456
f 1456 1495 1496
f 1456 1496 1477
f 1490 1466 1491
f 1491 1466 1465
f 1491 1465 1492
f 1492 1465 1481
f 1492 1481 1493
f 1493 1481 1482
f 1493 1482 1494
f 1494 1482 1483
f 1494 1483 1495
f 1495 1483 1484
f 1495 1484 1496
f 1496 1484 1485
f 1496 1485 1477
f 1477 1485 1486
f 1477 1486 1478
f 1478 1486 1487
f 1478 1487 1461
f 1461 1487 1488
f 1461 1488 1459
f 1459 1488 1489
f 1497 1464 1498
f 1464 1497 1462
f 1462 1497 1499
f 1462 1499 1479
f 1479 1499 1453
f 1479 1453 1452
f 1459 1489 1500
f 1480 1436 1438
f 1501 1502 1503
f 1503 1502 1504
f 1503 1504 1505
f 1505 1504 1506
f 1505 1506 1507
f 1506 1508 1507
f 1507 1508 1509
f 1507 1509 1510
f 1510 1509 1469
f 1510 1469 1468
f 1511 1466 1490
f 1511 1447 1466
f 1466 1447 1446
f 1466 1446 1445
f 1449 1512 1448
f 1448 1512 1513
f 1448 1513 1437
f 1489 1480 1500
f 1500 1480 1438
f 1500 1438 1514
f 1514 1438 1437
f 1514 1437 1515
f 1515 1437 1513
f 1498 1464 1516
f 1516 1464 1463
f 1516 1463 1460
f 1517 1518 1519
f 1519 1518 1520
f 1519 1520 1521
f 1521 1520 1522
f 1521 1522 1523
f 1523 1522 1524
f 1523 1524 1525
f 1512 1517 1513
f 1513 1517 1519
f 1513 1519 1515
f 1515 1519 1521
f 1515 1521 1514
f 1514 1521 1523
f 1514 1523 1500
f 1500 1523 1525
f 1500 1525 1459
f 1526 1527 1528
f 1528 1527 1529
f 1528 1529 1530
f 1530 1529 1531
f 1530 1531 1532
f 1532 1531 1533
f 1532 1533 1534
f 1502 1526 1504
f 1504 1526 1528
f 1504 1528 1506
f 1506 1528 1530
f 1506 1530 1508
f 1508 1530 1532
f 1508 1532 1509
f 1509 1532 1534
f 1509 1534 1469
f 1469 1534 1490
f 1490 1534 1511
f 1511 1534 1533
f 1511 1533 1447
f 1447 1533 1531
f 1447 1531 1450
f 1450 1531 1529
f 1450 1529 1449
f 1449 1529 1527
f 1449 1527 1512
f 1512 1527 1526
f 1512 1526 1517
f 1517 1526 1502
f 1517 1502 1518
f 1518 1502 1501
f 1518 1501 1520
f 1520 1501 1535
f 1520 1535 1522
f 1522 1535 1498
f 1522 1498 1524
f 1524 1498 1516
f 1524 1516 1525
f 1525 1516 1460
f 1525 1460 1459
f 1536 1537 1538
f 1538 1539 1540
f 1536 1538 1541
f 1541 1538 1540
f 1541 1540 1542
f 1543 1544 1540
f 1540 1544 1545
f 1545 1546 1540
f 1540 1546 1547
f 1540 1547 1542
f 1540 1539 1543
f 1543 1539 1548
f 1543 1548 1549
f 1549 1548 1550
f 1539 1551 1548
f 1548 1551 1552
f 1548 1552 1550
f 1551 1553 1554
f 1554 1555 1551
f 1551 1555 1556
f 1551 1556 1557
f 1557 1558 1551
f 1551 1558 1559
f 1551 1559 1552
f 1551 1539 1538
f 1551 1538 1553
f 1537 1560 1538
f 1538 1560 1561
f 1538 1561 1553
f 1562 1563 1564
f 1562 1564 1565
f 1565 1564 1566
f 1565 1566 1567
f 1568 1569 1570
f 1570 1569 1571
f 1572 1573 1574
f 1574 1573 1575
f 1574 1575 1570
f 1570 1575 1576
f 1570 1576 1568
f 1562 1553 1563
f 1563 1553 1561
f 1563 1561 1560
f 1537 1573 1560
f 1560 1573 1572
f 1560 1572 1563
f 1563 1572 1574
f 1563 1574 1564
f 1564 1574 1570
f 1564 1570 1566
f 1566 1570 1571
f 1566 1571 1567
f 1567 1571 1577
f 1578 1573 1537
f 1579 1580 1581
f 1581 1580 1582
f 1581 1582 1583
f 1583 1582 1584
f 1583 1584 1585
f 1537 1536 1578
f 1578 1536 1541
f 1578 1541 1586
f 1586 1541 1542
f 1586 1542 1587
f 1587 1542 1588
f 1579 1589 1580
f 1580 1589 1590
f 1580 1590 1582
f 1582 1590 1591
f 1582 1591 1584
f 1584 1591 1592
f 1588 1592 1587
f 1587 1592 1591
f 1587 1591 1586
f 1586 1591 1590
f 1586 1590 1578
f 1578 1590 1589
f 1578 1589 1573
f 1573 1589 1579
f 1573 1579 1575
f 1575 1579 1581
f 1575 1581 1576
f 1593 1594 1595
f 1595 1594 1596
f 1595 1596 1597
f 1598 1599 1595
f 1595 1599 1600
f 1595 1600 1593
f 1597 1601 1595
f 1595 1601 1602
f 1595 1602 1598
f 1603 1604 1602
f 1602 1604 1605
f 1602 1605 1598
f 1606 1607 1608
f 1608 1607 1609
f 1608 1609 1610
f 1611 1612 1608
f 1608 1612 1613
f 1608 1613 1606
f 1610 1614 1608
f 1608 1614 1604
f 1608 1604 1611
f 1611 1604 1603
f 1615 1616 1617
f 1616 1615 1618
f 1619 1617 1620
f 1620 1617 1616
f 1620 1616 1621
f 1621 1616 1618
f 1621 1618 1622
f 1623 1624 1615
f 1615 1624 1625
f 1615 1625 1618
f 1626 1627 1628
f 1629 1630 1627
f 1627 1626 1629
f 1629 1626 1631
f 1629 1631 1632
f 1632 1631 1633
f 1632 1633 1634
f 1634 1633 1601
f 1634 1601 1597
f 1635 1636 1637
f 1637 1636 1638
f 1637 1638 1639
f 1639 1638 1640
f 1639 1640 1641
f 1641 1640 1642
f 1641 1642 1643
f 1643 1642 1644
f 1643 1644 1645
f 1645 1644 1646
f 1645 1646 1647
f 1648 1635 1649
f 1649 1635 1637
f 1649 1637 1650
f 1650 1637 1639
f 1650 1639 1651
f 1651 1639 1641
f 1651 1641 1652
f 1652 1641 1643
f 1652 1643 1653
f 1653 1643 1645
f 1653 1645 1654
f 1654 1645 1647
f 1654 1647 1655
f 1602 1648 1603
f 1603 1648 1649
f 1603 1649 1611
f 1611 1649 1650
f 1611 1650 1612
f 1612 1650 1651
f 1612 1651 1613
f 1613 1651 1652
f 1613 1652 1606
f 1606 1652 1653
f 1606 1653 1607
f 1607 1653 1654
f 1607 1654 1609
f 1609 1654 1655
f 1609 1655 1610
f 1610 1655 1619
f 1619 1655 1617
f 1617 1655 1647
f 1617 1647 1615
f 1615 1647 1646
f 1615 1646 1623
f 1623 1646 1644
f 1623 1644 1656
f 1656 1644 1642
f 1656 1642 1657
f 1657 1642 1640
f 1657 1640 1658
f 1658 1640 1638
f 1658 1638 1628
f 1628 1638 1636
f 1628 1636 1626
f 1626 1636 1635
f 1626 1635 1631
f 1631 1635 1648
f 1631 1648 1633
f 1633 1648 1602
f 1633 1602 1601
f 1630 1659 1627
f 1659 1630 1660
f 1660 1630 1661
f 1660 1661 1662
f 1662 1661 1663
f 1663 1661 1664
f 1663 1664 1665
f 1665 1664 1666
f 1665 1666 1667
f 1667 1666 1668
f 1667 1668 1669
f 1669 1668 1670
f 1669 1670 1671
f 1630 1629 1672
f 1630 1672 1661
f 1661 1672 1673
f 1661 1673 1664
f 1664 1673 1674
f 1664 1674 1666
f 1666 1674 1675
f 1666 1675 1668
f 1668 1675 1676
f 1668 1676 1670
f 1670 1676 1677
f 1670 1677 1671
f 1671 1677 1678
f 1671 1678 1679
f 1679 1678 1680
f 1679 1680 1681
f 1681 1680 1682
f 1681 1682 1683
f 1683 1682 1684
f 1684 1682 1621
f 1684 1621 1622
f 1614 1610 1619
f 1619 1685 1614
f 1614 1685 1686
f 1614 1686 1604
f 1604 1686 1687
f 1604 1687 1605
f 1605 1687 1688
f 1605 1688 1598
f 1598 1688 1689
f 1598 1689 1599
f 1599 1689 1690
f 1599 1690 1600
f 1600 1690 1691
f 1600 1691 1593
f 1593 1691 1692
f 1593 1692 1594
f 1594 1692 1693
f 1594 1693 1596
f 1596 1693 1634
f 1596 1634 1597
f 1629 1632 1672
f 1672 1632 1694
f 1672 1694 1673
f 1673 1694 1695
f 1673 1695 1674
f 1674 1695 1696
f 1674 1696 1675
f 1675 1696 1697
f 1675 1697 1676
f 1676 1697 1698
f 1676 1698 1677
f 1677 1698 1699
f 1677 1699 1678
f 1678 1699 1700
f 1678 1700 1680
f 1680 1700 1701
f 1680 1701 1682
f 1682 1701 1702
f 1682 1702 1621
f 1621 1702 1620
f 1632 1634 1694
f 1694 1634 1693
f 1694 1693 1695
f 1695 1693 1692
f 1695 1692 1696
f 1696 1692 1691
f 1696 1691 1697
f 1697 1691 1690
f 1697 1690 1698
f 1698 1690 1689
f 1698 1689 1699
f 1699 1689 1688
f 1699 1688 1700
f 1700 1688 1687
f 1700 1687 1701
f 1701 1687 1686
f 1701 1686 1702
f 1702 1686 1685
f 1702 1685 1620
f 1620 1685 1619
f 1703 1704 1705
f 1705 1704 1706
f 1705 1706 1707
f 1708 1709 1704
f 1704 1709 1710
f 1704 1710 1706
f 1711 1703 1705
f 1707 1712 1705
f 1705 1712 1713
f 1705 1713 1711
f 1711 1713 1714
f 1714 1715 1711
f 1711 1715 1716
f 1716 1717 1711
f 1711 1717 1718
f 1711 1718 1703
f 1719 1720 1721
f 1722 1723 1719
f 1719 1721 1722
f 1722 1721 1708
f 1722 1708 1704
f 1703 1718 1704
f 1704 1718 1724
f 1724 1725 1704
f 1704 1725 1726
f 1704 1726 1722
f 1722 1726 1727
f 1722 1727 1723
f 1725 1724 1728
f 1729 1730 1731
f 1725 1728 1732
f 1732 1728 1733
f 1732 1733 1734
f 1734 1733 1729
f 1734 1729 1735
f 1735 1729 1731
f 1735 1731 1736
f 1737 1738 1730
f 1730 1729 1737
f 1737 1729 1733
f 1737 1733 1739
f 1739 1733 1728
f 1739 1728 1740
f 1740 1728 1724
f 1740 1724 1718
f 1741 1742 1743
f 1744 1745 1746
f 1741 1743 1747
f 1743 1748 1747
f 1747 1748 1735
f 1747 1735 1736
f 1726 1725 1732
f 1732 1749 1726
f 1726 1749 1750
f 1726 1750 1727
f 1727 1750 1751
f 1727 1751 1723
f 1723 1751 1752
f 1723 1752 1719
f 1752 1753 1719
f 1719 1753 1754
f 1719 1754 1720
f 1720 1754 1755
f 1720 1755 1721
f 1721 1755 1756
f 1721 1756 1708
f 1757 1758 1759
f 1759 1760 1757
f 1757 1760 1761
f 1757 1761 1762
f 1762 1761 1763
f 1762 1763 1764
f 1764 1763 1765
f 1764 1765 1766
f 1766 1765 1744
f 1766 1744 1767
f 1767 1744 1746
f 1742 1746 1743
f 1743 1746 1745
f 1743 1745 1748
f 1748 1745 1768
f 1748 1768 1735
f 1735 1768 1734
f 1759 1756 1760
f 1760 1756 1755
f 1760 1755 1761
f 1761 1755 1754
f 1761 1754 1763
f 1763 1754 1753
f 1763 1753 1765
f 1765 1753 1752
f 1765 1752 1744
f 1744 1752 1751
f 1744 1751 1745
f 1745 1751 1750
f 1745 1750 1768
f 1768 1750 1749
f 1768 1749 1734
f 1734 1749 1732
f 1769 1770 1771
f 1771 1770 1772
f 1771 1772 1758
f 1758 1772 1773
f 1758 1773 1759
f 1759 1773 1774
f 1759 1774 1756
f 1756 1774 1709
f 1756 1709 1708
f 1710 1709 1775
f 1775 1709 1774
f 1775 1774 1776
f 1776 1774 1773
f 1776 1773 1777
f 1777 1773 1772
f 1777 1772 1778
f 1778 1772 1770
f 1779 1780 1781
f 1769 1782 1783
f 1782 1784 1783
f 1783 1784 1785
f 1783 1785 1786
f 1775 1776 1787
f 1787 1776 1777
f 1787 1777 1788
f 1788 1777 1778
f 1788 1778 1783
f 1783 1778 1770
f 1783 1770 1769
f 1789 1707 1706
f 1710 1775 1706
f 1706 1775 1787
f 1706 1787 1789
f 1789 1787 1788
f 1789 1788 1790
f 1790 1788 1783
f 1790 1783 1781
f 1781 1783 1786
f 1781 1786 1779
f 1791 1792 1793
f 1791 1793 1794
f 1794 1793 1795
f 1794 1795 1796
f 1797 1798 1799
f 1781 1780 1798
f 1798 1797 1781
f 1781 1797 1800
f 1781 1800 1790
f 1790 1800 1801
f 1790 1801 1789
f 1791 1714 1792
f 1792 1714 1713
f 1792 1713 1712
f 1707 1789 1712
f 1712 1789 1801
f 1712 1801 1792
f 1792 1801 1800
f 1792 1800 1793
f 1793 1800 1797
f 1793 1797 1795
f 1795 1797 1799
f 1795 1799 1796
f 1796 1799 1802
f 1716 1715 1803
f 1804 1805 1806
f 1806 1805 1807
f 1802 1808 1796
f 1796 1808 1809
f 1796 1809 1804
f 1804 1806 1796
f 1796 1806 1810
f 1796 1810 1794
f 1794 1810 1803
f 1794 1803 1791
f 1791 1803 1715
f 1791 1715 1714
f 1740 1718 1717
f 1738 1737 1811
f 1811 1737 1739
f 1811 1739 1812
f 1812 1739 1740
f 1812 1740 1813
f 1813 1740 1717
f 1813 1717 1716
f 1716 1803 1813
f 1813 1803 1810
f 1813 1810 1812
f 1812 1810 1806
f 1812 1806 1811
f 1811 1806 1807
f 1811 1807 1738
f 1814 1815 1816
f 1816 1815 1817
f 1816 1817 1818
f 1818 1817 1819
f 1820 1819 1821
f 1821 1819 1817
f 1821 1817 1822
f 1822 1817 1823
f 1824 1823 1825
f 1825 1823 1817
f 1825 1817 1826
f 1826 1817 1827
f 1828 1827 1829
f 1829 1827 1817
f 1829 1817 1830
f 1830 1817 1815
f 1831 1832 1833
f 1833 1832 1834
f 1831 1835 1832
f 1832 1835 1836
f 1832 1836 1837
f 1837 1836 1838
f 1837 1838 1839
f 1839 1838 1840
f 1839 1840 1841
f 1826 1827 1842
f 1843 1823 1844
f 1844 1823 1824
f 1844 1824 1845
f 1845 1824 1825
f 1845 1825 1846
f 1846 1825 1826
f 1846 1826 1847
f 1847 1826 1842
f 1833 1848 1831
f 1831 1848 1849
f 1831 1849 1835
f 1835 1849 1850
f 1835 1850 1836
f 1836 1850 1851
f 1836 1851 1838
f 1838 1851 1852
f 1838 1852 1840
f 1840 1852 1853
f 1848 1843 1849
f 1849 1843 1844
f 1849 1844 1850
f 1850 1844 1845
f 1850 1845 1851
f 1851 1845 1846
f 1851 1846 1852
f 1852 1846 1847
f 1852 1847 1853
f 1853 1847 1842
f 1854 1855 1856
f 1815 1857 1858
f 1858 1857 1859
f 1858 1859 1860
f 1860 1859 1854
f 1860 1854 1861
f 1861 1854 1856
f 1861 1856 1862
f 1863 1830 1815
f 1842 1827 1864
f 1864 1827 1828
f 1864 1828 1865
f 1865 1828 1829
f 1865 1829 1866
f 1866 1829 1830
f 1866 1830 1867
f 1867 1830 1863
f 1868 1869 1870
f 1870 1869 1871
f 1870 1871 1872
f 1872 1871 1873
f 1872 1873 1874
f 1874 1873 1875
f 1874 1875 1876
f 1876 1875 1877
f 1876 1877 1853
f 1853 1842 1876
f 1876 1842 1864
f 1876 1864 1874
f 1874 1864 1865
f 1874 1865 1872
f 1872 1865 1866
f 1872 1866 1870
f 1870 1866 1867
f 1870 1867 1868
f 1868 1867 1863
f 1815 1858 1863
f 1863 1858 1860
f 1863 1860 1868
f 1868 1860 1861
f 1868 1861 1869
f 1869 1861 1862
f 1869 1862 1871
f 1871 1862 1878
f 1871 1878 1873
f 1873 1878 1879
f 1873 1879 1875
f 1875 1879 1841
f 1875 1841 1877
f 1877 1841 1840
f 1877 1840 1853
f 1880 1881 1854
f 1854 1881 1855
f 1880 1882 1881
f 1881 1882 1883
f 1881 1883 1884
f 1884 1883 1885
f 1884 1885 1886
f 1886 1885 1887
f 1886 1887 1888
f 1818 1819 1889
f 1857 1815 1890
f 1890 1815 1814
f 1890 1814 1891
f 1891 1814 1816
f 1891 1816 1892
f 1892 1816 1818
f 1892 1818 1893
f 1893 1818 1889
f 1854 1859 1880
f 1880 1859 1894
f 1880 1894 1882
f 1882 1894 1895
f 1882 1895 1883
f 1883 1895 1896
f 1883 1896 1885
f 1885 1896 1897
f 1885 1897 1887
f 1887 1897 1898
f 1859 1857 1894
f 1894 1857 1890
f 1894 1890 1895
f 1895 1890 1891
f 1895 1891 1896
f 1896 1891 1892
f 1896 1892 1897
f 1897 1892 1893
f 1897 1893 1898
f 1898 1893 1889
f 1899 1900 1887
f 1887 1900 1888
f 1899 1901 1900
f 1900 1901 1902
f 1900 1902 1903
f 1903 1902 1904
f 1903 1904 1905
f 1905 1904 1833
f 1905 1833 1834
f 1906 1821 1843
f 1843 1821 1822
f 1843 1822 1823
f 1889 1819 1907
f 1907 1819 1820
f 1907 1820 1908
f 1908 1820 1821
f 1908 1821 1909
f 1909 1821 1906
f 1887 1898 1899
f 1899 1898 1910
f 1899 1910 1901
f 1901 1910 1911
f 1901 1911 1902
f 1902 1911 1912
f 1902 1912 1904
f 1904 1912 1913
f 1904 1913 1833
f 1833 1913 1848
f 1898 1889 1910
f 1910 1889 1907
f 1910 1907 1911
f 1911 1907 1908
f 1911 1908 1912
f 1912 1908 1909
f 1912 1909 1913
f 1913 1909 1906
f 1913 1906 1848
f 1848 1906 1843
f 1914 1915 1916
f 1917 1918 1919
f 1919 1918 1920
f 1919 1920 1921
f 1922 1923 1924
f 1924 1923 1925
f 1924 1925 1920
f 1920 1925 1926
f 1920 1926 1921
f 1888 1900 1924
f 1924 1900 1903
f 1924 1903 1905
f 1927 1922 1928
f 1928 1922 1924
f 1928 1924 1929
f 1929 1924 1905
f 1929 1905 1834
f 1930 1931 1855
f 1886 1932 1884
f 1884 1932 1930
f 1884 1930 1881
f 1881 1930 1855
f 1933 1934 1930
f 1933 1935 1936
f 1936 1935 1937
f 1938 1931 1939
f 1939 1931 1930
f 1939 1930 1940
f 1940 1930 1934
f 1933 1930 1935
f 1935 1930 1941
f 1935 1941 1942
f 1941 1658 1942
f 1942 1658 1628
f 1942 1628 1943
f 1944 1730 1945
f 1945 1730 1738
f 1738 1807 1945
f 1945 1807 1805
f 1945 1805 1943
f 1943 1805 1804
f 1943 1804 1809
f 1943 1628 1945
f 1945 1628 1627
f 1945 1627 1944
f 1944 1627 1659
f 1944 1659 1946
f 1946 1659 1660
f 1946 1660 1947
f 1660 1662 1947
f 1947 1662 1663
f 1947 1663 1916
f 1916 1663 1665
f 1916 1665 1667
f 1667 1669 1916
f 1916 1669 1918
f 1916 1918 1914
f 1914 1918 1917
f 1932 1684 1622
f 1622 1618 1932
f 1932 1618 1625
f 1932 1625 1930
f 1930 1625 1624
f 1624 1623 1930
f 1930 1623 1656
f 1930 1656 1941
f 1941 1656 1657
f 1941 1657 1658
f 1669 1671 1918
f 1918 1671 1679
f 1918 1679 1920
f 1920 1679 1681
f 1886 1888 1932
f 1932 1888 1924
f 1932 1924 1684
f 1684 1924 1920
f 1684 1920 1683
f 1683 1920 1681
f 1948 1949 1950
f 1915 1949 1916
f 1916 1949 1948
f 1916 1948 1947
f 1947 1948 1951
f 1947 1951 1946
f 1946 1736 1944
f 1944 1736 1731
f 1944 1731 1730
f 1747 1952 1741
f 1741 1952 1953
f 1741 1953 1954
f 1954 1953 1955
f 1950 1956 1948
f 1948 1956 1953
f 1948 1953 1951
f 1951 1953 1952
f 1951 1952 1946
f 1946 1952 1747
f 1946 1747 1736
f 1742 1741 1954
f 1957 1771 1958
f 1958 1771 1758
f 1958 1758 1959
f 1959 1758 1757
f 1959 1757 1960
f 1960 1757 1961
f 1961 1757 1762
f 1961 1762 1962
f 1962 1762 1963
f 1963 1762 1764
f 1963 1764 1964
f 1964 1764 1766
f 1964 1766 1955
f 1955 1766 1767
f 1955 1767 1954
f 1954 1767 1746
f 1954 1746 1742
f 1784 1782 1957
f 1957 1782 1769
f 1957 1769 1771
f 1965 1966 1967
f 1968 1969 1965
f 1969 1968 1970
f 1965 1967 1968
f 1968 1967 1971
f 1968 1971 1972
f 1970 1968 1973
f 1973 1968 1972
f 1973 1972 1974
f 1974 1972 1975
f 1974 1975 1976
f 1977 1976 1978
f 1979 1977 1980
f 1980 1977 1978
f 1980 1978 1981
f 1976 1975 1978
f 1978 1975 1982
f 1978 1982 1983
f 1983 1984 1978
f 1978 1984 1985
f 1978 1985 1981
f 1972 1971 1986
f 1986 1987 1972
f 1972 1987 1988
f 1972 1988 1975
f 1986 1971 1989
f 1990 1991 1992
f 1992 1991 1993
f 1992 1993 1994
f 1994 1993 1995
f 1994 1995 1996
f 1997 1998 1999
f 2000 2001 1998
f 1998 1997 2000
f 2000 1997 2002
f 2000 2002 2003
f 2003 2002 2004
f 2003 2004 1989
f 1995 1975 1996
f 1996 1975 1988
f 1996 1988 1987
f 1986 1989 1987
f 1987 1989 2004
f 1987 2004 1996
f 1996 2004 2002
f 1996 2002 1994
f 1994 2002 1997
f 1994 1997 1992
f 1992 1997 1999
f 1992 1999 1990
f 2005 2006 2007
f 2007 2006 1990
f 2007 1990 1999
f 2008 2009 2010
f 2010 2009 2011
f 2010 2011 2012
f 2008 2007 2009
f 2009 2007 1999
f 2009 1999 2011
f 2011 1999 1998
f 1998 2001 2011
f 2011 2001 2013
f 2011 2013 2014
f 1957 2015 1784
f 2016 1786 1785
f 2017 2008 2010
f 2016 1785 2012
f 2012 1785 1784
f 2012 1784 2010
f 2010 1784 2015
f 2010 2015 2017
f 2017 2015 1957
f 2017 1957 1958
f 2018 2019 2020
f 2020 2019 2021
f 2020 2021 2022
f 2023 2024 2025
f 2020 2026 2018
f 2018 2026 2023
f 2018 2023 2027
f 2027 2023 2025
f 2022 2028 2020
f 2020 2028 2029
f 2020 2029 2030
f 2031 2032 2033
f 2033 2032 2034
f 2020 2030 2032
f 2032 2030 2035
f 2032 2035 2034
f 2031 2036 2032
f 2032 2036 2037
f 2032 2037 2038
f 2038 2039 2032
f 2032 2039 2040
f 2032 2040 2020
f 2041 2042 2036
f 2043 2044 2045
f 2045 2046 2043
f 2043 2046 2047
f 2043 2047 2048
f 2048 2047 2049
f 2048 2049 2050
f 2050 2049 2051
f 2050 2051 2052
f 2053 2054 2051
f 2051 2054 2055
f 2051 2055 2052
f 2035 2030 2056
f 2036 2031 2041
f 2041 2031 2033
f 2041 2033 2057
f 2057 2033 2034
f 2057 2034 2058
f 2058 2034 2035
f 2058 2035 2059
f 2059 2035 2056
f 2045 2060 2046
f 2046 2060 2061
f 2046 2061 2047
f 2047 2061 2062
f 2047 2062 2049
f 2049 2062 2063
f 2049 2063 2051
f 2051 2063 2064
f 2051 2064 2053
f 2053 2064 2065
f 2060 2042 2061
f 2061 2042 2041
f 2061 2041 2062
f 2062 2041 2057
f 2062 2057 2063
f 2063 2057 2058
f 2063 2058 2064
f 2064 2058 2059
f 2064 2059 2065
f 2065 2059 2056
f 2066 2067 2020
f 2068 2069 2070
f 2070 2071 2068
f 2068 2071 2072
f 2068 2072 2073
f 2073 2072 2074
f 2073 2074 2075
f 2074 2076 2075
f 2075 2076 2045
f 2075 2045 2044
f 2037 2036 2042
f 2020 2040 2066
f 2066 2040 2039
f 2066 2039 2077
f 2077 2039 2038
f 2077 2038 2078
f 2078 2038 2037
f 2078 2037 2079
f 2079 2037 2042
f 2070 2080 2071
f 2071 2080 2081
f 2071 2081 2072
f 2072 2081 2082
f 2072 2082 2074
f 2074 2082 2083
f 2074 2083 2076
f 2076 2083 2084
f 2076 2084 2045
f 2045 2084 2060
f 2080 2067 2081
f 2081 2067 2066
f 2081 2066 2082
f 2082 2066 2077
f 2082 2077 2083
f 2083 2077 2078
f 2083 2078 2084
f 2084 2078 2079
f 2084 2079 2060
f 2060 2079 2042
f 2085 2086 2087
f 2085 2087 2088
f 2088 2087 2089
f 2088 2089 2090
f 2090 2089 2091
f 2091 2089 2092
f 2091 2092 2093
f 2093 2092 2094
f 2093 2094 2095
f 2095 2094 2096
f 2095 2096 2097
f 2097 2096 2098
f 2098 2096 2070
f 2098 2070 2069
f 2099 2023 2067
f 2067 2023 2026
f 2067 2026 2020
f 2100 2027 2101
f 2101 2027 2025
f 2101 2025 2102
f 2102 2025 2024
f 2102 2024 2103
f 2103 2024 2023
f 2103 2023 2104
f 2104 2023 2099
f 2086 2105 2087
f 2087 2105 2106
f 2087 2106 2089
f 2089 2106 2107
f 2089 2107 2092
f 2092 2107 2108
f 2092 2108 2094
f 2094 2108 2109
f 2094 2109 2096
f 2096 2109 2110
f 2096 2110 2070
f 2070 2110 2080
f 2105 2100 2106
f 2106 2100 2101
f 2106 2101 2107
f 2107 2101 2102
f 2107 2102 2108
f 2108 2102 2103
f 2108 2103 2109
f 2109 2103 2104
f 2109 2104 2110
f 2110 2104 2099
f 2110 2099 2080
f 2080 2099 2067
f 2111 2112 2113
f 2113 2112 2114
f 2113 2114 2115
f 2113 2085 2111
f 2111 2085 2088
f 2111 2088 2116
f 2116 2088 2090
f 2116 2090 2117
f 2117 2090 2091
f 2117 2091 2093
f 2097 2118 2095
f 2095 2118 2119
f 2095 2119 2093
f 2093 2119 2120
f 2093 2120 2117
f 2121 2054 2122
f 2122 2054 2053
f 2122 2053 2065
f 2123 2113 2115
f 2086 2085 2113
f 2113 2123 2086
f 2086 2123 2124
f 2086 2124 2105
f 2105 2124 2125
f 2105 2125 2100
f 2018 2126 2019
f 2019 2126 2127
f 2019 2127 2021
f 2021 2127 2128
f 2021 2128 2022
f 2022 2128 2129
f 2022 2129 2028
f 2028 2129 2130
f 2028 2130 2029
f 2029 2130 2131
f 2029 2131 2030
f 2132 2121 2133
f 2133 2121 2122
f 2133 2122 2134
f 2134 2122 2065
f 2134 2065 2056
f 2135 2136 2137
f 2137 2136 2138
f 2137 2138 2139
f 2139 2138 2140
f 2139 2140 2141
f 2141 2140 2142
f 2141 2142 2143
f 2126 2135 2127
f 2127 2135 2137
f 2127 2137 2128
f 2128 2137 2139
f 2128 2139 2129
f 2129 2139 2141
f 2129 2141 2130
f 2130 2141 2143
f 2130 2143 2131
f 2027 2100 2018
f 2018 2100 2125
f 2018 2125 2126
f 2126 2125 2124
f 2126 2124 2135
f 2135 2124 2123
f 2135 2123 2136
f 2136 2123 2115
f 2136 2115 2138
f 2138 2115 2144
f 2138 2144 2140
f 2140 2144 2132
f 2140 2132 2142
f 2142 2132 2133
f 2142 2133 2143
f 2143 2133 2134
f 2143 2134 2131
f 2131 2134 2056
f 2131 2056 2030
f 2016 2012 2145
f 2048 2050 2146
f 2147 1937 1935
f 1581 1583 2146
f 2146 1583 1585
f 2147 1935 1585
f 2050 2148 2146
f 2146 2148 1576
f 2146 1576 1581
f 2050 2052 2148
f 2148 2052 2055
f 2148 2055 2149
f 2149 2055 2054
f 2149 2054 2121
f 2150 2075 2044
f 2150 2044 2146
f 2146 2044 2043
f 2146 2043 2048
f 2151 2145 2098
f 2098 2069 2151
f 2151 2069 2068
f 2151 2068 2150
f 2150 2068 2073
f 2150 2073 2075
f 2016 2145 1786
f 1802 1943 1808
f 1808 1943 1809
f 1799 1798 2151
f 2151 1798 1780
f 2151 1780 2145
f 2145 1780 1779
f 2145 1779 1786
f 1585 1935 2146
f 2146 1935 1942
f 2146 1942 2150
f 2150 1942 1943
f 2150 1943 2151
f 2151 1943 1802
f 2151 1802 1799
f 2147 1585 1584
f 2147 1584 1937
f 1937 2152 1936
f 1936 2152 2153
f 1936 2153 1933
f 2152 2154 2153
f 2153 2154 2155
f 2153 2155 2156
f 2156 2155 1546
f 2156 1546 1545
f 1588 1542 1547
f 1937 1584 2152
f 2152 1584 1592
f 2152 1592 2154
f 2154 1592 1588
f 2154 1588 2155
f 2155 1588 1547
f 2155 1547 1546
f 1933 2157 2158
f 1933 2158 1934
f 1934 2158 2159
f 1934 2159 1940
f 1940 2159 2160
f 1940 2160 1939
f 1939 2160 2161
f 1939 2161 1938
f 1549 1550 2162
f 2156 1545 2163
f 2163 1545 1544
f 2163 1544 2164
f 2164 1544 1543
f 2164 1543 2165
f 2165 1543 1549
f 2165 1549 2166
f 2166 1549 2162
f 1933 2153 2157
f 2157 2153 2167
f 2157 2167 2158
f 2158 2167 2168
f 2158 2168 2159
f 2159 2168 2169
f 2159 2169 2160
f 2160 2169 2170
f 2160 2170 2161
f 2161 2170 2171
f 2153 2156 2167
f 2167 2156 2163
f 2167 2163 2168
f 2168 2163 2164
f 2168 2164 2169
f 2169 2164 2165
f 2169 2165 2170
f 2170 2165 2166
f 2170 2166 2171
f 2171 2166 2162
f 2161 2172 1938
f 1938 2172 2173
f 1938 2173 2174
f 2174 2173 2175
f 2174 2175 2176
f 2177 2178 2179
f 2179 2178 2180
f 2179 2180 2181
f 2181 2180 2176
f 2181 2176 2182
f 2182 2176 2175
f 1556 1555 2183
f 2162 1550 2184
f 2184 1550 1552
f 2184 1552 2185
f 2185 1552 1559
f 2185 1559 2186
f 2186 1559 1558
f 2186 1558 2187
f 2187 1558 1557
f 2187 1557 2188
f 2188 1557 1556
f 2188 1556 2189
f 2189 1556 2183
f 2161 2171 2172
f 2172 2171 2190
f 2172 2190 2173
f 2173 2190 2191
f 2173 2191 2175
f 2175 2191 2192
f 2175 2192 2182
f 2182 2192 2193
f 2182 2193 2181
f 2181 2193 2194
f 2181 2194 2179
f 2179 2194 2195
f 2179 2195 2177
f 2177 2195 2196
f 2171 2162 2190
f 2190 2162 2184
f 2190 2184 2191
f 2191 2184 2185
f 2191 2185 2192
f 2192 2185 2186
f 2192 2186 2193
f 2193 2186 2187
f 2193 2187 2194
f 2194 2187 2188
f 2194 2188 2195
f 2195 2188 2189
f 2195 2189 2196
f 2196 2189 2183
f 1555 1554 2197
f 2198 2199 2200
f 2200 2199 2201
f 1555 2197 2183
f 2183 2197 2202
f 2183 2202 2196
f 2196 2202 2200
f 2196 2200 2177
f 2177 2200 2201
f 2177 2201 2178
f 1567 1577 2198
f 2198 2200 1567
f 1567 2200 2202
f 1567 2202 1565
f 1565 2202 2197
f 1565 2197 1562
f 1562 2197 1554
f 1562 1554 1553
f 1468 2203 2204
f 2205 2206 2207
f 2208 1458 1457
f 2208 1457 2205
f 1457 1455 2205
f 2205 1455 1454
f 2205 1454 2209
f 2209 1454 1453
f 2209 1453 2210
f 2210 1453 1499
f 2210 1499 2211
f 2211 1499 1497
f 2211 1497 2212
f 2212 1497 1498
f 2212 1498 1535
f 2213 2214 2212
f 2212 2214 2215
f 2212 2215 2216
f 2217 2211 2218
f 2218 2211 2212
f 2218 2212 2219
f 2219 2212 2216
f 2220 2221 2222
f 2222 2221 2223
f 2222 2223 2224
f 1931 1938 2220
f 2220 1938 2174
f 2220 2174 2176
f 2176 2180 2220
f 2220 2180 2178
f 2220 2178 2221
f 2221 2178 2201
f 2221 2201 2199
f 1879 2220 1841
f 1841 2220 2204
f 1841 2204 1839
f 1879 1878 2220
f 2220 1878 1862
f 2220 1862 1931
f 1931 1862 1856
f 1931 1856 1855
f 1929 1834 2225
f 2225 1834 1832
f 2225 1832 1837
f 1929 2225 1928
f 1928 2225 2226
f 1928 2226 1927
f 2227 2228 2229
f 2229 2228 2230
f 2229 2230 2225
f 2225 2230 2231
f 2225 2231 2226
f 2205 2207 2208
f 2208 2207 2232
f 2208 2232 2229
f 2229 2232 2233
f 2229 2233 2227
f 2213 2212 1535
f 2213 1535 2224
f 2224 1535 1501
f 2224 1501 2222
f 2222 1501 1503
f 2222 1503 2220
f 1503 1505 2220
f 2220 1505 1507
f 2220 1507 2204
f 2204 1507 1510
f 2204 1510 1468
f 2229 1467 1472
f 2229 1472 2208
f 2208 1472 1474
f 2208 1474 1458
f 1468 1467 2203
f 2203 1467 2229
f 2203 2229 2204
f 2204 2229 2225
f 2204 2225 1839
f 1839 2225 1837
f 2234 2235 2236
f 2236 2235 2237
f 2236 2237 2238
f 2238 2237 2239
f 2240 2241 2242
f 2242 2241 2243
f 2235 2234 2244
f 2244 2234 2242
f 2244 2242 2245
f 2245 2242 2243
f 2242 2246 2247
f 2240 2242 2248
f 2248 2242 2247
f 2248 2247 2249
f 2250 2251 2252
f 2252 2251 2253
f 2252 2253 2254
f 2255 2256 2257
f 2257 2256 2250
f 2257 2250 2258
f 2258 2250 2252
f 2258 2252 2259
f 2260 2246 2261
f 2259 2262 2258
f 2258 2262 2260
f 2258 2260 2257
f 2257 2260 2261
f 2257 2261 2255
f 2255 2261 2263
f 2246 2242 2261
f 2261 2242 2263
f 2242 2234 2264
f 2263 2242 2265
f 2265 2242 2264
f 2265 2264 2266
f 2267 2266 2264
f 2238 2268 2236
f 2236 2268 2267
f 2236 2267 2234
f 2234 2267 2264
f 2269 2270 2271
f 2272 2273 2274
f 2275 2276 2273
f 2273 2272 2275
f 2275 2272 2277
f 2275 2277 2278
f 2278 2277 2279
f 2278 2279 2280
f 2281 2267 2268
f 2269 2271 2282
f 2282 2271 2283
f 2282 2283 2284
f 2284 2283 2266
f 2284 2266 2267
f 2267 2281 2284
f 2284 2281 2285
f 2284 2285 2282
f 2282 2285 2286
f 2282 2286 2269
f 2238 2280 2268
f 2268 2280 2279
f 2268 2279 2281
f 2281 2279 2277
f 2281 2277 2285
f 2285 2277 2272
f 2285 2272 2286
f 2286 2272 2274
f 2286 2274 2269
f 2269 2274 2287
f 2269 2287 2270
f 2237 2235 2288
f 2289 2276 2275
f 2238 2239 2290
f 2238 2290 2280
f 2280 2290 2291
f 2280 2291 2278
f 2278 2291 2292
f 2278 2292 2275
f 2275 2292 2214
f 2275 2214 2289
f 2219 2216 2293
f 2293 2216 2215
f 2294 2218 2219
f 2219 2293 2294
f 2294 2293 2295
f 2294 2295 2296
f 2296 2295 2297
f 2297 2295 2298
f 2297 2298 2288
f 2237 2288 2239
f 2239 2288 2298
f 2239 2298 2290
f 2290 2298 2295
f 2290 2295 2291
f 2291 2295 2293
f 2291 2293 2292
f 2292 2293 2215
f 2292 2215 2214
f 2235 2244 2299
f 2235 2299 2288
f 2288 2299 2300
f 2288 2300 2297
f 2297 2300 2296
f 2296 2300 2301
f 2296 2301 2294
f 2218 2294 2217
f 2217 2294 2301
f 2217 2301 2302
f 2302 2301 2303
f 2303 2301 2304
f 2304 2301 2300
f 2304 2300 2305
f 2305 2300 2299
f 2305 2299 2306
f 2306 2299 2244
f 2306 2244 2245
f 2303 2304 2307
f 2307 2304 2308
f 2307 2308 2309
f 2310 2311 2309
f 2309 2311 2312
f 2309 2312 2307
f 2313 2314 2315
f 2315 2314 2316
f 2315 2316 2317
f 2317 2316 2260
f 2317 2260 2262
f 2318 2319 2247
f 2247 2319 2249
f 2319 2320 2249
f 2249 2320 2321
f 2249 2321 2248
f 2248 2321 2322
f 2248 2322 2240
f 2240 2322 2323
f 2240 2323 2241
f 2241 2323 2324
f 2241 2324 2243
f 2243 2324 2306
f 2243 2306 2245
f 2304 2305 2308
f 2308 2305 2325
f 2308 2325 2309
f 2309 2325 2326
f 2309 2326 2310
f 2310 2326 2327
f 2310 2327 2328
f 2328 2327 2329
f 2328 2329 2330
f 2330 2329 2313
f 2330 2313 2331
f 2331 2313 2315
f 2305 2306 2325
f 2325 2306 2324
f 2325 2324 2326
f 2326 2324 2323
f 2326 2323 2327
f 2327 2323 2322
f 2327 2322 2329
f 2329 2322 2321
f 2329 2321 2313
f 2313 2321 2320
f 2313 2320 2314
f 2314 2320 2319
f 2314 2319 2316
f 2316 2319 2318
f 2316 2318 2260
f 2260 2318 2247
f 2260 2247 2246
f 2331 2332 2330
f 2330 2332 2333
f 2330 2333 2328
f 2328 2333 2334
f 2328 2334 2310
f 2310 2334 2335
f 2310 2335 2311
f 2311 2335 2312
f 2303 2307 2336
f 2335 2334 2337
f 2336 2337 2338
f 2338 2337 2339
f 2338 2339 2340
f 2340 2339 2341
f 2340 2341 2342
f 2336 2307 2337
f 2337 2307 2312
f 2337 2312 2335
f 2217 2302 2211
f 2211 2302 2303
f 2211 2303 2210
f 2303 2336 2210
f 2210 2336 2338
f 2210 2338 2209
f 2209 2338 2340
f 2209 2340 2205
f 2205 2340 2342
f 2205 2342 2206
f 2343 1387 2344
f 2344 1387 1389
f 2344 1389 2345
f 2345 1389 2346
f 2346 1389 1391
f 2346 1391 2347
f 2347 1391 1393
f 2347 1393 2348
f 2348 1393 1396
f 2348 1396 2349
f 2349 1396 1398
f 2349 1398 2350
f 1398 1400 2350
f 2350 1400 1404
f 2350 1404 2351
f 2351 1404 1402
f 2351 1402 2352
f 2352 1402 1408
f 2352 1408 2353
f 2207 1417 2232
f 2232 1417 1419
f 2232 1419 2233
f 2353 1408 2339
f 2339 1408 1407
f 2339 1407 2341
f 2341 1407 1412
f 2341 1412 2342
f 2342 1412 1413
f 2342 1413 2206
f 2206 1413 1414
f 2206 1414 2207
f 2207 1414 1415
f 2207 1415 1417
f 1357 1927 1429
f 1429 1927 2226
f 1429 2226 1427
f 1427 2226 2231
f 1427 2231 1425
f 1425 2231 2230
f 1425 2230 1423
f 1423 2230 2228
f 1423 2228 2227
f 2233 1419 2227
f 2227 1419 1421
f 2227 1421 1423
f 2354 2343 2344
f 2344 2355 2354
f 2354 2355 2356
f 2354 2356 2357
f 2357 2356 2358
f 2357 2358 2359
f 2359 2358 2360
f 2359 2360 2361
f 2361 2362 2363
f 2364 2365 2357
f 2357 2365 2354
f 2365 2366 2354
f 2354 2366 2367
f 2354 2367 2343
f 2343 2367 1388
f 2343 1388 1387
f 2361 2363 2359
f 2359 2363 2368
f 2359 2368 2357
f 2357 2368 2369
f 2357 2369 2364
f 2370 1388 2371
f 2371 1388 2367
f 2371 2367 2372
f 2372 2367 2366
f 2372 2366 2373
f 2373 2366 2365
f 2373 2365 2374
f 2374 2365 2364
f 2374 2364 2375
f 2375 2364 2369
f 2375 2369 2376
f 2376 2369 2368
f 2376 2368 2377
f 2377 2368 2363
f 2378 1401 2379
f 2379 1401 1403
f 2379 1403 2380
f 2380 1403 2381
f 1403 1405 2381
f 2381 1405 1406
f 2381 1406 2382
f 2382 1406 1399
f 2382 1399 2383
f 2383 1399 1397
f 2383 1397 2384
f 2384 1397 1395
f 2384 1395 2385
f 1394 1392 2386
f 2386 1392 2387
f 1394 2386 1395
f 1395 2386 2388
f 1395 2388 2385
f 2387 1392 2389
f 2389 1392 1390
f 2389 1390 2390
f 2390 1390 1388
f 2390 1388 2370
f 2391 1411 1409
f 2392 2391 2393
f 2393 2391 1409
f 2393 1409 2378
f 2378 1409 1401
f 2394 2392 2395
f 1410 1411 2391
f 2392 2394 2391
f 2391 2394 1382
f 2391 1382 1410
f 2396 2397 2398
f 1383 1382 2394
f 1385 1383 2399
f 2399 1383 2398
f 1383 2394 2398
f 2398 2394 2395
f 2398 2395 2396
f 2400 2401 2402
f 2398 1386 2399
f 2399 1386 1385
f 2397 2400 2398
f 2398 2400 2402
f 2398 2402 1386
f 1386 2402 2403
f 1386 2403 1377
f 2401 2404 2405
f 2406 2407 2408
f 1381 1380 2409
f 1381 2409 2410
f 2410 2409 2411
f 2410 2411 2412
f 2412 2411 2408
f 2412 2408 2413
f 2413 2408 2407
f 2413 2407 2414
f 2401 2405 2402
f 2402 2405 2415
f 2402 2415 2403
f 2403 2415 1378
f 2403 1378 1377
f 1380 1378 2409
f 2409 1378 2415
f 2409 2415 2411
f 2411 2415 2405
f 2411 2405 2408
f 2408 2405 2404
f 2408 2404 2406
f 2406 2404 2401
f 2416 2417 2418
f 1374 1381 2410
f 2419 1375 1374
f 1374 2410 2419
f 2419 2410 2412
f 2419 2412 2420
f 2420 2412 2421
f 2421 2412 2413
f 2421 2413 2418
f 2418 2413 2414
f 2418 2414 2416
f 2422 2423 2424
f 2424 2423 2425
f 2426 2427 2428
f 2428 2427 2429
f 2428 2429 2430
f 2430 2429 2431
f 2432 2433 2428
f 2428 2433 2434
f 2428 2434 2426
f 2420 2421 2435
f 2435 2421 2418
f 2428 2436 2432
f 2432 2436 2437
f 2432 2437 2438
f 2438 2437 2435
f 2438 2435 2439
f 2439 2435 2418
f 2439 2418 2417
f 1375 2419 2440
f 2440 2419 2441
f 2440 2441 2442
f 2442 2441 2443
f 2444 2445 2443
f 2443 2445 2446
f 2443 2446 2442
f 2422 2447 2423
f 2423 2447 2448
f 2423 2448 2449
f 2449 2448 2450
f 2449 2450 2444
f 2444 2450 2451
f 2444 2451 2445
f 2419 2420 2441
f 2441 2420 2435
f 2441 2435 2443
f 2443 2435 2437
f 2443 2437 2444
f 2444 2437 2436
f 2444 2436 2449
f 2449 2436 2428
f 2449 2428 2423
f 2423 2428 2430
f 2423 2430 2425
f 2425 2430 2431
f 2451 2450 1426
f 2422 1358 2447
f 2447 1358 1428
f 2447 1428 2448
f 2448 1428 1430
f 2448 1430 2450
f 2450 1430 1426
f 1426 1424 2451
f 2451 1424 1422
f 2451 1422 2445
f 2445 1422 2446
f 2446 1422 1420
f 2446 1420 2442
f 2442 1420 1418
f 2442 1418 2440
f 2440 1418 1416
f 2440 1416 1375
f 1375 1416 1376
f 2452 1350 1360
f 2452 1360 2453
f 2453 1360 1359
f 2453 1359 2454
f 2454 1359 2455
f 2456 2457 1371
f 1371 2457 1373
f 1373 2457 2458
f 1373 2458 1364
f 1359 1366 2455
f 2455 1366 1364
f 2455 1364 2459
f 2459 1364 2460
f 2460 1364 2458
f 1371 1368 2456
f 2456 1368 2461
f 2461 1368 1367
f 2461 1367 2462
f 2462 1367 1358
f 2462 1358 2422
f 2463 2464 1352
f 2464 2465 1352
f 1352 2465 2466
f 1352 2466 1354
f 1354 2466 2467
f 1354 2467 2468
f 2452 2469 1350
f 1350 2469 2470
f 1350 2470 1352
f 1352 2470 2471
f 1352 2471 2463
f 2472 2473 2474
f 2475 1355 1354
f 2472 2474 2476
f 2476 2474 2475
f 2476 2475 2477
f 2477 2475 1354
f 2477 1354 2468
f 2478 2479 2480
f 2480 2479 2481
f 2481 2479 2482
f 2481 2482 2483
f 2483 2482 2484
f 2483 2484 2485
f 2485 2484 2486
f 2485 2486 2487
f 2487 2486 2488
f 2487 2488 2489
f 2489 2488 2490
f 2489 2490 2491
f 2491 2490 2492
f 2491 2492 2493
f 2493 2492 2494
f 2493 2494 2495
f 2495 2494 2496
f 2495 2496 2497
f 2497 2496 2474
f 2497 2474 2473
f 2498 2479 2478
f 2499 2500 2501
f 2501 2500 2502
f 2502 2500 1317
f 2502 1317 2503
f 2498 2478 2504
f 2478 2505 2504
f 2504 2505 2506
f 2504 2506 2501
f 2501 2506 2507
f 2501 2507 2499
f 2500 1319 1317
f 2478 2508 2505
f 2505 2508 2509
f 2505 2509 2506
f 2500 2499 2510
f 2510 2499 2507
f 2510 2507 2511
f 1319 2500 1320
f 1320 2500 2510
f 1320 2510 1313
f 1313 2510 2511
f 1313 2511 1314
f 1310 1309 2511
f 2511 1309 1315
f 2511 1315 1314
f 2507 2506 2511
f 2511 2506 2509
f 2511 2509 1310
f 1310 2509 2508
f 1310 2508 1311
f 1311 2508 1307
f 1307 2508 2478
f 1307 2478 1304
f 1304 2478 2480
f 1304 2480 1302
f 1302 2480 2481
f 1302 2481 1301
f 2481 2483 1301
f 1301 2483 2485
f 1301 2485 1299
f 1299 2485 2487
f 1299 2487 1298
f 1298 2487 2489
f 2491 1294 2489
f 2489 1294 1296
f 2489 1296 1298
f 2473 1292 2497
f 2497 1292 1293
f 2497 1293 2495
f 2495 1293 1294
f 2495 1294 2493
f 2493 1294 2491
f 2512 1148 1291
f 1292 2473 1291
f 1291 2473 2472
f 1291 2472 2512
f 2512 2472 2476
f 2476 2477 2512
f 2512 2477 2468
f 2512 2468 1148
f 1148 2468 2513
f 1148 2513 1150
f 2467 2466 2514
f 2513 2468 2467
f 2514 1152 1151
f 2467 2514 2513
f 2513 2514 1151
f 2513 1151 1150
f 1163 1152 2514
f 2514 2466 2465
f 1162 1163 2515
f 2515 1163 2514
f 2515 2514 2516
f 2516 2514 2465
f 2516 2465 2464
f 1161 1162 2515
f 2517 1161 2518
f 2518 1161 2515
f 2518 2515 2519
f 2519 2515 2516
f 2520 1159 1160
f 2521 1158 1159
f 1159 2520 2521
f 2521 2520 2522
f 2521 2522 2523
f 2523 2522 2524
f 2523 2524 2525
f 2471 2519 2463
f 2463 2519 2516
f 2463 2516 2464
f 2470 2525 2471
f 2471 2525 2524
f 2471 2524 2519
f 2519 2524 2522
f 2519 2522 2518
f 2518 2522 2520
f 2518 2520 2517
f 2517 2520 1160
f 2517 1160 1161
f 2526 1158 2521
f 2525 2470 2469
f 2527 2526 2528
f 2528 2526 2521
f 2528 2521 2529
f 2529 2521 2523
f 2529 2523 2530
f 2530 2523 2525
f 2530 2525 2531
f 2531 2525 2469
f 2531 2469 2452
f 2532 2530 2531
f 2527 2528 2533
f 2533 2528 2529
f 2533 2529 2534
f 2534 2529 2535
f 2534 2535 2536
f 2537 2538 2539
f 2537 2539 2540
f 2539 2541 2540
f 2540 2541 2542
f 2540 2542 2543
f 2543 2542 2544
f 2543 2544 2536
f 2536 2544 2545
f 2536 2545 2534
f 2431 2429 2546
f 2546 2429 2537
f 2538 2537 2547
f 2547 2537 2429
f 2547 2429 2427
f 2462 2422 2548
f 2548 2422 2424
f 2548 2424 2425
f 2460 2458 2549
f 2549 2458 2457
f 2549 2457 2550
f 2550 2457 2456
f 2550 2456 2548
f 2548 2456 2461
f 2548 2461 2462
f 2531 2452 2532
f 2532 2452 2453
f 2532 2453 2551
f 2551 2453 2454
f 2551 2454 2552
f 2552 2454 2455
f 2552 2455 2549
f 2549 2455 2459
f 2549 2459 2460
f 2425 2431 2548
f 2548 2431 2546
f 2548 2546 2550
f 2550 2546 2537
f 2550 2537 2549
f 2549 2537 2540
f 2549 2540 2552
f 2552 2540 2543
f 2552 2543 2551
f 2551 2543 2536
f 2551 2536 2532
f 2532 2536 2535
f 2532 2535 2530
f 2530 2535 2529
f 2553 2554 2555
f 2427 2553 2547
f 2547 2553 2555
f 2547 2555 2538
f 2538 2555 2556
f 2557 1157 1156
f 1156 1158 2557
f 2557 1158 2526
f 2557 2526 2527
f 2527 2533 2557
f 2557 2533 2534
f 2557 2534 2558
f 2558 2534 2545
f 2558 2545 2559
f 2559 2545 2544
f 2559 2544 2560
f 2560 2544 2542
f 2560 2542 2556
f 2556 2542 2541
f 2556 2541 2539
f 2556 2539 2538
f 2555 2554 2561
f 2562 2563 2564
f 1171 1168 2565
f 1171 2565 2566
f 2566 2565 2567
f 2566 2567 2568
f 2560 2556 2564
f 2556 2555 2564
f 2564 2555 2561
f 2564 2561 2562
f 2562 2561 2569
f 2559 2560 2567
f 2567 2560 2564
f 2567 2564 2568
f 2568 2564 2563
f 2559 2567 2558
f 2558 2567 2565
f 2558 2565 2557
f 2557 2565 1168
f 2557 1168 1157
f 2570 2571 2572
f 2573 2574 2575
f 2575 2574 1183
f 2570 2572 2576
f 2577 2578 2579
f 2579 2580 2577
f 2577 2580 2581
f 2577 2581 2582
f 2583 2584 2585
f 2585 2584 2582
f 2585 2582 2586
f 2586 2582 2581
f 2583 2585 2587
f 2587 2585 2588
f 2587 2588 2589
f 2589 2588 2590
f 2589 2590 2591
f 2591 2590 2592
f 2592 2590 2593
f 2592 2593 2594
f 2594 2593 2595
f 2594 2595 2596
f 2596 2595 2597
f 2596 2597 2598
f 2598 2597 2599
f 2599 2597 2600
f 2599 2600 2601
f 2601 2600 2602
f 2601 2602 2603
f 2603 2602 2604
f 2603 2604 2605
f 2606 2607 2608
f 2608 2607 2605
f 2608 2605 2609
f 2609 2605 2604
f 2606 2563 2607
f 2607 2563 2562
f 2607 2562 2569
f 2610 1225 2566
f 2566 1225 1171
f 2611 1218 2612
f 2612 1218 1221
f 2612 1221 2613
f 2613 1221 1223
f 2613 1223 2614
f 2614 1223 1225
f 2614 1225 2615
f 2615 1225 2610
f 1213 1215 2611
f 2611 1215 1217
f 2611 1217 1218
f 2611 2616 1213
f 1213 2616 2617
f 1213 2617 1210
f 1210 2617 1208
f 1208 2617 2618
f 1208 2618 1207
f 1200 1202 2619
f 2619 1202 1203
f 2619 1203 2618
f 2618 1203 1205
f 2618 1205 1207
f 1193 1196 2620
f 2620 1196 1197
f 2620 1197 2619
f 2619 1197 1198
f 2619 1198 1200
f 1183 1187 2575
f 2575 1187 1189
f 2575 1189 2621
f 2621 1189 1191
f 2621 1191 2622
f 2622 1191 1193
f 2622 1193 2623
f 2623 1193 2620
f 2568 2563 2624
f 2624 2563 2606
f 2624 2606 2625
f 2625 2606 2608
f 2625 2608 2626
f 2626 2608 2609
f 2626 2609 2627
f 2627 2609 2604
f 2627 2604 2628
f 2628 2604 2602
f 2628 2602 2629
f 2629 2602 2600
f 2629 2600 2630
f 2630 2600 2597
f 2630 2597 2631
f 2631 2597 2595
f 2631 2595 2632
f 2632 2595 2593
f 2632 2593 2633
f 2633 2593 2590
f 2633 2590 2634
f 2634 2590 2588
f 2634 2588 2635
f 2635 2588 2585
f 2635 2585 2636
f 2636 2585 2586
f 2636 2586 2637
f 2637 2586 2581
f 2637 2581 2572
f 2572 2581 2580
f 2572 2580 2576
f 2576 2580 2579
f 2566 2568 2610
f 2610 2568 2624
f 2610 2624 2615
f 2615 2624 2625
f 2615 2625 2614
f 2614 2625 2626
f 2614 2626 2613
f 2613 2626 2627
f 2613 2627 2612
f 2612 2627 2628
f 2612 2628 2611
f 2611 2628 2629
f 2611 2629 2616
f 2616 2629 2630
f 2616 2630 2617
f 2617 2630 2631
f 2617 2631 2618
f 2618 2631 2632
f 2618 2632 2619
f 2619 2632 2633
f 2619 2633 2620
f 2620 2633 2634
f 2620 2634 2623
f 2623 2634 2635
f 2623 2635 2622
f 2622 2635 2636
f 2622 2636 2621
f 2621 2636 2637
f 2621 2637 2575
f 2575 2637 2572
f 2575 2572 2573
f 2573 2572 2571
f 2638 2639 2640
f 2640 2639 1185
f 2640 1185 1184
f 2641 2642 2638
f 2638 2642 2643
f 2638 2643 2639
f 2644 2645 2646
f 2646 2645 2647
f 2578 2645 2579
f 2579 2645 2644
f 2579 2644 2648
f 2648 2644 2646
f 2648 2646 2649
f 2573 2571 2648
f 2571 2570 2648
f 2648 2570 2576
f 2648 2576 2579
f 2649 2641 2648
f 2648 2641 2638
f 2648 2638 2573
f 2573 2638 2640
f 2573 2640 2574
f 2574 2640 1184
f 2574 1184 1183
f 2650 2651 2652
f 2650 2652 2653
f 2653 2652 2654
f 2653 2654 2655
f 2655 2654 2656
f 2655 2656 2657
f 2658 2659 2660
f 2660 2659 2661
f 2660 2661 2662
f 2663 2664 2665
f 2665 2664 2666
f 2665 2666 2667
f 2663 2668 2664
f 2664 2668 2646
f 2664 2646 2666
f 2666 2646 2647
f 2642 2641 2668
f 2668 2641 2649
f 2668 2649 2646
f 2663 2662 2668
f 2668 2662 2661
f 2668 2661 2642
f 2642 2661 2659
f 2642 2659 2643
f 2643 2659 2639
f 2658 2657 2659
f 2659 2657 2656
f 2659 2656 2639
f 2639 2656 2654
f 2639 2654 1185
f 1185 2654 2652
f 1185 2652 1181
f 1181 2652 2651
f 1181 2651 1173
f 2669 2670 2671
f 2671 2670 2672
f 2671 2672 2673
f 2673 2672 2674
f 2673 2674 2675
f 2675 2674 2676
f 2677 2678 2669
f 2669 2678 2679
f 2669 2679 2670
f 2669 2680 2677
f 2677 2680 2681
f 2677 2681 2682
f 2682 2681 2683
f 2683 2681 2684
f 2683 2684 2685
f 2685 2684 2686
f 2685 2686 2687
f 2687 2686 2688
f 2687 2688 2689
f 2689 2688 2690
f 2689 2690 2691
f 2691 2690 2692
f 2691 2692 2693
f 2693 2692 2694
f 2693 2694 2695
f 2695 2694 2696
f 2695 2696 2697
f 2698 2650 2699
f 2699 2700 2698
f 2698 2700 2701
f 2698 2701 2702
f 2703 2704 2705
f 2705 2704 2706
f 2705 2706 2707
f 2707 2706 2702
f 2707 2702 2708
f 2708 2702 2701
f 2709 2710 2703
f 2703 2710 2711
f 2703 2711 2704
f 2712 2713 2714
f 2714 2713 2715
f 2714 2715 2709
f 2709 2715 2716
f 2709 2716 2710
f 2712 2714 2717
f 2717 2714 2718
f 2717 2718 2719
f 2720 2721 2722
f 2722 2721 2723
f 2722 2723 2724
f 2724 2723 2725
f 2724 2725 2718
f 2718 2725 2726
f 2718 2726 2719
f 2727 2720 2728
f 2728 2720 2722
f 2728 2722 2729
f 2729 2722 2724
f 2729 2724 2730
f 2730 2724 2718
f 2730 2718 2731
f 2731 2718 2714
f 2731 2714 2732
f 2732 2714 2709
f 2732 2709 2733
f 2733 2709 2703
f 2733 2703 2734
f 2734 2703 2705
f 2734 2705 2735
f 2735 2705 2707
f 2735 2707 2736
f 2736 2707 2708
f 2736 2708 2737
f 2737 2708 2701
f 2737 2701 2738
f 2738 2701 2700
f 2738 2700 2739
f 2739 2700 2699
f 2675 2727 2673
f 2673 2727 2728
f 2673 2728 2671
f 2671 2728 2729
f 2671 2729 2669
f 2669 2729 2730
f 2669 2730 2680
f 2680 2730 2731
f 2680 2731 2681
f 2681 2731 2732
f 2681 2732 2684
f 2684 2732 2733
f 2684 2733 2686
f 2686 2733 2734
f 2686 2734 2688
f 2688 2734 2735
f 2688 2735 2690
f 2690 2735 2736
f 2690 2736 2692
f 2692 2736 2737
f 2692 2737 2694
f 2694 2737 2738
f 2694 2738 2696
f 2696 2738 2739
f 2740 2741 2742
f 2742 2741 2743
f 2742 2743 2744
f 2740 2745 2746
f 2746 2747 2740
f 2740 2747 2748
f 2740 2748 2741
f 2749 2750 2751
f 2751 2750 2752
f 2751 2753 2749
f 2749 2753 2754
f 2749 2754 2745
f 2755 2753 2756
f 2756 2753 2751
f 2756 2751 2757
f 2757 2751 2758
f 2758 2751 2759
f 2758 2759 2760
f 2752 2759 2751
f 2754 2753 2755
f 2761 2762 2763
f 2764 2765 2766
f 2765 2764 2755
f 2755 2764 2767
f 2755 2767 2754
f 2768 2748 2747
f 2761 2763 2769
f 2769 2763 2768
f 2769 2768 2770
f 2770 2768 2747
f 2770 2747 2746
f 2745 2754 2746
f 2746 2754 2767
f 2746 2767 2770
f 2770 2767 2764
f 2770 2764 2769
f 2769 2764 2766
f 2769 2766 2761
f 2744 2771 2772
f 2773 2743 2741
f 2771 2744 2743
f 2743 2773 2771
f 2771 2773 2774
f 2771 2774 2775
f 2748 2768 2741
f 2741 2768 2763
f 2741 2763 2762
f 2762 2776 2741
f 2741 2776 2777
f 2741 2777 2773
f 2773 2777 2778
f 2773 2778 2774
f 2779 2780 2781
f 2782 2783 2784
f 2784 2785 2786
f 2786 2785 2787
f 2786 2787 2775
f 2788 2789 2790
f 2790 2789 2791
f 2788 2790 2792
f 2792 2790 2793
f 2792 2793 2794
f 2794 2793 2795
f 2795 2793 2796
f 2795 2796 2797
f 2798 2799 2800
f 2800 2799 2801
f 2800 2801 2802
f 2802 2801 2803
f 2802 2803 2804
f 2804 2803 2805
f 2805 2803 2806
f 2806 2803 2807
f 2806 2807 2808
f 2809 2810 2811
f 2809 2811 2812
f 2807 2813 2808
f 2808 2813 2814
f 2808 2814 2815
f 2815 2814 2816
f 2815 2816 2817
f 2817 2816 2818
f 2817 2818 2781
f 2812 2811 2818
f 2818 2811 2819
f 2818 2819 2781
f 2781 2819 2820
f 2781 2820 2779
f 2800 2821 2798
f 2798 2821 2822
f 2798 2822 2823
f 2823 2822 2797
f 2823 2797 2824
f 2824 2797 2796
f 2824 2796 2825
f 2825 2796 2793
f 2825 2793 2826
f 2826 2793 2827
f 2827 2793 2790
f 2827 2790 2828
f 2775 2829 2786
f 2786 2829 2830
f 2786 2830 2831
f 2782 2784 2791
f 2791 2784 2786
f 2791 2786 2790
f 2790 2786 2831
f 2790 2831 2828
f 2785 2771 2787
f 2787 2771 2775
f 2832 2833 2785
f 2785 2833 2771
f 2834 2772 2771
f 2833 2727 2675
f 2771 2833 2834
f 2834 2833 2675
f 2834 2675 2676
f 2727 2833 2720
f 2720 2833 2832
f 2720 2832 2721
f 2785 2784 2832
f 2784 2783 2832
f 2832 2783 2835
f 2832 2835 2721
f 2836 2723 2837
f 2837 2723 2721
f 2837 2721 2835
f 2838 2726 2836
f 2836 2726 2725
f 2836 2725 2723
f 2713 2712 2839
f 2839 2712 2717
f 2839 2717 2838
f 2838 2717 2719
f 2838 2719 2726
f 2713 2839 2715
f 2715 2839 2840
f 2715 2840 2716
f 2716 2840 2710
f 2710 2840 2841
f 2710 2841 2711
f 2841 2842 2711
f 2711 2842 2843
f 2711 2843 2704
f 2704 2843 2844
f 2704 2844 2706
f 2706 2844 2845
f 2706 2845 2702
f 2651 2650 2698
f 1175 1173 2651
f 2846 1178 2847
f 2847 1178 1175
f 2847 1175 2848
f 2848 1175 2651
f 2651 2698 2848
f 2848 2698 2702
f 2848 2702 2847
f 2847 2702 2845
f 2847 2845 2846
f 2843 2849 2844
f 2844 2849 2850
f 2844 2850 2845
f 2845 2850 2851
f 2845 2851 2846
f 2852 2853 2839
f 2839 2853 2854
f 2839 2854 2840
f 2840 2854 2841
f 2841 2854 2855
f 2841 2855 2842
f 2842 2855 2856
f 2842 2856 2843
f 2843 2856 2857
f 2843 2857 2849
f 2852 2839 2858
f 2858 2839 2838
f 2858 2838 2859
f 2835 2783 2837
f 2837 2783 2860
f 2837 2860 2836
f 2836 2860 2861
f 2836 2861 2838
f 2838 2861 2862
f 2838 2862 2859
f 2860 2783 2782
f 2859 2862 2863
f 2863 2862 2861
f 2863 2861 2864
f 2864 2861 2860
f 2864 2860 2865
f 2865 2860 2782
f 2865 2782 2791
f 2866 2867 2868
f 2869 2870 2871
f 2503 1317 1316
f 1280 1279 2872
f 1328 2873 1330
f 2859 2863 2874
f 2875 2876 2877
f 2878 2879 2880
f 2880 2879 2881
f 2880 2881 2882
f 2882 2881 2502
f 2882 2502 2883
f 2884 2885 2886
f 2886 2885 2887
f 2886 2887 2888
f 2888 2887 2889
f 2888 2889 2878
f 2878 2889 2890
f 2878 2890 2879
f 2891 2892 2884
f 2884 2892 2893
f 2884 2893 2885
f 2877 2894 2875
f 2875 2894 2895
f 2875 2895 2891
f 2891 2895 2896
f 2891 2896 2892
f 2897 2898 2899
f 2899 2898 2900
f 2899 2900 2901
f 2901 2900 2902
f 2902 2900 2903
f 2904 2905 2906
f 2906 2905 2907
f 2906 2907 2897
f 2897 2907 2908
f 2897 2908 2898
f 2909 2910 2911
f 2911 2910 2912
f 2911 2912 2904
f 2904 2912 2913
f 2904 2913 2905
f 2914 2915 2916
f 2916 2915 2909
f 2916 2909 2917
f 2917 2909 2911
f 2867 2918 2919
f 2918 2867 2920
f 2920 2867 2866
f 2920 2866 2921
f 2863 2864 2921
f 2871 2858 2859
f 2870 1333 1337
f 2858 2871 2852
f 2852 2871 2870
f 2852 2870 2853
f 2853 2870 1337
f 2853 1337 1336
f 1336 1332 2853
f 2853 1332 1331
f 2853 1331 2854
f 2854 1331 1348
f 2854 1348 1338
f 2854 1338 2855
f 2855 1338 1340
f 2855 1340 2856
f 1340 1341 2856
f 2856 1341 1346
f 2856 1346 2857
f 2857 1346 1345
f 2857 1345 2849
f 2849 1345 1343
f 2849 1343 2850
f 2850 1343 1342
f 2850 1342 2851
f 2851 1342 1179
f 2851 1179 2846
f 2846 1179 1178
f 2869 1335 2870
f 2870 1335 1334
f 2870 1334 1333
f 2922 2923 1326
f 2924 1271 1322
f 2872 1276 2925
f 2925 1276 1323
f 2925 1323 2923
f 2923 1323 1325
f 2923 1325 1326
f 1279 1278 2872
f 2872 1278 1277
f 2872 1277 1276
f 1274 2926 1272
f 1272 2926 2927
f 1272 2927 1316
f 1316 2927 2928
f 1316 2928 2503
f 2902 2929 2901
f 2901 2929 2930
f 2901 2930 2899
f 2899 2930 2931
f 2899 2931 2897
f 1326 1330 2922
f 2922 1330 2873
f 2922 2873 2869
f 2869 2873 1328
f 2869 1328 1335
f 2502 2503 2883
f 2883 2503 2928
f 2883 2928 2932
f 2932 2928 2927
f 2863 2921 2874
f 2874 2921 2866
f 2874 2866 2933
f 2933 2866 2868
f 2933 2868 2934
f 2935 2934 2936
f 2936 2934 2868
f 2936 2868 2937
f 2937 2868 2867
f 2937 2867 2938
f 2938 2867 2919
f 2938 2919 2939
f 2931 2940 2897
f 2897 2940 2941
f 2897 2941 2906
f 2906 2941 2942
f 2906 2942 2904
f 2904 2942 2943
f 2904 2943 2911
f 2911 2943 2944
f 2911 2944 2917
f 2917 2944 2945
f 2917 2945 2916
f 2916 2945 2946
f 2916 2946 2947
f 2947 2946 2948
f 2929 2876 2930
f 2930 2876 2875
f 2930 2875 2931
f 2931 2875 2891
f 2931 2891 2940
f 2940 2891 2884
f 2940 2884 2941
f 2941 2884 2886
f 2941 2886 2942
f 2942 2886 2888
f 2942 2888 2943
f 2943 2888 2878
f 2943 2878 2944
f 2944 2878 2880
f 2944 2880 2945
f 2945 2880 2882
f 2945 2882 2946
f 2946 2882 2883
f 2946 2883 2948
f 2948 2883 2932
f 2914 2916 2939
f 2939 2916 2947
f 2939 2947 2938
f 2938 2947 2948
f 2938 2948 2937
f 2937 2948 2932
f 2937 2932 2936
f 2936 2932 2927
f 2936 2927 2935
f 2935 2927 2926
f 2935 2926 2949
f 2949 2926 1274
f 2949 1274 2924
f 2924 1274 1269
f 2924 1269 1271
f 2859 2874 2871
f 2871 2874 2933
f 2871 2933 2869
f 2869 2933 2934
f 2869 2934 2922
f 2922 2934 2935
f 2922 2935 2923
f 2923 2935 2949
f 2923 2949 2925
f 2925 2949 2924
f 2925 2924 2872
f 2872 2924 1322
f 2872 1322 1280
f 2502 2881 2501
f 2501 2881 2879
f 2501 2879 2504
f 2504 2879 2890
f 2504 2890 2498
f 2498 2890 2889
f 2498 2889 2479
f 2479 2889 2887
f 2479 2887 2482
f 2482 2887 2885
f 2482 2885 2484
f 2484 2885 2893
f 2474 2496 2894
f 2894 2496 2494
f 2894 2494 2895
f 2895 2494 2492
f 2895 2492 2896
f 2896 2492 2490
f 2896 2490 2892
f 2892 2490 2488
f 2892 2488 2893
f 2893 2488 2486
f 2893 2486 2484
f 2894 2877 2474
f 2474 2877 2950
f 2474 2950 2475
f 2475 2950 2951
f 2475 2951 1355
f 1355 2951 1956
f 1355 1956 1353
f 1353 1956 1950
f 1353 1950 1351
f 1351 1950 1949
f 1351 1949 1349
f 1349 1949 1915
f 1349 1915 1362
f 1362 1915 1914
f 1362 1914 1361
f 1361 1914 1917
f 1361 1917 1365
f 1917 1919 1365
f 1365 1919 1921
f 1365 1921 1363
f 1363 1921 1926
f 1927 1357 1922
f 1922 1357 1356
f 1922 1356 1923
f 1923 1356 1369
f 1923 1369 1925
f 1925 1369 1370
f 1925 1370 1926
f 1926 1370 1372
f 1926 1372 1363
f 2950 2877 2876
f 1956 2951 1953
f 1953 2951 2952
f 1953 2952 2953
f 2954 1960 1961
f 2954 1961 2953
f 2953 1961 1962
f 2953 1962 1963
f 1963 1964 2953
f 2953 1964 1955
f 2953 1955 1953
f 2903 2954 2902
f 2902 2954 2953
f 2902 2953 2929
f 2929 2953 2952
f 2929 2952 2876
f 2876 2952 2951
f 2876 2951 2950
f 2955 2005 2007
f 2956 2957 2958
f 2958 2957 2954
f 2958 2954 2903
f 1960 2954 1959
f 1959 2954 2957
f 1959 2957 1958
f 1958 2957 2017
f 2956 2955 2957
f 2957 2955 2007
f 2957 2007 2017
f 2017 2007 2008
f 2959 2960 2961
f 1982 1975 1995
f 2962 2963 2964
f 2005 2955 2963
f 2963 2955 2956
f 2963 2956 2964
f 2005 2963 2006
f 2006 2963 1991
f 2006 1991 1990
f 1982 1995 1983
f 1995 2965 1983
f 1983 2965 2966
f 1983 2966 1984
f 1984 2966 2967
f 1984 2967 1985
f 1985 2967 2968
f 1985 2968 1981
f 1981 2968 2969
f 1981 2969 1980
f 1980 2969 2970
f 1980 2970 1979
f 2970 2971 1979
f 1979 2971 2972
f 1979 2972 1977
f 1977 2972 1976
f 1976 2972 2973
f 1976 2973 1974
f 2959 2974 2960
f 2960 2974 2975
f 2960 2975 2976
f 2976 2975 2977
f 2975 2978 2977
f 2977 2978 2979
f 2977 2979 2980
f 2980 2979 2981
f 2980 2981 2982
f 2982 2981 2983
f 2982 2983 2984
f 2984 2983 2985
f 2984 2985 2986
f 2987 2988 2989
f 2989 2988 2962
f 2989 2962 2990
f 2990 2962 2964
f 2987 2986 2988
f 2988 2986 2985
f 2988 2985 2962
f 2962 2985 2991
f 2962 2991 2963
f 2963 2991 2992
f 2963 2992 1991
f 1991 2992 1993
f 2974 2973 2975
f 2975 2973 2972
f 2975 2972 2978
f 2978 2972 2971
f 2978 2971 2979
f 2979 2971 2970
f 2979 2970 2981
f 2981 2970 2969
f 2981 2969 2983
f 2983 2969 2968
f 2983 2968 2985
f 2985 2968 2967
f 2985 2967 2991
f 2991 2967 2966
f 2991 2966 2992
f 2992 2966 2965
f 2992 2965 1993
f 1993 2965 1995
f 2993 2994 2995
f 2996 2997 2993
f 2993 2997 2998
f 2993 2998 2994
f 2999 3000 3001
f 3001 3002 2999
f 2999 3002 3003
f 2999 3003 2993
f 2993 3003 3004
f 2993 3004 2996
f 3005 3006 2995
f 2995 3006 3007
f 2995 3007 2993
f 2993 3007 3008
f 2993 3008 2999
f 3009 3010 3011
f 3012 3013 3009
f 3009 3013 3014
f 3009 3014 3010
f 3015 3016 3011
f 3011 3016 3017
f 3011 3017 3009
f 2961 3018 2959
f 2959 3018 3006
f 2959 3006 3015
f 3015 3006 3005
f 3015 3005 3016
f 1973 1974 2973
f 2973 3019 1973
f 1973 3019 3020
f 1973 3020 1970
f 1970 3020 3021
f 1970 3021 1969
f 1969 3021 3022
f 1969 3022 1965
f 1965 3022 3023
f 1965 3023 1966
f 1966 3023 3024
f 1966 3024 1967
f 1967 3024 1989
f 1967 1989 1971
f 3012 3025 3013
f 3013 3025 2014
f 3013 2014 3026
f 3026 2014 2013
f 3026 2013 2000
f 2000 2013 2001
f 2000 2003 3026
f 3026 2003 3027
f 3026 3027 3013
f 3013 3027 3028
f 3013 3028 3014
f 3014 3028 3029
f 3014 3029 3010
f 3010 3029 3030
f 3010 3030 3011
f 3011 3030 3031
f 3011 3031 3015
f 3015 3031 3032
f 3015 3032 2959
f 2959 3032 2974
f 2003 1989 3027
f 3027 1989 3024
f 3027 3024 3028
f 3028 3024 3023
f 3028 3023 3029
f 3029 3023 3022
f 3029 3022 3030
f 3030 3022 3021
f 3030 3021 3031
f 3031 3021 3020
f 3031 3020 3032
f 3032 3020 3019
f 3032 3019 2974
f 2974 3019 2973
f 2987 2989 3033
f 3006 3018 3007
f 3007 3018 2961
f 3007 2961 2960
f 2960 2976 3007
f 3007 2976 2977
f 3007 2977 3008
f 3008 2977 2980
f 2987 3033 2986
f 2986 3033 3034
f 2986 3034 2984
f 2984 3034 3035
f 2984 3035 2982
f 2982 3035 3036
f 2982 3036 2980
f 2980 3036 3037
f 2980 3037 3008
f 2964 2956 2958
f 2964 2958 2990
f 2990 2958 2989
f 2989 2958 3038
f 2989 3038 3033
f 3008 3037 3039
f 3037 3036 3039
f 3039 3036 3035
f 3039 3035 3038
f 3038 3035 3034
f 3038 3034 3033
f 3040 3041 3042
f 3042 3041 2780
f 3040 3043 3041
f 3041 3043 3000
f 3041 3000 3039
f 3039 3000 2999
f 3039 2999 3008
f 2780 3041 2781
f 2781 3041 3044
f 2781 3044 2817
f 2905 2913 2815
f 2815 2913 2912
f 2815 2912 2808
f 2808 2912 2910
f 2808 2910 2806
f 2806 2910 2805
f 2805 2910 2909
f 2805 2909 2804
f 2804 2909 2915
f 2804 2915 2802
f 2802 2915 2800
f 2800 2915 2914
f 2800 2914 2821
f 2821 2914 2939
f 2821 2939 2822
f 2822 2939 2797
f 2797 2939 2919
f 2797 2919 2795
f 2795 2919 3045
f 2795 3045 2794
f 3046 2865 2791
f 2791 2789 3046
f 3046 2789 2788
f 3046 2788 3045
f 3045 2788 2792
f 3045 2792 2794
f 2919 2918 3045
f 3045 2918 2920
f 3045 2920 3046
f 3046 2920 2921
f 3046 2921 2865
f 2865 2921 2864
f 2815 2817 2905
f 2905 2817 3044
f 2905 3044 2907
f 2907 3044 3041
f 2907 3041 2908
f 2908 3041 3039
f 2908 3039 2898
f 2898 3039 2900
f 2900 3039 3038
f 2900 3038 2958
f 2900 2958 2903
f 3047 3002 3001
f 3043 3040 3048
f 3048 3040 3049
f 3043 3048 3000
f 3000 3048 3050
f 3000 3050 3001
f 3001 3050 3051
f 3001 3051 3047
f 3040 3042 3049
f 3049 3042 2780
f 3049 2780 3052
f 3052 2780 2779
f 3052 2779 3053
f 3053 2779 2820
f 3053 2820 3054
f 3054 2820 2819
f 3054 2819 3055
f 3055 2819 2811
f 3055 2811 3056
f 3057 3058 2811
f 2811 3058 3059
f 2811 3059 3056
f 3060 3061 3062
f 3062 1146 3060
f 3060 1146 1135
f 3060 1135 2810
f 2810 1135 1134
f 2810 1134 2811
f 2811 1134 3063
f 2811 3063 3057
f 3058 3064 3065
f 3064 3058 3057
f 3063 1134 3066
f 3049 3067 3048
f 3048 3067 3068
f 3069 3051 3068
f 3068 3051 3050
f 3068 3050 3048
f 3003 3002 3070
f 3070 3002 3047
f 3003 3070 3004
f 3004 3070 3071
f 3004 3071 2996
f 3047 3051 3070
f 3070 3051 3069
f 3070 3069 3071
f 3071 3069 3072
f 1128 1129 3073
f 3073 3074 1128
f 1128 3074 3075
f 1128 3075 1119
f 3076 1127 3075
f 3075 1127 1120
f 3075 1120 1119
f 3077 1123 1124
f 1131 1123 1141
f 1141 1123 3077
f 1141 3077 1139
f 1139 3077 3066
f 1139 3066 1137
f 1137 3066 1134
f 3054 3055 3078
f 3078 3055 3056
f 3078 3056 3065
f 3065 3056 3059
f 3065 3059 3058
f 3078 3079 3054
f 3054 3079 3080
f 3054 3080 3053
f 3053 3080 3081
f 3053 3081 3052
f 3076 3081 1127
f 1127 3081 3080
f 1127 3080 1126
f 1126 3080 3079
f 1126 3079 1125
f 1125 3079 3078
f 1125 3078 1124
f 1124 3078 3065
f 1124 3065 3077
f 3077 3065 3064
f 3077 3064 3066
f 3066 3064 3057
f 3066 3057 3063
f 3073 3072 3074
f 3074 3072 3069
f 3074 3069 3075
f 3075 3069 3068
f 3075 3068 3076
f 3076 3068 3067
f 3076 3067 3081
f 3081 3067 3049
f 3081 3049 3052
f 3071 3072 3082
f 3082 3072 3083
f 3083 3072 3073
f 3083 3073 3084
f 3085 2998 2997
f 3086 2994 2998
f 2998 3085 3086
f 3086 3085 3087
f 3086 3087 3088
f 3088 3087 3089
f 3088 3089 3090
f 3073 1129 3084
f 3084 1129 1133
f 3084 1133 1132
f 1111 3090 1132
f 1132 3090 3089
f 1132 3089 3084
f 3084 3089 3087
f 3084 3087 3083
f 3083 3087 3085
f 3083 3085 3082
f 3082 3085 2997
f 3082 2997 3071
f 3071 2997 2996
f 3091 2994 3092
f 3092 2994 3086
f 3093 3094 3095
f 3095 3094 3096
f 3095 3096 3097
f 3097 3096 3098
f 3097 3098 3099
f 3099 3098 3091
f 3099 3091 3100
f 3100 3091 3092
f 1145 1146 3062
f 3062 3061 1145
f 1145 3061 3093
f 3093 3061 3101
f 3093 3101 3094
f 1115 1142 1116
f 1116 1142 1143
f 1116 1143 1117
f 3090 1111 3102
f 3102 1111 1110
f 3102 1110 3103
f 3103 1110 1112
f 3103 1112 3104
f 3104 1112 1114
f 3104 1114 3105
f 3105 1114 1118
f 3105 1118 3106
f 3106 1118 1117
f 3106 1117 3107
f 3107 1117 1143
f 3086 3088 3092
f 3092 3088 3108
f 3092 3108 3100
f 3100 3108 3109
f 3100 3109 3099
f 3099 3109 3110
f 3099 3110 3097
f 3097 3110 3111
f 3097 3111 3095
f 3095 3111 3112
f 3095 3112 3093
f 3093 3112 3113
f 3093 3113 1145
f 1145 3113 1144
f 3088 3090 3108
f 3108 3090 3102
f 3108 3102 3109
f 3109 3102 3103
f 3109 3103 3110
f 3110 3103 3104
f 3110 3104 3111
f 3111 3104 3105
f 3111 3105 3112
f 3112 3105 3106
f 3112 3106 3113
f 3113 3106 3107
f 3113 3107 1144
f 1144 3107 1143
f 2774 2778 3114
f 2761 2766 3115
f 833 832 3116
f 2994 3091 3117
f 3117 3091 3098
f 3098 3096 3117
f 3117 3096 3094
f 3117 3094 672
f 3094 3101 672
f 672 3101 3061
f 3118 3012 3009
f 3017 3119 3009
f 3009 3119 3118
f 3017 3016 3119
f 3119 3016 3005
f 3119 3005 3117
f 3117 3005 2995
f 3117 2995 2994
f 3120 3121 783
f 783 781 3120
f 3120 781 786
f 3120 786 3122
f 3122 786 788
f 3122 788 3123
f 3123 788 3124
f 788 791 3124
f 3124 791 793
f 3124 793 1011
f 1011 793 800
f 1057 1064 3125
f 3125 1064 3126
f 1081 1094 3116
f 3116 1094 1097
f 3116 1097 1099
f 1064 1067 3126
f 3126 1067 1068
f 3126 1068 1079
f 800 833 1011
f 1011 833 3116
f 1011 3116 1101
f 1101 3116 1099
f 939 937 3127
f 3127 937 948
f 3127 948 949
f 949 955 3127
f 3127 955 957
f 3127 957 3126
f 3126 957 965
f 965 968 3126
f 3126 968 970
f 3126 970 972
f 972 973 3126
f 3126 973 899
f 3126 899 3125
f 3128 3129 3130
f 3130 3129 942
f 3130 942 3127
f 3127 942 941
f 3127 941 939
f 3131 3132 3128
f 3128 3132 3129
f 3128 3133 3131
f 3131 3133 3134
f 3131 3134 3135
f 3136 3137 3138
f 3138 3137 3139
f 3138 3139 3134
f 3134 3139 3140
f 3134 3140 3135
f 3138 3141 3136
f 3136 3141 3142
f 3136 3142 3143
f 3143 3142 3144
f 3145 3143 3144
f 3145 3144 3146
f 3146 3144 3147
f 3146 3147 3148
f 3148 3147 3115
f 2766 2765 3115
f 3115 2765 2755
f 3115 2755 3148
f 2777 2776 3149
f 3149 2776 2762
f 2775 2774 2829
f 2829 2774 3114
f 2829 3114 2830
f 2830 3114 2831
f 3150 3151 2827
f 3114 3152 2831
f 2831 3152 3150
f 2831 3150 2828
f 2828 3150 2827
f 3153 2824 3154
f 3154 2824 2825
f 3154 2825 3151
f 3151 2825 2826
f 3151 2826 2827
f 3155 2798 3153
f 3153 2798 2823
f 3153 2823 2824
f 3156 2801 3155
f 3155 2801 2799
f 3155 2799 2798
f 3157 2807 3156
f 3156 2807 2803
f 3156 2803 2801
f 2818 2816 3158
f 3158 2816 2814
f 3158 2814 3157
f 3157 2814 2813
f 3157 2813 2807
f 714 2812 712
f 712 2812 2818
f 712 2818 717
f 3061 3060 672
f 672 3060 2810
f 672 2810 673
f 673 2810 2809
f 673 2809 742
f 742 2809 2812
f 742 2812 716
f 716 2812 714
f 830 3119 828
f 828 3119 3117
f 828 3117 840
f 840 3117 3159
f 840 3159 838
f 830 850 3119
f 3119 850 853
f 3119 853 3118
f 3118 853 855
f 3118 855 3121
f 3121 855 857
f 3121 857 783
f 832 834 3116
f 3116 834 835
f 3116 835 3159
f 3159 835 836
f 3159 836 838
f 693 736 3160
f 3160 736 729
f 3160 729 731
f 731 732 3160
f 3160 732 722
f 3160 722 3158
f 3158 722 723
f 3158 723 2818
f 2818 723 726
f 2818 726 717
f 686 688 3126
f 3126 688 690
f 3126 690 3127
f 3127 690 691
f 1079 1081 3126
f 3126 1081 3116
f 3126 3116 686
f 686 3116 3159
f 686 3159 684
f 684 3159 682
f 672 677 3117
f 3117 677 679
f 3117 679 3159
f 3159 679 681
f 3159 681 682
f 2778 2777 3114
f 3114 2777 3149
f 3114 3149 3152
f 3152 3149 3161
f 3152 3161 3150
f 3150 3161 3162
f 3150 3162 3151
f 3151 3162 3163
f 3151 3163 3154
f 3154 3163 3164
f 3154 3164 3153
f 3153 3164 3165
f 3153 3165 3155
f 3155 3165 3166
f 3155 3166 3156
f 3156 3166 3167
f 3156 3167 3157
f 3157 3167 3168
f 3157 3168 3158
f 3158 3168 3169
f 3158 3169 3160
f 691 693 3127
f 3127 693 3160
f 3127 3160 3130
f 3130 3160 3169
f 3130 3169 3128
f 3128 3169 3168
f 3128 3168 3133
f 3133 3168 3167
f 3133 3167 3134
f 3134 3167 3166
f 3134 3166 3138
f 3138 3166 3165
f 3138 3165 3141
f 3141 3165 3164
f 3141 3164 3142
f 3142 3164 3163
f 3142 3163 3144
f 3144 3163 3162
f 3144 3162 3147
f 3147 3162 3161
f 3147 3161 3115
f 3115 3161 3149
f 3115 3149 2761
f 2761 3149 2762
f 3122 3123 3170
f 2149 2121 3170
f 3170 2121 2132
f 3122 3170 3120
f 3118 3121 3171
f 2014 3025 3172
f 2014 3172 2011
f 2011 3172 2145
f 2011 2145 2012
f 2117 2120 3171
f 3171 2120 3172
f 3171 3172 3118
f 3118 3172 3025
f 3118 3025 3012
f 2120 2119 3172
f 3172 2119 2118
f 3172 2118 2145
f 2145 2118 2097
f 2145 2097 2098
f 3170 3173 3120
f 3120 3173 2112
f 3120 2112 3121
f 3121 2112 2111
f 3121 2111 3171
f 3171 2111 2116
f 3171 2116 2117
f 2132 2144 3170
f 3170 2144 2115
f 3170 2115 3173
f 3173 2115 2114
f 3173 2114 2112
f 3174 3175 3176
f 3176 3175 3177
f 3176 3177 3178
f 3179 3180 3181
f 3181 3180 3182
f 3183 3184 3185
f 3186 3187 3183
f 3188 3187 3189
f 3189 3187 3186
f 3189 3186 3190
f 3190 3186 3191
f 3190 3191 3192
f 3192 3191 3193
f 3194 3177 3175
f 3179 3195 3180
f 3180 3195 3178
f 3180 3178 3177
f 3177 3194 3180
f 3180 3194 3196
f 3180 3196 3182
f 3174 3193 3175
f 3175 3193 3191
f 3175 3191 3194
f 3194 3191 3186
f 3194 3186 3196
f 3196 3186 3183
f 3196 3183 3182
f 3182 3183 3185
f 3182 3185 3181
f 3174 3197 3193
f 3193 3197 3198
f 3193 3198 3192
f 3192 3198 3190
f 3190 3198 3199
f 3190 3199 3189
f 3189 3199 3200
f 3189 3200 3188
f 3201 3200 3202
f 3202 3200 3199
f 3202 3199 3203
f 3203 3199 3198
f 3203 3198 3204
f 3204 3198 3197
f 3204 3197 3205
f 3206 3207 3208
f 3208 3207 3209
f 3208 3210 3211
f 3211 3212 3208
f 3208 3212 3213
f 3208 3213 3206
f 3209 3205 3208
f 3208 3205 3197
f 3208 3197 3174
f 3210 3208 3214
f 3214 3208 3174
f 3214 3174 3215
f 3176 3178 3216
f 3217 3218 3219
f 3219 3218 3215
f 3219 3215 3176
f 3176 3215 3174
f 3176 3216 3219
f 3219 3216 3220
f 3219 3220 3217
f 3221 3222 3223
f 3223 3222 3224
f 3203 3204 3225
f 3226 3227 3228
f 3229 3230 3231
f 3232 3233 3234
f 3234 3233 3201
f 3223 3224 3235
f 3235 3224 3236
f 3235 3236 3237
f 3237 3236 3238
f 3237 3238 3234
f 3234 3238 3239
f 3234 3239 3232
f 3230 3229 3235
f 3235 3229 3221
f 3235 3221 3223
f 3227 3226 3240
f 3210 3214 3241
f 3241 3242 3210
f 3210 3242 3243
f 3210 3243 3211
f 3211 3243 3244
f 3211 3244 3212
f 3244 3245 3212
f 3212 3245 3246
f 3212 3246 3213
f 3213 3246 3247
f 3213 3247 3206
f 3247 3248 3206
f 3206 3248 3249
f 3206 3249 3207
f 3207 3249 3225
f 3207 3225 3209
f 3209 3225 3204
f 3209 3204 3205
f 3201 3202 3234
f 3234 3202 3250
f 3234 3250 3237
f 3237 3250 3251
f 3237 3251 3235
f 3235 3251 3252
f 3235 3252 3230
f 3230 3252 3253
f 3230 3253 3231
f 3231 3253 3254
f 3231 3254 3255
f 3255 3254 3256
f 3255 3256 3257
f 3257 3256 3258
f 3257 3258 3259
f 3259 3258 3260
f 3259 3260 3226
f 3226 3260 3261
f 3226 3261 3240
f 3202 3203 3250
f 3250 3203 3225
f 3250 3225 3251
f 3251 3225 3249
f 3251 3249 3252
f 3252 3249 3248
f 3252 3248 3253
f 3253 3248 3247
f 3253 3247 3254
f 3254 3247 3246
f 3254 3246 3256
f 3256 3246 3245
f 3256 3245 3258
f 3258 3245 3244
f 3258 3244 3260
f 3260 3244 3243
f 3260 3243 3261
f 3261 3243 3242
f 3261 3242 3240
f 3240 3242 3241
f 3262 3263 3264
f 3221 3229 3222
f 3222 3229 3231
f 3222 3231 3265
f 3231 3255 3265
f 3265 3255 3257
f 3265 3257 3266
f 3266 3257 3259
f 3266 3259 3267
f 3267 3259 3226
f 3267 3226 3264
f 3264 3226 3228
f 3264 3228 3262
f 3268 3269 3270
f 3270 3269 3271
f 3270 3271 3272
f 3273 3274 3270
f 3270 3274 3275
f 3270 3275 3268
f 3276 3277 3270
f 3270 3277 3278
f 3270 3278 3279
f 3279 3280 3270
f 3270 3280 3281
f 3281 3282 3270
f 3270 3282 3283
f 3270 3283 3273
f 3284 3276 3285
f 3285 3276 3286
f 3285 3286 3287
f 3287 3286 3288
f 3270 3272 3276
f 3276 3272 3289
f 3276 3289 3286
f 3286 3289 3290
f 3286 3290 3291
f 3291 3292 3286
f 3286 3292 3293
f 3286 3293 3288
f 3294 3295 3296
f 3297 3298 3299
f 3297 3299 3296
f 3296 3299 3300
f 3296 3300 3294
f 3301 3302 3303
f 3304 3305 3278
f 3296 3295 3306
f 3306 3295 3307
f 3306 3307 3308
f 3308 3307 3309
f 3308 3309 3310
f 3310 3309 3311
f 3310 3311 3312
f 3313 3314 3297
f 3302 3301 3314
f 3314 3301 3315
f 3314 3315 3297
f 3316 3317 3318
f 3319 3320 3321
f 3321 3320 3322
f 3321 3322 3318
f 3318 3322 3323
f 3318 3323 3316
f 3324 3325 3326
f 3326 3325 3327
f 3328 3329 3330
f 3330 3324 3328
f 3328 3324 3326
f 3328 3326 3331
f 3331 3326 3332
f 3331 3332 3333
f 3278 3277 3304
f 3304 3277 3276
f 3304 3276 3334
f 3334 3276 3284
f 3334 3284 3335
f 3335 3284 3285
f 3335 3285 3336
f 3336 3285 3287
f 3336 3287 3337
f 3337 3287 3288
f 3337 3288 3317
f 3317 3288 3293
f 3317 3293 3318
f 3318 3293 3292
f 3318 3292 3321
f 3321 3292 3291
f 3312 3338 3310
f 3310 3338 3339
f 3310 3339 3308
f 3308 3339 3340
f 3308 3340 3306
f 3306 3340 3313
f 3306 3313 3296
f 3296 3313 3297
f 3338 3305 3339
f 3339 3305 3304
f 3339 3304 3340
f 3340 3304 3334
f 3340 3334 3313
f 3313 3334 3335
f 3313 3335 3314
f 3314 3335 3336
f 3314 3336 3302
f 3302 3336 3337
f 3302 3337 3303
f 3303 3337 3317
f 3303 3317 3341
f 3341 3317 3316
f 3327 3319 3326
f 3326 3319 3321
f 3326 3321 3332
f 3332 3321 3291
f 3332 3291 3333
f 3333 3291 3290
f 3342 3343 3273
f 3344 3345 3346
f 3346 3347 3344
f 3344 3347 3348
f 3344 3348 3349
f 3349 3348 3350
f 3349 3350 3351
f 3351 3350 3352
f 3352 3350 3312
f 3352 3312 3311
f 3353 3280 3305
f 3305 3280 3279
f 3305 3279 3278
f 3273 3283 3342
f 3342 3283 3282
f 3342 3282 3354
f 3354 3282 3281
f 3354 3281 3353
f 3353 3281 3280
f 3346 3355 3347
f 3347 3355 3356
f 3347 3356 3348
f 3348 3356 3357
f 3348 3357 3350
f 3350 3357 3358
f 3350 3358 3312
f 3312 3358 3338
f 3355 3343 3356
f 3356 3343 3342
f 3356 3342 3357
f 3357 3342 3354
f 3357 3354 3358
f 3358 3354 3353
f 3358 3353 3338
f 3338 3353 3305
f 3359 3360 3361
f 3362 3349 3351
f 3361 3345 3362
f 3362 3345 3344
f 3362 3344 3349
f 3359 3361 3263
f 3263 3361 3362
f 3263 3362 3264
f 3264 3362 3363
f 3264 3363 3267
f 3351 3352 3362
f 3362 3352 3311
f 3362 3311 3363
f 3363 3311 3309
f 3363 3309 3307
f 3307 3295 3363
f 3363 3295 3294
f 3363 3294 3300
f 3179 3181 3364
f 3365 3263 3227
f 3227 3263 3262
f 3227 3262 3228
f 3366 3360 3365
f 3365 3360 3359
f 3365 3359 3263
f 3367 3368 3369
f 3369 3368 3370
f 3369 3370 3371
f 3371 3370 3372
f 3371 3372 3373
f 3373 3372 3366
f 3373 3366 3374
f 3374 3366 3365
f 3184 3375 3185
f 3185 3375 3376
f 3185 3376 3367
f 3367 3376 3377
f 3367 3377 3368
f 3179 3364 3195
f 3378 3379 3216
f 3216 3379 3220
f 3379 3380 3220
f 3220 3380 3381
f 3220 3381 3217
f 3217 3381 3382
f 3217 3382 3218
f 3218 3382 3383
f 3218 3383 3215
f 3215 3383 3241
f 3215 3241 3214
f 3227 3240 3365
f 3365 3240 3384
f 3365 3384 3374
f 3374 3384 3385
f 3374 3385 3373
f 3373 3385 3386
f 3373 3386 3371
f 3371 3386 3387
f 3371 3387 3369
f 3369 3387 3388
f 3369 3388 3367
f 3367 3388 3364
f 3367 3364 3185
f 3185 3364 3181
f 3240 3241 3384
f 3384 3241 3383
f 3384 3383 3385
f 3385 3383 3382
f 3385 3382 3386
f 3386 3382 3381
f 3386 3381 3387
f 3387 3381 3380
f 3387 3380 3388
f 3388 3380 3379
f 3388 3379 3364
f 3364 3379 3378
f 3364 3378 3195
f 3195 3378 3216
f 3195 3216 3178
f 3389 3390 3391
f 3377 3376 3392
f 3368 3393 3394
f 3394 3393 3390
f 3394 3390 3395
f 3395 3390 3389
f 3395 3389 3396
f 3389 3397 3396
f 3396 3397 3398
f 3396 3398 3399
f 3399 3398 3400
f 3400 3401 3399
f 3399 3401 3170
f 3399 3170 3123
f 3400 3402 3401
f 3401 3402 3403
f 3401 3403 3170
f 3170 3403 3404
f 3170 3404 2149
f 2149 3404 3405
f 2149 3405 3406
f 3391 3390 3407
f 3407 3390 3393
f 3407 3393 3408
f 3408 3393 3409
f 3408 3409 3410
f 3368 3377 3393
f 3393 3377 3392
f 3393 3392 3409
f 3409 3392 3411
f 3412 3413 3414
f 3415 3408 3416
f 3416 3408 3410
f 3416 3410 3417
f 3417 3410 599
f 3417 599 600
f 3415 3418 3419
f 3419 3418 3414
f 3419 3414 3420
f 3413 3421 3414
f 3414 3421 3422
f 3414 3422 3420
f 3423 3424 3425
f 3425 3424 648
f 3425 648 647
f 603 616 3426
f 3426 616 650
f 3426 650 3427
f 3427 650 649
f 3427 649 3428
f 3428 649 648
f 3428 648 3429
f 3429 648 3424
f 600 601 3417
f 3417 601 3430
f 3417 3430 3416
f 3416 3430 3431
f 3416 3431 3415
f 3415 3431 3432
f 3415 3432 3418
f 601 603 3430
f 3430 603 3426
f 3430 3426 3431
f 3431 3426 3427
f 3431 3427 3432
f 3432 3427 3428
f 3432 3428 3418
f 3418 3428 3429
f 3418 3429 3414
f 3414 3429 3424
f 3414 3424 3412
f 3412 3424 3423
f 3408 3415 3407
f 3407 3415 3419
f 3403 3402 3433
f 3433 3402 3400
f 3433 3400 3421
f 3421 3400 3398
f 3421 3398 3422
f 3422 3398 3397
f 3422 3397 3420
f 3420 3397 3389
f 3420 3389 3419
f 3419 3389 3391
f 3419 3391 3407
f 3434 3421 3435
f 3435 3421 3413
f 3403 3433 3436
f 3436 3437 3403
f 3403 3437 3438
f 3403 3438 3404
f 3439 635 619
f 3438 3440 3404
f 3404 3440 3441
f 3404 3441 3405
f 3405 3441 3439
f 3405 3439 3406
f 3406 3439 619
f 3406 619 620
f 651 630 629
f 3412 3423 3442
f 3442 3423 3425
f 629 3443 651
f 651 3443 3444
f 651 3444 652
f 652 3444 3445
f 652 3445 643
f 643 3445 3446
f 643 3446 642
f 642 3446 3447
f 642 3447 641
f 641 3447 3448
f 641 3448 644
f 644 3448 3442
f 644 3442 645
f 645 3442 3425
f 645 3425 647
f 3433 3421 3436
f 3436 3421 3434
f 3436 3434 3437
f 3437 3434 3449
f 3437 3449 3438
f 3438 3449 3450
f 3438 3450 3440
f 3440 3450 3451
f 3440 3451 3441
f 3441 3451 3452
f 3441 3452 3439
f 3439 3452 3453
f 3439 3453 635
f 3413 3412 3435
f 3435 3412 3442
f 3435 3442 3434
f 3434 3442 3448
f 3434 3448 3449
f 3449 3448 3447
f 3449 3447 3450
f 3450 3447 3446
f 3450 3446 3451
f 3451 3446 3445
f 3451 3445 3452
f 3452 3445 3444
f 3452 3444 3453
f 3453 3444 3443
f 3453 3443 635
f 635 3443 629
f 599 3410 3409
f 3454 2287 3455
f 2149 3406 620
f 2198 1577 3456
f 1577 1571 3456
f 3456 1571 1569
f 3456 1569 2148
f 2148 1569 1568
f 2148 1568 1576
f 2224 2223 3457
f 3457 2223 2221
f 3457 2221 3456
f 3456 2221 2199
f 3456 2199 2198
f 3455 2213 2224
f 2287 2274 3455
f 3455 2274 2273
f 3455 2273 2213
f 2273 2276 2213
f 2213 2276 2289
f 2213 2289 2214
f 3409 3411 3458
f 2224 3457 3455
f 3455 3457 597
f 3455 597 596
f 596 599 3455
f 3455 599 3409
f 3455 3409 3454
f 3454 3409 3458
f 3454 3458 3459
f 2149 620 2148
f 2148 620 618
f 2148 618 3456
f 3456 618 623
f 3456 623 625
f 625 626 3456
f 3456 626 594
f 3456 594 3457
f 3457 594 593
f 3457 593 597
f 3460 3461 3462
f 3454 3459 3462
f 3462 3459 3463
f 3462 3463 3460
f 2270 2287 3454
f 3454 3462 2270
f 2270 3462 3464
f 2270 3464 2271
f 2271 3464 3465
f 2271 3465 2283
f 2283 3465 2265
f 2283 2265 2266
f 2263 2265 2255
f 2255 2265 3465
f 2255 3465 2256
f 2256 3465 3464
f 2256 3464 2250
f 2250 3464 2251
f 2251 3464 3462
f 2251 3462 2253
f 2253 3462 3461
f 2253 3461 2254
f 2331 2315 2332
f 2332 2315 3466
f 3466 2315 3467
f 3467 2315 2317
f 3467 2317 3468
f 3468 2317 3469
f 3469 2317 2262
f 3469 2262 3470
f 3470 2262 3471
f 3471 2262 2259
f 3471 2259 2252
f 2252 2254 3471
f 3471 2254 3461
f 3471 3461 3460
f 3460 3472 3471
f 3471 3472 3473
f 3471 3473 3470
f 3474 3473 3475
f 3475 3473 3472
f 3475 3472 3411
f 3411 3472 3460
f 3411 3460 3458
f 3458 3460 3463
f 3458 3463 3459
f 3392 3476 3411
f 3411 3476 3475
f 3477 3474 3475
f 3200 3201 3477
f 3477 3201 3233
f 3477 3233 3232
f 3475 3476 3477
f 3477 3476 3188
f 3477 3188 3200
f 3392 3376 3375
f 3375 3184 3392
f 3392 3184 3183
f 3392 3183 3476
f 3476 3183 3187
f 3476 3187 3188
f 3239 3238 3478
f 3232 3479 3477
f 3477 3479 3473
f 3477 3473 3474
f 3470 3473 3469
f 3469 3473 3479
f 3469 3479 3468
f 3468 3479 3480
f 3232 3239 3479
f 3479 3239 3478
f 3479 3478 3480
f 3480 3478 3481
f 2352 2353 3482
f 2352 3482 2351
f 2351 3482 3483
f 2351 3483 3484
f 3484 3483 3485
f 3485 3483 3480
f 3485 3480 3481
f 2333 2332 3483
f 3483 2332 3466
f 3483 3466 3480
f 3480 3466 3467
f 3480 3467 3468
f 2333 3483 2334
f 2334 3483 3482
f 2334 3482 2337
f 2337 3482 2353
f 2337 2353 2339
f 3486 3487 3488
f 3488 3489 3490
f 3486 3488 3491
f 3491 3488 3490
f 3491 3490 3492
f 3493 3494 3495
f 3495 3494 3496
f 3497 3498 3499
f 3500 3493 3499
f 3499 3493 3495
f 3499 3495 3497
f 3497 3495 3496
f 3497 3496 3501
f 3502 3503 3504
f 3505 3498 3497
f 3506 3507 3508
f 3508 3507 3509
f 3508 3509 3510
f 3510 3509 3505
f 3510 3505 3511
f 3511 3505 3497
f 3511 3497 3501
f 3512 3513 3514
f 3515 3516 3517
f 3517 3516 3518
f 3517 3518 3513
f 3513 3518 3519
f 3513 3519 3514
f 3517 3520 3515
f 3515 3520 3521
f 3515 3521 3522
f 3522 3521 3523
f 3522 3523 3524
f 3524 3523 3525
f 3524 3525 3526
f 3526 3525 3527
f 3526 3527 3528
f 3528 3527 3529
f 3528 3529 3530
f 3530 3529 3531
f 3530 3531 3532
f 3532 3531 3533
f 3532 3533 3534
f 3534 3533 3535
f 3502 3504 3536
f 3536 3504 3537
f 3536 3537 3538
f 3538 3537 3539
f 3538 3539 3540
f 3541 3486 3491
f 3492 3540 3491
f 3491 3540 3539
f 3491 3539 3541
f 3541 3539 3537
f 3541 3537 3542
f 3542 3537 3504
f 3542 3504 3543
f 3543 3504 3503
f 3543 3503 3535
f 3535 3503 3502
f 3535 3502 3534
f 3510 3544 3508
f 3508 3544 3512
f 3508 3512 3506
f 3506 3512 3514
f 3506 3514 3507
f 3501 3545 3511
f 3511 3545 3546
f 3511 3546 3510
f 3510 3546 3547
f 3510 3547 3544
f 3548 3486 3541
f 3549 3550 3551
f 3551 3550 3552
f 3551 3552 3553
f 3553 3552 3554
f 3553 3554 3555
f 3555 3554 3556
f 3557 3558 3559
f 3559 3558 3560
f 3559 3560 3549
f 3549 3560 3561
f 3549 3561 3550
f 3562 3563 3557
f 3557 3563 3564
f 3557 3564 3558
f 3565 3566 3567
f 3565 3567 3568
f 3569 3570 3565
f 3565 3570 3571
f 3565 3571 3566
f 3572 3573 3574
f 3574 3573 3575
f 3574 3575 3569
f 3569 3575 3576
f 3569 3576 3570
f 3577 3578 3579
f 3579 3578 3580
f 3579 3580 3581
f 3581 3580 3582
f 3581 3582 3583
f 3583 3582 3572
f 3583 3572 3584
f 3584 3572 3574
f 3585 3586 3577
f 3577 3586 3587
f 3577 3587 3578
f 3588 3589 3585
f 3501 3588 3545
f 3545 3588 3590
f 3545 3590 3546
f 3588 3585 3590
f 3590 3585 3577
f 3590 3577 3546
f 3546 3577 3579
f 3546 3579 3547
f 3547 3579 3581
f 3547 3581 3544
f 3544 3581 3583
f 3544 3583 3512
f 3512 3583 3584
f 3512 3584 3513
f 3513 3584 3574
f 3513 3574 3517
f 3517 3574 3520
f 3520 3574 3569
f 3520 3569 3521
f 3521 3569 3523
f 3523 3569 3565
f 3523 3565 3525
f 3533 3531 3568
f 3568 3531 3529
f 3568 3529 3565
f 3565 3529 3527
f 3565 3527 3525
f 3548 3541 3591
f 3567 3562 3568
f 3568 3562 3557
f 3568 3557 3533
f 3533 3557 3559
f 3533 3559 3535
f 3535 3559 3549
f 3535 3549 3543
f 3543 3549 3551
f 3543 3551 3542
f 3542 3551 3553
f 3542 3553 3541
f 3541 3553 3555
f 3541 3555 3591
f 3592 3593 3594
f 3592 3594 3595
f 3592 3596 3597
f 3597 3598 3592
f 3592 3598 3599
f 3592 3599 3593
f 3600 3596 3601
f 3602 3603 3600
f 3601 3604 3605
f 3600 3601 3602
f 3602 3601 3605
f 3602 3605 3606
f 3604 3601 3607
f 3607 3601 3608
f 3607 3608 3609
f 3609 3608 3610
f 3610 3608 3611
f 3610 3611 3612
f 3595 3611 3592
f 3592 3611 3608
f 3592 3608 3596
f 3596 3608 3601
f 3613 3614 3615
f 3616 3617 3618
f 3616 3618 3619
f 3619 3618 3620
f 3619 3620 3621
f 3621 3620 3622
f 3621 3622 3623
f 3624 3625 3626
f 3626 3625 3627
f 3626 3627 3622
f 3622 3627 3628
f 3622 3628 3623
f 3624 3626 3629
f 3629 3626 3630
f 3629 3630 3631
f 3631 3630 3632
f 3631 3632 3633
f 3633 3632 3634
f 3633 3634 3635
f 3634 3636 3635
f 3635 3636 3637
f 3635 3637 3638
f 3638 3637 3639
f 3638 3639 3640
f 3641 3642 3643
f 3644 3642 3645
f 3645 3642 3641
f 3645 3641 3646
f 3646 3641 3647
f 3641 3648 3647
f 3647 3648 3649
f 3647 3649 3650
f 3650 3649 3651
f 3650 3651 3652
f 3652 3651 3653
f 3652 3653 3654
f 3654 3653 3655
f 3654 3655 3656
f 3614 3613 3655
f 3655 3613 3657
f 3655 3657 3656
f 3658 3659 3615
f 3615 3659 3660
f 3615 3660 3613
f 3615 3661 3658
f 3658 3661 3662
f 3658 3662 3663
f 3663 3662 3664
f 3664 3662 3665
f 3664 3665 3666
f 3616 3604 3617
f 3617 3604 3607
f 3617 3607 3609
f 3667 3640 3668
f 3668 3640 3639
f 3668 3639 3669
f 3669 3639 3637
f 3669 3637 3670
f 3670 3637 3636
f 3670 3636 3671
f 3671 3636 3634
f 3671 3634 3672
f 3672 3634 3632
f 3672 3632 3673
f 3673 3632 3630
f 3673 3630 3674
f 3674 3630 3626
f 3674 3626 3675
f 3675 3626 3622
f 3675 3622 3676
f 3676 3622 3620
f 3676 3620 3677
f 3677 3620 3618
f 3677 3618 3678
f 3678 3618 3617
f 3678 3617 3679
f 3679 3617 3609
f 3679 3609 3610
f 3612 3666 3610
f 3610 3666 3665
f 3610 3665 3679
f 3679 3665 3662
f 3679 3662 3678
f 3678 3662 3661
f 3678 3661 3677
f 3677 3661 3615
f 3677 3615 3676
f 3676 3615 3614
f 3676 3614 3675
f 3675 3614 3655
f 3675 3655 3674
f 3674 3655 3653
f 3674 3653 3673
f 3673 3653 3651
f 3673 3651 3672
f 3672 3651 3649
f 3672 3649 3671
f 3671 3649 3648
f 3671 3648 3670
f 3670 3648 3641
f 3670 3641 3669
f 3669 3641 3643
f 3669 3643 3668
f 3680 3681 3682
f 3682 3681 3683
f 3684 3685 3686
f 3686 3685 3687
f 3686 3687 3688
f 3688 3687 3683
f 3688 3683 3689
f 3689 3683 3681
f 3689 3681 3606
f 3690 3691 3692
f 3689 3606 3693
f 3693 3606 3605
f 3689 3693 3688
f 3688 3693 3694
f 3688 3694 3686
f 3695 3696 3697
f 3697 3696 3698
f 3697 3698 3694
f 3694 3698 3684
f 3694 3684 3686
f 3691 3690 3699
f 3700 3701 3702
f 3703 3704 3692
f 3692 3704 3705
f 3692 3705 3690
f 3692 3706 3703
f 3703 3706 3707
f 3703 3707 3708
f 3708 3707 3709
f 3708 3709 3710
f 3711 3487 3712
f 3712 3713 3711
f 3711 3713 3640
f 3711 3640 3667
f 3625 3624 3700
f 3700 3624 3699
f 3700 3699 3701
f 3701 3699 3690
f 3712 3710 3713
f 3713 3710 3709
f 3713 3709 3640
f 3640 3709 3707
f 3640 3707 3638
f 3638 3707 3706
f 3638 3706 3635
f 3635 3706 3692
f 3635 3692 3633
f 3633 3692 3691
f 3633 3691 3631
f 3631 3691 3699
f 3631 3699 3629
f 3629 3699 3624
f 3621 3623 3714
f 3714 3623 3628
f 3714 3628 3700
f 3700 3628 3627
f 3700 3627 3625
f 3702 3715 3700
f 3700 3715 3695
f 3700 3695 3714
f 3714 3695 3697
f 3714 3697 3621
f 3621 3697 3694
f 3621 3694 3619
f 3619 3694 3693
f 3619 3693 3616
f 3616 3693 3605
f 3616 3605 3604
f 3487 3486 3712
f 3712 3486 3548
f 3712 3548 3591
f 3591 3555 3712
f 3712 3555 3556
f 3712 3556 3710
f 3716 3717 3718
f 3719 3720 3721
f 3720 3722 3723
f 3724 3725 3726
f 3726 3725 3727
f 3717 3716 3728
f 2361 2360 3729
f 2358 2356 3730
f 2355 2344 3731
f 2350 3732 3733
f 3732 2350 2351
f 3734 3735 3736
f 3737 3738 3739
f 3740 3741 3742
f 3685 3684 3743
f 3710 3556 3708
f 3708 3556 3744
f 3708 3744 3703
f 3703 3744 3745
f 3703 3745 3704
f 3704 3745 3746
f 3704 3746 3705
f 3705 3746 3690
f 3690 3746 3747
f 3690 3747 3701
f 3701 3747 3748
f 3701 3748 3702
f 3702 3748 3749
f 3702 3749 3715
f 3750 3751 3695
f 3749 3752 3715
f 3715 3752 3753
f 3715 3753 3695
f 3695 3753 3754
f 3695 3754 3750
f 3698 3696 3755
f 3755 3696 3695
f 3756 3757 3743
f 3743 3757 3687
f 3743 3687 3685
f 3758 3756 3759
f 3759 3756 3743
f 3759 3743 3755
f 3755 3743 3684
f 3755 3684 3698
f 3760 3761 3762
f 3762 3761 3763
f 3734 3736 3764
f 3764 3736 3765
f 3764 3765 3766
f 3766 3765 3767
f 3766 3767 3768
f 3768 3767 3485
f 3768 3485 3481
f 3769 2348 3733
f 3733 2348 2349
f 3733 2349 2350
f 3731 2344 3770
f 3770 2344 2345
f 3770 2345 3771
f 3771 2345 2346
f 3771 2346 3769
f 3769 2346 2347
f 3769 2347 2348
f 3719 3772 3720
f 3720 3772 3773
f 3720 3773 3722
f 3774 3775 3776
f 3776 3775 3777
f 3776 3777 3778
f 3778 3777 3779
f 3778 3779 3780
f 3780 3779 3781
f 3780 3781 3782
f 3783 3784 3785
f 3785 3784 3786
f 3787 3737 3788
f 3788 3737 3739
f 3788 3739 3789
f 3789 3739 3790
f 3789 3790 3729
f 3729 3790 3718
f 3729 3718 2361
f 2361 3718 3717
f 2361 3717 2362
f 2362 3717 3728
f 2362 3728 2363
f 2360 2358 3729
f 3729 2358 3730
f 3729 3730 3789
f 3789 3730 3791
f 3789 3791 3788
f 3788 3791 3735
f 3788 3735 3787
f 3787 3735 3734
f 2351 3484 3732
f 3732 3484 3792
f 3732 3792 3733
f 3733 3792 3793
f 3733 3793 3769
f 3769 3793 3794
f 3769 3794 3771
f 3771 3794 3795
f 3771 3795 3770
f 3770 3795 3796
f 3770 3796 3731
f 2356 2355 3730
f 3730 2355 3731
f 3730 3731 3791
f 3791 3731 3796
f 3791 3796 3735
f 3735 3796 3795
f 3735 3795 3736
f 3736 3795 3794
f 3736 3794 3765
f 3765 3794 3793
f 3765 3793 3767
f 3767 3793 3792
f 3767 3792 3485
f 3485 3792 3484
f 3738 3740 3739
f 3739 3740 3742
f 3739 3742 3790
f 3790 3742 3797
f 3790 3797 3718
f 3718 3797 3798
f 3718 3798 3716
f 3716 3798 3799
f 3716 3799 3800
f 3801 3783 3802
f 3802 3783 3785
f 3802 3785 3803
f 3803 3785 3804
f 3803 3804 3805
f 3805 3804 3806
f 3774 3776 3807
f 3807 3776 3808
f 3807 3808 3809
f 3809 3808 3810
f 3809 3810 3811
f 3811 3806 3809
f 3809 3806 3804
f 3809 3804 3807
f 3807 3804 3785
f 3807 3785 3774
f 3774 3785 3786
f 3774 3786 3775
f 3751 3801 3695
f 3695 3801 3802
f 3695 3802 3755
f 3755 3802 3803
f 3755 3803 3759
f 3759 3803 3805
f 3759 3805 3758
f 3758 3805 3806
f 3758 3806 3763
f 3763 3806 3811
f 3763 3811 3762
f 3762 3811 3810
f 3722 3812 3723
f 3723 3812 3724
f 3723 3724 3800
f 3800 3724 3726
f 3800 3726 3716
f 3716 3726 3727
f 3716 3727 3728
f 3741 3760 3742
f 3742 3760 3762
f 3742 3762 3797
f 3797 3762 3810
f 3797 3810 3798
f 3798 3810 3808
f 3798 3808 3799
f 3799 3808 3776
f 3799 3776 3800
f 3800 3776 3778
f 3800 3778 3723
f 3723 3778 3780
f 3723 3780 3720
f 3720 3780 3782
f 3720 3782 3721
f 3585 3813 3814
f 2388 2384 2385
f 2387 2389 3815
f 3815 2389 2390
f 3777 3775 3816
f 3783 3801 3816
f 3816 3801 3751
f 3816 3751 3750
f 3750 3754 3816
f 3816 3754 3753
f 3816 3753 3752
f 3775 3786 3816
f 3816 3786 3784
f 3816 3784 3783
f 3561 3560 3782
f 3812 3722 3817
f 3817 3722 3564
f 3722 3773 3564
f 3564 3773 3772
f 3564 3772 3558
f 3558 3772 3719
f 3558 3719 3560
f 3560 3719 3721
f 3560 3721 3782
f 3812 3817 3724
f 3724 3817 3818
f 3724 3818 3725
f 3819 3820 3727
f 3727 3820 3728
f 2363 3821 2377
f 2377 3821 2376
f 3822 2373 3823
f 3823 2373 2374
f 2363 3728 3821
f 3821 3728 3820
f 3821 3820 2376
f 2376 3820 3823
f 2376 3823 2375
f 2375 3823 2374
f 2383 2384 3824
f 3824 2384 2388
f 3824 2388 3825
f 2379 2380 3826
f 3826 2380 2381
f 3826 2381 3824
f 3824 2381 2382
f 3824 2382 2383
f 2392 2393 3813
f 3813 2393 2378
f 3813 2378 3814
f 2392 3813 3827
f 3827 3813 3585
f 3827 3585 3589
f 3578 3587 3814
f 3814 3587 3586
f 3814 3586 3585
f 3814 3828 3578
f 3578 3828 3829
f 3578 3829 3580
f 3580 3829 3830
f 3580 3830 3582
f 3582 3830 3831
f 3582 3831 3572
f 3572 3831 3573
f 3573 3831 3832
f 3573 3832 3575
f 3575 3832 3576
f 3576 3832 3833
f 3576 3833 3570
f 3564 3563 3817
f 3817 3563 3562
f 3817 3562 3818
f 3818 3562 3567
f 3818 3567 3834
f 3834 3567 3566
f 3834 3566 3833
f 3833 3566 3571
f 3833 3571 3570
f 3782 3835 3561
f 3561 3835 3836
f 3561 3836 3550
f 3550 3836 3837
f 3550 3837 3552
f 3556 3554 3744
f 3744 3554 3552
f 3744 3552 3745
f 3745 3552 3837
f 3745 3837 3746
f 3746 3837 3747
f 3749 3748 3838
f 3781 3779 3839
f 3839 3779 3777
f 3839 3777 3840
f 3840 3777 3816
f 3840 3816 3838
f 3838 3816 3752
f 3838 3752 3749
f 2386 2387 2388
f 2388 2387 3815
f 2388 3815 3825
f 3825 3815 2390
f 3825 2390 3841
f 3841 2390 2370
f 3841 2370 3842
f 3842 2370 2371
f 3842 2371 3822
f 3822 2371 2372
f 3822 2372 2373
f 3782 3781 3835
f 3835 3781 3839
f 3835 3839 3836
f 3836 3839 3840
f 3836 3840 3837
f 3837 3840 3838
f 3837 3838 3747
f 3747 3838 3748
f 2378 2379 3814
f 3814 2379 3826
f 3814 3826 3828
f 3828 3826 3824
f 3828 3824 3829
f 3829 3824 3825
f 3829 3825 3830
f 3830 3825 3841
f 3830 3841 3831
f 3831 3841 3842
f 3831 3842 3832
f 3832 3842 3822
f 3832 3822 3833
f 3833 3822 3823
f 3833 3823 3834
f 3834 3823 3820
f 3834 3820 3818
f 3818 3820 3819
f 3818 3819 3725
f 3725 3819 3727
f 3827 3589 3843
f 3827 3843 2392
f 2397 2396 3843
f 3843 2396 2395
f 3843 2395 2392
f 2397 3843 3844
f 3844 3843 3589
f 3844 3589 3588
f 3845 2401 2400
f 3496 3494 3845
f 2400 2397 3845
f 3845 2397 3844
f 3845 3844 3496
f 3496 3844 3588
f 3496 3588 3501
f 3846 2414 2407
f 3845 2406 2401
f 3845 3494 2406
f 2406 3494 3493
f 2406 3493 2407
f 2407 3493 3500
f 2407 3500 3846
f 2553 2427 2426
f 3500 3847 3846
f 3846 3847 2416
f 3846 2416 2414
f 2438 2439 3847
f 3847 2439 2417
f 3847 2417 2416
f 3847 3848 2438
f 2438 3848 3849
f 2438 3849 2432
f 2432 3849 3850
f 2432 3850 2433
f 2433 3850 3851
f 2433 3851 2434
f 2434 3851 3852
f 2434 3852 2426
f 2426 3852 2554
f 2426 2554 2553
f 3853 2569 2561
f 3500 3499 3854
f 3500 3854 3847
f 3847 3854 3855
f 3847 3855 3848
f 3852 3851 3856
f 3856 3851 3850
f 3856 3850 3855
f 3855 3850 3849
f 3855 3849 3848
f 3853 2561 3857
f 2554 3852 2561
f 2561 3852 3856
f 2561 3856 3857
f 3857 3856 3855
f 3857 3855 3858
f 3858 3855 3854
f 3858 3854 3859
f 3859 3854 3499
f 3859 3499 3498
f 3515 3860 3861
f 3862 3863 3864
f 3857 3865 3853
f 3853 3865 2607
f 3853 2607 2569
f 3865 3866 2607
f 2607 3866 3867
f 2607 3867 2605
f 3868 2603 3869
f 3869 2603 2605
f 3869 2605 3870
f 3870 2605 3867
f 3871 2596 3872
f 3872 2596 2598
f 3872 2598 3873
f 3873 2598 2599
f 3873 2599 3868
f 3868 2599 2601
f 3868 2601 2603
f 2589 2591 3874
f 3874 2591 2592
f 3874 2592 3871
f 3871 2592 2594
f 3871 2594 2596
f 2589 3874 2587
f 2587 3874 3875
f 2587 3875 2583
f 2583 3875 3876
f 2583 3876 2584
f 2584 3876 3877
f 2584 3877 2582
f 3877 3878 2582
f 2582 3878 3879
f 2582 3879 2577
f 3880 3881 3879
f 2578 2577 3882
f 3882 2577 3879
f 3882 3879 3883
f 3883 3879 3881
f 3540 3492 3862
f 3862 3864 3540
f 3540 3864 3884
f 3540 3884 3538
f 3538 3884 3885
f 3538 3885 3536
f 3536 3885 3886
f 3536 3886 3502
f 3502 3886 3534
f 3534 3886 3887
f 3534 3887 3532
f 3532 3887 3530
f 3530 3887 3888
f 3530 3888 3528
f 3860 3515 3889
f 3515 3522 3889
f 3889 3522 3524
f 3889 3524 3888
f 3888 3524 3526
f 3888 3526 3528
f 3859 3498 3890
f 3890 3498 3505
f 3890 3505 3891
f 3891 3505 3509
f 3891 3509 3892
f 3892 3509 3507
f 3892 3507 3893
f 3893 3507 3514
f 3893 3514 3894
f 3894 3514 3519
f 3894 3519 3895
f 3895 3519 3518
f 3895 3518 3861
f 3861 3518 3516
f 3861 3516 3515
f 3857 3858 3865
f 3865 3858 3896
f 3865 3896 3866
f 3866 3896 3897
f 3866 3897 3867
f 3867 3897 3898
f 3867 3898 3870
f 3870 3898 3899
f 3870 3899 3869
f 3869 3899 3900
f 3869 3900 3868
f 3868 3900 3901
f 3868 3901 3873
f 3873 3901 3902
f 3873 3902 3872
f 3872 3902 3903
f 3872 3903 3871
f 3871 3903 3904
f 3871 3904 3874
f 3874 3904 3905
f 3874 3905 3875
f 3875 3905 3906
f 3875 3906 3876
f 3876 3906 3907
f 3876 3907 3877
f 3877 3907 3908
f 3877 3908 3878
f 3878 3908 3909
f 3878 3909 3879
f 3879 3909 3910
f 3879 3910 3880
f 3880 3910 3911
f 3858 3859 3896
f 3896 3859 3890
f 3896 3890 3897
f 3897 3890 3891
f 3897 3891 3898
f 3898 3891 3892
f 3898 3892 3899
f 3899 3892 3893
f 3899 3893 3900
f 3900 3893 3894
f 3900 3894 3901
f 3901 3894 3895
f 3901 3895 3902
f 3902 3895 3861
f 3902 3861 3903
f 3903 3861 3860
f 3903 3860 3904
f 3904 3860 3889
f 3904 3889 3905
f 3905 3889 3888
f 3905 3888 3906
f 3906 3888 3887
f 3906 3887 3907
f 3907 3887 3886
f 3907 3886 3908
f 3908 3886 3885
f 3908 3885 3909
f 3909 3885 3884
f 3909 3884 3910
f 3910 3884 3864
f 3910 3864 3911
f 3911 3864 3863
f 3862 3492 3490
f 3912 3911 3863
f 3911 3912 3880
f 3880 3912 3913
f 3880 3913 3881
f 3881 3913 3883
f 3883 3913 3914
f 3883 3914 3882
f 3882 3914 2645
f 3882 2645 2578
f 2647 2645 3915
f 3915 2645 3914
f 3915 3914 3916
f 3916 3914 3913
f 3916 3913 3917
f 3917 3913 3918
f 3918 3913 3912
f 3918 3912 3919
f 3490 3489 3920
f 3920 3489 3921
f 3862 3490 3863
f 3863 3490 3920
f 3863 3920 3912
f 3912 3920 3921
f 3912 3921 3919
f 3918 3922 3923
f 3918 3923 3917
f 3917 3923 3924
f 3917 3924 3916
f 3916 3924 3925
f 3916 3925 3915
f 3915 3925 2666
f 3915 2666 2647
f 2667 2666 3926
f 3926 2666 3925
f 3926 3925 3927
f 3927 3925 3924
f 3927 3924 3928
f 3928 3924 3923
f 3928 3923 3929
f 3929 3923 3922
f 3929 3922 3930
f 3930 3922 3931
f 3932 3931 3933
f 3933 3931 3922
f 3933 3922 3919
f 3919 3922 3918
f 3933 3934 3932
f 3932 3934 3935
f 3932 3935 3936
f 3488 3487 3711
f 3919 3921 3933
f 3933 3921 3489
f 3933 3489 3934
f 3934 3489 3488
f 3934 3488 3935
f 3935 3488 3711
f 3935 3711 3936
f 3936 3711 3667
f 3937 3938 3939
f 3667 3668 3940
f 3667 3940 3936
f 3936 3940 3941
f 3936 3941 3932
f 3931 3942 3930
f 3930 3942 3929
f 3929 3942 3928
f 3928 3942 3943
f 3928 3943 3927
f 3943 3944 3945
f 3927 3943 3926
f 3926 3943 3945
f 3926 3945 2667
f 3946 3937 3947
f 3947 3937 3939
f 3947 3939 3948
f 3947 3949 3950
f 3946 3947 3951
f 3951 3947 3950
f 3951 3950 3952
f 3953 3954 3955
f 3955 3954 3956
f 3955 3957 3953
f 3953 3957 3958
f 3953 3958 3959
f 3959 3958 3642
f 3959 3642 3644
f 3668 3643 3940
f 3940 3643 3960
f 3940 3960 3941
f 3941 3960 3961
f 3941 3961 3948
f 3938 3944 3939
f 3939 3944 3943
f 3939 3943 3948
f 3948 3943 3942
f 3948 3942 3941
f 3941 3942 3931
f 3941 3931 3932
f 3643 3642 3960
f 3960 3642 3958
f 3960 3958 3961
f 3961 3958 3957
f 3961 3957 3948
f 3948 3957 3955
f 3948 3955 3947
f 3947 3955 3956
f 3947 3956 3949
f 3937 3946 3962
f 3963 2697 2696
f 3963 2696 3964
f 2696 3965 3964
f 3964 3965 3966
f 3964 3966 3967
f 3967 3966 3968
f 3968 3966 3969
f 3968 3969 3970
f 3951 3952 3971
f 3951 3971 3946
f 3946 3971 3972
f 3946 3972 3962
f 3962 3972 3973
f 3962 3973 3974
f 3975 2663 2665
f 3938 3976 3944
f 3944 3976 3975
f 3944 3975 3945
f 3945 3975 2665
f 3945 2665 2667
f 2655 2657 3977
f 2657 2658 3977
f 3977 2658 2660
f 3977 2660 2662
f 3978 3979 3980
f 3980 3979 3981
f 3980 3981 2699
f 2699 3981 2739
f 3982 3979 3977
f 3977 3979 3978
f 3977 3978 2655
f 2655 3978 3980
f 2655 3980 2653
f 2653 3980 2699
f 2653 2699 2650
f 3938 3937 3976
f 3976 3937 3962
f 3976 3962 3969
f 3969 3962 3974
f 3969 3974 3970
f 2696 2739 3965
f 3965 2739 3981
f 3965 3981 3966
f 3966 3981 3979
f 3966 3979 3969
f 3969 3979 3982
f 3969 3982 3976
f 3976 3982 3977
f 3976 3977 3975
f 3975 3977 2662
f 3975 2662 2663
f 580 545 3983
f 388 389 576
f 3963 387 2697
f 2697 387 388
f 2697 388 2695
f 2695 388 576
f 2695 576 2693
f 2693 576 592
f 2693 592 2691
f 2691 592 2689
f 3974 3984 3970
f 3970 3984 3985
f 3970 3985 3968
f 3968 3985 3967
f 3986 387 3987
f 3987 387 3963
f 3987 3963 3985
f 3985 3963 3964
f 3985 3964 3967
f 3974 3973 3984
f 3984 3973 3972
f 3984 3972 3988
f 3988 3972 3971
f 3988 3971 3952
f 2689 592 2687
f 2687 592 591
f 2687 591 2685
f 591 590 2685
f 2685 590 589
f 2685 589 2683
f 2683 589 588
f 2683 588 2682
f 2682 588 587
f 2682 587 2677
f 2677 587 583
f 2677 583 2678
f 2678 583 584
f 580 3983 581
f 584 585 2678
f 2678 585 586
f 2678 586 2679
f 2679 586 2670
f 2670 586 577
f 2670 577 2672
f 2672 577 578
f 2672 578 2674
f 2674 578 579
f 2674 579 582
f 582 581 2674
f 2674 581 3983
f 2674 3983 2676
f 2742 2744 3989
f 3989 2744 2772
f 3989 2772 3983
f 3983 2772 2834
f 3983 2834 2676
f 3986 3990 3991
f 387 3986 391
f 391 3986 3991
f 391 3991 392
f 392 3991 451
f 552 541 279
f 3990 3992 277
f 255 419 257
f 257 419 421
f 257 421 259
f 259 421 415
f 259 415 263
f 263 415 413
f 263 413 267
f 286 398 290
f 290 398 403
f 290 403 292
f 292 403 426
f 292 426 255
f 255 426 417
f 255 417 419
f 279 541 281
f 281 541 394
f 281 394 286
f 286 394 393
f 286 393 398
f 277 3992 279
f 279 3992 3993
f 279 3993 552
f 3991 3990 451
f 451 3990 277
f 451 277 430
f 430 277 270
f 430 270 405
f 405 270 253
f 405 253 407
f 407 253 252
f 407 252 409
f 409 252 267
f 409 267 402
f 402 267 413
f 557 556 3657
f 3644 3992 3990
f 3990 3986 3987
f 3644 3990 3959
f 3959 3990 3987
f 3959 3987 3985
f 555 3654 556
f 556 3654 3656
f 556 3656 3657
f 553 3647 554
f 554 3647 3650
f 554 3650 555
f 555 3650 3652
f 555 3652 3654
f 3644 3645 3992
f 3992 3645 3646
f 3992 3646 3993
f 3993 3646 3647
f 3993 3647 552
f 552 3647 553
f 557 3657 558
f 558 3657 3613
f 558 3613 542
f 3664 551 550
f 550 549 3664
f 3664 549 548
f 3664 548 3663
f 3663 548 547
f 3663 547 3658
f 547 546 3658
f 3658 546 537
f 3658 537 3659
f 3659 537 536
f 3659 536 3660
f 3660 536 539
f 3660 539 3613
f 3613 539 540
f 3613 540 542
f 545 544 3983
f 3983 544 3989
f 3611 543 3612
f 3612 543 551
f 3612 551 3666
f 3666 551 3664
f 3594 2742 3595
f 3595 2742 3989
f 3595 3989 3611
f 3611 3989 544
f 3611 544 543
f 3949 3984 3950
f 3950 3984 3988
f 3950 3988 3952
f 3949 3956 3984
f 3984 3956 3954
f 3984 3954 3985
f 3985 3954 3953
f 3985 3953 3959
f 2742 3594 3994
f 2742 3994 2740
f 2740 3994 3995
f 2740 3995 2752
f 2752 2750 2740
f 2740 2750 2749
f 2740 2749 2745
f 3599 3598 3996
f 2759 2752 3995
f 3594 3593 3994
f 3994 3593 3997
f 3994 3997 3995
f 2760 2759 3998
f 3998 2759 3995
f 3998 3995 3999
f 3999 3995 3997
f 3999 3997 3996
f 3996 3997 3593
f 3996 3593 3599
f 42 44 4000
f 25 30 4001
f 4002 4003 4004
f 3129 4005 4006
f 3999 3996 4007
f 3996 3598 3603
f 3603 3598 3597
f 3603 3597 3600
f 3600 3597 3596
f 3999 4007 3998
f 2757 2758 4008
f 4008 2758 2760
f 2756 4009 2755
f 2755 4009 4010
f 2755 4010 3148
f 3148 4010 3146
f 3146 4010 4011
f 3146 4011 3145
f 3145 4011 4012
f 3145 4012 3143
f 3143 4012 4013
f 3143 4013 3136
f 3136 4013 3137
f 3137 4013 4014
f 3137 4014 3139
f 3139 4014 3140
f 3140 4014 4015
f 3140 4015 3135
f 3135 4015 4016
f 3135 4016 3131
f 3131 4016 4017
f 3131 4017 3132
f 4005 3129 4017
f 4017 3129 3132
f 945 944 4006
f 945 4006 935
f 899 897 4001
f 4001 897 902
f 4001 902 904
f 904 905 4001
f 4001 905 907
f 4001 907 4006
f 4006 907 922
f 4006 922 935
f 944 943 4006
f 4006 943 942
f 4006 942 3129
f 4018 1011 1010
f 1010 1012 4018
f 4018 1012 1019
f 4018 1019 1017
f 1040 1061 4001
f 1017 1016 4018
f 4018 1016 1021
f 4018 1021 4001
f 4001 1021 1038
f 4001 1038 1040
f 1061 1060 4001
f 4001 1060 1059
f 4001 1059 1058
f 1058 1057 4001
f 4001 1057 3125
f 4001 3125 899
f 1011 187 3124
f 3124 187 192
f 3124 192 191
f 197 3399 195
f 195 3399 3123
f 195 3123 188
f 188 3123 3124
f 188 3124 189
f 189 3124 191
f 197 199 3399
f 3399 199 201
f 3399 201 3396
f 201 131 3396
f 3396 131 130
f 3396 130 3395
f 130 142 3395
f 3395 142 140
f 3395 140 3394
f 3394 140 4019
f 3394 4019 3366
f 3366 3372 3394
f 3394 3372 3370
f 3394 3370 3368
f 4000 3361 4019
f 4019 3361 3360
f 4019 3360 3366
f 4020 4021 4000
f 4000 4021 3345
f 4000 3345 3361
f 4022 4023 44
f 4022 44 4024
f 4024 44 46
f 4024 46 4025
f 4023 4026 44
f 44 4026 4027
f 44 4027 4000
f 4000 4027 4028
f 4000 4028 4020
f 4025 46 4029
f 4029 46 108
f 4029 108 88
f 88 87 4029
f 4029 87 67
f 4029 67 4030
f 4030 67 66
f 4030 66 71
f 4030 4031 4032
f 4032 4031 4033
f 4032 4033 4034
f 4034 4033 4035
f 4035 4033 4036
f 4035 4036 4037
f 4037 4036 4038
f 4038 4036 4039
f 4038 4039 4040
f 4040 4039 4041
f 4041 4039 4042
f 4041 4042 4043
f 4003 4002 4042
f 4042 4002 4044
f 4042 4044 4043
f 3996 3603 4007
f 4007 3603 4045
f 4007 4045 4046
f 4046 4045 4047
f 4046 4047 4048
f 4048 4047 4049
f 4048 4049 4004
f 4004 4049 4050
f 4004 4050 4002
f 169 174 4018
f 4018 174 176
f 4018 176 1011
f 1011 176 181
f 1011 181 187
f 140 138 4019
f 4019 138 136
f 4019 136 4000
f 4000 136 173
f 170 4051 171
f 171 4051 4000
f 171 4000 172
f 172 4000 173
f 25 4001 26
f 26 4001 4006
f 26 4006 94
f 74 76 4052
f 4052 76 4053
f 76 79 4053
f 4053 79 81
f 4053 81 85
f 34 36 4051
f 4051 36 38
f 4051 38 4000
f 4000 38 40
f 4000 40 42
f 170 169 4051
f 4051 169 4018
f 4051 4018 34
f 34 4018 4001
f 34 4001 32
f 32 4001 30
f 71 73 4030
f 4030 73 74
f 4030 74 4031
f 4031 74 4052
f 4031 4052 4033
f 4033 4052 4054
f 4033 4054 4036
f 4036 4054 4055
f 4036 4055 4039
f 4039 4055 4056
f 4039 4056 4042
f 4042 4056 4057
f 4042 4057 4003
f 4003 4057 4058
f 4003 4058 4004
f 4004 4058 4059
f 4004 4059 4048
f 4048 4059 4060
f 4048 4060 4046
f 4046 4060 4061
f 4046 4061 4007
f 4007 4061 4008
f 4007 4008 3998
f 3998 4008 2760
f 85 94 4053
f 4053 94 4006
f 4053 4006 4052
f 4052 4006 4005
f 4052 4005 4054
f 4054 4005 4017
f 4054 4017 4055
f 4055 4017 4016
f 4055 4016 4056
f 4056 4016 4015
f 4056 4015 4057
f 4057 4015 4014
f 4057 4014 4058
f 4058 4014 4013
f 4058 4013 4059
f 4059 4013 4012
f 4059 4012 4060
f 4060 4012 4011
f 4060 4011 4061
f 4061 4011 4010
f 4061 4010 4008
f 4008 4010 4009
f 4008 4009 2757
f 2757 4009 2756
f 3602 4062 3603
f 3603 4062 4045
f 4002 4050 4063
f 4063 4050 4049
f 4063 4049 4062
f 4062 4049 4047
f 4062 4047 4045
f 4043 4044 4064
f 4064 4044 4002
f 4064 4002 4065
f 4065 4002 4063
f 4041 4066 4067
f 4041 4067 4040
f 4040 4067 4068
f 4040 4068 4038
f 4038 4068 4069
f 4038 4069 4037
f 4069 4070 4037
f 4037 4070 4071
f 4037 4071 4035
f 4035 4071 4072
f 4035 4072 4034
f 4073 4074 4075
f 4075 4074 4076
f 4076 4077 4075
f 4075 4077 4078
f 4075 4078 4079
f 4072 4080 4034
f 4034 4080 4081
f 4034 4081 4032
f 4032 4081 4082
f 4032 4082 4030
f 4030 4082 4075
f 4030 4075 4029
f 4029 4075 4079
f 4029 4079 4025
f 4041 4043 4066
f 4066 4043 4064
f 4066 4064 4083
f 4083 4064 4065
f 4083 4065 4084
f 4084 4065 4063
f 4084 4063 4085
f 4085 4063 4062
f 4085 4062 3680
f 3680 4062 3681
f 3681 4062 3602
f 3681 3602 3606
f 3683 3687 3757
f 3266 3267 3363
f 4086 3758 3763
f 3682 4087 3680
f 3680 4087 4085
f 4085 4087 4084
f 4084 4087 4086
f 4084 4086 4083
f 4083 4086 3763
f 4083 3763 4066
f 4066 3763 4067
f 4067 3763 3761
f 4067 3761 4068
f 4068 3761 4069
f 4069 3761 3760
f 4069 3760 4070
f 4070 3760 4071
f 4071 3760 3741
f 4071 3741 4072
f 4072 3741 3740
f 4072 3740 4080
f 4080 3740 3738
f 4080 3738 4081
f 4088 4075 4089
f 4089 4075 4082
f 4089 4082 4081
f 4088 3299 3298
f 3298 4090 4088
f 4088 4090 4073
f 4088 4073 4075
f 3265 4091 3222
f 3222 4091 4092
f 3222 4092 3224
f 3265 3266 4091
f 4091 3266 3363
f 4091 3363 4088
f 4088 3363 3300
f 4088 3300 3299
f 3478 3238 3236
f 3768 3481 3478
f 4088 3766 4091
f 4091 3766 3768
f 4091 3768 4092
f 4092 3768 3478
f 4092 3478 3224
f 3224 3478 3236
f 3738 3737 4081
f 4081 3737 3787
f 4081 3787 4089
f 4089 3787 3734
f 4089 3734 4088
f 4088 3734 3764
f 4088 3764 3766
f 3758 4086 3756
f 3756 4086 4087
f 3756 4087 3757
f 3757 4087 3682
f 3757 3682 3683
f 3319 3327 4079
f 3298 3297 4090
f 4090 3297 3315
f 3301 4074 3315
f 3315 4074 4073
f 3315 4073 4090
f 3301 3303 4074
f 4074 3303 3341
f 4074 3341 4076
f 4076 3341 3316
f 4076 3316 4077
f 4077 3316 3323
f 4077 3323 4078
f 4078 3323 3322
f 4078 3322 4079
f 4079 3322 3320
f 4079 3320 3319
f 3327 3325 4079
f 4079 3325 3324
f 4079 3324 4025
f 4093 4024 3329
f 3329 4024 4025
f 3329 4025 3330
f 3330 4025 3324
f 4093 4094 4024
f 4024 4094 4095
f 4024 4095 4022
f 3274 4096 4097
f 4023 4022 4098
f 4023 4098 4026
f 4099 4021 4020
f 3346 3345 4021
f 4021 4099 3346
f 3346 4099 4100
f 3346 4100 3355
f 3355 4100 4101
f 3355 4101 3343
f 3274 4097 3275
f 3275 4097 4102
f 3275 4102 3268
f 4102 4103 3268
f 3268 4103 4104
f 3268 4104 3269
f 3269 4104 4105
f 3269 4105 3271
f 3271 4105 4106
f 3271 4106 3272
f 4022 4095 4098
f 4098 4095 4094
f 4098 4094 4107
f 4108 4109 4110
f 4110 4109 4111
f 4110 4111 4112
f 4112 4111 4113
f 4112 4113 4114
f 4114 4113 4115
f 4114 4115 4116
f 4116 4115 4117
f 4116 4117 4118
f 4096 4108 4097
f 4097 4108 4110
f 4097 4110 4102
f 4102 4110 4112
f 4102 4112 4103
f 4103 4112 4114
f 4103 4114 4104
f 4104 4114 4116
f 4104 4116 4105
f 4105 4116 4118
f 4105 4118 4106
f 3273 3343 3274
f 3274 3343 4101
f 3274 4101 4096
f 4096 4101 4100
f 4096 4100 4108
f 4108 4100 4099
f 4108 4099 4109
f 4109 4099 4020
f 4109 4020 4111
f 4111 4020 4028
f 4111 4028 4113
f 4113 4028 4027
f 4113 4027 4115
f 4115 4027 4026
f 4115 4026 4117
f 4117 4026 4098
f 4117 4098 4118
f 4118 4098 4107
f 4118 4107 4106
f 4119 4120 4107
f 4107 4120 4121
f 4107 4121 4106
f 3333 3290 3289
f 4107 4094 4119
f 4119 4094 4093
f 4119 4093 3329
f 3272 4106 3289
f 3289 4106 4121
f 3289 4121 3333
f 3333 4121 4120
f 3333 4120 3331
f 3331 4120 4119
f 3331 4119 3328
f 3328 4119 3329
