v 0.0069663869217038155 -0.00023992732167243958 -0.001985555281862617
v 0.00696638785302639 9.015704563353211e-05 -0.001997967949137092
v 0.0069663869217038155 0.0019985877443104982 -7.514344906667249e-05
v 0.006966387387365103 0.0011560303391888738 0.0016320539871230726
v 0.006966387387365103 0.0008716369047760963 0.001800067839212716
v 0.006966386456042528 -0.001914697582833469 -0.0005778716877102853
v 0.006966387387365103 0.0005634667468257248 0.00191898737102747
v 0.006966387387365103 0.0019146973500028253 0.0005778708728030325
v 0.0069663869217038155 0.0017934693023562431 0.0008851382881402972
v 0.006966387387365103 0.00023992663773242384 0.001985558075830341
v 0.00696638785302639 -9.015708928927779e-05 0.0019979670178145175
v 0.0069663869217038155 -0.00041778161539696157 0.001955877989530564
v 0.0069663869217038155 -0.0017934686038643122 -0.0008851389866322281
v 0.0069663869217038155 0.0019836972933262587 0.0002548412594478578
v 0.00696638785302639 0.0016233195783570409 0.0011682602344080808
v 0.0069663869217038155 0.0014088904717937112 0.0014195156982168557
v 0.006966388318687677 -0.0007340112933889031 0.001860439078882337
v 0.006966387387365103 -0.0010302180889993906 0.0017142512369900946
v 0.006966387387365103 -0.0019836979918181896 -0.00025483840727247303
v 0.00696638785302639 -0.0017219414003193378 0.001017306814901531
v 0.00696638785302639 -0.0018659004708752036 0.0007200103718787433
v 0.006966387387365103 -0.001531014102511108 0.0012868571793660524
v 0.0069663869217038155 -0.0019589620642364025 0.00040307437302544724
v 0.006966387387365103 -0.0012983233900740743 0.0015212994767352943
v 0.0069663869217038155 -0.001998587977141142 7.514261233154686e-05
v 0.00696638785302639 -0.0016233195783570409 -0.0011682612821459772
v 0.0069663869217038155 -0.0014088907046243548 -0.0014195165131241085
v 0.0069663869217038155 -0.0011560301063582301 -0.001632050960324705
v 0.0069663869217038155 0.00041778231388889253 -0.0019558786880224947
v 0.00696638785302639 0.0007340108277276158 -0.001860436401329935
v 0.0069663869217038155 0.0010302173905074596 -0.0017142484430223708
v 0.00696638785302639 0.0017219423316419125 -0.0010173076298087837
v 0.0069663869217038155 0.001958961831405759 -0.0004030752170365305
v 0.00696638785302639 0.0018659004708752036 -0.0007200113032013179
v 0.006966386456042528 -0.0008716362062841654 -0.0018000686541199688
v 0.0069663869217038155 -0.0005634665139950812 -0.0019189843442291026
v 0.006966386456042528 0.0012983231572434306 -0.001521300291642547
v 0.0069663869217038155 0.001531013404019177 -0.0012868543853983285
v 0.00596638722345233 -0.001983697758987546 -0.00025484114303253596
v 0.005966386757791042 -0.0019146976992487907 -0.0005778707563877107
v 0.00596638722345233 -0.0017934688366949558 -0.0008851380553096535
v 0.005966386292129755 -0.0016233200440183282 -0.001168260117992759
v 0.00596638722345233 -0.0014088908210396767 -0.001419515581801534
v 0.005966386757791042 -0.0011560298735275865 -0.001632053754292429
v 0.005966386757791042 -0.000871636439114809 -0.0018000676063820724
v 0.005966386757791042 -0.0005634662811644375 -0.0019189870217815046
v 0.005966386757791042 -0.00023992705973796546 -0.001985558075830341
v 0.005966386292129755 9.015664545586333e-05 -0.001997966784983874
v 0.00596638722345233 0.00041778211016207933 -0.00195587775669992
v 0.005966387689113617 0.0007340110605582595 -0.001860439078882337
v 0.005966386757791042 0.0010302176233381033 -0.0017142511205747728
v 0.005966386757791042 0.0012983230408281088 -0.0015212993603199725
v 0.005966386757791042 0.0015310136368498206 -0.0012868570629507305
v 0.005966388154774904 0.0017219420988112688 -0.0010173066984862091
v 0.005966386292129755 0.0018659001216292381 -0.0007200102554634215
v 0.00596638722345233 0.001958961598575115 -0.0004030742566101254
v 0.00596638722345233 0.001998588442802429 -7.514236494898797e-05
v 0.005966386757791042 0.0019836975261569023 0.0002548385527916253
v 0.005966387689113617 0.0019146971171721816 0.0005778718041256071
v 0.005966386757791042 0.0017934690695255995 0.0008851392194628718
v 0.005966388154774904 0.0016233193455263972 0.0011682611657306554
v 0.00596638722345233 0.0014088902389630675 0.0014195166295394304
v 0.00596638722345233 0.0011560305720195174 0.0016320511931553487
v 0.00596638722345233 0.0008716367301531136 0.0018000688869506125
v 0.00596638722345233 0.0005634670378640294 0.0019189845770597462
v 0.00596638722345233 0.00023992781643755734 0.0019855555146932606
v 0.005966388154774904 -9.01573002920486e-05 0.001997967949137092
v 0.00596638722345233 -0.0004177818482276052 0.001955879153683782
v 0.005966388154774904 -0.0007340101292356849 0.0018604365177452569
v 0.00596638722345233 -0.0010302177397534251 0.0017142485594376926
v 0.00596638722345233 -0.0012983226915821433 0.0015213005244731907
v 0.00596638722345233 -0.0015310138696804643 0.0012868545018136503
v 0.005966386292129755 -0.0017219418659806252 0.0010173078626394274
v 0.005966388154774904 -0.0018659007037058473 0.0007200113032013179
v 0.00596638722345233 -0.001958962297067046 0.0004030753334518523
v 0.00596638722345233 -0.0019985882099717855 7.514356548199431e-05
v -0.006033614277839661 -0.0019836979918181896 0.035665098577737815
v -0.006033613346517086 -0.0019146971171721816 0.03534206748008729
v -0.006033612415194511 0.0019985882099717855 0.03584479540586472
v -0.006033614743500948 0.0019836972933262587 0.03617478162050248
v -0.006033614277839661 0.0005634670378640294 0.037838920950889594
v -0.006033614277839661 0.0002399273798801005 0.03790549188852311
v -0.006033611949533224 -9.015660907607526e-05 0.037917900830507285
v -0.006033611483871937 -0.0005634663393720984 0.0340009517967701
v -0.006033611483871937 -0.0002399266668362543 0.03393438085913659
v -0.006033613346517086 9.015687101054937e-05 0.03392197191715241
v -0.006033612880855799 0.0004177818773314357 0.033964060246944434
v -0.006033612880855799 0.0015310138696804643 0.03463308140635491
v -0.006033613812178373 0.0017219425644725561 0.03490262851119042
v -0.006033613346517086 0.0018658997723832726 0.03519993275403977
v -0.006033612880855799 -0.00041778161539696157 0.03787581250071526
v -0.006033611949533224 -0.0007340103620663285 0.03778037428855897
v -0.006033612415194511 -0.0010302175069227815 0.037634186446666724
v -0.006033611483871937 -0.0017219418659806252 0.036937244236469276
v -0.006033611949533224 -0.0018659004708752036 0.03663994744420052
v -0.006033612880855799 0.0012983231572434306 0.03439863771200181
v -0.006033611949533224 0.0019589613657444715 0.03551686555147172
v -0.006033611949533224 -0.0012983233900740743 0.03744124248623849
v -0.006033612880855799 -0.0015310136368498206 0.037206791341304786
v -0.006033612880855799 -0.0019589620642364025 0.03632301464676858
v -0.006033612880855799 -0.0019985875114798546 0.035995077341794975
v -0.006033611949533224 -0.0017934695351868868 0.03503480181097985
v -0.006033611483871937 -0.0016233200440183282 0.034751679748296745
v -0.006033612880855799 -0.0014088897733017802 0.034500420093536384
v -0.006033613346517086 -0.0011560296406969428 0.034287884831428535
v -0.006033612880855799 -0.0008716366719454527 0.034119870513677604
v -0.006033613812178373 0.0007340111187659204 0.03405949845910073
v -0.006033613346517086 0.0010302183218300343 0.03420568630099297
v -0.006033612415194511 0.0019146978156641126 0.03649780526757241
v -0.006033612415194511 0.0011560303391888738 0.03755198791623116
v -0.006033611949533224 0.0008716359734535217 0.03772000968456269
v -0.006033612880855799 0.0017934688366949558 0.036805078387260444
v -0.006033613812178373 0.0016233198111876845 0.03708820044994355
v -0.006033612880855799 0.0014088904717937112 0.03733945265412331
v -0.007033612113445997 -0.0019836982246488333 0.035665102303028114
v -0.007033614907413721 -0.0019985877443104982 0.035995077341794975
v -0.007033614441752434 -0.0019589620642364025 0.03632301464676858
v -0.007033613510429859 -0.0018659004708752036 0.03663995116949082
v -0.007033613510429859 -0.0017219422152265906 0.036937247961759574
v -0.007033614441752434 -0.0015310135204344988 0.037206795066595084
v -0.007033613510429859 -0.0012983238557353616 0.03744124248623849
v -0.0070336139760911465 -0.0010302179725840688 0.037634186446666724
v -0.007033613510429859 -0.0007340107695199549 0.03778037428855897
v -0.007033614441752434 -0.00041778155718930066 0.03787581250071526
v -0.007033613510429859 -9.015655086841434e-05 0.037917904555797584
v -0.007033612113445997 0.00023992735077627003 0.03790549561381341
v -0.007033612113445997 0.0005634670378640294 0.03783892467617989
v -0.0070336139760911465 0.0008716360316611826 0.03772000968456269
v -0.0070336139760911465 0.0011560299899429083 0.03755199164152146
v -0.007033614441752434 0.0014088900061324239 0.03733945637941361
v -0.00703361164778471 0.0016233198111876845 0.03708820044994355
v -0.007033614441752434 0.001793468720279634 0.036805078387260444
v -0.0070336139760911465 0.001914697582833469 0.03649780526757241
v -0.0070336125791072845 0.0019836975261569023 0.03617478162050248
v -0.007033611182123423 -0.0019146971171721816 0.03534206748008729
v -0.007033614441752434 0.0019985877443104982 0.03584479540586472
v -0.0070336139760911465 0.0019589613657444715 0.035516869276762016
v -0.007033612113445997 0.0017219425644725561 0.03490262851119042
v -0.007033614441752434 0.0015310135204344988 0.03463308140635491
v -0.007033610716462135 0.0012983231572434306 0.03439863771200181
v -0.007033611182123423 0.0010302182054147124 0.03420568630099297
v -0.00703361164778471 9.015728574013337e-05 0.03392197191715241
v -0.007033613044768572 -0.00023992705973796546 0.03393438085913659
v -0.007033613044768572 -0.0005634667468257248 0.0340009517967701
v -0.007033610716462135 -0.0008716367301531136 0.034119870513677604
v -0.007033611182123423 -0.0011560296406969428 0.034287884831428535
v -0.007033614441752434 -0.0014088901225477457 0.034500420093536384
v -0.00703361164778471 0.0018659011693671346 0.035199925303459174
v -0.00703361164778471 0.0007340110605582595 0.03405949845910073
v -0.007033614441752434 0.0004177819355390966 0.033964060246944434
v -0.007033613510429859 -0.0016233195783570409 0.034751676023006446
v -0.0070336139760911465 -0.0017934695351868868 0.03503480553627015
v -0.006033612880855799 -0.0014877727953717113 -0.0001911303988890723
v 0.005966387689113617 -0.0014877733774483204 -0.0001911312283482403
v 0.00596638722345233 -0.0014813558664172888 0.00023576623061671858
v -0.006033611483871937 -0.0014813551679253578 0.00023576692910864955
v 0.005966387689113617 -0.0013549273135140538 0.0006435624673031272
v -0.006033612880855799 -0.0013549268478527665 0.00064356328221038
v 0.005966386757791042 -0.001118730753660202 0.000999219482764602
v -0.006033611949533224 -0.0011187309864908457 0.000999220064841211
v 0.005966387689113617 -0.0007919015479274094 0.0012739272788167002
v -0.006033612880855799 -0.0007919010240584612 0.001273928093723953
v 0.00596638722345233 -0.00040091678965836763 0.0014454291667789223
v -0.006033613346517086 -0.00040091719711199403 0.0014454298652708533
v 0.005966386757791042 2.254737773910165e-05 0.0014998303959146146
v -0.006033613812178373 2.2547877961187623e-05 0.0014998312108218674
v 0.00596638722345233 0.00044418516336008906 0.0014327237149700525
v -0.006033613346517086 0.00044418565812520683 0.0014327245298773052
v 0.005966387689113617 0.0008298380998894572 0.0012495464179664852
v -0.0060336110182106495 0.0008298378670588136 0.0012495468836277725
v 0.005966387689113617 0.0011482619447633624 0.0009651398286223414
v -0.0060336110182106495 0.0011482617119327188 0.0009651404106989505
v 0.005966387689113617 0.0013736610999330878 0.0006025418406352402
v -0.006033612880855799 0.0013736606342718005 0.0006025425391271711
v 0.005966386292129755 0.0014877731446176767 0.00019112862355541443
v -0.006033614277839661 0.001487773610278964 0.00019112946756649768
v -0.006033611949533224 0.0014813555171713233 -0.00023576825333293533
v -0.006033613812178373 0.001354927197098732 -0.000643560546450317
v -0.006033612880855799 -2.25479689106578e-05 -0.0014998322585597639
v -0.006033611483871937 0.0011187312193214893 -0.000999221461825073
v -0.006033613812178373 0.00040091710980050266 -0.0014454309130087497
v -0.006033613812178373 0.0007919009658508003 -0.0012739291414618494
v -0.006033613812178373 -0.00044418577454052866 -0.0014327255776152017
v -0.006033612415194511 -0.000829837576020509 -0.0012495482806116345
v -0.006033611949533224 -0.0011482619447633624 -0.000965138082392514
v -0.006033614277839661 -0.0013736607506871223 -0.0006025436450727285
v 0.00596638722345233 0.0014813552843406796 -0.00023576513922307646
v 0.005966386757791042 0.0013549267314374447 -0.0006435613613575698
v 0.00596638722345233 0.0011187305208295584 -0.000999222160317004
v 0.005966386757791042 0.0007919009076431394 -0.0012739262310788038
v 0.00596638722345233 0.0004009161493740976 -0.0014454281190410259
v 0.005966387689113617 -2.2548023480339907e-05 -0.0014998293481767182
v 0.005966386757791042 -0.00044418583274818957 -0.001432722667232156
v 0.005966386292129755 -0.00082983827451244 -0.0012495489791035654
v 0.005966386757791042 -0.0011482617119327188 -0.0009651386644691231
v 0.005966386292129755 -0.0013736607506871223 -0.0006025406764820219
v 0.005966386292129755 -0.0014877733774483204 0.03572880476713181
v 0.00596638722345233 0.0014877738431096077 0.036111064255237586
v 0.005966386757791042 0.0013736606342718005 0.03652247786521912
v 0.005966386757791042 -2.2547570551978424e-05 0.034420106559991843
v 0.005966387689113617 -0.00044418565812520683 0.034487213939428336
v 0.00596638722345233 -0.0008298371685668826 0.03467038646340371
v 0.005966387689113617 -0.0013736610999330878 0.03531739860773087
v 0.00596638722345233 -0.001148261479102075 0.03495479747653008
v 0.005966387689113617 0.0007919010822661221 0.03464601188898087
v 0.005966386292129755 0.0011187309864908457 0.034920714795589454
v 0.005966388154774904 0.00040091678965836763 0.03447451069951058
v 0.005966387689113617 0.0013549273135140538 0.03527637571096421
v 0.005966388154774904 0.0014813549350947142 0.03568417578935624
v 0.00596638722345233 -0.0011187305208295584 0.03691915795207024
v 0.005966386757791042 -0.001354927895590663 0.036563504487276084
v 0.005966387689113617 -0.0014813548186793923 0.036155704408884055
v 0.005966386292129755 0.0008298380998894572 0.03716948255896569
v 0.005966386757791042 0.00044418516336008906 0.03735266625881196
v 0.005966386757791042 -0.0007919015479274094 0.03719386830925942
v 0.005966387689113617 2.254753781016916e-05 0.03741976991295815
v 0.005966388154774904 -0.0004009166150353849 0.03736536949872971
v 0.005966386757791042 0.001148261479102075 0.036885078996419914
v -0.006033613812178373 -0.0014877737266942859 0.03572880849242211
v -0.006033612415194511 -0.001481355750001967 0.036155708134174354
v -0.006033614277839661 -0.0013549273135140538 0.036563500761985786
v -0.006033612880855799 -0.0011187309864908457 0.03691916167736054
v -0.006033614277839661 -0.0007919010240584612 0.03719386458396912
v -0.006033614743500948 -0.0004009167605545372 0.037365365773439414
v -0.006033611483871937 2.254823084513191e-05 0.037419766187667854
v -0.006033614277839661 0.00044418565812520683 0.03735266253352166
v -0.006033611949533224 0.0008298378088511527 0.03716948628425599
v -0.006033612415194511 0.001148262177594006 0.036885078996419914
v -0.006033613346517086 0.0013736601686105132 0.03652248159050942
v -0.0060336110182106495 0.001487773028202355 0.03611107170581818
v -0.006033612415194511 0.0014813555171713233 0.03568417206406594
v -0.006033611483871937 0.0013549275463446975 0.03527637198567391
v -0.006033611949533224 0.001118730753660202 0.03492071852087975
v -0.006033611483871937 0.0007919017807580531 0.034646008163690574
v -0.006033614743500948 0.00040091710980050266 0.03447450697422028
v -0.006033611483871937 -0.0013736604014411569 0.03531739860773087
v -0.006033611483871937 -0.00044418495963327587 0.03448721021413804
v -0.006033613346517086 -0.001148261479102075 0.034954793751239784
v -0.006033613346517086 -0.0008298380416817963 0.034670393913984306
v -0.006033614277839661 -2.2547515982296318e-05 0.034420106559991843
v 0.00696638785302639 -0.00087163649732247 0.034119870513677604
v 0.006966387387365103 -0.0005634668050333858 0.0340009517967701
v 0.00696638785302639 0.001998587977141142 0.03584479540586472
v 0.006966387387365103 -0.00023992714704945683 0.03393438085913659
v 0.006966386456042528 0.0019146973500028253 0.03649780899286271
v 0.00696638785302639 0.0017934690695255995 0.036805078387260444
v 0.006966387387365103 -0.0019985877443104982 0.03599508106708527
v 0.006966386456042528 0.0011560298735275865 0.03755199164152146
v 0.006966385990381241 0.0008716369047760963 0.03772000595927239
v 0.006966386456042528 0.0005634667468257248 0.03783892467617989
v 0.00696638785302639 -0.00195896252989769 0.03632301464676858
v 0.0069663869217038155 -0.001865900936536491 0.03663995116949082
v 0.0069663869217038155 -9.01566309039481e-05 0.037917904555797584
v 0.00696638785302639 -0.00041778144077397883 0.03787581622600556
v 0.0069663869217038155 -0.0017219418659806252 0.036937247961759574
v 0.0069663869217038155 -0.0007340108859352767 0.037780378013849265
v 0.006966388318687677 -0.0019836982246488333 0.035665102303028114
v 0.006966387387365103 -0.0019146978156641126 0.03534206748008729
v 0.006966385990381241 -0.0017934686038643122 0.03503479808568955
v 0.0069663869217038155 -0.0016233195783570409 0.034751676023006446
v 0.0069663869217038155 9.015703108161688e-05 0.03392197191715241
v 0.00696638785302639 0.00041778202285058796 0.033964060246944434
v 0.0069663869217038155 0.0007340107695199549 0.03405950218439103
v 0.006966386456042528 0.0017219423316419125 0.03490262851119042
v 0.0069663869217038155 0.0018659004708752036 0.035199925303459174
v 0.00696638785302639 0.0015310136368498206 0.03463308140635491
v 0.00696638785302639 0.001298322924412787 0.034398641437292106
v 0.006966387387365103 0.0010302179725840688 0.03420569002628327
v 0.006966385990381241 0.001958962297067046 0.03551686182618142
v 0.00696638785302639 0.0019836972933262587 0.03617478162050248
v 0.0069663869217038155 0.0016233195783570409 0.03708820044994355
v 0.00696638785302639 0.0014088901225477457 0.03733945637941361
v 0.006966386456042528 0.00023992708884179592 0.03790549561381341
v 0.00696638785302639 -0.0014088904717937112 0.034500420093536384
v 0.006966387387365103 -0.0011560298735275865 0.034287884831428535
v 0.006966386456042528 -0.0010302180889993906 0.03763419017195702
v 0.006966385990381241 -0.0012983224587514997 0.03744123503565789
v 0.00696638785302639 -0.001531013986095786 0.037206795066595084
v 0.005966386292129755 -0.001983697758987546 0.03566509485244752
v 0.005966387689113617 -0.0019146971171721816 0.035342071205377586
v 0.005966386292129755 -0.0017934688366949558 0.03503479808568955
v 0.00596638722345233 -0.0016233198111876845 0.034751676023006446
v 0.005966388154774904 -0.0014088897733017802 0.034500420093536384
v 0.005966387689113617 -0.0011560301063582301 0.03428788855671883
v 0.00596638722345233 -0.000871635798830539 0.034119866788387306
v 0.005966387689113617 -0.0005634665722027421 0.0340009517967701
v 0.005966387689113617 -0.00023992736532818526 0.03393438085913659
v 0.00596638722345233 9.015681280288845e-05 0.03392197564244271
v 0.005966388154774904 0.00041778181912377477 0.03396406397223473
v 0.00596638722345233 0.0007340105948969722 0.03405950218439103
v 0.005966387689113617 0.0010302177397534251 0.03420569002628327
v 0.00596638722345233 0.001298323622904718 0.03439863398671151
v 0.005966387689113617 0.0015310138696804643 0.03463308513164521
v 0.005966386757791042 0.0017219420988112688 0.03490262851119042
v 0.00596638722345233 0.0018659007037058473 0.035199925303459174
v 0.005966386292129755 0.0019589620642364025 0.03551686182618142
v 0.005966386292129755 0.0019985875114798546 0.03584479913115502
v 0.005966387689113617 0.0019836982246488333 0.03617477416992188
v 0.005966386292129755 0.001914697582833469 0.03649780899286271
v 0.00596638722345233 0.0017934697680175304 0.03680507093667985
v 0.00596638722345233 0.0016233193455263972 0.03708820044994355
v 0.005966388154774904 0.0014088903553783894 0.03733945637941361
v 0.005966386757791042 0.0011560301063582301 0.03755199164152146
v 0.005966386292129755 0.0008716366719454527 0.03772000595927239
v 0.005966386757791042 0.0005634665139950812 0.03783892467617989
v 0.005966386292129755 0.0002399268705630675 0.03790549561381341
v 0.005966386757791042 -9.015684918267652e-05 0.037917904555797584
v 0.005966387689113617 -0.0004177816736046225 0.03787581622600556
v 0.00596638722345233 -0.0007340110605582595 0.037780378013849265
v 0.005966386757791042 -0.0010302182054147124 0.03763419017195702
v 0.005966386292129755 -0.0012983226915821433 0.03744123876094819
v 0.005966388154774904 -0.001531014102511108 0.037206795066595084
v 0.00596638722345233 -0.0017219420988112688 0.036937247961759574
v 0.00596638722345233 -0.0018659011693671346 0.03663995116949082
v 0.00596638722345233 -0.001958961598575115 0.03632300719618798
v 0.005966387689113617 -0.001998587977141142 0.03599508106708527
v -0.006033613812178373 0.0019836979918181896 0.0002548393676988781
v -0.006033611483871937 0.0019146973500028253 0.0005778687191195787
v -0.006033611949533224 -0.0019146971171721816 -0.0005778700578957797
v -0.006033613346517086 0.0005634665722027421 0.0019189852755516772
v -0.006033613346517086 0.00023992739443201572 0.0019855562131851916
v -0.006033614277839661 -9.015698014991358e-05 0.0019979688804596667
v -0.006033611483871937 -0.0004177820810582489 0.0019558796193450694
v -0.006033614277839661 -0.000734010711312294 0.0018604373326525096
v -0.0060336110182106495 -0.0010302179725840688 0.0017142491415143017
v -0.0060336110182106495 -0.001298322924412787 0.0015213011065497999
v -0.006033612415194511 0.0007340106531046331 -0.001860438380390406
v -0.006033611949533224 0.0010302183218300343 -0.0017142504220828418
v -0.006033611949533224 0.0012983232736587524 -0.00152130238711834
v -0.006033611949533224 0.0017934693023562431 0.0008851361344568434
v -0.006033612415194511 0.0016233198111876845 0.00116826209705323
v -0.006033611483871937 0.0014088900061324239 0.0014195172116160395
v -0.006033611483871937 0.0011560303391888738 0.0016320517752319579
v -0.0060336110182106495 0.000871636439114809 0.0018000694690272216
v -0.006033611949533224 0.0015310143353417516 -0.0012868563644587996
v -0.006033612880855799 0.0017219420988112688 -0.0010173096088692548
v -0.006033612415194511 0.0018659007037058473 -0.0007200095569714905
v -0.006033611483871937 0.001958962297067046 -0.00040307355811819445
v -0.006033611483871937 0.0019985882099717855 -7.514179014833645e-05
v -0.006033611949533224 -0.001958961132913828 0.0004030723648611457
v -0.006033611949533224 -0.001998587977141142 7.514046592405067e-05
v -0.006033613346517086 -0.0019836979918181896 -0.000254840444540605
v -0.006033614277839661 -0.0016233203932642937 -0.001168259419500828
v -0.006033611949533224 -0.0014088897733017802 -0.0014195186085999014
v -0.006033611483871937 0.0004177818773314357 -0.001955877291038633
v -0.006033611949533224 -0.0011560301063582301 -0.0016320531722158198
v -0.006033611949533224 -0.0008716362062841654 -0.0018000707495957617
v -0.006033613812178373 -0.0005634666886180639 -0.0019189863232895736
v -0.006033613812178373 -0.0002399274817435071 -0.00198555737733841
v -0.006033612415194511 9.015733667183667e-05 -0.001997966086491943
v -0.006033614277839661 -0.0018659003544598818 0.0007200122927315534
v -0.006033611483871937 -0.0015310131711885333 0.0012868552003055813
v -0.006033614277839661 -0.0017219422152265906 0.0010173085611313584
v -0.006033611483871937 -0.0017934690695255995 -0.0008851374732330444
v -0.007033614441752434 0.0007340102456510067 -0.0018604373326525096
v -0.007033613044768572 0.0004177814698778093 -0.0019558761268854146
v -0.007033613510429859 -0.0019985882099717855 7.51415573176928e-05
v -0.007033613044768572 0.0019985877443104982 -7.514069875469433e-05
v -0.00703361164778471 0.0019836979918181896 0.00025484021170996135
v -0.007033613044768572 0.0019146978156641126 0.0005778699414804579
v -0.007033614441752434 0.0017219417495653033 -0.0010173085611313584
v -0.007033613510429859 0.001531013986095786 -0.0012868553167209031
v -0.007033613044768572 0.0019589620642364025 -0.00040307248127646755
v -0.007033614441752434 0.001865900820121169 -0.0007200121181085707
v -0.0070336139760911465 0.0012983228079974651 -0.0015213013393804435
v -0.0070336139760911465 0.001030217856168747 -0.0017142493743449454
v -0.007033612113445997 -0.0017219422152265906 0.001017309492453933
v -0.007033613044768572 -0.0015310135204344988 0.0012868562480434778
v -0.007033613044768572 -0.0012983233900740743 0.0015213021542876963
v -0.007033613044768572 -0.001030218438245356 0.0017142501892521982
v -0.0070336125791072845 -0.0007340107695199549 0.0018604381475597624
v -0.007033613510429859 -0.0004177819937467575 0.001955877058207989
v -0.007033613510429859 -0.0011560304556041956 -0.0016320520080626015
v -0.0070336139760911465 -0.0008716366137377918 -0.0018000697018578653
v -0.00703361164778471 -0.0005634666886180639 -0.0019189855083823208
v -0.007033613044768572 -0.001793469418771565 -0.000885136367287487
v -0.007033611182123423 -0.0019836972933262587 -0.00025483948411419993
v -0.007033613510429859 -0.001914697466418147 -0.0005778689519502224
v -0.0070336125791072845 -9.015654359245673e-05 0.001997966086491943
v -0.007033611182123423 0.00023992736532818526 0.001985557144507766
v -0.007033611182123423 0.0005634665722027421 0.00191898609045893
v -0.007033613044768572 0.0008716360898688436 0.001800070516765118
v -0.007033613044768572 0.0011560299899429083 0.0016320529393851761
v -0.007033613510429859 0.0014088904717937112 0.0014195184921845796
v -0.0070336139760911465 9.01569364941679e-05 -0.0019979651551693682
v -0.00703361164778471 -0.00023992752539925277 -0.0019855564460158352
v -0.007033613510429859 -0.0014088901225477457 -0.0014195174444466831
v -0.0070336125791072845 -0.0016233191126957536 -0.0011682622134685519
v -0.0070336125791072845 -0.0018659000052139163 0.0007200094405561687
v -0.007033614441752434 0.0016233199276030064 0.001168259419500828
v -0.007033613510429859 0.0017934689531102777 0.0008851372404024007
v -0.007033613510429859 -0.001958961598575115 0.0004030734417028726
v -0.005255516152828932 0.0029418065678328276 0.029979702085256583
v -0.0052885995246469975 0.002985886065289378 0.029881680384278304
v -0.005287170875817537 0.002880023093894124 0.030179144814610488
v -0.005285485181957483 0.0028176582418382168 0.03045920096337796
v -0.005287318490445614 0.002858114428818226 0.030260553583502776
v -0.005286801606416702 0.0028077021706849337 0.030527560040354736
v -0.005290087312459946 0.0033288314007222652 0.029314603656530387
v -0.005290209781378508 0.0030776013154536486 0.029691528528928764
v -0.0052447207272052765 0.003114968305453658 0.02960577048361302
v -0.005248692352324724 0.0029854988679289818 0.02986747398972512
v -0.001857338473200798 -0.001629318343475461 0.0318470485508442
v -3.343504431541078e-06 -0.001192541909404099 0.03175774216651917
v -0.002366183092817664 -0.0014879100490361452 0.03181790933012963
v -0.003118969267234206 -0.0011924960417672992 0.03175708651542664
v -0.0015310491435229778 -0.001699788379482925 0.031861592084169395
v -0.000677626405376941 -0.0018167670350521803 0.0318857915699482
v -3.361961944392533e-06 -0.0018441911088302732 0.03189155831933022
v -2.9611549052788178e-06 -0.0011784139787778258 0.02811665832996369
v -0.003300997195765376 -0.0011781681096181273 0.028064848855137832
v -0.003301777644082904 -0.0011925507569685578 0.03176943957805634
v -0.0029175132513046265 -0.0011783706722781062 0.02811578661203385
v -0.0028831588570028543 -0.0011783718364313245 0.02811605483293534
v 0.000693908310495317 -0.0018148861126974225 0.031885541975498206
v 0.0015667433617636561 -0.0016915135784074664 0.031860210001468665
v 0.0023693926632404327 -0.001484398148022592 0.03181767463684083
v 0.0031122786458581686 -0.0011925306171178818 0.03175774216651917
v -0.0032217027619481087 0.00847701821476221 0.022834241390228275
v -0.003115365980193019 0.008569838479161263 0.022772885859012607
v -0.003608724568039179 0.008502855896949768 0.023109221830964092
v -0.0036149374209344387 0.008502291515469551 0.0231136865913868
v -0.0036153981927782297 0.007587425410747528 0.02300730906426907
v -0.0035696865525096655 0.007900047115981579 0.023010641336441044
v -0.0034308258909732103 0.008214805275201797 0.022948484867811206
v -0.004311851225793362 0.010176576673984528 0.007513897959142925
v -0.004398123826831579 0.009792760014533997 0.007561956997960808
v -0.004659866914153099 0.008757037110626698 0.006899544503539802
v -0.004859683569520712 0.007916075177490711 0.006704321131110193
v -0.0048620933666825294 0.007928943261504173 0.006562293507158758
v -0.004213959909975529 0.010377378202974796 0.007828360423445703
v -0.004196758847683668 0.01051750686019659 0.007773692253977062
v -0.004164722748100758 0.010498679243028164 0.007883447222411634
v -0.004032525233924389 0.010799061506986618 0.008019665256142618
v -0.004215446300804615 0.010523688979446888 0.007680567447096111
v -0.004165749531239271 0.010663640685379505 0.007756045088171961
v -0.00399499386548996 0.011011230759322643 0.007997718639671804
v -0.003914037719368935 0.011042634025216103 0.008129919879138471
v -0.0038775065913796425 0.011137574911117554 0.008151312358677389
v -0.003877299837768078 0.011111664585769176 0.008161100558936598
v -0.0030510833021253347 0.008867083117365837 0.021954583004117015
v -0.003069652710109949 0.0085945725440979 0.02274422906339169
v -0.006513260304927826 0.0029011836741119623 0.0304778777062893
v -0.006531151942908764 0.0031419754959642887 0.030043901875615127
v -0.006525605916976929 0.0033776278141885996 0.02975915744900704
v -0.0061743431724607944 0.002766953082755208 0.030958011746406562
v -0.0052878232672810555 0.002803438575938344 0.03056198917329312
v -0.006284372881054878 0.0027820526156574488 0.0308125950396061
v -0.0038036112673580647 -0.00043888817890547216 0.031602192670106895
v -0.0038036303594708443 -0.0007985387928783894 0.0316760465502739
v -0.0033678351901471615 -0.00043889341759495437 0.03160228207707406
v -0.0035946408752352 -0.0009355779620818794 0.03170422837138177
v -0.003310126718133688 -0.0010971850715577602 0.03173747286200524
v -0.003321798052638769 -0.0009419932030141354 0.028194572776556022
v -0.0033980542793869972 -7.505706162191927e-05 0.02848287485539914
v -0.0035567940212786198 0.0029162142891436815 0.029477881267666824
v -0.0034965139348059893 0.0029205908067524433 0.029479112476110465
v -0.0035022173542529345 0.002955755917355418 0.029139840975403793
v -0.005198477767407894 0.003325202502310276 0.029279153794050224
v -0.004689073655754328 0.0028377100825309753 0.030268210917711265
v -0.004103215876966715 0.0028748472686856985 0.029949858784675605
v -0.0043091303668916225 0.002982028527185321 0.029464103281497962
v -0.004167558159679174 0.003261993173509836 0.02887846156954766
v -0.0035083408001810312 0.0030931050423532724 0.028788132593035705
v -0.003511738032102585 0.00320032867603004 0.02862165682017804
v -0.004103272221982479 0.002891880925744772 0.02974196150898934
v -0.004103235434740782 0.0028951026033610106 0.02971493639051915
v -0.004103116691112518 0.002942945109680295 0.02948641777038575
v -0.00410369411110878 -0.0007381895557045937 0.0319698490202427
v -0.004080566577613354 -0.0008058480452746153 0.03187629953026772
v -0.004080561455339193 -0.0007614141213707626 0.03185675665736199
v -0.004014788195490837 -0.0008630839292891324 0.03179717063903809
v -0.004014778882265091 -0.0007810614770278335 0.03176109492778779
v -0.003916491754353046 -0.0009010800858959556 0.03174464777112008
v -0.003916479647159576 -0.0007941058138385415 0.0316976048052311
v -0.004014827776700258 -0.0009504442568868399 0.03198917955160142
v -0.003975340165197849 -0.000984219484962523 0.031967021524906165
v -0.0039531937800347805 -0.000974364229477942 0.03186095133423806
v -0.003972331527620554 -0.000954227230977267 0.03209193795919419
v -0.0040148482657969 -0.0009237504564225674 0.0320747122168541
v -0.004068835638463497 -0.0008604167378507555 0.03203891590237618
v -0.004080590326339006 -0.0008531736093573272 0.031980317085981376
v -0.004080596379935741 -0.000838712730910629 0.032026655972003944
v -0.004080577287822962 -0.0008432816248387098 0.03192203864455224
v -0.004014806356281042 -0.0009321846882812679 0.03188160434365273
v -0.003941674251109362 -0.000964415434282273 0.031829260289669044
v -0.0038765764329582453 -0.0008930748444981873 0.03172354400157929
v -0.003748541232198477 -0.00109911581967026 0.03212541341781617
v -0.0037536434829235077 -0.0011283659841865301 0.032023526728153236
v -0.003752073971554637 -0.0011306317755952477 0.03200009837746621
v -0.0037458701990544796 -0.0011303259525448084 0.031952563673257835
v -0.00373789481818676 -0.0011252082185819745 0.03191440552473069
v -0.0037215957418084145 -0.0011097713140770793 0.03186066076159478
v -0.0037046922370791435 -0.001090552774257958 0.03182052448391915
v -0.003634282387793064 -0.0009955011773854494 0.0317261926829815
v -0.0036585878115147352 -0.0010302509181201458 0.031749330461025245
v -0.0009566759690642357 -0.002026062458753586 0.03222750499844552
v -0.001928473706357181 -0.001856361050158739 0.032189268618822105
v -0.0009547817753627896 -0.0019872961565852165 0.03233010321855546
v -0.0018754780758172274 -0.0017001082887873054 0.03187177330255509
v -0.002791981678456068 -0.001413044985383749 0.031812425702810294
v -0.000931067974306643 -0.0018658410990610719 0.031906109303236015
v -3.360904656801722e-06 -0.0020775271113961935 0.03212420269846917
v -3.37224059876462e-06 -0.0020835360046476126 0.03219904005527497
v -3.4063941711792722e-06 -0.0020444821566343307 0.03233397379517556
v -3.412014393688878e-06 -0.0020397258922457695 0.03234203159809113
v -0.002870549215003848 -0.0015275507466867566 0.032224629074335105
v -0.002237169072031975 -0.001738527324050665 0.03227328136563302
v -0.0019246870651841164 -0.0018193584401160479 0.03229182958602906
v -0.002875569509342313 -0.001561366836540401 0.032122246921062476
v -0.003235953627154231 -0.0013720273273065686 0.032188616693019874
v -0.0009466519695706666 -0.00198273709975183 0.03201068565249444
v -0.001907668891362846 -0.0018135650316253304 0.031974673271179206
v -0.0019223788985982537 -0.0018543743062764406 0.03207522630691529
v -0.0009537656442262232 -0.0020245660562068224 0.03211254253983498
v -3.3560797874088166e-06 -0.002056387485936284 0.03206004202365876
v -3.356554998390493e-06 -0.0019660498946905136 0.03194709494709969
v -0.000936458760406822 -0.0019084771629422903 0.031932026147842414
v -0.0018866261234506965 -0.0017414914909750223 0.03189723938703538
v -0.002809337107464671 -0.0014520244440063834 0.03183702379465104
v -0.002865386661142111 -0.0015586232766509056 0.032010059803724296
v -0.0028421650640666485 -0.0015198722248896956 0.031912069767713554
v -2.943366553154192e-06 -0.00179647549521178 0.027911113575100906
v -0.0008768453844822943 -0.001743674511089921 0.027928479015827186
v -0.0017325234366580844 -0.0015862974105402827 0.0279806386679411
v -0.0025277109816670418 -0.0013331128284335136 0.028064670041203506
v 0.0032950877211987972 -0.0011925861472263932 0.03177012875676156
v 0.0032950839959084988 -0.0011782036162912846 0.028065543621778495
v 0.0032927170395851135 -0.0011782061774283648 0.028066240251064307
v 0.002877233549952507 -0.0011784035013988614 0.02811665832996369
v -0.0029780035838484764 0.009180768392980099 0.021067811176180843
v -0.0029556741937994957 0.00919253658503294 0.0210559293627739
v -0.0029766077641397715 0.009168566204607487 0.02110804431140423
v -2.1810974430991337e-06 0.009600294753909111 0.021240105852484707
v -2.25478152060532e-06 0.009345685131847858 0.021923055872321132
v -0.0007086226250976324 0.009307516738772392 0.021962303668260578
v -0.0027482903096824884 0.008752584457397461 0.022568954154849056
v -0.00232001394033432 0.008931211195886135 0.022366227582097057
v -0.0028127029072493315 0.009352738037705421 0.020702952519059185
v -0.0021896681282669306 0.009609048254787922 0.020463261753320697
v -0.0017491386970505118 0.009743662551045418 0.02034402266144753
v -0.001395723200403154 0.00920040812343359 0.022071018815040592
v -0.0015256949700415134 0.009798911400139332 0.020296797156333927
v -0.0011580665595829487 0.009245865978300571 0.02202389389276505
v -0.0025753171648830175 0.009460383094847202 0.020600505173206333
v -0.0023174239322543144 0.00956317875534296 0.020505040884017948
v -0.002134141745045781 0.008997077122330666 0.022293552756309513
v -0.002115890383720398 0.009003198705613613 0.022286830469965938
v -0.0020858843345195055 0.009013180620968342 0.022275798022747043
v -0.0008149007917381823 0.009921368211507797 0.02019733935594559
v -8.781548967817798e-05 0.00996796227991581 0.020164238288998607
v -2.06641402655805e-06 0.009968359023332596 0.02016440220177174
v 0.003361186943948269 -0.00043893084512092173 0.031602989882230766
v 0.003392064245417714 -7.509381248382851e-05 0.028483590111136443
v 0.0033034428488463163 -0.001097220228984952 0.031738165766000755
v 0.003315861104056239 -0.0009420285932719707 0.028195271268486984
v 0.003796963719651103 -0.0007985806441865861 0.03167684376239777
v 0.00379696162417531 -0.00043892880785278976 0.03160298615694047
v 0.003587963990867138 -0.0009356177179142833 0.03170498833060265
v 0.004096962045878172 -0.0007382329786196351 0.03197070956230164
v 0.004073855467140675 -0.0008433261536993086 0.03192290291190148
v 0.004073855001479387 -0.0008532163919880986 0.031981170177459724
v 0.004073856398463249 -0.0008058915846049786 0.03187715634703637
v 0.004073855932801962 -0.0007614586502313614 0.03185761347413064
v 0.004008093383163214 -0.0008631268865428865 0.03179800882935525
v 0.004008092451840639 -0.000781105540227145 0.03176194056868554
v 0.003909805789589882 -0.0007941490039229393 0.03169842809438706
v 0.003934973850846291 -0.0009644584497436881 0.0318300873041153
v 0.0039098067209124565 -0.0009011224028654397 0.03174546733498574
v 0.003869898384436965 -0.0008931166375987232 0.03172435238957406
v 0.003968607634305954 -0.000984263140708208 0.03196785226464272
v 0.004008093848824501 -0.0009504876215942204 0.03199002146720887
v 0.004008092917501926 -0.0009322278783656657 0.031882446259260185
v 0.004008093848824501 -0.0009237931808456779 0.032075554132461555
v 0.004062089137732983 -0.0008604610338807106 0.03203976899385453
v 0.0040738568641245365 -0.0008387561538256705 0.03202750906348229
v 0.003946482203900814 -0.0009744077106006444 0.031861782073974616
v 0.003965573385357857 -0.0009542707703076303 0.032092772424221046
v 0.0022303627338260412 -0.0017385518876835704 0.032273747026920326
v 0.0028637556824833155 -0.0015275824116542935 0.03222522884607316
v 0.0028687985613942146 -0.0015613960567861795 0.03212286531925202
v 0.0028023801278322935 -0.0014515110524371266 0.031837198883295066
v 0.002785941818729043 -0.001414598198607564 0.031813804060220725
v 0.0009245440596714616 -0.0018675144528970122 0.03190713748335839
v 0.0009296471253037453 -0.0019078910117968917 0.03193178772926331
v 0.0009398338734172285 -0.001982317306101322 0.03201021999120713
v 0.0009469529031775892 -0.0020244091283529997 0.03211194276809693
v 0.000949870387557894 -0.0020264312624931335 0.03222570940852166
v 0.0009498769068159163 -0.002026071073487401 0.03222772479057313
v 0.0009479648433625698 -0.0019873070996254683 0.032330304384231574
v 0.0036285300739109516 -0.0009969004895538092 0.03172769397497178
v 0.00365155516192317 -0.0010298063280060887 0.03174970671534539
v 0.003697700332850218 -0.0010902421781793237 0.03182069212198258
v 0.002835232065990567 -0.0015195095911622047 0.03191203251481057
v 0.0037148850969970226 -0.001109811128117144 0.03186143934726716
v 0.0028585137333720922 -0.001558495219796896 0.032009895890951164
v 0.0037309881299734116 -0.001125103677622974 0.03191444650292397
v 0.003739140462130308 -0.0011303666979074478 0.03195334970951081
v 0.0028687540907412767 -0.001561695127747953 0.03212087601423264
v 0.0037453332915902138 -0.0011306732194498181 0.03200088813900948
v 0.0032291733659803867 -0.001372062717564404 0.032189290970563895
v 0.0037417756393551826 -0.0010991572635248303 0.032126199454069145
v 0.0037468078080564737 -0.001128654694184661 0.03202237933874131
v 0.0018691843142732978 -0.0017017452046275139 0.03187299147248269
v 0.0018797391094267368 -0.0017409343272447586 0.03189720958471299
v 0.0019007932860404253 -0.0018131682882085443 0.03197441622614861
v 0.0019155368208885193 -0.0018542292527854443 0.03207483887672425
v 0.0019216694636270404 -0.0018567173974588513 0.03218768909573556
v 0.0019216866930946708 -0.001856379327364266 0.03218968957662583
v 0.0019178759539499879 -0.001819379860535264 0.03229223936796189
v -0.006000213325023651 0.0014060776447877288 0.0010871804552152755
v -0.006000300403684378 0.0007591095054522157 0.0014408576535061004
v -0.006000281311571598 0.001365885604172945 0.0027089898940175776
v -0.005999913439154625 -0.001026761718094349 -0.0005182339227758349
v -0.006000079680234194 -0.002105464693158865 -0.0002281544875586406
v -0.006000068038702011 -0.0010974976466968656 0.00021569640375673776
v -0.006000088062137365 -0.0021280087530612946 0.0007003279752098025
v -0.006000205408781767 -0.0008099880651570857 0.000894658674951643
v -0.006000231020152569 -0.0020244645420461893 0.0020656620617955927
v -0.006000296212732792 -0.00023370531562250108 0.0013546083355322482
v -0.006000386085361242 -0.0018920415313914418 0.003561565652489663
v -0.006000311579555273 -0.0002746976097114384 0.0029287100769579415
v -0.0060002366080880165 0.00025533000007271767 0.0014825911493971948
v -0.006000290624797344 0.0002543560403864831 0.0027458819095045332
v -0.0060002775862813 0.0008084679720923305 0.0026724750641733412
v -0.006000415422022343 -0.0011904628481715918 0.0038816714659333238
v -0.00600037956610322 -0.0009195701568387449 0.003541399724781514
v -0.006000341847538948 -0.0006364227156154811 0.003194712335243822
v -0.0060002910904586315 0.0018598202150315046 0.002839213469997049
v -0.006000323221087456 0.002668901812285185 0.0031891099642962226
v -0.006000081077218056 0.0018063648603856564 0.00046796875540167104
v -0.00600009597837925 0.0028757730033248663 0.00020459217194002127
v -0.005999923683702946 0.0018632546998560429 -0.00026716393767856067
v -0.006000001914799213 0.002800121670588851 -0.0006582564674317838
v -0.0059997872449457645 0.0015629992121830583 -0.000940587720833719
v -0.0059998054057359695 0.002299313200637698 -0.0016198842786252503
v -0.005999702960252762 0.0009781485423445702 -0.001389588578604162
v -0.005999681539833546 0.0014384769601747394 -0.002279050881043077
v -0.005999762564897537 0.0005149773205630481 -0.0015061533777043228
v -0.005999695509672165 0.0006015257094986737 -0.0025023976340889935
v -0.0059996964409947395 3.864520476781763e-05 -0.0014712092233821754
v -0.005999675951898098 -0.00027901880093850195 -0.002421942306682468
v -0.005999780260026455 -0.0006148740067146719 -0.001129789627157152
v -0.005999793764203787 -0.0012320071691647172 -0.0019182944670319562
v -0.00599998515099287 -0.001884373021312058 -0.0010602307738736274
v -0.006000477820634842 -0.0018843570724129677 0.004451682325452567
v -0.006000467576086521 -0.0018061322625726461 0.004339504055678845
v -0.00600046431645751 -0.0017871609888970852 0.0043219439685344705
v -0.006000445690006018 -0.0015069080982357264 0.004133285954594613
v -0.006168250925838947 -0.0016901657218113542 0.004610964097082616
v -0.006211430300027132 -0.0016092510195448995 0.0045475875958800325
v -0.006131160072982311 -0.0016359726432710886 0.004519376438111068
v -0.0060590216889977455 -0.0016838081646710634 0.004468815866857768
v -0.006062442436814308 -0.0017506644362583756 0.004561363253742457
v -0.006101855076849461 -0.0017204972682520747 0.004586096387356521
v -0.006035914178937674 -0.0017089556204155087 0.00444222940132022
v -0.006014371290802956 -0.0017441310919821262 0.004405040759593249
v -0.006006669718772173 -0.001839649979956448 0.00448838109150529
v -0.0060456665232777596 -0.00185771391261369 0.00477241910994053
v -0.006051480770111084 -0.001830041641369462 0.004709470085799695
v -0.0060290200635790825 -0.0018488973146304488 0.0046943817287683496
v -0.0060213287360966206 -0.001890036161057651 0.004850248340517283
v -0.006023401394486427 -0.0018870626809075475 0.004833535291254521
v -0.00601085415109992 -0.001894050627015531 0.004807794932276011
v -0.0060116806998848915 -0.0018715683836489916 0.004677852150052787
v -0.005999628454446793 -0.0018935354892164469 0.004650522954761983
v -0.006055116653442383 -0.00015306906425394118 0.0031930175609886655
v -0.0060510518960654736 -0.0005133076920174062 0.0034302060957998046
v -0.00603901594877243 -0.0008232090040110052 0.0037194639444351205
v -0.006026976741850376 -0.0011253476841375232 0.004004691261798144
v -0.006021518725901842 -0.001457246602512896 0.004231926519423724
v -0.006234702654182911 -3.821000427706167e-05 0.003442615736275912
v -0.00621184054762125 -0.00039991954690776765 0.003647081321105362
v -0.006161521188914776 -0.000734460074454546 0.0038834474980831155
v -0.006111202295869589 -0.0010653777280822396 0.004117987584322692
v -0.0060883392579853535 -0.001411509234458208 0.004322769585996867
v -0.006509508937597275 3.68408982467372e-05 0.003605684032663704
v -0.006456611678004265 -0.00032544549321755767 0.0037895126733928928
v -0.00634801434352994 -0.000676169351208955 0.003991142380982638
v -0.006239416543394327 -0.0010259897680953145 0.004192394670099021
v -0.006190065760165453 -0.0013814683770760894 0.004382426384836436
v -0.006800472736358643 5.9730547945946455e-05 0.0036553964018821725
v -0.006722362246364355 -0.00030197197338566184 0.0038343823980540046
v -0.006550487130880356 -0.0006577965687029064 0.0040250709280371675
v -0.006378619000315666 -0.0010135743068531156 0.004215834196656943
v -0.0063005066476762295 -0.0013720231363549829 0.004401177633553744
v -0.006000438239425421 0.0018547051586210728 0.0028533160220831637
v -0.006052428390830755 0.001293646520934999 0.0029851035214960584
v -0.0060584875755012035 0.0017576984828338027 0.0031207420397549876
v -0.006222753785550594 0.001251874607987702 0.003251372603699566
v -0.006219544447958469 0.0016722199507057667 0.003356379223987461
v -0.0064847893081605434 0.0012237292248755693 0.0034307739697396764
v -0.006461563985794783 0.0016126962145790458 0.003520456375554205
v -0.0064925262704491615 0.0008180298027582467 0.0034109868574887523
v -0.0067817033268511295 0.0006549388635903597 0.0034858519211411485
v -0.006769207771867514 0.0011066276347264647 0.003480677958577872
v -0.006500867661088705 0.0004174199129920453 0.0034698322415351876
v -0.006794725079089403 0.00022156677732709795 0.0035892529413104066
v -0.006230511236935854 0.00037525445804931223 0.0032945184502750644
v -0.006054168567061424 0.00031142396619543433 0.0030290964059531697
v -0.006226482335478067 0.0008107008179649711 0.0032301563769578942
v -0.006053264252841473 0.0007997226202860475 0.00295921671204269
v -0.006757053546607494 0.0015874324599280953 0.003590091364458204
v -0.00573435053229332 0.004111048765480518 0.004885136615484954
v -0.005720675922930241 0.004153197165578604 0.004983604419976474
v -0.00573693448677659 0.004101919010281563 0.004880124703049661
v -0.005932977423071861 0.0033961227163672447 0.0046381023712456235
v -0.006123082712292671 0.002683111000806093 0.004077897872775794
v -0.006137582007795572 0.0025938674807548523 0.0042716190218925485
v -0.006140341982245445 0.0026094967033714056 0.004038381855934859
v -0.005443904083222151 0.005280282348394394 0.005469419527798892
v -0.005015374161303043 0.007157653570175171 0.0063571827486157435
v -0.0050012036226689816 0.007239826023578644 0.006292119156569244
v -0.005399372894316912 0.005466971080750227 0.005553444847464562
v -0.005332169588655233 0.006941365078091621 0.006134337279945614
v -0.004783517215400934 0.008774179965257645 0.00685711530968547
v -0.0052521005272865295 0.00881532859057188 0.006770195439457895
v -0.00605535926297307 0.0026470855809748173 0.0035038499627262363
v -0.00621176278218627 0.0026284055784344673 0.0037733411882072696
v -0.006441181991249323 0.002615425968542695 0.003960599191486836
v -0.006767082493752241 0.0020835003815591335 0.0037961406633257875
v -0.006692930590361357 0.00260954350233078 0.004045465029776097
v -0.0067853848449885845 0.002609009388834238 0.004053167998790742
v -0.0038768628146499395 0.011186197400093079 0.008164201863110067
v -0.0038991926703602076 0.011431175284087658 0.008202381432056429
v -0.00399760203436017 0.011588784866034985 0.008144200779497625
v -0.003947719931602478 0.011543375439941883 0.008180527016520502
v -0.004076505545526743 0.01160542480647564 0.008079261519014837
v -0.004205952864140272 0.011551427654922009 0.007966569624841215
v -0.004276719875633717 0.011487032286822796 0.00790185295045376
v -0.004710523411631584 0.011031696572899818 0.007564073428511621
v -0.005139641929417849 0.010668829083442688 0.007358775008469822
v -0.00508939940482378 0.010700599290430546 0.007374800741672518
v -0.0036256283055990934 0.007761002518236637 0.022429913282394413
v -0.003625633893534541 0.007768095470964909 0.02243095822632313
v -0.0035904727410525084 0.008214276283979416 0.02198211289942265
v -0.00344477454200387 0.008493141271173954 0.02206671237945557
v -0.003212988842278719 0.008713087998330593 0.022131361067295078
v -0.003077017841860652 0.008790970779955387 0.022153291851282123
v -0.002979573793709278 0.009189615026116371 0.02103807777166367
v -0.0032428365666419268 0.009057595394551754 0.021001862362027172
v -0.00365511910058558 0.008286169730126858 0.02077027224004269
v -0.003609997220337391 0.008566601201891899 0.020856317132711414
v -0.003467798698693514 0.008840241469442844 0.020938541740179065
v -0.003607007674872875 0.007145567797124386 0.023454461246728904
v -0.004023933783173561 0.006852339021861553 0.024045990779995925
v -0.0036011370830237865 0.006621489301323891 0.023748375475406654
v -0.0050982143729925156 0.0075344606302678585 0.024652101099491126
v -0.00515834242105484 0.007364389020949602 0.024810452014207847
v -0.0052174837328493595 0.007118390407413244 0.025032194331288345
v -0.004344651475548744 0.00631141010671854 0.02483470924198628
v -0.00522042578086257 0.007085298653692007 0.02505894750356675
v -0.00523220282047987 0.006971412803977728 0.025155132636427886
v -0.004494835622608662 0.008246379904448986 0.023827668279409416
v -0.004514888394623995 0.008234809152781963 0.023847088217735297
v -0.004764201119542122 0.008035249076783657 0.024119287729263313
v -0.004995383322238922 0.007742392364889383 0.024447763338685043
v -0.0036087720654904842 0.007348828017711639 0.023370049893856052
v -0.003611759515479207 0.007780747953802347 0.02323471195995808
v -0.004077000543475151 0.00842215120792389 0.023461865261197097
v -0.003592865541577339 0.006092472467571497 0.02418076805770398
v -0.0035853185690939426 0.005714350380003452 0.02458456531167031
v -0.0035815441515296698 0.005547103937715292 0.024788361042737968
v -0.004572632722556591 0.005722668021917343 0.025705108419060714
v -0.003566429950296879 0.004961799830198288 0.02561174891889096
v -0.004722257144749165 0.005103028379380703 0.02661938779056073
v -0.003553627524524927 0.0045256284065544605 0.026314554736018188
v -0.0041594840586185455 0.004226868972182274 0.0273825190961361
v -0.00353900995105505 0.004058199469000101 0.027119403705000884
v -0.004807902500033379 0.0044694095849990845 0.027539726346731193
v -0.00530371256172657 0.003935002721846104 0.02856703847646714
v -0.005313408095389605 0.004639397840946913 0.02768606878817082
v -0.005328614264726639 0.005624601151794195 0.026526032015681274
v -0.005313389468938112 0.00601237453520298 0.026096815243363387
v -0.0052480548620224 0.006853123195469379 0.025262622162699706
v -0.005266911815851927 0.00656890869140625 0.025520069524645812
v -0.005298436153680086 0.006175933871418238 0.02591806463897229
v -0.003512381576001644 -0.0008197026909328997 0.028235204517841346
v -0.0035092236939817667 -7.505509711336344e-05 0.028482854366302497
v -0.003471671836450696 -0.0008469905587844551 0.02822613529860974
v -0.003774211509153247 -0.003230120986700058 0.009999044239521028
v -0.00382707710377872 -0.003206242574378848 0.009784797206521036
v -0.0038295239210128784 -0.0020042567048221827 0.009748085401952268
v -0.0038170216139405966 -0.0020064348354935646 0.009848509915173055
v -0.003718417137861252 -0.00204391498118639 0.010054193437099459
v -0.0037159770727157593 -0.0032502245157957077 0.010091024450957777
v -0.004002413712441921 -0.0021054993849247694 -0.00022767164045944815
v -0.004011503886431456 -0.0020052874460816383 -0.0007447927491739394
v -0.004020204301923513 -0.001797733479179442 -0.0012302056420594456
v -0.004028078634291887 -0.00149544479791075 -0.0016593091422691946
v -0.004032944794744253 -0.0012320345267653465 -0.00191787350922823
v -0.0040430836379528046 -0.0002790561702568084 -0.0024215537123382096
v -0.004040156956762075 -0.0006552189006470144 -0.0022850136738270526
v -0.004034848418086767 -0.001107297488488257 -0.002017200225964189
v -0.0040458012372255325 0.000601497886236757 -0.0025019932072609667
v -0.004045614507049322 0.0003686300478875637 -0.0025115578901022677
v -0.0040438114665448666 -0.00015412109496537596 -0.002452718792483211
v -0.004015424754470587 0.002826447831466794 -0.0005508815520443023
v -0.004006479401141405 0.0028853085823357105 -2.8150529033155187e-05
v -0.0040024323388934135 0.0028757378458976746 0.0002050939947366715
v -0.004017232917249203 0.00280017196200788 -0.000657861470244825
v -0.004023832269012928 0.0026587401516735554 -0.0010518708731979134
v -0.004031242337077856 0.0023908873554319143 -0.0015039023710414772
v -0.004033102188259363 0.0022992820013314486 -0.0016194665804505353
v -0.004037411883473396 0.0020329433027654886 -0.0018920163856819276
v -0.00404484523460269 0.0011184301692992449 -0.002401805249974132
v -0.004041990730911493 0.0016038173343986273 -0.0021942639723420147
v -0.003932386636734009 0.002596530830487609 0.00423320196568966
v -0.0041224039159715176 0.012757745571434498 0.010024302639067175
v -0.004086720757186413 0.012751894071698189 0.010058000683784487
v -0.004110753070563078 0.012735124677419662 0.009950796142220499
v -0.004032196011394262 0.012736198492348194 0.010118128731846811
v -0.003964592237025499 0.012702214531600475 0.010213300585746767
v -0.003964910749346018 0.012644867412745953 0.009971565566956999
v -0.004271628335118294 0.011852282099425793 0.008257539942860605
v -0.003989054821431637 0.011856554076075554 0.008437575772404672
v -0.003894949331879616 0.011744909919798374 0.008529921993613245
v -0.0038695642724633217 0.01164107397198677 0.008616759441792967
v -0.003884134814143181 0.012207274325191975 0.009225433692336084
v -0.0038591439370065928 0.012086655013263226 0.009287025779485704
v -0.003871712600812316 0.012503591366112232 0.010006248950958254
v -0.003847172949463129 0.012372217141091824 0.010039498098194601
v -0.003932054154574871 0.012677686288952827 0.01027228031307459
v -0.003914865665137768 0.012661494314670563 0.010308681055903436
v -0.003855654038488865 0.012569752521812916 0.010496854782104494
v -0.0038479617796838284 0.012546873651444912 0.010540894232690336
v -0.0038364180363714695 0.012475180439651012 0.010672787204384806
v -0.004246826749294996 0.012756286188960075 0.009937044233083727
v -0.004123970866203308 0.012419831939041615 0.0091199753805995
v -0.004256154876202345 0.012539626099169254 0.009315583854913713
v -0.004135478753596544 0.01192785706371069 0.008379920385777952
v -0.004264357965439558 0.01223718374967575 0.00875813700258732
v -0.003977819345891476 0.012336976826190948 0.009160254150629045
v -0.003976397681981325 0.00025530089624226093 0.0014830211875960235
v -0.00397735508158803 0.0006613254081457853 0.0014630401274189355
v -0.003980177920311689 0.0010496312752366066 0.00133366696536541
v -0.004002520814538002 0.0018799403915181756 0.00011332851136103275
v -0.003996310755610466 0.001807355205528438 0.0004662633582483978
v -0.003989716060459614 0.0016257609240710735 0.0008320148335769775
v -0.003984139300882816 0.0013570303563028574 0.0011311877751722934
v -0.004009517841041088 0.001858593081124127 -0.00029336623265407985
v -0.0040159993804991245 0.0017281875479966402 -0.0006798672256991268
v -0.004020825494080782 0.00153390655759722 -0.000975905451923609
v -0.004025112371891737 0.001230813330039382 -0.0012503936886787417
v -0.004028448835015297 0.0005149496719241142 -0.001505744294263423
v -0.004027718678116798 0.0008640870219096541 -0.001433040830306709
v -0.003977131564170122 -9.383776341564953e-05 0.0014103178400546315
v -0.004027491435408592 0.00010892422869801521 -0.001485763350501657
v -0.0040151337161660194 -0.0008555116364732385 -0.0008547377074137332
v -0.004020710475742817 -0.0005867810687050223 -0.0011539106490090492
v -0.004024672321975231 -0.000279382016742602 -0.0013563898392021658
v -0.0040023294277489185 -0.0011096911039203405 -0.0001360514288535342
v -0.0040085394866764545 -0.0010371051030233502 -0.0004889861447736622
v -0.003979733679443598 -0.0004605637222994119 0.0012276704655960204
v -0.003984024282544851 -0.0007636563968844712 0.0009531826362945142
v -0.0039888471364974976 -0.000957937038037926 0.0006571441772393883
v -0.003995331935584545 -0.0010883439099416137 0.0002706433006096632
v -0.0030084052123129368 0.009394143708050251 0.02033709548413754
v -0.003650136524811387 0.009203157387673855 0.01867325231432915
v -0.0036857177037745714 0.008794614113867283 0.0190441906452179
v -0.003731715027242899 0.009591653943061829 0.016452465206384662
v -0.003675052197650075 0.009786383248865604 0.01686031371355057
v -0.0035333873238414526 0.009952068328857422 0.017218645662069324
v -0.003512836527079344 0.009474032558500767 0.01875037327408791
v -0.0033121188171207905 0.010083531960844994 0.01753126829862595
v -0.003295137779787183 0.00969125609844923 0.01881031878292561
v -0.0030458911787718534 0.010158009827136993 0.017760615795850757
v -0.0021879831328988075 0.010050761513411999 0.022366788238286976
v -0.0015772723127156496 0.010243160650134087 0.02216957695782185
v -0.001425518887117505 0.010281129740178585 0.022133065387606624
v -0.0012722210958600044 0.010314542800188065 0.0221009124070406
v -2.2549904770130524e-06 0.0104424012824893 0.021979922428727153
v -0.0007807376096025109 0.01039334200322628 0.022026440128684047
v -0.0011136324610561132 0.010344388894736767 0.022072341293096546
v -0.0023073330521583557 0.010004746727645397 0.022415496408939365
v -0.0029711569659411907 0.009693344123661518 0.022756805643439296
v -0.002796251093968749 0.00927778985351324 0.022631157189607624
v -0.002897509839385748 0.009124978445470333 0.022680465131998066
v -0.00025267948512919247 0.010440457612276077 0.021987112239003185
v -0.0009774997597560287 0.010376621969044209 0.022051870822906498
v -0.0012101710308343172 0.01033344492316246 0.02208955585956574
v -0.0013649066677317023 0.010297780856490135 0.02211999334394932
v -0.002978942822664976 0.009207025170326233 0.022727984935045246
v -0.0032407089602202177 0.009563331492245197 0.02290105074644089
v -0.00518836360424757 0.008076341822743416 0.024453107267618186
v -0.004969883244484663 0.0083290571346879 0.024177871644496925
v -0.005169199779629707 0.008116433396935463 0.02442005835473538
v -0.005391702987253666 0.0078019434586167336 0.024757394567132003
v -0.0055043818429112434 0.0076329680159688 0.02494927681982518
v -0.005538070574402809 0.007574291899800301 0.025013566017150886
v -0.004767299629747868 0.008532721549272537 0.023958362638950355
v -0.004534761421382427 0.00875070970505476 0.02373630180954934
v -0.004490694962441921 0.008775423280894756 0.023700026795268066
v -0.004190662410110235 0.009003417566418648 0.023460905998945243
v -0.003983865492045879 0.009143411181867123 0.023316035047173504
v -0.0035861467476934195 0.009382558986544609 0.023075576871633533
v -0.005584492813795805 0.007495701313018799 0.025102578103542335
v -0.005848129279911518 0.006975048221647739 0.025699246674776084
v -0.006155240815132856 0.00612369691953063 0.026689926162362106
v -0.005891913082450628 0.006873382721096277 0.02581684477627278
v -0.006375954952090979 0.005131927784532309 0.027840582653880126
v -0.006476936396211386 0.004342740401625633 0.02873161435127259
v -0.006385908927768469 0.005076506175100803 0.027904765680432327
v -0.006497218739241362 0.004276898689568043 0.028811655938625343
v -0.006098492536693811 -0.0010366167407482862 0.03074083104729653
v -0.006034066900610924 -0.001165400492027402 0.030945219099521644
v -0.006037453655153513 -0.001049555605277419 0.031244961544871337
v -0.006133451592177153 -0.0009781535482034087 0.030697628855705268
v -0.0061382753774523735 -0.0007316534174606204 0.031379874795675285
v -0.006137638818472624 -0.000619210593868047 0.031619098037481315
v -0.006037554703652859 -0.000834318925626576 0.03172830119729043
v -0.006128257140517235 -0.0004187647718936205 0.03201086819171906
v -0.006090290378779173 -0.0002107753825839609 0.03246594965457917
v -0.006003374699503183 -0.0009611414279788733 0.03204136341810227
v -0.006003449205309153 -0.0004868711403105408 0.03278342261910439
v -0.006059004459530115 -0.000217380904359743 0.032595295459032066
v -0.006003302522003651 -0.0012847107136622071 0.03135511651635171
v -0.00609384011477232 -0.00014404919056687504 0.03254408016800881
v -0.0038352753035724163 -0.00043908407678827643 0.0316038690507412
v -0.004103676415979862 -0.00047548109432682395 0.03191590309143067
v -0.004085672087967396 -0.0004630286421161145 0.03180914372205735
v -0.0040664104744791985 -0.0004578212683554739 0.03176449611783028
v -0.0039062409196048975 -0.00044110207818448544 0.03162116557359696
v -0.003968157339841127 -0.00044488307321444154 0.03165357559919358
v -0.004016174469143152 -0.00044963968684896827 0.03169435635209084
v -0.0041029490530490875 -7.504721725126728e-05 0.0284827295690775
v -0.004103626124560833 0.0026486923452466726 0.03188882768154145
v -0.0060579427517950535 0.002710366388782859 0.031359888613224036
v -0.006140639539808035 0.0027409428730607033 0.031097732484340675
v -0.006003525108098984 0.0024000771809369326 0.034020200371742255
v -0.004104079678654671 0.0024000494740903378 0.03402059897780419
v -0.006003330461680889 0.0026566386222839355 0.03182054683566094
v -0.006013938225805759 0.002679705386981368 0.0316227711737156
v -0.004104230087250471 0.002368554240092635 0.0347471795976162
v -0.006003641057759523 0.0023685810156166553 0.034746788442134864
v -0.004104380961507559 0.0024427957832813263 0.035470649600029
v -0.0060037472285330296 0.002442823024466634 0.03547025471925736
v -0.0041047437116503716 -0.00022208386508282274 0.037392273545265205
v -0.006003932561725378 -0.00022207402798812836 0.037392076104879386
v -0.006003927439451218 0.00028017963632009923 0.037375751882791526
v -0.006003615912050009 0.0001840928744059056 0.03441969677805901
v -0.004104272928088903 0.0001840826589614153 0.03441989421844483
v -0.006003630813211203 0.0006635538884438574 0.034570168703794486
v -0.004104370716959238 0.0006635439931415021 0.034570366144180305
v -0.006003677379339933 0.001215007621794939 0.035053100436925895
v -0.004104421008378267 0.0012149973772466183 0.035053297877311713
v -0.0060037472285330296 0.001471773604862392 0.035739671438932426
v -0.004104489926248789 0.0014717624289914966 0.03573987632989884
v -0.00600382499396801 0.0013725298922508955 0.03646595031023026
v -0.004104568623006344 0.0013725196477025747 0.03646614775061608
v -0.006003891117870808 0.00094097905093804 0.03705847635865212
v -0.004104631021618843 0.0009409691556356847 0.03705867007374764
v -0.004104667343199253 0.0002801697701215744 0.037375945597887046
v -0.004104649648070335 -0.000701545097399503 0.03724180161952973
v -0.00410435302183032 -0.00031817087437957525 0.03443621844053269
v -0.006003620568662882 -0.0003181608044542372 0.03443602100014687
v -0.00410438934341073 -0.0009789702016860247 0.034753493964672096
v -0.006003657355904579 -0.0009789601899683475 0.03475329652428628
v -0.00410445174202323 -0.0014105207519605756 0.03534601628780366
v -0.006003723479807377 -0.0014105109730735421 0.03534582257270814
v -0.00410452950745821 -0.001509764464572072 0.03607229515910149
v -0.006003797985613346 -0.0015097534051164985 0.036072093993425376
v -0.004104599356651306 -0.0012529984815046191 0.03675886988639832
v -0.006003871094435453 -0.0012529888190329075 0.036758672446012504
v -0.0060039181262254715 -0.0007015340961515903 0.037241596728563316
v -0.004017784260213375 -0.0006103254272602499 0.032612178474664695
v -0.004069332964718342 -0.000549793301615864 0.03257868811488152
v -0.004103843588382006 -0.0006881937733851373 0.032666891813278205
v -0.004091808572411537 -0.0005026093567721546 0.032551120966672904
v -0.004103801213204861 -0.0004287829506210983 0.03250598907470704
v -0.003971724305301905 -0.0006444439641200006 0.03262972831726075
v -0.0038030424620956182 -0.0007418437162414193 0.03267725184559823
v -0.0031539404299110174 -0.0010431618429720402 0.03281887993216515
v -0.0021743853576481342 -0.0013474987354129553 0.03295261412858964
v -0.0010991862509399652 -0.001536402734927833 0.03302958235144616
v -3.4837860312109115e-06 -0.0015997105510905385 0.033053811639547355
v -0.004063642118126154 -0.002443393226712942 0.033624269068241126
v -0.004013766534626484 -0.0023551855701953173 0.0335773378610611
v -0.004087567329406738 -0.0024736325722187757 0.03373359888792039
v -0.003985332790762186 -0.0022882882039994 0.03361661359667779
v -0.003406854346394539 -0.002154666930437088 0.03336697071790696
v -0.003302378114312887 -0.0021796473301947117 0.03338029608130456
v -0.003295843256637454 -0.0021312450990080833 0.03347641974687577
v -0.0041041066870093346 -0.002593589248135686 0.033805899322032935
v -0.0041040885262191296 -0.0026342272758483887 0.0337258204817772
v -0.004104073159396648 -0.002671539317816496 0.03364216163754464
v -0.0034020901657640934 -0.0021133385598659515 0.03344876319169999
v -0.003562680445611477 -0.0021489097271114588 0.03336387127637864
v -0.003616839414462447 -0.0021148137748241425 0.03344950452446938
v -0.0036200867034494877 -0.0021559835877269506 0.03336762636899949
v -0.003814334748312831 -0.0021814878564327955 0.03348494321107865
v -0.0038162439595907927 -0.0022220732644200325 0.03340279310941697
v -0.0038584459107369184 -0.002207375131547451 0.03349870815873147
v -0.0038600629195570946 -0.0022477556485682726 0.033416464924812324
v -0.00353927630931139 -0.0020931672770529985 0.03347045555710793
v -0.0037955623120069504 -0.002150436630472541 0.03352175280451775
v -0.004063894972205162 -0.002482012379914522 0.03354120999574662
v -0.004045797977596521 -0.002445046091452241 0.03352152183651925
v -0.004014354664832354 -0.0023944543208926916 0.03349457681179047
v -0.0035143671557307243 -0.0010598202934488654 0.028099553659558303
v -0.0035175399389117956 -0.0012065930059179664 0.02790311351418496
v -0.002950079506263137 -0.0015224512899294496 0.027747649699449546
v -0.0035213064402341843 -0.0012463913299143314 0.027681773528456695
v -0.003328196005895734 -0.0013530243886634707 0.02763092145323754
v -0.003521701553836465 -0.0012443934101611376 0.027661290019750602
v -0.001800152356736362 -0.001925856457091868 0.027468439191579826
v -0.002639448270201683 -0.0016661979025229812 0.027542633935809142
v -0.0028206505812704563 -0.0015937159769237041 0.02756317518651486
v -0.0020133384969085455 -0.0018547201761975884 0.027647966518998153
v -0.0010117986239492893 -0.0020555283408612013 0.027587125077843673
v -0.0009121285402216017 -0.002084367210045457 0.027422569692134864
v -2.9198379252193263e-06 -0.0020965763833373785 0.027637353166937835
v -2.9451427963067545e-06 -0.0021378237288445234 0.027407050132751472
v -2.9249545150378253e-06 -0.0019544262904673815 0.027824314311146743
v -0.0028376420959830284 -0.0013647435698658228 0.028024489060044296
v -0.0009763059788383543 -0.0018753568874672055 0.027857135981321342
v -0.0019407881191000342 -0.0016821982571855187 0.027920443564653404
v -0.0035158791579306126 -0.001147387083619833 0.028004476800560958
v -0.0029018032364547253 -0.0014666520291939378 0.027902450412511833
v -0.001981904963031411 -0.001791222719475627 0.027799896895885474
v -0.0009963462362065911 -0.001987993950024247 0.027737451717257507
v 0.002517293905839324 -0.0013347199419513345 0.028064671903848655
v 0.0017190275248140097 -0.0015882295556366444 0.027980361133813865
v 0.000869052717462182 -0.0017436943016946316 0.02792866528034211
v 0.005247761495411396 0.0029379266779869795 0.029990930110216148
v 0.005280414596199989 0.002807644894346595 0.03052866645157338
v 0.005280985962599516 0.0028580573853105307 0.03026165813207627
v 0.005282103084027767 0.002885369583964348 0.030159637331962592
v 0.005282523110508919 0.0029832276050001383 0.029886564239859588
v 0.005240402650088072 0.0029839605558663607 0.029871528968214996
v 0.005283975042402744 0.0030674703884869814 0.029710076749324806
v 0.005239114165306091 0.0031419899314641953 0.02956132963299752
v 0.0052845110185444355 0.00324002793058753 0.02943138591945172
v 0.005283952224999666 0.0033287564292550087 0.02931573241949082
v 0.006519387476146221 0.0033775493502616882 0.029760532081127174
v 0.006525063421577215 0.0031552279833704233 0.030026368796825416
v 0.006506882142275572 0.0029011124279350042 0.030479237437248237
v 0.006272916216403246 0.0027879413682967424 0.03082129545509816
v 0.005281428806483746 0.0028033810667693615 0.030563099309802062
v 0.006167864892631769 0.0027668862603604794 0.030959306284785278
v 0.0030652456916868687 0.008594389073550701 0.022745041176676754
v 0.0027437242679297924 0.008752508088946342 0.022569132968783382
v 0.003046267433091998 0.008870256133377552 0.021945796906948093
v 0.0026509000454097986 0.008792473003268242 0.022529916837811474
v 0.0029722729232162237 0.0091685326769948 0.02110867947340012
v 0.002367089269682765 0.008910641074180603 0.02239286527037621
v 0.0029513556510210037 0.009192504920065403 0.021056551486253742
v 0.002808456774801016 0.009352724067866802 0.02070352435112
v 0.0025710545014590025 0.009460430592298508 0.02060097083449364
v 0.0021858762484043837 0.009608964435756207 0.02046376466751099
v 0.002059413818642497 0.009019951336085796 0.022267797961831096
v 0.0017449413426220417 0.009743723087012768 0.020344303920865062
v 0.0016012421110644937 0.00915082823485136 0.02212258987128735
v 0.0015223086811602116 0.009798780083656311 0.02029719948768616
v 0.0007835885044187307 0.009298469871282578 0.021970927715301517
v 0.0014391759177669883 0.009188765659928322 0.022082230076193813
v 0.001153595745563507 0.009244989603757858 0.02202418074011803
v 0.0008117738179862499 0.00992126390337944 0.020197575911879543
v 8.452397014480084e-05 0.009967952035367489 0.020164260640740398
v -0.0008506762096658349 0.010258062742650509 0.019031733274459842
v -0.0023362685460597277 0.01029577013105154 0.018014904111623768
v -0.0026861242949962616 0.01022247038781643 0.017939170822501186
v -0.0022318423725664616 0.010319199413061142 0.018021306023001674
v -0.0016974799800664186 0.01011062040925026 0.019139580428600315
v -0.0006747620645910501 0.010538266971707344 0.01804672181606293
v -1.8403403601041646e-06 0.01055919099599123 0.018049756065011028
v -1.8496283473723452e-06 0.01052930299192667 0.018162962049245838
v -0.0017314222641289234 0.010417775250971317 0.018032904714345935
v 0.006238516885787249 -0.001026057405397296 0.00419370410963893
v 0.006377710495144129 -0.0010136447381228209 0.0042171766981482514
v 0.00618912186473608 -0.0013815363636240363 0.004383726976811887
v 0.006299556232988834 -0.0013720918213948607 0.0044025019742548474
v 0.006505201570689678 3.618857590481639e-05 0.003605788107961417
v 0.006799686700105667 5.965641321381554e-05 0.0036568238865584144
v 0.0064558060839772224 -0.0003255158371757716 0.0037908696103841075
v 0.00672153802588582 -0.0003020451113115996 0.0038357945159077653
v 0.006233979016542435 -3.8273781683528796e-05 0.003443930996581913
v 0.006211069878190756 -0.00039998453576117754 0.003648390294983984
v 0.006347161717712879 -0.0006762383854947984 0.003992473706603051
v 0.006549623794853687 -0.0006578684551641345 0.004026446957141162
v 0.006087414920330048 -0.0014115750091150403 0.004324050154536963
v 0.006020610220730305 -0.0014573093503713608 0.0042331968434155
v 0.006110323127359152 -0.00106544338632375 0.004119274206459523
v 0.006026122719049454 -0.0011254101991653442 0.0040059671737253675
v 0.006038222927600145 -0.0008232687250711024 0.0037207398563623437
v 0.0061606960371136665 -0.0007345254416577518 0.003884745296090842
v 0.0060503254644572735 -0.0005133666563779116 0.0034314896911382684
v 0.006055836565792561 -0.00015164623619057238 0.0031975230667740115
v 0.005999688059091568 -0.00027475255774334073 0.002929991343989969
v 0.005999657791107893 -0.0006364780711010098 0.003195989644154907
v 0.005999619606882334 -0.0009196269093081355 0.0035426733084023007
v 0.005999583750963211 -0.0011905228020623326 0.0038829408586025247
v 0.005999555811285973 -0.0015069696819409728 0.004134554881602527
v 0.006210453808307648 -0.0016093187732622027 0.004548895172774793
v 0.006167262326925993 -0.0016902296338230371 0.004612257238477469
v 0.0061303372494876385 -0.0016359289875254035 0.004520783666521312
v 0.0061010024510324 -0.0017206764314323664 0.004587234463542701
v 0.006058029364794493 -0.0016838588053360581 0.0044701043516397485
v 0.006061310414224863 -0.0017510298639535904 0.004562317859381438
v 0.00603500148281455 -0.0017089199973270297 0.004443602170795203
v 0.006005594506859779 -0.0018402988789603114 0.004489106126129628
v 0.00601340364664793 -0.0017441939562559128 0.004406306892633439
v 0.005999517161399126 -0.0018844209844246507 0.004452943801879884
v 0.005999531596899033 -0.0018061978043988347 0.004340765066444875
v 0.0002081459533656016 0.010437225922942162 0.02198533155024052
v 0.0002332801086595282 0.01044089999049902 0.02198654226958752
v 0.0009163222275674343 0.01037483848631382 0.022043751552701
v 0.0009108408121392131 0.01038578525185585 0.022043546661734584
v 0.0011577756376937032 0.010326394811272621 0.02209015563130379
v 0.0015727205900475383 0.010243143886327744 0.022169904783368114
v 0.0028928511310368776 0.009125207550823689 0.022681100293993953
v 0.0027915926184505224 0.009277760051190853 0.022631742060184482
v 0.0029664766043424606 0.009693311527371407 0.02275742962956429
v 0.002302727662026882 0.010004720650613308 0.022415982559323314
v 0.002183368895202875 0.010050743818283081 0.02236724086105824
v 0.003236000193282962 0.009563305415213108 0.02290173433721066
v 0.0030009502079337835 0.00924263522028923 0.022746391594409946
v 0.00649195397272706 0.004268404096364975 0.0288222972303629
v 0.006483058910816908 0.004192305728793144 0.02889810875058175
v 0.0063941520638763905 0.004978057462722063 0.02801781706511975
v 0.006443614140152931 0.004684729967266321 0.028356187045574195
v 0.006370367482304573 0.00513093639165163 0.02784301713109017
v 0.004964888561517 0.008329002186655998 0.024178914725780494
v 0.005176915787160397 0.008084341883659363 0.024445412680506713
v 0.005219337996095419 0.008049076423048973 0.024496007710695274
v 0.005386618431657553 0.007802001666277647 0.024758497253060348
v 0.005531589966267347 0.0075765494257211685 0.025012191385030753
v 0.004185829311609268 0.00900337379425764 0.02346178889274598
v 0.004457665141671896 0.008798234164714813 0.023676799610257156
v 0.004508244339376688 0.008768281899392605 0.023718342185020454
v 0.004762237425893545 0.008532672189176083 0.02395932003855706
v 0.005988409277051687 -0.00046111404662951827 0.032774284482002265
v 0.005991763435304165 -0.00048466376028954983 0.032787416130304343
v 0.005996621213853359 -0.000933977251406759 0.03209097683429719
v 0.0060891942121088505 -0.0010416702134534717 0.030747503042221076
v 0.006127011962234974 -0.0009781800908967853 0.030698895454406745
v 0.006131259258836508 -0.0007248200126923621 0.03139826655387879
v 0.006030850578099489 -0.0008343458757735789 0.031729858368635185
v 0.00603084871545434 -0.001049664570018649 0.031246379017829902
v 0.006023718975484371 -0.0011749642435461283 0.030969729647040374
v 0.00599669711664319 -0.0012847776524722576 0.031356383115053184
v 0.006043581757694483 -0.0002631043898873031 0.03262648731470109
v 0.006023361813277006 -0.00031161517836153507 0.032661572098732
v 0.006014892365783453 -0.0003351980703882873 0.032679077237844474
v 0.006131208036094904 -0.0006188187981024384 0.03162044286727906
v 0.006122164893895388 -0.00042320817010477185 0.03200249001383782
v 0.006081928964704275 -0.00021741831733379513 0.03244972229003907
v 0.006078661885112524 -0.00019061674538534135 0.03257663175463677
v 0.0060935537330806255 -0.00014639311120845377 0.03254733607172967
v 0.004096952732652426 0.002442750846967101 0.03547151759266854
v 0.005996206309646368 0.0024427580647170544 0.03547151386737824
v 0.004096951335668564 0.0023685090709477663 0.034748043864965446
v 0.0059963613748550415 0.0023685158230364323 0.034748047590255744
v 0.004096951335668564 0.002400005469098687 0.03402145579457284
v 0.005996399093419313 0.002400012221187353 0.034021459519863136
v 0.006049821153283119 0.0027078704442828894 0.031369607895612724
v 0.004096949007362127 0.0028748023323714733 0.029950723052024848
v 0.005996668711304665 0.0026565734297037125 0.03182180598378182
v 0.004096949938684702 0.00264864694327116 0.03188969567418099
v 0.00468274112790823 0.002837659092620015 0.03026919439435006
v 0.0038994241040199995 -0.00044115653145127 0.03162208944559098
v 0.004096960183233023 -7.509082206524909e-05 0.028483586385846145
v 0.003930925391614437 -0.00044281253940425813 0.03163629025220872
v 0.004029105417430401 -0.0004523228562902659 0.03171783313155175
v 0.004079049918800592 -0.0004630787007045001 0.031810048967599876
v 0.004092608578503132 -0.00046922388719394803 0.03186273574829102
v 0.004096961114555597 -0.00047552588512189686 0.031916767358779914
v 0.00350323342718184 -7.509275746997446e-05 0.028483586385846145
v 0.005996383260935545 0.00018402740533929318 0.03442095592617989
v 0.00409704027697444 0.0001840376207837835 0.034420758485794074
v 0.005996378138661385 -0.0003182257933076471 0.03443728387355805
v 0.0040971082635223866 -0.0003182149666827172 0.034437078982591636
v 0.005996341817080975 -0.0009790256153792143 0.034754559397697456
v 0.004097071476280689 -0.0009790147887542844 0.03475435450673104
v 0.005996277555823326 -0.001410576282069087 0.03534708172082902
v 0.004097007215023041 -0.0014105654554441571 0.0353468805551529
v 0.005996201187372208 -0.001509818946942687 0.036073353141546256
v 0.004096928983926773 -0.001509808236733079 0.03607315197587014
v 0.0059961299411952496 -0.0012530540116131306 0.03675993531942368
v 0.004096859600394964 -0.0012530431849882007 0.03675973042845727
v 0.005996081046760082 -0.0007015995215624571 0.037242859601974494
v 0.004096811171621084 -0.0007015896262601018 0.037242662161588676
v 0.005996068008244038 -0.00022213834745343775 0.03739333152770997
v 0.004096884746104479 -0.000222128423047252 0.03739313408732415
v 0.004096814431250095 0.0002801249211188406 0.03737680613994599
v 0.004097111523151398 0.0006634981837123632 0.034571234136819846
v 0.0059963702224195 0.0006634885794483125 0.034571427851915366
v 0.00409706262871623 0.001214953139424324 0.03505415469408036
v 0.005996320862323046 0.001214943127706647 0.03505435213446618
v 0.00409699184820056 0.0014717179583385587 0.035740736871957786
v 0.005996250081807375 0.0014717079466208816 0.035740934312343604
v 0.004096915014088154 0.0013724754098802805 0.036467008292675025
v 0.005996174179017544 0.001372464350424707 0.03646721318364144
v 0.004096850752830505 0.0009409247431904078 0.037059530615806587
v 0.005996108986437321 0.0009409146732650697 0.037059728056192405
v 0.005996072664856911 0.00028011531685478985 0.03737700358033181
v 0.004096962045878172 -0.0004288280906621367 0.03250685706734658
v 0.004063033033162355 -0.0005476217484101653 0.032578218728303916
v 0.0040109287947416306 -0.0006103622727096081 0.03261302039027215
v 0.003999123349785805 -0.0006204289966262877 0.032618328928947456
v 0.0039648571982979774 -0.0006444866303354502 0.032630559056997306
v 0.0037961634807288647 -0.0007418864406645298 0.0326780527830124
v 0.0031470293179154396 -0.0010431964183226228 0.03281954303383828
v 0.002192256972193718 -0.0013415311696007848 0.03295054286718369
v 0.002167443046346307 -0.0013475223677232862 0.03295307233929635
v 0.0010922255460172892 -0.0015364154241979122 0.03302982077002526
v 0.004056544508785009 -0.002443436300382018 0.033625118434429176
v 0.004096971359103918 -0.00263427197933197 0.03372668847441674
v 0.004096969496458769 -0.0025936404708772898 0.033806748688220985
v 0.00354230054654181 -0.002093786373734474 0.033471636474132545
v 0.0032887880224734545 -0.002131293760612607 0.033477108925580985
v 0.0033950309734791517 -0.0021133762784302235 0.03344947844743729
v 0.003289241110906005 -0.0021386309526860714 0.033462919294834144
v 0.003609777893871069 -0.002114852424710989 0.03345026075839997
v 0.0038072671741247177 -0.002181527204811573 0.03348573669791222
v 0.003788295201957226 -0.002150330226868391 0.03352238237857819
v 0.0038513820618391037 -0.0022074179723858833 0.033499516546726234
v 0.003966916352510452 -0.0022754203528165817 0.03360946848988534
v 0.004080480430275202 -0.0024724958930164576 0.03373425081372262
v 0.0040066842921078205 -0.0023552319034934044 0.033578183501958854
v 0.004096970893442631 -0.00267158355563879 0.033643018454313285
v 0.004056818783283234 -0.002482056152075529 0.03354205936193467
v 0.00403872225433588 -0.002445087069645524 0.0335223637521267
v 0.004007289186120033 -0.002394499722868204 0.033495418727397926
v 0.003853017231449485 -0.0022478001192212105 0.03341727703809739
v 0.0038091952446848154 -0.0022221130784600973 0.03340359404683114
v 0.0036130433436483145 -0.002156022237613797 0.033368386328220374
v 0.003294807393103838 -0.002179856877774 0.03338108211755753
v 0.003399812849238515 -0.0021547051146626472 0.033367685973644264
v 0.0035556370858103037 -0.0021489467471837997 0.03336461633443833
v 0.004096963442862034 -0.0006881532026454806 0.03266769647598267
v -0.006123453378677368 0.006599700078368187 0.018384456634521488
v -0.0036938113626092672 0.006599687039852142 0.018384709954261783
v -0.003692965256050229 0.006530615501105785 0.018427764996886257
v -0.006146964151412249 0.006287253927439451 0.01852756924927235
v -0.003690460929647088 0.006213464308530092 0.018544904887676242
v -0.006167403422296047 0.005948496051132679 0.018561514094471935
v -0.003689790377393365 0.005874571390450001 0.01855425722897053
v -0.006171486806124449 0.005874620284885168 0.018554000183939937
v -0.0035263672471046448 -0.002116875257343054 0.010295116342604162
v -0.0035261681769043207 -0.0033105614129453897 0.010328804142773153
v -0.005514956545084715 -0.0020462663378566504 0.0034758339170366534
v -0.003934730309993029 -0.0023900005035102367 0.003663443261757494
v -0.003913053777068853 -0.002493293024599552 0.004908374976366759
v -0.004930238239467144 -0.002264725510030985 0.004781478550285102
v -0.004991638939827681 -0.002166661201044917 0.0010077342158183458
v -0.003969521261751652 -0.002248999895527959 0.0016628608573228125
v -0.00499396026134491 -0.0021717436611652374 0.002271312521770597
v -0.004996403586119413 -0.0021777593065053225 0.0035352709237486133
v -0.005674036685377359 -0.002029204508289695 0.004694223403930665
v -0.006068563088774681 -0.0018547573126852512 0.004839049186557532
v -0.006072177551686764 -0.0015601938357576728 0.004390125628560782
v -0.006157660391181707 -0.001520804245956242 0.004447038285434247
v -0.006253087893128395 -0.001502416329458356 0.004473936278373004
v -0.006293246988207102 -0.0016412667464464903 0.004662568680942059
v -0.006152658257633448 -0.0017464248230680823 0.00468048406764865
v -0.006194701883941889 -0.001748576876707375 0.004778093658387662
v -0.006311270873993635 -0.001646515098400414 0.004746731836348773
v -0.006323501002043486 -0.0016352904494851828 0.004741765093058349
v -0.0069238231517374516 -0.0004923088126815856 0.003935472574084998
v -0.007121268194168806 2.7107393179903738e-05 0.0036704628728330144
v -0.006605695467442274 -0.0010134108597412705 0.0042156651616096505
v -0.007181752938777208 0.00028775876853615046 0.0035706565249711284
v -0.0072437431663274765 0.0006818273686803877 0.003494051983579994
v -0.00727718835696578 0.0011141615686938167 0.003501324215903879
v -0.007281108759343624 0.001522189355455339 0.003596164286136628
v -0.0071831149980425835 0.002460903488099575 0.003989236429333688
v -0.007149455603212118 0.002655568765476346 0.0040836078114807614
v -0.006829122547060251 0.004076765850186348 0.004817192908376456
v -0.006530479062348604 0.005271578207612038 0.005395053420215846
v -0.006282636895775795 0.006310079246759415 0.005832073278725148
v -0.00621485011652112 0.006599631626158953 0.00594556611031294
v -0.005595524329692125 0.009277943521738052 0.006886901799589397
v -0.0052671837620437145 0.010590535588562489 0.00732077192515135
v -0.005297984927892685 0.010577419772744179 0.007314613088965418
v -0.005313937086611986 0.010577717795968056 0.007314754184335472
v -0.005254774820059538 0.010814708657562733 0.007435433566570284
v -0.0048825847916305065 0.011976850219070911 0.008402214385569097
v -0.005100972484797239 0.011369840241968632 0.0078048021532595175
v -0.005059107206761837 0.01150357536971569 0.007915680296719076
v -0.00493683572858572 0.011847009882330894 0.008251600898802282
v -0.004747016355395317 0.012245449237525463 0.008771088905632498
v -0.004600305110216141 0.0124594047665596 0.00914568826556206
v -0.004526975564658642 0.012541957199573517 0.009320598095655443
v -0.0037120331544429064 0.005027120467275381 0.017193498089909557
v -0.0037061606999486685 0.004973974544554949 0.01752862893044949
v -0.0037030812818557024 -0.0012722061946988106 0.01716284826397896
v -0.003629471408203244 -0.0008905341383069754 0.0214549545198679
v -0.0035998558159917593 -0.0008824147516861558 0.02316895127296448
v -0.0035675298422574997 -0.0009770520264282823 0.025030985474586494
v -0.003786666551604867 0.010567590594291687 0.013358173891901973
v -0.0038050254806876183 0.010898251086473465 0.01232478488236666
v -0.0038059339858591557 0.012272761203348637 0.012391888536512855
v -0.0036806603893637657 -0.0011200540466234088 0.01847331412136555
v -0.0037022149190306664 0.005001343321055174 0.01775937341153622
v -0.0036601645406335592 -0.001001601223833859 0.019669525325298313
v -0.003700472181662917 0.00503118010237813 0.01786279119551182
v -0.003695559222251177 0.005192829295992851 0.01816109567880631
v -0.0036919605918228626 0.005440983921289444 0.01839099079370499
v -0.0036901277489960194 0.005720966029912233 0.018521429970860485
v -0.003845488652586937 0.01104723196476698 0.00999677460640669
v -0.0037063979543745518 0.007464934140443802 0.0177319310605526
v -0.003720344975590706 0.008258448913693428 0.016994044184684757
v -0.003846948966383934 -0.0031070085242390633 0.008679660968482496
v -0.0038772255647927523 -0.0028117122128605843 0.0069535737857222574
v -0.0038402583450078964 0.011177110485732555 0.01031059678643942
v -0.003834456205368042 0.011199486441910267 0.010648332536220552
v -0.0038236791733652353 0.01112108863890171 0.011264947243034841
v -0.0039040162228047848 -0.002553026657551527 0.005426132585853339
v -0.003847684944048524 0.01094650849699974 0.00986095890402794
v -0.0038493135944008827 0.01084230374544859 0.009757513180375101
v -0.003851934103295207 0.0105514507740736 0.009580641984939577
v -0.0037355280946940184 0.0089737419039011 0.016177892684936527
v -0.003741301828995347 0.009211619384586811 0.015864724293351177
v -0.003730922006070614 0.011139814741909504 0.01663303375244141
v -0.003751745680347085 0.00960030872374773 0.015294365584850315
v -0.0037581976503133774 0.011639013886451721 0.015098481439054016
v -0.003852073336020112 0.010524867102503777 0.009570337831974031
v -0.0038526940625160933 0.010303777642548084 0.009515096433460714
v -0.0038521457463502884 0.00999169610440731 0.0095196720212698
v -0.0038497603964060545 0.009669280610978603 0.009629626758396627
v -0.003848169930279255 0.009542113170027733 0.0097105884924531
v -0.00384576921351254 0.009400430135428905 0.009837040677666666
v -0.003841057186946273 0.009224699810147285 0.01009441912174225
v -0.0038357286248356104 0.009132279083132744 0.01039468962699175
v -0.0038348312955349684 0.00912601687014103 0.010446019470691683
v -0.0037877766881138086 0.008402529172599316 0.013142000883817676
v -0.0037860425654798746 0.00835719145834446 0.013239963911473755
v -0.003768863156437874 0.01013402733951807 0.014350445009768013
v -0.003773441771045327 0.010256832465529442 0.014096206054091457
v -0.0037708336021751165 0.01184400636702776 0.014385308139026168
v -0.003782609710469842 0.012012668885290623 0.013718812726438049
v -0.003818199736997485 0.008977320045232773 0.01140253245830536
v -0.0038027858827263117 0.008736836723983288 0.012288041412830356
v -0.0037732527125626802 0.007978543639183044 0.013954367488622669
v -0.0037593150045722723 0.007470205891877413 0.014715548604726795
v -0.0037461104802787304 0.006884080823510885 0.015416476875543598
v -0.003717580810189247 -0.001377771026454866 0.016314771026372913
v -0.0037682729307562113 -0.0017385623650625348 0.013350521214306358
v -0.0037174741737544537 0.005185788031667471 0.0168926976621151
v -0.0038036752957850695 -0.0019327951595187187 0.011285562068223955
v -0.0037218714132905006 0.005431584548205137 0.01665967516601086
v -0.003733875462785363 0.0062285312451422215 0.016048364341259006
v -0.0027344063855707645 0.011094290763139725 0.01802415028214455
v -0.0023357949685305357 0.011191163212060928 0.018119325861334804
v -0.0022313366644084454 0.011218138039112091 0.018126158043742183
v -0.00346459005959332 0.010979370214045048 0.017447566613554958
v -0.0033905880991369486 0.010981336236000061 0.017546685412526134
v -0.0032763686031103134 0.010991910472512245 0.01767278648912907
v -0.0030970186926424503 0.0110192084684968 0.017825871706008915
v -0.0027935837861150503 0.011080915108323097 0.01799995452165604
v -0.0035692248493433 0.010987990535795689 0.017271669581532482
v -0.003607727587223053 0.010997001081705093 0.01719016954302788
v -0.0036957706324756145 0.011048633605241776 0.016921527683734897
v -0.0016768143977969885 0.011321846395730972 0.01813837327063084
v -0.0008364728419110179 0.011420833878219128 0.01815009489655495
v -1.8478407355360105e-06 0.01145346648991108 0.018154077231884006
v -0.000806040596216917 0.010483515448868275 0.022019855678081516
v -0.0021338637452572584 0.010418187826871872 0.022102642804384235
v -0.002493593841791153 0.010295525193214417 0.022235086187720302
v -0.0024457923136651516 0.010260730050504208 0.02231688611209393
v -0.0016992849996313453 0.010538178496062756 0.02197746001183987
v -1.7643284309087903e-06 0.010585365816950798 0.021951872855424884
v -0.0008214720874093473 0.010574275627732277 0.021979704499244693
v -2.0049410522915423e-06 0.01069619506597519 0.02186262793838978
v -0.0008377908379770815 0.010646337643265724 0.021911516785621647
v -2.233004579466069e-06 0.010738402605056763 0.021786835044622425
v -0.0008520858827978373 0.01068927627056837 0.02183010056614876
v -2.2318181436276063e-06 0.010740733705461025 0.021780487149953846
v -0.0016013324493542314 0.010335947386920452 0.022164836525917057
v -0.0010279265698045492 0.010666492395102978 0.021851412951946262
v -0.001668454147875309 0.010498285293579102 0.022059120237827304
v -0.0016335828695446253 0.010427321307361126 0.022126818075776104
v -0.0023915590718388557 0.01019163429737091 0.02238329499959946
v -0.002342330291867256 0.01009921170771122 0.022417098283767704
v -0.0030152248218655586 0.00979040190577507 0.022766612470149997
v -0.0030808220617473125 0.009884359315037727 0.02273872494697571
v -0.0031543623190373182 0.009950567968189716 0.022674560546875003
v -0.0032183732837438583 0.009977929294109344 0.022593244910240177
v -0.003276710631325841 0.00966591201722622 0.022904461249709133
v -0.0033451560884714127 0.009768540970981121 0.022866936400532726
v -0.00340309739112854 0.00982742290943861 0.02280444093048573
v -0.0034591923467814922 0.00985829345881939 0.02271627634763718
v -0.0034273613709956408 0.009844495914876461 0.022769913077354435
v -0.006827297154814005 0.004206670913845301 0.028716906905174262
v -0.006842064205557108 0.004542200826108456 0.02819445542991162
v -0.006898403633385897 0.0032067899592220783 0.02959303185343743
v -0.006738360971212387 0.005320709198713303 0.027341714128851898
v -0.006785153411328793 0.005020928103476763 0.027671193704009063
v -0.006730785593390465 0.005098603665828705 0.02774660103023053
v -0.006551260128617287 0.006160817574709654 0.026419948786497123
v -0.006556284613907337 0.005973009392619133 0.026779124513268478
v -0.006504617631435394 0.006320986896753311 0.026245588436722762
v -0.00631924020126462 0.00681105675175786 0.025788469240069396
v -0.006348274648189545 0.006779598072171211 0.02575116232037545
v -0.0060766167007386684 0.007393553387373686 0.025104150176048286
v -0.005897075869143009 0.007682847324758768 0.02486724220216275
v -0.0056323460303246975 0.00811265129595995 0.024374280124902732
v -0.0038887409027665854 0.009570752270519733 0.023043019697070125
v -0.005306679289788008 0.008508275263011456 0.023986000567674644
v -0.005228909198194742 0.008520716801285744 0.02406494319438935
v -0.004954548552632332 0.0088582094758749 0.023648127913475044
v -0.004831426311284304 0.008901303634047508 0.0236873459070921
v -0.004569700453430414 0.009178058244287968 0.02334394492208958
v -0.004382557235658169 0.009253332391381264 0.02334496192634106
v -0.00412775669246912 0.009485606104135513 0.023056445643305782
v -0.00395186385139823 0.009593352675437927 0.022957079112529758
v -0.00373935978859663 0.009417406283318996 0.0231421422213316
v -0.004213439300656319 0.009119723923504353 0.023442085832357414
v -0.004643451888114214 0.008789744228124619 0.02378229424357415
v -0.00502313207834959 0.008433403447270393 0.024157740175724036
v -0.005346217192709446 0.008057371713221073 0.024562627077102668
v -0.005617746617645025 0.007664086762815714 0.02499551326036454
v -0.006309198215603828 0.006017874460667372 0.026869501918554313
v -0.0060299900360405445 0.0068486942909657955 0.0259163435548544
v -0.0064911022782325745 0.005169004667550325 0.027838241308927543
v -0.006569033954292536 0.00338324555195868 0.02976509742438794
v -0.0065990472212433815 0.004294467158615589 0.02880994603037835
v -0.0038117780350148678 0.009508639574050903 0.02311172336339951
v -0.004296176601201296 0.009202200919389725 0.0234119575470686
v -0.004736415110528469 0.008862455375492573 0.02375274151563645
v -0.005126149859279394 0.008495451882481575 0.024128986522555358
v -0.005458822939544916 0.008108069188892841 0.02453479357063771
v -0.005738501437008381 0.007703299168497324 0.024968495592474944
v -0.005676892586052418 0.007688470184803009 0.0249870140105486
v -0.006160859018564224 0.006866972427815199 0.025889694690704353
v -0.006094835232943296 0.006863397546112537 0.025908127427101142
v -0.006443586200475693 0.006018580868840218 0.026842398568987853
v -0.0063765267841517925 0.006024120841175318 0.026861097663640983
v -0.006727800238877535 0.004270173609256744 0.0287808757275343
v -0.006624131463468075 0.005155682563781738 0.02781017869710923
v -0.006504914723336697 0.00600081542506814 0.026814147830009467
v -0.005568109452724457 0.008118710480630398 0.024471735581755645
v -0.005852209869772196 0.007699597626924515 0.024905914440751083
v -0.00579825509339571 0.007706856355071068 0.024940641596913345
v -0.006276875734329224 0.00683891586959362 0.025826951488852508
v -0.006222966127097607 0.006858328823000193 0.025861743837594993
v -0.005450331140309572 0.008344067260622978 0.024146242067217834
v -0.006856631953269243 0.0032839630730450153 0.02966918051242829
v -0.00676465081050992 0.003350135637447238 0.029733985662460334
v -0.006642020773142576 0.003382480703294277 0.029764978215098388
v -0.006615537218749523 0.003384232521057129 0.02976647764444352
v -0.006836672779172659 0.0026302773039788008 0.030460719019174583
v -0.006817132234573364 0.0025712414644658566 0.030620351433753974
v -0.006791789084672928 0.002780187875032425 0.030444391071796424
v -0.006608998402953148 0.0029474766924977303 0.03037241846323014
v -0.006639912724494934 0.003045247634872794 0.03018974699079991
v -0.006650423165410757 0.0029494157060980797 0.030348161235451705
v -0.006684316322207451 0.002938737627118826 0.03034161403775216
v -0.006753670517355204 0.0029985790606588125 0.03017059154808522
v -0.00672284746542573 0.0029093874618411064 0.030351771041750915
v -0.006786861456930637 0.002795235952362418 0.03043236583471299
v -0.006837474647909403 0.0029173230286687613 0.03012738376855851
v -0.006789793260395527 0.0027865334413945675 0.030439250171184547
v -0.006882128771394491 0.0028851402457803488 0.029982557520270355
v -0.0061443825252354145 0.0009563480853103101 0.032303832471370704
v -0.006178122013807297 0.0014064775314182043 0.03200285509228707
v -0.006387312430888414 0.0012917418498545885 0.031811695545911796
v -0.006221401505172253 0.00229041394777596 0.031315542757511146
v -0.006650345865637064 0.0028362772427499294 0.03045023605227471
v -0.006479376461356878 0.0021498834248632193 0.031135514378547675
v -0.006056223995983601 0.002476526191458106 0.03155393525958062
v -0.006046055816113949 0.0015484063187614083 0.032239310443401344
v -0.0060033733025193214 0.0021491029765456915 0.03219463303685189
v -0.0060906782746315 -9.328134910902008e-05 0.03259338811039925
v -0.006149400491267443 -5.126576797920279e-05 0.03248959407210351
v -0.006108085159212351 -0.00011766304669436067 0.03253357484936715
v -0.0060424115508794785 -0.00014910715981386602 0.03271307423710824
v -0.0060034627094864845 -0.00032364344224333763 0.03293287009000779
v -0.006130796857178211 6.816799577791244e-05 0.03255110234022141
v -0.006200138013809919 3.730416574398987e-05 0.032438714057207114
v -0.006184452213346958 8.428162800555583e-06 0.03245454654097558
v -0.0065725031308829784 0.0009568989626131952 0.03186826035380364
v -0.006511063314974308 0.0012491935631260276 0.03174079582095147
v -0.006639415863901377 0.0012177842436358333 0.03168845176696778
v -0.006728457286953926 0.0016847103834152222 0.031345531344413764
v -0.006400648970156908 0.0004564400587696582 0.03219039365649224
v -0.006243037525564432 0.00011727352830348536 0.03239279612898827
v -0.006301386281847954 0.0004323424072936177 0.03228608518838883
v -0.006225904915481806 0.0004535812186077237 0.03236659988760949
v -0.006103623658418655 0.0005027084844186902 0.0325528234243393
v -0.0060034254565835 0.0014011772582307458 0.03265428170561791
v -0.006038009189069271 0.0010620371904224157 0.03253172710537911
v -0.0060034566558897495 0.0008005156996659935 0.03291840106248856
v -0.006028166506439447 0.0005576357943937182 0.032761014997959144
v -0.0060034641064703465 0.0006140174809843302 0.03297471255064011
v -0.006060466635972261 5.360026625567116e-05 0.032705936580896385
v -0.006003471557050943 -5.6690983910812065e-05 0.0330270528793335
v -0.00600347388535738 2.2417932996177115e-05 0.03303735330700875
v -0.0060034701600670815 0.00031751618371345103 0.0330323874950409
v -0.006003806367516518 0.0024785150308161974 0.03601776063442231
v -0.0060033914633095264 -0.001594902714714408 0.03217051178216935
v -0.006003649905323982 -0.0024354455526918173 0.034620188176631934
v -0.006003383081406355 -0.0015602813800796866 0.032082017511129386
v -0.006003247108310461 -0.0011752020800486207 0.030797667801380164
v -0.006003501825034618 -0.0020303830970078707 0.033227328211069114
v -0.006003534886986017 -0.002140247728675604 0.033518187701702125
v -0.006003567483276129 -0.0022408212535083294 0.03381674364209176
v -0.0060037109069526196 -0.0025048013776540756 0.03519341349601746
v -0.006003799848258495 -0.0025170892477035522 0.036002635955810554
v -0.006003917660564184 -0.0024358017835766077 0.03654512763023377
v -0.006004100665450096 -0.00198764493688941 0.0374465323984623
v -0.006004223600029945 -0.001220286125317216 0.03809810802340508
v -0.006004176568239927 -0.00030859847902320325 0.038388818502426154
v -0.006004345137625933 -0.0002581433509476483 0.03839418292045594
v -0.006004304625093937 0.0007427777745760977 0.038286775350570686
v -0.006004191003739834 0.0016201894031837583 0.037793286144733436
v -0.00600401358678937 0.0022318256087601185 0.036993730813264854
v -0.004105035215616226 -0.0003086262149736285 0.03838921710848809
v -0.004104989115148783 -0.0012203131336718798 0.03809849917888642
v -0.004105034749954939 -0.0002581714070402086 0.03839458525180817
v -0.004104998428374529 0.0007427507662214339 0.03828717023134232
v -0.004104883875697851 0.0016201609978452325 0.03779368847608567
v -0.004104706924408674 0.0022317974362522364 0.03699413314461709
v -0.004104495979845524 0.002478487091138959 0.036018159240484245
v -0.004104565363377333 -0.002517120912671089 0.03600291535258294
v -0.00410486152395606 -0.001987672410905361 0.03744693100452424
v -0.004104678984731436 -0.002435829024761915 0.03654552623629571
v -0.004104249645024538 -0.0026448825374245644 0.0344873070716858
v -0.004104027524590492 -0.002741976408287883 0.03342081233859063
v -0.004103893414139748 -0.001080826623365283 0.03290626779198647
v -0.0041040703654289246 -0.0023432853631675243 0.03365859761834145
v -0.0041039506904780865 -0.0014897490618750453 0.03315217792987824
v -0.0027937975246459246 -0.0022884956561028957 0.033539574593305595
v -0.0018892055377364159 -0.0024978811852633953 0.03362051025032998
v -3.5740190469368827e-06 -0.0026698997244238853 0.03368337452411652
v -0.0009447726188227534 -0.0026269028894603252 0.03366807848215104
v -0.0013373901601880789 -0.0025838485453277826 0.03365244716405869
v -0.003880984615534544 -0.0024184619542211294 0.03296259045600892
v -0.004053165204823017 -0.0025952323339879513 0.03305646404623986
v -0.004065589979290962 -0.0026939772069454193 0.0325620323419571
v -0.003935525193810463 -0.002562536159530282 0.03249322250485421
v -0.0040909224189817905 -0.002786452416330576 0.03230957686901093
v -0.004081320948898792 -0.0027877844404429197 0.03214137256145478
v -0.004040328320115805 -0.002744682366028428 0.03204482421278954
v -0.003987924661487341 -0.0027046860195696354 0.03202448040246964
v -0.003938757814466953 -0.002823267597705126 0.03164074569940568
v -0.003865004051476717 -0.002849757671356201 0.03158590570092202
v -0.0038597160018980503 -0.0026691851671785116 0.03200644627213479
v -0.0038167331367731094 -0.0028701783157885075 0.03158081322908402
v -0.0040738931857049465 -0.002788902260363102 0.03206069394946099
v -0.0040499139577150345 -0.0027930419892072678 0.03190385177731515
v -0.004039871506392956 -0.002795197768136859 0.03185993432998658
v -0.003963233903050423 -0.0028154782485216856 0.03167329728603364
v -0.004098015371710062 -0.002782451221719384 0.032602805644273765
v -0.003354525426402688 -0.0023017118219286203 0.03310933709144593
v -0.003764301771298051 -0.002712167566642165 0.031954333186149604
v -0.0035250745713710785 -0.002485302509739995 0.032618861645460136
v -0.00374829419888556 -0.002507380209863186 0.03246437758207322
v -0.0036319445353001356 -0.0023410317953675985 0.03292150795459748
v -0.0038443647790700197 -0.002523408504202962 0.03247274830937386
v -0.003925319295376539 -0.002678855787962675 0.032011348754167564
v 0.00646089157089591 0.0016126161208376288 0.0035218349657952794
v 0.006756309419870377 0.0015873587690293789 0.0035915090702474126
v 0.006765632890164852 0.001213714829646051 0.003495542099699379
v 0.006484069861471653 0.0012236586771905422 0.0034321332350373277
v 0.006222080904990435 0.0012518063886091113 0.0032526818104088315
v 0.006218852009624243 0.001672151149250567 0.003357680747285486
v 0.0060518160462379456 0.0012935790000483394 0.0029863836243748674
v 0.006057827267795801 0.0017576487734913826 0.0031219676602631816
v 0.005999852903187275 0.0018545393832027912 0.0028548524715006356
v 0.005999721586704254 0.0013278692495077848 0.0027042031288146977
v 0.0059997099451720715 0.0018597550224512815 0.0028404742479324345
v 0.006776365917176008 0.0008204372716136277 0.003473588963970543
v 0.006491809617727995 0.0008179590804502368 0.003412347286939622
v 0.006225808057934046 0.0008106338209472597 0.003231463488191367
v 0.006052648648619652 0.0007996571948751807 0.0029604965820908555
v 0.005999721121042967 0.0007814337150193751 0.002674775198101998
v 0.006787855178117752 0.00043093107524327934 0.003527716267853976
v 0.0065001314505934715 0.0004173487250227481 0.0034711963962763557
v 0.006229821126908064 0.00037518623867072165 0.003295826958492399
v 0.006053533870726824 0.0003113612183369696 0.003030374180525542
v 0.005999710876494646 0.0002540291752666235 0.0027473466470837597
v 0.006133113522082567 -0.0017399195348843932 0.004652875941246749
v 0.006089137867093086 -0.0017988254548981786 0.004705502651631833
v 0.006050373427569866 -0.0018301691161468625 0.0047106859274208554
v 0.006044876761734486 -0.0018574935384094715 0.004773311316967011
v 0.0060068280436098576 -0.0018951436504721642 0.004790427628904582
v 0.006022254005074501 -0.0018870123894885182 0.004833579063415528
v 0.006020283792167902 -0.001890102168545127 0.004851513076573611
v 0.006155311595648527 -0.0017082057893276215 0.0046268641017377385
v 0.006027957424521446 -0.0018490153597667813 0.004695608280599118
v 0.006010652985423803 -0.0018716624472290277 0.004679094534367324
v 0.005998614709824324 -0.001893619541078806 0.0046519734896719464
v 0.006002720911055803 -0.001893488923087716 0.004724494181573392
v -0.003306379308924079 -0.0018228731350973248 0.014708179980516437
v -0.003565500257536769 -0.002013221848756075 0.011713464744389059
v -0.0033061904832720757 -0.002178182592615485 0.010888728313148023
v -0.003368220990523696 -0.0021687590051442385 0.010575062595307829
v -0.00330557394772768 -0.0021766177378594875 0.010924097150564195
v -0.003305946011096239 -0.0020998879335820675 0.012043802067637447
v -0.002633503405377269 -0.0020039041992276907 0.015652967616915706
v -0.0029192729853093624 -0.0019089234992861748 0.015498422086238865
v -0.0027649307157844305 -0.0016292688669636846 0.01880021952092648
v -0.0030131246894598007 -0.0018778666853904724 0.01541569828987122
v -0.0031321898568421602 -0.0018404386937618256 0.015272347256541256
v -0.0032710987143218517 -0.0018091441597789526 0.01497192028909922
v -0.002248939825221896 -0.0018193593714386225 0.01894864067435265
v -0.0017047090223059058 -0.0019661919213831425 0.019076492637395862
v -0.002306561917066574 -0.0021071021910756826 0.01570725813508034
v -0.0009694165783002973 -0.0019965553656220436 0.025910839438438422
v -2.8888775887025986e-06 -0.0020497774239629507 0.025620400905609138
v -2.73133900918765e-06 -0.00200349697843194 0.02326416783034802
v -0.001924733049236238 -0.0017955150688067079 0.02583874389529229
v -0.0028091403655707836 -0.0014624283649027348 0.025722300633788116
v -0.002857762621715665 -0.0013595211785286665 0.0234751757234335
v -0.0032626616302877665 -0.0011259358143433928 0.0233840998262167
v -0.003415127983316779 -0.0010797710856422782 0.0209936834871769
v -0.0029995357617735863 -0.0013343851314857602 0.021116027608513836
v -0.003245550673455 -0.0013955567264929414 0.018638607114553455
v -0.0004611301119439304 -0.002421587472781539 0.015706418082118038
v -0.001438869396224618 -0.0023123135324567556 0.015706639736890796
v -0.0005600528093054891 -0.0021315293852239847 0.019240964204072956
v -0.0011393696768209338 -0.00207012752071023 0.019176393747329715
v -0.0010458260076120496 -0.0019570915028452873 0.021482629701495174
v -0.0020691975951194763 -0.001724711968563497 0.02133160270750523
v -1.6929282082855934e-06 -0.002433998277410865 0.015706477686762813
v -1.9666551906993845e-06 -0.002233776031062007 0.018122635781764988
v -0.0005139345303177834 -0.002014271216467023 0.021524289622902874
v -0.0009904444450512528 -0.0019353186944499612 0.023726591840386398
v -0.0019636591896414757 -0.001719492138363421 0.023626707494258888
v -2.4573598693677923e-06 -0.0020554508082568645 0.020944815129041675
v 0.003465729532763362 -0.0008470288012176752 0.02822686173021794
v 0.003506437875330448 -0.0008197405841201544 0.028235938400030143
v 0.0035086411517113447 -0.0010563844116404653 0.028103081509470947
v 0.002831714926287532 -0.0013647859450429678 0.02802508138120175
v 0.0019348523346707225 -0.0016822335310280323 0.027920847758650787
v 0.0009703554096631706 -0.001875378773547709 0.02785733528435231
v 0.0009904166217893362 -0.0019880172330886126 0.027737656608223922
v 0.000907169422134757 -0.002084155799821019 0.027422642335295684
v 0.0010058976477012038 -0.0020555511582642794 0.02758732624351979
v 0.0020074567291885614 -0.0018547563813626766 0.027648380026221282
v 0.0018008156912401319 -0.0019241581903770566 0.027468761429190643
v 0.0026415730826556683 -0.0016633040504530072 0.02754355594515801
v 0.0029442072845995426 -0.0015224942471832037 0.027748262509703643
v 0.002813504310324788 -0.0015944743063300848 0.02756320126354695
v 0.003515432123094797 -0.0012464789906516671 0.02768437936902047
v 0.0035158726386725903 -0.0012444311287254095 0.02766202203929425
v 0.003329196246340871 -0.0013496483443304896 0.027632553130388267
v 0.0035116435028612614 -0.0012054948601871729 0.027906224131584174
v 0.0028958995826542377 -0.0014666946372017264 0.027903057634830482
v 0.0035099920351058245 -0.0011474007042124867 0.028005331754684455
v 0.001975992461666465 -0.0017912588082253933 0.027800306677818305
v 0.004161669872701168 0.003262084908783436 0.028879517689347274
v 0.0035057582426816225 0.0032002776861190796 0.028622418642044074
v 0.0035026147961616516 0.0030907553154975176 0.02879335172474385
v 0.00409694854170084 0.002942899940535426 0.029487282037734992
v 0.004302349407225847 0.0029819756746292114 0.029464725404977805
v 0.0034963868092745543 0.0029564567375928164 0.029137702658772476
v 0.0034903455525636673 0.0029205528553575277 0.029479846358299262
v 0.004021474160254002 0.0029342728666961193 0.029484463855624206
v 0.00519389845430851 0.003325205994769931 0.029280865564942367
v 0.003110646503046155 0.00856982171535492 0.02277353033423424
v 0.0036101697478443384 0.008502251468598843 0.023114444687962536
v 0.0036225789226591587 0.00935900118201971 0.023099362850189212
v 0.003978835418820381 0.009143365547060966 0.02331694215536118
v 0.0038737489376217127 0.008467034436762333 0.023308156058192257
v 0.0042746588587760925 0.008351501077413559 0.023631902411580093
v 0.0045073311775922775 0.008234879933297634 0.023845899850130088
v 0.004637985024601221 0.008144495077431202 0.023980354890227325
v 0.004874930251389742 0.007908022962510586 0.024270640686154372
v 0.005077933892607689 0.007570356596261263 0.024618867784738548
v 0.0052122981287539005 0.007118333596736193 0.025033289566636092
v 0.005842871498316526 0.0069750151596963406 0.025700511410832412
v 0.005215232726186514 0.007085242308676243 0.025060039013624198
v 0.0052269878797233105 0.006971355993300676 0.025156231597065933
v 0.005242816172540188 0.006853066384792328 0.025263722985982902
v 0.005248733330518007 0.0067579178139567375 0.025346932932734496
v 0.005925871431827545 0.006777651142328978 0.025929072871804244
v 0.005307967774569988 0.006012317258864641 0.026097929105162627
v 0.006073072087019682 0.006372725125402212 0.026400515809655196
v 0.0053230999037623405 0.005624542944133282 0.02652715332806111
v 0.005312738474458456 0.004942343570291996 0.02731717377901078
v 0.005307887680828571 0.004659229423850775 0.02766258269548417
v 0.005297747906297445 0.003934904001653194 0.028568206354975707
v 0.0035628501791507006 0.007907966151833534 0.023010542616248134
v 0.0036106437910348177 0.007587385829538107 0.023008070886135105
v 0.003221366321668029 0.008472676388919353 0.022837145254015926
v 0.003427276387810707 0.008212685585021973 0.022949753329157833
v 0.002973671769723296 0.009180735796689987 0.021068435162305835
v 0.0027385514695197344 0.010211620479822159 0.01791898347437382
v 0.003042220138013363 0.01015798281878233 0.01776128634810448
v 0.0030356498900800943 0.00984521210193634 0.018782736733555797
v 0.0022281149867922068 0.010319182649254799 0.01802177913486958
v 0.0016935347812250257 0.010110603645443916 0.019139949232339862
v 0.0017277507577091455 0.010417754761874676 0.018033267930150036
v 0.0008467691950500011 0.010258051566779613 0.019031925126910213
v 0.0010828104568645358 0.010504503734409809 0.0180429220199585
v 0.0029752037953585386 0.009189597330987453 0.02103870734572411
v 0.002332560485228896 0.010296034626662731 0.018015030771493915
v 0.0060000065714120865 -0.0010957088088616729 0.00022872573754284536
v 0.0060000051744282246 -0.0008055228972807527 0.0009018621640279891
v 0.005999753251671791 -0.0020386807154864073 0.0019285770831629638
v 0.005999676883220673 0.0026615611277520657 0.003186824498698116
v 0.005999997723847628 0.0014060118701308966 0.0010884426301345231
v 0.005999592132866383 -0.0019039534963667393 0.0033593277912586936
v 0.005999998655170202 0.0007590444292873144 0.0014421162195503714
v 0.006000002846121788 -0.0002310094569111243 0.0013571147574111821
v 0.005999925546348095 -0.002129137981683016 0.0006654136814177037
v 0.006000099703669548 -0.0021055303514003754 -0.000226893462240696
v 0.006000006105750799 -0.0010322663001716137 -0.0005015457281842829
v 0.006000181660056114 -0.0018822094425559044 -0.001063781441189349
v 0.006000003311783075 -0.0006303466507233679 -0.0011145552853122356
v 0.00600017886608839 -0.0012230700813233852 -0.0019246333977207546
v 0.006000002380460501 1.4067793927097227e-05 -0.0014639099827036264
v 0.006000175606459379 -0.0002614626137074083 -0.002425467828288675
v 0.0060000792145729065 0.0005149118369445205 -0.0015048903878778224
v 0.00600021705031395 0.000601461622864008 -0.0025011405814439063
v 0.005999999586492777 0.000978083466179669 -0.0013883289648219945
v 0.006000169552862644 0.0014549276093021035 -0.0022700440604239707
v 0.005999996326863766 0.0015629336703568697 -0.0009393274667672815
v 0.006000165827572346 0.002306777285411954 -0.0016096184263005857
v 0.005999995395541191 0.0018631883431226015 -0.00026590007473714655
v 0.006000164430588484 0.002801405731588602 -0.000651936628855765
v 0.005999994929879904 0.0018062994349747896 0.0004692309012170882
v 0.006000077817589045 0.002875707345083356 0.00020585364836733794
v 0.005999677814543247 0.0026688366197049618 0.0031903707422316083
v 0.0059999218210577965 0.0002552656806074083 0.001483850297518075
v 0.00606751861050725 -0.00185482413507998 0.004840314388275147
v 0.006618378218263388 -0.0009960575262084603 0.00420786812901497
v 0.006915206089615822 -0.000509460864122957 0.003946187905967236
v 0.007120493799448013 2.703007157833781e-05 0.003671959275379778
v 0.006071233190596104 -0.001560261589474976 0.004391399212181569
v 0.006251848768442869 -0.0015025287866592407 0.004475007299333812
v 0.006156700663268566 -0.0015208721160888672 0.004448330029845239
v 0.006156785413622856 -0.0017469763988628983 0.004688924178481103
v 0.006292237900197506 -0.0016410768730565906 0.0046636159531772145
v 0.00624688807874918 -0.0016281807329505682 0.004590340889990331
v 0.006198607850819826 -0.0017458283109590411 0.004792899824678899
v 0.00632276339456439 -0.0016350995283573866 0.004742979537695647
v 0.007198995444923639 0.0003817908582277596 0.0035462365485727796
v 0.007251653354614973 0.0007606479921378195 0.003489891532808543
v 0.00727753434330225 0.0011447069700807333 0.0035069326404482135
v 0.007280373480170965 0.0015221098437905312 0.0035976949147880086
v 0.000832778459880501 0.011420825496315956 0.01815026812255383
v 0.0016731205396354198 0.01132182776927948 0.018138723447918895
v 0.0022276451345533133 0.011218114756047726 0.01812662370502949
v 0.0023377276957035065 0.010099186562001705 0.02241759188473225
v 0.0015967831714078784 0.010335930623114109 0.022165171802043918
v 0.0008015231578610837 0.010483507066965103 0.022020023316144947
v 0.0008476115763187408 0.0106892678886652 0.02183027565479279
v 0.0008332995348609984 0.010646329261362553 0.021911693736910823
v 0.0010234424844384193 0.010666482150554657 0.021851629018783573
v 0.0016947777476161718 0.010538160800933838 0.021977813914418224
v 0.0016639303648844361 0.010498267598450184 0.02205947041511536
v 0.0021293205209076405 0.01041816733777523 0.022103086113929752
v 0.0024412116035819054 0.010260703973472118 0.022317398339509967
v 0.0024890282656997442 0.010295498184859753 0.022235609591007236
v 0.0032137322705239058 0.009977893903851509 0.022593921050429348
v 0.0031496798619627953 0.009950518608093262 0.022675242274999622
v 0.003076104912906885 0.009884275496006012 0.02273940294981003
v 0.003010493703186512 0.009790276177227497 0.022767253220081333
v 0.002386963227763772 0.010191608220338821 0.022383796051144603
v 0.0016290422063320875 0.010427304543554783 0.022127160802483562
v 0.000816965417470783 0.010574267245829105 0.021979873999953273
v 0.0034545231610536575 0.009858256205916405 0.02271700277924538
v 0.003431422635912895 0.00984918512403965 0.022757196798920635
v 0.0033984282054007053 0.009827375411987305 0.022805159911513332
v 0.003277883864939213 0.009679037146270275 0.022902905941009525
v 0.0033306835684925318 0.009756272658705711 0.022875512018799785
v 0.0033544227480888367 0.0097850002348423 0.022854948416352276
v 0.006836182437837124 0.00454212911427021 0.028195889666676528
v 0.006783799733966589 0.00498921936377883 0.027707342058420188
v 0.0067296684719622135 0.005067033227533102 0.02778275683522225
v 0.00544534157961607 0.008344008587300777 0.02414738759398461
v 0.0053104497492313385 0.008498655632138252 0.023996418341994293
v 0.005232586525380611 0.008511415682733059 0.024075319990515716
v 0.003886863123625517 0.009569029323756695 0.023045424371957782
v 0.004213791806250811 0.009115985594689846 0.023446684703230865
v 0.006595988292247057 0.00425718491896987 0.02885167673230172
v 0.006609311792999506 0.0033841608092188835 0.029767867177724845
v 0.006490263156592846 0.005138169974088669 0.02787438221275807
v 0.006310207303613424 0.005992833059281111 0.026899481192231185
v 0.006032516248524189 0.006829024758189917 0.02593998238444329
v 0.0056212847121059895 0.007649759296327829 0.025012532249093063
v 0.0053497981280088425 0.008045889437198639 0.024576153606176383
v 0.0038098169025033712 0.0095069520175457 0.023114107549190525
v 0.003950056619942188 0.009591582231223583 0.02295949682593346
v 0.004122958984225988 0.009485593065619469 0.023057285696268085
v 0.0045648911036551 0.009178007952868938 0.023344906046986583
v 0.005627155769616365 0.00811279658228159 0.024375261738896377
v 0.005901045631617308 0.007667433004826307 0.02488436177372933
v 0.0060714175924658775 0.007393488194793463 0.025105429813265807
v 0.006321900524199009 0.006790248677134514 0.025812152773141868
v 0.006350834853947163 0.0067586214281618595 0.025774853304028518
v 0.006499085109680891 0.006321187596768141 0.02624666132032872
v 0.006732625421136618 0.0053208814933896065 0.027342865243554122
v 0.006545768119394779 0.006160748191177845 0.026421327143907554
v 0.006557242479175329 0.005947100929915905 0.026809133589267738
v 0.006635681260377169 0.0033824206329882145 0.02976637892425061
v 0.006758222356438637 0.0033501600846648216 0.029735501855611808
v 0.0037373227532953024 0.009415739215910435 0.02314449474215508
v 0.004296666476875544 0.009198381565511227 0.023416595533490184
v 0.0043831816874444485 0.009249398484826088 0.023349629715085033
v 0.004833970218896866 0.008894787169992924 0.023694727569818504
v 0.005026348866522312 0.008424656465649605 0.024168010801076896
v 0.0054626911878585815 0.008096271194517612 0.024548387154936797
v 0.006724550388753414 0.004232519771903753 0.02882258966565133
v 0.006850233767181635 0.0032841081265360117 0.029670841991901405
v 0.006623213645070791 0.0051244222559034824 0.027846330776810653
v 0.0064446465112268925 0.005993093363940716 0.026872403919696815
v 0.006377579644322395 0.005998861975967884 0.0268910899758339
v 0.006163565907627344 0.0068468670360744 0.025913374498486526
v 0.006097464822232723 0.006843524985015392 0.025931788608431823
v 0.005742314271628857 0.007688596379011869 0.02498557791113854
v 0.005680575035512447 0.0076739732176065445 0.025004066526889808
v 0.006823788862675428 0.004168832674622536 0.02875862270593644
v 0.006892216857522726 0.0032067163847386837 0.02959448471665383
v 0.004949552938342094 0.008858262561261654 0.023649068549275405
v 0.004645621404051781 0.008783591911196709 0.02378958463668824
v 0.005129621829837561 0.008486470207571983 0.024139314889907844
v 0.005572183523327112 0.008106490597128868 0.024485372006893165
v 0.0058021689765155315 0.007691920734941959 0.024957738816738136
v 0.005856179166585207 0.007684418000280857 0.024923024699091918
v 0.006225707940757275 0.006837977562099695 0.025885429233312614
v 0.0062796007841825485 0.0068183233961462975 0.02585063315927983
v 0.006505942903459072 0.005975107196718454 0.02684415318071843
v 0.004738778341561556 0.008856148459017277 0.02376008220016957
v 0.00667911022901535 0.0029382340144366026 0.030342755839228637
v 0.006716206669807434 0.0029096549842506647 0.03035299293696881
v 0.0067471652291715145 0.0029986435547471046 0.030172049999237067
v 0.006874783895909786 0.0028731885831803083 0.030002536252141006
v 0.006830996368080378 0.0029175220988690853 0.030128948390483863
v 0.006829016841948032 0.002625541528686881 0.030473966151475913
v 0.006797789596021175 0.0027341980021446943 0.030482992529869087
v 0.006810727994889021 0.0025711883790791035 0.030621754005551345
v 0.006773282773792744 0.0028146954718977213 0.03041848540306092
v 0.006647441536188126 0.002948895562440157 0.030348192900419242
v 0.0066334861330688 0.003045208752155304 0.030191134661436088
v 0.0066072228364646435 0.0029483612161129713 0.03037025965750218
v 0.006043862085789442 -0.00024962681345641613 0.032686896622180946
v 0.006478866562247276 0.0021753362379968166 0.031112222000956542
v 0.00672449916601181 0.0017009873408824205 0.031334508210420615
v 0.006658950354903936 0.002727002138271928 0.030541121959686286
v 0.006521313451230526 0.0008081400883384049 0.03196834772825242
v 0.006581688299775124 0.0010135418269783258 0.03183112666010857
v 0.00638691708445549 0.0013097795890644193 0.031796436756849296
v 0.0061010513454675674 -2.5969344278564677e-05 0.032591830939054496
v 0.0061475434340536594 -4.5301945647224784e-05 0.03248384222388268
v 0.006008939817547798 -0.00040899484883993864 0.03278988972306252
v 0.006015266291797161 -0.00036145595367997885 0.03273443505167962
v 0.0060238102450966835 -0.00031705285073257983 0.03267750889062882
v 0.0060170721262693405 -0.00032553510391153395 0.032809209078550346
v 0.006005886942148209 -0.00044248378253541887 0.03284036368131638
v 0.00600521732121706 -0.0004482259100768715 0.032834086567163474
v 0.006001906003803015 -0.00032495218329131603 0.03293389081954957
v 0.006002673879265785 -0.0003399223496671766 0.032924644649028785
v 0.006007549352943897 -9.3376002041623e-05 0.03289418667554856
v 0.006005068775266409 -0.0003828914777841419 0.032894488424062736
v 0.006019435822963715 0.0005191564559936523 0.03278088569641114
v 0.005996529944241047 0.0003411314100958407 0.033031046390533454
v 0.005996607709676027 -4.040165003971197e-05 0.03303086757659913
v 0.006029732525348663 0.001067696139216423 0.032536324113607414
v 0.005996536463499069 0.0006005679606460035 0.03297965973615647
v 0.005996535532176495 0.000569676689337939 0.032987687736749656
v 0.00603773258626461 0.0015733264153823256 0.032231651246547706
v 0.005996602587401867 0.0018190541304647923 0.03241361305117608
v 0.005996561609208584 0.0011786941904574633 0.03276628255844117
v 0.0060474867932498455 0.0025093599688261747 0.031537499278783805
v 0.006214925553649664 0.002318582497537136 0.031294595450162895
v 0.006137331016361713 0.0009597069583833218 0.032304026186466224
v 0.006093087140470743 0.0004679078992921859 0.032571051269769676
v 0.006042615510523319 -5.845133273396641e-05 0.0327395647764206
v 0.0063112638890743256 0.0008683599880896509 0.03210754320025445
v 0.006172098219394684 0.0014272589469328523 0.0319904275238514
v 0.006213760003447533 0.00042195504647679627 0.032382886856794364
v 0.006174761336296797 2.9788166102662217e-06 0.03245838731527329
v 0.00639388570562005 0.00045636529102921486 0.032191712409257896
v 0.005996049847453833 -0.002435884438455105 0.03654631972312928
v 0.0059960708022117615 0.0024784496054053307 0.03601902350783349
v 0.005996071733534336 0.0022317536640912294 0.036995008587837226
v 0.005996073596179485 0.0016201069811359048 0.03779456019401551
v 0.0059960768558084965 0.0007426821393892169 0.03828804567456246
v 0.005996081978082657 -0.000258249812759459 0.03839544206857682
v 0.005996015388518572 -0.0003086637007072568 0.038390077650547035
v 0.005996046122163534 -0.001220395090058446 0.03809934109449387
v 0.005996048916131258 -0.0019877469167113304 0.0374477468430996
v 0.005996543914079666 -0.0017959251999855042 0.03266009688377381
v 0.005996475461870432 -0.0020304571371525526 0.03322859108448029
v 0.005996407940983772 -0.0022307964973151684 0.03378603234887124
v 0.005996128544211388 -0.002517153276130557 0.036003913730382926
v 0.005996219348162413 -0.0025158729404211044 0.035379108041524894
v 0.005996311083436012 -0.002432183362543583 0.03460206091403962
v 0.005996326915919781 -0.0024062092415988445 0.034462414681911475
v 0.005996758118271828 -0.0011752649443224072 0.030798913910985
v 0.005996664520353079 -0.001396417268551886 0.03162754699587823
v 0.004096951801329851 0.0024784423876553774 0.03601902350783349
v 0.004096952732652426 0.002231746446341276 0.036995008587837226
v 0.004096954595297575 0.0016200996469706297 0.03779456019401551
v 0.0040969583205878735 0.0007426748634316027 0.03828804567456246
v 0.004096961114555597 -0.0002582567685749382 0.03839544206857682
v 0.004096962511539459 -0.00030867106397636235 0.03839008137583733
v 0.004096966236829758 -0.00122040172573179 0.038099337369203574
v 0.004096969496458769 -0.00198775390163064 0.0374477505683899
v 0.004096969962120056 -0.0024358907248824835 0.03654631972312928
v 0.004096971359103918 -0.0025171670131385326 0.0360037349164486
v 0.004096969962120056 -0.002742021344602108 0.033421672880649574
v 0.004096973687410355 -0.0026437798514962196 0.034501820802688606
v 0.004097465425729752 -0.0014830951113253832 0.03314926847815514
v 0.004097058903425932 -0.002337387530133128 0.03365598991513253
v 0.004097045864909887 -0.000874782504979521 0.03278202936053277
v 0.004097216762602329 -0.0010739731369540095 0.03290310129523278
v 0.0027866908349096775 -0.0022885340731590986 0.03354016691446305
v 0.0023577252868562937 -0.0023989349137991667 0.033583246171474464
v 0.0018820766126736999 -0.0024979079607874155 0.033620905131101615
v 0.0013626671861857176 -0.002579647349193692 0.03365119174122811
v 0.00031614332692697644 -0.0026648505590856075 0.03368164226412774
v 0.004046185407787561 -0.002595274243503809 0.03305730968713761
v 0.004058715887367725 -0.0026940207462757826 0.032562892884016044
v 0.00376026495359838 -0.0027162041515111923 0.031944427639245994
v 0.0038100595120340586 -0.0028702211566269398 0.03158161789178849
v 0.003844877937808633 -0.0028553856536746025 0.03158233687281609
v 0.003852956462651491 -0.002669227309525013 0.03200725838541985
v 0.0036249912809580564 -0.002341070445254445 0.032922267913818366
v 0.003352194558829069 -0.0023092455230653286 0.03309218212962151
v 0.0035309831146150827 -0.002496258122846484 0.03258753567934037
v 0.004072869662195444 -0.0027886340394616127 0.03212676569819451
v 0.0040789819322526455 -0.0027878927066922188 0.032213751226663596
v 0.00409108679741621 -0.002782803028821945 0.03260002657771111
v 0.003910351078957319 -0.0028307074680924416 0.03161898255348206
v 0.003958441782742739 -0.002814908279106021 0.03167707100510598
v 0.003918558359146118 -0.0026788986288011074 0.03201217576861382
v 0.0040121860802173615 -0.0027998813893646 0.03179081529378892
v 0.003981161396950483 -0.0027047295588999987 0.032025318592786796
v 0.00404720101505518 -0.0027922673616558313 0.03192501515150071
v 0.003928664606064558 -0.002562577836215496 0.032494053244590766
v 0.003874025074765086 -0.002418502699583769 0.03296340256929398
v 0.0038375069852918386 -0.002523450180888176 0.03247356042265893
v 0.0037414405960589647 -0.0025074202567338943 0.032465159893035896
v 0.004033559467643499 -0.0027447249740362167 0.03204566985368729
v 0.004066844936460257 -0.002789317397400737 0.032061915844678886
v -0.0062110512517392635 0.005431598052382469 0.01665941067039967
v -0.006153964903205633 0.006154100876301527 0.016111798584461216
v -0.006099560763686895 0.006798954680562019 0.015506260097026828
v -0.006043597590178251 0.007441324181854725 0.014753674156963829
v -0.006003334186971188 0.007908339612185955 0.014070495031774048
v -0.005966391414403915 0.008364865556359291 0.013223404064774517
v -0.005940159782767296 0.008722793310880661 0.012329975143074993
v -0.005924427881836891 0.008977473713457584 0.011401644907891752
v -0.005918986164033413 0.009126028046011925 0.010445799678564073
v -0.006180108524858952 0.00571477971971035 0.01851919107139111
v -0.006195109337568283 0.005433778278529644 0.018385920673608783
v -0.006209274288266897 0.005185915157198906 0.018151687458157543
v -0.0062208338640630245 0.005027041770517826 0.017850119620561603
v -0.0062235379591584206 0.005001355428248644 0.017759114503860477
v -0.0062288763001561165 0.004974017385393381 0.01752930507063866
v -0.006231682375073433 0.004997360520064831 0.017302520573139194
v -0.006231897976249456 0.005029481370002031 0.017186481505632404
v -0.006226536352187395 0.00518461549654603 0.01689388789236546
v -0.00603753374889493 0.0074660275131464005 0.01773062720894814
v -0.005418599583208561 0.011199496686458588 0.010648151859641077
v -0.005447257310152054 0.01107102632522583 0.011555960401892664
v -0.0054931119084358215 0.010834669694304466 0.012554584071040157
v -0.005552011542022228 0.010508231818675995 0.013511698693037037
v -0.005597842391580343 0.010256643407046795 0.014096072874963287
v -0.005625666119158268 0.010104293935000896 0.014409024268388752
v -0.005717435851693153 0.009594609029591084 0.015303092077374462
v -0.005784562788903713 0.009211467579007149 0.015864482149481777
v -0.00581608060747385 0.009025763720273972 0.016111023724079136
v -0.005932313855737448 0.00828633364289999 0.016965156421065334
v -0.0059921108186244965 0.007844517007470131 0.01739757508039475
v -0.005428834818303585 0.011177587322890759 0.010312099009752275
v -0.005469903349876404 0.011049842461943626 0.01000097766518593
v -0.0055011180229485035 0.010946196503937244 0.009860496036708357
v -0.00553453154861927 0.010829965583980083 0.009747058153152468
v -0.005613528657704592 0.010536120273172855 0.0095745325088501
v -0.005671403370797634 0.010303791612386703 0.009514905512332918
v -0.005747835151851177 0.00997660681605339 0.009522079490125181
v -0.005817411933094263 0.009663105942308903 0.009632961824536325
v -0.0058432980440557 0.009542412124574184 0.009710168465971948
v -0.005869634449481964 0.009413205087184906 0.009823620319366457
v -0.005905278492718935 0.009222764521837234 0.010098114609718324
v -0.00591873936355114 0.00913161039352417 0.010399386286735536
v -0.003305586986243725 -0.0033641825430095196 0.010955424048006536
v -0.0035123906563967466 -0.0033147381618618965 0.010346456430852415
v -0.003358794841915369 -0.003357298206537962 0.010634837672114374
v -0.004390915390104055 -0.0027737170457839966 0.0074433409608900564
v -0.004397694021463394 -0.00256714946590364 0.006133915390819313
v -0.004964989144355059 -0.002406531013548374 0.0060833054594695585
v -0.005392935127019882 -0.0023371572606265545 0.006951008457690479
v -0.005435443948954344 -0.002229468198493123 0.0059904363006353396
v -0.005481423810124397 -0.002113567665219307 0.004949727561324836
v -0.005726869683712721 -0.002017511986196041 0.004773485008627177
v -0.006000913213938475 -0.0019892039708793163 0.00897791422903538
v -0.005515143740922213 -0.002312656491994858 0.010124255903065206
v -0.006001040805131197 -0.0019466826925054193 0.009580625221133234
v -0.00578700378537178 -0.0020891607273370028 0.010154772549867632
v -0.00600108178332448 -0.0018867275211960077 0.01018241047859192
v -0.004970767069607973 -0.002677354495972395 0.01007445063441992
v -0.004965960048139095 -0.002678872551769018 0.008759940043091776
v -0.004463546443730593 -0.00294517632573843 0.010037894360721113
v -0.004383411258459091 -0.0029364197980612516 0.00875059235841036
v -0.004375026561319828 -0.002986304694786668 0.01003228407353163
v -0.003788459114730358 -0.003225050400942564 0.009999862872064115
v -0.004966042470186949 -0.0025696372613310814 0.0074193179607391375
v -0.005811864975839853 -0.002151629189029336 0.008969148620963098
v -0.005674826446920633 -0.002253936370834708 0.008964813314378263
v -0.005304434802383184 -0.002494296757504344 0.008958209306001665
v -0.006299333181232214 -0.0017212332459166646 0.005856710486114026
v -0.005866124760359526 -0.0020998872350901365 0.006822802592068912
v -0.00623956136405468 -0.001779589569196105 0.008638272993266584
v -0.006265165749937296 -0.0017900498351082206 0.007446477189660074
v -0.006279948633164167 -0.0017701763426885009 0.006753084249794485
v -0.0056487396359443665 -0.002212161896750331 0.006873201578855516
v -0.006231981795281172 -0.0017642101738601923 0.008992417715489866
v -0.0065202428959310055 -0.0012474384857341647 0.004352142568677665
v -0.007365676574409008 -6.65969419060275e-05 0.003997338004410268
v -0.007408500649034977 6.740375829394907e-05 0.003939500078558923
v -0.0073788780719041824 3.310517058707774e-05 0.00384726980701089
v -0.007129313889890909 -0.0006072911783121526 0.004252614453434945
v -0.006588578689843416 -0.0012740202946588397 0.004412682261317969
v -0.006643115542829037 -0.001280025695450604 0.004490400664508344
v -0.006949802860617638 -0.0008747373940423131 0.00429013790562749
v -0.006889814510941505 -0.0008787207771092653 0.004211042076349259
v -0.006812787149101496 -0.0008617101702839136 0.004150678403675557
v -0.007194680627435446 -0.0004397575685288757 0.004071029368788005
v -0.0071303811855614185 -0.00045388087164610624 0.003989086952060462
v -0.007044833153486252 -0.0004468100960366428 0.003928466700017453
v -0.007218248676508665 1.0749612556537613e-05 0.00369719509035349
v -0.0073119476437568665 1.1933380847040098e-05 0.003759369719773532
v -0.006773818284273148 -0.0011475927894935012 0.004514802247285844
v -0.006432642228901386 -0.0015304338885471225 0.004694119095802308
v -0.007385081611573696 0.001145190093666315 0.003529867623001338
v -0.007421252317726612 0.0015122184995561838 0.003638323163613678
v -0.007484279107302427 0.0011324499500915408 0.0035980099346488723
v -0.007483680732548237 0.0014976627426221967 0.003686527023091913
v -0.007522603031247854 0.0014820961514487863 0.0037354601081460723
v -0.007548035122454166 0.0011158866109326482 0.0036995578557252893
v -0.007547308225184679 0.0014661233872175217 0.003784236731007696
v -0.00756510766223073 0.0014391953591257334 0.003864216385409237
v -0.007566379848867655 0.0010998789221048355 0.0038062897510826596
v -0.0075657241977751255 0.0014325132360681891 0.0038837010506540546
v -0.007358998525887728 0.0007552073220722377 0.003511462593451143
v -0.0074584088288247585 0.0007479853229597211 0.0035797324962914
v -0.0075231511145830154 0.0007460963679477572 0.0036817179061472425
v -0.00754295289516449 0.0007492473814636469 0.0037891373503953227
v -0.007303197402507067 0.00036988515057601035 0.0035688523203134545
v -0.0074006966315209866 0.00036710361018776894 0.0036351317539811143
v -0.007466563023626804 0.00037822130252607167 0.0037323245778679856
v -0.007490293122828007 0.0003989138640463352 0.003834630362689496
v -0.0075178504921495914 0.0020453212782740593 0.004118557088077069
v -0.007540861144661903 0.0018285277765244246 0.004023074638098479
v -0.007546274457126856 0.0017661715392023325 0.004003494512289763
v -0.007557674311101437 0.0016072300495579839 0.003941781353205443
v -0.007557917386293411 0.0016289062332361937 0.003851922461763025
v -0.007542722392827272 0.0016289320774376392 0.003851652843877674
v -0.0075136953964829445 0.002089652232825756 0.004063716623932124
v -0.006240904796868563 0.007817007601261139 0.0066834264434874075
v -0.006506970152258873 0.006554354447871447 0.006105626467615368
v -0.006449743639677763 0.006905159447342157 0.006266472395509483
v -0.006715649738907814 0.005762443877756596 0.0057440013624727735
v -0.006556498818099499 0.006309471093118191 0.005993498489260675
v -0.006584175396710634 0.006173360161483288 0.005931188352406027
v -0.006999026518315077 0.004572962410748005 0.005200265906751157
v -0.007088012993335724 0.004061255604028702 0.004965406842529775
v -0.007121697533875704 0.004065221641212702 0.004968200344592334
v -0.007252160459756851 0.0034272968769073486 0.004676294513046742
v -0.007436624262481928 0.0026033492758870125 0.004299350082874299
v -0.007460038177669048 0.00241834600456059 0.004214403685182334
v -0.007502162829041481 0.002121418947353959 0.004078165162354709
v -0.006508182268589735 0.006323404144495726 0.00592983514070511
v -0.006360118743032217 0.006323620211333036 0.005843131337314845
v -0.006904654670506716 0.004087839741259813 0.004830895457416774
v -0.007450215518474579 0.0024150824174284935 0.004171728156507016
v -0.007396336179226637 0.002445215592160821 0.004091100301593543
v -0.0072581227868795395 0.0024653300642967224 0.004004211630672217
v -0.007348020561039448 0.0024577786680310965 0.004049124661833049
v -0.005673782434314489 0.009292980656027794 0.006895967293530704
v -0.005412645172327757 0.0105932941660285 0.007341730874031784
v -0.0057709310203790665 0.009301316924393177 0.006938319187611343
v -0.005452203564345837 0.010595321655273438 0.007363053038716318
v -0.005824490450322628 0.009299219585955143 0.006981818471103908
v -0.005506499204784632 0.010592798702418804 0.00740553066134453
v -0.005598925985395908 0.010545885190367699 0.007584709208458664
v -0.005550252739340067 0.010583462193608284 0.007457794155925514
v -0.0058855642564594746 0.009284415282309055 0.007068790029734375
v -0.00559970224276185 0.010543568059802055 0.007591184694319965
v -0.005670056212693453 0.010272626765072346 0.007503649219870569
v -0.006241165567189455 0.007815799675881863 0.006687382236123087
v -0.006594668608158827 0.00626955134794116 0.00611550221219659
v -0.006664003245532513 0.005970346741378307 0.005995064508169891
v -0.006455693859606981 0.0063284579664468765 0.0058865905739367026
v -0.0069969878531992435 0.004087456967681646 0.004874762147665025
v -0.007047582883387804 0.0040781875140964985 0.004916447214782239
v -0.005438063759356737 0.011113286018371582 0.007916914299130441
v -0.005396741908043623 0.011244037188589573 0.00801065005362034
v -0.005362862255424261 0.011293194256722927 0.007933028973639013
v -0.005275043658912182 0.0115895364433527 0.008299928158521654
v -0.005153327714651823 0.011874120682477951 0.008592010475695135
v -0.005113499704748392 0.011926990933716297 0.008533133193850519
v -0.005064012017101049 0.012047041207551956 0.00879905838519335
v -0.004828301724046469 0.012385851703584194 0.00929539278149605
v -0.004789167083799839 0.012422076426446438 0.00924783665686846
v -0.004520644899457693 0.012652083300054073 0.009845595806837084
v -0.004410304594784975 0.012716627679765224 0.010031209327280523
v -0.004374134354293346 0.012737404555082321 0.010007278062403204
v -0.004666317254304886 0.012463480234146118 0.009172807447612287
v -0.0049664718098938465 0.011982778087258339 0.008430065587162973
v -0.005205568857491016 0.011342533864080906 0.007803543005138637
v -0.005295799113810062 0.011329177767038345 0.007858527824282648
v -0.0050483341328799725 0.011966024525463581 0.008475720882415773
v -0.004731909371912479 0.012451003305613995 0.009208039380609991
v -0.004289751406759024 0.012757854536175728 0.009958679787814619
v -0.004333136603236198 0.012751586735248566 0.00998256914317608
v -0.004135570954531431 0.012788860127329826 0.010242932476103308
v -0.004187033511698246 0.012787207961082458 0.01015282887965441
v -0.004150982014834881 0.012791886925697327 0.010342317633330824
v -0.004025437869131565 0.012752546928822994 0.010700394399464132
v -0.003981884103268385 0.012731228023767471 0.010697753168642523
v -0.004026769194751978 0.012763210572302341 0.01051867287606001
v -0.003965897019952536 0.012721012346446514 0.01069657225161791
v -0.003915674984455109 0.012677778489887714 0.010691906325519087
v -0.003963785711675882 0.012727492488920689 0.010512532666325571
v -0.00394576508551836 0.012700485996901989 0.010313362814486028
v -0.0041835675947368145 0.012774643488228321 0.010042608715593817
v -0.0038759426679462194 0.012623723596334457 0.010501057840883734
v -0.003843132872134447 0.012539662420749664 0.010678561404347421
v -0.003912635613232851 0.012679236009716988 0.010506507940590383
v -0.00386978592723608 0.012612836435437202 0.010685425251722338
v -0.004060566890984774 0.012763934209942818 0.010702023282647135
v -0.004208268132060766 0.012787922285497189 0.010350145399570467
v -0.004142011981457472 0.012773322872817516 0.010704335756599905
v -0.004100752994418144 0.012771379202604294 0.010703407227993013
v -0.004278042819350958 0.012737477198243141 0.010703769512474539
v -0.004237096756696701 0.01275564730167389 0.010704569518566133
v -0.004281213972717524 0.0127438735216856 0.010618004947900774
v -0.00428687734529376 0.012748694978654385 0.010532174259424211
v -0.0043250941671431065 0.012750032357871532 0.01026948355138302
v -0.004092934541404247 0.012784412130713463 0.010334286838769914
v -0.004250542726367712 0.012776876799762249 0.010064782574772837
v -0.004271343816071749 0.012776964344084263 0.010174186900258066
v -0.004288028459995985 0.012749293819069862 0.010518605820834638
v -0.004037484526634216 0.012765600346028805 0.010326513089239599
v -0.003987681586295366 0.01273683924227953 0.010319430381059648
v -0.004039158578962088 0.012758210301399231 0.010225860401988031
v -0.004103061277419329 0.012771948240697384 0.010133208706974985
v -0.00423619756475091 0.012498353607952595 0.012675402685999874
v -0.004204371478408575 0.012102215550839901 0.014462906867265705
v -0.004162399098277092 0.012118805199861526 0.014466670341789726
v -0.0037903578486293554 0.011947480961680412 0.01441370137035847
v -0.003826167667284608 0.012382944114506245 0.012382025830447677
v -0.004241103772073984 0.012540937401354313 0.012413829565048221
v -0.004199170507490635 0.012558035552501678 0.012415738776326183
v -0.004096432588994503 0.012572756968438625 0.012416210956871513
v -0.0039911731146276 0.012550458312034607 0.012410898692905906
v -0.003905422054231167 0.012497066520154476 0.012401110492646698
v -0.0038367777597159147 0.012407149188220501 0.012385962530970577
v -0.004059712402522564 0.012132959440350533 0.014468706212937835
v -0.003954676445573568 0.012111036106944084 0.01446092035621405
v -0.0038692131638526917 0.012058858759701252 0.014445278793573383
v -0.0038008983246982098 0.011971100233495235 0.0144202895462513
v -0.004202346783131361 0.012071341276168823 0.014575913548469547
v -0.004196966998279095 0.011987070553004742 0.014873783104121688
v -0.004172002896666527 0.011565575376152992 0.016214283183217052
v -0.0037502399645745754 0.011241213418543339 0.016667487099766735
v -0.0037606945261359215 0.011264346539974213 0.016675455495715145
v -0.0038285122718662024 0.011350344866514206 0.016705589368939403
v -0.003913427237421274 0.01140164490789175 0.016724355518817905
v -0.004017964005470276 0.011423536576330662 0.016733579337596897
v -0.004034809768199921 0.011423684656620026 0.0167339313775301
v -0.004120450466871262 0.011410217732191086 0.016730923205614093
v -0.004162447527050972 0.01139421109110117 0.016726287081837658
v -0.0039863442070782185 0.011335435323417187 0.017044834792613987
v -0.00365197635255754 0.011251886375248432 0.017583237960934642
v -0.0034461922477930784 0.01125763077288866 0.017822645604610447
v -0.003392870305106044 0.01122813019901514 0.017771104350686077
v -0.002624728251248598 0.011404886841773987 0.018342738971114162
v -0.0022932065185159445 0.011473949067294598 0.01838229410350323
v -0.0022799300495535135 0.011427384801208973 0.018256481736898426
v -0.003636737586930394 0.011129851453006268 0.0172197911888361
v -0.0041060070507228374 0.011287583038210869 0.017119804397225383
v -0.002807173179462552 0.0111387325450778 0.018007626757025722
v -0.0022952610161155462 0.011474380269646645 0.0184593852609396
v -0.0025482256896793842 0.011411561630666256 0.018481874838471416
v -0.0022944819647818804 0.011465477757155895 0.018504409119486812
v -0.003238352481275797 0.011296833865344524 0.01808477006852627
v -0.0035003647208213806 0.01126661617308855 0.017876751720905307
v -0.0033788748551160097 0.011260696686804295 0.01814433187246323
v -0.0037051066756248474 0.01122630201280117 0.01785325072705746
v -0.003725999966263771 0.011181916110217571 0.016951959580183033
v -0.003287167754024267 0.011053524911403656 0.017678594216704372
v -0.0029904325492680073 0.011324777267873287 0.01835829392075539
v -0.002943947445601225 0.01134440302848816 0.018241515383124355
v -0.002587715396657586 0.01136020291596651 0.01821474172174931
v -0.002269056625664234 0.011383352801203728 0.01820369809865952
v -0.002853166777640581 0.011256331577897072 0.01806610263884068
v -0.0031536531168967485 0.011256410740315914 0.017967237159609798
v -0.002882943255826831 0.011301860213279724 0.018116703256964687
v -0.003808350069448352 0.011273895390331745 0.01731306873261929
v -0.003589052241295576 0.011222402565181255 0.017539156600832943
v -0.003535324474796653 0.011173158884048462 0.01750094629824162
v -0.0033460960257798433 0.011180159635841846 0.017727732658386234
v -0.0034960450138896704 0.011110471561551094 0.017472373321652416
v -0.0033102617599070072 0.011119485832750797 0.01769649423658848
v -0.0036785618867725134 0.011193856596946716 0.017246212810277942
v -0.003769797272980213 0.011245972476899624 0.016976457089185718
v -0.0037377511616796255 0.011244114488363266 0.017278460785746578
v -0.00383249344304204 0.011296721175312996 0.017002016305923465
v -0.00390773406252265 0.011327313259243965 0.017025660723447803
v -0.0028273705393075943 0.011199971660971642 0.018029304221272472
v -0.002256851876154542 0.01133155170828104 0.018164526671171192
v -0.002243432216346264 0.011272646486759186 0.018137978389859203
v -0.0038818721659481525 0.011281021870672703 0.017346067354083065
v -0.0037168865092098713 0.011259514838457108 0.017628166824579242
v -0.003953088540583849 0.011232366785407066 0.017501387745141987
v -0.0017236440908163786 0.011572721414268017 0.01851526834070683
v -0.0017241763416677713 0.011581040918827057 0.018473176285624508
v -0.0017225941410288215 0.011580470018088818 0.018393469974398616
v -0.001712718978524208 0.011532962322235107 0.018268236890435222
v -0.0016956607578322291 0.011436176486313343 0.018176697194576267
v -1.8482541008779663e-06 0.011534789577126503 0.018175423145294193
v -0.0008457874646410346 0.011536561883985996 0.018188713118433956
v -1.8553490690464969e-06 0.011569397523999214 0.01819264702498913
v -1.8721985952652176e-06 0.011642849072813988 0.018252654001116756
v -0.0008542386931367218 0.011634398251771927 0.018280683085322384
v -1.87774264759355e-06 0.011667479760944843 0.018284382298588756
v -0.0008591568912379444 0.011682271957397461 0.01840615458786488
v -1.8909654500021134e-06 0.011710233986377716 0.018381247296929363
v -0.0008597609703429043 0.011675065383315086 0.018525233492255214
v -1.8855299686038052e-06 0.011708812788128853 0.018528481945395473
v -0.0069351037964224815 0.0023958920501172543 0.029808556661009795
v -0.006851951591670513 0.0014924281276762486 0.03049342334270478
v -0.006388844456523657 -0.00011525587615324184 0.03148838505148888
v -0.006337896455079317 -0.0006110352696850896 0.030505117028951652
v -0.006453614681959152 -0.00020754567231051624 0.030930569395422942
v -0.006543452851474285 -0.0001337635185336694 0.03024194389581681
v -0.006733860354870558 0.0006069570663385093 0.03046675957739354
v -0.006730001885443926 0.00047585240099579096 0.029882837086915977
v -0.006859712302684784 0.0011340054916217923 0.02946405671536923
v -0.006898972205817699 0.0014904133277013898 0.029893990606069572
v -0.006936051417142153 0.0018159497994929552 0.028993671759963043
v -0.006939040031284094 0.0018558558076620102 0.028964940458536155
v -0.0069711883552372456 0.0024358828086405993 0.029193358495831497
v -0.006969642825424671 0.002539280103519559 0.02845138311386109
v -0.006968233734369278 0.003256244119256735 0.027866769582033164
v -0.006972553674131632 0.0034363127779215574 0.028346337378025062
v -0.006958177778869867 0.003601683769375086 0.027567703276872642
v -0.006909982766956091 0.0044761402532458305 0.027362737804651267
v -0.006875611376017332 0.004763465374708176 0.0264942366629839
v -0.006765007507055998 0.005525517277419567 0.026299931108951576
v -0.00675553921610117 0.005611833184957504 0.025662472471594817
v -0.0066189030185341835 0.006262647919356823 0.025006938725709922
v -0.0065167136490345 0.0065532284788787365 0.025219853967428214
v -0.006487433798611164 0.006742491386830807 0.02451783604919911
v -0.0061498116701841354 0.007373292930424213 0.024779435247182853
v -0.006337209604680538 0.007187636103481054 0.024062288925051696
v -0.005635852459818125 0.008257641457021236 0.023829990997910507
v -0.005824066232889891 0.0082620307803154 0.022972008213400844
v -0.006137092597782612 0.0076700979843735695 0.023569505661726005
v -0.004956803750246763 0.009031913243234158 0.023041050881147388
v -0.005108271259814501 0.009191473014652729 0.022075900807976726
v -0.005317241419106722 0.008660048246383667 0.02341304905712605
v -0.005369161255657673 0.008902124129235744 0.02234657667577267
v -0.005598797928541899 0.008604679256677628 0.022633410990238193
v -0.00412528682500124 0.009679866023361683 0.02242640592157841
v -0.004135745111852884 0.009986774064600468 0.021379569545388225
v -0.004558189772069454 0.009372170083224773 0.0227127131074667
v -0.004862839821726084 0.009428050369024277 0.021861191838979725
v -0.004920970182865858 0.009374690242111683 0.0219090860337019
v -0.0031721789855509996 0.010193757712841034 0.021973360329866413
v -0.0036384700797498226 0.010280296206474304 0.02114241570234299
v -0.004093454219400883 0.010014140047132969 0.021356966346502308
v -0.002128598978742957 0.01056595891714096 0.02166886627674103
v -0.0029329333920031786 0.010606503114104271 0.020893808454275135
v -0.003146566916257143 0.010517573915421963 0.02095987088978291
v -0.0006477618007920682 0.011133062653243542 0.02053780853748322
v -0.0010168722365051508 0.011095045134425163 0.020560588687658313
v -0.0010256614768877625 0.01078883744776249 0.021499872207641605
v -0.0015108264051377773 0.011017296463251114 0.02060928195714951
v -0.002204403281211853 0.010853709653019905 0.020717961713671688
v -2.195392653447925e-06 0.010861731134355068 0.021434664726257328
v -2.0985296487197047e-06 0.011159064248204231 0.020522950217127803
v -0.006516831461340189 0.006409425754100084 0.02583096362650395
v -0.006947232410311699 0.0033600551541894674 0.028971012681722648
v -0.006894443184137344 0.00437087332829833 0.02798945829272271
v -0.006758008152246475 0.0053979745134711266 0.02692187391221524
v -0.006676890421658754 0.0006539829191751778 0.0310463272035122
v -0.005560999736189842 -0.0018183767097070813 0.031673111021518714
v -0.005545378662645817 -0.00196445407345891 0.032272126525640495
v -0.00442331749945879 -0.002637903206050396 0.032567661255598075
v -0.003961548674851656 -0.002803603420034051 0.031552664935588844
v -0.004428034648299217 -0.0025609300937503576 0.031448028981685645
v -0.004103629384189844 -0.0027344711124897003 0.03152317553758622
v -0.0050095850601792336 -0.0023273779079318047 0.032434906810522086
v -0.0052299597300589085 -0.002009382238611579 0.031199505552649505
v -0.005518402438610792 -0.002263677539303899 0.033397473394870765
v -0.0049268221482634544 -0.0025422435719519854 0.03534054011106492
v -0.004943971522152424 -0.0025462417397648096 0.03470435738563538
v -0.004401178564876318 -0.0026437193155288696 0.03367656841874123
v -0.004379081539809704 -0.002593147335574031 0.034809302538633353
v -0.004960472695529461 -0.0025199863594025373 0.03411196544766427
v -0.004976742900907993 -0.0024712278973311186 0.03354713693261147
v -0.005530922673642635 -0.0017359860939905047 0.03107124753296376
v -0.0029558290261775255 -0.0031960916239768267 0.03171482682228089
v -0.003802849445492029 -0.00287636392749846 0.03158341720700265
v -0.0020005577243864536 -0.003442537272349 0.03181126713752747
v -0.001000791322439909 -0.003592766122892499 0.03186722472310067
v -3.406291398277972e-06 -0.003642355790361762 0.03188499808311463
v -1.688586507953005e-06 -0.00357898254878819 0.01570202596485615
v -0.0010449934052303433 -0.003523137653246522 0.015702024102211002
v -0.001995200291275978 -0.0033724301028996706 0.015702407807111744
v -0.0023065528366714716 -0.0033003094140440226 0.015702623873949054
v -0.0026191920042037964 -0.003220547456294298 0.0156527366489172
v -0.002647696528583765 -0.0032130118925124407 0.015642900019884113
v -0.002863529836758971 -0.0031560766510665417 0.015533572062850002
v -0.0030131745152175426 -0.0031177105847746134 0.015410719439387325
v -0.0031060075853019953 -0.00309563591144979 0.015303868800401691
v -0.003255027113482356 -0.0030694855377078056 0.015019766055047516
v -0.003306352300569415 -0.0030807701405137777 0.01470325700938702
v -0.003305780701339245 -0.0033113802783191204 0.011998592875897888
v 0.0035241867881268263 -0.002116910880431533 0.01029584836214781
v 0.0037162776570767164 -0.002043955260887742 0.010054972022771837
v 0.0035243001766502857 -0.0033104969188570976 0.01032910402864218
v 0.003713818732649088 -0.003250264562666416 0.010091803036630155
v 0.006167646497488022 0.005874553229659796 0.018555296584963802
v 0.003685950767248869 0.005874530412256718 0.01855503395199776
v 0.003685930510982871 0.00595730310305953 0.018563346937298778
v 0.006149097811430693 0.00619449932128191 0.01854955963790417
v 0.0036870050244033337 0.006288683973252773 0.018530663102865223
v 0.006127007771283388 0.006510503590106964 0.01843986473977566
v 0.003690016455948353 0.0065996465273201466 0.018385488539934162
v 0.006119656376540661 0.006599633488804102 0.018385741859674457
v 0.005733373574912548 0.004110982641577721 0.004886336624622346
v 0.005719669628888369 0.004153135698288679 0.00498480536043644
v 0.005421117413789034 0.005370850209146738 0.005511587485671044
v 0.005422768648713827 0.00535817164927721 0.005535410717129708
v 0.005398260895162821 0.005466913804411888 0.005554575007408858
v 0.005327677354216576 0.005759264342486858 0.0057187476195395
v 0.005007534753531218 0.0072002112865448 0.006278212182223799
v 0.004858353175222874 0.007916029542684555 0.006705342791974546
v 0.004860795568674803 0.007928897626698017 0.006563316565006973
v 0.0046584890224039555 0.008757054805755615 0.006900553125888111
v 0.005105003714561462 0.008806311525404453 0.0067864656448364275
v 0.005250769667327404 0.008815271779894829 0.00677129812538624
v 0.005331165157258511 0.006934428587555885 0.006132983136922123
v 0.006766298785805702 0.002083426108583808 0.0037975637242198
v 0.006002769339829683 0.0026634957175701857 0.003267421619966627
v 0.0060523757711052895 0.0026474364567548037 0.003499113954603673
v 0.006082745734602213 0.0026422645896673203 0.0035737263970077046
v 0.00626121973618865 0.002624556189402938 0.003829215420410038
v 0.006505987141281366 0.0026131593622267246 0.003993653692305089
v 0.006784556899219751 0.0026089362800121307 0.004054591991007329
v 0.0061395312659442425 0.0026094296481460333 0.004039668943732978
v 0.006136706098914146 0.0025937999598681927 0.0042729098349809655
v 0.006122233811765909 0.0026825040113180876 0.004080127459019423
v 0.005937950219959021 0.0033734010066837072 0.004629002418369056
v 0.005736630875617266 0.0040994202718138695 0.004880006890743972
v 0.003604231169447303 0.010996999219059944 0.017190931364893917
v 0.003674386767670512 0.011031600646674633 0.016994148492813114
v 0.003544947598129511 0.009939035400748253 0.01719113811850548
v 0.003013855079188943 0.011034083552658558 0.017881169915199283
v 0.003272778820246458 0.010991943068802357 0.017673475667834285
v 0.003329241881147027 0.010074777528643608 0.017508070915937427
v 0.003310037311166525 0.010987701825797558 0.017635252326726917
v 0.003461044980213046 0.010979433543980122 0.017448300495743755
v 0.00353925209492445 0.01098407432436943 0.01732219755649567
v 0.003727545263245702 0.011139774695038795 0.016633817926049236
v 0.003728356445208192 0.009591612964868546 0.016453251242637638
v 0.003693956881761551 0.011050203815102577 0.01691588014364243
v 0.0037280169781297445 0.009599045850336552 0.0164690874516964
v 0.0036735411267727613 0.009782828390598297 0.01685394532978535
v 0.0022799340076744556 0.011204591952264309 0.01812413334846497
v 0.002332104369997978 0.011191227473318577 0.018119825050234798
v 0.0026770769618451595 0.011107099242508411 0.018044315278530124
v 0.002789955586194992 0.011081106960773468 0.018000550568103794
v 0.003931521903723478 0.0025964879896491766 0.0042340289801359185
v 0.003875702852383256 0.011111622676253319 0.008161915466189386
v 0.003912503831088543 0.011042553000152111 0.008130643516778948
v 0.0040313005447387695 0.01079858373850584 0.008020017296075823
v 0.004163839854300022 0.010497016832232475 0.007883564569056036
v 0.004227218683809042 0.010339420288801193 0.007812052965164186
v 0.004396635573357344 0.009792711585760117 0.007562882732599975
v 0.004002416506409645 0.0028756989631801844 0.0002058510581264273
v 0.004011614713817835 0.0028661524411290884 -0.00032071635359898215
v 0.00402042455971241 0.002745359903201461 -0.0008348029223270716
v 0.004028406459838152 0.002521076239645481 -0.0013104222016409042
v 0.0040333145298063755 0.0023067703004926443 -0.0016096140025183563
v 0.004043578170239925 0.0014549419283866882 -0.0022700813133269553
v 0.004040626343339682 0.0018010291969403625 -0.0020713417325168852
v 0.004035255406051874 0.002200274495407939 -0.0017297723097726707
v 0.004046326503157616 0.0006014540558680892 -0.002501142909750343
v 0.004046138841658831 0.0008326585520990193 -0.0024703773669898514
v 0.0040443167090415955 0.0013367633800953627 -0.0023225236218422656
v 0.004015570040792227 -0.0019269135082140565 -0.0009622192592360081
v 0.004006525035947561 -0.0020747780799865723 -0.0004580350359901787
v 0.0040024337358772755 -0.0021055429242551327 -0.00022683216957375413
v 0.004045361652970314 7.495004683732986e-05 -0.002491605700924993
v 0.004042468033730984 -0.0004391199036035687 -0.002370828995481134
v 0.004037823993712664 -0.0009147684904746711 -0.0021465469617396597
v 0.004033474251627922 -0.001223079045303166 -0.0019246301380917434
v 0.004017415456473827 -0.0018822733545675874 -0.0010638091480359437
v 0.004024074412882328 -0.0016757111297920346 -0.0014265124918892982
v 0.00403157714754343 -0.0013341177254915237 -0.0018257619813084607
v 0.005514191929250956 -0.002046328503638506 0.0034769936464726934
v 0.004995627794414759 -0.0021778149530291557 0.0035363200586289176
v 0.004993450362235308 -0.002171798376366496 0.0022723642177879815
v 0.005673006176948547 -0.002029285067692399 0.004695571959018708
v 0.004991392605006695 -0.0021667154505848885 0.0010087831178680064
v 0.003979767207056284 -0.0022066838573664427 0.0010600165696814658
v 0.003956719301640987 -0.002297431230545044 0.0023696243297308688
v 0.003933929372578859 -0.002389249624684453 0.003664336632937194
v 0.004929192364215851 -0.002264790004119277 0.004782604519277812
v 0.003911987878382206 -0.00249333493411541 0.004909198731184007
v 0.0039220694452524185 -0.002442731987684965 0.004337536171078683
v 0.005672898609191179 -0.0022540069185197353 0.008966004475951196
v 0.005315268877893686 -0.0024571865797042847 0.010104934684932234
v 0.005302467383444309 -0.0024943870957940817 0.008959318511188032
v 0.004962534178048372 -0.002682068618014455 0.010074167512357237
v 0.004964085295796394 -0.0026789300609380007 0.008761028759181501
v 0.00461740605533123 -0.002870159922167659 0.010049804113805296
v 0.00580993527546525 -0.00215170718729496 0.008970368653535845
v 0.005998994689434767 -0.0019892724230885506 0.008979178033769132
v 0.00599899934604764 -0.0019467519596219063 0.009581877849996092
v 0.00587713997811079 -0.0020054231863468885 0.01016714330762625
v 0.005998911801725626 -0.0018867985345423222 0.01018365938216448
v 0.0053914082236588 -0.0023372326977550983 0.0069521483965218085
v 0.004964448045939207 -0.002569703385233879 0.007420454639941456
v 0.005434126127511263 -0.002229538979008794 0.005991589743644001
v 0.004963678307831287 -0.0024066041223704815 0.0060844887048006075
v 0.0054803332313895226 -0.0021136354189366102 0.004950899630784989
v 0.005727238021790981 -0.0020169455092400312 0.004773463588207961
v 0.00439637154340744 -0.0025672188494354486 0.006134975235909225
v 0.0038887709379196167 -0.0026767149101942778 0.006220680661499502
v 0.004389314446598291 -0.002773779211565852 0.007444353774189951
v 0.0038453126326203346 -0.00310480035841465 0.008667672052979471
v 0.004381534177809954 -0.00293647195212543 0.008751559071242811
v 0.0038249827921390533 -0.003206284251064062 0.009785600006580355
v 0.0037863196339458227 -0.0032250918447971344 0.010000661946833135
v 0.0037720724940299988 -0.0032301624305546284 0.009999838657677175
v 0.0037788348272442818 -0.002019419800490141 0.009954383596777918
v 0.003827449632808566 -0.0020042983815073967 0.009748888202011587
v 0.001040628063492477 -0.001957198604941368 0.021482912823557857
v 0.0009848122717812657 -0.0019354189280420542 0.023726835846900947
v 0.001957586035132408 -0.0017198458081111312 0.023627264425158508
v 0.0032632574439048767 -0.0018095270497724414 0.01498906966298819
v 0.003128328127786517 -0.0018406580202281475 0.015273917466402057
v 0.002759540919214487 -0.0016298998380079865 0.018801240250468258
v 0.003793290350586176 -0.001896936446428299 0.011745904572308067
v 0.0035612331703305244 -0.002014004159718752 0.011715198867022993
v 0.0033129125367850065 -0.0019056625897064805 0.013951095752418045
v 0.0037504974752664566 -0.0016386272618547082 0.014214439317584041
v 0.0034091558773070574 -0.0010808785445988178 0.020994883030653003
v 0.0036342288367450237 -0.0009131025290116668 0.020923253148794178
v 0.003648820100352168 -0.0009680238435976207 0.02008440345525742
v 0.0028023074846714735 -0.0014631280209869146 0.025723109021782882
v 0.0035534449853003025 -0.0010181124089285731 0.02553177066147328
v 0.0032562189735472202 -0.0011269503738731146 0.023385148495435718
v 0.003587231505662203 -0.0008956805686466396 0.023611186072230346
v 0.0036179639864712954 -0.0008792817825451493 0.021855833008885387
v 0.0019182106480002403 -0.0017958441749215126 0.02583925426006318
v 0.0009633355075493455 -0.001996648730710149 0.02591106295585633
v 0.0005090011982247233 -0.002014303347095847 0.021524410694837574
v 0.0005555659299716353 -0.0021315650083124638 0.019241111353039745
v 0.0009728990844450891 -0.002378301927819848 0.015706686303019527
v 0.002303235698491335 -0.00210712687112391 0.015707740560173992
v 0.0018413629150018096 -0.00223010522313416 0.01570725999772549
v 0.0016996850026771426 -0.0019664326682686806 0.01907705143094063
v 0.0022437069565057755 -0.0018197729950770736 0.018949432298541073
v 0.002324309665709734 -0.0021007077302783728 0.015707561746239666
v 0.0030098857823759317 -0.0018778910161927342 0.015416307374835018
v 0.0029202697332948446 -0.0019075265154242516 0.015495705418288711
v 0.0026481659151613712 -0.001998058520257473 0.01564707048237324
v 0.003503510495647788 -0.0021243253722786903 0.010322653688490393
v 0.003240065649151802 -0.0013964534737169743 0.018639843910932544
v 0.003303265431895852 -0.0018229087581858039 0.0147088747471571
v 0.0033034745138138533 -0.002017284044995904 0.01294359099119902
v 0.0033032491337507963 -0.002176654525101185 0.010924792848527433
v 0.003354479558765888 -0.0021718495991081 0.010608475655317308
v 0.002851394470781088 -0.0013602788094431162 0.023476060479879386
v 0.0029936169739812613 -0.0013352090027183294 0.021117053925991062
v 0.0020635584369301796 -0.0017250932287424803 0.021332250908017162
v 0.003685867879539728 -0.0011788648553192616 0.01794851385056973
v 0.0011345978127792478 -0.0020702434703707695 0.019176736474037174
v 0.004339807201176882 0.006311600562185049 0.024835726246237762
v 0.004567624069750309 0.005722821224480867 0.025706175714731223
v 0.004717071074992418 0.005103144329041243 0.02662047930061818
v 0.004802532494068146 0.004469485487788916 0.02754084393382073
v 0.004153956193476915 0.00422688340768218 0.027383454144001014
v 0.0035312881227582693 0.0039939661510288715 0.027232661843299873
v 0.0035551837645471096 0.004758071154356003 0.02593291364610196
v 0.003564732149243355 0.005091778002679348 0.025416091084480293
v 0.0035727424547076225 0.005396787542849779 0.024984698742628104
v 0.0035848072730004787 0.005933354143053293 0.024341579526662833
v 0.00401923106983304 0.006852563936263323 0.02404694445431233
v 0.0035939328372478485 0.006459634751081467 0.023865474388003356
v 0.003609289648011327 0.008254528045654297 0.023143269121646885
v 0.0036057329270988703 0.007588617503643036 0.023288810625672344
v 0.003603937802836299 0.007348918356001377 0.02337068319320679
v 0.0036036295350641012 0.00731154577806592 0.023385113105177883
v 0.0036004367284476757 0.006974412593990564 0.023538403213024146
v 0.0031071326229721308 0.009135299362242222 0.021024258807301525
v 0.0036209954414516687 0.007760963402688503 0.02243067137897015
v 0.0036209996324032545 0.007768056355416775 0.022431718185544017
v 0.003585939994081855 0.008214236237108707 0.021982869133353237
v 0.0034402282908558846 0.008493103086948395 0.02206743508577347
v 0.003208430949598551 0.008713052608072758 0.0221320316195488
v 0.003072455059736967 0.008790936321020126 0.022153940051794056
v 0.0032399774063378572 0.009056538343429565 0.02100225351750851
v 0.003465703222900629 0.008837233297526836 0.02093838714063168
v 0.0036073571536689997 0.00856142770498991 0.020855516195297245
v 0.0036508399061858654 0.00828612968325615 0.020771039649844173
v 0.0037045986391603947 0.00917082093656063 0.01777475140988827
v 0.003687645075842738 0.008889191783964634 0.018719477578997615
v 0.0036463052965700626 0.009203128516674042 0.018674021586775783
v 0.003508979920297861 0.009474013932049274 0.018751116469502453
v 0.0032912546303123236 0.009691242128610611 0.01881101727485657
v 0.004028765484690666 0.0005149055505171418 -0.0015048967907205228
v 0.004027798306196928 0.0009114895947277546 -0.0014151884242892267
v 0.004024943802505732 0.0012715598568320274 -0.0012208565603941681
v 0.0040210760198533535 0.0015321281971409917 -0.0009771650657057764
v 0.0040154182352125645 0.0017490789759904146 -0.000634998141322285
v 0.0040087332017719746 0.0018673134036362171 -0.00024258949270006275
v 0.004002508241683245 0.0018798595992848277 0.00011434402404120195
v 0.00399543484672904 0.0017917311051860452 0.0005109601188451053
v 0.003988840151578188 0.001598875503987074 0.0008712129201740029
v 0.003983875270932913 0.001354799373075366 0.0011339167831465604
v 0.003979498520493507 0.0010083699598908424 0.0013540368527173998
v 0.003976850304752588 0.0006177789182402194 0.0014714990975335245
v 0.003976085223257542 0.00025525750243104994 0.0014838562346994881
v 0.003977054264396429 -0.0001413263235008344 0.0013941477518528702
v 0.003979907371103764 -0.0005013976478949189 0.0011998158879578116
v 0.0040023447945714 -0.0011096972739323974 -0.00013538483472075316
v 0.003996117971837521 -0.0010971511946991086 0.0002215488202637062
v 0.003989432938396931 -0.0009789158357307315 0.0006139575853012503
v 0.003983774688094854 -0.0007619660464115441 0.0009561243932694199
v 0.004009416326880455 -0.001021567964926362 -0.00053200067486614
v 0.00401601055637002 -0.0008287124801427126 -0.0008922534179873767
v 0.004020977299660444 -0.0005846361164003611 -0.001154957455582917
v 0.00402535405009985 -0.00023820667411200702 -0.0013750775251537564
v 0.00402800040319562 0.00015238416381180286 -0.0014925396535545592
v 0.0058646430261433125 -0.002099967561662197 0.006824132055044176
v 0.006264652591198683 -0.0017893309704959393 0.007404869422316553
v 0.006306375842541456 -0.0016961133806034923 0.005506803747266532
v 0.005647243466228247 -0.002212239196524024 0.0068744821473956125
v 0.006114590913057327 -0.0018768614390864968 0.008986360393464567
v 0.006230063736438751 -0.001764281652867794 0.0089937262237072
v 0.006949050351977348 -0.0008746802341192961 0.0042917109094560155
v 0.007112322840839624 -0.0006367290043272078 0.004268096759915353
v 0.00676988810300827 -0.0011518620885908604 0.004518308676779271
v 0.006812451872974634 -0.0008618430001661181 0.004152343142777682
v 0.007044564932584763 -0.0004469346022233367 0.003930195700377227
v 0.007219255436211824 1.0515906978980638e-05 0.003699520369991661
v 0.0065198601223528385 -0.0012475821422412992 0.004353733267635108
v 0.006642364896833897 -0.0012799421092495322 0.004491885192692281
v 0.006588006857782602 -0.0012740157544612885 0.004414278082549573
v 0.007129868026822805 -0.00045388846774585545 0.0039908462204039106
v 0.0073114801198244095 1.1898533557541668e-05 0.003761212807148696
v 0.007193939760327339 -0.00043973285937681794 0.004072685260325671
v 0.007377574685961008 3.273096808698028e-05 0.0038478747010231027
v 0.00735221803188324 -0.00010288546764058992 0.004014819860458375
v 0.007407669443637133 6.732250039931387e-05 0.003941058181226254
v 0.006889262702316046 -0.0008787190308794379 0.004212720319628716
v 0.007303364109247923 0.00036745492252521217 0.003571528010070325
v 0.007489083334803581 0.0003967873635701835 0.0038366562221199283
v 0.0074648200534284115 0.0003758012317121029 0.003733169753104449
v 0.007541709579527378 0.0007449518307112157 0.003790899412706495
v 0.007521407678723335 0.0007415630389004946 0.0036822191905230292
v 0.00739953713491559 0.0003648170386441052 0.0036372768227010974
v 0.007359152194112539 0.0007503434317186475 0.003513837233185769
v 0.007385497912764549 0.0011380569776520133 0.003531003603711725
v 0.0074833654798567295 0.0011255425633862615 0.00359865464270115
v 0.0074572088196873665 0.0007432955899275839 0.0035815753508359202
v 0.007546592969447374 0.0011094490764662623 0.003698940621688963
v 0.0075653973035514355 0.0010935877216979861 0.0038070182781666526
v 0.007564915809780359 0.0014325350057333708 0.003885320620611311
v 0.007545998319983482 0.0014665635535493493 0.003784504486247898
v 0.0074829598888754845 0.0014976196689531207 0.0036881600972265014
v 0.0073854923248291016 0.001517091179266572 0.003622262505814434
v 0.007331374567002058 0.0015213026199489832 0.003604878205806018
v 0.007556857541203499 0.001607150654308498 0.003943360410630704
v 0.007542996667325497 0.0017950625624507666 0.004011531360447408
v 0.0075461226515471935 0.001757094287313521 0.004001530352979899
v 0.007517001125961542 0.0020452397875487804 0.004120133817195893
v 0.0075419251807034016 0.001628850237466395 0.003853237722069026
v 0.00755712017416954 0.0016288243932649493 0.0038535078056156644
v 0.006239559967070818 0.007817022502422333 0.006684775464236738
v 0.006447553634643555 0.006907775532454252 0.00626937532797456
v 0.006516917143017054 0.0064994641579687595 0.006081913132220508
v 0.006712859030812979 0.005766270682215691 0.005747455172240735
v 0.006586775649338961 0.006156953517347574 0.005925151053816082
v 0.006612915545701981 0.006029727403074503 0.005866921972483398
v 0.006996579468250275 0.004578304942697287 0.005204268731176854
v 0.007044746074825525 0.004220690578222275 0.005040085408836604
v 0.007156230974942446 0.003918467089533806 0.004902932327240706
v 0.007246560417115688 0.0034453985281288624 0.004686031490564347
v 0.007432934828102589 0.0026200436986982822 0.004308412782847882
v 0.007455574348568916 0.002440871438011527 0.004226342774927617
v 0.007512963376939297 0.002090702997520566 0.0040653892792761335
v 0.007514540571719408 0.0020078266970813274 0.004027606919407845
v 0.005312512628734112 0.01057766005396843 0.007315870840102436
v 0.00531703419983387 0.010578662157058716 0.007316374685615303
v 0.005702064838260412 0.009049919433891773 0.0068126902915537375
v 0.007435791660100222 0.0024960169102996588 0.004209857899695636
v 0.0073700640350580215 0.002529617166146636 0.0041183806024491796
v 0.006995291914790869 0.004238089546561241 0.004984955769032241
v 0.006529659498482943 0.006171087734401226 0.005856867879629136
v 0.005865147337317467 0.009061082266271114 0.006891183555126192
v 0.00666308868676424 0.0059690470807254314 0.005995960906147959
v 0.006239752750843763 0.007816115394234657 0.006688792258501055
v 0.005938876885920763 0.009045116603374481 0.00698975194245577
v 0.0056736525148153305 0.010251698084175587 0.007497815880924465
v 0.005549347493797541 0.0105831203982234 0.007459688466042282
v 0.005598221439868212 0.010543487966060638 0.007592334877699615
v 0.005505058914422989 0.01059271115809679 0.007406670134514572
v 0.0056500788778066635 0.009039323776960373 0.006808790378272535
v 0.005265772808343172 0.01059046946465969 0.007321872748434545
v 0.005295323673635721 0.010577520355582237 0.007315794937312605
v 0.006213677115738392 0.006599568761885166 0.005946872755885126
v 0.0063691833056509495 0.006166073027998209 0.0057770656421780595
v 0.0068394821137189865 0.004240932408720255 0.00490510929375887
v 0.006529408507049084 0.005271510221064091 0.0053964266553521165
v 0.006317683029919863 0.006156247109174728 0.005771792028099299
v 0.007168987300246954 0.0025403473991900682 0.004028919618576766
v 0.007148645352572203 0.002655420918017626 0.004085076041519643
v 0.007219082210212946 0.00254456396214664 0.004036959726363421
v 0.006861829664558172 0.003941826056689024 0.004749042913317681
v 0.006789043080061674 0.004232300911098719 0.004898124840110541
v 0.007272510323673487 0.002544695045799017 0.0040545640513300904
v 0.0068939439952373505 0.004245601128786802 0.004921833984553815
v 0.006425110157579184 0.006172716151922941 0.005792760755866767
v 0.005758743267506361 0.009058002382516861 0.006827350705862047
v 0.005446198396384716 0.010595212690532207 0.007361400406807663
v 0.0042337048798799515 0.012498297728598118 0.012676239944994453
v 0.0042386590503156185 0.012540836818516254 0.012414951808750633
v 0.004197072237730026 0.012557828798890114 0.012416842393577102
v 0.003841037629172206 0.012540020048618317 0.010679396800696852
v 0.0038341612089425325 0.012475271709263325 0.010672890581190588
v 0.0038236905820667744 0.012382865883409977 0.012383060529828075
v 0.003760852385312319 0.011733079329133034 0.014781325124204162
v 0.003746853908523917 0.011241172440350056 0.01666827499866486
v 0.0038114942144602537 0.012338544242084026 0.011939108371734623
v 0.0038039283826947212 0.012276686728000641 0.012366245500743393
v 0.0037850842345505953 0.012078826315701008 0.013426212593913082
v 0.0038676958065479994 0.012612835504114628 0.010686233639717104
v 0.003834367962554097 0.012407209724187851 0.012387024238705639
v 0.003913698252290487 0.012677883729338646 0.010692737065255644
v 0.003903056029230356 0.012497088871896267 0.012402179650962356
v 0.0039639039896428585 0.012721051461994648 0.010697413235902788
v 0.0039799087680876255 0.012731267139315605 0.01069859601557255
v 0.003988704178482294 0.012550381943583488 0.012411969713866714
v 0.004023332614451647 0.012752505950629711 0.010701240040361883
v 0.0040585617534816265 0.012763917446136475 0.010702885687351229
v 0.004093952476978302 0.012572675943374634 0.012417305260896686
v 0.0040987408719956875 0.012771347537636757 0.010704272426664831
v 0.004139963071793318 0.01277327723801136 0.010705209337174894
v 0.004235608968883753 0.01275543961673975 0.010705461725592615
v 0.004275962244719267 0.012737411074340343 0.010704668238759043
v 0.004168753977864981 0.011565514840185642 0.016215145587921146
v 0.004193930421024561 0.011985803954303265 0.014878808520734314
v 0.0041598668321967125 0.012118589133024216 0.014467706903815273
v 0.004199447575956583 0.012071283534169197 0.01457676757127047
v 0.004201492760330439 0.012102100998163223 0.014463975094258789
v 0.004159091506153345 0.011394147761166096 0.0167271550744772
v 0.004117436241358519 0.011410056613385677 0.01673175767064095
v 0.004031414166092873 0.011423639953136444 0.016734778881073
v 0.004056798759847879 0.012132864445447922 0.014469747431576255
v 0.003767932765185833 0.011843730695545673 0.014386237598955635
v 0.003787450259551406 0.011947388760745525 0.014414684846997265
v 0.0037980577908456326 0.011971143074333668 0.014421311207115654
v 0.003757377155125141 0.01126443687826395 0.01667628809809685
v 0.003866416634991765 0.012058865278959274 0.014446306973695758
v 0.0038252349477261305 0.011350400745868683 0.016706429421901706
v 0.003951771650463343 0.012110945768654346 0.01446193922311068
v 0.003910043742507696 0.011401605792343616 0.016725178807973865
v 0.00401456980034709 0.011423492804169655 0.016734424978494648
v 0.0033425188157707453 0.011180161498486996 0.01772846467792988
v 0.003389281453564763 0.011228115297853947 0.01777184382081032
v 0.003585517406463623 0.011222385801374912 0.017539933323860172
v 0.002291502198204398 0.01147435512393713 0.0184598695486784
v 0.0022907124366611242 0.01146545261144638 0.018504891544580463
v 0.002954143797978759 0.01133074052631855 0.018371963873505596
v 0.004116137512028217 0.011299215257167816 0.017066612839698795
v 0.002289463998749852 0.011473924852907658 0.018382772803306583
v 0.002620997838675976 0.011404859833419323 0.018343310803174976
v 0.0029402421787381172 0.011344372294843197 0.018242152407765392
v 0.0033035341184586287 0.011271144263446331 0.018193563446402553
v 0.0032346847001463175 0.011296799406409264 0.018085466697812084
v 0.003587024984881282 0.011235088109970093 0.017971582710742954
v 0.003496740246191621 0.011266577057540417 0.017877502366900448
v 0.0038226034957915545 0.011223316192626953 0.01770347356796265
v 0.0037133176811039448 0.01125947292894125 0.017628960311412815
v 0.0040008691139519215 0.011242200620472431 0.017400389537215236
v 0.0038783662021160126 0.01128097902983427 0.017346890643239025
v 0.003982903435826302 0.01133539155125618 0.01704567670822144
v 0.0022397509310394526 0.011272679083049297 0.0181384664028883
v 0.0028035223949700594 0.011138762347400188 0.018008226528763775
v 0.003283585887402296 0.011053553782403469 0.017679296433925632
v 0.0036332644522190094 0.011129869148135185 0.017220575362443927
v 0.0034925141371786594 0.011110489256680012 0.017473127692937854
v 0.0037225810810923576 0.01118193194270134 0.01695276238024235
v 0.003904310753569007 0.011327278800308704 0.01702649146318436
v 0.0038048604037612677 0.011273861862719059 0.0173138864338398
v 0.0036484275478869677 0.011251854710280895 0.01758402213454247
v 0.003442590357735753 0.011257601901888847 0.01782339066267014
v 0.003150018397718668 0.01125639770179987 0.017967928200960163
v 0.002879271050915122 0.011301849968731403 0.018117338418960575
v 0.0025840189773589373 0.011360196396708488 0.01821531727910042
v 0.003766385605558753 0.011245972476899624 0.016977265477180484
v 0.003675093175843358 0.011193857528269291 0.017247006297111515
v 0.0035317973233759403 0.011173159815371037 0.017501709982752803
v 0.003306683385744691 0.011119503527879715 0.017697209492325786
v 0.0028237169608473778 0.011199992150068283 0.018029918894171718
v 0.0028495085425674915 0.011256336234509945 0.01806673221290112
v 0.002253154991194606 0.0113315274938941 0.018164999783039096
v 0.0022653613705188036 0.011383362114429474 0.01820420660078526
v 0.002276212442666292 0.011427360586822033 0.018256962299346927
v 0.0037342747673392296 0.011244097724556923 0.017279261723160747
v 0.003829079680144787 0.011296702548861504 0.017002835869789127
v 0.0017198751447722316 0.011572702787816525 0.01851562969386578
v 0.0017204162431880832 0.011581022292375565 0.01847353763878346
v 0.0017189456848427653 0.011580768041312695 0.018396167084574703
v 0.0017091698246076703 0.01153385266661644 0.018269967287778858
v 0.001692073536105454 0.011436828412115574 0.018177447840571407
v 0.0008559901034459472 0.01167505607008934 0.01852541416883469
v 0.0008554119267500937 0.011682262644171715 0.018406333401799205
v 0.0008505191653966904 0.011634389869868755 0.01828086003661156
v 0.0008420860394835472 0.01153655257076025 0.018188891932368282
v 0.006447217892855406 -0.000207699034945108 0.030930928885936744
v 0.00581931509077549 0.00826198048889637 0.022973215207457546
v 0.0055941189639270306 0.00860463548451662 0.022634571418166164
v 0.005630912259221077 0.00825809221714735 0.023829337209463126
v 0.0021241321228444576 0.010566460900008678 0.02166775427758694
v 0.006670604459941387 0.00065373326651752 0.031045941635966308
v 0.006382480263710022 -0.0001156362341134809 0.03148797526955605
v 0.006929029244929552 0.002395905088633299 0.029808141291141517
v 0.006845757830888033 0.0014923131093382835 0.030493028461933143
v 0.006941311061382294 0.003360182046890259 0.02897057496011258
v 0.00688870158046484 0.004371096845716238 0.027988988906145103
v 0.006511501502245665 0.006409791763871908 0.025830427184700973
v 0.006752470042556524 0.005398277658969164 0.026921372860670097
v 0.005312385968863964 0.008660511113703251 0.023412361741065982
v 0.004120643250644207 0.009680354036390781 0.022425575181841854
v 0.003167638322338462 0.010194254107773304 0.021972402930259708
v 0.0010212449124082923 0.01078934594988823 0.021498572081327442
v 0.0006434954702854156 0.011133061721920967 0.020537938922643665
v 0.001012666616588831 0.011095033958554268 0.020560804754495624
v 0.0015066108899191022 0.01101727969944477 0.02060959860682488
v 0.002199944108724594 0.010853747837245464 0.020718380808830265
v 0.002928653033450246 0.010606471449136734 0.02089442312717438
v 0.004089059308171272 0.010014102794229984 0.021357817575335506
v 0.003633801592513919 0.010280434973537922 0.021143039688467983
v 0.003142264438793063 0.01051754504442215 0.02096052467823029
v 0.00455348240211606 0.00937265157699585 0.022711936384439472
v 0.00413134228438139 0.009986738674342632 0.02138042822480202
v 0.004952027462422848 0.009032386355102062 0.02304031886160374
v 0.0049164495430886745 0.009374650195240974 0.02191010490059853
v 0.004857961554080248 0.009428344666957855 0.02186190150678158
v 0.005103718023747206 0.009191429242491722 0.02207696065306664
v 0.005364183336496353 0.008902516216039658 0.022347273305058483
v 0.00614468427374959 0.007373707834631205 0.024778844788670547
v 0.006131908856332302 0.007670707069337368 0.023570105433464057
v 0.006750200875103474 0.0056117805652320385 0.02566386759281159
v 0.006613495294004679 0.006263471208512783 0.025007417425513274
v 0.006511451210826635 0.006553456652909517 0.025220116600394256
v 0.006482343655079603 0.006742449477314949 0.024519165977835662
v 0.006332221440970898 0.007187582552433014 0.024063602089881904
v 0.00675951549783349 0.005525727290660143 0.02630021050572396
v 0.006904273759573698 0.004476320929825306 0.02736302092671395
v 0.006869972683489323 0.004764473531395197 0.026494637131690986
v 0.006966641638427973 0.0034364499151706696 0.02834663540124894
v 0.006952421739697456 0.00360163114964962 0.027569143101572997
v 0.00696510961279273 0.002435961039736867 0.029193673282861717
v 0.00696368794888258 0.0025392479728907347 0.028452806174755103
v 0.006962383631616831 0.003257378935813904 0.027867205440998084
v 0.006723726633936167 0.00047579116653651 0.029884243384003646
v 0.006853723432868719 0.0011352276196703315 0.029464634135365493
v 0.006892760284245014 0.0014904186828061938 0.02989433519542218
v 0.006930073257535696 0.001817155396565795 0.028994198888540275
v 0.00693296967074275 0.0018557976000010967 0.02896638214588166
v 0.006727545987814665 0.0006068836664780974 0.03046712093055249
v 0.006537571083754301 -0.00013254846271593124 0.030242580920457847
v 0.006331480108201504 -0.0006110966787673533 0.030506437644362457
v 0.004439730197191238 -0.002550461096689105 0.03144435212016106
v 0.003954388666898012 -0.0028038849122822285 0.03155359253287316
v 0.004423071164637804 -0.0025600213557481766 0.031448539346456535
v 0.004096971824765205 -0.0027345146518200636 0.031524032354354865
v 0.004416438285261393 -0.0026379521004855633 0.03256858885288239
v 0.00439406605437398 -0.0026437677443027496 0.033677484840154655
v 0.004371733870357275 -0.002593196462839842 0.034810218960046775
v 0.004919361788779497 -0.0025422980543226004 0.03534157201647759
v 0.0049366457387804985 -0.002546295989304781 0.034705393016338355
v 0.004953271243721247 -0.002520039677619934 0.03411300107836724
v 0.0049696615897119045 -0.0024712816812098026 0.03354817628860474
v 0.005511353258043528 -0.002263737143948674 0.03339862823486329
v 0.005538570694625378 -0.0019645141437649727 0.032273285090923316
v 0.005554317496716976 -0.0018184379441663623 0.031674273312091834
v 0.005223381798714399 -0.0020094362553209066 0.031200593337416656
v 0.005002736113965511 -0.0023274326231330633 0.032435953617095954
v 0.00552551681175828 -0.0017349031986668706 0.031071860343217857
v 0.003796178149059415 -0.00287640537135303 0.031584218144416816
v 0.002949095331132412 -0.003196133766323328 0.03171545639634133
v 0.0019937967881560326 -0.003442564979195595 0.0318116880953312
v 0.000994018279016018 -0.0035927805583924055 0.03186743706464768
v -0.006754658650606871 0.0025756177492439747 0.013209963217377666
v -0.006626858841627836 0.003626287216320634 0.013350849039852623
v -0.006872958038002253 0.004081126302480698 0.01008502393960953
v -0.003489749738946557 0.0109815439209342 0.0189339816570282
v -0.0028251579497009516 0.011244450695812702 0.01880046166479588
v -0.004324403591454029 0.011479801498353481 0.016222093254327778
v -0.004621574655175209 0.012535479851067066 0.01034925226122141
v -0.003974818158894777 -0.0028222522232681513 0.014394756406545643
v -0.006052275653928518 0.007580967620015144 0.01396636571735144
v -0.006018993444740772 0.008745929226279259 0.008987542241811754
v -0.0060363044030964375 0.008562510833144188 0.010133834555745127
v -0.006046247202903032 0.008311930112540722 0.011339640244841577
v -0.006049064919352531 0.007980997674167156 0.012618357315659526
v -0.006250204984098673 0.004891750868409872 0.016935002058744434
v -0.0063306367956101894 0.00570116750895977 0.01366989873349667
v -0.006243756040930748 0.005596986971795559 0.019921684637665752
v -0.00629426958039403 0.003982244059443474 0.020373435690999035
v -0.006250136531889439 0.004443829413503408 0.01864305511116982
v -0.005957500077784061 0.008410615846514702 0.018854700028896335
v -0.0061507155187428 0.007085531484335661 0.019399562850594524
v -0.005736443679779768 0.009390704333782196 0.016538664698600773
v -0.0055738575756549835 0.010307814925909042 0.014331653714179996
v -0.005323630757629871 0.011476036161184311 0.009933600202202799
v -0.005323787685483694 -0.002430564258247614 0.010407417081296446
v -0.004386923275887966 -0.0029430820140987635 0.010904889553785326
v -0.003331284038722515 -0.0033381469547748566 0.0113817909732461
v -0.006273491773754358 -0.0017613834934309125 0.008312824182212354
v -0.006367434747517109 -0.0016873829299584031 0.006820892449468376
v -0.007207746151834726 -0.0004796098219230771 0.006264084018766882
v -0.007508830167353153 0.0009774346835911274 0.006246460601687433
v -0.007469473406672478 0.0004660440899897367 0.006185678299516441
v -0.007370799779891968 -2.0500616301433183e-05 0.0061899716965854185
v -0.007497512735426426 0.001510215108282864 0.006362067069858314
v -0.0074441819451749325 0.002060921164229512 0.006522221490740778
v -0.007246116176247597 0.003202259074896574 0.006935097277164461
v -0.0067175948061048985 0.005546835251152515 0.007854722440242769
v -0.004897741600871086 0.012255760841071606 0.01022914331406355
v -0.00512760179117322 0.011906059458851814 0.010092184878885748
v -0.004361146129667759 0.01259640883654356 0.011572298593819143
v -0.004101162310689688 0.010657326318323612 0.01911318860948086
v -0.004648340865969658 0.010271654464304447 0.019343638792634014
v -0.0006227413541637361 0.011666730046272278 0.01861849054694176
v -0.001380604924634099 0.011586900800466537 0.018648268654942516
v -0.0021184266079217196 0.01144618820399046 0.018707077950239185
v -2.0066052002221113e-06 0.011406286619603634 0.019662933424115184
v -0.0006389485206454992 0.011365669779479504 0.019734762609004978
v -0.0014165217289701104 0.011271190829575062 0.01978380419313908
v -0.002174303401261568 0.011106087826192379 0.019877495244145397
v -0.0029013799503445625 0.0108714634552598 0.02002225629985333
v -0.0035868457052856684 0.010568421334028244 0.020224502310156826
v -0.004219788126647472 0.010198061354458332 0.020490661263465885
v -0.004789300262928009 0.009761488996446133 0.02082714252173901
v -0.005284463055431843 0.009259806014597416 0.0212403666228056
v -0.006291997618973255 0.007409949786961079 0.022900801151990894
v -0.006029936950653791 0.008075361140072346 0.022293370217084888
v -0.005696731619536877 0.008695177733898163 0.02173358760774136
v -0.00649082288146019 0.006708539556711912 0.02353696525096894
v -0.0065836720168590546 0.006401671562343836 0.02452578581869603
v -0.006835748441517353 0.00490869116038084 0.025949195027351386
v -0.006924485322088003 0.0034029074013233185 0.02725369483232499
v -0.006889420095831156 0.0019584805704653263 0.028310636058449752
v -0.006146294996142387 -0.0003407462500035763 0.028190111741423614
v -0.0063956002704799175 0.00026285849162377417 0.027939518913626678
v -0.0065779536962509155 0.0009033920941874385 0.027649626135826118
v -0.00670214556157589 0.0015758436638861895 0.027315080165863044
v -0.005821214523166418 -0.0009024062310345471 0.02840675041079522
v -0.004334648605436087 -0.0022889773827046156 0.028898812830448158
v -0.0049129631370306015 -0.0018803216516971588 0.028758507221937187
v -0.005411545280367136 -0.0014171084621921182 0.028594801202416427
v -0.0036883153952658176 -0.0026402785442769527 0.02901605516672135
v -0.0029856646433472633 -0.0029314253479242325 0.02911054156720639
v -0.0022384095937013626 -0.0031596235930919647 0.02918261662125588
v -0.0014582514995709062 -0.003322072559967637 0.029232591390609748
v -0.0006569013930857182 -0.003415975719690323 0.029260789975523956
v -2.1943319552519824e-06 -0.0034156825859099627 0.028928106650710113
v -1.8841483324649744e-06 -0.003351095598191023 0.018756410107016567
v -2.010459184020874e-06 -0.003230021335184574 0.020985795184969906
v -0.0006900705047883093 -0.0031633737962692976 0.022332705557346347
v -3.5337646409061563e-07 -0.003192301606759429 0.022348379716277126
v 3.6574800788002904e-07 -0.003186592133715749 0.02348266541957856
v -0.0007782494067214429 -0.003318847855553031 0.018725581467151645
v -1.8475185470379074e-06 -0.0033896456006914377 0.018194727599620823
v -0.0034892878029495478 -0.002645296510308981 0.018221845850348476
v -0.0026358363684266806 -0.002965760650113225 0.018439207226037983
v -0.001725398818962276 -0.0031906382646411657 0.018613779917359356
v -0.005506402347236872 0.010702308267354965 0.01324356067925692
v -0.005332679022103548 0.011164194904267788 0.013350205495953563
v -0.0054072365164756775 0.010790050029754639 0.01438846439123154
v -0.005117733031511307 0.011553134769201279 0.01344421319663525
v -0.00519620580598712 0.011203445494174957 0.01443831063807011
v -0.004848562180995941 0.011876342818140984 0.01352918799966574
v -0.004927962552756071 0.011553479358553886 0.014484614133834842
v -0.004512167535722256 0.012141033075749874 0.013608749024569992
v -0.004589708987623453 0.011845625936985016 0.014530790038406852
v -0.00557897100225091 0.009924388490617275 0.016455754637718204
v -0.005370474886149168 0.010398726910352707 0.016378616914153103
v -0.005099018104374409 0.010815092362463474 0.01631143502891064
v -0.004752665758132935 0.01117485947906971 0.016258385032415393
v -0.005443843547254801 0.011032518930733204 0.0121521195396781
v -0.005262460559606552 0.011478772386908531 0.01229248754680157
v -0.005042740143835545 0.011848725378513336 0.012415702454745773
v -0.004771661013364792 0.012151004746556282 0.012525748461484913
v -0.004436217248439789 0.012394238263368607 0.012626595795154575
v -0.005383260082453489 0.011286349967122078 0.011048649437725546
v -0.005194402299821377 0.011722284369170666 0.011205292306840422
v -0.004969648085534573 0.012079506181180477 0.011341865174472334
v -0.004696167539805174 0.012367665767669678 0.011462740600109102
v -0.006367814727127552 0.0030302617233246565 0.017002822831273082
v -0.0063851443119347095 0.002101520076394081 0.01704175211489201
v -0.006340055260807276 0.0012012164806947112 0.01709891110658646
v -0.006430300418287516 0.0063197012059390545 0.010745959356427194
v -0.0065629249438643456 -0.0003100577159784734 0.013176099397242073
v -0.005927771329879761 -0.0004291509394533932 0.01732413098216057
v -0.006691161543130875 0.00012319587403908372 0.013118941336870197
v -0.0060816360637545586 -4.9471585953142494e-05 0.017249574884772304
v -0.006772580556571484 0.0005800850340165198 0.013091993518173698
v -0.005504995118826628 -0.0011211714008823037 0.01751283928751946
v -0.005734909325838089 -0.0007865022635087371 0.017412597313523296
v -0.006384294014424086 -0.0007171957404352725 0.01326490938663483
v -0.004944141488522291 -0.0017219225410372019 0.017738681286573414
v -0.0058864448219537735 -0.0014519791584461927 0.013520718552172187
v -0.004837414249777794 -0.0023544656578451395 0.014028685167431835
v -0.004265479277819395 -0.002230323851108551 0.017981680110096935
v -0.005573791451752186 -0.0017794972518458962 0.013678221963346008
v -0.006438227370381355 -0.0014435169287025928 0.009748693555593492
v -0.0061107235960662365 -0.001801487524062395 0.009946999140083792
v -0.007110147271305323 -0.00019721176067832857 0.009367818012833597
v -0.007218638435006142 0.0002749960112851113 0.009334996342658998
v -0.007271903567016125 0.0007726116455160081 0.009350598789751531
v -0.0072442456148564816 0.001829018467105925 0.009500241838395597
v -0.00646463967859745 0.006689003668725491 0.008271824568510057
v -0.006945811677724123 0.004245193209499121 0.008677056990563871
v -0.007190878503024578 0.003083283780142665 0.008277457207441332
v -0.007090240716934204 0.002941896440461278 0.00976297538727522
v -0.006819865200668573 0.001551095861941576 0.013113478198647503
v -0.006198832765221596 0.0003505835775285959 0.01718835532665253
v -0.007275840733200312 -0.00011737785098375753 0.00770471850410104
v -0.007378267124295235 0.00036486118915490806 0.007685781922191383
v -0.007422898430377245 0.0008724968647584319 0.007723834831267597
v -0.007418100722134113 0.0014018446672707796 0.007810461800545456
v -0.00737224705517292 0.0019492169376462698 0.007937230169773104
v -0.006983891595155001 0.004373749252408743 0.007402907125651838
v -0.006157704163342714 -0.0010978566715493798 0.013381361030042175
v -0.0067165629006922245 -0.0010567393619567156 0.009581259451806547
v -0.006885901093482971 -0.0009970171377062798 0.007917863316833975
v -0.0066054644994437695 -0.0013937099138274789 0.008096805773675443
v -0.006983369588851929 -0.0009106793440878391 0.006400268990546467
v -0.0067018670961260796 -0.0013133799657225609 0.0065890350379049795
v -0.006941833533346653 -0.0006412671064026654 0.009451900608837606
v -0.007110719569027424 -0.0005715057486668229 0.0077843782491982
v -0.006776819936931133 0.002275218954309821 0.026930598542094238
v -0.006282588932663202 0.0019602745305746794 0.02258873544633389
v -0.0063593122176826 0.0015889792703092098 0.024360951036214835
v -0.006455059628933668 0.0023211839143186808 0.0240934006869793
v -0.006282172631472349 0.0026915285270661116 0.018884759396314624
v -0.006246289703994989 0.0018262660596519709 0.018998585641384128
v -0.006147789768874645 0.0009910173248499632 0.019116818904876712
v -0.005960497073829174 0.00020348932594060898 0.019248116761446003
v -0.001453167642466724 -0.0031119773630052805 0.025806363672018058
v -0.000654528965242207 -0.00321512995287776 0.025839360430836684
v -7.945803126574447e-09 -0.0032480191439390182 0.026011468842625625
v -0.006210415158420801 0.0008826454868540168 0.024597806856036193
v -0.006162520498037338 0.0012081550667062402 0.022798348218202594
v -0.00599683029577136 0.00021078024292364717 0.024807892739772804
v -0.005978679284453392 0.0004891292774118483 0.02298960089683533
v -0.005706633906811476 -0.0004179707320872694 0.024995278567075736
v -0.005715886130928993 -0.00018554679991211742 0.023166542872786525
v -0.005327904596924782 -0.0009949627565219998 0.025164023041725166
v -0.005358963739126921 -0.0008046209113672376 0.02333321981132031
v -0.004854090977460146 -0.001512862858362496 0.02531699091196061
v -0.004899052437394857 -0.001358785550110042 0.023492004722356803
v -0.004294739570468664 -0.0019682804122567177 0.025453465059399612
v -0.00434624869376421 -0.0018445849418640137 0.023640284314751632
v -0.0036624115891754627 -0.0023585548624396324 0.02557202987372876
v -0.003714190796017647 -0.0022596537601202726 0.023774500936269767
v -0.0029696677811443806 -0.0026810341514647007 0.025671301409602172
v -0.003016518196091056 -0.0026016298215836287 0.023891102522611625
v -0.0022290642373263836 -0.0029330607503652573 0.02574987895786763
v -0.0022668754681944847 -0.0028681487310677767 0.023986537009477622
v -0.0014788960106670856 -0.0030568453948944807 0.024057248607277877
v -0.006507439073175192 0.0030708808917552233 0.023791853338480003
v -0.006251611281186342 0.0023322070483118296 0.020756665617227558
v -0.006169127766042948 0.0015267818234860897 0.02092770300805569
v -0.006023579742759466 0.0007529642898589373 0.021090691909193996
v -0.005795089062303305 2.5058468963834457e-05 0.02125100046396256
v -0.005463794339448214 -0.000642634928226471 0.02141397818922997
v -0.005017527379095554 -0.001238514087162912 0.021582238376140598
v -0.00446724146604538 -0.0017590915085747838 0.021750144660472873
v -0.0038282054010778666 -0.0022023930214345455 0.021910503506660465
v -0.0031156979966908693 -0.0025664453860372305 0.02205612510442734
v -0.0023449906148016453 -0.002849274780601263 0.022179825231432918
v -0.0015313586918637156 -0.003048909595236182 0.022274415940046314
v -0.0016154212644323707 -0.0030967809725552797 0.020453093573451046
v -0.0024708255659788847 -0.002884990768507123 0.020323486998677257
v -0.0032769625540822744 -0.0025840068701654673 0.020158644765615467
v -0.004016301594674587 -0.0021953536197543144 0.019971281290054325
v -0.004671317059546709 -0.001720553613267839 0.019774099811911586
v -0.005224477965384722 -0.0011611327063292265 0.019579811021685604
v -0.005658258218318224 -0.0005186136113479733 0.01940112374722958
v -0.006730415392667055 0.005236099008470774 0.02481984533369542
v -0.006812016014009714 0.003734794445335865 0.02599070221185685
v -0.006519143003970385 0.004589499440044165 0.02307425439357758
v -0.006444175262004137 0.006080248858779669 0.02220515534281731
v -0.006234459113329649 0.00748626422137022 0.021269895136356357
v -0.005796822719275951 0.009004422463476658 0.01859250664710999
v -0.006056369747966528 0.00814033206552267 0.020811049267649654
v -0.00557929091155529 0.009548438712954521 0.01834714971482754
v -0.005817356985062361 0.008752619847655296 0.020375970751047138
v -0.005294310860335827 0.01003968995064497 0.018126133829355243
v -0.005508343689143658 0.009316259063780308 0.019978106021881107
v -0.0049312724731862545 0.010475203394889832 0.01793695986270905
v -0.005120245739817619 0.009824387729167938 0.019630884751677517
v 0.0023032112512737513 -0.003300334559753537 0.015703108161687854
v 0.001995938830077648 -0.0033715509343892336 0.01570292189717293
v 0.001066496130079031 -0.0035205173771828413 0.015702251344919208
v 0.0026301764883100986 -0.003216356737539172 0.015648707747459415
v 0.0029148245230317116 -0.0031418243888765574 0.015495104715228084
v 0.003010000102221966 -0.003117675893008709 0.015411292202770713
v 0.0031227129511535168 -0.0030910097993910313 0.015277171507477764
v 0.0032659731805324554 -0.0030680426862090826 0.01497466862201691
v 0.0033032232895493507 -0.0030808064620941877 0.014703953638672832
v 0.003303243312984705 -0.0033642183989286423 0.0109561188146472
v 0.0033034842927008867 -0.003310468513518572 0.012014489620924
v 0.0033559557050466537 -0.003357542911544442 0.01063709892332554
v 0.003506529377773404 -0.003315881360322237 0.010351989418268205
v 0.006228380370885134 0.00502374954521656 0.017204983159899715
v 0.0062231081537902355 0.005185450427234173 0.016893004998564724
v 0.0037143491208553314 0.005201322492212057 0.01687344536185265
v 0.006207603961229324 0.005431530065834522 0.01666071824729443
v 0.0037184241227805614 0.0054315440356731415 0.016660457476973537
v 0.0037093665450811386 0.005045013502240181 0.01714468561112881
v 0.0037064319476485252 0.004996228497475386 0.017308210954070095
v 0.006225239019840956 0.004973495379090309 0.017535150051116947
v 0.0037039360031485558 0.004976573400199413 0.01744920574128628
v 0.006219640374183655 0.005003000609576702 0.017767759039998058
v 0.0036985334008932114 0.005001286510378122 0.017760084941983226
v 0.0062163230031728745 0.005034969188272953 0.017874794080853466
v 0.003693643258884549 0.00511697493493557 0.01804970391094685
v 0.006205076817423105 0.00518773403018713 0.0181555449962616
v 0.0036915133241564035 0.005206581670790911 0.01817923039197922
v 0.0036896956153213978 0.00531335175037384 0.01829233951866627
v 0.006191703025251627 0.005421369802206755 0.01837885938584805
v 0.0036872075870633125 0.005551040172576904 0.018455214798450473
v 0.006176214199513197 0.005715037230402231 0.01852069236338139
v 0.003832335816696286 0.011199441738426685 0.010649156756699087
v 0.005416479427367449 0.011199437081813812 0.010649291798472406
v 0.003813335672020912 0.01103919930756092 0.011721223592758182
v 0.005448826123028994 0.011052312329411507 0.011654695495963098
v 0.003794565796852112 0.01076993066817522 0.012770823203027252
v 0.005495572928339243 0.010807045735418797 0.012649452313780788
v 0.0037761826533824205 0.010394513607025146 0.013789089396595958
v 0.0055605280213057995 0.010445415042340755 0.013667892664670948
v 0.0037705872673541307 0.01025678962469101 0.014097004197537902
v 0.005594542715698481 0.01025635190308094 0.014097169972956184
v 0.0037584456149488688 0.009917527437210083 0.01476156618446112
v 0.00563855841755867 0.010012855753302574 0.014585332944989208
v 0.0037414852995425463 0.009343142621219158 0.01568129658699036
v 0.005731802899390459 0.009494323283433914 0.015458592213690284
v 0.003738062223419547 0.009211569093167782 0.015865510329604152
v 0.005781335290521383 0.00921141728758812 0.015865692868828777
v 0.0037255212664604187 0.0086784353479743 0.016536140814423565
v 0.00583203649148345 0.008910899981856346 0.01625727862119675
v 0.0059371087700128555 0.008227112703025341 0.01702719181776047
v 0.003710666438564658 0.00792844220995903 0.01732023619115353
v 0.005988561548292637 0.007844433188438416 0.017398819327354435
v 0.0036971368826925755 0.007103754207491875 0.018022222444415096
v 0.006036338862031698 0.007445494178682566 0.017748780548572544
v 0.003832730231806636 0.009125975891947746 0.010446825064718725
v 0.00591688510030508 0.009125963784754276 0.010447044856846334
v 0.005916497204452753 0.009133807383477688 0.010385322384536268
v 0.0038381514605134726 0.009202742017805576 0.010143620893359186
v 0.005904647056013346 0.009215743280947208 0.01011464558541775
v 0.0038434648886322975 0.00938416924327612 0.009855656884610655
v 0.005870005115866661 0.009401492774486542 0.009836660698056223
v 0.003846227191388607 0.009542052634060383 0.00971136521548033
v 0.00584139721468091 0.009542408399283886 0.009711455553770067
v 0.003847601590678096 0.009648134000599384 0.009642088785767557
v 0.005815187469124794 0.009666625410318375 0.009632133878767492
v 0.0038499822840094566 0.009937530383467674 0.00953102018684149
v 0.0057445913553237915 0.009985335171222687 0.009521509520709516
v 0.003850352019071579 0.010015672072768211 0.009516670368611814
v 0.003850826295092702 0.010252892971038818 0.009510201402008535
v 0.00566951185464859 0.01030372828245163 0.009516093879938127
v 0.0038508018478751183 0.01030373852699995 0.009515914134681227
v 0.005606307648122311 0.010555850341916084 0.009583294391632082
v 0.005528662819415331 0.010843734256923199 0.009759857319295408
v 0.003850170411169529 0.010524822399020195 0.009571214206516744
v 0.00561430212110281 0.010524798184633255 0.00957121141254902
v 0.005466703791171312 0.011053427122533321 0.010007414966821672
v 0.0038457263726741076 0.010946460999548435 0.00986179430037737
v 0.0054991589859128 0.010946051217615604 0.009861780330538751
v 0.003846487496048212 0.010902457870543003 0.009814469143748285
v 0.0038495471235364676 0.010627149604260921 0.009615678340196611
v 0.0054258438758552074 0.011178558692336082 0.010318933054804804
v 0.003836804535239935 0.011192907579243183 0.010393128730356695
v 0.0038380944170057774 0.011178690940141678 0.010318135842680933
v 0.0038423179648816586 0.011087825521826744 0.01006886549293995
v 0.0038210961502045393 0.009035959839820862 0.01110406592488289
v 0.005922379437834024 0.008977150544524193 0.011404583230614664
v 0.0038042340893298388 0.008812252432107925 0.012048495933413509
v 0.00593779468908906 0.008716250769793987 0.012350221164524559
v 0.0037877403665333986 0.008482052944600582 0.01296270173043013
v 0.0059630386531353 0.008367371745407581 0.013219112530350689
v 0.003782686311751604 0.008357269689440727 0.01324081048369408
v 0.005999159533530474 0.007923142984509468 0.01404742989689112
v 0.003771879943087697 0.008050210773944855 0.013831838034093383
v 0.006039695348590612 0.007450462318956852 0.014742678962647918
v 0.0037568144034594297 0.007521558552980423 0.014647138305008415
v 0.006087396759539843 0.00690267700701952 0.015396783128380779
v 0.0037427672650665045 0.006903116591274738 0.015396584756672386
v 0.006147030275315046 0.006202880293130875 0.01607090048491955
v 0.0037299052346497774 0.006203115452080965 0.01607112027704716
v 0.00513820443302393 0.010668773204088211 0.007359854876995088
v 0.004310515709221363 0.010175973176956177 0.00751454569399357
v 0.004153219982981682 0.010691444389522076 0.007773899938911201
v 0.004195266868919134 0.010517476126551628 0.0077744359150528925
v 0.003979440312832594 0.011031696572899818 0.008017358370125295
v 0.0038759089075028896 0.011137533001601696 0.008152127265930178
v 0.0038452018052339554 0.01237200666218996 0.010039648041129114
v 0.0038573232013732195 0.012086456641554832 0.009287527762353422
v 0.0038752590771764517 0.011186396703124046 0.008165125735104086
v 0.003867874853312969 0.011641026474535465 0.008617565035820009
v 0.006883590016514063 0.0019596924539655447 0.02831122465431691
v 0.006771278101950884 0.0022764550521969795 0.026931259781122215
v 0.006806570570915937 0.00373593857511878 0.02599126100540162
v 0.006605353206396103 -0.0013917803298681974 0.00809709168970585
v 0.0068855262361466885 -0.0009949810337275267 0.007918441668152811
v 0.006715834606438875 -0.0010547550627961755 0.009581840597093107
v 0.004836670588701963 -0.0023530758917331696 0.014028632082045082
v 0.003974397666752338 -0.0028211085591465235 0.014394503086805347
v 0.0043874760158360004 -0.002941825892776251 0.010904324240982534
v 0.005323978140950203 -0.002429041313007474 0.010407122783362867
v 0.006830229889601469 0.00490969605743885 0.025949638336896903
v 0.002634563948959112 -0.00296497973613441 0.018439123407006267
v 0.0034877811558544636 -0.0026442790403962135 0.018221868202090267
v 0.0007773261168040335 -0.003318605711683631 0.01872547157108784
v 0.0017243215115740895 -0.003190114162862301 0.01861364953219891
v 0.0006516266730614007 -0.0032149306498467922 0.025839412584900863
v 0.0006880447035655379 -0.0031631551682949066 0.022332703694701198
v 0.0006532847182825208 -0.0034157962072640657 0.029260871931910522
v 0.003684057854115963 -0.002639427315443754 0.029016532003879554
v 0.0029816003516316414 -0.002930710557848215 0.02911092527210713
v 0.0022345171310007572 -0.003159063868224621 0.029182894155383117
v 0.0014545100275427103 -0.003321691183373332 0.029232770204544074
v 0.004330184776335955 -0.0022880102042108774 0.028899375349283225
v 0.005816095042973757 -0.0009011996444314718 0.02840749733150006
v 0.004908279050141573 -0.001879256684333086 0.028759144246578223
v 0.005406635347753763 -0.0014159618876874447 0.028595501556992538
v 0.0066966102458536625 0.0015771050238981843 0.02731579169631005
v 0.006141006480902433 -0.0003394975792616606 0.0281908717006445
v 0.006390188354998827 0.0002641281462274492 0.027940282598137862
v 0.0065724607557058334 0.0009046667837537825 0.027650363743305213
v 0.006918769329786301 0.003404044546186924 0.02725417539477349
v 0.006578369997441769 0.0064024897292256355 0.024526298046112067
v 0.006485739257186651 0.006709343753755093 0.023537538945674903
v 0.006287007126957178 0.007410647347569466 0.02290141955018044
v 0.006025036796927452 0.008075948804616928 0.022294037044048313
v 0.005691914819180965 0.008695656433701515 0.021734301000833515
v 0.005279731471091509 0.009260180406272411 0.021241107955574993
v 0.004784648772329092 0.009761768393218517 0.020827880129218105
v 0.004215228371322155 0.01019825879484415 0.020491363480687145
v 0.0035823786165565252 0.010568549856543541 0.020225139334797863
v 0.0014123384607955813 0.011271200142800808 0.019784087315201763
v 0.0021700249053537846 0.011106123216450214 0.019877914339303974
v 0.0028970083221793175 0.010871538892388344 0.020022796466946605
v 0.0006348539027385414 0.011365667916834354 0.019734892994165424
v 0.0006188885890878737 0.011666728183627129 0.01861861534416676
v 0.0013766688061878085 0.011586908251047134 0.01864854618906975
v 0.002114404458552599 0.011446217074990273 0.018707493320107463
v 0.002821053145453334 0.011244513094425201 0.018801003694534305
v 0.003485569031909108 0.010981653816998005 0.018934629857540134
v 0.004096908029168844 0.010657496750354767 0.01911392062902451
v 0.004644024185836315 0.010271900333464146 0.01934442482888699
v 0.004586473572999239 0.011845799162983894 0.01453176606446505
v 0.004749050829559565 0.011175083927810192 0.016259327530860904
v 0.004509131424129009 0.012141184881329536 0.013609728775918487
v 0.0044333916157484055 0.012394373305141926 0.012627566233277324
v 0.004358543548732996 0.01259653177112341 0.011573257856070997
v 0.004693611990660429 0.012367854826152325 0.011463790200650694
v 0.004619252402335405 0.01253566239029169 0.010350277647376062
v 0.004278150387108326 0.01274238433688879 0.0106398593634367
v 0.004540055058896542 0.0126382727175951 0.00981137063354254
v 0.004408326465636492 0.012716581113636494 0.01003213878720999
v 0.004317099694162607 0.012751083821058273 0.010298334062099459
v 0.005148367956280708 0.011880933307111263 0.008600845001637937
v 0.005062910262495279 0.01204613782465458 0.008798881433904173
v 0.0051253680139780045 0.011906443163752556 0.010093378834426405
v 0.004826487507671118 0.012385806068778038 0.00929639767855406
v 0.005434512160718441 0.011119752191007137 0.007922560907900335
v 0.005393854342401028 0.011248057708144188 0.008014838211238386
v 0.0053214384242892265 0.011476563289761543 0.009934880770742895
v 0.005277793388813734 0.011577809229493141 0.008290424011647703
v 0.006462520454078913 0.00669099111109972 0.008273866027593614
v 0.0069818273186683655 0.004376086872071028 0.0074052787385880964
v 0.007244170177727938 0.003204680746421218 0.006937536876648666
v 0.007442510221153498 0.0020633607637137175 0.006524533033370973
v 0.007496034260839224 0.0015126375947147608 0.00636422634124756
v 0.007507583126425743 0.0009798214305192232 0.006248401012271644
v 0.0074685001745820045 0.00046837213449180126 0.006187331862747671
v 0.007370142266154289 -1.824998798838351e-05 0.006191262044012548
v 0.007207395974546671 -0.00047744778566993773 0.006265000440180303
v 0.006983311381191015 -0.0009086140780709684 0.006400832906365396
v 0.006702080834656954 -0.0013114182511344552 0.006589272990822794
v 0.006367898546159267 -0.001685531111434102 0.006820831913501026
v 0.003332144347950816 -0.0033371844328939915 0.011381104588508608
v 0.005380840506404638 0.011286883614957333 0.011049941182136537
v 0.005441199988126755 0.011033064685761929 0.012153406627476219
v 0.0055035375989973545 0.010702871717512608 0.013244821690022949
v 0.005570770241320133 0.010308399796485901 0.014332864433526996
v 0.0057328990660607815 0.009391340427100658 0.016539741307497028
v 0.006146615371108055 0.0070864795707166195 0.01940044201910496
v 0.006246191915124655 0.004445366095751524 0.018644098192453388
v 0.006239565555006266 0.005598203744739294 0.019922569394111637
v 0.006290010176599026 0.003983700647950172 0.02037434652447701
v 0.006327548064291477 0.005702957510948181 0.013671478256583217
v 0.006246560253202915 0.004893373232334852 0.016936207190155986
v 0.006049213465303183 0.007582318037748337 0.013967809267342094
v 0.00604625279083848 0.00798238068819046 0.012619922868907455
v 0.006043673492968082 0.008313337340950966 0.011341302655637266
v 0.006033960729837418 0.008563937619328499 0.010135549120604994
v 0.006016870029270649 0.008747371844947338 0.00898927077651024
v 0.005095421336591244 0.010815398767590523 0.01631242968142033
v 0.004924761597067118 0.011553727090358734 0.01448566280305386
v 0.005366898607462645 0.010399128310382366 0.016379652544856075
v 0.005575413815677166 0.009924900718033314 0.016456814482808117
v 0.005404114257544279 0.010790501721203327 0.014389627613127235
v 0.0048455665819346905 0.011876566335558891 0.013530251570045951
v 0.00476888008415699 0.012151208706200123 0.012526808306574825
v 0.005193045362830162 0.011203787289559841 0.014439419843256477
v 0.005329773761332035 0.011164622381329536 0.01335140131413937
v 0.005114782601594925 0.011553449556231499 0.013445342890918258
v 0.005259774159640074 0.011479180306196213 0.01229369826614857
v 0.005040004383772612 0.011849019676446915 0.012416840530931953
v 0.00519193708896637 0.011722677387297153 0.011206503957509996
v 0.004967136774212122 0.012079785577952862 0.011342993937432768
v 0.004895464982837439 0.012256030924618244 0.010230253450572492
v 0.006427719723433256 0.006321621593087912 0.010747850872576238
v 0.006623799446970224 0.0036283808294683695 0.013352502137422565
v 0.0063641974702477455 0.0030321143567562103 0.017004050314426426
v 0.006751688662916422 0.0025777905248105526 0.013211593031883243
v 0.006381604354828596 0.0021034295205026865 0.017042951658368114
v 0.006817087531089783 0.0015532842371612787 0.013114999979734424
v 0.006336672697216272 0.0012031325604766607 0.017100036144256595
v 0.006770120467990637 0.000582217238843441 0.01309329736977816
v 0.00619569793343544 0.00035244860919192433 0.01718934811651707
v 0.006688910536468029 0.00012527150101959705 0.013120087794959549
v 0.006078660488128662 -4.765620542457327e-05 0.01725048013031483
v 0.006560913287103176 -0.00030806029099039733 0.013177059590816501
v 0.0059249806217849255 -0.00042739976197481155 0.017324926331639293
v 0.006382521241903305 -0.0007152853650040925 0.013265669345855716
v 0.006437751930207014 -0.0014416379854083061 0.009749020449817182
v 0.006156164221465588 -0.0010960404761135578 0.013381937518715862
v 0.005885121412575245 -0.0014502601698040962 0.013521114364266399
v 0.005502574611455202 -0.0011195744154974818 0.017513409256935123
v 0.004942058119922876 -0.0017204976174980402 0.017739040777087215
v 0.006110485177487135 -0.0017997212707996368 0.009947096928954126
v 0.005572672002017498 -0.0017778822220861912 0.013678454793989662
v 0.004263704176992178 -0.002229092875495553 0.017981851473450664
v 0.006870416924357414 0.004083396401256323 0.0100870942696929
v 0.007087797857820988 0.0029442559462040663 0.009765056893229486
v 0.007242043036967516 0.0018313988111913204 0.009502189233899118
v 0.007270080503076315 0.000774934480432421 0.009352242574095728
v 0.007217064965516329 0.0002772588632069528 0.009336413815617563
v 0.007108860183507204 -0.00019503211660776287 0.009368957020342352
v 0.006940834689885378 -0.0006391822826117277 0.009452755562961103
v 0.007416350767016411 0.0014042523689568043 0.007812460418790581
v 0.007370312232524157 0.001951642450876534 0.00793936848640442
v 0.007188689429312944 0.0030856886878609657 0.008279731497168543
v 0.006943512242287397 0.004247508943080902 0.008679295890033247
v 0.006715493742376566 0.0055490280501544476 0.007856926880776884
v 0.007110060658305883 -0.0005693702260032296 0.007785265333950521
v 0.007274877279996872 -0.0001151488468167372 0.007705939002335073
v 0.007377000991255045 0.000367171160178259 0.007687324658036234
v 0.0074213724583387375 0.0008748656837269664 0.007725636009126903
v 0.006273627746850252 -0.0017595664830878377 0.008312848396599294
v 0.005732309073209763 -0.0007848257664591074 0.017413275316357616
v 0.0056550814770162106 -0.0005169914220459759 0.019401859492063526
v 0.0052216253243386745 -0.0011596468975767493 0.019580386579036716
v 0.0014501357218250632 -0.003111557336524129 0.025806518271565444
v 0.0014762746868655086 -0.00305640185251832 0.02405736036598683
v 0.00222588237375021 -0.002932441420853138 0.025750132277607925
v 0.002264093142002821 -0.0028674935456365347 0.02398674003779889
v 0.0029663043096661568 -0.0026802390348166227 0.025671653449535377
v 0.00301355286501348 -0.002600786741822958 0.0238914079964161
v 0.0036588492803275585 -0.00235760654322803 0.025572482496500022
v 0.003711014287546277 -0.0022586442064493895 0.02377490885555745
v 0.004290959797799587 -0.0019671970512717962 0.025454010814428336
v 0.004342842847108841 -0.001843429054133594 0.02364079467952252
v 0.00485007930546999 -0.0015116662252694368 0.025317622348666198
v 0.004895402118563652 -0.0013575033517554402 0.0234926138073206
v 0.005323651246726513 -0.0009936705464497209 0.025164730846881873
v 0.005355055909603834 -0.0008032317273318768 0.02333392016589642
v 0.00570215517655015 -0.0004166065773461014 0.02499604225158692
v 0.005711736623197794 -0.00018407798779662699 0.023167317733168605
v 0.0059921774081885815 0.00021218572510406375 0.024808691814541824
v 0.0059743477031588554 0.0004906417452730238 0.022990420460700992
v 0.006205636542290449 0.0008840651134960353 0.02459861338138581
v 0.00615805946290493 0.0012096773134544492 0.022799188271164898
v 0.006354451645165682 0.0015903880121186376 0.024361757561564452
v 0.0062780482694506645 0.001961776055395603 0.02258958108723164
v 0.0015291961608454585 -0.0030484418384730816 0.02227446995675564
v 0.0023426623083651066 -0.002848581410944462 0.022179957479238514
v 0.003113171551376581 -0.002565548988059163 0.022056357935070995
v 0.003825453342869878 -0.0022013154812157154 0.021910848096013073
v 0.004464240744709969 -0.0017578533152118325 0.02175061032176018
v 0.005014259833842516 -0.0012371354969218373 0.021582828834652904
v 0.005460243672132492 -0.0006411348003894091 0.021414682269096378
v 0.005791273433715105 2.6648485800251365e-05 0.021251805126667026
v 0.006019566673785448 0.0007545994012616575 0.021091565489768985
v 0.006164982914924622 0.001528421649709344 0.020928611978888515
v 0.006247386336326599 0.0023338161408901215 0.02075758390128613
v 0.0016137771308422089 -0.0030962862074375153 0.020453065633773807
v 0.0024690008722245693 -0.0028842552565038204 0.020323524251580242
v 0.003274924121797085 -0.0025830520316958427 0.02015878260135651
v 0.004014019388705492 -0.0021942006424069405 0.019971547648310665
v 0.0046687619760632515 -0.0017192244995385408 0.019774515181779865
v 0.005957022309303284 0.00020521382975857705 0.01924899592995644
v 0.006144093349575996 0.0009927896317094564 0.01911779493093491
v 0.006242451258003712 0.0018280380172654986 0.018999610096216205
v 0.006278255954384804 0.0026932565961033106 0.018885804340243343
v 0.006725144572556019 0.0052370959892869 0.024820361286401756
v 0.005953457672148943 0.008411312475800514 0.01885560527443886
v 0.005792796611785889 0.009005002677440643 0.01859342120587826
v 0.005575281102210283 0.009548909962177277 0.018348067998886112
v 0.005290311295539141 0.010040061548352242 0.01812704093754292
v 0.004927285481244326 0.010475482791662216 0.017937844619154934
v 0.004320785403251648 0.011479957960546017 0.01622296310961247
v 0.005115875508636236 0.00982472114264965 0.01963169686496258
v 0.00550392409786582 0.00931669119745493 0.019978912547230724
v 0.005812889896333218 0.008753156289458275 0.020376760512590412
v 0.006051849108189344 0.008140978403389454 0.020811805501580242
v 0.006229880731552839 0.007487021386623383 0.021270623430609707
v 0.006439477205276489 0.006081223022192717 0.022205838933587078
v 0.0065143113024532795 0.004590670578181744 0.02307495288550854
v 0.006502529140561819 0.0030722045339643955 0.023792617022991187
v 0.006450158543884754 0.002322559943422675 0.024094190448522575
v 0.004231461323797703 0.012757925316691399 0.009945237077772619
v 0.004119647201150656 0.012757369317114353 0.010024887509644033
v 0.004181686323136091 0.012774612754583359 0.010043520480394365
v 0.004372165072709322 0.01273735798895359 0.010008196346461775
v 0.004269375000149012 0.012776908464729786 0.010175094008445741
v 0.004206275567412376 0.012787868268787861 0.010351036675274374
v 0.00414902251213789 0.012791844084858894 0.010343201458454134
v 0.004024817608296871 0.012763218022882938 0.010519530624151232
v 0.003961850423365831 0.01272755116224289 0.01051338203251362
v 0.003910690546035767 0.012679345905780792 0.010507347993552687
v 0.003873968729749322 0.012623876333236694 0.010501889511942865
v 0.0038533557672053576 0.01256889384239912 0.010497512295842172
v 0.004101184196770191 0.012771942652761936 0.010134099051356317
v 0.004044835921376944 0.012740936130285263 0.010100297629833223
v 0.003962364047765732 0.012701968662440777 0.010214191861450674
v 0.0042877537198364735 0.012757807970046997 0.009959554299712183
v 0.004248625133186579 0.01277682464569807 0.010065696202218534
v 0.004331173840910196 0.01275153923779726 0.009983475320041181
v 0.0041336496360599995 0.012788827531039715 0.010243819095194341
v 0.004037270788103342 0.012758233584463596 0.010226733051240446
v 0.003943858668208122 0.012700576335191727 0.010314211249351503
v 0.003912726417183876 0.012661328539252281 0.010309656150639059
v 0.003894256893545389 0.012640421278774738 0.010354624129831793
v 0.004091004375368357 0.012784392572939396 0.01033515948802233
v 0.004035572055727243 0.012765614315867424 0.010327376425266268
v 0.003985781222581863 0.012736890465021133 0.01032028626650572
v 0.00424487330019474 0.012756239622831345 0.009937935508787634
v 0.004185112193226814 0.012787164188921452 0.010153727605938913
v 0.004017253872007132 0.011598309502005577 0.008128121495246889
v 0.004112440627068281 0.011598492972552776 0.008047960698604585
v 0.003989610821008682 0.011394927278161049 0.008102212101221086
v 0.0039599305018782616 0.011560043320059776 0.008171989582479002
v 0.003874867921695113 0.011208180338144302 0.008170670829713346
v 0.003874799469485879 0.011189247481524944 0.00816578231751919
v 0.003878343850374222 0.0113016152754426 0.008191658183932306
v 0.003913429565727711 0.011481891386210918 0.008199206553399565
v 0.00427517993375659 0.011486985720694065 0.007902752608060839
v 0.004400518257170916 0.011351825669407845 0.007791657466441395
v 0.004850002005696297 0.010895871557295322 0.00748238665983081
v 0.00413470296189189 0.011928046122193336 0.008380593731999399
v 0.004268214572221041 0.01196116954088211 0.008384231477975847
v 0.004123051185160875 0.012419892475008965 0.009120373055338861
v 0.004260629415512085 0.012323836795985699 0.008898580446839334
v 0.004252145066857338 0.012601460330188274 0.009463751688599588
v 0.004109667148441076 0.012735198251903057 0.00995086692273617
v 0.003964404575526714 0.012646033428609371 0.00997135601937771
v 0.003870851593092084 0.01250623818486929 0.010005664080381395
v 0.0038834400475025177 0.012209698557853699 0.009224596433341505
v 0.0038943972904235125 0.011747125536203384 0.008528849110007288
v 0.003977477550506592 0.012338041327893734 0.009160124696791174
v 0.003988857846707106 0.011857603676617146 0.008437504991889002
v 0.005108476150780916 0.011933757923543453 0.008542195893824102
v 0.005043367855250835 0.011972748674452305 0.008484985679388048
v 0.004723633639514446 0.01245796401053667 0.009222659282386305
v 0.005359954666346312 0.011297276243567467 0.007937307469546797
v 0.005292908754199743 0.011333310976624489 0.007862889207899572
v 0.004780652467161417 0.012429310940206051 0.009262171573936941
v 0.0045149740763008595 0.012552023865282536 0.00934483949095011
v 0.0046584270894527435 0.012470318004488945 0.009187601506710054
v 0.00459279352799058 0.012466265819966793 0.009160505607724191
v 0.004731475375592709 0.012268701568245888 0.008808425627648832
v 0.004961657803505659 0.011989494785666466 0.008439432829618456
v 0.004877901636064053 0.011983589269220829 0.008411549031734468
v 0.005218790378421545 0.010946489870548248 0.007512393873184921
v 0.0051085627637803555 0.011337444186210632 0.007780512329190971
v 0.00520272646099329 0.011346708051860332 0.007807936985045673
v 0.005059786606580019 0.011494276113808155 0.007908836938440801
v 0.004909231793135405 0.011910509318113327 0.00832448620349169
f 1 2 3
f 4 5 6
f 6 5 7
f 6 8 9
f 7 10 6
f 6 10 11
f 6 11 12
f 13 3 6
f 6 3 14
f 6 14 8
f 9 15 6
f 6 15 16
f 6 16 4
f 12 17 6
f 6 17 18
f 6 18 19
f 20 21 22
f 22 21 23
f 22 23 24
f 24 23 18
f 18 23 25
f 18 25 19
f 13 26 3
f 3 26 27
f 3 27 28
f 2 29 3
f 3 29 30
f 3 30 31
f 3 32 33
f 33 32 34
f 28 35 3
f 3 35 36
f 3 36 1
f 31 37 3
f 3 37 38
f 3 38 32
f 19 39 40
f 19 40 6
f 6 40 41
f 6 41 13
f 13 41 42
f 13 42 26
f 26 42 43
f 26 43 27
f 27 43 44
f 27 44 28
f 28 44 45
f 28 45 35
f 35 45 46
f 35 46 36
f 36 46 47
f 36 47 1
f 1 47 48
f 1 48 2
f 2 48 49
f 2 49 29
f 29 49 50
f 29 50 30
f 30 50 51
f 30 51 31
f 31 51 52
f 31 52 37
f 37 52 53
f 37 53 38
f 38 53 54
f 38 54 32
f 32 54 55
f 32 55 34
f 34 55 56
f 34 56 33
f 33 56 57
f 33 57 3
f 3 57 58
f 3 58 14
f 14 58 59
f 14 59 8
f 8 59 60
f 8 60 9
f 9 60 61
f 9 61 15
f 15 61 62
f 15 62 16
f 16 62 63
f 16 63 4
f 4 63 64
f 4 64 5
f 5 64 65
f 5 65 7
f 7 65 66
f 7 66 10
f 10 66 67
f 10 67 11
f 11 67 68
f 11 68 12
f 12 68 69
f 12 69 17
f 17 69 70
f 17 70 18
f 18 70 71
f 18 71 24
f 24 71 72
f 24 72 22
f 22 72 73
f 22 73 20
f 20 73 74
f 20 74 21
f 21 74 75
f 21 75 23
f 23 75 76
f 23 76 25
f 25 76 39
f 25 39 19
f 58 57 76
f 45 44 57
f 50 49 57
f 57 49 48
f 74 73 59
f 59 73 72
f 59 72 71
f 52 55 53
f 53 55 54
f 57 56 50
f 50 56 55
f 50 55 51
f 51 55 52
f 48 47 57
f 57 47 46
f 57 46 45
f 44 43 57
f 57 43 42
f 57 42 41
f 58 76 59
f 59 76 75
f 59 75 74
f 71 70 59
f 59 70 69
f 59 69 68
f 65 64 63
f 41 40 57
f 57 40 39
f 57 39 76
f 61 60 66
f 66 60 59
f 66 59 67
f 67 59 68
f 65 63 66
f 66 63 62
f 66 62 61
f 77 78 79
f 80 81 79
f 79 81 82
f 79 82 83
f 84 85 79
f 79 85 86
f 79 86 87
f 88 89 90
f 83 91 79
f 79 91 92
f 79 92 93
f 79 94 95
f 88 90 96
f 96 90 97
f 96 97 79
f 93 98 79
f 79 98 99
f 79 99 94
f 95 100 79
f 79 100 101
f 79 101 77
f 78 102 79
f 79 102 103
f 79 103 104
f 104 105 79
f 79 105 106
f 79 106 84
f 87 107 79
f 79 107 108
f 79 108 96
f 109 110 80
f 80 110 111
f 80 111 81
f 109 112 110
f 110 112 113
f 110 113 114
f 115 77 101
f 115 101 116
f 116 101 100
f 116 100 117
f 117 100 95
f 117 95 118
f 118 95 94
f 118 94 119
f 119 94 99
f 119 99 120
f 120 99 98
f 120 98 121
f 121 98 93
f 121 93 122
f 122 93 92
f 122 92 123
f 123 92 91
f 123 91 124
f 124 91 83
f 124 83 125
f 125 83 82
f 125 82 126
f 126 82 81
f 126 81 127
f 127 81 111
f 127 111 128
f 128 111 110
f 128 110 129
f 129 110 114
f 129 114 130
f 130 114 113
f 130 113 131
f 131 113 112
f 131 112 132
f 132 112 109
f 132 109 133
f 133 109 80
f 133 80 134
f 133 135 115
f 134 136 137
f 138 139 133
f 133 139 140
f 133 140 141
f 142 143 133
f 133 143 144
f 144 145 133
f 133 145 146
f 133 146 147
f 115 116 133
f 133 116 117
f 133 117 118
f 121 122 133
f 133 122 123
f 133 126 127
f 134 137 133
f 133 137 148
f 133 148 138
f 141 149 133
f 133 149 150
f 133 150 142
f 147 151 133
f 133 151 152
f 133 152 135
f 118 119 133
f 133 119 120
f 133 120 121
f 123 124 133
f 133 124 125
f 133 125 126
f 127 128 133
f 133 128 129
f 133 129 132
f 132 129 130
f 132 130 131
f 134 80 79
f 134 79 136
f 136 79 97
f 136 97 137
f 137 97 90
f 137 90 148
f 148 90 89
f 148 89 138
f 138 89 88
f 138 88 139
f 139 88 96
f 139 96 140
f 140 96 108
f 140 108 141
f 141 108 107
f 141 107 149
f 149 107 87
f 149 87 150
f 150 87 86
f 150 86 142
f 142 86 85
f 142 85 143
f 143 85 84
f 143 84 144
f 144 84 106
f 144 106 145
f 145 106 105
f 145 105 146
f 146 105 104
f 146 104 147
f 147 104 103
f 147 103 151
f 151 103 102
f 151 102 152
f 152 102 78
f 152 78 135
f 135 78 77
f 135 77 115
f 153 154 155
f 153 155 156
f 156 155 157
f 156 157 158
f 158 157 159
f 158 159 160
f 160 159 161
f 160 161 162
f 162 161 163
f 162 163 164
f 164 163 165
f 164 165 166
f 166 165 167
f 166 167 168
f 168 167 169
f 168 169 170
f 170 169 171
f 170 171 172
f 172 171 173
f 172 173 174
f 174 173 175
f 174 175 176
f 177 156 158
f 158 160 177
f 177 160 162
f 177 162 164
f 164 166 177
f 177 166 168
f 177 168 170
f 170 172 177
f 177 172 174
f 177 174 176
f 177 178 179
f 179 178 180
f 179 180 181
f 181 180 182
f 179 183 177
f 177 183 184
f 177 184 185
f 185 186 177
f 177 186 153
f 177 153 156
f 176 175 187
f 176 187 177
f 177 187 188
f 177 188 178
f 178 188 189
f 178 189 180
f 180 189 190
f 180 190 182
f 182 190 191
f 182 191 181
f 181 191 192
f 181 192 179
f 179 192 193
f 179 193 183
f 183 193 194
f 183 194 184
f 184 194 195
f 184 195 185
f 185 195 196
f 185 196 186
f 186 196 154
f 186 154 153
f 189 188 193
f 173 154 175
f 175 154 196
f 175 196 195
f 188 187 193
f 193 187 175
f 193 175 194
f 194 175 195
f 159 157 173
f 173 157 155
f 173 155 154
f 192 191 193
f 193 191 190
f 193 190 189
f 171 169 163
f 163 169 167
f 163 167 165
f 171 163 173
f 173 163 161
f 173 161 159
f 197 198 199
f 200 198 201
f 201 198 202
f 197 203 198
f 198 203 204
f 198 204 202
f 205 206 207
f 207 206 208
f 207 208 200
f 200 208 209
f 200 209 198
f 210 211 199
f 199 211 212
f 199 212 197
f 213 214 215
f 215 214 216
f 215 216 217
f 210 199 215
f 215 199 218
f 215 218 213
f 219 197 212
f 219 212 220
f 220 212 211
f 220 211 221
f 221 211 210
f 221 210 222
f 222 210 215
f 222 215 223
f 223 215 217
f 223 217 224
f 224 217 216
f 224 216 225
f 225 216 214
f 225 214 226
f 226 214 213
f 226 213 227
f 227 213 218
f 227 218 228
f 228 218 199
f 228 199 229
f 229 199 198
f 229 198 230
f 228 229 230
f 223 231 232
f 231 223 230
f 230 223 224
f 230 224 225
f 232 233 223
f 223 233 234
f 223 234 222
f 235 220 234
f 234 220 221
f 234 221 222
f 236 237 238
f 238 237 239
f 235 240 220
f 220 240 237
f 220 237 219
f 219 237 236
f 225 226 230
f 230 226 227
f 230 227 228
f 230 198 209
f 230 209 231
f 231 209 208
f 231 208 232
f 232 208 206
f 232 206 233
f 233 206 205
f 233 205 234
f 234 205 207
f 234 207 235
f 235 207 200
f 235 200 240
f 240 200 201
f 240 201 237
f 237 201 202
f 237 202 239
f 239 202 204
f 239 204 238
f 238 204 203
f 238 203 236
f 236 203 197
f 236 197 219
f 241 242 243
f 243 242 244
f 245 246 247
f 248 249 247
f 247 249 250
f 247 250 251
f 251 250 252
f 253 254 255
f 255 254 256
f 257 258 243
f 243 258 259
f 243 259 260
f 244 261 243
f 243 261 262
f 243 262 263
f 264 265 266
f 266 265 267
f 263 268 243
f 243 268 267
f 243 267 269
f 269 267 265
f 257 243 247
f 247 243 270
f 247 270 245
f 246 271 247
f 247 271 272
f 247 272 248
f 252 250 255
f 255 250 273
f 255 273 253
f 260 274 243
f 243 274 275
f 243 275 241
f 276 277 256
f 256 277 278
f 256 278 255
f 257 279 280
f 257 280 258
f 258 280 281
f 258 281 259
f 259 281 282
f 259 282 260
f 260 282 283
f 260 283 274
f 274 283 284
f 274 284 275
f 275 284 285
f 275 285 241
f 241 285 286
f 241 286 242
f 242 286 287
f 242 287 244
f 244 287 288
f 244 288 261
f 261 288 289
f 261 289 262
f 262 289 290
f 262 290 263
f 263 290 291
f 263 291 268
f 268 291 292
f 268 292 267
f 267 292 293
f 267 293 266
f 266 293 294
f 266 294 264
f 264 294 295
f 264 295 265
f 265 295 296
f 265 296 269
f 269 296 297
f 269 297 243
f 243 297 298
f 243 298 270
f 270 298 299
f 270 299 245
f 245 299 300
f 245 300 246
f 246 300 301
f 246 301 271
f 271 301 302
f 271 302 272
f 272 302 303
f 272 303 248
f 248 303 304
f 248 304 249
f 249 304 305
f 249 305 250
f 250 305 306
f 250 306 273
f 273 306 307
f 273 307 253
f 253 307 308
f 253 308 254
f 254 308 309
f 254 309 256
f 256 309 310
f 256 310 276
f 276 310 311
f 276 311 277
f 277 311 312
f 277 312 278
f 278 312 313
f 278 313 255
f 255 313 314
f 255 314 252
f 252 314 315
f 252 315 251
f 251 315 316
f 251 316 247
f 247 316 279
f 247 279 257
f 300 299 316
f 316 299 298
f 316 298 297
f 285 284 297
f 295 294 286
f 290 289 288
f 284 283 297
f 297 283 282
f 297 282 281
f 281 280 297
f 297 280 279
f 297 279 316
f 294 293 286
f 286 293 292
f 286 292 287
f 303 316 304
f 304 316 305
f 303 302 316
f 316 302 301
f 316 301 300
f 285 297 286
f 286 297 296
f 286 296 295
f 287 292 288
f 288 292 291
f 288 291 290
f 314 313 312
f 311 310 316
f 316 310 309
f 316 309 308
f 308 307 316
f 316 307 306
f 316 306 305
f 311 316 312
f 312 316 315
f 312 315 314
f 317 318 319
f 320 321 319
f 319 321 322
f 319 322 323
f 323 324 319
f 319 324 325
f 319 325 326
f 327 328 319
f 319 328 329
f 318 330 319
f 319 330 331
f 319 331 332
f 332 333 319
f 319 333 334
f 319 334 320
f 329 335 319
f 319 335 336
f 319 336 337
f 337 338 319
f 319 338 339
f 319 339 317
f 340 341 326
f 326 341 342
f 326 342 319
f 343 344 345
f 345 344 346
f 345 346 347
f 347 348 345
f 345 348 349
f 345 349 350
f 340 326 351
f 351 326 352
f 351 352 353
f 327 319 345
f 345 319 354
f 345 354 343
f 355 356 357
f 358 357 359
f 359 357 360
f 357 361 362
f 358 363 357
f 357 363 364
f 357 364 361
f 362 365 357
f 357 365 366
f 357 366 355
f 367 368 369
f 370 371 357
f 357 371 372
f 373 357 374
f 374 357 375
f 357 376 377
f 377 376 378
f 372 379 357
f 357 379 380
f 357 380 381
f 381 382 357
f 357 382 383
f 357 383 384
f 356 385 357
f 357 385 386
f 357 386 375
f 373 387 357
f 357 387 388
f 357 388 376
f 367 369 389
f 384 390 357
f 357 390 391
f 357 391 360
f 370 357 369
f 369 357 392
f 369 392 389
f 359 317 339
f 359 339 358
f 358 339 338
f 358 338 363
f 363 338 337
f 363 337 364
f 364 337 336
f 364 336 361
f 361 336 335
f 361 335 362
f 362 335 329
f 362 329 365
f 365 329 328
f 365 328 366
f 366 328 327
f 366 327 355
f 355 327 345
f 355 345 356
f 356 345 350
f 356 350 385
f 385 350 349
f 385 349 386
f 386 349 348
f 386 348 375
f 375 348 347
f 375 347 374
f 374 347 346
f 374 346 373
f 373 346 344
f 373 344 387
f 387 344 343
f 387 343 388
f 388 343 354
f 388 354 376
f 376 354 319
f 376 319 378
f 378 319 342
f 378 342 377
f 377 342 341
f 377 341 357
f 357 341 340
f 357 340 392
f 392 340 351
f 392 351 389
f 389 351 353
f 389 353 367
f 367 353 352
f 367 352 368
f 368 352 326
f 368 326 369
f 369 326 325
f 369 325 370
f 370 325 324
f 370 324 371
f 371 324 323
f 371 323 372
f 372 323 322
f 372 322 379
f 379 322 321
f 379 321 380
f 380 321 320
f 380 320 381
f 381 320 334
f 381 334 382
f 382 334 333
f 382 333 383
f 383 333 332
f 383 332 384
f 384 332 331
f 384 331 390
f 390 331 330
f 390 330 391
f 391 330 318
f 391 318 360
f 360 318 317
f 360 317 359
f 393 394 395
f 393 395 396
f 396 395 397
f 396 397 398
f 399 400 401
f 401 400 394
f 401 394 402
f 402 394 393
f 403 404 405
f 405 404 406
f 403 407 404
f 404 407 408
f 404 408 409
f 406 404 410
f 411 412 413
f 413 412 406
f 413 406 414
f 414 406 410
f 404 409 415
f 415 416 404
f 404 416 417
f 404 417 418
f 419 420 421
f 422 423 424
f 422 424 421
f 421 424 425
f 421 425 419
f 426 427 428
f 428 427 429
f 428 429 430
f 427 426 431
f 431 426 432
f 431 432 433
f 433 432 434
f 426 435 432
f 432 435 436
f 432 436 434
f 434 436 437
f 434 437 438
f 438 437 439
f 438 439 440
f 420 441 442
f 395 394 443
f 443 394 400
f 443 400 444
f 444 400 399
f 444 399 445
f 446 447 448
f 448 447 398
f 448 398 443
f 443 398 397
f 443 397 395
f 449 450 451
f 451 450 452
f 451 452 453
f 412 411 454
f 455 451 454
f 454 451 453
f 454 453 412
f 456 457 458
f 459 399 401
f 398 447 460
f 460 461 462
f 401 402 462
f 462 402 393
f 462 393 460
f 460 393 396
f 460 396 398
f 459 401 463
f 464 465 463
f 461 466 462
f 462 466 467
f 462 467 468
f 463 401 464
f 464 401 462
f 464 462 458
f 458 462 468
f 458 468 456
f 469 470 471
f 471 470 472
f 471 472 473
f 473 472 474
f 473 474 475
f 476 477 478
f 479 477 480
f 480 477 476
f 480 476 481
f 481 476 482
f 481 482 483
f 483 482 469
f 469 482 484
f 484 482 476
f 484 476 485
f 485 476 478
f 485 478 486
f 450 475 487
f 487 475 474
f 487 474 486
f 486 474 472
f 486 472 485
f 485 472 470
f 485 470 484
f 484 470 469
f 488 489 479
f 479 489 477
f 489 490 477
f 477 490 491
f 477 491 478
f 478 491 492
f 478 492 486
f 492 493 486
f 486 493 494
f 486 494 487
f 452 450 495
f 495 450 487
f 495 487 496
f 496 487 494
f 497 498 499
f 500 405 501
f 501 405 406
f 412 453 452
f 409 408 502
f 502 408 407
f 502 407 500
f 500 407 403
f 500 403 405
f 503 497 504
f 504 497 505
f 505 497 499
f 505 499 506
f 507 508 498
f 498 508 509
f 498 509 499
f 510 489 511
f 511 489 488
f 512 513 514
f 511 507 510
f 510 507 498
f 498 497 515
f 515 497 503
f 515 503 516
f 517 409 518
f 518 409 502
f 518 502 519
f 519 502 500
f 519 500 520
f 520 500 501
f 520 501 412
f 412 501 406
f 510 514 521
f 521 514 513
f 521 513 522
f 452 495 412
f 412 495 496
f 412 496 520
f 520 496 522
f 520 522 519
f 519 522 513
f 519 513 518
f 518 513 512
f 518 512 517
f 517 512 516
f 496 494 522
f 522 494 493
f 522 493 521
f 521 493 492
f 521 492 510
f 510 492 491
f 510 491 490
f 516 512 515
f 515 512 514
f 515 514 498
f 498 514 510
f 510 490 489
f 410 523 524
f 524 525 410
f 410 525 526
f 410 526 414
f 527 528 418
f 418 528 529
f 418 529 404
f 404 529 530
f 404 530 410
f 531 532 533
f 534 535 536
f 537 442 441
f 537 441 538
f 441 533 538
f 538 533 532
f 538 532 539
f 540 541 542
f 542 541 543
f 542 543 544
f 539 545 538
f 538 545 546
f 538 546 547
f 547 546 548
f 540 542 546
f 546 542 549
f 546 549 548
f 544 543 536
f 536 543 550
f 536 550 534
f 534 550 551
f 534 551 552
f 553 554 555
f 555 554 556
f 555 556 527
f 527 556 528
f 557 558 559
f 559 558 553
f 559 553 555
f 560 561 562
f 563 561 560
f 564 563 560
f 565 566 567
f 568 569 570
f 571 572 573
f 574 575 562
f 562 575 576
f 562 576 560
f 557 570 567
f 567 570 569
f 567 569 565
f 565 569 568
f 565 568 573
f 573 568 577
f 573 577 571
f 564 566 563
f 563 566 565
f 563 565 561
f 561 565 573
f 561 573 562
f 562 573 572
f 562 572 574
f 574 572 571
f 574 571 578
f 579 580 581
f 582 527 583
f 583 527 418
f 416 415 584
f 415 409 584
f 584 409 517
f 584 517 585
f 585 517 516
f 585 516 586
f 586 516 503
f 586 503 587
f 587 503 504
f 587 504 588
f 588 504 505
f 588 505 589
f 589 505 506
f 589 506 590
f 591 559 527
f 527 559 555
f 591 527 592
f 592 527 582
f 592 582 593
f 593 582 594
f 593 594 595
f 595 594 596
f 595 596 597
f 597 596 598
f 598 596 599
f 598 599 600
f 580 601 581
f 581 601 602
f 581 602 599
f 599 602 603
f 599 603 600
f 418 417 583
f 583 417 604
f 583 604 582
f 582 604 605
f 582 605 594
f 594 605 606
f 594 606 596
f 596 606 607
f 596 607 599
f 599 607 608
f 599 608 581
f 581 608 609
f 581 609 579
f 579 609 610
f 417 416 604
f 604 416 584
f 604 584 605
f 605 584 585
f 605 585 606
f 606 585 586
f 606 586 607
f 607 586 587
f 607 587 608
f 608 587 588
f 608 588 609
f 609 588 589
f 609 589 610
f 610 589 590
f 602 578 603
f 603 578 571
f 603 571 600
f 600 571 598
f 598 571 597
f 597 571 577
f 597 577 595
f 595 577 568
f 595 568 593
f 593 568 570
f 593 570 592
f 592 570 591
f 591 570 557
f 591 557 559
f 611 612 613
f 614 615 616
f 616 615 617
f 616 617 618
f 618 617 619
f 618 619 620
f 620 619 621
f 620 622 623
f 623 622 624
f 623 624 612
f 612 624 625
f 612 625 613
f 626 627 620
f 620 627 628
f 620 628 622
f 613 629 611
f 611 629 630
f 611 630 631
f 631 630 632
f 631 632 633
f 633 632 634
f 633 634 635
f 635 634 636
f 635 636 637
f 637 636 638
f 637 638 639
f 639 638 640
f 639 640 641
f 641 640 642
f 641 642 643
f 643 642 644
f 643 644 614
f 614 644 645
f 614 645 615
f 646 647 621
f 621 647 648
f 621 648 620
f 620 648 649
f 620 649 626
f 650 651 652
f 653 654 652
f 652 654 655
f 652 655 650
f 653 656 654
f 654 656 657
f 654 657 658
f 658 657 647
f 658 647 646
f 659 660 661
f 662 663 664
f 664 663 659
f 659 661 664
f 664 661 665
f 664 665 666
f 658 646 666
f 666 665 658
f 658 665 661
f 658 661 654
f 654 661 660
f 654 660 655
f 655 660 659
f 655 659 650
f 667 622 668
f 668 622 628
f 668 628 669
f 669 628 627
f 669 627 670
f 670 627 626
f 670 626 671
f 671 626 649
f 672 667 673
f 673 667 668
f 673 668 674
f 674 668 669
f 674 669 675
f 675 669 670
f 675 670 676
f 676 670 671
f 677 672 678
f 678 672 673
f 678 673 679
f 679 673 674
f 679 674 680
f 680 674 675
f 680 675 681
f 681 675 676
f 682 677 683
f 683 677 678
f 683 678 684
f 684 678 679
f 684 679 685
f 685 679 680
f 685 680 686
f 686 680 681
f 687 629 613
f 688 613 625
f 687 613 689
f 613 688 689
f 689 688 690
f 689 690 691
f 691 690 692
f 691 692 693
f 694 695 696
f 697 698 695
f 682 698 677
f 677 698 697
f 677 697 672
f 672 697 699
f 672 699 667
f 667 699 700
f 667 700 622
f 695 694 697
f 697 694 701
f 697 701 699
f 699 701 702
f 699 702 700
f 700 702 624
f 700 624 622
f 703 693 696
f 696 693 692
f 696 692 694
f 694 692 690
f 694 690 701
f 701 690 688
f 701 688 702
f 702 688 625
f 702 625 624
f 704 705 706
f 706 705 707
f 706 707 708
f 708 707 709
f 708 709 710
f 705 704 711
f 705 711 712
f 430 429 713
f 713 429 712
f 713 712 714
f 714 712 711
f 715 713 714
f 716 428 430
f 713 715 430
f 430 715 717
f 430 717 716
f 630 629 687
f 630 687 718
f 687 689 718
f 718 689 691
f 718 691 719
f 719 691 693
f 719 693 720
f 693 703 720
f 720 703 721
f 720 721 722
f 722 721 723
f 724 439 437
f 724 437 725
f 726 727 728
f 728 727 725
f 725 437 728
f 728 437 436
f 728 436 729
f 729 436 730
f 730 436 435
f 730 435 426
f 426 428 730
f 730 428 716
f 730 716 731
f 717 732 716
f 716 732 733
f 716 733 731
f 423 734 424
f 424 734 735
f 735 736 424
f 424 736 737
f 424 737 425
f 425 737 738
f 425 738 419
f 419 738 739
f 419 739 420
f 740 531 741
f 741 531 533
f 741 533 441
f 735 742 736
f 736 742 743
f 736 743 737
f 737 743 744
f 737 744 738
f 738 744 741
f 738 741 739
f 739 741 441
f 739 441 420
f 745 746 747
f 748 749 746
f 746 749 750
f 746 750 751
f 751 750 752
f 751 752 753
f 754 755 745
f 745 755 756
f 745 756 746
f 746 756 757
f 746 757 748
f 745 758 754
f 754 758 759
f 754 759 760
f 760 759 422
f 747 746 761
f 761 746 751
f 761 751 762
f 762 751 763
f 763 751 764
f 763 764 765
f 765 766 767
f 767 766 768
f 767 768 769
f 770 459 463
f 399 459 771
f 771 459 770
f 771 770 772
f 465 769 463
f 463 769 768
f 463 768 770
f 770 768 766
f 770 766 772
f 772 766 773
f 765 764 766
f 766 764 774
f 766 774 773
f 753 775 751
f 751 775 776
f 751 776 764
f 764 776 777
f 764 777 774
f 778 779 780
f 780 779 455
f 780 455 454
f 781 782 783
f 783 784 781
f 781 784 785
f 781 785 786
f 787 615 788
f 788 615 645
f 788 645 789
f 789 645 790
f 790 645 644
f 790 644 791
f 642 792 793
f 642 793 644
f 644 793 794
f 644 794 791
f 640 795 796
f 640 796 642
f 642 796 797
f 642 797 792
f 798 634 799
f 799 634 632
f 799 632 800
f 798 801 634
f 634 801 802
f 634 802 636
f 636 802 803
f 803 804 636
f 636 804 805
f 636 805 638
f 795 640 806
f 806 640 638
f 806 638 807
f 807 638 805
f 709 808 710
f 710 808 800
f 719 710 718
f 718 710 800
f 718 800 630
f 630 800 632
f 719 720 710
f 710 720 722
f 710 722 723
f 438 440 808
f 705 808 707
f 707 808 709
f 438 808 434
f 705 712 808
f 808 712 429
f 808 429 427
f 427 431 808
f 808 431 433
f 808 433 434
f 809 810 811
f 812 813 814
f 729 730 815
f 727 726 816
f 816 726 728
f 817 725 727
f 818 724 725
f 725 817 818
f 818 817 819
f 818 819 820
f 820 819 821
f 820 821 822
f 823 824 821
f 821 824 825
f 821 825 822
f 822 825 826
f 822 826 827
f 809 811 828
f 828 811 829
f 828 829 830
f 831 815 829
f 829 815 832
f 829 832 830
f 727 816 817
f 817 816 833
f 817 833 819
f 819 833 814
f 819 814 821
f 821 814 813
f 821 813 823
f 729 815 728
f 728 815 831
f 728 831 816
f 816 831 829
f 816 829 833
f 833 829 811
f 833 811 814
f 814 811 810
f 814 810 812
f 834 623 835
f 835 623 612
f 835 612 836
f 836 612 611
f 837 838 631
f 631 838 839
f 631 839 611
f 611 839 840
f 611 840 836
f 837 631 841
f 841 631 633
f 841 633 842
f 842 633 635
f 842 635 843
f 843 635 637
f 843 637 844
f 639 845 637
f 637 845 846
f 637 846 844
f 834 847 623
f 623 847 620
f 641 848 639
f 639 848 845
f 614 849 643
f 643 849 850
f 643 850 641
f 641 850 851
f 641 851 848
f 616 852 614
f 614 852 853
f 614 853 849
f 847 854 620
f 620 854 855
f 620 855 618
f 618 855 856
f 618 856 616
f 616 856 857
f 616 857 852
f 858 740 741
f 859 860 861
f 861 862 859
f 859 862 863
f 859 863 864
f 864 863 865
f 864 865 866
f 866 865 867
f 867 858 866
f 866 858 741
f 866 741 864
f 864 741 744
f 864 744 859
f 859 744 743
f 859 743 860
f 860 743 742
f 547 548 868
f 868 548 549
f 868 549 869
f 869 549 542
f 869 542 870
f 870 542 544
f 870 544 871
f 535 872 536
f 536 872 873
f 536 873 544
f 544 873 874
f 544 874 871
f 875 876 877
f 877 878 537
f 868 875 547
f 547 875 877
f 547 877 538
f 538 877 537
f 872 879 873
f 873 879 880
f 873 880 874
f 874 880 881
f 874 881 871
f 871 881 882
f 871 882 870
f 870 882 869
f 878 877 883
f 883 877 876
f 883 876 884
f 885 886 887
f 885 887 888
f 888 887 889
f 888 889 890
f 886 891 892
f 892 891 893
f 892 893 894
f 537 878 442
f 442 878 883
f 442 883 420
f 420 883 421
f 891 754 893
f 893 754 760
f 893 760 894
f 894 760 895
f 760 422 895
f 895 422 421
f 895 421 896
f 896 421 883
f 896 883 884
f 897 898 753
f 753 752 897
f 897 752 750
f 897 750 890
f 890 750 749
f 890 749 888
f 888 749 748
f 888 748 885
f 885 748 757
f 885 757 886
f 886 757 756
f 886 756 891
f 891 756 755
f 891 755 754
f 899 774 777
f 899 777 900
f 900 777 776
f 900 776 898
f 898 776 775
f 898 775 753
f 774 899 773
f 773 899 901
f 773 901 772
f 772 901 902
f 772 902 771
f 771 902 445
f 771 445 399
f 901 903 902
f 902 903 904
f 902 904 445
f 905 906 907
f 908 905 909
f 909 905 907
f 909 907 910
f 910 907 911
f 910 911 912
f 912 911 913
f 914 915 916
f 906 917 907
f 907 917 914
f 907 914 911
f 911 914 916
f 911 916 913
f 913 916 918
f 450 449 919
f 450 919 475
f 920 469 921
f 921 469 471
f 921 471 922
f 922 471 473
f 919 923 475
f 475 923 924
f 475 924 473
f 473 924 925
f 473 925 922
f 920 921 926
f 926 921 922
f 922 925 926
f 926 925 924
f 926 924 923
f 923 919 926
f 926 919 449
f 926 449 779
f 779 449 451
f 779 451 455
f 468 926 456
f 456 926 779
f 456 779 457
f 927 461 928
f 461 460 928
f 928 460 447
f 928 447 929
f 929 447 446
f 930 931 932
f 932 931 927
f 932 927 933
f 933 927 928
f 931 930 934
f 934 930 935
f 934 935 936
f 936 935 937
f 938 939 940
f 941 942 943
f 943 942 944
f 943 944 945
f 945 944 946
f 945 946 947
f 947 946 948
f 947 948 949
f 949 948 950
f 949 950 951
f 951 950 952
f 951 952 940
f 940 952 953
f 940 953 938
f 939 938 954
f 942 941 955
f 955 941 956
f 955 956 957
f 957 956 958
f 957 958 959
f 959 958 960
f 959 960 961
f 961 960 962
f 961 962 963
f 963 962 964
f 963 964 954
f 954 964 965
f 954 965 939
f 966 967 968
f 968 967 969
f 968 969 970
f 971 479 966
f 966 479 480
f 966 480 967
f 480 481 967
f 967 481 483
f 967 483 969
f 969 483 469
f 969 469 970
f 479 971 488
f 488 971 972
f 488 972 511
f 511 972 973
f 511 973 507
f 507 973 974
f 507 974 508
f 508 974 509
f 509 974 975
f 509 975 499
f 499 975 976
f 499 976 506
f 977 978 979
f 979 978 980
f 981 982 983
f 979 984 977
f 977 984 985
f 977 985 986
f 981 987 988
f 988 987 989
f 988 989 990
f 990 989 991
f 990 991 992
f 992 991 993
f 992 993 994
f 981 983 987
f 987 983 995
f 987 995 989
f 989 995 996
f 989 996 991
f 991 996 980
f 991 980 993
f 993 980 978
f 993 978 994
f 986 997 977
f 977 997 998
f 977 998 978
f 978 998 999
f 978 999 994
f 454 411 780
f 780 411 1000
f 780 1000 778
f 1001 1002 1003
f 1003 1002 1004
f 1003 1004 1005
f 1006 1007 1002
f 1002 1007 1008
f 1002 1008 1004
f 1002 1009 1006
f 1006 1009 1010
f 1006 1010 1011
f 1011 1010 1012
f 1011 1012 1013
f 524 523 1014
f 1015 411 413
f 1014 1016 524
f 524 1016 1017
f 524 1017 525
f 525 1017 1015
f 525 1015 526
f 526 1015 413
f 526 413 414
f 1001 1018 1002
f 1002 1018 1019
f 1002 1019 1009
f 1009 1019 1020
f 1009 1020 1010
f 1010 1020 1021
f 1010 1021 1012
f 1014 1012 1016
f 1016 1012 1021
f 1016 1021 1017
f 1017 1021 1020
f 1017 1020 1015
f 1015 1020 1019
f 1015 1019 411
f 411 1019 1018
f 411 1018 1000
f 410 530 1022
f 1022 1023 410
f 410 1023 1024
f 410 1024 523
f 1025 1026 1027
f 1027 1028 1025
f 1025 1028 1029
f 1025 1029 1030
f 1030 1029 1031
f 1030 1031 1032
f 1032 1031 1033
f 1032 1033 1034
f 1035 1034 1033
f 1035 1033 1036
f 1036 1033 1031
f 1036 1031 1037
f 1037 1031 1029
f 1037 1029 1028
f 1028 1027 1037
f 1037 1027 1026
f 1037 1026 1038
f 1038 1026 1039
f 1038 1039 1040
f 1041 1042 1043
f 1043 1042 1044
f 1043 1044 1045
f 1045 1044 1046
f 1045 1046 1047
f 1048 1047 1049
f 1049 1047 1046
f 1049 1046 1050
f 1050 1046 1051
f 1050 1051 1052
f 1052 1051 1053
f 1052 1053 1054
f 1055 535 534
f 1053 1056 1054
f 1054 1056 1057
f 1054 1057 1058
f 1058 1057 1055
f 1058 1055 1059
f 1059 1055 534
f 1059 534 552
f 551 550 1060
f 1061 858 1062
f 1062 858 867
f 1061 1063 540
f 540 1063 1064
f 540 1064 541
f 540 546 1061
f 1061 546 545
f 1061 545 858
f 858 545 539
f 858 539 740
f 740 539 532
f 740 532 531
f 1060 550 1064
f 1064 550 543
f 1064 543 541
f 1065 1066 1067
f 1063 1068 1064
f 1064 1068 1065
f 1064 1065 1060
f 1060 1065 1067
f 1060 1067 551
f 551 1067 552
f 1069 1070 1071
f 1071 1070 1072
f 1073 1074 1075
f 1075 1074 1076
f 1077 1073 1078
f 1078 1073 1075
f 1078 1075 1079
f 1079 1075 1076
f 1079 1076 1080
f 1081 1082 1083
f 1083 1082 1084
f 1083 1084 1085
f 1071 1081 1069
f 1069 1081 1083
f 1069 1083 1086
f 1086 1083 1085
f 1086 1085 1087
f 1088 1077 1087
f 1087 1077 1078
f 1087 1078 1086
f 1086 1078 1079
f 1086 1079 1069
f 1069 1079 1080
f 1069 1080 1070
f 1089 1088 1090
f 1090 1088 1087
f 1090 1087 1091
f 1091 1087 1085
f 1091 1085 1092
f 1092 1085 1084
f 1092 1084 1093
f 1093 1084 1082
f 1094 1095 1096
f 1096 1095 1097
f 1096 1097 1098
f 1098 1097 1099
f 1098 1099 1100
f 1100 1099 1101
f 1100 1101 1102
f 1102 1101 1103
f 1102 1103 1104
f 872 1105 1106
f 1106 1105 1107
f 1106 1107 1108
f 1108 1107 1109
f 1108 1109 1110
f 1042 1111 1044
f 1044 1111 1112
f 1113 1051 1112
f 1112 1051 1046
f 1112 1046 1044
f 1113 1114 1051
f 1051 1114 1115
f 1051 1115 1053
f 1053 1115 1110
f 1053 1110 1056
f 872 535 1105
f 1105 535 1055
f 1056 1110 1057
f 1057 1110 1109
f 1057 1109 1055
f 1055 1109 1107
f 1055 1107 1105
f 1116 1113 1117
f 1117 1113 1112
f 1117 1112 1111
f 1035 1118 1119
f 1119 1118 1120
f 1120 1118 1121
f 1120 1121 1122
f 1123 1124 1125
f 1125 1124 1126
f 1125 1126 1127
f 1128 1129 1130
f 1130 1129 1131
f 1130 1131 1123
f 1132 1133 1134
f 1135 1136 1137
f 1138 1139 1137
f 1135 1137 1140
f 1140 1137 1139
f 1140 1139 1141
f 1141 1139 1138
f 1141 1138 1134
f 1138 1142 1143
f 1138 1143 1134
f 1134 1143 1144
f 1134 1144 1132
f 1137 1145 1138
f 1138 1145 1146
f 1138 1146 1142
f 1142 1146 1147
f 1142 1147 1148
f 1148 1147 1149
f 1150 1151 1152
f 1152 1151 1153
f 1152 1153 1154
f 1154 1153 1155
f 1156 1157 1158
f 1158 1157 1159
f 1158 1159 1155
f 1155 1159 1154
f 1040 1039 1156
f 1156 1039 1160
f 1156 1160 1157
f 558 1161 1162
f 1162 1161 1163
f 1162 1163 1164
f 1164 1165 1162
f 1162 1165 1166
f 1162 1166 1167
f 558 1162 553
f 553 1162 1168
f 553 1168 554
f 1167 1166 560
f 560 1166 564
f 1166 1165 564
f 564 1165 1164
f 564 1164 566
f 566 1164 1163
f 566 1163 567
f 567 1163 1161
f 567 1161 557
f 557 1161 558
f 1169 1170 1171
f 1171 1170 1172
f 1171 1172 1173
f 1173 1172 1174
f 1173 1174 1175
f 1175 1174 1176
f 1175 1176 1177
f 1177 1176 1178
f 1177 1178 1179
f 1179 1178 1180
f 1179 1180 1181
f 1181 1180 1182
f 1181 1182 1183
f 1183 1182 1184
f 1183 1184 1185
f 1170 1169 1186
f 1186 1169 1187
f 1186 1187 1188
f 1188 1187 1189
f 1188 1189 1190
f 1190 1189 1191
f 1190 1191 1192
f 1192 1191 1193
f 1192 1193 1194
f 1194 1193 1195
f 1194 1195 1185
f 1185 1195 1196
f 1185 1196 1183
f 1197 560 576
f 1197 576 1198
f 1198 576 575
f 1198 575 1199
f 1199 575 574
f 1199 574 1200
f 1200 574 578
f 1200 578 1201
f 1201 578 1202
f 1202 578 602
f 1202 602 1203
f 602 601 1203
f 1203 601 580
f 1203 580 1204
f 1204 580 579
f 1204 579 1205
f 1205 579 610
f 1205 610 1206
f 610 590 1206
f 1206 590 506
f 1206 506 976
f 1207 1208 1209
f 1210 1211 1212
f 1212 1211 1213
f 1212 1214 1210
f 1210 1214 1215
f 1210 1215 1216
f 1216 1215 1217
f 1216 1217 1218
f 1209 1219 1207
f 1207 1219 1218
f 1207 1218 1220
f 1220 1218 1217
f 1221 1208 1222
f 1222 1208 1207
f 1222 1207 1223
f 1223 1207 1220
f 1223 1220 1224
f 1224 1220 1217
f 1224 1217 1225
f 1225 1217 1215
f 1225 1215 1226
f 1226 1215 1214
f 1226 1214 1227
f 1213 1228 1212
f 1212 1228 1229
f 1212 1229 1214
f 1214 1229 1230
f 1214 1230 1227
f 1199 1231 1198
f 1198 1231 1197
f 1232 1233 1234
f 1232 1234 1235
f 1235 1234 1236
f 1235 1236 1237
f 1237 1236 1238
f 1237 1238 1239
f 1240 1241 785
f 785 1241 786
f 1242 621 619
f 621 1242 646
f 1243 1244 1245
f 1246 1247 1248
f 1248 1247 1243
f 1248 1243 1249
f 1249 1243 1245
f 1249 1245 1250
f 617 615 787
f 666 646 1250
f 1250 646 1242
f 1250 1242 1249
f 1249 1242 619
f 1249 619 1248
f 1248 619 617
f 1248 617 1246
f 1246 617 787
f 1246 787 1247
f 662 1251 663
f 663 1251 659
f 656 653 1252
f 1252 653 652
f 1252 652 1253
f 647 657 648
f 648 657 671
f 648 671 649
f 652 651 1253
f 1253 651 1254
f 1253 1254 686
f 657 656 671
f 671 656 1252
f 671 1252 676
f 676 1252 1253
f 676 1253 681
f 681 1253 686
f 1255 651 650
f 1256 1257 1255
f 1255 1257 1258
f 1255 1258 1259
f 1255 650 1256
f 1256 650 659
f 1256 659 1257
f 1257 659 1251
f 1257 1251 1258
f 1260 1261 682
f 682 683 1260
f 1260 683 684
f 1260 684 1262
f 1262 684 685
f 1262 685 686
f 698 682 1261
f 1261 1263 698
f 698 1263 1264
f 698 1264 695
f 695 1264 1265
f 695 1265 696
f 696 1265 1266
f 696 1266 703
f 708 710 723
f 1267 1268 723
f 723 1268 708
f 708 1268 1269
f 708 1269 706
f 706 1269 704
f 704 1269 1270
f 704 1270 711
f 711 1270 714
f 714 1270 1271
f 714 1271 715
f 1271 1272 715
f 715 1272 1273
f 715 1273 717
f 717 1273 1274
f 717 1274 732
f 723 721 1267
f 1267 721 703
f 1267 703 1266
f 1275 1276 1274
f 1274 1276 1277
f 1274 1277 732
f 732 1277 733
f 832 815 1278
f 733 1277 731
f 731 1277 1279
f 731 1279 730
f 730 1279 1280
f 730 1280 815
f 815 1280 1281
f 815 1281 1278
f 1278 1282 832
f 832 1282 1283
f 832 1283 830
f 830 1283 1284
f 830 1284 828
f 778 458 779
f 779 458 457
f 787 852 857
f 1285 1286 1287
f 787 857 1247
f 423 422 759
f 1288 734 1289
f 1289 734 423
f 1289 423 1290
f 1290 423 1005
f 801 841 842
f 759 758 423
f 423 758 745
f 423 745 747
f 747 761 778
f 778 761 762
f 778 762 763
f 1291 1292 1293
f 1287 1286 1294
f 1294 1286 1295
f 1294 1295 1296
f 1296 1295 1297
f 1296 1297 1288
f 1288 1297 1298
f 1288 1298 734
f 734 1298 1299
f 734 1299 1300
f 808 835 836
f 848 796 845
f 845 796 795
f 845 795 846
f 846 795 806
f 846 806 844
f 851 792 848
f 848 792 797
f 848 797 796
f 852 787 853
f 853 787 788
f 853 788 849
f 1293 1292 827
f 440 439 1301
f 1301 439 724
f 1300 1238 734
f 734 1238 1236
f 734 1236 735
f 735 1236 1234
f 735 1234 742
f 742 1234 1233
f 742 1233 860
f 1233 1302 860
f 860 1302 1303
f 860 1303 861
f 1304 1305 847
f 836 840 808
f 808 840 839
f 808 839 800
f 843 803 842
f 842 803 802
f 842 802 801
f 806 807 844
f 844 807 805
f 844 805 843
f 843 805 804
f 843 804 803
f 763 765 778
f 778 765 767
f 778 767 769
f 724 818 1301
f 1301 818 820
f 1301 820 1306
f 1306 820 822
f 1306 822 1307
f 1307 822 827
f 1307 827 1308
f 1308 827 1292
f 747 778 423
f 423 778 1000
f 423 1000 1018
f 835 808 834
f 834 808 783
f 834 783 847
f 847 783 782
f 847 782 1304
f 857 856 1247
f 1247 856 855
f 1247 855 1243
f 1243 855 854
f 1243 854 1244
f 1244 854 847
f 1244 847 1309
f 1309 847 1305
f 839 838 800
f 800 838 837
f 800 837 799
f 799 837 841
f 799 841 798
f 798 841 801
f 850 794 851
f 851 794 793
f 851 793 792
f 788 789 849
f 849 789 790
f 849 790 850
f 850 790 791
f 850 791 794
f 769 465 778
f 778 465 464
f 778 464 458
f 1301 1310 440
f 440 1310 1311
f 440 1311 1312
f 1303 1313 861
f 861 1313 1314
f 861 1314 1315
f 1315 1314 1316
f 1315 1316 1317
f 1018 1001 423
f 423 1001 1003
f 423 1003 1005
f 1312 1318 440
f 440 1318 1319
f 440 1319 808
f 1319 1320 808
f 808 1320 1321
f 808 1321 1322
f 1322 1323 808
f 808 1323 1324
f 808 1324 783
f 783 1324 1325
f 783 1325 1326
f 1327 1328 783
f 1316 1329 1317
f 1317 1329 1330
f 1317 1330 1331
f 1331 1330 1291
f 1331 1291 1332
f 1332 1291 1293
f 1326 1333 783
f 783 1333 1334
f 783 1334 1327
f 1328 1335 783
f 783 1335 1336
f 783 1336 1337
f 1287 1338 1285
f 1285 1338 1339
f 1285 1339 1340
f 1340 1339 1341
f 1340 1341 1342
f 1342 1341 783
f 1342 783 1343
f 1343 783 1337
f 1062 1344 1061
f 1061 1344 1345
f 1061 1345 1063
f 1063 1345 1346
f 1347 1348 865
f 865 1348 1349
f 865 1349 867
f 867 1349 1350
f 867 1350 1062
f 1062 1350 1351
f 1062 1351 1344
f 1347 865 1352
f 1352 865 863
f 1352 863 1353
f 1353 863 862
f 1353 862 1354
f 1354 862 861
f 1354 861 1315
f 1063 1346 1068
f 1068 1346 1355
f 1068 1355 1065
f 1065 1355 1356
f 1065 1356 1066
f 1066 1356 1357
f 881 880 1358
f 1359 1360 1361
f 1359 1361 1362
f 1358 1363 1364
f 1364 1363 1365
f 1364 1365 1366
f 1366 1365 1367
f 1366 1367 1368
f 1368 1367 1369
f 1358 880 1363
f 1363 880 879
f 1363 879 872
f 868 869 1370
f 1370 869 882
f 1368 1371 1366
f 1366 1371 1372
f 1366 1372 1364
f 1364 1372 1373
f 1364 1373 1358
f 1358 1373 1370
f 1358 1370 881
f 881 1370 882
f 1371 1362 1372
f 1372 1362 1361
f 1372 1361 1373
f 1373 1361 1374
f 1373 1374 1370
f 1370 1374 1375
f 1370 1375 868
f 868 1375 875
f 876 875 1376
f 1376 875 1375
f 1376 1375 1377
f 1377 1375 1374
f 1377 1374 1378
f 1378 1374 1361
f 1378 1361 1379
f 1379 1361 1360
f 884 876 1376
f 884 1376 1380
f 1380 1376 1377
f 1380 1377 1381
f 1381 1377 1378
f 1381 1378 1382
f 1379 1383 1378
f 1378 1383 1384
f 1378 1384 1382
f 1385 1386 1387
f 1388 1389 1390
f 1390 1389 1386
f 1391 1392 1393
f 1393 1392 1394
f 1393 1394 1395
f 1395 1394 1396
f 1396 1394 1397
f 1396 1397 1398
f 1399 1382 1384
f 1400 1401 1402
f 1402 1401 1403
f 1402 1403 1404
f 1404 1403 1405
f 1404 1405 1406
f 1406 1405 1399
f 1406 1399 1407
f 1407 1399 1384
f 1407 1384 1383
f 884 1380 896
f 896 1380 1408
f 896 1408 895
f 895 1408 1409
f 895 1409 894
f 894 1409 1410
f 894 1410 892
f 892 1410 1411
f 892 1411 886
f 886 1411 1412
f 886 1412 887
f 887 1412 889
f 889 1412 1413
f 889 1413 890
f 1414 900 1415
f 1415 900 898
f 1415 898 1413
f 1413 898 897
f 1413 897 890
f 903 901 1416
f 1416 901 899
f 445 904 1417
f 1417 904 1418
f 1380 1381 1408
f 1408 1381 1419
f 1408 1419 1409
f 1409 1419 1420
f 1409 1420 1410
f 1410 1420 1421
f 1410 1421 1411
f 1411 1421 1422
f 1411 1422 1412
f 1423 1424 1425
f 1425 1424 1426
f 1425 1426 1427
f 1427 1426 1428
f 1427 1428 1429
f 1422 1423 1412
f 1412 1423 1425
f 1412 1425 1413
f 1413 1425 1427
f 1413 1427 1415
f 1415 1427 1429
f 1415 1429 1414
f 1386 1385 1390
f 1390 1385 1430
f 1390 1430 1431
f 1431 1430 1418
f 1431 1418 1416
f 1416 1418 904
f 1416 904 903
f 1391 1388 1392
f 1392 1388 1390
f 1392 1390 1432
f 1432 1390 1431
f 1433 1434 1435
f 1435 1434 1436
f 1435 1436 1437
f 1381 1382 1419
f 1419 1382 1399
f 1419 1399 1420
f 1420 1399 1405
f 1420 1405 1421
f 1421 1405 1403
f 1421 1403 1422
f 1422 1403 1401
f 1422 1401 1423
f 1438 1398 1433
f 1433 1398 1397
f 1433 1397 1434
f 1434 1397 1394
f 1434 1394 1436
f 1436 1394 1392
f 1436 1392 1437
f 1437 1392 1432
f 1387 1439 1385
f 1385 1439 1440
f 1385 1440 1430
f 1430 1440 1441
f 1430 1441 1418
f 1418 1441 1442
f 1418 1442 1417
f 1400 1438 1401
f 1401 1438 1433
f 1401 1433 1423
f 1423 1433 1435
f 1423 1435 1424
f 1424 1435 1437
f 1424 1437 1426
f 1426 1437 1432
f 1426 1432 1428
f 1428 1432 1431
f 1428 1431 1429
f 1429 1431 1416
f 1429 1416 1414
f 1414 1416 899
f 1414 899 900
f 1443 1444 1445
f 1446 443 444
f 444 445 1417
f 444 1417 1447
f 1446 444 1448
f 1448 444 1447
f 1448 1447 1449
f 1449 1447 1450
f 1449 1450 1451
f 1451 1450 1452
f 1452 1450 1453
f 1452 1453 1454
f 1454 1453 1445
f 1445 1453 1455
f 1445 1455 1443
f 1387 1455 1439
f 1439 1455 1453
f 1439 1453 1440
f 1440 1453 1450
f 1440 1450 1441
f 1441 1450 1447
f 1441 1447 1442
f 1442 1447 1417
f 1456 1457 1458
f 1458 1457 1459
f 1449 1451 1460
f 1460 1451 1452
f 1452 1454 1460
f 1460 1454 1445
f 1460 1445 1461
f 1461 1445 1444
f 1448 1449 1446
f 1446 1449 1460
f 1446 1460 443
f 443 1460 1461
f 443 1461 448
f 448 1461 446
f 928 929 1459
f 933 1462 932
f 932 1462 1463
f 932 1463 1464
f 1465 1466 1467
f 1467 918 1465
f 1465 918 916
f 1465 916 1468
f 1468 916 915
f 1468 915 1469
f 1470 1471 1472
f 1473 1474 1475
f 1475 1474 1461
f 1475 1461 1476
f 1476 1461 1444
f 1477 1478 1479
f 1479 1478 1480
f 1479 1480 1458
f 1458 1480 1481
f 1458 1481 1456
f 929 446 1459
f 1459 446 1461
f 1459 1461 1458
f 1458 1461 1474
f 1458 1474 1479
f 1479 1474 1473
f 1479 1473 1477
f 1464 1463 1482
f 1482 1463 1483
f 1482 1483 1484
f 1484 1483 1485
f 1484 1485 1486
f 1469 1487 1468
f 1468 1487 1470
f 1468 1470 1465
f 1465 1470 1472
f 1465 1472 1466
f 1469 1488 1487
f 1487 1488 1489
f 1487 1489 1485
f 1485 1489 1490
f 1485 1490 1486
f 933 928 1462
f 1462 928 1459
f 1462 1459 1463
f 1463 1459 1457
f 1463 1457 1483
f 1483 1457 1456
f 1483 1456 1485
f 1485 1456 1481
f 1485 1481 1487
f 1487 1481 1480
f 1487 1480 1470
f 1470 1480 1478
f 1470 1478 1471
f 949 1491 947
f 947 1491 937
f 947 937 945
f 945 937 935
f 1492 1493 1494
f 1494 1493 917
f 1494 917 1495
f 1492 1496 1493
f 1493 1496 1497
f 1493 1497 1498
f 930 932 1464
f 962 960 1499
f 1469 915 956
f 956 915 914
f 956 914 958
f 958 914 917
f 958 917 960
f 960 917 1493
f 960 1493 1499
f 1499 1500 962
f 962 1500 1501
f 962 1501 964
f 964 1501 1502
f 964 1502 965
f 965 1502 1503
f 965 1503 939
f 935 930 945
f 945 930 1464
f 945 1464 943
f 943 1464 1482
f 1503 1504 939
f 939 1504 1505
f 939 1505 940
f 940 1505 1506
f 940 1506 951
f 951 1506 1507
f 951 1507 949
f 949 1507 1508
f 949 1508 1491
f 941 1489 956
f 956 1489 1488
f 956 1488 1469
f 1482 1484 943
f 943 1484 1486
f 943 1486 941
f 941 1486 1490
f 941 1490 1489
f 1505 1504 1509
f 1509 1504 1510
f 1509 1511 1505
f 1505 1511 1512
f 1505 1512 1506
f 1506 1512 1513
f 1506 1513 1507
f 1507 1513 1514
f 1507 1514 1508
f 1508 1514 1515
f 1508 1515 1491
f 1491 1515 936
f 1491 936 937
f 1501 1500 1516
f 1504 1503 1510
f 1510 1503 1502
f 1510 1502 1517
f 1517 1502 1501
f 1517 1501 1518
f 1518 1501 1516
f 1519 1520 986
f 970 469 931
f 931 469 920
f 926 468 467
f 1521 968 955
f 948 1515 950
f 950 1515 1514
f 950 1514 952
f 952 1514 1513
f 952 1513 953
f 963 1518 961
f 961 1518 1516
f 961 1516 959
f 959 1516 1519
f 959 1519 957
f 467 466 926
f 926 466 461
f 926 461 920
f 920 461 927
f 920 927 931
f 1513 1512 953
f 953 1512 1511
f 953 1511 938
f 938 1511 1509
f 938 1509 954
f 954 1509 1510
f 954 1510 963
f 963 1510 1517
f 963 1517 1518
f 955 968 942
f 942 968 970
f 942 970 944
f 944 970 931
f 944 931 946
f 946 931 934
f 946 934 948
f 948 934 936
f 948 936 1515
f 986 985 1519
f 1519 985 984
f 1519 984 957
f 957 984 1522
f 957 1522 955
f 955 1522 1523
f 955 1523 1521
f 1522 973 972
f 996 973 980
f 980 973 1522
f 980 1522 979
f 979 1522 984
f 996 995 973
f 973 995 983
f 973 983 974
f 966 968 971
f 971 968 1521
f 971 1521 972
f 972 1521 1523
f 972 1523 1522
f 983 1524 974
f 974 1524 1525
f 974 1525 975
f 1526 976 1527
f 1527 976 975
f 1527 975 1528
f 1528 975 1525
f 992 994 1529
f 1530 1531 1532
f 1533 1534 1531
f 1535 1536 1532
f 1537 1538 1539
f 1539 1538 1540
f 1541 1542 1535
f 1535 1542 1543
f 1535 1543 1536
f 1536 1543 1544
f 1532 1531 1535
f 1535 1531 1534
f 1535 1534 1541
f 999 998 1530
f 1530 998 997
f 1533 1531 1545
f 1545 1531 1530
f 1545 1530 1520
f 1520 1530 997
f 1520 997 986
f 1546 982 981
f 1540 1547 1539
f 1539 1547 1548
f 1539 1548 1549
f 1549 1548 1546
f 1549 1546 1550
f 1546 981 1550
f 1550 981 988
f 1550 988 990
f 992 1529 990
f 990 1529 1550
f 1550 1529 1551
f 1550 1551 1549
f 1549 1551 1552
f 1549 1552 1539
f 1537 1539 1544
f 1544 1539 1552
f 1544 1552 1536
f 1536 1552 1551
f 1536 1551 1532
f 1532 1551 1529
f 1532 1529 1530
f 1530 1529 994
f 1530 994 999
f 1553 1554 1555
f 1555 1556 1553
f 1553 1556 1557
f 1553 1557 1558
f 1558 1557 1559
f 1558 1559 1560
f 1560 1559 1561
f 1561 1559 1562
f 1561 1562 1563
f 1555 1564 1556
f 1556 1564 1565
f 1556 1565 1557
f 1557 1565 1566
f 1557 1566 1559
f 1559 1566 1567
f 1559 1567 1562
f 1562 1567 1568
f 1564 1569 1565
f 1565 1569 1570
f 1565 1570 1566
f 1566 1570 1571
f 1566 1571 1567
f 1567 1571 1572
f 1567 1572 1568
f 1568 1572 1573
f 1089 1573 1088
f 1088 1573 1572
f 1088 1572 1077
f 1077 1572 1571
f 1077 1571 1073
f 1073 1571 1570
f 1073 1570 1074
f 1074 1570 1569
f 1574 1575 1576
f 1576 1575 1577
f 1576 1577 1578
f 1578 1577 1579
f 1578 1579 1580
f 1097 1095 1581
f 1097 1582 1099
f 1099 1582 1583
f 1099 1583 1101
f 1101 1583 1584
f 1101 1584 1103
f 1581 1574 1097
f 1097 1574 1576
f 1097 1576 1582
f 1582 1576 1578
f 1582 1578 1583
f 1583 1578 1585
f 1583 1585 1584
f 1586 1339 1338
f 1587 785 1341
f 1341 785 784
f 1341 784 783
f 1588 1589 1240
f 1588 1240 1590
f 1590 1240 785
f 1590 785 1591
f 1591 785 1587
f 1591 1587 1586
f 1586 1587 1341
f 1586 1341 1339
f 1592 1593 1594
f 1593 1595 1594
f 1594 1595 1596
f 1594 1596 1338
f 1338 1596 1597
f 1338 1597 1586
f 1594 1598 1592
f 1592 1598 1599
f 1592 1599 1600
f 1601 1602 1603
f 1013 1602 1011
f 1011 1602 1601
f 1011 1601 1604
f 1004 1008 1605
f 1605 1008 1007
f 1605 1007 1604
f 1604 1007 1006
f 1604 1006 1011
f 1606 1607 1290
f 1296 1288 1608
f 1608 1288 1289
f 1608 1609 1296
f 1296 1609 1610
f 1296 1610 1294
f 1294 1610 1287
f 1611 1612 1613
f 1613 1612 1614
f 1613 1614 1615
f 1615 1614 1616
f 1612 1600 1614
f 1614 1600 1599
f 1614 1599 1616
f 1616 1599 1598
f 1616 1598 1609
f 1609 1598 1594
f 1609 1594 1610
f 1610 1594 1338
f 1610 1338 1287
f 1617 1611 1618
f 1618 1611 1613
f 1618 1613 1619
f 1619 1613 1615
f 1619 1615 1620
f 1620 1615 1616
f 1620 1616 1621
f 1621 1616 1609
f 1621 1609 1606
f 1606 1609 1608
f 1606 1608 1607
f 1607 1608 1289
f 1607 1289 1290
f 1005 1004 1290
f 1290 1004 1605
f 1290 1605 1606
f 1606 1605 1604
f 1606 1604 1621
f 1621 1604 1601
f 1621 1601 1620
f 1620 1601 1603
f 1620 1603 1619
f 1619 1603 1622
f 1619 1622 1618
f 1623 1624 1625
f 1022 530 529
f 529 1626 1022
f 1022 1626 1627
f 1022 1627 1023
f 1023 1627 1628
f 1023 1628 1024
f 1629 1012 1014
f 1630 1013 1012
f 1012 1631 1630
f 1630 1631 1632
f 1630 1632 1633
f 1633 1632 1634
f 1634 1632 1635
f 1634 1635 1636
f 1637 1638 1635
f 1635 1638 1639
f 1635 1639 1636
f 1640 1641 1642
f 1642 1641 528
f 1642 528 1625
f 1625 528 556
f 1625 556 1623
f 1012 1629 1631
f 1631 1629 1643
f 1631 1643 1632
f 1632 1643 1641
f 1632 1641 1635
f 1635 1641 1640
f 1635 1640 1637
f 523 1024 1014
f 1014 1024 1628
f 1014 1628 1629
f 1629 1628 1627
f 1629 1627 1643
f 1643 1627 1626
f 1643 1626 1641
f 1641 1626 529
f 1641 529 528
f 1644 1645 1646
f 1647 1157 1648
f 1039 1026 1160
f 1160 1026 1025
f 1160 1025 1157
f 1649 1650 1651
f 1157 1025 1648
f 1648 1025 1030
f 1648 1030 1032
f 1032 1034 1652
f 1651 1647 1649
f 1649 1647 1648
f 1649 1648 1646
f 1646 1648 1032
f 1646 1032 1644
f 1644 1032 1652
f 1653 1654 1041
f 1041 1654 1117
f 1041 1117 1042
f 1042 1117 1111
f 1116 1117 1655
f 1655 1117 1654
f 1655 1654 1656
f 1656 1654 1657
f 1656 1657 1128
f 1128 1657 1658
f 1128 1658 1129
f 1129 1658 1131
f 1658 1659 1131
f 1131 1659 1660
f 1131 1660 1123
f 1123 1660 1661
f 1123 1661 1124
f 1124 1661 1126
f 1126 1661 1662
f 1126 1662 1127
f 1127 1662 1663
f 1127 1663 1664
f 1664 1663 1665
f 1664 1665 1666
f 1666 1667 1664
f 1664 1667 1668
f 1664 1668 1669
f 1669 1668 1670
f 1669 1670 1671
f 1670 1672 1671
f 1671 1672 1673
f 1671 1673 1122
f 1122 1673 1120
f 1120 1673 1674
f 1120 1674 1119
f 1674 1675 1119
f 1119 1675 1034
f 1119 1034 1035
f 1676 1677 1654
f 1653 1678 1654
f 1654 1678 1679
f 1654 1679 1676
f 1653 1041 1043
f 1047 1680 1045
f 1681 1682 1683
f 1684 1685 1686
f 1686 1685 1687
f 1686 1687 1688
f 1688 1687 1067
f 1688 1067 1066
f 1689 1680 1047
f 1689 1047 1683
f 1681 1683 1690
f 1047 1048 1683
f 1683 1048 1049
f 1683 1049 1690
f 1690 1049 1050
f 1690 1050 1684
f 1684 1050 1052
f 1684 1052 1685
f 1685 1052 1054
f 1685 1054 1687
f 1687 1054 1058
f 1687 1058 1067
f 1067 1058 1059
f 1067 1059 552
f 1691 1692 1693
f 1694 1563 1695
f 1104 1103 1696
f 1695 1563 1697
f 1693 1692 1696
f 1696 1692 1698
f 1696 1698 1104
f 1693 1699 1691
f 1691 1699 1700
f 1691 1700 1701
f 1701 1700 1702
f 1701 1702 1703
f 1703 1702 1704
f 1703 1704 1705
f 1705 1704 1706
f 1705 1706 1707
f 1707 1706 1708
f 1707 1708 1709
f 1709 1708 1710
f 1709 1710 1711
f 1711 1710 1712
f 1711 1712 1713
f 1713 1712 1714
f 1713 1714 1715
f 1715 1714 1716
f 1715 1716 1695
f 1695 1716 1717
f 1695 1717 1694
f 1563 1562 1697
f 1697 1562 1568
f 1697 1568 1718
f 1718 1568 1573
f 1718 1573 1698
f 1573 1089 1698
f 1698 1089 1090
f 1698 1090 1091
f 1091 1092 1698
f 1698 1092 1093
f 1698 1093 1104
f 1579 1577 1580
f 1580 1577 1719
f 1720 1072 1070
f 1720 1070 1721
f 1074 1722 1076
f 1076 1722 1721
f 1076 1721 1080
f 1080 1721 1070
f 1723 1081 1071
f 1082 1102 1093
f 1093 1102 1104
f 1081 1723 1082
f 1724 1094 1725
f 1725 1094 1096
f 1725 1096 1098
f 1072 1724 1071
f 1071 1724 1725
f 1071 1725 1723
f 1723 1725 1098
f 1723 1098 1082
f 1082 1098 1100
f 1082 1100 1102
f 1574 1726 1575
f 1727 1581 1728
f 1728 1581 1095
f 1728 1095 1094
f 1726 1729 1575
f 1575 1729 1719
f 1575 1719 1577
f 1574 1581 1726
f 1726 1581 1727
f 1726 1727 1729
f 1729 1727 1730
f 1722 1074 1569
f 1722 1569 1731
f 1731 1569 1564
f 1731 1564 1732
f 1732 1564 1555
f 1732 1555 1733
f 1733 1555 1554
f 1733 1554 1734
f 1066 1357 1688
f 1688 1357 1735
f 1688 1735 1686
f 1686 1735 1736
f 1686 1736 1684
f 1684 1736 1737
f 1110 1115 1738
f 1738 1115 1114
f 1738 1114 1113
f 1738 1739 1110
f 1110 1739 1740
f 1110 1740 1108
f 1108 1740 1106
f 1106 1740 1363
f 1106 1363 872
f 1369 1367 1741
f 1741 1367 1742
f 1741 1742 1743
f 1743 1742 1744
f 1744 1742 1745
f 1744 1745 1746
f 1746 1745 1747
f 1746 1747 1748
f 1749 1748 1750
f 1750 1748 1747
f 1750 1747 1751
f 1752 1751 1753
f 1753 1751 1747
f 1753 1747 1754
f 1754 1747 1745
f 1754 1745 1755
f 1755 1745 1742
f 1113 1752 1738
f 1738 1752 1753
f 1738 1753 1739
f 1739 1753 1754
f 1739 1754 1740
f 1740 1754 1755
f 1740 1755 1363
f 1363 1755 1742
f 1363 1742 1365
f 1365 1742 1367
f 1752 1113 1116
f 1756 1749 1757
f 1757 1749 1750
f 1757 1750 1758
f 1758 1750 1751
f 1116 1759 1752
f 1752 1759 1760
f 1752 1760 1751
f 1751 1760 1761
f 1751 1761 1758
f 1762 1763 1764
f 1765 1766 1767
f 1757 1758 1768
f 1656 1128 1769
f 1121 1118 1770
f 1118 1035 1771
f 1122 1772 1773
f 1122 1773 1671
f 1671 1773 1774
f 1671 1774 1669
f 1664 1775 1127
f 1127 1775 1776
f 1127 1776 1125
f 1656 1769 1655
f 1758 1761 1777
f 1777 1761 1760
f 1777 1760 1759
f 1756 1757 1778
f 1778 1757 1768
f 1778 1768 1779
f 1779 1768 1780
f 1765 1767 1781
f 1781 1782 1783
f 1783 1782 1784
f 1783 1784 1785
f 1785 1784 1786
f 1787 1788 1789
f 1118 1771 1770
f 1770 1771 1790
f 1770 1790 1791
f 1759 1792 1777
f 1777 1792 1793
f 1777 1793 1794
f 1794 1793 1795
f 1123 1125 1796
f 1796 1125 1776
f 1796 1776 1797
f 1797 1776 1775
f 1122 1121 1772
f 1772 1121 1770
f 1772 1770 1798
f 1798 1770 1791
f 1798 1791 1799
f 1800 1801 1802
f 1802 1801 1803
f 1802 1803 1804
f 1804 1803 1805
f 1804 1805 1806
f 1806 1774 1804
f 1804 1774 1773
f 1804 1773 1802
f 1802 1773 1772
f 1802 1772 1800
f 1800 1772 1798
f 1800 1798 1807
f 1807 1798 1799
f 1807 1799 1808
f 1758 1777 1768
f 1768 1777 1794
f 1768 1794 1780
f 1780 1794 1795
f 1780 1795 1809
f 1130 1123 1810
f 1810 1123 1796
f 1810 1796 1811
f 1811 1796 1797
f 1811 1797 1812
f 1812 1797 1813
f 1812 1813 1814
f 1814 1813 1815
f 1814 1815 1816
f 1816 1815 1817
f 1816 1817 1789
f 1789 1817 1764
f 1789 1764 1787
f 1787 1764 1763
f 1766 1809 1767
f 1767 1809 1795
f 1767 1795 1818
f 1818 1795 1793
f 1818 1793 1769
f 1769 1793 1792
f 1769 1792 1655
f 1655 1792 1759
f 1655 1759 1116
f 1788 1786 1789
f 1789 1786 1784
f 1789 1784 1816
f 1816 1784 1782
f 1816 1782 1814
f 1814 1782 1781
f 1814 1781 1812
f 1812 1781 1767
f 1812 1767 1811
f 1811 1767 1818
f 1811 1818 1810
f 1810 1818 1769
f 1810 1769 1130
f 1130 1769 1128
f 1808 1762 1807
f 1807 1762 1764
f 1807 1764 1800
f 1800 1764 1817
f 1800 1817 1801
f 1801 1817 1815
f 1801 1815 1803
f 1803 1815 1813
f 1803 1813 1805
f 1805 1813 1797
f 1805 1797 1806
f 1806 1797 1775
f 1806 1775 1774
f 1774 1775 1664
f 1774 1664 1669
f 1819 1820 1821
f 1822 1823 1824
f 1824 1823 1825
f 1824 1825 1826
f 1821 1820 1823
f 1823 1820 1827
f 1823 1827 1825
f 1819 1821 1828
f 1828 1821 1829
f 1828 1829 1830
f 1036 1037 1830
f 1830 1829 1036
f 1036 1829 1771
f 1036 1771 1035
f 1822 1808 1823
f 1823 1808 1799
f 1823 1799 1821
f 1821 1799 1791
f 1821 1791 1829
f 1829 1791 1790
f 1829 1790 1771
f 1142 1148 1831
f 1832 1833 1826
f 1819 1828 1820
f 1820 1828 1834
f 1820 1834 1827
f 1832 1826 1834
f 1834 1826 1825
f 1834 1825 1827
f 1835 1836 1837
f 1831 1148 1838
f 1838 1148 1149
f 1838 1149 1839
f 1840 1841 1831
f 1831 1841 1842
f 1142 1831 1143
f 1143 1831 1842
f 1143 1842 1144
f 1144 1842 1841
f 1144 1841 1132
f 1132 1841 1840
f 1132 1840 1133
f 1843 1844 1845
f 1846 1847 1848
f 1848 1847 1849
f 1850 1851 1848
f 1848 1851 1852
f 1848 1852 1846
f 1853 1854 1850
f 1850 1854 1855
f 1850 1855 1851
f 1856 1857 1858
f 1158 1859 1156
f 1156 1859 1860
f 1156 1860 1040
f 1828 1830 1834
f 1834 1830 1037
f 1834 1037 1832
f 1832 1037 1038
f 1861 1853 1862
f 1862 1853 1850
f 1862 1850 1863
f 1863 1850 1848
f 1863 1848 1843
f 1843 1848 1849
f 1843 1849 1844
f 1864 1865 1861
f 1861 1865 1856
f 1861 1856 1853
f 1853 1856 1858
f 1853 1858 1854
f 1864 1861 1866
f 1866 1861 1862
f 1866 1862 1838
f 1838 1862 1863
f 1838 1863 1831
f 1831 1863 1843
f 1831 1843 1840
f 1840 1843 1845
f 1840 1845 1133
f 1836 1833 1837
f 1837 1833 1832
f 1837 1832 1860
f 1860 1832 1038
f 1860 1038 1040
f 1839 1867 1838
f 1838 1867 1868
f 1838 1868 1866
f 1866 1868 1835
f 1866 1835 1864
f 1864 1835 1837
f 1864 1837 1865
f 1865 1837 1860
f 1865 1860 1856
f 1856 1860 1859
f 1856 1859 1857
f 1857 1859 1158
f 1869 1177 1179
f 1191 1870 1193
f 1193 1870 1871
f 1193 1871 1195
f 1195 1871 1872
f 1195 1872 1196
f 1189 1153 1191
f 1191 1153 1151
f 1191 1151 1870
f 1872 1873 1196
f 1196 1873 1874
f 1196 1874 1183
f 1183 1874 1875
f 1183 1875 1181
f 1181 1875 1876
f 1181 1876 1179
f 1179 1876 1877
f 1179 1877 1869
f 1857 1158 1155
f 1878 1171 1879
f 1879 1171 1173
f 1879 1173 1880
f 1869 1881 1177
f 1177 1881 1882
f 1177 1882 1175
f 1175 1882 1883
f 1175 1883 1173
f 1173 1883 1884
f 1173 1884 1880
f 1854 1858 1187
f 1187 1858 1857
f 1187 1857 1189
f 1189 1857 1155
f 1189 1155 1153
f 1885 1141 1886
f 1886 1141 1134
f 1886 1134 1878
f 1844 1849 1171
f 1171 1852 1169
f 1169 1852 1851
f 1169 1851 1187
f 1187 1851 1855
f 1187 1855 1854
f 1844 1171 1845
f 1849 1847 1171
f 1171 1847 1846
f 1171 1846 1852
f 1878 1134 1171
f 1171 1134 1133
f 1171 1133 1845
f 1870 1151 1150
f 1150 1887 1870
f 1870 1887 1888
f 1870 1888 1871
f 1871 1888 1889
f 1871 1889 1872
f 1872 1889 1890
f 1872 1890 1873
f 1873 1890 1891
f 1873 1891 1874
f 1874 1891 1875
f 1875 1891 1892
f 1875 1892 1876
f 1892 1893 1876
f 1876 1893 1894
f 1876 1894 1877
f 1877 1894 1895
f 1877 1895 1869
f 1869 1895 1896
f 1869 1896 1881
f 1221 1897 1898
f 1167 560 1197
f 1221 1898 1208
f 1178 1176 1898
f 1192 1887 1190
f 1190 1887 1150
f 1190 1150 1188
f 1208 1898 1209
f 1209 1898 1176
f 1209 1176 1174
f 1150 1152 1188
f 1188 1152 1154
f 1188 1154 1186
f 1186 1154 1170
f 1898 1896 1178
f 1178 1896 1895
f 1178 1895 1180
f 1180 1895 1894
f 1180 1894 1182
f 1182 1894 1893
f 1182 1893 1184
f 1172 1899 1174
f 1174 1899 1900
f 1174 1900 1209
f 1197 1231 1172
f 1231 1901 1172
f 1172 1901 1902
f 1172 1902 1899
f 1172 1170 1197
f 1197 1170 1154
f 1197 1154 1167
f 1167 1154 1159
f 1167 1159 1162
f 1162 1159 1157
f 1162 1157 1647
f 1893 1892 1184
f 1184 1892 1891
f 1184 1891 1185
f 1185 1891 1890
f 1185 1890 1194
f 1194 1890 1889
f 1194 1889 1192
f 1192 1889 1888
f 1192 1888 1887
f 1211 1210 1203
f 1203 1210 1216
f 1203 1216 1218
f 1209 1900 1219
f 1219 1900 1218
f 1211 1203 1903
f 1903 1203 1204
f 1903 1204 1904
f 1904 1204 1205
f 1904 1205 1905
f 1905 1205 1206
f 1905 1206 1906
f 1906 1206 1907
f 1907 1206 976
f 1907 976 1526
f 1218 1900 1203
f 1203 1900 1899
f 1203 1899 1202
f 1899 1902 1202
f 1202 1902 1901
f 1202 1901 1201
f 1201 1901 1200
f 1200 1901 1231
f 1200 1231 1199
f 1897 1908 1909
f 1910 1911 1912
f 1910 1912 1913
f 1914 1915 1916
f 1914 1230 1915
f 1915 1230 1229
f 1915 1229 1228
f 1897 1221 1908
f 1908 1221 1222
f 1908 1222 1223
f 1917 1918 1909
f 1909 1918 1919
f 1909 1919 1897
f 1912 1920 1913
f 1913 1920 1921
f 1913 1921 1922
f 1922 1921 1923
f 1922 1923 1924
f 1924 1923 1925
f 1926 1927 1928
f 1928 1927 1914
f 1928 1914 1929
f 1929 1914 1916
f 1224 1225 1927
f 1927 1225 1226
f 1927 1226 1914
f 1914 1226 1227
f 1914 1227 1230
f 1916 1910 1929
f 1929 1910 1913
f 1929 1913 1928
f 1928 1913 1922
f 1928 1922 1926
f 1926 1922 1924
f 1926 1924 1930
f 1930 1924 1925
f 1223 1224 1908
f 1908 1224 1927
f 1908 1927 1909
f 1909 1927 1926
f 1909 1926 1917
f 1917 1926 1930
f 1917 1930 1931
f 1931 1930 1925
f 1342 1343 1932
f 1932 1343 1933
f 1933 1343 1934
f 1934 1343 1337
f 1934 1337 1935
f 1935 1337 1336
f 1935 1336 1936
f 1936 1336 1335
f 1936 1335 1937
f 1335 1328 1937
f 1937 1328 1327
f 1937 1327 1938
f 1938 1327 1334
f 1938 1334 1939
f 1334 1333 1939
f 1939 1333 1326
f 1939 1326 1940
f 1239 1238 1941
f 1941 1238 1300
f 1941 1300 1942
f 1300 1299 1942
f 1942 1299 1298
f 1942 1298 1943
f 1943 1298 1944
f 1944 1298 1297
f 1944 1297 1945
f 1945 1297 1295
f 1945 1295 1946
f 1946 1295 1286
f 1946 1286 1947
f 1947 1286 1285
f 1947 1285 1948
f 1948 1285 1340
f 1948 1340 1949
f 1949 1340 1342
f 1949 1342 1932
f 1233 1232 1302
f 1302 1232 1950
f 1302 1950 1303
f 1951 1307 1952
f 1952 1307 1308
f 1952 1308 1953
f 1953 1308 1292
f 1953 1292 1954
f 1954 1292 1291
f 1954 1291 1955
f 1955 1291 1330
f 1955 1330 1956
f 1956 1330 1329
f 1956 1329 1957
f 1957 1329 1316
f 1957 1316 1958
f 1958 1316 1314
f 1958 1314 1959
f 1959 1314 1313
f 1959 1313 1960
f 1960 1313 1303
f 1960 1303 1961
f 1961 1303 1950
f 1951 1962 1307
f 1307 1962 1306
f 1306 1962 1301
f 1301 1962 1963
f 1301 1963 1310
f 1310 1963 1964
f 1310 1964 1311
f 1311 1964 1965
f 1311 1965 1312
f 1312 1965 1318
f 1318 1965 1966
f 1318 1966 1319
f 1319 1966 1967
f 1319 1967 1320
f 1320 1967 1968
f 1320 1968 1321
f 1321 1968 1969
f 1321 1969 1322
f 1322 1969 1970
f 1322 1970 1323
f 1323 1970 1971
f 1323 1971 1324
f 1971 1972 1324
f 1324 1972 1973
f 1324 1973 1325
f 1325 1973 1940
f 1325 1940 1326
f 1588 1590 1974
f 1588 1974 1589
f 1241 1240 1975
f 1975 1240 1589
f 1975 1589 1976
f 1976 1589 1974
f 1977 1305 1304
f 1978 1979 1309
f 1309 1979 1245
f 1309 1245 1244
f 1980 1981 1979
f 1979 1981 1245
f 1245 1981 1982
f 1245 1982 1250
f 1250 1982 1983
f 1250 1983 666
f 1984 1985 1986
f 1986 1985 1987
f 1986 1987 1988
f 1989 1990 1991
f 1991 1990 1992
f 1991 1992 1993
f 781 1994 782
f 782 1994 1993
f 782 1993 1304
f 1304 1993 1992
f 1304 1992 1977
f 1977 1992 1990
f 1977 1990 1995
f 1984 1996 1985
f 1985 1996 1997
f 1985 1997 1989
f 1989 1997 1998
f 1989 1998 1990
f 1990 1998 1980
f 1990 1980 1995
f 1995 1980 1979
f 1995 1979 1977
f 1977 1979 1978
f 1977 1978 1305
f 1305 1978 1309
f 1999 1259 1258
f 1258 1251 1999
f 1999 1251 662
f 1999 662 2000
f 2000 662 664
f 2001 2002 2000
f 2000 2002 2003
f 2000 2003 1999
f 1980 1998 2004
f 2004 1998 1997
f 2004 1997 2000
f 2000 1997 1996
f 2000 1996 2001
f 2001 1996 1984
f 2001 1984 2005
f 1983 1982 1981
f 664 666 2000
f 2000 666 1983
f 2000 1983 2004
f 2004 1983 1981
f 2004 1981 1980
f 1262 686 2006
f 2007 2008 2009
f 2007 2009 2010
f 686 1254 2006
f 2006 1254 651
f 2006 651 2011
f 2011 651 1255
f 2011 1255 2012
f 2012 2013 2011
f 2011 2013 2014
f 2011 2014 2006
f 2006 2014 2015
f 2006 2015 1262
f 2013 2016 2014
f 2014 2016 2017
f 2014 2017 2015
f 2015 2017 2018
f 2015 2018 1262
f 1262 2018 1260
f 1261 1260 2019
f 2019 1260 2018
f 2019 2018 2020
f 2020 2018 2017
f 2020 2017 2009
f 2009 2017 2016
f 2009 2016 2010
f 2010 2016 2013
f 2010 2013 2021
f 2021 2013 2012
f 2021 2012 2022
f 2022 2012 1255
f 2022 1255 1259
f 1266 1265 2023
f 1266 2023 2024
f 2024 2023 2025
f 2024 2025 2026
f 2026 2025 2027
f 2027 2025 2028
f 2027 2028 2029
f 2029 2028 2030
f 2030 2028 2031
f 2030 2031 2032
f 1265 1264 2023
f 2023 1264 2033
f 2023 2033 2025
f 2025 2033 2034
f 2025 2034 2028
f 2028 2034 2035
f 2028 2035 2031
f 2031 2035 2036
f 1264 1263 2033
f 2033 1263 2037
f 2033 2037 2034
f 2034 2037 2038
f 2034 2038 2035
f 2035 2038 2039
f 2035 2039 2036
f 2036 2039 2040
f 2008 2040 2009
f 2009 2040 2039
f 2009 2039 2020
f 2020 2039 2038
f 2020 2038 2019
f 2019 2038 2037
f 2019 2037 1261
f 1261 2037 1263
f 2041 2042 2043
f 2043 2042 2044
f 2045 2046 2044
f 2046 2045 2047
f 2048 2049 2050
f 2050 2049 2051
f 2049 2052 2051
f 2051 2052 2053
f 2051 2053 2054
f 2054 2053 2055
f 2054 2055 2056
f 2056 2055 2057
f 2056 2057 2058
f 2058 2057 2059
f 2058 2059 2047
f 2047 2059 2060
f 2047 2060 2046
f 2053 2052 2061
f 1275 1274 1273
f 1272 1271 2062
f 1270 1269 2063
f 2029 2064 2065
f 2032 2044 2030
f 2030 2044 2046
f 2060 2064 2046
f 2046 2064 2029
f 2046 2029 2030
f 2066 2024 2067
f 2067 2024 2026
f 2067 2026 2065
f 2065 2026 2027
f 2065 2027 2029
f 1266 2024 1267
f 1267 2024 2066
f 1267 2066 1268
f 1275 1273 1276
f 1276 1273 2068
f 1276 2068 2069
f 2069 2068 2070
f 2069 2070 2071
f 2071 2070 2072
f 2071 2072 2073
f 2074 2075 2076
f 2076 2075 2073
f 2073 2072 2076
f 2076 2072 2049
f 2076 2049 2048
f 2077 2074 2078
f 2078 2074 2076
f 2078 2076 2079
f 2079 2076 2048
f 2079 2048 2080
f 2080 2048 2081
f 2053 2061 2055
f 1273 1272 2068
f 2068 1272 2062
f 2068 2062 2070
f 2070 2062 2082
f 2070 2082 2072
f 2072 2082 2061
f 2072 2061 2049
f 2049 2061 2052
f 1271 1270 2062
f 2062 1270 2063
f 2062 2063 2082
f 2082 2063 2083
f 2082 2083 2061
f 2061 2083 2084
f 2061 2084 2055
f 2055 2084 2057
f 1269 1268 2063
f 2063 1268 2066
f 2063 2066 2083
f 2083 2066 2067
f 2083 2067 2084
f 2084 2067 2065
f 2084 2065 2057
f 2057 2065 2064
f 2057 2064 2059
f 2059 2064 2060
f 2085 2086 2087
f 2088 2089 2090
f 2091 2092 2093
f 2094 2095 2096
f 1284 1283 2097
f 1282 1278 2098
f 1280 1279 2099
f 1277 1276 2069
f 1280 2099 1281
f 2077 2085 2074
f 2074 2085 2087
f 2074 2087 2075
f 2075 2087 2100
f 2075 2100 2073
f 2073 2100 2071
f 2071 2100 2099
f 2071 2099 2069
f 2069 2099 1279
f 2069 1279 1277
f 2086 2088 2087
f 2087 2088 2090
f 2087 2090 2100
f 2100 2090 2101
f 2100 2101 2099
f 2099 2101 2098
f 2099 2098 1281
f 1281 2098 1278
f 2089 2091 2090
f 2090 2091 2093
f 2090 2093 2101
f 2101 2093 2102
f 2101 2102 2098
f 2098 2102 2097
f 2098 2097 1282
f 1282 2097 1283
f 828 1284 2103
f 2103 1284 2097
f 2103 2097 2104
f 2104 2097 2102
f 2104 2102 2096
f 2096 2102 2093
f 2096 2093 2094
f 2094 2093 2092
f 2105 2106 2107
f 2108 2109 2110
f 2111 2112 2113
f 823 813 2114
f 828 2103 2115
f 823 2114 824
f 824 2114 2116
f 824 2116 825
f 2117 827 2116
f 2116 827 826
f 2116 826 825
f 2118 2119 2117
f 2107 2120 2108
f 2121 2122 2123
f 2124 2125 2126
f 2126 2125 2122
f 2126 2122 2127
f 2096 2095 2128
f 2108 2110 2107
f 2107 2110 2129
f 2107 2129 2105
f 2130 2131 2106
f 2106 2131 2121
f 2106 2121 2107
f 2107 2121 2123
f 2107 2123 2120
f 2127 2122 2132
f 2132 2122 2121
f 2132 2121 2128
f 2128 2121 2131
f 2128 2131 2096
f 2096 2131 2130
f 2096 2130 2104
f 2112 2119 2113
f 2113 2119 2118
f 2113 2118 2133
f 2133 2118 2134
f 2133 2134 2135
f 2117 2116 2118
f 2118 2116 2114
f 2118 2114 2134
f 2134 2114 813
f 2134 813 2135
f 2135 813 812
f 2135 812 2136
f 2136 812 810
f 2136 810 2115
f 2115 810 809
f 2115 809 828
f 2103 2104 2115
f 2115 2104 2130
f 2115 2130 2136
f 2136 2130 2106
f 2136 2106 2135
f 2135 2106 2105
f 2135 2105 2133
f 2133 2105 2129
f 2133 2129 2113
f 2113 2129 2110
f 2113 2110 2111
f 2111 2110 2109
f 2137 2138 2139
f 1317 1331 2140
f 1332 1293 2141
f 2124 2142 2143
f 2144 2122 2143
f 2143 2122 2125
f 2143 2125 2124
f 2145 2120 2144
f 2144 2120 2123
f 2144 2123 2122
f 2146 2109 2145
f 2145 2109 2108
f 2145 2108 2120
f 2147 2112 2146
f 2146 2112 2111
f 2146 2111 2109
f 1293 827 2141
f 2141 827 2117
f 2141 2117 2147
f 2147 2117 2119
f 2147 2119 2112
f 2142 2137 2143
f 2143 2137 2139
f 2143 2139 2144
f 2144 2139 2148
f 2144 2148 2145
f 2145 2148 2149
f 2145 2149 2146
f 2146 2149 2150
f 2146 2150 2147
f 2147 2150 2151
f 2147 2151 2141
f 2141 2151 2140
f 2141 2140 1332
f 1332 2140 1331
f 2138 2152 2139
f 2139 2152 2153
f 2139 2153 2154
f 1315 1317 2155
f 2155 1317 2140
f 2155 2140 2156
f 2156 2140 2151
f 2156 2151 2157
f 2157 2151 2150
f 2157 2150 2158
f 2158 2150 2149
f 2158 2149 2159
f 2159 2149 2148
f 2159 2148 2160
f 2160 2148 2139
f 2160 2139 2161
f 2161 2139 2154
f 2161 2154 2162
f 2159 2160 2163
f 2164 2165 2166
f 2167 2168 2169
f 1352 1353 2170
f 2161 2162 2171
f 1344 1351 2172
f 1344 2172 1345
f 2168 2167 2173
f 2173 2167 2174
f 2173 2174 2175
f 2176 2177 2178
f 2178 2177 2179
f 2180 1354 1315
f 1352 2170 1347
f 1350 1349 2181
f 2181 1349 1348
f 2181 1348 1347
f 2182 2174 2183
f 2183 2174 2167
f 2183 2167 2184
f 2184 2167 2169
f 2184 2169 2185
f 2186 2187 2188
f 2188 2187 2176
f 2159 2163 2158
f 2189 2164 2190
f 2190 2164 2166
f 2190 2166 2191
f 2191 2166 2192
f 2191 2192 2193
f 2193 2192 2194
f 1353 1354 2170
f 2170 1354 2180
f 2170 2180 2195
f 2195 2180 2196
f 2195 2196 2197
f 2197 2196 2198
f 2197 2198 2199
f 2199 2189 2197
f 2197 2189 2190
f 2197 2190 2195
f 2195 2190 2191
f 2195 2191 2170
f 2170 2191 2193
f 2170 2193 1347
f 1347 2193 2194
f 1347 2194 2181
f 2178 2182 2176
f 2176 2182 2183
f 2176 2183 2188
f 2188 2183 2184
f 2188 2184 2186
f 2186 2184 2185
f 2186 2185 2200
f 2200 2185 2201
f 2200 2201 2172
f 2172 2201 2202
f 2172 2202 1345
f 1345 2202 1346
f 1315 2155 2180
f 2180 2155 2156
f 2180 2156 2196
f 2196 2156 2157
f 2196 2157 2198
f 2198 2157 2158
f 2198 2158 2199
f 2199 2158 2163
f 2199 2163 2189
f 2189 2163 2203
f 2189 2203 2164
f 2164 2203 2204
f 2164 2204 2165
f 1351 1350 2172
f 2172 1350 2181
f 2172 2181 2200
f 2200 2181 2194
f 2200 2194 2186
f 2186 2194 2192
f 2186 2192 2187
f 2187 2192 2166
f 2187 2166 2176
f 2176 2166 2165
f 2176 2165 2177
f 2177 2165 2204
f 2177 2204 2179
f 2179 2204 2203
f 2179 2203 2205
f 2205 2203 2163
f 2205 2163 2171
f 2171 2163 2160
f 2171 2160 2161
f 2175 2206 2173
f 2173 2206 2207
f 2173 2207 2168
f 2168 2207 2208
f 2168 2208 2169
f 2169 2208 2209
f 2169 2209 2185
f 2185 2209 2210
f 2185 2210 2201
f 2201 2210 2202
f 2202 2210 1355
f 2202 1355 1346
f 1357 1356 2211
f 2211 1356 2212
f 2211 2212 2213
f 2213 2212 2214
f 2214 2212 2215
f 2214 2215 2216
f 2216 2215 2217
f 2216 2217 2218
f 2219 2220 2218
f 2218 2217 2219
f 2219 2217 2207
f 2219 2207 2206
f 1356 1355 2212
f 2212 1355 2210
f 2212 2210 2215
f 2215 2210 2209
f 2215 2209 2217
f 2217 2209 2208
f 2217 2208 2207
f 1444 2221 2222
f 2223 910 912
f 1466 912 1467
f 1467 912 913
f 1467 913 918
f 1466 1472 912
f 912 1472 1471
f 912 1471 2223
f 908 909 2224
f 2224 909 2225
f 2224 2225 2226
f 2226 2225 2227
f 2226 2227 2228
f 2228 2227 2229
f 2229 2227 2230
f 2229 2230 2231
f 2231 2230 2232
f 2232 2230 2233
f 2232 2233 2234
f 2234 2233 2235
f 2235 2233 2236
f 2235 2236 2237
f 2237 2236 2238
f 2237 2238 2239
f 2239 2238 2240
f 2239 2240 2241
f 2241 2240 2242
f 2242 2240 2243
f 2242 2243 2244
f 2244 2243 2245
f 2244 2245 2246
f 2247 2248 2245
f 2245 2248 2249
f 2245 2249 2246
f 2250 2251 2252
f 2252 2251 2253
f 2252 2253 2247
f 2247 2253 2254
f 2247 2254 2248
f 2255 2256 2257
f 2257 2256 2258
f 2257 2258 2250
f 2250 2258 2259
f 2250 2259 2251
f 2260 2261 2255
f 2255 2261 2262
f 2255 2262 2256
f 2263 2264 2260
f 2260 2264 2265
f 2260 2265 2261
f 2266 2267 2268
f 2268 2267 2269
f 2268 2269 2263
f 2263 2269 2270
f 2263 2270 2264
f 2271 2272 2266
f 2268 1371 1368
f 2266 2268 2271
f 2271 2268 1368
f 2271 1368 1369
f 1371 2268 1362
f 1362 2268 2263
f 1362 2263 1359
f 1359 2263 1360
f 1360 2263 2260
f 1360 2260 1379
f 1379 2260 1383
f 1383 2260 2255
f 1383 2255 1407
f 1407 2255 1406
f 1406 2255 2257
f 1406 2257 1404
f 1404 2257 2250
f 1404 2250 1402
f 1402 2250 1400
f 1400 2250 2252
f 1400 2252 1438
f 1438 2252 2247
f 1438 2247 1398
f 1398 2247 2245
f 1398 2245 1396
f 2273 1393 1395
f 2274 1386 2275
f 2275 1386 1389
f 2275 1389 2276
f 2276 1389 1388
f 2276 1388 2273
f 2273 1388 1391
f 2273 1391 1393
f 1444 1443 2221
f 2221 1443 1455
f 2221 1455 2274
f 2274 1455 1387
f 2274 1387 1386
f 2277 1475 2222
f 2222 1475 1476
f 2222 1476 1444
f 1471 1478 2223
f 2223 1478 1477
f 2223 1477 2277
f 2277 1477 1473
f 2277 1473 1475
f 909 910 2225
f 2225 910 2223
f 2225 2223 2227
f 2227 2223 2277
f 2227 2277 2230
f 2230 2277 2222
f 2230 2222 2233
f 2233 2222 2221
f 2233 2221 2236
f 2236 2221 2274
f 2236 2274 2238
f 2238 2274 2275
f 2238 2275 2240
f 2240 2275 2276
f 2240 2276 2243
f 2243 2276 2273
f 2243 2273 2245
f 2245 2273 1395
f 2245 1395 1396
f 1495 2278 2279
f 1534 1533 2280
f 1540 1538 2281
f 2281 1538 1537
f 1544 2282 1537
f 1537 2282 2283
f 1537 2283 2281
f 1544 1543 2282
f 2282 1543 1542
f 2282 1542 1541
f 1534 2280 1541
f 1541 2280 2282
f 2282 2280 2284
f 2282 2284 2285
f 2286 1492 2279
f 2279 1492 1494
f 2279 1494 1495
f 1498 1497 2286
f 2286 1497 1496
f 2286 1496 1492
f 1516 2287 2288
f 1545 1520 2289
f 2289 1520 1519
f 2289 1519 2290
f 1519 1516 2290
f 2290 1516 2288
f 2290 2288 2289
f 2289 2288 2291
f 2289 2291 2292
f 1495 2293 2278
f 2278 2293 2285
f 2278 2285 2279
f 2279 2285 2284
f 2279 2284 2286
f 1533 1545 2280
f 2280 1545 2289
f 2280 2289 2284
f 2284 2289 2292
f 2284 2292 2286
f 2286 2292 2291
f 2286 2291 1498
f 1498 2291 2288
f 1498 2288 1493
f 1493 2288 2287
f 1493 2287 1499
f 1499 2287 1516
f 1499 1516 1500
f 1546 1524 982
f 982 1524 983
f 1546 1548 2294
f 2294 1548 1547
f 2294 1547 2295
f 2295 1547 1540
f 1546 2294 1524
f 1524 2294 2296
f 1524 2296 1525
f 1525 2296 1528
f 1528 2296 2297
f 1528 2297 1527
f 1527 2297 2298
f 1527 2298 1526
f 1617 2299 1611
f 1611 2299 2300
f 1611 2300 1612
f 1612 2300 2301
f 1612 2301 1600
f 1600 2301 2302
f 1600 2302 2303
f 1600 2303 1592
f 2303 2304 1592
f 1592 2304 2305
f 1592 2305 1593
f 1593 2305 2306
f 1593 2306 1595
f 1595 2306 2307
f 1595 2307 1596
f 1596 2307 2308
f 1596 2308 1597
f 1597 2308 2309
f 1597 2309 1586
f 1586 2309 1591
f 1591 2309 2310
f 1591 2310 1590
f 1590 2310 1974
f 2311 2312 2313
f 2313 2312 2314
f 2315 2316 2317
f 2315 2317 2318
f 2318 2317 2319
f 2318 2319 2320
f 2320 2319 2321
f 2320 2321 2322
f 2323 2324 2325
f 2325 2324 2326
f 2325 2326 2327
f 2327 2326 2328
f 2327 2328 2329
f 2329 2328 2330
f 2329 2330 2331
f 2332 2333 2331
f 2331 2333 2334
f 2331 2334 2329
f 2329 2334 2335
f 2329 2335 2327
f 2336 1554 1553
f 1694 1717 2337
f 2337 1560 1694
f 1694 1560 1561
f 1694 1561 1563
f 2337 2338 1560
f 1560 2338 2339
f 1560 2339 1558
f 2339 2340 1558
f 1558 2340 2341
f 1558 2341 1553
f 1553 2341 2342
f 1553 2342 2336
f 2343 2344 2345
f 2345 2344 2346
f 2345 2346 2347
f 2347 2346 2324
f 2347 2324 2323
f 2348 2349 2350
f 1681 2351 1682
f 1682 2351 2352
f 1682 2352 2353
f 2352 2354 2353
f 2353 2354 2355
f 2353 2355 2350
f 2350 2355 2356
f 2350 2356 2348
f 2357 2358 2359
f 2359 2358 2360
f 2359 2360 2349
f 2349 2360 2361
f 2349 2361 2350
f 1737 2362 1684
f 1684 2362 2363
f 1684 2363 1690
f 1690 2363 2364
f 1690 2364 1681
f 1681 2364 2365
f 1681 2365 2351
f 2346 2344 2366
f 2330 2328 2366
f 2328 2326 2366
f 2366 2326 2324
f 2366 2324 2346
f 2367 2368 2366
f 2366 2368 2369
f 2366 2369 2370
f 2370 2371 2366
f 2366 2371 2372
f 2366 2372 2330
f 1717 1716 2373
f 2366 2344 2373
f 2373 2344 2343
f 2342 2341 2343
f 2343 2341 2340
f 2340 2339 2343
f 2343 2339 2338
f 2343 2338 2373
f 2373 2338 2337
f 2373 2337 1717
f 2373 1716 2374
f 2374 1716 1714
f 2374 1714 2375
f 2375 1714 2376
f 2376 1714 1712
f 2376 1712 2377
f 1710 2378 2379
f 1710 2379 1712
f 1712 2379 2380
f 1712 2380 2377
f 1708 2381 2382
f 1708 2382 1710
f 1710 2382 2383
f 1710 2383 2378
f 2384 1702 2385
f 2385 1702 1700
f 2385 1700 2386
f 2381 1708 2387
f 2387 1708 1706
f 2387 1706 2388
f 2388 1706 2389
f 2389 1706 1704
f 2389 1704 2390
f 2384 2391 1702
f 1702 2391 2392
f 1702 2392 1704
f 1704 2392 2393
f 1704 2393 2390
f 2394 2395 2396
f 1103 1584 2397
f 1103 2397 1696
f 1693 1696 2394
f 2394 2396 1693
f 1693 2396 2398
f 1693 2398 1699
f 1700 1699 2386
f 2386 1699 2398
f 2386 2398 2399
f 2399 2398 2396
f 2399 2396 2400
f 2400 2396 2395
f 2400 2395 2401
f 2402 2403 2404
f 1696 2397 2394
f 2394 2397 2402
f 2394 2402 2395
f 2395 2402 2404
f 2395 2404 2401
f 2405 2406 2407
f 2407 2406 2408
f 2407 2408 2409
f 2409 2408 2410
f 2411 2412 2413
f 2405 2411 2406
f 2406 2411 2413
f 2406 2413 2414
f 2414 2413 2415
f 2416 2417 2418
f 2418 2417 2419
f 2418 2419 2420
f 2419 2402 2420
f 2420 2402 2397
f 2420 2397 2421
f 2421 2397 1584
f 2403 2422 2423
f 2423 2422 2424
f 2423 2424 2425
f 2416 2407 2417
f 2417 2407 2409
f 2417 2409 2426
f 2426 2409 2410
f 2426 2410 2427
f 2427 2410 2428
f 2427 2428 2429
f 2427 2425 2426
f 2426 2425 2424
f 2426 2424 2417
f 2417 2424 2422
f 2417 2422 2419
f 2419 2422 2403
f 2419 2403 2402
f 2314 2312 2430
f 2314 2430 2429
f 2429 2430 2431
f 2429 2431 2427
f 2432 2433 2434
f 2435 2436 2437
f 2438 2431 2430
f 2430 2439 2438
f 2438 2439 2440
f 2438 2440 2441
f 2442 2443 2444
f 2445 2446 2447
f 2447 2446 2448
f 2447 2448 2442
f 2442 2448 2449
f 2442 2449 2443
f 1633 1634 2445
f 2445 1634 1636
f 2445 1636 2446
f 2446 1636 1639
f 2446 1639 1638
f 2445 2450 1633
f 1633 2450 2451
f 1633 2451 1630
f 1603 2452 1622
f 1622 2452 2453
f 1622 2453 1618
f 2454 1617 1618
f 2455 2456 2457
f 2457 2456 2454
f 2458 2459 2455
f 2436 2460 2437
f 2437 2460 2461
f 2437 2461 2458
f 2458 2461 2462
f 2458 2462 2459
f 2430 2312 2439
f 2439 2312 2311
f 2439 2311 2463
f 2437 2464 2435
f 2435 2464 2441
f 2435 2441 2465
f 2465 2441 2440
f 2465 2440 2466
f 2466 2440 2439
f 2466 2439 2467
f 2467 2439 2463
f 2467 2463 2468
f 2469 2470 2471
f 2455 2457 2458
f 2458 2457 2471
f 2458 2471 2437
f 2437 2471 2470
f 2437 2470 2464
f 2464 2470 2472
f 2464 2472 2441
f 1602 2433 1603
f 1603 2433 2432
f 1603 2432 2452
f 2452 2432 2473
f 2452 2473 2453
f 1618 2453 2454
f 2454 2453 2473
f 2454 2473 2457
f 2457 2473 2432
f 2457 2432 2471
f 2471 2432 2434
f 2471 2434 2469
f 1013 1630 1602
f 1602 1630 2451
f 1602 2451 2433
f 2433 2451 2450
f 2433 2450 2434
f 2434 2450 2445
f 2434 2445 2469
f 2469 2445 2447
f 2469 2447 2470
f 2470 2447 2442
f 2470 2442 2472
f 2472 2442 2444
f 1168 1624 554
f 554 1624 1623
f 554 1623 556
f 1650 1168 1651
f 1651 1168 1162
f 1651 1162 1647
f 1670 1668 2474
f 1668 1667 2474
f 2474 1667 1666
f 2474 1666 1665
f 2474 2475 1670
f 1670 2475 2476
f 1670 2476 1672
f 1672 2476 1673
f 1673 2476 2477
f 1673 2477 1674
f 1652 1034 2477
f 2477 1034 1675
f 2477 1675 1674
f 2478 1644 1652
f 1645 1644 2479
f 2479 1644 2478
f 2479 2478 2480
f 1652 2477 2478
f 2478 2477 2476
f 2478 2476 2480
f 2480 2476 2475
f 2480 2475 2481
f 2481 2475 2482
f 2482 2475 2474
f 2482 2474 2483
f 2483 2474 2484
f 2483 2484 2485
f 1660 1659 2484
f 1665 1663 2474
f 2474 1663 1662
f 2474 1662 2484
f 2484 1662 1661
f 2484 1661 1660
f 1654 2486 1657
f 1657 2486 1658
f 2486 2487 1658
f 1658 2487 2488
f 1658 2488 1659
f 1659 2488 2489
f 1659 2489 2484
f 2484 2489 2490
f 2484 2490 2485
f 1043 1045 2491
f 2491 1045 1680
f 2491 1680 1689
f 2492 1677 2493
f 2493 1677 1676
f 2493 1676 2494
f 2494 1676 1679
f 2494 1679 2495
f 2495 1679 1678
f 2495 1678 2496
f 2496 1678 1653
f 2496 1653 2497
f 1653 1043 2497
f 2497 1043 2491
f 2497 2491 2496
f 2496 2491 2498
f 2496 2498 2495
f 2495 2498 2499
f 2495 2499 2494
f 2494 2499 2500
f 2494 2500 2493
f 2493 2500 2501
f 2502 2503 2504
f 2358 2502 2360
f 2360 2502 2504
f 2360 2504 2361
f 2361 2504 2505
f 2361 2505 2350
f 2350 2505 2506
f 2350 2506 2353
f 1683 1682 2353
f 2353 2506 1683
f 1683 2506 2491
f 1683 2491 1689
f 2503 2501 2504
f 2504 2501 2500
f 2504 2500 2505
f 2505 2500 2499
f 2505 2499 2506
f 2506 2499 2498
f 2506 2498 2491
f 2507 1707 2508
f 2508 1707 1709
f 2508 1709 2509
f 2509 1709 2510
f 2510 1709 1711
f 2510 1711 2511
f 2511 1711 1713
f 2511 1713 2512
f 2512 1713 2513
f 2513 1713 1715
f 2513 1715 2514
f 2514 1715 2515
f 2515 1715 1695
f 2515 1695 2516
f 2516 1695 1697
f 2516 1697 2517
f 2517 1697 2518
f 2518 1697 1718
f 2518 1718 2519
f 2519 1718 2520
f 2520 1718 1698
f 2520 1698 2521
f 2521 1698 1692
f 2522 2523 1691
f 1691 2523 2524
f 1691 2524 1692
f 1692 2524 2525
f 1692 2525 2521
f 2522 1691 2526
f 2526 1691 1701
f 2526 1701 2527
f 2527 1701 1703
f 2527 1703 2528
f 2528 1703 1705
f 2528 1705 2529
f 1707 2507 1705
f 1705 2507 2530
f 1705 2530 2529
f 1585 1578 2531
f 2531 1578 1580
f 2531 1580 2532
f 2532 1580 1719
f 2532 1719 2533
f 2533 1719 1729
f 2533 1729 1730
f 2534 2416 2418
f 1585 2531 1584
f 1584 2531 2534
f 1584 2534 2421
f 2421 2534 2418
f 2421 2418 2420
f 2407 2416 2405
f 2405 2416 2534
f 2405 2534 2411
f 2411 2534 2531
f 2411 2531 2412
f 2412 2531 2535
f 2535 2531 2532
f 2535 2532 2536
f 2537 2538 2539
f 2540 1721 2541
f 2541 1721 1722
f 2541 1722 2542
f 1094 1724 2543
f 2543 1724 1072
f 2543 1072 1720
f 1727 1728 2544
f 2544 1728 2545
f 2546 2547 2548
f 2548 2547 2549
f 2548 2549 2550
f 2550 2549 2551
f 2552 2546 2537
f 2537 2546 2548
f 2537 2548 2538
f 2538 2548 2550
f 1728 1094 2545
f 2545 1094 2543
f 2545 2543 2540
f 2540 2543 1720
f 2540 1720 1721
f 1730 1727 2539
f 2539 1727 2544
f 2539 2544 2537
f 2537 2544 2545
f 2537 2545 2552
f 2552 2545 2540
f 2552 2540 2546
f 2546 2540 2541
f 2546 2541 2547
f 2547 2541 2542
f 2553 2542 1731
f 1731 2542 1722
f 2554 2551 2555
f 2555 2551 2549
f 2556 2554 2557
f 2557 2554 2555
f 2557 2555 2558
f 2558 2555 2549
f 2558 2549 2547
f 1732 1733 2559
f 2559 1733 2560
f 2559 2560 2561
f 1731 1732 2553
f 2553 1732 2559
f 2553 2559 2562
f 2562 2559 2561
f 2562 2561 2563
f 2564 2556 2563
f 2563 2556 2557
f 2563 2557 2562
f 2562 2557 2558
f 2562 2558 2553
f 2553 2558 2547
f 2553 2547 2542
f 2565 2564 2566
f 2566 2564 2563
f 2566 2563 2567
f 2567 2563 2561
f 2567 2561 2568
f 2568 2561 2560
f 2568 2560 2569
f 2569 2560 1733
f 2569 1733 1734
f 2570 2571 2572
f 2572 2571 2573
f 2574 2575 2570
f 2576 2577 2578
f 2578 2577 2579
f 2578 2579 2580
f 2580 2579 2581
f 2581 2579 2582
f 2581 2582 2583
f 2583 2582 2584
f 2583 2584 2585
f 2585 2584 2586
f 2585 2586 2587
f 2587 2586 2588
f 2587 2588 2589
f 2589 2588 2575
f 2589 2575 2574
f 2590 2591 2592
f 2585 2587 2593
f 2593 2587 2589
f 2593 2589 2574
f 2570 2565 2574
f 2574 2565 2566
f 2574 2566 2593
f 2593 2566 2594
f 2593 2594 2585
f 2585 2594 2595
f 2596 2581 2595
f 2595 2581 2583
f 2595 2583 2585
f 2597 2578 2596
f 2596 2578 2580
f 2596 2580 2581
f 2598 2576 2599
f 2599 2576 2600
f 2599 2600 2601
f 2601 2600 2602
f 2601 2602 2603
f 2576 2578 2600
f 2600 2578 2597
f 2600 2597 2602
f 2602 2597 2604
f 2605 2606 2607
f 2607 2590 2605
f 2605 2590 2592
f 2605 2592 2608
f 2608 2592 2609
f 2610 2611 2609
f 2609 2611 2612
f 2609 2612 2608
f 2613 2614 2615
f 2615 2614 2616
f 2615 2616 2610
f 2610 2616 2617
f 2610 2617 2611
f 1734 2613 2569
f 2569 2613 2615
f 2569 2615 2568
f 2567 2568 2618
f 2618 2568 2615
f 2618 2615 2619
f 2619 2615 2610
f 2619 2610 2620
f 2620 2610 2609
f 2620 2609 2621
f 2621 2609 2592
f 2621 2592 2622
f 2622 2592 2591
f 2566 2567 2594
f 2594 2567 2618
f 2594 2618 2595
f 2595 2618 2619
f 2595 2619 2596
f 2596 2619 2620
f 2596 2620 2597
f 2597 2620 2621
f 2597 2621 2604
f 2604 2621 2622
f 2623 2624 2625
f 2626 2627 2628
f 2629 2357 2630
f 2627 2631 2628
f 2628 2631 2632
f 2628 2632 2633
f 2626 2628 2634
f 2634 2628 2635
f 2634 2635 2636
f 2636 2635 2637
f 2636 2637 2638
f 2638 2637 2639
f 2639 2637 2640
f 2639 2640 2641
f 2641 2640 2642
f 2642 2640 2643
f 2642 2643 2644
f 2644 2643 2645
f 2645 2643 2625
f 2645 2625 2646
f 2646 2625 2624
f 2646 2624 2647
f 2648 2649 2650
f 2649 2651 2650
f 2650 2651 2652
f 2650 2652 2623
f 2653 2648 2654
f 2654 2648 2650
f 2654 2650 2655
f 2655 2650 2656
f 2657 2629 2658
f 2658 2629 2630
f 2658 2630 2659
f 2659 2630 2660
f 2659 2660 2661
f 2661 2660 2662
f 2661 2662 2663
f 2663 2662 2664
f 2663 2664 2656
f 2656 2664 2665
f 2656 2665 2655
f 2623 2625 2650
f 2650 2625 2643
f 2650 2643 2656
f 2656 2643 2640
f 2656 2640 2663
f 2663 2640 2637
f 2663 2637 2661
f 2661 2637 2635
f 2661 2635 2659
f 2659 2635 2628
f 2659 2628 2658
f 2658 2628 2633
f 2658 2633 2657
f 2666 2667 2668
f 2669 2670 2671
f 2672 2653 2654
f 2673 2669 2674
f 2674 2669 2671
f 2674 2671 2675
f 2675 2671 2676
f 2675 2676 2677
f 2677 2676 2678
f 2677 2678 2679
f 2679 2678 2680
f 2679 2680 2681
f 2681 2680 2682
f 2681 2682 2683
f 2683 2682 2672
f 2683 2672 2684
f 2684 2672 2654
f 2684 2654 2655
f 2685 2686 2364
f 2364 2363 2685
f 2685 2363 2362
f 2685 2362 1737
f 2687 2351 2686
f 2686 2351 2365
f 2686 2365 2364
f 2355 2354 2687
f 2687 2354 2352
f 2687 2352 2351
f 2688 2348 2356
f 2688 2356 2689
f 2662 2660 2690
f 2690 2660 2630
f 2348 2688 2349
f 2349 2688 2690
f 2349 2690 2359
f 2359 2690 2630
f 2359 2630 2357
f 2655 2665 2684
f 2684 2665 2691
f 2684 2691 2683
f 2683 2691 2692
f 2683 2692 2681
f 2681 2692 2693
f 2681 2693 2679
f 2679 2693 2694
f 2679 2694 2677
f 2677 2694 2695
f 2677 2695 2675
f 2675 2695 2696
f 2675 2696 2674
f 2674 2696 2697
f 2674 2697 2673
f 2662 2690 2698
f 2698 2690 2688
f 2698 2688 2699
f 2699 2688 2689
f 2699 2689 2700
f 2700 2689 2701
f 2700 2701 2666
f 2666 2701 2702
f 2666 2702 2703
f 2702 2704 2703
f 2703 2704 2705
f 2703 2705 2706
f 2356 2355 2689
f 2689 2355 2687
f 2689 2687 2701
f 2701 2687 2686
f 2701 2686 2702
f 2702 2686 2685
f 2702 2685 2704
f 2666 2668 2700
f 2700 2668 2707
f 2700 2707 2699
f 2699 2707 2708
f 2699 2708 2698
f 2698 2708 2664
f 2698 2664 2662
f 2665 2664 2691
f 2691 2664 2708
f 2691 2708 2692
f 2692 2708 2707
f 2692 2707 2693
f 2693 2707 2668
f 2693 2668 2694
f 2694 2668 2667
f 2694 2667 2695
f 2695 2667 2666
f 2695 2666 2696
f 2696 2666 2703
f 2696 2703 2697
f 2697 2703 2706
f 2697 2706 2673
f 2709 2670 2710
f 2710 2670 2669
f 2710 2669 2711
f 2711 2669 2673
f 2711 2673 2712
f 2673 2706 2712
f 2712 2706 2705
f 2712 2705 2713
f 1737 1736 2685
f 2685 1736 2713
f 2685 2713 2704
f 2704 2713 2705
f 2218 2220 2714
f 2714 2715 2218
f 2218 2715 2716
f 2218 2716 2216
f 2216 2716 2214
f 2214 2716 2717
f 2214 2717 2213
f 2213 2717 2211
f 2211 2717 1735
f 2211 1735 1357
f 1736 1735 2713
f 2713 1735 2717
f 2713 2717 2712
f 2712 2717 2716
f 2712 2716 2711
f 2711 2716 2715
f 2711 2715 2710
f 2710 2715 2714
f 2710 2714 2709
f 1145 1137 2718
f 2719 2720 2721
f 1744 1746 2722
f 2723 1868 2724
f 2724 1868 1867
f 2724 1867 1146
f 1146 1867 1839
f 1146 1839 1147
f 1147 1839 1149
f 2725 1833 2726
f 2726 1833 1836
f 2726 1836 2723
f 2723 1836 1835
f 2723 1835 1868
f 1808 1822 2725
f 1822 1824 2725
f 2725 1824 1826
f 2725 1826 1833
f 2725 2727 1808
f 1808 2727 2728
f 1808 2728 1762
f 1785 1786 2729
f 2729 1786 1788
f 2729 1788 2730
f 2730 1788 1787
f 2730 1787 2728
f 2728 1787 1763
f 2728 1763 1762
f 2731 1781 2721
f 2721 1781 1783
f 1809 1766 2731
f 2731 1766 1765
f 2731 1765 1781
f 1756 1778 2732
f 1756 2732 1749
f 1746 1748 2733
f 1744 2722 1743
f 2271 1369 2734
f 2734 1369 1741
f 2272 2271 2735
f 2735 2271 2734
f 2735 2734 2736
f 2736 2734 2737
f 2738 2737 2722
f 2722 2737 2734
f 2722 2734 1743
f 1743 2734 1741
f 1746 2733 2722
f 2722 2733 2739
f 2722 2739 2738
f 2740 2741 2733
f 2733 2741 2742
f 2733 2742 2739
f 1748 1749 2733
f 2733 1749 2732
f 2733 2732 2740
f 2740 2732 2743
f 2740 2743 2744
f 2745 2746 2743
f 2743 2746 2747
f 2743 2747 2744
f 1778 1779 2732
f 2732 1779 1780
f 2732 1780 2743
f 2743 1780 1809
f 2743 1809 2745
f 2745 1809 2731
f 2745 2731 2746
f 2746 2731 2748
f 2721 2720 2731
f 2731 2720 2749
f 2731 2749 2748
f 1785 2729 1783
f 1783 2729 2750
f 1783 2750 2721
f 2721 2750 2751
f 2721 2751 2719
f 2752 2753 2754
f 2754 2753 2755
f 2754 2755 2756
f 2754 2757 2752
f 2752 2757 2758
f 2752 2758 2759
f 2759 2758 2760
f 2759 2760 2761
f 2762 2763 2760
f 2760 2763 2764
f 2760 2764 2761
f 2765 2766 2767
f 2767 2766 2768
f 2767 2768 2762
f 2762 2768 2769
f 2762 2769 2763
f 2767 2770 2765
f 2765 2770 2718
f 2765 2718 2771
f 1137 1136 2718
f 2718 1136 2772
f 2718 2772 2771
f 1146 1145 2724
f 2724 1145 2718
f 2724 2718 2723
f 2723 2718 2770
f 2723 2770 2726
f 2726 2770 2767
f 2726 2767 2725
f 2725 2767 2762
f 2725 2762 2727
f 2727 2762 2760
f 2727 2760 2728
f 2728 2760 2758
f 2728 2758 2730
f 2730 2758 2757
f 2730 2757 2729
f 2729 2757 2754
f 2729 2754 2750
f 2750 2754 2756
f 2750 2756 2751
f 1917 1931 2773
f 1921 1920 2774
f 2774 1920 1912
f 2774 1912 1911
f 1931 1925 2773
f 2773 1925 1923
f 2773 1923 2775
f 2775 1923 1921
f 2775 1921 2776
f 2776 1921 2774
f 1918 2777 1919
f 1919 2777 2778
f 1919 2778 1897
f 1897 2778 2779
f 1897 2779 1898
f 1898 2779 1896
f 2779 2780 1896
f 1896 2780 1882
f 1896 1882 1881
f 1883 2781 1884
f 1884 2781 2782
f 1884 2782 1880
f 1880 2782 2783
f 1879 2784 1878
f 1878 2784 2785
f 1878 2785 1886
f 1886 2785 2786
f 2787 2777 2773
f 2773 2777 1918
f 2773 1918 1917
f 1879 1880 2784
f 2784 1880 2783
f 2784 2783 2785
f 2785 2783 2788
f 2785 2788 2786
f 1885 1886 2789
f 2789 1886 2786
f 2789 2786 2787
f 2787 2786 2788
f 2787 2788 2777
f 2777 2788 2783
f 2777 2783 2778
f 2778 2783 2782
f 2778 2782 2779
f 2779 2782 2781
f 2779 2781 2780
f 2780 2781 1883
f 2780 1883 1882
f 1916 1915 1903
f 2790 1911 1910
f 2790 1910 2791
f 1915 1228 1903
f 1903 1228 1213
f 1903 1213 1211
f 1910 1916 2791
f 2791 1916 1903
f 2791 1903 2792
f 2792 1903 1904
f 1904 1905 2792
f 2792 1905 1906
f 2792 1906 2793
f 2793 1906 2298
f 2298 1906 1907
f 2298 1907 1526
f 2794 2795 2796
f 2178 2797 2798
f 2162 2154 2799
f 2799 2154 2153
f 2132 2128 2800
f 2310 2309 2801
f 1934 1935 2802
f 2079 2803 2078
f 2078 2803 1967
f 2804 1973 1972
f 1970 1969 2803
f 2803 1969 1968
f 2803 1968 1967
f 2804 1972 2803
f 2803 1972 1971
f 2803 1971 1970
f 1973 2804 1940
f 1940 2804 2805
f 1940 2805 1939
f 1938 2806 1937
f 1937 2806 2802
f 1937 2802 1936
f 1936 2802 1935
f 2807 1949 2808
f 2808 1949 1932
f 2808 1932 1933
f 1239 1941 2809
f 2809 1941 2810
f 1942 1943 2811
f 2811 1943 1944
f 2811 1944 1945
f 1946 1947 2807
f 2807 1947 1948
f 2807 1948 1949
f 2812 1960 2813
f 2813 1960 1961
f 2813 1961 1950
f 1950 1232 2813
f 2813 1232 1235
f 2813 1235 2809
f 2809 1235 1237
f 2809 1237 1239
f 1956 1957 2814
f 2814 1957 1958
f 2814 1958 1959
f 1954 1955 2815
f 2816 1966 1965
f 1965 1964 2816
f 2816 1964 1963
f 2816 1963 1962
f 1966 2085 1967
f 1967 2085 2077
f 1967 2077 2078
f 1994 781 786
f 2817 1991 2818
f 2818 1991 1993
f 1975 2819 1241
f 1241 2819 2818
f 1241 2818 786
f 786 2818 1993
f 786 1993 1994
f 1987 1985 2817
f 2817 1985 1989
f 2817 1989 1991
f 2005 1984 1986
f 2001 2820 2002
f 2002 2820 2821
f 2002 2821 2003
f 2003 2821 1999
f 2822 2007 2010
f 2823 2036 2824
f 2824 2036 2040
f 2824 2040 2825
f 2825 2040 2008
f 2825 2008 2007
f 2044 2032 2823
f 2823 2032 2031
f 2823 2031 2036
f 2041 2047 2042
f 2042 2047 2045
f 2042 2045 2044
f 2044 2823 2043
f 2043 2823 2826
f 2043 2826 2041
f 2041 2826 2827
f 2041 2827 2047
f 2047 2827 2828
f 2047 2828 2058
f 2054 2829 2051
f 2051 2829 2081
f 2051 2081 2050
f 2050 2081 2048
f 2091 2089 2816
f 2816 2089 2088
f 2816 2088 1966
f 1966 2088 2086
f 1966 2086 2085
f 2800 2092 2830
f 2830 2092 2091
f 2830 2091 2831
f 2831 2091 2816
f 2128 2095 2800
f 2800 2095 2094
f 2800 2094 2092
f 2142 2124 2832
f 2832 2124 2126
f 2833 2205 2834
f 2834 2205 2171
f 2797 2178 2833
f 2833 2178 2179
f 2833 2179 2205
f 2175 2174 2798
f 2798 2174 2182
f 2798 2182 2178
f 2220 2219 2835
f 2835 2219 2206
f 2835 2206 2836
f 2836 2206 2175
f 2836 2175 2837
f 2837 2175 2798
f 2272 2838 2266
f 2266 2838 2839
f 2266 2839 2267
f 2267 2839 2840
f 2267 2840 2269
f 2269 2840 2841
f 2269 2841 2270
f 2270 2841 2842
f 2270 2842 2264
f 2264 2842 2265
f 2265 2842 2843
f 2265 2843 2261
f 2261 2843 2262
f 2262 2843 2844
f 2262 2844 2256
f 2256 2844 2845
f 2256 2845 2258
f 2258 2845 2259
f 2259 2845 2846
f 2259 2846 2251
f 2847 2249 2848
f 2848 2249 2248
f 2848 2248 2849
f 2849 2248 2254
f 2849 2254 2846
f 2846 2254 2253
f 2846 2253 2251
f 2850 2244 2847
f 2847 2244 2246
f 2847 2246 2249
f 2242 2851 2241
f 2241 2851 2852
f 2853 2237 2852
f 2852 2237 2239
f 2852 2239 2241
f 2231 2232 2854
f 2854 2232 2234
f 2854 2234 2853
f 2853 2234 2235
f 2853 2235 2237
f 2855 2226 2856
f 2856 2226 2228
f 2856 2228 2857
f 2857 2228 2229
f 2857 2229 2858
f 905 1495 906
f 906 1495 917
f 2859 908 2855
f 2855 908 2224
f 2855 2224 2226
f 2860 2285 2861
f 2861 2285 2293
f 2861 2293 2862
f 2862 2293 1495
f 2862 1495 2859
f 2859 1495 905
f 2859 905 908
f 1540 2281 2863
f 2863 2281 2283
f 2863 2283 2860
f 2860 2283 2282
f 2860 2282 2285
f 1540 2863 2295
f 2295 2863 2864
f 2295 2864 2294
f 2294 2864 2865
f 2294 2865 2296
f 2296 2865 2866
f 2296 2866 2297
f 2866 2867 2297
f 2297 2867 2868
f 2297 2868 2298
f 2869 2870 2871
f 2871 2870 2872
f 2871 2872 2873
f 2300 2299 2874
f 2874 2299 2875
f 2308 2307 2876
f 2876 2307 2306
f 2876 2306 2877
f 2877 2306 2305
f 2877 2305 2304
f 2301 2878 2302
f 2302 2878 2877
f 2302 2877 2303
f 2303 2877 2304
f 1953 1954 2879
f 2879 1954 2815
f 2879 2815 2880
f 2880 2815 2881
f 2880 2881 2882
f 2882 2881 2883
f 2882 2883 2884
f 2884 2883 2885
f 2884 2885 2886
f 2886 2885 2887
f 1955 1956 2815
f 2815 1956 2814
f 2815 2814 2881
f 2881 2814 2888
f 2881 2888 2883
f 2883 2888 2889
f 2883 2889 2885
f 2885 2889 2890
f 2885 2890 2887
f 2887 2890 2891
f 1952 1953 2892
f 2892 1953 2879
f 2892 2879 2893
f 2893 2879 2880
f 2893 2880 2894
f 2894 2880 2882
f 2894 2882 2895
f 2895 2882 2884
f 2895 2884 2896
f 2896 2884 2886
f 1951 1952 2897
f 2897 1952 2892
f 2897 2892 2898
f 2898 2892 2893
f 2898 2893 2899
f 2899 2893 2894
f 2899 2894 2900
f 2900 2894 2895
f 2900 2895 2832
f 2832 2895 2896
f 2832 2896 2142
f 1962 1951 2816
f 2816 1951 2897
f 2816 2897 2831
f 2831 2897 2898
f 2831 2898 2830
f 2830 2898 2899
f 2830 2899 2800
f 2800 2899 2900
f 2800 2900 2132
f 2132 2900 2832
f 2132 2832 2127
f 2127 2832 2126
f 2901 2795 2902
f 2902 2795 2794
f 2902 2794 2903
f 1933 1934 2808
f 2808 1934 2802
f 2808 2802 2904
f 2904 2802 2806
f 2905 2906 2907
f 2907 2906 2908
f 2907 2908 2909
f 2910 2911 2912
f 2913 2910 2914
f 2309 2308 2801
f 2801 2308 2876
f 2801 2876 2915
f 2915 2876 2916
f 2915 2916 2917
f 2917 2916 2913
f 2913 2914 2917
f 2917 2914 2918
f 2917 2918 2919
f 2919 1988 2917
f 2917 1988 1987
f 2917 1987 2915
f 2915 1987 2817
f 2915 2817 2801
f 2801 2817 2818
f 2801 2818 2310
f 2310 2818 2819
f 2310 2819 1974
f 1974 2819 1975
f 1974 1975 1976
f 2920 2905 2921
f 2921 2905 2907
f 2921 2907 2922
f 2922 2907 2909
f 2922 2909 2923
f 2079 2080 2803
f 2803 2080 2924
f 2803 2924 2804
f 2804 2924 2904
f 2804 2904 2805
f 2805 2904 2806
f 2805 2806 1939
f 1939 2806 1938
f 2925 2926 2927
f 2927 2926 2923
f 2927 2923 2928
f 2928 2923 2909
f 2928 2909 2929
f 2929 2909 2908
f 2930 2920 2931
f 2931 2920 2921
f 2931 2921 2932
f 2932 2921 2922
f 2932 2922 2933
f 2933 2922 2923
f 2933 2923 2934
f 2934 2923 2926
f 1945 1946 2811
f 2811 1946 2807
f 2811 2807 2901
f 2901 2807 2808
f 2901 2808 2795
f 2795 2808 2904
f 2795 2904 2796
f 2796 2904 2924
f 2796 2924 2829
f 2829 2924 2080
f 2829 2080 2081
f 2825 2930 2824
f 2824 2930 2931
f 2824 2931 2823
f 2823 2931 2932
f 2823 2932 2826
f 2826 2932 2933
f 2826 2933 2827
f 2827 2933 2934
f 2827 2934 2828
f 2828 2934 2926
f 2828 2926 2935
f 2935 2926 2925
f 2910 2936 2914
f 2914 2936 2937
f 2914 2937 2918
f 2918 2937 2938
f 2918 2938 2939
f 2939 2938 2940
f 2939 2940 2941
f 2941 2940 2021
f 2941 2021 2022
f 2910 2912 2936
f 2936 2912 2942
f 2936 2942 2937
f 2937 2942 2943
f 2937 2943 2938
f 2938 2943 2822
f 2938 2822 2940
f 2940 2822 2010
f 2940 2010 2021
f 1259 1999 2022
f 2022 1999 2821
f 2022 2821 2941
f 2941 2821 2820
f 2941 2820 2939
f 2939 2820 2001
f 2939 2001 2918
f 2918 2001 2005
f 2918 2005 2919
f 2919 2005 1986
f 2919 1986 1988
f 2229 2231 2858
f 2858 2231 2854
f 2858 2854 2944
f 2944 2854 2853
f 2945 2946 2947
f 1941 1942 2810
f 2810 1942 2811
f 2810 2811 2948
f 2948 2811 2901
f 2948 2901 2949
f 2949 2901 2902
f 2949 2902 2950
f 2950 2902 2903
f 2950 2903 2951
f 2952 2871 2953
f 2953 2871 2873
f 2953 2873 2954
f 2946 2945 2955
f 2955 2945 2956
f 2955 2956 2957
f 2957 2956 2958
f 2957 2958 2959
f 2959 2958 2960
f 2959 2960 2961
f 2961 2960 2962
f 2961 2962 2963
f 2963 2962 2964
f 2963 2964 2965
f 2965 2964 2966
f 2965 2966 2967
f 2967 2966 2968
f 2967 2968 2969
f 2969 2968 2970
f 2969 2970 2971
f 2971 2970 2972
f 2971 2972 2952
f 2952 2972 2973
f 2952 2973 2871
f 2947 2974 2945
f 2945 2974 2975
f 2945 2975 2956
f 2956 2975 2976
f 2956 2976 2958
f 2958 2976 2977
f 2958 2977 2960
f 2960 2977 2978
f 2960 2978 2962
f 2962 2978 2979
f 2962 2979 2964
f 2964 2979 2980
f 2964 2980 2966
f 2966 2980 2981
f 2966 2981 2968
f 2968 2981 2982
f 2968 2982 2970
f 2970 2982 2983
f 2970 2983 2972
f 2972 2983 2984
f 2972 2984 2973
f 2973 2984 2985
f 2973 2985 2871
f 2871 2985 2874
f 2871 2874 2869
f 2869 2874 2875
f 2878 2986 2877
f 2877 2986 2987
f 2877 2987 2876
f 2876 2987 2988
f 2876 2988 2916
f 2916 2988 2989
f 2916 2989 2913
f 2913 2989 2990
f 2913 2990 2910
f 2910 2990 2991
f 2910 2991 2911
f 2911 2991 2992
f 2007 2822 2825
f 2825 2822 2943
f 2825 2943 2930
f 2930 2943 2942
f 2930 2942 2920
f 2920 2942 2912
f 2920 2912 2905
f 2905 2912 2911
f 2905 2911 2906
f 2906 2911 2992
f 2906 2992 2908
f 2908 2992 2951
f 2908 2951 2929
f 2929 2951 2903
f 2929 2903 2928
f 2928 2903 2794
f 2928 2794 2927
f 2927 2794 2796
f 2927 2796 2925
f 2925 2796 2829
f 2925 2829 2935
f 2935 2829 2054
f 2935 2054 2828
f 2828 2054 2056
f 2828 2056 2058
f 2242 2244 2851
f 2851 2244 2850
f 2851 2850 2852
f 2852 2850 2993
f 2852 2993 2853
f 2853 2993 2994
f 2853 2994 2944
f 2301 2300 2878
f 2878 2300 2874
f 2878 2874 2986
f 2986 2874 2985
f 2986 2985 2987
f 2987 2985 2984
f 2987 2984 2988
f 2988 2984 2983
f 2988 2983 2989
f 2989 2983 2982
f 2989 2982 2990
f 2990 2982 2981
f 2990 2981 2991
f 2991 2981 2980
f 2991 2980 2992
f 2992 2980 2979
f 2992 2979 2951
f 2951 2979 2978
f 2951 2978 2950
f 2950 2978 2977
f 2950 2977 2949
f 2949 2977 2976
f 2949 2976 2948
f 2948 2976 2975
f 2948 2975 2810
f 2810 2975 2974
f 2810 2974 2809
f 2809 2974 2995
f 2809 2995 2813
f 2813 2995 2996
f 2813 2996 2812
f 2812 2996 2997
f 2812 2997 2998
f 2998 2997 2999
f 2998 2999 3000
f 3000 2999 3001
f 3000 3001 3002
f 3002 3001 3003
f 3002 3003 3004
f 3004 3003 3005
f 2171 2162 2834
f 2834 2162 2799
f 2834 2799 2891
f 2891 2799 2153
f 2891 2153 2887
f 2887 2153 2152
f 2887 2152 2886
f 2886 2152 2138
f 2886 2138 2896
f 2896 2138 2137
f 2896 2137 2142
f 3005 2834 3004
f 3004 2834 2891
f 3004 2891 3002
f 3002 2891 2890
f 3002 2890 3000
f 3000 2890 2889
f 3000 2889 2998
f 2998 2889 2888
f 2998 2888 2812
f 2812 2888 2814
f 2812 2814 1960
f 1960 2814 1959
f 2954 2868 2953
f 2953 2868 2867
f 2953 2867 2952
f 2952 2867 2866
f 2952 2866 2971
f 2971 2866 2865
f 2971 2865 2969
f 2969 2865 2864
f 2969 2864 2967
f 2967 2864 2863
f 2967 2863 2965
f 2965 2863 2860
f 2965 2860 2963
f 2963 2860 2861
f 2963 2861 2961
f 2961 2861 2862
f 2961 2862 2959
f 2959 2862 2859
f 2959 2859 2957
f 2957 2859 2855
f 2957 2855 2955
f 2955 2855 2856
f 2955 2856 2946
f 2946 2856 2857
f 2946 2857 2947
f 2947 2857 2858
f 2947 2858 2974
f 2974 2858 2944
f 2974 2944 2995
f 2995 2944 2994
f 2995 2994 2996
f 2996 2994 2993
f 2996 2993 2997
f 2997 2993 2850
f 2997 2850 2999
f 2999 2850 2847
f 2999 2847 3001
f 3001 2847 2848
f 3001 2848 3003
f 3003 2848 2849
f 3003 2849 3005
f 3005 2849 2846
f 3005 2846 2834
f 2834 2846 2845
f 2834 2845 2833
f 2833 2845 2844
f 2833 2844 2797
f 2797 2844 2843
f 2797 2843 2798
f 2798 2843 2842
f 2798 2842 2837
f 2837 2842 2841
f 2837 2841 2836
f 2836 2841 2840
f 2836 2840 2835
f 2835 2840 2839
f 2835 2839 2220
f 2220 2839 2838
f 2455 3006 2456
f 2456 3006 3007
f 2456 3007 2454
f 2454 3007 3008
f 2454 3008 1617
f 1617 3008 2299
f 3009 3006 2455
f 2455 2459 3009
f 3009 2459 2462
f 3009 2462 3010
f 3010 2462 2461
f 3010 2461 3011
f 3011 2461 2460
f 3011 2460 3012
f 3012 2460 2436
f 3012 2436 3013
f 2436 2435 3013
f 3013 2435 2465
f 3013 2465 3014
f 2467 3015 2466
f 2466 3015 3016
f 2466 3016 2465
f 2465 3016 3014
f 3015 2467 3017
f 3017 2467 2468
f 3017 2468 3018
f 3018 2468 2463
f 3018 2463 2313
f 2313 2463 2311
f 3019 3020 3021
f 3021 3020 3022
f 3021 3022 3023
f 3021 3024 3019
f 3019 3024 3025
f 3019 3025 3026
f 3026 3025 3027
f 3026 3027 3028
f 3028 3027 3029
f 3028 3029 3030
f 3030 3029 3031
f 3030 3031 3032
f 3031 3033 3032
f 3032 3033 3034
f 3032 3034 3035
f 3035 3034 3036
f 3035 3036 3037
f 3037 3036 2316
f 3037 2316 2315
f 3038 3039 3040
f 3040 3039 3041
f 3040 3041 3042
f 3042 3041 3043
f 3042 3043 3044
f 3044 3043 3045
f 3044 3045 3046
f 3046 3045 3047
f 3046 3047 3048
f 3048 3047 3049
f 3048 3049 3050
f 3050 3049 3051
f 3050 3051 3052
f 3052 3051 3053
f 3052 3053 3054
f 3053 3055 3054
f 3054 3055 3056
f 3054 3056 3057
f 3057 3056 3058
f 3057 3058 3059
f 3059 3058 3060
f 3059 3060 2321
f 2321 3060 2322
f 3061 3062 3063
f 3061 3063 3064
f 3064 3063 3065
f 3064 3065 3066
f 3066 3065 3067
f 3066 3067 3068
f 3068 3067 3069
f 3068 3069 3070
f 3070 3069 3071
f 3070 3071 3072
f 3072 3071 3073
f 3072 3073 3074
f 3074 3073 3075
f 3075 3073 3076
f 3075 3076 3077
f 3078 3079 3080
f 3077 3076 3080
f 3080 3076 3081
f 3080 3081 3078
f 3082 3083 3084
f 3084 3083 3085
f 3084 3085 3079
f 3079 3085 3086
f 3079 3086 3080
f 3087 3039 3038
f 3038 3088 3087
f 3087 3088 3089
f 3087 3089 3082
f 3082 3089 3090
f 3082 3090 3083
f 3062 3061 3091
f 3062 3091 3092
f 3092 3091 3093
f 3092 3093 3094
f 3094 3093 3095
f 3094 3095 3096
f 3096 3095 3097
f 3096 3097 3098
f 3098 3097 3099
f 3098 3099 3100
f 3100 3099 3101
f 3100 3101 3102
f 3102 3101 3103
f 3102 3103 3104
f 3103 3105 3104
f 3104 3105 3023
f 3104 3023 3022
f 2342 2343 2345
f 2336 2342 2614
f 2614 2613 2336
f 2336 2613 1734
f 2336 1734 1554
f 2342 2345 2614
f 2614 2345 2347
f 2614 2347 2616
f 2616 2347 2617
f 2617 2347 2323
f 2617 2323 2611
f 2611 2323 2325
f 2611 2325 2612
f 2612 2325 2327
f 2612 2327 2608
f 2327 2335 2608
f 2608 2335 2334
f 2608 2334 2605
f 2605 2334 3106
f 2605 3106 2606
f 2331 2330 2332
f 2332 2330 2372
f 2332 2372 3107
f 3108 3109 2370
f 3109 3108 3107
f 3107 2372 3109
f 3109 2372 2371
f 3109 2371 2370
f 2370 2369 3108
f 3108 2369 2368
f 3108 2368 3110
f 3110 2368 2367
f 3110 2367 3111
f 2486 1654 1677
f 1168 1650 1649
f 2482 2483 1624
f 2482 1624 2481
f 2316 3036 2492
f 2485 2490 1677
f 1677 2490 2489
f 2508 2382 2507
f 2507 2382 2381
f 2507 2381 2530
f 2530 2381 2387
f 2530 2387 2529
f 2391 2526 2527
f 2366 2431 3061
f 3061 3064 2366
f 2366 3064 3066
f 2366 3066 3068
f 3112 3113 3090
f 2489 2488 1677
f 1677 2488 2487
f 1677 2487 2486
f 3059 2321 2501
f 2501 2321 2319
f 2501 2319 2493
f 2493 2319 2492
f 2492 2319 2317
f 2492 2317 2316
f 3036 3034 2492
f 2492 3034 3033
f 2492 3033 3031
f 1645 2479 1624
f 1624 2479 2480
f 1624 2480 2481
f 2509 2378 2508
f 2508 2378 2383
f 2508 2383 2382
f 2511 2512 2374
f 2374 2512 2373
f 2528 2393 2527
f 2527 2393 2392
f 2527 2392 2391
f 2387 2388 2529
f 2529 2388 2389
f 2529 2389 2528
f 2528 2389 2390
f 2528 2390 2393
f 1677 2448 2446
f 2431 3097 3095
f 3068 3070 2366
f 2366 3070 3072
f 2366 3072 2367
f 2367 3072 3074
f 2367 3074 3075
f 3075 3077 2367
f 2367 3077 3080
f 2367 3080 3111
f 3111 3080 3086
f 3111 3086 3114
f 3114 3086 3115
f 3115 3086 3085
f 3115 3085 3113
f 3113 3085 3083
f 3113 3083 3090
f 3090 3089 3112
f 3112 3089 3088
f 3112 3088 2627
f 2627 3088 3038
f 2627 3038 2631
f 2631 3038 3040
f 2631 3040 2632
f 2632 3040 3042
f 1168 1649 1624
f 1624 1649 1646
f 1624 1646 1645
f 2512 2513 2373
f 2373 2513 2514
f 2373 2514 2366
f 2366 2514 2515
f 2366 2515 2516
f 2520 2403 2423
f 2391 2384 2526
f 2526 2384 2385
f 2526 2385 2522
f 2522 2385 2386
f 2522 2386 2523
f 2523 2386 2399
f 2523 2399 2524
f 2448 1677 2449
f 2449 1677 2492
f 2449 2492 2443
f 2443 2492 3031
f 2443 3031 2444
f 2444 3031 3029
f 2444 3029 2472
f 2472 3029 3027
f 2472 3027 2441
f 3105 3103 2431
f 2510 2380 2509
f 2509 2380 2379
f 2509 2379 2378
f 2374 2375 2511
f 2511 2375 2376
f 2511 2376 2510
f 2510 2376 2377
f 2510 2377 2380
f 2524 2399 2525
f 2525 2399 2400
f 2525 2400 2521
f 2521 2400 2401
f 2521 2401 2520
f 2520 2401 2404
f 2520 2404 2403
f 2516 2517 2366
f 2366 2517 2518
f 2366 2518 2431
f 2431 2518 2519
f 2431 2519 2427
f 2427 2519 2520
f 2427 2520 2425
f 2425 2520 2423
f 3027 3025 2441
f 2441 3025 3024
f 2441 3024 2438
f 2438 3024 3021
f 2438 3021 2431
f 2431 3021 3023
f 2431 3023 3105
f 3103 3101 2431
f 2431 3101 3099
f 2431 3099 3097
f 3095 3093 2431
f 2431 3093 3091
f 2431 3091 3061
f 3059 2501 3057
f 3057 2501 2503
f 3057 2503 3054
f 3054 2503 2502
f 3054 2502 3052
f 3052 2502 2358
f 3052 2358 3050
f 3050 2358 2357
f 3050 2357 3048
f 2483 2485 1624
f 1624 2485 1677
f 1624 1677 1625
f 1625 1677 1642
f 3048 2357 3046
f 3046 2357 2629
f 3046 2629 3044
f 3044 2629 2657
f 3044 2657 3042
f 3042 2657 2633
f 3042 2633 2632
f 1640 1642 1637
f 1637 1642 1677
f 1637 1677 1638
f 1638 1677 2446
f 3116 3117 3118
f 3119 3120 3121
f 3122 3123 3124
f 2428 2410 3124
f 2408 2406 3125
f 3125 2406 2414
f 2575 2571 2570
f 2571 2575 2573
f 2752 2759 3126
f 1140 1141 1885
f 3127 3010 3128
f 3128 3010 3011
f 3007 3006 3127
f 3127 3006 3009
f 3127 3009 3010
f 2870 2869 3129
f 3129 2869 2875
f 3127 3130 3007
f 3007 3130 3129
f 3007 3129 3008
f 3008 3129 2875
f 3008 2875 2299
f 3131 2954 3132
f 3132 2954 2873
f 3132 2873 2872
f 3133 2793 2868
f 2868 2793 2298
f 3134 2791 3135
f 3135 2791 2792
f 3135 2792 3136
f 3136 2792 2793
f 3136 2793 3137
f 3137 2793 3133
f 2774 1911 3134
f 3134 1911 2790
f 3134 2790 2791
f 2774 3134 2776
f 2776 3134 3138
f 2776 3138 2775
f 1136 1135 3139
f 1136 3139 2772
f 2775 3138 2773
f 2773 3138 3140
f 2773 3140 2787
f 2787 3140 3141
f 2787 3141 2789
f 2789 3141 3139
f 2789 3139 1885
f 1885 3139 1135
f 1885 1135 1140
f 3117 3116 3142
f 3139 3143 2772
f 2772 3143 3144
f 2772 3144 2771
f 2771 3144 3145
f 2771 3145 2765
f 2765 3145 3142
f 2765 3142 2766
f 2766 3142 3116
f 2763 2769 3116
f 3116 2769 2768
f 3116 2768 2766
f 3126 2759 3146
f 3146 2759 2761
f 3146 2761 2764
f 2752 3126 2753
f 2753 3126 3147
f 2753 3147 2755
f 3148 3149 2756
f 2756 3149 3150
f 2756 3150 2751
f 2751 3150 3151
f 2751 3151 2719
f 3152 2749 3151
f 3151 2749 2720
f 3151 2720 2719
f 2747 2746 3152
f 3152 2746 2748
f 3152 2748 2749
f 3152 3153 2747
f 2747 3153 3154
f 2747 3154 2744
f 2739 2742 3155
f 3155 2742 2741
f 3155 2741 3154
f 3154 2741 2740
f 3154 2740 2744
f 3156 2738 3157
f 3157 2738 2739
f 3157 2739 3158
f 3158 2739 3155
f 2735 2736 3156
f 3156 2736 2737
f 3156 2737 2738
f 3156 3159 2735
f 2735 3159 2838
f 2735 2838 2272
f 2220 3160 2714
f 2714 3160 3161
f 2714 3161 2709
f 2709 3161 3162
f 2709 3162 2670
f 2670 3162 3163
f 2670 3163 2671
f 2671 3163 2676
f 2676 3163 3164
f 2676 3164 2678
f 2678 3164 2680
f 2680 3164 3165
f 2680 3165 2682
f 2682 3165 2672
f 2672 3165 3166
f 2672 3166 2653
f 3167 2651 2649
f 3167 2649 3168
f 2651 3167 2652
f 2652 3167 3169
f 2652 3169 2623
f 2623 3169 3170
f 2623 3170 2624
f 2624 3170 3171
f 2624 3171 2647
f 3172 3173 3174
f 3175 3176 3173
f 3173 3176 3177
f 3173 3177 3174
f 3178 3179 3180
f 3180 3179 3181
f 3076 2603 3081
f 3081 2603 3182
f 3081 3182 3078
f 3078 3182 3183
f 3078 3183 3184
f 3184 3183 3185
f 3184 3185 3178
f 3186 2598 2599
f 3187 2582 2579
f 2582 3187 2584
f 2584 3187 3188
f 2584 3188 2586
f 2586 3188 3189
f 2586 3189 2588
f 2575 2588 2573
f 2573 2588 3189
f 2573 3189 2572
f 2572 3189 3190
f 2572 3190 2570
f 2570 3190 3191
f 2570 3191 2565
f 2565 3191 2564
f 2564 3191 3192
f 2564 3192 2556
f 2556 3192 2554
f 2554 3192 3193
f 2554 3193 2551
f 2551 3193 3194
f 2551 3194 2550
f 2550 3194 3195
f 2550 3195 2538
f 2538 3195 3196
f 2538 3196 2539
f 2539 3196 3197
f 2539 3197 1730
f 2412 2535 2413
f 2413 2535 2415
f 3198 3017 3124
f 3124 3017 3018
f 2429 2428 2314
f 2314 2428 3124
f 2314 3124 2313
f 2313 3124 3018
f 3012 3013 3123
f 3123 3013 3014
f 3123 3014 3124
f 3124 3014 3016
f 3124 3016 3198
f 3198 3016 3015
f 3198 3015 3017
f 3184 3087 3082
f 3082 3084 3184
f 3184 3084 3079
f 3184 3079 3078
f 3087 3184 3039
f 3039 3184 3199
f 3039 3199 3041
f 3041 3199 3200
f 3041 3200 3043
f 3043 3200 3201
f 3043 3201 3045
f 3045 3201 3202
f 3045 3202 3047
f 3203 3056 3055
f 3055 3053 3203
f 3203 3053 3051
f 3203 3051 3202
f 3202 3051 3049
f 3202 3049 3047
f 3204 2322 3060
f 3030 3205 3028
f 3028 3205 3026
f 3037 3206 3035
f 3035 3206 3207
f 3035 3207 3032
f 3037 2315 3206
f 3206 2315 2318
f 3206 2318 3204
f 3204 2318 2320
f 3204 2320 2322
f 3100 3102 3208
f 3102 3104 3208
f 3208 3104 3022
f 3208 3022 3209
f 3209 3022 3020
f 3209 3020 3019
f 3098 3210 3096
f 3096 3210 3211
f 3096 3211 3094
f 3212 3092 3094
f 3092 3212 3062
f 3062 3212 3213
f 3062 3213 3063
f 3076 3073 3214
f 3214 3073 3071
f 3071 3069 3214
f 3214 3069 3067
f 3214 3067 3213
f 3213 3067 3065
f 3213 3065 3063
f 3168 3215 3216
f 3217 3218 3219
f 3168 3216 3167
f 3167 3216 3220
f 3167 3220 3169
f 3169 3220 3221
f 3169 3221 3170
f 3170 3221 3172
f 3170 3172 3171
f 3171 3172 3174
f 3171 3174 2647
f 3217 3219 3222
f 3222 3219 3223
f 3222 3223 3224
f 3224 3223 3225
f 3224 3225 3226
f 3226 3225 3227
f 3226 3227 3228
f 3228 3227 3180
f 3228 3180 3229
f 3229 3180 3181
f 3229 3181 3175
f 3175 3173 3229
f 3229 3173 3172
f 3229 3172 3228
f 3228 3172 3221
f 3228 3221 3226
f 3226 3221 3220
f 3226 3220 3224
f 3224 3220 3216
f 3224 3216 3222
f 3222 3216 3215
f 3222 3215 3217
f 3178 3180 3184
f 3184 3180 3227
f 3184 3227 3199
f 3199 3227 3225
f 3199 3225 3200
f 3200 3225 3223
f 3200 3223 3201
f 3201 3223 3219
f 3201 3219 3202
f 3202 3219 3218
f 3202 3218 3203
f 3098 3100 3210
f 3210 3100 3208
f 3210 3208 3211
f 3211 3208 3230
f 3231 3232 3233
f 3233 3232 3234
f 3233 3234 3235
f 3235 3234 3236
f 3235 3236 3237
f 3237 3236 3238
f 3237 3238 3239
f 3239 3238 3240
f 3239 3240 3241
f 3241 3240 3242
f 3241 3242 3243
f 3244 3245 3246
f 3246 3245 3247
f 3246 3247 3248
f 2536 3244 3249
f 3249 3244 3246
f 3249 3246 3250
f 3250 3246 3248
f 3250 3248 3122
f 3122 3248 3251
f 3122 3251 3123
f 3123 3251 3128
f 3123 3128 3012
f 3012 3128 3011
f 2410 2408 3124
f 3124 2408 3125
f 3124 3125 3122
f 3122 3125 2414
f 3122 2414 3250
f 3250 2414 2415
f 3250 2415 3249
f 3249 2415 2535
f 3249 2535 2536
f 3252 3231 3253
f 3253 3231 3233
f 3253 3233 3254
f 3254 3233 3235
f 3254 3235 3255
f 3255 3235 3237
f 3255 3237 3256
f 3256 3237 3239
f 3256 3239 3257
f 3257 3239 3241
f 3257 3241 3258
f 3258 3241 3243
f 3258 3243 3121
f 3094 3211 3212
f 3212 3211 3230
f 3212 3230 3213
f 3213 3230 3186
f 3213 3186 3214
f 3214 3186 2599
f 3214 2599 3076
f 3076 2599 2601
f 3076 2601 2603
f 3255 3259 3254
f 3254 3259 3260
f 3254 3260 3253
f 3253 3260 3261
f 3253 3261 3252
f 3252 3261 3262
f 3252 3262 3263
f 3121 3120 3258
f 3258 3120 3264
f 3258 3264 3257
f 3257 3264 3265
f 3257 3265 3256
f 3256 3265 3266
f 3256 3266 3255
f 3255 3266 3267
f 3255 3267 3259
f 3268 3197 3119
f 3119 3197 3196
f 3119 3196 3120
f 3120 3196 3195
f 3120 3195 3264
f 3264 3195 3194
f 3264 3194 3265
f 3265 3194 3193
f 3265 3193 3266
f 3266 3193 3192
f 3266 3192 3267
f 3267 3192 3191
f 3267 3191 3259
f 3259 3191 3190
f 3259 3190 3260
f 3260 3190 3189
f 3260 3189 3261
f 3261 3189 3188
f 3261 3188 3262
f 3262 3188 3187
f 3262 3187 3263
f 3263 3187 2579
f 3263 2579 2598
f 2598 2579 2577
f 2598 2577 2576
f 3269 3270 3271
f 3272 3273 3274
f 3274 3273 3275
f 3274 3275 3276
f 3276 3275 3277
f 3276 3277 3278
f 3278 3277 3279
f 3278 3279 3280
f 3280 3279 3281
f 3280 3281 3282
f 3282 3281 3283
f 3282 3283 3284
f 3284 3283 3285
f 3284 3285 3286
f 3286 3285 3287
f 3286 3287 3288
f 3288 3287 3289
f 3288 3289 3290
f 3290 3289 3291
f 3290 3291 3292
f 3292 3291 3293
f 3273 3294 3275
f 3275 3294 3295
f 3275 3295 3277
f 3277 3295 3296
f 3277 3296 3279
f 3279 3296 3297
f 3279 3297 3281
f 3281 3297 3298
f 3281 3298 3283
f 3283 3298 3299
f 3283 3299 3285
f 3285 3299 3300
f 3285 3300 3287
f 3287 3300 3301
f 3287 3301 3289
f 3289 3301 3302
f 3289 3302 3291
f 3291 3302 3303
f 3291 3303 3293
f 3293 3303 3304
f 3293 3304 3207
f 3207 3304 3205
f 3207 3205 3032
f 3032 3205 3030
f 3272 3131 3273
f 3273 3131 3132
f 3273 3132 3294
f 3294 3132 3305
f 3294 3305 3295
f 3295 3305 3306
f 3295 3306 3296
f 3296 3306 3307
f 3296 3307 3297
f 3297 3307 3308
f 3297 3308 3298
f 3298 3308 3309
f 3298 3309 3299
f 3299 3309 3271
f 3299 3271 3300
f 3300 3271 3270
f 3300 3270 3301
f 3301 3270 3310
f 3301 3310 3302
f 3302 3310 3311
f 3302 3311 3303
f 3303 3311 3312
f 3303 3312 3304
f 3304 3312 3313
f 3304 3313 3205
f 3205 3313 3209
f 3205 3209 3026
f 3026 3209 3019
f 2872 2870 3132
f 3132 2870 3129
f 3132 3129 3305
f 3305 3129 3130
f 3305 3130 3306
f 3306 3130 3127
f 3306 3127 3307
f 3307 3127 3128
f 3307 3128 3308
f 3308 3128 3251
f 3308 3251 3309
f 3309 3251 3248
f 3309 3248 3271
f 3271 3248 3247
f 3271 3247 3269
f 3269 3247 3245
f 2598 3186 3263
f 3263 3186 3230
f 3263 3230 3252
f 3252 3230 3208
f 3252 3208 3231
f 3231 3208 3209
f 3231 3209 3232
f 3232 3209 3313
f 3232 3313 3234
f 3234 3313 3312
f 3234 3312 3236
f 3236 3312 3311
f 3236 3311 3238
f 3238 3311 3310
f 3238 3310 3240
f 3240 3310 3270
f 3240 3270 3242
f 3242 3270 3269
f 3242 3269 3243
f 3243 3269 3245
f 3243 3245 3121
f 3121 3245 3244
f 3121 3244 3119
f 3119 3244 2536
f 3119 2536 3268
f 3268 2536 2532
f 3268 2532 3197
f 3197 2532 2533
f 3197 2533 1730
f 2756 2755 3148
f 3148 2755 3147
f 3148 3147 3314
f 3314 3147 3126
f 3314 3126 3118
f 3118 3126 3146
f 3118 3146 3116
f 3116 3146 2764
f 3116 2764 2763
f 3060 3058 3204
f 3204 3058 3056
f 3204 3056 3315
f 3315 3056 3203
f 3315 3203 3316
f 3316 3203 3218
f 3316 3218 3317
f 3317 3218 3217
f 3317 3217 3318
f 3318 3217 3215
f 3318 3215 3319
f 3319 3215 3168
f 3319 3168 3320
f 3320 3168 2649
f 3320 2649 2648
f 2648 2653 3320
f 3320 2653 3166
f 3320 3166 3319
f 3319 3166 3321
f 3319 3321 3318
f 3318 3321 3322
f 3318 3322 3317
f 3317 3322 3323
f 3317 3323 3316
f 3316 3323 3324
f 3316 3324 3315
f 3315 3324 3325
f 3315 3325 3204
f 3204 3325 3326
f 3204 3326 3206
f 3206 3326 3327
f 3206 3327 3207
f 3207 3327 3328
f 3207 3328 3293
f 3293 3328 3329
f 3293 3329 3292
f 2868 2954 3133
f 3133 2954 3131
f 3133 3131 3137
f 3137 3131 3272
f 3137 3272 3136
f 3136 3272 3274
f 3136 3274 3135
f 3135 3274 3276
f 3135 3276 3134
f 3134 3276 3278
f 3134 3278 3138
f 3138 3278 3280
f 3138 3280 3140
f 3140 3280 3282
f 3140 3282 3141
f 3141 3282 3284
f 3141 3284 3139
f 3139 3284 3286
f 3139 3286 3143
f 3143 3286 3288
f 3143 3288 3144
f 3144 3288 3290
f 3144 3290 3145
f 3145 3290 3292
f 3145 3292 3142
f 3142 3292 3329
f 3142 3329 3117
f 3117 3329 3328
f 3117 3328 3118
f 3118 3328 3327
f 3118 3327 3314
f 3314 3327 3326
f 3314 3326 3148
f 3148 3326 3325
f 3148 3325 3149
f 3149 3325 3324
f 3149 3324 3150
f 3150 3324 3323
f 3150 3323 3151
f 3151 3323 3322
f 3151 3322 3152
f 3152 3322 3321
f 3152 3321 3153
f 3153 3321 3166
f 3153 3166 3154
f 3154 3166 3165
f 3154 3165 3155
f 3155 3165 3164
f 3155 3164 3158
f 3158 3164 3163
f 3158 3163 3157
f 3157 3163 3162
f 3157 3162 3156
f 3156 3162 3161
f 3156 3161 3159
f 3159 3161 3160
f 3159 3160 2838
f 2838 3160 2220
f 3330 3331 3332
f 3176 3333 3334
f 2646 2647 3174
f 3176 3334 3177
f 3177 3334 3335
f 3177 3335 3174
f 3174 3335 2645
f 3174 2645 2646
f 2644 3336 2642
f 2642 3336 3337
f 2642 3337 2641
f 2641 3337 2639
f 2639 3337 2638
f 2638 3337 3338
f 2638 3338 2636
f 2636 3338 3339
f 2636 3339 2634
f 3340 3341 2626
f 2626 3341 2627
f 3342 3343 3344
f 3345 3346 3347
f 3347 3346 3334
f 3347 3334 3333
f 3348 3342 3349
f 3349 3342 3344
f 3349 3344 3350
f 3350 3344 3351
f 3350 3351 3352
f 3353 3348 3354
f 3354 3348 3349
f 3354 3349 3355
f 3355 3349 3350
f 3355 3350 3340
f 3340 3350 3352
f 3340 3352 3341
f 3356 3330 3345
f 3345 3330 3332
f 3345 3332 3346
f 3346 3332 3357
f 3346 3357 3334
f 3334 3357 3336
f 3334 3336 3335
f 3335 3336 2644
f 3335 2644 2645
f 2626 2634 3340
f 3340 2634 3339
f 3340 3339 3355
f 3355 3339 3338
f 3355 3338 3354
f 3354 3338 3337
f 3354 3337 3353
f 3353 3337 3336
f 3353 3336 3348
f 3348 3336 3357
f 3348 3357 3342
f 3342 3357 3332
f 3342 3332 3343
f 3343 3332 3331
f 3110 3111 3114
f 3358 3359 3360
f 3358 3360 3361
f 3362 3360 3363
f 3363 3360 3114
f 3362 3364 3360
f 3360 3364 3365
f 3360 3365 3361
f 3114 3360 3110
f 3110 3360 3359
f 3110 3359 3108
f 3108 3359 3366
f 3108 3366 3107
f 3107 3366 3367
f 3107 3367 2332
f 2332 3367 3368
f 2332 3368 2333
f 2333 3368 3106
f 2333 3106 2334
f 3364 3362 3115
f 3115 3362 3363
f 3115 3363 3114
f 3369 3359 3358
f 3370 3366 3359
f 3359 3369 3370
f 3370 3369 3371
f 3370 3371 3372
f 3372 3371 3373
f 3373 3371 3374
f 3373 3374 3356
f 3343 3331 3374
f 3374 3331 3330
f 3374 3330 3356
f 3351 3344 3375
f 3375 3344 3343
f 3341 3352 3376
f 3376 3352 3351
f 3112 2627 3341
f 3341 3376 3112
f 3112 3376 3377
f 3112 3377 3113
f 3113 3377 3378
f 3113 3378 3115
f 3115 3378 3365
f 3115 3365 3364
f 3351 3375 3376
f 3376 3375 3379
f 3376 3379 3377
f 3377 3379 3380
f 3377 3380 3378
f 3343 3374 3375
f 3375 3374 3371
f 3375 3371 3379
f 3379 3371 3369
f 3379 3369 3380
f 3380 3369 3358
f 3380 3358 3378
f 3378 3358 3361
f 3378 3361 3365
f 3381 3382 3383
f 3384 3183 3182
f 2622 3385 2604
f 2604 3385 3384
f 2604 3384 2602
f 2602 3384 3182
f 2602 3182 2603
f 3381 3178 3185
f 3386 3181 3179
f 3181 3386 3175
f 3175 3386 3333
f 3175 3333 3176
f 3356 3345 3387
f 3387 3345 3388
f 3387 3388 3389
f 3389 3388 3390
f 3390 3388 3391
f 3390 3391 3392
f 3393 3394 3395
f 3395 3394 3396
f 3395 3396 3391
f 3391 3396 3397
f 3391 3397 3392
f 3347 3333 3383
f 3383 3333 3386
f 3383 3386 3381
f 3381 3386 3179
f 3381 3179 3178
f 3391 3385 3395
f 3395 3385 2622
f 3395 2622 3393
f 3393 2622 2591
f 3393 2591 2590
f 3345 3347 3388
f 3388 3347 3383
f 3388 3383 3391
f 3391 3383 3382
f 3391 3382 3385
f 3385 3382 3381
f 3385 3381 3384
f 3384 3381 3185
f 3384 3185 3183
f 3373 3356 3387
f 2590 2607 3393
f 3393 2607 2606
f 2606 3106 3393
f 3393 3106 3368
f 3393 3368 3394
f 3394 3368 3367
f 3394 3367 3396
f 3396 3367 3366
f 3396 3366 3397
f 3397 3366 3370
f 3373 3387 3372
f 3387 3389 3372
f 3372 3389 3390
f 3372 3390 3370
f 3370 3390 3392
f 3370 3392 3397
