mtllib hand2_link_3_1_visuals.mtl
v 0.003708048490807416 -0.0014998906990513206 1.803488885343541e-05
v 0.0037080487236380594 -0.0014929352328181267 -0.00014539498079102492
v 0.0037080487236380594 -0.00149632734246552 9.35621501412243e-05
v 0.0037080487236380594 -0.0013565141707658768 0.0006345627480186525
v 0.003708048956468703 -0.0013139733346179128 0.0007180024986155334
v 0.0037080487236380594 -0.0013371914392337203 0.0006796468514949087
v 0.0037080487236380594 -0.0012663071975111961 0.000798626686446369
v 0.003708048956468703 -0.0012370393378660083 0.0008483687997795645
v 0.0037080487236380594 -0.0011563635198399425 0.0009501792374067013
v 0.0037080487236380594 -0.001115721883252263 0.001002575503662229
v 0.003708048956468703 -0.0010283964220434427 0.0010868544923141603
v 0.003708048956468703 -0.0009753144113346934 0.0011396290501579647
v 0.0037080487236380594 -0.0008843995165079832 0.0012065187329426412
v 0.003708048490807416 -0.0008182188612408936 0.0012571867555379874
v 0.0037080487236380594 -0.0007266188622452319 0.0013073170557618148
v 0.003708048956468703 -0.0006471223314292729 0.0013532283483073122
v 0.003708048956468703 -0.0006188387633301318 0.0013614974450320012
v 0.003708048490807416 -0.0005070532206445932 0.0014068438904359943
v 0.0037080487236380594 -0.0004649546754080802 0.0014261199394240982
v 0.003708048490807416 -0.00039198625017888844 0.0014430620940402157
v 0.0037080487236380594 -0.00027483172016218305 0.0014746063388884074
v 0.003708048490807416 -0.0002743808727245778 0.0014699151506647474
v 0.003708048956468703 0.00011618933785939589 0.0014954913640394813
v 0.0037080487236380594 0.00020609417697414756 0.0014811448054388172
v 0.003708048490807416 0.000310396368149668 0.0014675336424261338
v 0.003708048956468703 0.00038959356606937945 0.0014439492952078587
v 0.003708048956468703 0.0004992925096303225 0.0014144604792818434
v 0.0037080487236380594 0.0005670291720889509 0.0013841885374858982
v 0.0037080487236380594 0.0006796458619646728 0.0013371891109272844
v 0.0037080487236380594 0.0007356381975114346 0.0013027841923758394
v 0.003708048956468703 0.0008483694400638342 0.0012370391050353653
v 0.003708048490807416 0.0008927926537580788 0.0012010122882202272
v 0.0037080487236380594 0.001002576551400125 0.001115723629482091
v 0.003708048956468703 0.0010360442101955414 0.001080455607734621
v 0.003708048490807416 0.001139631262049079 0.0009753133053891365
v 0.003708048956468703 0.0011631615925580263 0.0009429910569451754
v 0.003708048490807416 0.0012571846600621939 0.000818220141809434
v 0.0037080487236380594 0.0012721632374450564 0.000790761841926724
v 0.003708048956468703 0.0013532289303839207 0.0006471246015280488
v 0.0037080487236380594 0.0013613521587103605 0.0006261387025006119
v 0.0037080487236380594 0.0014261181931942701 0.00046495636343024693
v 0.003708048490807416 0.001447764108888805 0.0003893675748258831
v 0.003708048956468703 0.0014534739311784506 0.00037068701931275444
v 0.0037080487236380594 0.0014630522346124053 0.0003281697572674604
v 0.0037080487236380594 0.0014648240758106112 0.0003229328140150757
v 0.0037080487236380594 0.0014697281876578927 0.0002973411756101997
v 0.0037080487236380594 0.0014746069209650159 0.0002748296537902207
v 0.0037080487236380594 0.0014757534954696894 0.00026637993869371723
v 0.0037080487236380594 0.001493311719968915 0.00014147472393233334
v 0.0037080487236380594 -0.0014966748422011733 9.978838352253665e-05
v 0.003708048956468703 -0.0014872776810079813 0.00018678313062991955
v 0.003708048956468703 -0.0014890081947669387 0.00018124587950296708
v 0.0037080487236380594 -0.0014769098488613963 0.00026216500555165123
v 0.003708048956468703 -0.0014724277425557375 0.00027925847098231326
v 0.003708048490807416 -0.0014604179887101054 0.00034230368328280763
v 0.0037080487236380594 -0.0014518353855237365 0.00037062875344418006
v 0.0037080487236380594 -0.0014255796559154987 0.00046053435653448127
v 0.003708048490807416 -0.0014144621090963483 0.0004992913454771044
v 0.003708048956468703 -0.001378778601065278 0.0005907342419959607
v -0.006960328668355945 0.0003658763598650694 0.03904550895094873
v -0.005960329901427033 0.0003659985086414963 0.039044238626956954
v -0.005960176698863509 -0.00052336894441396 0.03907995671033861
v -0.006960175000131134 -0.0005234897253103554 0.03908121958374979
v -0.005959548987448218 -0.001309162937104702 0.03949801251292231
v -0.006959549151360992 -0.0013092851731926203 0.03949928283691408
v -0.005958574358373883 -0.001835751230828464 0.040215618908405325
v -0.006958572659641508 -0.0018358734669163823 0.0402168892323971
v -0.0059574437327683 -0.001998832682147622 0.04109063372015955
v -0.0069574420340359246 -0.0019989546854048967 0.04109190404415133
v -0.005956381559371951 -0.0017661090241745114 0.04194975644350054
v -0.006956379860639576 -0.0017662312602624297 0.041951026767492315
v -0.005955597385764125 -0.0011836738558486104 0.04262281954288485
v -0.006955597549676899 -0.0011837960919365287 0.04262408986687662
v -0.005955248605459931 -0.00036688591353595257 0.04297652468085291
v -0.006955248769372705 -0.00036700672353617847 0.04297778755426409
v -0.006957002449780706 0.0018347416771575809 0.04180641472339632
v -0.006958133075386289 0.001997824292629957 0.0409313924610615
v -0.006956027820706371 0.001308155246078968 0.04252401366829874
v -0.0069591971114277874 0.0017650999361649156 0.04007227718830111
v -0.006955401971936229 0.0005223593907430768 0.042942076921463034
v -0.0069599794223904644 0.0011826647678390145 0.0393992140889168
v -0.005955401808023455 0.0005224815104156733 0.04294080659747126
v -0.005956029519438746 0.0013082773657515645 0.04252274334430697
v -0.005957004148513081 0.0018348639132454991 0.04180514439940455
v -0.0059581347741186645 0.0019979451317340136 0.04093012958765032
v -0.0059591969475150134 0.0017652221722528338 0.04007100686430933
v -0.00595998112112284 0.001182786887511611 0.039397943764925024
v -0.0038049241993576306 0.008471689186990261 0.012405247427523141
v -0.005954028572887185 0.00847142655402422 0.012407981790602212
v -0.00596174877136946 0.008376551792025566 0.012662342749536043
v -0.003787049092352392 0.008086096495389938 0.013323176652193075
v -0.005997186060994866 0.007960555143654346 0.013572709634900098
v -0.003769879927858712 0.007599982433021069 0.014192123897373683
v -0.006014271639287474 0.007765851449221373 0.013922673650085933
v -0.00604214193299413 0.007451111450791359 0.014421034604310996
v -0.0037536285817623156 0.007019526325166225 0.015001320280134685
v -0.0060959313996136215 0.006843606010079384 0.015215609222650535
v -0.0037440410815179365 0.006612447090446949 0.015471552498638637
v -0.003738487837836148 0.006351284217089415 0.01574112474918366
v -0.006154812406748536 0.006156845483928919 0.015930838882923133
v -0.0037246756255626696 0.005604765377938747 0.01640093512833119
v -0.00621502008289099 0.005390239879488945 0.016567779704928405
v -0.003721190383657815 0.005390551872551441 0.016564577817916877
v -0.0038093966431915777 0.008550513535737991 0.01217359490692616
v -0.005932487081736329 0.008754280395805836 0.011443503201007848
v -0.0038268463686108607 0.008793879300355911 0.01126282755285502
v -0.005921998061239722 0.0089176120236516 0.010520478710532194
v -0.0038454968016594666 0.008944125846028328 0.01027726754546166
v -0.005920920986682179 0.008943874388933182 0.010279899463057523
v -0.0038479135837405937 0.008964315056800842 0.010149653069674974
v -0.005913470871746543 0.00899972952902317 0.01002800557762385
v -0.0038502975367009657 0.00900000985711813 0.010025506839156156
v -0.005888334475457671 0.00913617666810751 0.009767432697117334
v -0.0038512859027832764 0.009019589051604271 0.009974558837711816
v -0.0038567741867154854 0.009188555181026459 0.009698308072984222
v -0.0058450284413993385 0.009350363165140152 0.00954639166593552
v -0.003859979799017312 0.009350461885333061 0.009543877094984058
v -0.005840025376528504 0.009374297223985195 0.009528573602437976
v -0.0038609222974628227 0.009412040933966637 0.009500077925622467
v -0.00577794620767236 0.009660116396844387 0.009382547810673717
v -0.0038641483988612908 0.009724319912493229 0.009361152537167076
v -0.005739909596741202 0.009827852249145508 0.009342083707451824
v -0.0038647593464702385 0.00982782430946827 0.009339760057628158
v -0.005697388201951983 0.010008970275521278 0.009329755790531639
v -0.0038654301315546053 0.010064709931612015 0.009329805150628093
v -0.005613196175545457 0.010350799188017845 0.009393713437020782
v -0.0038649020716547983 0.010344640351831913 0.009389061480760578
v -0.005531362723559144 0.010656886734068394 0.009569032117724422
v -0.003864624537527563 0.010398044250905514 0.009409883059561256
v -0.0038622771389782446 0.010653910227119923 0.009564244188368324
v -0.0054979212582111385 0.010774072259664536 0.009681887924671177
v -0.003860369091853501 0.01077465433627367 0.009680056944489483
v -0.005465428810566666 0.010882794857025146 0.009827988222241407
v -0.003857969772070648 0.01087973639369011 0.009820600971579557
v -0.005424037575721743 0.011012530885636806 0.010144222527742391
v -0.0038523513358086365 0.011011417955160141 0.010137013159692293
v -0.003846067469567062 0.011034584604203701 0.010477202013134962
v -0.005415697116404774 0.011034400202333927 0.010479150339961057
v -0.003795894095674159 0.010450351983308792 0.013108726590871816
v -0.005544852465391162 0.01045013777911663 0.013110953383147722
v -0.005514500662684443 0.010601765476167202 0.012652625329792505
v -0.0038163212593644875 0.010768924839794636 0.012046259827911859
v -0.00547817721962929 0.010774930939078331 0.012021644040942197
v -0.0054559293203055885 0.010874130763113499 0.011571651324629789
v -0.003836965188384058 0.01097770407795906 0.010960053652524953
v -0.0058132670819759395 0.008874173276126385 0.016039755195379264
v -0.00571613106876612 0.009503801353275776 0.015107531100511558
v -0.0037593315355479735 0.009580491110682487 0.01497734338045121
v -0.00562460254877806 0.010030058212578297 0.014126898720860488
v -0.0037786853499710577 0.010091674514114857 0.01399380341172219
v -0.0037408494390547293 0.008973503485321999 0.015903493389487273
v -0.003723407397046687 0.008276185020804405 0.01676375605165959
v -0.005905307829380038 0.008182716555893421 0.01686921529471875
v -0.0037071837577968853 0.007495795842260122 0.0175494384020567
v -0.0059946826659143 0.007392118219286203 0.01764494366943837
v -0.0036923445295542496 0.006640033796429634 0.01825238764286042
v -0.0060678939335048225 0.006639772094786167 0.018255406990647323
v -0.006212482228875163 0.005042681936174631 0.017808487638831146
v -0.0036973874084651488 0.005043072160333395 0.017805222421884544
v -0.003699007676914336 0.005010934546589851 0.017714655026793487
v -0.006219025235623124 0.004997745621949434 0.017672007903456695
v -0.003704911796376111 0.004965532571077347 0.017392400652170188
v -0.006230037659406665 0.004968119785189629 0.01733046397566796
v -0.0037068123929202574 0.004971870221197605 0.017290957272052772
v -0.006232828833162787 0.0050496202893555164 0.016998391598463065
v -0.003693740814924242 0.005157476291060448 0.018013827502727515
v -0.006201804615557196 0.005134970415383577 0.01798390783369542
v -0.0036897831596434134 0.005390359088778496 0.01825216598808766
v -0.00617946404963732 0.005366375204175711 0.01823761314153672
v -0.0036875370424240845 0.005686234682798386 0.01840548031032086
v -0.006153031717985871 0.005667582154273987 0.018402539193630225
v -0.0036871610209345835 0.005823054816573858 0.018440764397382743
v -0.006139687262475493 0.005822779145091772 0.018443867564201362
v -0.006124888081103566 0.005994774401187897 0.01846154965460301
v -0.0036872262135148066 0.006015145219862461 0.018458466976881034
v -0.006095313932746651 0.006334205158054829 0.018411815166473396
v -0.003688888624310495 0.0063443873077631 0.018405465409159667
v -0.0037112850695848482 0.0050260270945727825 0.017056621611118324
v -0.003716132370755078 0.005152527708560228 0.016810098662972457
v -0.006225422956049445 0.005232465919107199 0.016711277887225158
v -0.00507802935317159 0.010503080673515797 0.007197166793048385
v -0.005098063964396718 0.010505029000341892 0.007198160048574213
v -0.0050291614606976535 0.010515924543142319 0.007203529588878158
v -0.004947388544678691 0.011106660589575768 0.0075673772953450714
v -0.0049511212855577495 0.01056958083063364 0.007230908144265417
v -0.004368052352219822 0.012405474670231342 0.009223096072673801
v -0.004375241696834566 0.012173759751021862 0.00876030791550875
v -0.004593981429934503 0.012079911306500435 0.008607244119048122
v -0.0043819141574203985 0.011876923032104969 0.008321815170347694
v -0.00478193396702409 0.011641645804047585 0.008045679889619354
v -0.0043877852149307745 0.01152514573186636 0.007926041260361675
v -0.0049067665822804 0.011251017451286316 0.007679959759116176
v -0.004392644390463831 0.011133776977658272 0.007587369531393055
v -0.004551681689918043 0.01096316147595644 0.007465224247425798
v -0.00517568411305547 0.01051993016153574 0.0072129541076719796
v -0.005325979087501767 0.010533333756029606 0.007278871722519401
v -0.005104156211018565 0.011121941730380058 0.0076122060418129
v -0.0053717880509793784 0.01053239218890667 0.007310950197279457
v -0.005415945313870909 0.010528458282351494 0.007349130697548393
v -0.005255070980638268 0.011100491508841515 0.00770430359989405
v -0.005480675026774409 0.010515321977436543 0.007424558978527788
v -0.005525292828679087 0.010497094132006168 0.007499930448830131
v -0.005366842262446883 0.011042087338864803 0.007830052636563781
v -0.005572120193392041 0.01044211070984602 0.007652932778000835
v -0.0049273585900664356 0.011652074754238129 0.008091205731034282
v -0.004720964934676887 0.012087245471775532 0.008652369491755966
v -0.004544815979897978 0.01239878498017788 0.009305593557655815
v -0.005409748293459418 0.011003337800502777 0.007990807294845585
v -0.005224734544754031 0.011512652970850468 0.008423214778304104
v -0.005178789142519238 0.01155824214220047 0.008274529129266742
v -0.004987658001482489 0.011972438544034958 0.008946668356657032
v -0.0049499804154038455 0.012001167982816696 0.008797904476523403
v -0.004723134916275741 0.012296229600906372 0.009429221041500572
v -0.0046945982612669485 0.012322903610765934 0.009405108168721203
v -0.004652383737266065 0.012353427708148956 0.009373209439218048
v -0.0048459121026098746 0.012060794979333878 0.008718521334230903
v -0.005068664904683831 0.011624031700193882 0.008171143941581253
v 0.0037080487236380594 -0.0013779675355181098 -0.0005962717696093025
v 0.0037080487236380594 -0.0013454144354909658 -0.0006669968133792284
v 0.004048331174999477 -0.001362666953355074 -0.0006307182484306398
v 0.004018506035208704 -0.0009719138033688068 0.0011374555760994558
v 0.0040232236497104185 -0.001243425183929503 0.0008336206665262583
v 0.004014060366898777 -0.00027435572701506317 0.0014699277235195047
v 0.004015380050987007 -0.0006318491650745273 0.0013555267360061414
v 0.004016038961708547 -0.0007266188622452319 0.0013073170557618148
v 0.004029025323688986 -0.001416783663444221 0.00048667780356481693
v 0.00403561443090439 -0.0014961842680349946 9.571267582941804e-05
v 0.004041890613734724 -0.001476121018640697 -0.000268763367785141
v 0.0037080487236380594 -0.0014887810684740543 -0.000184102580533363
v 0.0037080487236380594 -0.0014836238697171211 -0.0002226914803031833
v 0.0037080487236380594 -0.001477465615607798 -0.0002611316740512849
v 0.0037080487236380594 -0.0014699128223583102 -0.00029892163001932215
v 0.003708048956468703 -0.0014530409825965762 -0.0003753168275579812
v 0.0037080487236380594 -0.0014318512985482812 -0.00045023648999631427
v 0.003708048956468703 -0.001406804658472538 -0.000523952243383974
v 0.0037080487236380594 -0.0013092380249872804 -0.00073593610431999
v 0.0037080487236380594 -0.0012264051474630833 -0.0008677269215695564
v 0.004054891876876356 -0.0011350599816069007 -0.0009848037734627728
v 0.0037080487236380594 -0.0009029024513438344 -0.0012021724833175544
v 0.004059541039168836 -0.0008784920210018754 -0.0012202011421322827
v 0.003708048956468703 -0.0010221373522654176 -0.001102106762118638
v 0.003708048490807416 -0.0011303592473268509 -0.0009902220917865638
v 0.0037080487236380594 -0.0008918920066207647 -0.0012103982735425238
v 0.0037080487236380594 -0.0007739396532997489 -0.0012893402017652995
v 0.004063397180289032 -0.0005358908674679697 -0.0014055286301299936
v 0.0037080487236380594 -0.0006366369198076427 -0.0013626784784719354
v 0.0037080487236380594 -0.0004924729000777006 -0.0014213903341442353
v 0.004065777640789749 -0.00013607442087959498 -0.0014984689187258488
v 0.0037080487236380594 -0.0003430014767218381 -0.0014648445649072534
v 0.0037080487236380594 0.00027528248028829694 -0.0014793010195717222
v 0.0040662642568349856 0.00027525765472091734 -0.001479315222240985
v 0.004064944572746755 0.0006327510927803814 -0.0013649143511429436
v 0.0037080487236380594 0.0005079547991044819 -0.0014162296429276473
v 0.0037080487236380594 0.0006197401089593768 -0.0013708870392292744
v 0.004064285196363928 0.000727520848158747 -0.001316704670898617
v 0.003708048956468703 0.0007275195675902069 -0.0013167029246687896
v 0.004061818122863771 0.000972815731074661 -0.0011468430748209362
v 0.003708048956468703 0.0008853027247823775 -0.0012159080943092708
v 0.0037080487236380594 0.0010292980587109923 -0.001096240361221135
v 0.004057100974023344 0.0012443261221051216 -0.0008430083980783823
v 0.003708048490807416 0.001157265156507492 -0.0009595650481060152
v 0.0037080487236380594 0.001267208601348102 -0.0008080163388513032
v 0.004051299300044777 0.0014176846016198397 -0.000496065535116941
v 0.003708048956468703 0.0013574158074334264 -0.0006439485005103055
v 0.003708048956468703 0.0014264811761677265 -0.0004699201381299647
v 0.004044710192829372 0.0014970871852710843 -0.00010510008723940704
v 0.0040384340099990385 0.0014770238194614649 0.000259375956375152
v 0.004031993448734285 0.0013635697541758418 0.0006213308661244813
v 0.003708048956468703 0.0014972297940403223 -0.00010294777166564022
v 0.004020783584564926 0.0008793939487077296 0.0012108135269954805
v 0.0040254327468574064 0.0011359610361978412 0.0009754160419106488
v 0.004014547448605301 0.0001369763631373644 0.0014890814200043685
v 0.004016927909106018 0.0005367927951738238 0.0013961410149931914
v 0.0035653321538120526 0.007985792122781277 0.028266733512282385
v 0.0035631041973829287 0.007748581003397703 0.028368799015879645
v 0.00422457652166486 0.0076583391055464745 0.028933567926287665
v 0.0035546820145100372 0.0069952975027263165 0.028770599514246
v 0.003544883336871864 0.0063138920813798904 0.02925979904830457
v 0.0050723110325634506 0.006792416330426931 0.030297337099909796
v 0.004906286019831898 0.007145705167204142 0.029846886172890677
v 0.0035350802354514616 0.005775952711701393 0.029765218496322646
v 0.004821481648832561 0.007303943391889334 0.029655182734131827
v 0.004536170512437822 0.007481005042791367 0.029294084757566466
v 0.0035254959948360937 0.005368496291339397 0.030275488272309317
v 0.004192400723695757 0.005917015485465527 0.030316684395074858
v 0.0042377877980470675 0.00595612870529294 0.030319306999444975
v 0.004968726076185706 0.006614577490836382 0.030365636572241797
v 0.0050975414924323585 0.006736440118402243 0.030374705791473403
v 0.005617160815745595 0.003849512431770563 0.03426301479339601
v 0.005585055798292163 0.0046380446292459965 0.033249914646148696
v 0.005577290896326306 0.004704418126493692 0.03317920491099359
v 0.005439473781734708 0.005661854986101389 0.03186535090208055
v 0.005230538547039035 0.006400910671800375 0.03084037080407144
v 0.005403028801083567 0.005820551421493292 0.03164753690361978
v 0.0055629829876124885 0.00487682968378067 0.03293273225426675
v 0.005508110858500006 0.005293141584843397 0.03237063065171243
v 0.0054539092816412475 0.005588543135672808 0.03197221085429193
v 0.005405678879469636 0.005809437483549118 0.03166308254003526
v 0.003833028487861158 0.010450816713273525 0.01310388464480639
v 0.005581988021731379 0.01045081578195095 0.013103892095386987
v 0.0038152576889842766 0.010046918876469135 0.014086416922509677
v 0.0056666834279894855 0.010011552833020687 0.014161110855638988
v 0.0037964659277349728 0.009496724233031273 0.015114024281501777
v 0.005759786348789933 0.009482747875154018 0.015137030743062503
v 0.0037803282029926794 0.008912472054362297 0.01598210074007512
v 0.0058489958755672 0.008911249227821827 0.01598374173045159
v 0.00376500701531768 0.008248585276305676 0.01679015718400479
v 0.005931002553552392 0.008313286118209362 0.01671800389885903
v 0.0037506569642573612 0.007511476520448923 0.01753072254359723
v 0.00602333387359977 0.007529429625719786 0.017514290288090713
v 0.00611202418804169 0.006640514824539423 0.018247675150632865
v 0.003736473852768542 0.006640528794378042 0.01824763603508473
v 0.0054912194609642055 0.010872958227992058 0.011573965661227708
v 0.005513571668416264 0.010775593109428883 0.012014713138341909
v 0.003852197667583825 0.010768664069473743 0.012043112888932233
v 0.0055469963699579265 0.010621233843266964 0.012583830393850809
v 0.005449420306831601 0.011035062372684479 0.010472254827618604
v 0.0038713724352419394 0.01097803469747305 0.010955370031297212
v 0.0038797908928245323 0.011035061441361904 0.010472260415554052
v 0.0038903262466192263 0.010886467061936855 0.009825925342738634
v 0.0038926999550312775 0.010775015689432621 0.00967519357800484
v 0.005496636033058169 0.010890117846429348 0.009831964969635015
v 0.003879220690578224 0.008944597095251083 0.01027236413210631
v 0.0059546469710767295 0.008944598026573658 0.010272361338138586
v 0.0038836954627186077 0.009000497870147228 0.01002054568380118
v 0.0059467693790793445 0.009000526741147041 0.010020570829510694
v 0.003885018406435849 0.009029857814311981 0.009946926496922975
v 0.005941627547144892 0.009029935114085674 0.009946752339601522
v 0.003889030078426005 0.009164348244667053 0.009723408147692684
v 0.005915479734539988 0.009166587144136429 0.009720568545162681
v 0.0038924524560570734 0.009350985288619995 0.009539022110402588
v 0.005877763964235785 0.009351195767521858 0.009538860060274604
v 0.003893394488841297 0.009419223293662071 0.009490890428423885
v 0.00586314080283046 0.009420372545719147 0.009490150026977066
v 0.00389628764241934 0.009714242070913315 0.009359125047922138
v 0.005791398230940106 0.009742586873471737 0.009351839311420921
v 0.0038969907909631746 0.009828280657529831 0.0093348165974021
v 0.005771735683083537 0.009828411042690277 0.009334798902273182
v 0.0038977621588856 0.01006252784281969 0.009324835613369945
v 0.005709792952984574 0.010092739015817642 0.0093273688107729
v 0.003897269722074272 0.010345068760216236 0.00938423536717892
v 0.005647493992000821 0.010345008224248886 0.00938421115279198
v 0.00562862912192941 0.010419215075671673 0.00941412523388863
v 0.0038969088345766085 0.010407213121652603 0.009408836252987388
v 0.005554813891649249 0.01069345511496067 0.009592950344085697
v 0.0038940743543207663 0.010688405483961105 0.009588421322405342
v 0.005531125701963904 0.010774767026305199 0.009674911387264732
v 0.0038853778969496506 0.011013366281986237 0.010138067416846757
v 0.005460357759147885 0.01100627239793539 0.010108984075486665
v 0.0054484875872731235 0.011038423515856266 0.010426617227494722
v 0.0038456416223198193 0.008550952188670635 0.012168695218861108
v 0.0038414064329117554 0.008472155779600143 0.012400393374264245
v 0.005990516394376757 0.008472153916954994 0.012400402687489992
v 0.003861982142552735 0.008794357068836689 0.011256683617830282
v 0.005967818666249516 0.00875113345682621 0.011451051570475107
v 0.005956076085567477 0.00891716219484806 0.010521958582103258
v 0.006002283655107024 0.008334331214427948 0.012762762606143957
v 0.006038179155439141 0.007928911596536636 0.01362603902816773
v 0.003824982093647124 0.008091570809483528 0.013307943940162664
v 0.006051807664334777 0.007777544669806957 0.013896468095481403
v 0.00380980269983411 0.0076326169073581696 0.014136317186057575
v 0.006084220949560406 0.007419540546834469 0.014460691250860698
v 0.0037954060826450604 0.007090621627867222 0.014907723292708404
v 0.006135995499789717 0.00684419646859169 0.01520782336592675
v 0.0037633292376995104 0.005391007289290428 0.016559829935431487
v 0.006257160566747191 0.0053910003043711185 0.016559861600399024
v 0.0037695965729653853 0.005792470183223486 0.016244342550635345
v 0.00619643181562424 0.006156675983220339 0.01592350937426091
v 0.0037819433491677063 0.006474086549133062 0.015612914226949222
v 0.003784900531172754 0.006619716063141823 0.015459478832781322
v 0.006259412970393899 0.005360042210668325 0.0165836587548256
v 0.0037583210505545157 0.005142930429428816 0.01682009175419808
v 0.006272381637245419 0.005140762776136398 0.016823347657918937
v 0.006275618914514783 0.005001640412956476 0.017131678760051734
v 0.0037540907505899685 0.005026427563279867 0.017051989212632186
v 0.006273865234106782 0.004972378257662058 0.01728625968098641
v 0.0037500406615436094 0.00497237965464592 0.017286244779825218
v 0.006270092446357014 0.004966852720826864 0.017450995743274696
v 0.003748523537069561 0.004966109525412321 0.0173777211457491
v 0.006257829256355765 0.005031324923038483 0.017768867313861854
v 0.003743127919733526 0.0050111571326851845 0.017709033563733108
v 0.006256228778511288 0.005043635610491037 0.017800478264689452
v 0.003741628490388395 0.00504363002255559 0.017800467088818557
v 0.0062392512336373355 0.00520033435896039 0.018065180629491813
v 0.003738109720870854 0.005158365238457918 0.01800979487597943
v 0.006225100252777341 0.0053525445982813835 0.01821772567927838
v 0.003734197700396182 0.005379040259867907 0.018238615244627006
v 0.006217179819941523 0.005442116875201464 0.01828314922749997
v 0.0037320232950150984 0.005693766288459301 0.018403120338916786
v 0.006190451327711346 0.0057517471723258495 0.018419977277517326
v 0.0061842142604291465 0.005823554936796427 0.018435971811413772
v 0.003731736447662117 0.0058235470205545425 0.018435971811413772
v 0.0061630844138562705 0.006066859699785709 0.018452474847435958
v 0.0037318039685487765 0.006007473450154066 0.01845368370413781
v 0.006137568503618243 0.006358861457556486 0.018396090716123588
v 0.0037332721985876578 0.006338842213153839 0.018402785062789924
v -0.003299576928839089 -0.0030894852243363857 0.014802935533225543
v -0.00330005493015051 -0.003138717031106353 0.014436383731663234
v -0.0032998016104102148 -0.0018153686542063951 0.014779659919440753
v -0.0033004516735672964 -0.0031780540011823177 0.01414036005735398
v -0.003302547382190825 -0.002141342032700777 0.012590979225933557
v -0.003303213277831675 -0.0034423901233822107 0.011897645890712743
v -0.0033047336619347347 -0.0023338214959949255 0.010876000858843332
v -0.00330538395792246 -0.0035564256832003593 0.01017424557358027
v -0.003305697347968818 -0.0023868295829743147 0.010068239644169813
v -0.002298469655215741 -0.002094645518809557 0.0157836601138115
v -0.002298267325386406 -0.003292859299108386 0.01580555178225041
v -0.0023357667960226544 -0.0020824347157031298 0.01578278839588166
v -0.002624004147946836 -0.0032061017118394375 0.015749860554933555
v -0.0026291650719940675 -0.0019841596949845552 0.01572582498192788
v -0.00263953465037048 -0.0032019701320677996 0.015744313597679145
v -0.0029105995781719698 -0.0031313083600252867 0.015594168566167362
v -0.0028998290654271854 -0.0018911550287157297 0.015579877421259887
v -0.003005366772413255 -0.003108147531747818 0.015510543249547488
v -0.003005290171131493 -0.0018558235606178641 0.015487961471080787
v -0.0031307179015129818 -0.003081351751461625 0.01535767316818238
v -0.003128410549834372 -0.001817990792915225 0.015338357537984855
v -0.003258943557739259 -0.0030678636394441128 0.015083495527505882
v -0.0032609221525490297 -0.0017931642942130566 0.015054174698889262
v 0.003340538125485183 -0.0023864260874688625 0.010064020752906805
v 0.003340501803904773 -0.003556019626557827 0.010170024819672113
v 0.0033405383583158268 -0.002361477818340063 0.010490639135241514
v 0.003340746741741897 -0.0035361817572265863 0.010628301650285726
v 0.0033405425492674125 -0.0021937284618616104 0.012184900231659418
v 0.003340386087074877 -0.0033918588887900114 0.012385125271976
v 0.0033405527938157333 -0.0018149629468098283 0.014775444753468044
v 0.003340537659823896 -0.0031778726261109114 0.014134506694972522
v 0.0033405141439288868 -0.0030890810303390026 0.014798724092543132
v 0.0026961648836731924 -0.0031978969927877188 0.015735480934381492
v 0.002678830409422518 -0.001981203444302082 0.015719681978225715
v 0.002965086139738561 -0.0018828266765922308 0.015557810664176948
v 0.0023405309766531 -0.00209436216391623 0.015780715271830566
v 0.0023709060624241838 -0.003284464357420802 0.01580199599266053
v 0.0023405023384839305 -0.003292577574029565 0.015802606940269477
v 0.0033004181459546102 -0.0017927495064213872 0.015055547468364246
v 0.0032987226732075227 -0.0030673807486891747 0.015084441751241691
v 0.0032778722234070314 -0.0017941150581464171 0.015123596414923675
v 0.0032778910826891674 -0.003067293204367161 0.015146697871387012
v 0.003176611848175527 -0.0018157489830628037 0.01532418932765723
v 0.003158903913572432 -0.0030835075303912163 0.01537337806075812
v 0.002962008584290744 -0.0031285746954381466 0.015582988969981677
v 2.353119089093526e-05 -0.0032191737554967403 0.019637640565633784
v 2.524309093132616e-05 -0.003052500309422612 0.02235177531838418
v 1.6302001313306398e-05 -0.0031465126667171717 0.020638318732380877
v 1.453869663237129e-05 -0.0032807488460093737 0.01889364607632161
v 1.253409573109821e-05 -0.003430643817409873 0.017299696803092963
v 2.1138217562111105e-05 -0.0035859420895576477 0.015807960182428367
v 1.0659246981958864e-05 -0.003585949307307601 0.01580797880887986
v 3.201362051186153e-05 -0.0031465119682252407 0.020638300105929385
v 3.161678978358397e-05 -0.003280747914686799 0.018893636763095863
v 3.1664942071074633e-05 -0.0034306428860872984 0.01729968190193177
v 3.161659697070719e-05 -0.00358594860881567 0.015807965770363815
v 0.0015288515714928514 -0.0023026333656162024 0.015784546732902534
v 0.0020364646334201106 -0.003366831922903657 0.015804082155227668
v 0.0006125936633907262 -0.0024228657130151987 0.015787089243531234
v 0.0010744498576968913 -0.0035276799462735653 0.01580691523849965
v 3.1616818887414424e-05 -0.0024437590036541224 0.01578710041940213
v 2.9333952625165707e-05 -0.002443757141008973 0.01578710041940213
v 2.1054574972367856e-05 -0.0024437527172267437 0.015787092968821533
v 1.0492773071746347e-05 -0.0024437608662992716 0.015787115320563323
v -0.0006474751862697307 -0.0024170815013349056 0.015787458047270782
v -0.001009820145554841 -0.00353023293428123 0.015808252617716796
v -0.0014593063388019807 -0.002308041788637638 0.01578649319708348
v -0.0019401261815801272 -0.0033790923189371824 0.01580667309463025
v 1.5788928067195236e-05 -0.0020053607877343893 0.020271336659789096
v 2.253089587611613e-05 -0.001905336743220687 0.021851932629942904
v 2.1892354197916585e-05 -0.002142649609595537 0.018643841147422797
v 1.4070863471715718e-05 -0.002143570687621832 0.018634118139743812
v 2.9568485842901296e-05 -0.0020807189866900444 0.01933237165212632
v 3.1617382774129523e-05 -0.0020802579820156097 0.019337736070156104
v 3.1616542401025085e-05 -0.002143569989129901 0.018634108826518066
v 2.6734927814686684e-05 -0.0018697951454669237 0.022625042125582705
v 2.5656330763013112e-05 -0.0018423611763864756 0.023415546864271174
v 2.989444692502731e-05 -0.0018871440552175045 0.022303661331534396
v 3.161663335049526e-05 -0.001905338023789227 0.021851923316717158
v 6.824140291428196e-05 -0.00201016734354198 0.035241961479187026
v 3.161599670420402e-05 -0.0019167595310136676 0.032477602362632765
v 3.337810267112219e-05 -0.0020102025009691715 0.035241961479187026
v -1.4914477333149995e-06 -0.002010206924751401 0.035242203623056426
v -0.00405969610437751 0.0002746191748883575 0.03953336551785471
v -4.952794552082198e-05 0.00027510832296684384 0.039528273046016714
v -4.948157220496798e-05 0.00016676762606948614 0.039512142539024374
v -0.004059644881635906 -0.00022783504391554743 0.03952534496784212
v -8.545353921363134e-05 -0.0002745584351941943 0.04247753322124483
v -0.004055884666740896 -0.00027504313038662076 0.04248257353901865
v -8.45835384097882e-05 -0.0006291459430940449 0.04236445575952532
v -0.004056048113852741 -0.0007466529496014118 0.042309053242206594
v -0.0040566297248005884 -0.0012740683741867542 0.04179998487234118
v -7.97795364633203e-05 -0.0012045088224112988 0.041896484792232534
v -8.40204302221537e-05 -0.0007461570203304291 0.04230399429798128
v -0.004057488869875671 -0.001497275079600513 0.04110177233815195
v -7.19708114047535e-05 -0.0014853548491373658 0.04121009260416033
v -7.86608070484363e-05 -0.0012735731434077024 0.041794925928115866
v -0.004058420658111574 -0.0013629707973450422 0.040381163358688375
v -6.306776776909831e-05 -0.0014030419988557696 0.04047306627035143
v -7.063357043080035e-05 -0.0014967984752729535 0.04109671339392664
v -5.0415990699548295e-05 -0.00031325884629040956 0.03953603655099871
v -5.442334077088165e-05 -0.0009027324849739671 0.03980517387390139
v -0.0040592006407678145 -0.0009032268426381052 0.0398102328181267
v -5.5245451221708235e-05 -0.0009776861406862736 0.03986554592847826
v -6.185552047099921e-05 -0.0013624874409288168 0.04037608578801157
v -5.039710958953949e-05 0.0006296972278505564 0.03964134305715563
v -0.004059534054249527 0.0007462289649993181 0.03970688581466677
v -5.0960119551746195e-05 0.0007467065006494522 0.03970181569457056
v -5.5201944633154226e-05 0.0012050583027303219 0.04010932147502901
v -0.0040589510463178175 0.0012736443895846605 0.040215954184532186
v -5.6319739087484804e-05 0.0012741225073114038 0.04021088033914568
v -6.30097420071252e-05 0.001485904329456389 0.04079571366310122
v -0.004058092832565309 0.0014968515606597066 0.04091416671872141
v -6.434698298107835e-05 0.0014973483048379421 0.040909096598625204
v -7.191370968939739e-05 0.0014035910135135055 0.041532739996910116
v -0.004057324957102539 0.0014131178613752127 0.041510462760925314
v -7.312503294087949e-05 0.0013630372704938054 0.041629720479249975
v -0.0040571610443294066 0.0013625472784042358 0.04163477569818499
v -7.97360335127451e-05 0.0009782356210052967 0.042140260338783285
v -0.0040563801303505915 0.0009028028580360115 0.042205702513456365
v -8.055721264099706e-05 0.0009032819070853293 0.04220063611865046
v -0.004055936355143787 0.00022741153952665627 0.04249059408903124
v -8.456454816041518e-05 0.0003138082684017718 0.04246977344155314
v -8.549897756893192e-05 -0.00016621864051558077 0.04249366372823717
v 0.004131616558879616 0.00016111602599266917 0.03956200554966929
v 0.004131617024540903 0.0005566697800531983 0.03966202959418299
v 0.004131617024540903 0.0009139614994637668 0.0398673936724663
v 0.004131616558879616 0.0011691914405673742 0.04011991247534754
v 0.004131617024540903 0.0013769655488431454 0.040470443665981314
v 0.004131617024540903 0.0014834064058959484 0.040868766605854055
v 0.004131617024540903 0.001483435626141727 0.041235730051994345
v 0.004131617024540903 0.0013802803587168455 0.04162755608558657
v 0.004131617024540903 0.0011753240833058953 0.04197848588228228
v 0.004131617024540903 0.0009207929251715541 0.04223303124308588
v 0.004131617024540903 0.0005688344826921821 0.042438969016075155
v 0.004131617024540903 0.00017042802937794477 0.042543064802885076
v 0.004131617024540903 -0.00017192188533954322 0.042543988674879095
v 0.004131617024540903 -0.0005674760905094445 0.04244396463036539
v 0.004131617024540903 -0.0009247673442587256 0.04223860055208208
v 0.004131617024540903 -0.0011799962958320975 0.041986074298620245
v 0.004131617024540903 -0.0013877719175070524 0.04163554683327677
v 0.004131616558879616 -0.0014942126581445336 0.041237227618694326
v 0.004131617024540903 -0.001494241994805634 0.04087026417255404
v 0.004131617024540903 -0.0013910853303968906 0.040478430688381216
v 0.004131617024540903 -0.0011861290549859405 0.04012750089168551
v 0.004131617024540903 -0.0009315992356278002 0.0398729629814625
v 0.004131617024540903 -0.0001812325353967026 0.03956292197108271
v 0.004131617024540903 -0.0005796407931484282 0.03966702148318293
v 3.159672269248405e-05 -0.0030827682930976152 0.03235064819455148
v 9.423968731425707e-05 -0.0032443830277770758 0.03707605972886087
v -2.5088194888667214e-05 -0.0032444403041154146 0.03707704320549966
v 0.00011622237798292195 -0.002232195343822241 0.03885242342948915
v 3.5606753954198225e-05 -0.002232764381915331 0.03885269165039064
v -4.4858348701382076e-05 -0.002232541097328067 0.03885314986109735
v 0.003077970584854485 -0.0017876215279102325 0.038654893636703505
v 0.003077495610341431 -0.001779748359695077 0.03866927325725557
v 0.002834182232618333 -0.001851614098995924 0.03869973123073579
v 0.003442290239036085 -0.002146907849237323 0.03774251043796541
v 0.0031721945852041258 -0.001958578359335661 0.03828500956296922
v 0.0029922947287559522 -0.002801189199090004 0.03689246997237207
v 0.0036254934966564196 -0.0022420817986130714 0.03741335496306421
v 0.0038342652842402476 -0.002487089717760682 0.03675023838877679
v 0.0038393612485379 -0.0024709212593734264 0.03677633032202722
v 0.0038039609789848345 -0.002365412889048457 0.03701545298099519
v 0.0012958329170942313 -0.002156123984605074 0.0388234741985798
v 0.0010956196347251539 -0.0031889111269265413 0.03705486655235292
v 0.0019448805833235392 -0.002057327190414071 0.03878441452980043
v 0.0020811888389289388 -0.003036511829122901 0.03699321672320367
v 0.0025391459930688156 -0.0019294146914035082 0.03873221948742868
v 0.001016470137983561 -0.002186097437515855 0.03883503749966623
v 0.007031616754829887 -0.0005226376815699041 0.039072345942258856
v 0.007031616754829887 0.0003667296841740608 0.039036627858877196
v 0.007031616754829887 0.0011835182085633278 0.03939032927155497
v 0.007031617220491174 -0.001765378867276013 0.04194214567542078
v 0.007031616754829887 -0.001998101593926549 0.04108302667737009
v 0.007031616754829887 -0.0018350188620388508 0.04020800441503527
v 0.007031617220491174 0.0017659527948126197 0.04006339982151987
v 0.007031616754829887 0.001998677384108305 0.040922515094280264
v 0.007031616754829887 -0.0011829427676275373 0.04261520877480509
v 0.007031617220491174 -0.0013084332458674908 0.03949040919542315
v 0.007031617220491174 -0.00036615479621104896 0.04296891763806345
v 0.007031616754829887 0.0005232130060903728 0.0429331958293915
v 0.007031617220491174 0.0013090071734040976 0.042515140026807806
v 0.007031616754829887 0.0018355946522206068 0.04179753363132479
v 0.0060316170565784 -0.00036615427234210074 0.04296891391277315
v 0.006031616590917113 -0.0011829436989501119 0.04261521250009539
v 0.006031616590917113 -0.0017653782851994038 0.04194214567542078
v 0.0060316170565784 -0.0019981011282652617 0.041083022952079794
v 0.0060316170565784 -0.0018350197933614254 0.04020800814032557
v 0.0060316170565784 -0.0013084327802062035 0.03949040547013285
v 0.0060316170565784 -0.0005226371577009559 0.03907234221696856
v 0.0060316170565784 0.0003667301789391786 0.039036627858877196
v 0.0060316170565784 0.001183518674224615 0.03939032927155497
v 0.0060316170565784 0.0017659533768892288 0.040063396096229574
v 0.0060316170565784 0.0019986764527857304 0.04092251881957056
v 0.0060316170565784 0.001835595234297216 0.04179752990603449
v 0.006031616590917113 0.0013090077554807067 0.04251513630151751
v 0.006031616590917113 0.00052321219118312 0.0429331995546818
v 0.006031616590917113 -0.00029449380235746503 0.0373542793095112
v 0.006031616590917113 -0.000603827356826514 0.03680961579084398
v 0.006050535012036565 -0.0005572857335209846 0.03659268841147424
v 0.006049857940524819 -0.0001815157593227923 0.03728255629539491
v 0.006105854175984862 -0.00044292089296504855 0.036539904773235335
v 0.006103252526372674 -7.676795939914882e-05 0.03721607476472856
v 0.0060316170565784 -0.0008512338972650468 0.03623810783028604
v 0.0060316170565784 -0.0008519309340044856 0.036231316626071944
v 0.0060316170565784 -0.0008466332219541073 0.03620645031332971
v 0.006031836383044722 -0.0008463248959742486 0.036190018057823195
v 0.006064507644623521 -0.0007747527561150491 0.03590328246355058
v 0.006095833610743287 -0.0007249726913869381 0.03583585098385812
v 0.006102936808019879 -0.0007143195252865553 0.03582866862416269
v 0.006176550406962636 0.0009417854598723352 0.037159632891416564
v 0.006215655244886878 0.0013303529703989625 0.03693376481533052
v 0.006114643067121508 0.0013846855144947767 0.037031240761280074
v 0.006038218736648562 0.00011414360778871924 0.037535674870014205
v 0.0060316170565784 -4.703895319835283e-05 0.037564184516668334
v 0.006036649458110335 -9.576988668413833e-05 0.03745596855878831
v 0.0060316170565784 -0.00026321475161239505 0.037398148328065886
v 0.006101727019995454 0.0029009184800088406 0.03590938448905946
v 0.006091875955462458 0.0029126647859811783 0.03592218458652498
v 0.00605778815224767 0.002242992864921689 0.03659306094050409
v 0.006038430146873 0.003017930081114173 0.03603686392307283
v 0.006031616590917113 0.003073423868045211 0.03609735518693925
v 0.0060316170565784 0.002340740291401744 0.03671924024820329
v 0.006158192642033103 0.002848602831363678 0.03585239127278329
v 0.006142281461507085 0.0021486368495970964 0.03647127002477647
v 0.006244634278118613 0.002796655287966132 0.03579579293727876
v 0.006274856161326173 0.002078008372336626 0.03638010844588281
v 0.006308421492576602 0.0027708918787539005 0.03576771914958955
v 0.006413361057639125 0.0019180701347067952 0.03643039241433145
v 0.006473832763731482 0.002737628296017647 0.035731427371501936
v 0.006336149293929341 0.001294993911869824 0.036870248615741744
v 0.0064063882455229785 0.0018506363267078996 0.03648225218057634
v 0.00641288096085191 0.0019133202731609344 0.03643407672643663
v 0.0061714355833828475 0.0003524761414155364 0.037297006696462645
v 0.00624458631500602 0.0007431888370774686 0.037168469280004515
v 0.0062748575583100345 0.0009134975844062865 0.037088010460138335
v 0.006303398404270413 0.0010836138390004635 0.036996725946664824
v 0.006042584311217072 0.0005751776043325663 0.03752081096172334
v 0.0060316170565784 0.00036316452315077186 0.03764373809099199
v 0.0060316170565784 9.459967259317636e-05 0.03761423751711847
v 0.006051418837159875 0.0014511938206851482 0.03715055808424951
v 0.0060316170565784 0.0010710955830290914 0.03748702630400659
v 0.006047211587429049 0.0010255913948640227 0.03737181797623636
v 0.0060316170565784 0.0010079637868329883 0.03751114755868913
v 0.0060316170565784 0.0005917215603403747 0.037623614072799696
v 0.0060316170565784 0.0018952407408505678 0.037041533738374724
v 0.006096658296883109 0.0009805173613131046 0.03725770115852357
v 0.0060771061107516315 0.0005586150800809264 0.037417910993099227
v 0.006133544724434617 0.0005436503561213613 0.03732492402195932
v 0.006058862898498776 0.0001338966831099242 0.037456277757883086
v 0.0060929716564714935 0.00015253132733050734 0.037381391972303404
v 0.006052351556718352 -5.5911048548296094e-05 0.037396434694528594
v 0.006108528003096583 -1.567339313623961e-05 0.03727223351597787
v 0.0061304257251322295 0.0001275615650229156 0.037313330918550505
v 0.006159946788102391 0.0036017801612615585 0.03477814793586732
v 0.006162469275295737 0.0035892673768103123 0.03479493781924249
v 0.006211534608155492 0.0035557844676077366 0.03484839200973512
v 0.006076339166611436 0.003708838252350688 0.03462511301040651
v 0.006031615193933251 0.0038793080020695925 0.034411013126373305
v 0.006031615659594538 0.0035672103986144066 0.034832950681448
v 0.006095808465033772 0.003574121743440628 0.03481153771281244
v 0.006190537475049498 0.002955947769805789 0.035689823329448714
v 0.006327131297439339 0.002914965618401766 0.03561329096555711
v 0.0060532162897288825 0.0030718224588781595 0.03584717214107515
v 0.006031616590917113 0.0031160369981080294 0.03589989989995958
v 0.006062534637749198 0.003140718676149845 0.03565193340182306
v 0.006031616590917113 0.0031719894614070654 0.03569695353507997
v 0.006031616590917113 0.003242993028834462 0.035488214343786254
v 0.006067096721380952 0.0032240008004009724 0.03545162826776506
v 0.0061029102653265025 0.0031119680497795343 0.03560554236173631
v 0.006031616125255826 0.003328918479382992 0.035278804600238814
v 0.0060678515583276775 0.0033225014340132475 0.035245910286903395
v 0.006108541972935202 0.0033169856760650873 0.035218320786952986
v 0.006151444744318726 0.0033154424745589495 0.03519275784492494
v 0.006195946130901578 0.0033179689198732376 0.03516963496804239
v 0.006287106778472665 0.0033351259771734476 0.03513213619589807
v 0.006344305817037823 0.0034592929296195507 0.03500083461403848
v 0.006087582092732194 0.0030279653146862984 0.03579179942607881
v 0.006133799441158774 0.00298873707652092 0.03573859110474588
v 0.006150840315967801 0.0030885410960763693 0.03556144237518312
v 0.0062051611021161105 0.003071313025429845 0.035521026700735106
v 0.006326919887214902 0.0030575727578252554 0.03545593097805978
v 0.006442167796194556 0.0031150667928159237 0.03537259250879289
v 0.005812353920191529 0.0033254323061555624 0.03520710393786432
v 0.005807916168123486 0.0031304957810789347 0.035783577710390105
v 0.005816288758069279 0.0031313328072428703 0.03578240051865579
v 0.005798533558845523 0.0031347887124866247 0.03576389327645303
v 0.005799430422484877 0.0031305740121752024 0.035781037062406554
v 0.0060316170565784 0.0030340158846229315 0.036360744386911406
v 0.0060316170565784 0.0030513026285916567 0.03622879087924959
v 0.005754178389906886 0.0030566551722586155 0.03616488724946977
v 0.0058115995489060905 0.003123063361272216 0.03581325709819795
v 0.00572908250615001 0.0030537841375917196 0.03618630021810533
v 0.005713783204555514 0.0030507210176438093 0.03621219098567964
v 0.005872467998415234 0.003042311407625675 0.03628697991371156
v 0.005790994968265298 0.0031776961404830217 0.035605706274509444
v 0.005780790466815236 0.0031382632441818714 0.03574542328715326
v 0.005790563300251963 0.0031321230344474316 0.0357724502682686
v 0.005616045091301205 0.0037092689890414476 0.034443929791450514
v 0.005671898368746045 0.003709497395902872 0.03446844965219499
v 0.005718935281038287 0.003686252050101757 0.03452207520604135
v 0.0057700616307556655 0.0035954772029072046 0.03468023613095285
v 0.006031612399965527 -0.002392895519733429 0.040193550288677236
v 0.006031610071659091 -0.0022675124928355217 0.03976150229573252
v 0.006031609605997803 -0.0022023075725883245 0.03957766294479372
v 0.006031611002981665 -0.0017928376328200102 0.038637697696685805
v 0.00603161193430424 -0.0016695712693035603 0.03838137909770013
v 0.0060316170565784 -0.0010855909204110503 0.03704590722918512
v 0.006031610537320378 -0.0009286734275519848 0.03652576729655267
v 0.006031611002981665 -0.0008170939399860799 0.03588710352778436
v 0.006031614728271964 -0.002491755411028862 0.04080347716808321
v 0.006031616590917113 -0.002386716427281499 0.041745878756046316
v 0.0060316170565784 -0.001907926402054727 0.04261792078614237
v 0.0060316170565784 -0.0017467171419411898 0.042791061103343984
v 0.0060316170565784 0.0024965587072074413 0.04113926738500597
v 0.0060316170565784 0.0022662614937871695 0.042058881372213384
v 0.0060316170565784 0.0016749921487644315 0.04285893961787226
v 0.0060316170565784 0.0008185300976037979 0.04336507245898249
v 0.0060316170565784 -0.00016750296344980597 0.043497130274772665
v 0.0060316170565784 -0.0011269670212641358 0.04323420673608782
v 0.0053103035315871265 0.002860406879335642 0.03790424391627313
v 0.0041314000263810175 0.0027632180135697126 0.038768243044614806
v 0.004131617024540903 0.0024965715128928423 0.04113903269171717
v 0.005044379737228158 0.002761444076895714 0.03878410160541536
v 0.00506265461444855 0.002761408919468522 0.03878441825509073
v 0.005080275703221562 0.0027734776958823204 0.03867711126804353
v 0.004131617024540903 -0.00238671712577343 0.041745882481336614
v 0.004131617024540903 -0.0024917556438595057 0.04080347344279291
v 0.004131616558879616 -0.0019079269841313362 0.04261792451143267
v 0.004131617024540903 -0.0017467164434492588 0.042791057378053686
v 0.004131617024540903 -0.0011269663227722049 0.04323420301079752
v 0.004131617024540903 0.0022662621922791004 0.042058877646923086
v 0.004131617024540903 0.0016749914502725005 0.04285894334316256
v 0.004131617024540903 0.0008185294573195279 0.04336507618427279
v 0.004131617024540903 -0.00016750361828599125 0.04349713400006296
v 0.005515962373465302 -0.002279850887134671 0.03955052047967913
v 0.004965423606336119 -0.002347140572965145 0.039517950266599676
v 0.005000113975256684 -0.0021186319645494223 0.03836064785718919
v 0.0038722637109458464 -0.002470589242875576 0.03674729913473131
v 0.00413161236792803 -0.002348680282011628 0.03668519109487535
v 0.004421450663357975 -0.0022977651096880436 0.038321383297443404
v 0.004397856537252666 -0.0023974014911800623 0.03947391360998156
v 0.004129312932491304 -0.0023955246433615685 0.038996450603008284
v 0.004131640773266556 -0.0023993111681193113 0.039125438779592535
v 0.004131617024540903 -0.002399842720478773 0.03911423683166506
v 0.004947247449308636 -0.002432566834613681 0.04015503823757174
v 0.0055442787706851985 -0.001906242105178535 0.038377519696950926
v 0.005572634749114516 -0.0015334486961364746 0.03725882619619371
v 0.00558751402422786 -0.0013977930648252368 0.03670173138380052
v 0.004445146769285204 -0.002214928390458226 0.03736304864287378
v 0.004456566646695139 -0.0021774014458060265 0.03660290688276292
v 0.005053131375461819 -0.0018215012969449162 0.036845974624156966
v 0.0052539138123393085 -0.0016392713878303766 0.036332383751869216
v 0.005560859106481078 -0.0013655254151672125 0.036188345402479186
v 0.004085741937160494 -0.002376921707764268 0.037538867443799986
v 0.004074666183441879 -0.002381437923759222 0.037247739732265486
v 0.004063752945512535 -0.0023863741662353277 0.037134874612092986
v 0.003991389181464912 -0.002419139724224806 0.03685923665761949
v 0.003921481315046551 -0.0024493930395692587 0.03676994517445566
v 0.004099618643522264 -0.002383509883657098 0.038438893854618086
v 0.00408895965665579 -0.002379198558628559 0.03802166134119035
v 0.004087541252374651 -0.002377468394115567 0.037768527865409865
v 0.005034883972257378 -0.0018990308744832873 0.037327598780393614
v 0.0038982515688985604 -0.002366479951888323 0.036957196891307845
v 0.0038345970679074543 -0.002279503270983696 0.037198264151811614
v 0.004036848433315756 -0.0022612756583839655 0.038352649658918395
v 0.003768009133636953 -0.0018641214119270444 0.03869787976145746
v 0.003744611982256176 -0.0018513641552999616 0.038690712302923216
v 0.0037880670279264467 -0.0020430751610547304 0.038230169564485564
v 0.003455895697697999 -0.001958971843123436 0.038182958960533156
v 0.00340139656327665 -0.0017540549160912633 0.03863603249192239
v 0.0039043908473104256 -0.001961700152605772 0.03875270113348962
v 0.003907456062734129 -0.0022854201961308718 0.0372014380991459
v 0.003979343920946123 -0.002308824099600315 0.03721399605274202
v 0.0038818733301013725 -0.0021815330255776644 0.03772334381937982
v 0.004042277112603189 -0.0023487145081162453 0.03723540902137758
v 0.004062862135469915 -0.0023361456114798784 0.03780898079276086
v 0.0036422263365238922 -0.002126476261764765 0.03769284859299661
v 0.00376340886577964 -0.0021399245597422123 0.037700299173593535
v 0.003929929807782175 -0.002139483578503132 0.03828427940607072
v 0.0040359902195632475 -0.002117859898135066 0.038840446621179595
v 0.0031696609221398843 -0.001756155164912343 0.03866041079163553
v 0.0034607627894729393 -0.0017430244479328394 0.038671463727951064
v 0.0037044712807983177 -0.0018057527486234903 0.03872672095894815
v 0.004126177635043861 -0.00234084390103817 0.03902918100357057
v 0.004086382687091829 -0.002171069150790572 0.038980074226856246
v 0.004049355629831554 -0.0021139467135071754 0.03890177607536317
v 0.003928876947611572 -0.0019484905060380697 0.0388309955596924
v 0.003876732429489495 -0.0019115159520879388 0.0387881100177765
v 0.0038650608621537703 -0.00030994872213341296 0.03779591619968416
v 0.004131659865379335 -0.0005709804827347398 0.037983819842338576
v 0.004128853790462019 -0.00016464512737002224 0.03772184997797014
v 0.003331616753712298 0.0001398254680680111 0.03712045028805734
v 0.0033316169865429414 0.00010849593672901392 0.03540539368987085
v 0.0033316169865429414 -0.00045374262845143676 0.03747799620032312
v 0.003331616753712298 -0.0004924515960738063 0.03535903990268709
v 3.470144292805345e-05 -0.00045374216279014945 0.03747799620032312
v 3.3358683140249936e-05 -0.0004924516542814672 0.03535903990268709
v -0.003264896105974914 -0.0004928536945953965 0.03536322340369226
v -0.0032622111029922975 -0.00045414501801133156 0.03748218342661859
v -0.0032627366017550243 0.00013942315126769245 0.03712463751435281
v -0.003264910774305464 0.00010809380182763562 0.03540958091616632
v -0.003842875128611924 -0.00046373746590688825 0.03748865053057672
v -0.0040623163804411905 -0.00034352269722148776 0.037416510283947005
v -0.0038188658654689806 -0.00038557869265787303 0.03764688596129419
v -0.0040577617473900335 -0.000169245497090742 0.03772946447134019
v -0.0037952323909848946 -0.0003104246570728719 0.037800811231136336
v -0.0035338306333869713 -0.0006186588434502482 0.03758165612816812
v -0.003353670705109836 -0.0006161555065773427 0.037762034684419646
v -0.0028182829264551414 -0.0008221486932598054 0.037860684096813216
v -0.0037618062924593704 -0.0003287422005087137 0.037810117006301894
v -0.0037621601950377243 -0.000506873126141727 0.03751454129815103
v -0.0038026531692594307 -0.00048548856284469366 0.03750170767307283
v -0.0016052087303251035 -0.0011263134656473994 0.037997435778379454
v -0.001967920223250986 -0.0011119567789137363 0.037876844406127944
v -0.00284678488969803 -0.0008840530063025653 0.037740625441074385
v -8.144766979967247e-06 -0.0012586616212502122 0.03806911408901216
v -3.3354430343024446e-05 -0.0013074827147647738 0.03799268230795862
v -0.00020819106430280962 -0.0012647028779610991 0.03805387765169145
v -0.0010801734169945125 -0.0012483409373089671 0.03795780241489412
v -0.0016109485877677805 -0.00117699324619025 0.03791548684239389
v -0.0010644210269674663 -0.0011133409570902586 0.03817520290613176
v 3.514793934300543e-05 -0.0011765514500439167 0.03819944337010385
v 1.3401840988080955e-05 -0.0012176202144473791 0.03813394904136659
v -0.002042340114712716 -0.0009482685127295554 0.03810529410839082
v -0.0015950937522575266 -0.0010371985845267773 0.038143649697303786
v -0.0025353671517223133 -0.0008211113163270056 0.03804834932088853
v -0.002800833666697146 -0.0007383555639535189 0.0380101539194584
v -0.002990260720252992 -0.0006723807309754193 0.037979125976562514
v -8.256447472376752e-06 -0.0013077228795737028 0.03799245133996011
v -8.200452612072698e-06 -0.001283069490455091 0.03803088888525964
v 3.508032023091802e-05 -0.0013078207848593593 0.037992466241121306
v -0.004062735941261055 0.00013932614820078015 0.037125650793313994
v 0.003831611247733237 -0.0005064097931608558 0.03750971704721452
v 0.004131622146815063 -0.00034302929998375475 0.037411306053400054
v 0.004131617024540903 0.00013982559903524816 0.03712045028805734
v 0.003912294283509256 -0.0004632629279512912 0.03748373314738275
v 0.0038722448516637104 -0.0004849358228966594 0.03749678656458856
v 0.00010428305540699516 -0.0013075642054900527 0.037992320954799666
v 0.0005805959226563575 -0.001293565845116973 0.03798371553421022
v 0.0014803510857746012 -0.0012072796234861016 0.03793163225054742
v 0.0016812955727800733 -0.001176769845187664 0.03791332617402078
v 0.0023595597594976434 -0.001040249364450574 0.037831280380487456
v 0.0031549932900816215 -0.0008018954540602863 0.037687707692384734
v 0.0038884929381310957 -0.00038510275771841407 0.03764197230339052
v 0.003848378313705327 -0.0003191358409821987 0.037800621241331114
v 0.003831614041700961 -0.00032827883842401206 0.03780530020594598
v 0.0034236731007695215 -0.0006156509043648839 0.037757676094770445
v 0.0030603308696299804 -0.0006720100063830614 0.0379752852022648
v 0.0028884701896458877 -0.0008217213326133788 0.037857007235288634
v 0.0028711969498544944 -0.0007379245362244546 0.038006514310836806
v 0.0011348089901730423 -0.0011132018407806754 0.03817380219697954
v 0.001665722811594606 -0.0010369429364800453 0.03814155608415605
v 0.0016756664263084537 -0.0011260651517659426 0.03799531981348993
v 0.0021125627681612977 -0.0009480207809247077 0.03810265660285951
v 0.0026055518537759794 -0.0008207936189137399 0.03804508596658708
v 7.084057870088148e-05 -0.001176471239887178 0.038199409842491164
v 0.00010653139179339636 -0.0011762578506022692 0.038199331611394896
v 0.00027906964533031 -0.0012646617833524942 0.038053553551435484
v 0.0036105790641158837 -0.0014583822339773178 0.03850393742322923
v 0.0038857036270201224 -0.0018515692790970206 0.038768265396356597
v 0.004023265559226276 -0.0020481629762798548 0.03890043124556543
v 0.004131634254008533 -0.0022457896266132593 0.03903094306588174
v 0.004131617024540903 0.0028436779975891113 0.03547419607639314
v 0.004131617024540903 0.00010852138802874833 0.035406809300184264
v 0.004131617024540903 0.002786110620945692 0.03600478917360307
v 0.004131617024540903 0.002823139075189829 0.03784361481666566
v 0.004131617024540903 0.0027961251325905323 0.0363847315311432
v 0.003426319686695935 0.00010851681872736663 0.03540607169270517
v 0.0010924679227173333 -0.001948623568750918 0.035246588289737715
v 0.0034254859201610106 -0.0013162385439500213 0.035295490175485625
v 0.00283685070462525 -0.0015550252282992005 0.03527646511793138
v 0.002004665322601796 -0.0017930286703631282 0.035257823765277876
v 0.003731434233486654 -0.0011080363765358925 0.01766843907535077
v 0.0035484328400343674 -0.001033596694469452 0.019368233159184463
v 0.0037155242171138542 -0.0009925749618560076 0.018604416400194175
v 0.002967611886560918 -0.0017186339246109128 0.016712345182895667
v 0.0035479892976582068 -0.0008887618314474821 0.028276769444346442
v 0.0028558580670505775 -0.0013660036493092775 0.031335808336734786
v 0.000501785892993212 -0.00188351608812809 0.03181555867195131
v 3.081604882027024e-05 -0.001880168099887669 0.03123116306960584
v 3.0038010663702166e-05 -0.0018492283998057246 0.029999086633324637
v 0.0004991824389435353 -0.001797961420379579 0.027866534888744368
v 2.8561176804942092e-05 -0.00181100913323462 0.027745047584176077
v 2.7222637072554803e-05 -0.0018053434323519468 0.02556551806628705
v 0.0005144790047779681 -0.001807882566936314 0.024137649685144435
v 2.6409859856357808e-05 -0.0018178580794483423 0.024477465078234683
v 0.0005559992860071363 -0.001954366685822606 0.020710133016109477
v 0.0006207871483638886 -0.002219700487330556 0.017628282308578498
v 0.0012392480857670314 -0.0021593752317130566 0.017489101737737663
v 0.002420778153464199 -0.0019096140749752522 0.017011379823088653
v 0.0018419509287923583 -0.00205627060495317 0.01727688685059548
v 0.003757490776479246 -0.0013279643608257174 0.016151865944266326
v 0.003474334720522167 -0.0014825592515990138 0.016399526968598373
v 0.003798682941123845 -0.0017180942231789231 0.01373155694454909
v 0.0036125190090388077 -0.0021701795049011707 0.01134586893022061
v 0.0038300934247672575 -0.001990576973184943 0.01188743114471436
v 0.003841946832835676 -0.002073480747640133 0.011194561608135705
v 0.003857122967019679 -0.002153549110516906 0.010312546975910669
v 0.0038766481447964924 -0.002206471050158143 0.009178987704217437
v 0.003845029743388297 -0.002215141896158457 0.00933996215462685
v 0.003738686209544541 -0.0022547971457242966 0.009513764642179016
v 0.0035671214573085325 -0.00231953919865191 0.009637625887990001
v 0.003542056772857906 -0.0023285895586013794 0.009656002745032314
v 0.0033924207091331495 -0.0023772739805281162 0.009840494953095918
v 0.003683261806145312 -0.0008239643648266792 0.020482368767261516
v 0.0036047962494194525 -0.0007602122495882213 0.025015830993652354
v 0.0036479998379945772 -0.0007453064899891615 0.022516345605254184
v 0.0033103486057370914 -0.0009731360478326678 0.023018119856715213
v 0.003406391013413669 -0.0009864241583272815 0.02114609442651273
v 0.003123533679172398 -0.0012863196898251772 0.019636962562799464
v 0.002993047004565598 -0.001225634478032589 0.02139398455619813
v 0.0021658972837030896 -0.0016716343816369772 0.020171795040369044
v 0.0020040059462189683 -0.0015488092321902514 0.02369009703397752
v 0.0029038628563284887 -0.00120007642544806 0.023243559524416934
v 0.0028306813910603536 -0.0012395529774948955 0.027175897732377063
v 0.0032350770197808756 -0.001033490407280624 0.026997286826372157
v 0.0009918244322761898 -0.0017504834104329348 0.027789760380983367
v 0.000997434253804386 -0.001839198055677116 0.031764779239892973
v 0.0019599227234721192 -0.0016607284778729081 0.03158392757177354
v 0.0011072107590734963 -0.0018990348326042295 0.020588748157024394
v 0.0010227345628663902 -0.0017568322364240885 0.024036891758441935
v 0.001645980752073229 -0.0018049050122499466 0.020403586328029643
v 0.0015209655975922949 -0.0016704482259228826 0.02388300932943822
v 0.0019465512596070775 -0.0015584524953737855 0.027523564174771323
v 0.0035728975199162977 -0.0008218068396672606 0.02684951201081277
v 0.0035633936058729904 -0.0034997188486158848 0.009746996685862545
v 0.0034055092837661518 -0.003543873317539692 0.009921374730765825
v 0.003564663231372835 -0.0031084732618182898 0.00971073750406504
v 0.0035658811684697884 -0.0027140069287270308 0.009674185886979107
v 0.0033412650227546705 -0.0035567274317145348 0.010142357088625436
v 0.00371521362103522 -0.003117965068668127 0.009614227339625362
v 0.003873304463922979 -0.003150789998471737 0.009266662411391739
v 0.0038354909047484415 -0.0031344464514404535 0.009441306814551357
v 0.003872853936627509 -0.0032782412599772215 0.009278470650315288
v 0.003670373000204565 -0.0034667435102164745 0.00968312565237284
v 0.0038235106039792317 -0.003418808337301016 0.009492374025285247
v 0.0038723975885659474 -0.0034052531700581312 0.009290534071624282
v 0.005127691198140385 0.010505652986466885 0.007191670592874292
v 0.0051076509989798095 0.010503701865673065 0.007190701086074117
v 0.004976471886038783 0.011110707186162472 0.00756363803520799
v 0.005058788228780034 0.010516541078686714 0.007197125349193815
v 0.0049807839095592525 0.010570182465016842 0.007224598899483684
v 0.004568468779325487 0.010977385565638542 0.007468833122402433
v 0.004422685597091915 0.0111343152821064 0.007581771351397041
v 0.004810414277017118 0.011648089624941349 0.008045875467360023
v 0.004418210592120888 0.011525682173669338 0.007920455187559131
v 0.004412799607962372 0.011877459473907948 0.008316232822835449
v 0.004621569998562338 0.012087295763194561 0.008611991070210937
v 0.004406647291034462 0.012174294330179691 0.008754735812544826
v 0.004400014877319338 0.012406009249389172 0.009217531420290474
v 0.0041530868038535135 0.011275571770966053 0.007795443758368496
v 0.004148886539041998 0.010732606053352356 0.007668151520192627
v 0.004063631407916548 0.010936734266579151 0.007802251726388935
v 0.00406875414773822 0.011263582855463028 0.007873634807765487
v 0.004011624027043583 0.010984502732753754 0.007886203005909923
v 0.003983134869486095 0.011232803575694561 0.007996127009391788
v 0.003978790715336801 0.010978871956467628 0.007945713587105278
v 0.003919305745512249 0.011158480308949947 0.008225979283452037
v 0.003950256388634445 0.010936208069324493 0.00800761673599482
v 0.003918646369129421 0.011152243241667747 0.008244604803621772
v 0.003923165611922743 0.010785038582980633 0.008098024874925617
v 0.003919406794011595 0.010686596855521202 0.008132406510412696
v 0.004651359282433988 0.008498894050717354 0.0067538707517087486
v 0.005288098938763144 0.008560924790799618 0.006605815142393115
v 0.0050388653762638595 0.006725585088133812 0.006082123611122372
v 0.005365944001823666 0.00674289558082819 0.006035041064023974
v 0.005131443031132224 0.00632416782900691 0.005926499143242839
v 0.005374872125685218 0.006521733943372965 0.005959927104413512
v 0.005423662718385461 0.005117748863995075 0.005436670966446402
v 0.005442617926746609 0.005060554947704077 0.005411987658590081
v 0.0054438784718513515 0.005038373172283173 0.005402773618698123
v 0.005530892405658963 0.004700207617133856 0.005254256539046767
v 0.0064145638607442405 0.004785328172147274 0.005235188174992802
v 0.0055374740622937705 0.004675001371651888 0.005242883227765563
v 0.006760162301361563 0.003419244894757867 0.004587148781865837
v 0.005848269909620288 0.0035401503555476665 0.004680089186877014
v 0.007012032903730873 0.002252640901133418 0.004010673612356188
v 0.0061402702704072025 0.002451253356412053 0.004093407187610866
v 0.006186577025800946 0.0022533114533871412 0.0039912154898047465
v 0.00608486542478204 0.0061601861380040646 0.005783946719020608
v 0.005904954392462971 0.006935850717127323 0.006058882456272843
v 0.005574824754148724 0.008372986689209938 0.006526832934468987
v 0.0052108974196016815 0.009895693510770798 0.007000734563916925
v 0.007031616754829887 -0.0018165616784244776 -0.000840437656734139
v 0.007031616754829887 -0.0012035699328407645 -0.001601669471710921
v 0.007031616754829887 -0.00030304669053293765 -0.0019815312698483476
v 0.007031616754829887 -0.000994803849607706 0.0017300883773714313
v 0.007031617220491174 -0.0016980250366032124 0.00105132709722966
v 0.007031616754829887 -0.0019956352189183235 0.00012038077693432575
v 0.007031617220491174 -0.0003659913782030344 0.0019614507909864196
v 0.007031616754829887 0.0003668931021820754 -0.0019708373583853253
v 0.007031616754829887 0.0003039484436158091 0.001972144702449442
v 0.007031616754829887 0.0009957056026905775 -0.001739474944770337
v 0.007031616754829887 0.0018174625001847744 0.0008310509729199115
v 0.007031617220491174 0.0012044707546010613 0.0015922827878966934
v 0.007031616754829887 0.0019965360406786203 -0.0001297674461966381
v 0.007031616754829887 0.0016989258583635092 -0.0010607137810438876
v 0.0060317427851259734 -0.0003030465741176158 -0.0019815319683402785
v 0.006031683180481198 0.0003668931021820754 -0.0019708373583853253
v 0.006031683646142485 -0.0003659913782030344 0.0019614507909864196
v 0.006031742319464686 -0.0012035698164254427 -0.0016016702866181738
v 0.006031742319464686 -0.001816561445593834 -0.00084043835522607
v 0.006031742319464686 -0.00199563498608768 0.0001203800347866491
v 0.006031742319464686 -0.0016980249201878905 0.0010513262823224072
v 0.0060317427851259734 -0.0009948037331923842 0.0017300876788795003
v 0.006031683646142485 0.0003039484145119786 0.001972144702449442
v 0.006031683646142485 0.0012044707546010613 0.0015922829043120152
v 0.006031683646142485 0.0018174625001847744 0.0008310509729199115
v 0.006031683646142485 0.0019965360406786203 -0.00012976741709280765
v 0.006031683180481198 0.0016989258583635092 -0.0010607136646285657
v 0.006031683646142485 0.0009957056026905775 -0.0017394748283550152
v 0.007067537400871519 0.0019076010212302208 0.003855050541460516
v 0.007058330811560157 0.0019382439786568284 0.0038682073354721087
v 0.007041602395474914 0.002079182770103216 0.003930881619453432
v 0.0073800552636385 0.0018897881964221597 0.003984285052865745
v 0.00740236742421985 0.0018836731323972344 0.004004677757620813
v 0.007469502277672294 0.0013089901767671108 0.003792924806475641
v 0.007456186227500442 0.0018635166343301535 0.004066327121108772
v 0.007528332527726892 0.001810584799386561 0.004208683967590334
v 0.007566196843981746 0.0012580165639519691 0.003947378601878883
v 0.007166030351072553 0.0010849424870684743 0.0035471790470182913
v 0.007319422904402021 0.0013415733119472861 0.0036824718117713946
v 0.0071549406275153195 0.0008066667360253632 0.003475234843790533
v 0.007312372326850895 0.0006700739031657577 0.0034972678404301422
v 0.007127088028937582 0.0005398312350735068 0.003426723415032031
v 0.007264776621013883 0.0003049232764169574 0.0034479841124266403
v 0.007092660758644346 0.0003229508292861283 0.0034048885572701706
v 0.0070366412401199376 6.27827103016898e-05 0.003403935115784408
v 0.007179849781095985 -7.827669469406828e-05 0.0034517536405473965
v 0.007062123157083992 -0.0004395777068566531 0.0035151685588061827
v 0.006918941624462608 -0.0003305544669274241 0.0034603369422256964
v 0.006921529769897464 -0.0007628147141076624 0.003621515119448306
v 0.006726891268044713 -0.0007832738920114934 0.003612218191847207
v 0.006618890911340716 -0.0013026719680055976 0.003898727474734189
v 0.006487117614597085 -0.001238614204339683 0.003845267929136755
v 0.0063348077237606075 -0.0017396858893334866 0.004169810563325884
v 0.006305888295173648 -0.001579841016791761 0.0040420489385724085
v 0.006203059107065203 -0.0019188269507139921 0.004248999524861576
v 0.0061456905677914645 -0.0018920309375971556 0.004184185992926361
v 0.006086003966629508 -0.002044467255473137 0.004236676264554264
v 0.006099542137235406 -0.0019624545238912106 0.0041877776384353655
v 0.006118563003838065 -0.001936189248226583 0.004190468695014717
v 0.006031751167029145 -0.001906205783598125 0.003950459416955711
v 0.006047785282135012 -0.0019878733437508345 0.0041134296916425245
v 0.006031751632690432 -0.002071699360385537 0.004149161744862797
v 0.006064050830900672 -0.0019920063205063343 0.004154605325311424
v 0.0060798828490078475 -0.0019831163808703423 0.004175588954240085
v 0.006411006208509209 -0.0017768472898751497 0.004267751704901459
v 0.006292759440839293 -0.001979224616661668 0.004538264591246845
v 0.006235822569578889 -0.001963568152859807 0.004338548984378578
v 0.006093414500355723 -0.002140033058822155 0.004494762979447843
v 0.006072642747312787 -0.002107636071741581 0.004302129149436952
v 0.0060317609459161784 -0.0021854517981410027 0.0044587966986000555
v 0.0060317534953355815 -0.0021774987690150738 0.004388504195958378
v 0.006470105610787871 -0.0017903437837958336 0.004382244776934387
v 0.006855700165033344 -0.0013366451021283865 0.004134107381105425
v 0.006540924310684207 -0.001745867426507175 0.0044862455688416975
v 0.006858367007225755 -0.0013793646357953548 0.004313881509006025
v 0.0071866475045681034 -0.0008704244974069297 0.0040833265520632284
v 0.007192162331193689 -0.0007902220822870731 0.0038802844937890785
v 0.007246901746839288 -0.0007521185325458646 0.004041271284222605
v 0.007379071321338419 -0.00044304170296527445 0.003956695087254049
v 0.007334146182984117 -0.00046952260890975595 0.0037862367462366837
v 0.007483201101422313 -0.00011040647223126143 0.003908532671630384
v 0.007447457406669859 -0.00011891968460986391 0.003732146695256235
v 0.007516017183661464 2.967607906612102e-05 0.0039019738323986548
v 0.007523898966610435 0.00024758456856943667 0.0037302193231880682
v 0.007588701322674755 0.0005442206165753305 0.00394215388223529
v 0.007563365157693628 0.0006007286719977856 0.003774941898882391
v 0.007600203622132543 0.0010898535838350654 0.004071725066751243
v 0.0075470418669283425 0.0017639664001762867 0.0043218005448579806
v 0.007162607740610841 0.00124568329192698 0.003597458591684701
v 0.007128986530005935 0.0015713560860604048 0.0037162706721574085
v 0.007237107492983345 0.0019105961546301842 0.0038959665689617413
v 0.0070934817194938694 0.0017674991395324469 0.003795618191361429
v 0.006750936154276135 -0.0013391630491241813 0.003999853506684305
v 0.00707724737003446 -0.000795830856077373 0.003727479837834837
v 0.007222134154289964 -0.000470171682536602 0.0036248504184186476
v 0.007340651005506519 -0.0001082672388292849 0.0035647395998239535
v 0.007422729395329956 0.00027352385222911835 0.003562439931556584
v 0.007466027513146404 0.0006379843107424676 0.003611258929595353
v 0.006807634141296151 0.0012761927209794521 0.003504633670672776
v 0.006737314630299809 0.0008335437159985304 0.003354926593601705
v 0.006387828849256041 0.001368354307487607 0.0032254331745207323
v 0.0065777562558651 0.0013169756857678294 0.003381079295650126
v 0.006748144980520013 0.0012849352788180113 0.003478148719295861
v 0.006031673867255452 0.0016474028816446662 0.002379171550273896
v 0.0061151804402470615 0.0015044157626107335 0.00281326030381024
v 0.0060316808521747615 0.0013397958828136325 0.0022842613980174073
v 0.006099279969930651 0.0009926565689966083 0.0026446566917002214
v 0.00603170180693269 0.00037307728780433536 0.002272171899676324
v 0.00603170180693269 0.0003784206637647003 0.0022712047211825856
v 0.006094823125749829 0.000372586800949648 0.0026424305979162468
v 0.006031691096723082 0.0008707203669473529 0.002234416315332056
v 0.006031686440110209 0.0010819402523338795 0.0022464357316493997
v 0.006081889849156144 -0.0006411137292161584 0.0030221145134419216
v 0.006031719967722895 -0.0005030576139688492 0.0026098622474819435
v 0.006089225411415103 -0.00018911284860223532 0.0027859841939061893
v 0.0060317111201584365 -6.43623061478138e-05 0.002392482943832875
v 0.006031705997884276 0.00017881894018501043 0.002315445803105832
v 0.006031739525496962 -0.001410632743500173 0.003453876823186876
v 0.006031730212271216 -0.0009603481157682836 0.0029719180893152965
v 0.0060317246243357684 -0.0007097122725099325 0.0027548286598175777
v 0.006054460536688569 -0.001677385880611837 0.0038894300814718025
v 0.006063094362616542 -0.0013473379658535123 0.00360117480158806
v 0.006266988813877108 -0.0005707413074560463 0.003296489128842951
v 0.006361829582601788 -0.0012460327707231045 0.0038368646055459994
v 0.006180416326969865 -0.001282684039324522 0.0037516003940254467
v 0.006271260324865582 -0.0016029226826503873 0.004050549119710924
v 0.00663357134908438 -0.00012541841715574265 0.0033494629897177232
v 0.0065577565692365196 -0.0005261118058115244 0.0034704853314906376
v 0.006691180635243657 0.0003301884571556002 0.0033011599443852914
v 0.006178643088787797 0.0014602122828364372 0.0029471660964190973
v 0.006344777531921866 0.000899596547242254 0.0030600179452449096
v 0.0063247284851968314 0.0003475953999441117 0.0030307099223136915
v 0.006299932021647694 -0.0001509340072516352 0.003123756963759662
v 0.006105551030486825 0.0020481424871832132 0.0031273830682039274
v 0.00611146027222276 0.0017911042086780071 0.002957230666652323
v 0.00671824533492327 0.0018016352551057935 0.003714391496032478
v 0.006347006186842921 0.0019006944494321942 0.0034784949384629744
v 0.006212145090103152 0.002281596651300788 0.0035420826170593517
v 0.006317709106951955 0.0022726221941411495 0.0036845263093709963
v 0.006415639072656634 0.002266544383019209 0.0037809794303029793
v 0.006696729455143216 0.002255976665765047 0.003948654048144819
v 0.0060998490080237415 0.0022968598641455173 0.003299813484773041
v 0.006031666882336142 0.0019763370510190725 0.00257214135490358
v 0.006031658500432971 0.0023244605399668217 0.0028616469353437437
v 0.006069745402783158 0.0023034713231027126 0.003194863907992841
v 0.006031763739883902 -0.002221741247922182 0.003455747617408635
v 0.006031768396496775 -0.0023682068567723036 0.0015895959222689277
v 0.006031771190464499 -0.0024234778247773647 0.0009065345511771743
v 0.006031658966094258 0.002492286032065749 0.00019732941291295
v 0.006031763739883902 -0.0022895580623298883 -0.0010075954487547283
v 0.006031763739883902 -0.0022698205430060625 -0.0010515049798414115
v 0.006031758151948455 -0.0019977008923888206 -0.0015071397647261626
v 0.006031743716448548 -0.0012743582483381033 -0.0021552357356995353
v 0.006031724158674481 -0.00035861763171851635 -0.0024787720758467926
v 0.006031703203916552 0.0006113157141953707 -0.0024289172142744073
v 0.006031683646142485 0.0014890575548633933 -0.00201319344341755
v 0.0060316687449812915 0.0021421394776552916 -0.0012943503679707653
v 0.00603166036307812 0.0024719983339309692 -0.00038086742279119806
v 0.006031767465174201 -0.0024991424288600683 3.8415120798163136e-05
v 0.006031766533851626 -0.0024507991038262844 -0.0004959029611200096
v 0.006031766068190339 -0.002316256519407034 0.002447243314236404
v 0.0039216582663357275 -0.0033259280025959015 0.00645872997120023
v 0.0039313319139182585 -0.003252247581258416 0.005909077357500794
v 0.0049990871921181705 -0.002810043515637517 0.005825383588671687
v 0.003934190142899753 -0.003224749583750963 0.005747436545789244
v 0.003920933697372677 -0.003330455394461751 0.006500435993075373
v 0.004698665346950294 -0.003038268070667982 0.00651877233758569
v 0.005398114677518609 -0.0026881538797169924 0.006540830712765458
v 0.005534181836992505 -0.0025343981105834246 0.005672191269695761
v 0.005621257703751328 -0.0025527640245854855 0.0065493765287101295
v 0.0060319169424474265 -0.002185756340622902 0.004467314109206201
v 0.006031501572579148 -0.0021894562523812056 0.004540181718766691
v 0.005516435950994494 -0.002454454777762294 0.004798355977982284
v 0.006031883880496028 -0.0022116769105196 0.005028212908655408
v 0.0048999050632119205 -0.0027532216627150774 0.005166471004486087
v 0.006031765136867764 -0.0022628861479461193 0.006567629519850018
v 0.004992997739464047 -0.0026232886593788862 0.003946869634091856
v 0.00398102728649974 -0.0028416600544005632 0.003089019097387792
v 0.0050037023611366775 -0.0025796438567340374 0.002774433232843877
v 0.003954524639993908 -0.0030371821485459805 0.004595922306180002
v 0.004009260330349209 -0.0026503819972276688 0.0014821313088759786
v 0.005021779332309964 -0.002516676438972354 0.0015340235549956567
v 0.005513151641935113 -0.0025005151983350515 3.822676808340477e-05
v 0.005033224821090701 -0.002497960813343525 3.825659223366531e-05
v 0.004034595564007761 -0.002502000890672207 3.76793759642169e-05
v 0.00403535505756736 -0.0025021920446306467 -6.157318694022254e-06
v 0.004044596571475269 -0.002443952253088355 -0.0005325895035639407
v 0.005037396214902404 -0.0024487338960170746 -0.0005036387010477485
v 0.004053665325045587 -0.0022765251342207193 -0.0010369413066655402
v 0.00553442304953933 -0.002450410043820739 -0.0004996271454729142
v 0.005517458077520135 -0.002286204369738698 -0.0010152416070923214
v 0.005042714532464745 -0.0022830867674201727 -0.001022290089167655
v 0.004053798504173757 -0.002273201709613204 -0.001044240547344089
v 0.004053930751979353 -0.00226986943744123 -0.0010514963651075964
v 0.004041555337607862 0.002492634579539299 0.00019247636373620488
v 0.004050677176564934 0.002478586742654443 -0.0003351177147123964
v 0.004059372935444118 0.002353004179894924 -0.0008505414007231596
v 0.004067171830683948 0.002122861333191395 -0.0013259449042379863
v 0.004073770251125099 0.0017978722462430596 -0.001742637832649053
v 0.004078585654497148 0.0014202494639903307 -0.002062370069324971
v 0.00408206880092621 0.0009566015214659274 -0.0023148823529481896
v 0.004083380103111269 0.000611276482231915 -0.002428925363346935
v 0.004081080202013256 -0.000601696316152811 -0.0024313707835972318
v 0.004082372877746822 -0.0003586697275750339 -0.002478848444297911
v 0.004083342850208284 -7.782192551530898e-05 -0.0025035378057509674
v 0.004083680454641582 0.00044840312330052257 -0.0024643824435770525
v 0.004077291116118433 -0.0010681578423827887 -0.002264816081151367
v 0.004074995871633293 -0.0012745060957968235 -0.002155408263206483
v 0.004056463949382307 -0.0022008942905813456 -0.001189875765703619
v 0.004064588807523252 -0.0019031845731660724 -0.0016252708155661828
v 0.004071657545864584 -0.0015190846752375364 -0.001990144606679679
v 0.0039726262912154215 0.0022439982276409864 0.004139756318181755
v 0.006184908561408522 0.002241479465737939 0.004178991075605156
v 0.006165236700326207 0.002327811671420932 0.0042216060683131235
v 0.003956074826419355 0.004714694805443287 0.005369364749640229
v 0.005526186898350718 0.004711661022156477 0.005396592896431687
v 0.005539982579648497 0.004658826161175966 0.005370540544390681
v 0.0058806031011045005 0.0034149112179875374 0.004757555667310955
v 0.005217271856963637 0.0059576136991381645 0.005875057540833953
v 0.004959987942129376 0.0070739854127168655 0.006304099224507811
v 0.004493984859436752 0.00925846304744482 0.007144278381019834
v 0.003930691163986923 0.009998352266848087 0.007421521004289392
v 0.0043360241688787955 0.009997569024562836 0.0074285487644374405
v 0.004187969025224449 0.010598141700029373 0.007658746093511585
v 0.0039311102591455 0.011253896169364452 0.007917929440736774
v 0.0039868364110589045 0.011151150800287724 0.007871081121265892
v 0.0041514616459608095 0.010717734694480896 0.007705008611083034
v 0.0040935571305453795 0.010718593373894691 0.00791365094482899
v 0.00392041075974703 0.010794052854180336 0.008100030012428764
v 0.004151566885411741 0.010723654180765152 0.007663763593882326
v 0.004154202528297903 0.010714694857597351 0.00765941292047501
v 0.004160809796303512 0.010691550560295582 0.007648359518498186
v 0.004157542251050474 0.01070312038064003 0.007653852924704555
v 0.004185491707175972 0.01060299202799797 0.007606717757880691
v 0.00431757001206279 0.010071379132568836 0.007374193985015157
v 0.0043338635005056875 0.010000030510127544 0.007344308774918321
v 0.004347970243543388 0.009937343187630177 0.0073182689957320725
v 0.00424762023612857 0.01126058679074049 0.00772185763344169
v 0.0042086094617843645 0.012369771488010883 0.009229636751115326
v 0.004225860815495254 0.012143793515861034 0.008769601583480838
v 0.0040549365803599375 0.012046890333294868 0.008823390118777755
v 0.004046370275318624 0.012268844060599804 0.00926949176937342
v 0.00394239788874984 0.011899465695023537 0.008907618001103405
v 0.0039380216039717215 0.012118606828153133 0.009331017732620243
v 0.003910179715603592 0.01160790678113699 0.008783617056906227
v 0.003900091629475357 0.011946282349526882 0.009403042495250705
v 0.004067072644829752 0.011421920731663704 0.008020457811653618
v 0.003954423591494562 0.011302392929792404 0.008140166290104393
v 0.004237749613821508 0.011500646360218525 0.007943104021251205
v 0.004232186358422043 0.01184940803796053 0.00833516847342253
v 0.004061393905431034 0.011760811321437359 0.008401335217058662
v 0.003948796074837448 0.011626179330050945 0.008504224941134456
v 0.002277326304465533 0.011456928215920925 0.01791160367429257
v 0.002275852020829917 0.010804249905049801 0.01792352460324765
v 0.001992292236536742 0.011506653390824795 0.017910696566104896
v 0.0017759508918970832 0.010881034657359123 0.01792212016880513
v 0.0017059223027899868 0.011547993868589401 0.017909940332174308
v 0.0013693978544324643 0.010923446156084538 0.017921241000294692
v 0.0008717596065253024 0.01162622682750225 0.017908511683344848
v 0.0006970080430619422 0.01096369232982397 0.017920464277267463
v 3.1616491469321786e-05 0.011650586500763893 0.01790806837379933
v 3.161741187795998e-05 0.010975291021168232 0.01792040280997754
v 2.6549652829999114e-05 0.011650585569441319 0.01790806837379933
v 2.1590825781459e-05 0.010975303128361702 0.017920404672622688
v 2.154148205590901e-05 0.01165058370679617 0.017908066511154182
v 0.0037764031440019625 0.011117304675281048 0.016443526372313506
v 0.0037727893795818108 0.009509537369012833 0.016472881659865386
v 0.0037281082477420586 0.01106400415301323 0.016796303912997253
v 0.0037696964573115128 0.009572901763021946 0.016547586768865592
v 0.0035916871856898087 0.011078285053372383 0.017139552161097533
v 0.0036865361034870165 0.009914111346006393 0.016944022849202163
v 0.003520629601553084 0.010195140726864338 0.017269229516386993
v 0.003510923124849798 0.011099609546363354 0.017269998788833625
v 0.0034303420688956993 0.010299134999513626 0.01738897897303105
v 0.003358850954100491 0.011145612224936485 0.017455868422985084
v 0.003254994982853533 0.010452956892549992 0.017565386369824416
v 0.0030373241752386106 0.01058870181441307 0.01771948859095574
v 0.003096279921010138 0.011227467097342014 0.017672134563326843
v 0.002939417026937009 0.010635006241500378 0.017771625891327865
v 0.0030418972019106163 0.011244101449847221 0.017705721780657775
v 0.002591989235952498 0.010743320919573307 0.01789087802171708
v 0.002670745132490994 0.011352378875017166 0.017860876396298415
v 0.0028411615639925016 0.011303883977234364 0.017804242670536048
v 0.0024087708443403253 0.009096088819205761 0.02730109542608262
v 0.0025113082956522716 0.00940113328397274 0.0262177772819996
v 0.0025562283117324127 0.009030495770275593 0.02737064473330976
v 0.0028761907014995826 0.009022300131618977 0.02692834474146367
v 0.0028877237346023334 0.008808113634586334 0.027540490031242384
v 0.003175693098455669 0.008498609997332096 0.027706153690814986
v 0.003266848158091308 0.008692181669175625 0.026830123737454425
v 0.0032378202304244054 0.00841034110635519 0.02774411998689176
v 0.003380713984370233 0.008157032541930676 0.02783378772437574
v 0.0035162388812750595 0.008255278691649437 0.02669532597064973
v 0.003490045433863999 0.007874562405049801 0.02790273912250997
v 0.003525039181113245 0.007741941604763269 0.027923284098505988
v 0.0035948501899838465 0.007806891575455666 0.026544572785496722
v 0.0035698341671377438 0.007350744213908911 0.027936397120356574
v 0.003620135365054013 0.008168356493115425 0.02512672357261182
v 0.003552040550857784 0.008605663664638996 0.025208393111825
v 0.003334946231916548 0.009031896479427814 0.025285331532359134
v 0.0029911496676504625 0.009368347004055977 0.02534300647675992
v 0.002589829964563252 0.009569434449076653 0.02537401393055917
v 0.003054332220926882 0.01001579686999321 0.020933054387569438
v 0.0026449786964803947 0.010224400088191032 0.02089582011103631
v 0.003047694452106954 0.009694057516753674 0.023099366575479518
v 0.0026470876764506115 0.009794876910746098 0.023877551779150973
v 0.0036276231985539215 0.00924243126064539 0.020830437541008006
v 0.003696954576298596 0.008797040209174156 0.020766742527484904
v 0.0036596967838704603 0.008504815399646759 0.02288278006017209
v 0.003405630355700852 0.00967598520219326 0.02088971622288228
v 0.0033820883836597217 0.009355971589684486 0.02305969037115575
v 0.0035926881246268767 0.008931144140660763 0.023006143048405658
v 3.1616666092304526e-05 0.010730580426752567 0.0197130460292101
v 0.000682672951370478 0.010034452192485332 0.02494501695036889
v 0.0007666784804314378 0.01023588702082634 0.023599060252308856
v 0.0015112754190340645 0.010124007239937782 0.023685624822974215
v 2.60898013948463e-05 0.010064762085676193 0.02492034249007703
v 2.5792869564611475e-05 0.010150420479476452 0.02442774549126626
v 2.5419049052288766e-05 0.01023079827427864 0.023880193009972583
v 3.196832403773443e-05 0.010307305492460728 0.0232897847890854
v 0.0024537662975490106 0.009624051861464977 0.0253205318003893
v 0.002279099542647601 0.00968861859291792 0.025258176028728496
v 0.002226013923063875 0.009935671463608742 0.023841243237257014
v 0.0019894440192729243 0.009782829321920872 0.025169044733047496
v 0.0013457284076139337 0.009940145537257195 0.025026008486747752
v 0.002155858790501953 0.010197584517300129 0.022059887647628795
v 3.1616957130609094e-05 0.010380683466792107 0.022676130756735812
v 3.162295251968318e-05 0.010457987897098064 0.02200295589864255
v 0.0007440423360094431 0.010444213636219501 0.021891046315431605
v 3.1616567866876735e-05 0.010539207607507706 0.0212925784289837
v 2.8737098546116626e-05 0.010630277916789055 0.02051854133605958
v 0.0014650725061073906 0.010353261604905128 0.021951230242848407
v 2.852319812518546e-05 0.010306019335985184 0.023300142958760272
v 2.440668504277711e-05 0.01055236253887415 0.021178804337978373
v 2.1569370801444176e-05 0.010306019335985184 0.02330014482140542
v 1.664363844611217e-05 0.010472775436937809 0.021873131394386302
v 1.7674894479569054e-05 0.010380682535469532 0.022676140069961558
v 1.8112274119630463e-05 0.010307309217751026 0.023289749398827563
v 1.1564438864297704e-05 0.010975290089845657 0.017920415848493583
v 1.3870771908841568e-05 0.010730578564107418 0.019713057205080996
v 1.589925886946731e-05 0.010539206676185131 0.021292589604854594
v -0.002232643077149988 0.01080397516489029 0.017926387488842017
v -0.0022342128213495025 0.011456652544438839 0.017914470285177238
v -0.0017327534733340153 0.010880821384489536 0.01792434789240361
v -0.001949185738340021 0.011506413109600544 0.017913199961185462
v -0.0013412466505542404 0.010921948589384556 0.01792310737073422
v -0.0016628222074359662 0.011547788046300411 0.017912080511450774
v -0.0006538136512972418 0.010963553562760353 0.017921473830938346
v -0.0008286722004413608 0.011626123450696468 0.01790959388017655
v 1.6534344467800117e-05 0.011650585569441319 0.01790807396173478
v 1.1466671821835922e-05 0.011650584638118744 0.017908081412315376
v -0.0022715216036885985 0.011653285473585129 0.017952430993318565
v -0.002325631445273758 0.011950596235692501 0.018494965508580215
v -0.0017258172156289229 0.012046846561133862 0.018489023670554168
v -0.0023249106016010055 0.011941753327846527 0.01829145289957524
v -0.0017252360703423628 0.012036733329296112 0.018286280333995826
v -0.002305890433490277 0.011836908757686615 0.018087219446897514
v -0.0017121173441410073 0.011930481530725956 0.01808342523872853
v -0.001688490039668978 0.011745612137019634 0.017949715256690986
v -0.0012832188513129956 0.012096439488232136 0.018485367298126228
v 1.1490113138279417e-05 0.011849029920995235 0.01794522255659104
v 1.1634609109023591e-05 0.012034701183438301 0.018077259883284576
v 1.1741779417207004e-05 0.01209836732596159 0.0181680265814066
v 1.1876843018399091e-05 0.012142512947320938 0.018277971073985107
v 1.2130924005759885e-05 0.012154586613178253 0.018479486927390106
v 2.5488056053291085e-05 0.011448056437075138 0.024104777723550807
v 3.161702625220643e-05 0.011603282764554024 0.022848991677165042
v 2.4850694899214442e-05 0.011550416238605976 0.023296594619750987
v 3.161658241879196e-05 0.011684227734804153 0.022146675735712062
v 2.3109705580282035e-05 0.011754962615668774 0.021535521373152743
v 3.161663698847407e-05 0.011769955046474934 0.02140723355114461
v 3.1616742489859475e-05 0.011867094784975052 0.020600467920303355
v 3.1616644264431684e-05 0.011974979192018509 0.019762570038437854
v 2.1873916921322244e-05 0.01215458009392023 0.01847945339977742
v 3.161662243655884e-05 0.012154588475823402 0.01847947202622891
v 1.7744805518304936e-05 0.011603281833231449 0.022849000990390788
v 1.6843701814650565e-05 0.011684226803481579 0.022146685048937808
v 1.378135311824736e-05 0.011974978260695934 0.0197625830769539
v 1.5311123206629425e-05 0.011813340708613396 0.021041765809059153
v 1.5894676835159778e-05 0.011769954115152359 0.021407244727015506
v 1.6263105862890377e-05 0.011848246678709984 0.017944898456335075
v 2.1537622160394686e-05 0.01185145415365696 0.017946209758520133
v 1.6614319974905818e-05 0.012020357884466648 0.018061671406030662
v 2.1636686142301197e-05 0.012034687213599682 0.018077235668897636
v 1.695643913990353e-05 0.012098358944058418 0.01816800422966481
v 2.1704841856262657e-05 0.012098366394639015 0.018168013542890556
v 2.1776515495730574e-05 0.012141813524067402 0.018275391310453422
v 1.7546817616675987e-05 0.012146249413490295 0.018292726948857314
v 3.0457045795628815e-05 0.012153921648859978 0.01833206973969937
v 2.6455991246621135e-05 0.012098369188606739 0.018168019130826003
v 2.648833287821618e-05 0.011830776929855347 0.017938157543540008
v 3.072593244723977e-05 0.011986159719526768 0.018029253929853446
v 3.161652421113105e-05 0.012154587544500828 0.018336547538638122
v 3.1616818887414424e-05 0.012142514809966087 0.018277954310178764
v 3.161663335049526e-05 0.011830777861177921 0.017938157543540008
v 3.161683343932965e-05 0.011982678435742855 0.018026281148195274
v 3.1616807973478e-05 0.012034702114760876 0.01807724870741368
v 3.1616880733054145e-05 0.012098368257284164 0.018168017268180854
v 0.0013136573834344751 0.01209783460944891 0.018483629450201995
v 0.0017687523504719147 0.012036945670843124 0.018284061923623092
v 0.0013274220982566482 0.012096557766199112 0.01848371326923371
v 0.0017695887945592412 0.012047059834003448 0.018486803397536285
v 0.0017316143494099387 0.011745819821953773 0.017947543412446983
v 0.0017553885700181135 0.011930692009627819 0.01808122172951699
v 0.0023146599996835 0.011653564870357513 0.017949519678950317
v 0.0023491776082664737 0.011837192811071873 0.018084263429045684
v 0.0023684434127062568 0.011942039243876934 0.01828847452998162
v 0.002369421999901534 0.011950883083045483 0.018491983413696296
v 0.003998335916548969 0.011510391719639301 0.016814373433589942
v 0.003994358237832786 0.011522987857460976 0.01652327179908753
v 0.003920985851436855 0.011463125236332417 0.01651077531278134
v 0.003714458085596563 0.01165464986115694 0.017772441729903228
v 0.003419227898120882 0.011722001247107983 0.017991648986935622
v 0.0037666715215891617 0.011640436947345734 0.018019258975982673
v 0.003339109476655723 0.011745182797312737 0.018281202763319022
v 0.0030900493729859604 0.011794991791248322 0.018153740093112
v 0.0027352285105735077 0.01186949759721756 0.018254125490784652
v 0.0028651696629822267 0.01185095775872469 0.01844101585447789
v 0.0028959605842828764 0.01150930393487215 0.01782782562077046
v 0.002611627569422127 0.011582075618207455 0.017916558310389526
v 0.0031558575574308647 0.011438949964940548 0.017687661573290832
v 0.003384152660146357 0.011375452391803265 0.01750083081424237
v 0.0035704518668353575 0.011326088570058346 0.01727691292762757
v 0.0037097688764333742 0.011299294419586658 0.017025923356413848
v 0.0036663103383034485 0.011176860891282558 0.017013819888234145
v 0.00421760091558099 0.011604531668126583 0.0165424793958664
v 0.0041372561827302 0.011559844948351383 0.016847113147377975
v 0.004276311490684749 0.011607734486460686 0.016544120386242873
v 0.004278329201042654 0.011565255001187325 0.01687771454453469
v 0.004431787412613632 0.011582881212234497 0.0165422409772873
v 0.004503267817199232 0.011480726301670074 0.0169210433959961
v 0.004556625615805389 0.011522339656949043 0.0165331605821848
v 0.0026750771794468177 0.011768192984163761 0.018048614263534553
v 0.0029880700167268528 0.011698521673679352 0.01795307360589505
v 0.003275383030995728 0.011631859466433525 0.01780234649777413
v 0.003621758427470924 0.011631053872406483 0.017682684585452087
v 0.0032093799673020853 0.01154399011284113 0.01773227937519551
v 0.0034474376589059847 0.01148370560258627 0.01753934100270272
v 0.003529326524585487 0.011572552844882011 0.01760182902216912
v 0.003641897579655053 0.011437826789915562 0.01730936951935292
v 0.003789036069065334 0.011227636598050594 0.016464389860630042
v 0.003754072822630407 0.011180516332387924 0.016742434352636344
v 0.0038386941887438315 0.011355260387063026 0.016489140689373023
v 0.003798152785748245 0.011304701678454876 0.016759239137172706
v 0.0038807338569313305 0.011420651338994503 0.016783822327852256
v 0.0037876919377595204 0.011414029635488987 0.017053367570042617
v 0.0038965751882642525 0.01150420680642128 0.017095565795898444
v 0.003738379571586849 0.011527549475431442 0.017362430691719062
v 0.004024220630526544 0.011556446552276611 0.01714796386659146
v 0.003849731059744956 0.011583061888813972 0.017430920153856284
v 0.0041538281366229075 0.01156667061150074 0.017203513532876975
v 0.003962391521781685 0.011599981226027012 0.01750613376498223
v 0.004362264648079874 0.011492949910461903 0.017297836020588882
v 0.004123214166611435 0.011548441834747791 0.017668683081865318
v 0.0045910538174212 0.01179807074368 0.014985718764364726
v 0.004595214966684582 0.011827947571873665 0.014807450585067279
v 0.004366170614957811 0.011915464885532856 0.014817968010902412
v 0.0047299200668931025 0.012292711064219475 0.010119857266545301
v 0.004755350761115553 0.012296830303966999 0.009423203766345981
v 0.004607081878930332 0.012400233186781406 0.009422075003385547
v 0.0038067956920713204 0.011427357792854309 0.01472540013492108
v 0.0038668245542794483 0.011661647818982601 0.014765983447432525
v 0.0038690846413373964 0.011873743496835232 0.011183048598468309
v 0.003907274454832079 0.01202988252043724 0.00940447393804789
v 0.003933268133550884 0.012117578648030758 0.011200986802577978
v 0.004699873737990858 0.01226502750068903 0.010987473651766782
v 0.004594903439283373 0.012317256070673466 0.011226323433220392
v 0.004464076366275551 0.01236213743686676 0.011227131821215158
v 0.004398461431264879 0.012445195578038692 0.009418926201760772
v 0.004312484990805389 0.012368222698569298 0.01122490037232638
v 0.004166152793914081 0.012387142516672611 0.009414381347596649
v 0.004158982541412117 0.012325448915362358 0.011219269596040254
v 0.004068596288561823 0.012319638393819332 0.009411664679646495
v 0.0040268385782837885 0.012236617505550385 0.011210834607481962
v 0.003988231997936966 0.012228811159729958 0.009408893994987014
v 0.003968274220824243 0.012197420932352543 0.009408072568476204
v 0.003953789826482536 0.011776318773627281 0.01478691119700671
v 0.004076643381267788 0.01186448149383068 0.01480403263121844
v 0.004220808390527965 0.011912044137716293 0.014814706519246108
v 0.0038442348595708626 0.011740566231310368 0.01260124053806067
v 0.0038995591457933205 0.011934535577893257 0.01298979669809342
v 0.003988984972238542 0.012051003985106945 0.013006573542952543
v 0.0041152983903884905 0.0121395792812109 0.013020359911024576
v 0.004262971226125957 0.012185505591332912 0.013028954155743127
v 0.0044107413850724714 0.012185479514300823 0.01303155161440373
v 0.004540745634585621 0.012147828936576843 0.013028921559453016
v 0.004640236031264068 0.0120923463255167 0.013001737184822565
v 0.004361257422715427 0.012443706393241882 0.009405074641108516
v 0.004457117989659311 0.012441862374544144 0.009400695562362674
v 0.004275139421224596 0.012427249923348427 0.00936602428555489
v 0.0047268015332520025 0.012323478236794472 0.009399127215147022
v 0.004596281331032516 0.012393916957080364 0.009310803376138214
v 0.004538624081760647 0.01242217980325222 0.009353990666568283
v 0.004576884210109712 0.012399340979754925 0.009299804456532005
v 0.00406817998737097 0.012318466790020466 0.009387235157191757
v 0.004220413509756328 0.012396628968417645 0.009293365292251114
v 0.004976815544068816 0.012008924968540668 0.008801490999758247
v 0.004872823134064676 0.01206828374415636 0.00872267130762339
v 0.005233492236584428 0.011565504595637321 0.008468982763588432
v 0.005285771097987893 0.011440013535320759 0.008345794863998893
v 0.005207198671996596 0.011564650572836399 0.008273769170045856
v 0.00557937100529671 0.01052782405167818 0.007689140271395448
v 0.005601765122264626 0.010444896295666695 0.007646990939974788
v 0.005537495482712987 0.01050645112991333 0.007459407672286037
v 0.005168609786778691 0.010514085181057453 0.00719789415597916
v 0.005205612629652026 0.010520492680370808 0.007206377573311332
v 0.00513323210179806 0.01112597156316042 0.007608271669596437
v 0.005290838889777663 0.010530670173466206 0.00723686441779137
v 0.0052842181175947215 0.011104483157396317 0.007700102869421247
v 0.005387376528233292 0.010533416643738747 0.007293327711522583
v 0.005396153312176469 0.011046021245419979 0.007825582288205627
v 0.005423255264759066 0.01105707511305809 0.008022973313927654
v 0.005023099016398194 0.011967179365456104 0.008932641707360748
v 0.004748177714645864 0.012094605714082718 0.008656935766339306
v 0.004955715965479615 0.01165848970413208 0.008091215975582603
v 0.005096975248306992 0.011630434542894363 0.00817081239074469
v 0.005746293812990191 0.0098804896697402 0.0074740042909979855
v 0.005697977729141715 0.009922726079821587 0.0072987349703908
v 0.005572466645389798 0.009943087585270405 0.0071336580440402066
v 0.0053928242996335056 0.009931675158441067 0.007028611376881603
v 0.007409462705254558 0.002612472278997302 0.004704914521425964
v 0.0066711623221635845 0.004476350266486406 0.005122126545757058
v 0.00696214055642486 0.003304846351966262 0.004559574183076622
v 0.0063828704878687885 0.0056660776026546955 0.005619769450277093
v 0.005989647470414641 0.008051922544836998 0.006530443206429484
v 0.005834375042468312 0.00804467685520649 0.006443656515330079
v 0.006336696445941928 0.007293233182281256 0.006670247297734025
v 0.0061578699387609985 0.00801384262740612 0.006769044324755671
v 0.006702126469463113 0.005614801775664091 0.005940188188105824
v 0.006074619013816121 0.008043703623116016 0.006616288330405953
v 0.0066197086125612285 0.005653852596879005 0.005791232921183112
v 0.006985883694142107 0.004408714361488819 0.005435407161712649
v 0.00690408889204264 0.00445496616885066 0.005291048903018239
v 0.006704319734126332 0.005672299303114414 0.006096750963479283
v 0.007043816149234775 0.004226366989314556 0.0054879011586308505
v 0.007267628796398643 0.003218785859644413 0.004866089671850206
v 0.007188498973846439 0.0032715112902224064 0.00472627440467477
v 0.0065359366126358535 0.005667440593242645 0.005706812255084517
v 0.006821614690124991 0.004472831729799509 0.005208639428019526
v 0.007108584512025121 0.003294163616374135 0.004645814653486015
v 0.007252017036080364 -0.0007355104316957295 0.006080287974327805
v 0.007415259722620252 -0.0002777754853013903 0.0059968386776745345
v 0.007328897248953584 -0.00034368725027889013 0.007427968550473455
v 0.004916573408991101 -0.002450245898216963 0.013327950611710554
v 0.004045578651130201 -0.0029089865274727345 0.01380210183560849
v 0.004265565890818836 -0.0030283101368695498 0.012151613831520086
v 0.006770430598407986 -0.0008431273745372891 0.010654282756149774
v 0.006942849140614275 -0.000416916620451957 0.010562882758677011
v 0.0066506620496511485 -0.0004284124297555536 0.012305610813200479
v 0.0064497631974518325 0.0020503029227256775 0.016421386972069747
v 0.006414896342903378 0.0011587395565584302 0.01623491197824479
v 0.006895984988659624 0.00142812286503613 0.012381159700453287
v 0.005965640302747491 0.008053538389503956 0.01796566881239415
v 0.005595589987933638 0.01021036971360445 0.014888107776641853
v 0.006255172658711674 0.005577636882662773 0.021643910557031642
v 0.004921503830701115 0.01209435984492302 0.009865549392998224
v 0.005152487196028235 0.011742496863007545 0.009736502543091777
v 0.004792635794728996 0.012038438580930233 0.012435424141585832
v 0.005064631812274459 0.011734778992831707 0.012326927855610853
v 0.004340342711657287 0.011402812786400318 0.017812194302678115
v 0.0006453032838180664 0.011673551052808762 0.02208090014755727
v 0.006659238133579495 0.0004503410018514842 0.03511712700128557
v 0.006402811501175168 0.0005661019822582603 0.030882574617862715
v 0.0065829856321215656 0.001195726334117353 0.030750233680009856
v 2.9296974389581023e-05 -0.0029981224797666073 0.028811257332563414
v 2.7798243536381064e-05 -0.0029765369836241007 0.026403369382023822
v 0.0006829616031609479 -0.0029548651073127985 0.027265876531600963
v 0.0026982938870787634 -0.002942563034594059 0.017896747216582305
v 0.00559692503884435 -0.002581395674496889 0.007248806767165664
v 0.006745115853846076 -0.0015628321561962366 0.006426622159779074
v 0.005693158600479367 0.010158960707485676 0.009207535535097126
v 0.004622064996510746 -0.003110558493062854 0.007885235361754898
v 0.0038815981242805737 -0.003405550727620721 0.008760036900639537
v 0.004556151106953623 -0.003131127217784524 0.009212154895067218
v 0.0033787353895604623 -0.003492069896310568 0.011149339377880102
v 0.004440939519554378 -0.003107004100456834 0.010625489987432962
v 0.0035623386502265948 -0.002629796741530299 0.01750659756362439
v 0.0017757792957127103 -0.003161393105983734 0.01822068169713021
v 0.0008156555122695866 -0.003285621292889118 0.018432818353176124
v 3.0924886232242e-05 -0.0030526716727763414 0.031296525150537505
v 3.125987132079901e-05 -0.003067268989980221 0.03182252869009973
v 0.0006814596708863977 -0.0030601152684539557 0.03235099837183954
v 0.0014815831091254956 -0.002967443550005555 0.03227046132087709
v 0.0022605115082114944 -0.002806884702295065 0.03214282542467119
v 0.0030064897146075977 -0.0025813330430537462 0.03198122233152391
v 0.0037077628076076525 -0.0022936835885047913 0.031798802316188826
v 0.005833221133798363 -0.0005801971419714391 0.031120061874389662
v 0.006202582269907 -0.0005587153136730194 0.03573887422680856
v 0.00615589274093509 -2.750649582594633e-05 0.031000386923551573
v 0.006316921673715117 -0.00035941426176577806 0.03562157601118089
v 0.0043525737710297125 -0.0019468256505206227 0.03160868957638742
v 0.004929168615490201 -0.0015436557587236166 0.031424041837453856
v 0.005425790790468457 -0.0010870666010305285 0.03125798329710962
v 0.006485270336270335 -1.218573743244633e-05 0.03541085496544839
v 0.006933822296559814 0.001769947586581111 0.034191604703664794
v 0.006769365165382626 0.0008382680825889111 0.034858822822570815
v 0.006762800738215449 0.0008119948906823993 0.034876670688390746
v 0.006705377716571095 0.001856468734331429 0.03058699890971185
v 0.006778724957257512 0.002543461276218295 0.03037657774984838
v 0.006962773390114311 0.0020620187278836966 0.033968191593885436
v 0.006811701692640784 0.0032518478110432625 0.03010269068181516
v 0.007003587204962972 0.0030205240473151207 0.03318431228399278
v 0.006732866633683446 0.005450672470033169 0.02878913283348085
v 0.006974291522055868 0.004191400948911905 0.032115802168846144
v 0.006788453087210658 0.004712601657956839 0.029305901378393187
v 0.006812981795519593 0.003976768348366022 0.02974907681345941
v 0.006638191640377047 0.006181544624269009 0.028221152722835555
v 0.006700615398585799 0.006261222995817661 0.03001002408564092
v 0.0068724458105862175 0.00528970779851079 0.031022550538182272
v 0.006496398244053128 0.006895779632031918 0.027624366804957404
v 0.006299454718828204 0.007583940401673317 0.027021167799830447
v 0.006468383595347407 0.0070988452062010765 0.029119355604052558
v 0.006039330270141366 0.008236589841544628 0.026433954015374194
v 0.006158521398901942 0.007872086018323898 0.028295841068029418
v 0.005707994569092992 0.008844290859997272 0.025885120034217845
v 0.005808406043797734 0.008505867794156075 0.02763105928897859
v 0.005297420080751183 0.009397609159350395 0.02539704740047456
v 0.005398352164775136 0.009061148390173912 0.027067610993981372
v 0.0056567252613604095 0.008730094879865646 0.027400612831115737
v 0.0048037627711892145 0.009888958185911179 0.024985920637846003
v 0.004235653206706049 0.010316280648112297 0.02464936301112176
v 0.004149198066443207 0.010135252960026264 0.026068687438964854
v 0.004581633955240251 0.009832804091274738 0.026336217299103747
v 0.004979586228728297 0.009497285820543766 0.026646019890904437
v 0.005069239065051081 0.009412202052772045 0.02672663889825345
v 0.0030151989776641143 0.010713462717831135 0.025592705234885226
v 0.003196550998836757 0.0106380395591259 0.025651825591921817
v 0.00360403652302921 0.010678539052605629 0.024381574243307124
v 0.003665148979052903 0.010414958000183105 0.025832146406173716
v 0.00410863943397999 0.01016087643802166 0.026046572253108035
v 0.0029198569245636476 0.010974698700010777 0.024176733568310748
v 0.002194059547036887 0.011203724890947342 0.02402903698384763
v 0.0021529893856495627 0.010999850928783417 0.025378111749887477
v 0.0014375896425917751 0.011364580132067204 0.02393268235027791
v 0.0016470224363729364 0.0111181465908885 0.02529495768249036
v 0.0006613914156332615 0.011456229723989964 0.023881852626800548
v 0.0008424340048804882 0.011238052509725094 0.02521534077823163
v 0.0010498584015294914 0.011214879341423512 0.025230245664715777
v 2.618729922687636e-05 0.011278130114078522 0.025190452113747607
v 0.0013584664557129151 0.01186729222536087 0.020032068714499484
v 0.0006262201932258907 0.011927214451134205 0.020016804337501536
v 0.003976293839514257 0.011128516867756844 0.020271934568882
v 0.0033907168544828905 0.011391757056117058 0.020179329439997683
v 0.002751818159595133 0.011601405218243599 0.020110422745347033
v 0.0020707007497549066 0.011759302578866482 0.0200623068958521
v 0.004768107552081348 0.011097784154117107 0.017846811562776572
v 0.00494655501097441 0.011462564580142498 0.015096029266715057
v 0.004607932176440956 0.01175575889647007 0.015144458040595062
v 0.0053497957997024085 0.01130965631455183 0.00958698429167271
v 0.006213393528014424 0.006333193741738796 0.02165394090116025
v 0.00629093870520592 0.0047914618626236916 0.021552590653300296
v 0.006287849973887208 0.00481778010725975 0.017239050939679153
v 0.006314397789537909 0.003985588904470205 0.021399298682808886
v 0.006374229211360219 0.005585220642387867 0.013585251756012445
v 0.006085524801164868 0.00747104175388813 0.014198409393429763
v 0.006079879589378836 0.00817371066659689 0.01117754634469748
v 0.006051130127161744 0.008558105677366257 0.008689240552484993
v 0.005468430463224652 0.010914018377661705 0.012059038504958158
v 0.0060445806011557605 0.007334096357226372 0.01787358522415162
v 0.005114185158163312 0.010736971162259579 0.01789302937686444
v 0.005215459968894723 0.01111084409058094 0.015041918493807323
v 0.005385585594922307 0.010318844579160213 0.01794295199215413
v 0.005427514202892783 0.01069523487240076 0.014974987134337432
v 0.005594369024038317 0.009842420928180218 0.017985882237553603
v 0.005752597469836476 0.009306717664003372 0.018011111766099937
v 0.00587233388796449 0.008710750378668308 0.018007941544055946
v 0.005285555496811869 0.011362888850271702 0.012203159742057329
v 0.007335775531828407 0.0005791927687823772 0.008926488459110263
v 0.0068559930659830605 0.0004582866677083075 0.012264582328498369
v 0.006282266695052388 0.0003173506411258131 0.016147868707776077
v 0.006470625754445794 0.00616491911932826 0.010506772436201578
v 0.006922204513102773 0.0039078835397958755 0.009756630286574367
v 0.004347053356468679 -0.0022237570956349373 0.017095806077122695
v 0.005031578242778781 -0.001725106267258525 0.01670994423329831
v 0.005658939946442845 -0.0018841037526726723 0.012884846888482576
v 0.005176243372261527 -0.0025459392927587032 0.011643297970294958
v 0.006422133650630715 0.0029708067886531353 0.016672210767865188
v 0.0068219299428164985 0.0024531614035367966 0.012612026184797292
v 0.007303993683308366 0.0016400195891037583 0.009096649475395683
v 0.00746894255280495 0.001179023296572268 0.007523228414356712
v 0.007474827114492658 0.0006473877001553774 0.007437833119183782
v 0.007552880328148607 0.0007217146921902895 0.00603822432458401
v 0.007541006896644834 0.001257150899618864 0.0061477348208427455
v 0.007486942689865831 0.0018115047132596374 0.006302424240857365
v 0.007421748712658886 0.0017295911675319076 0.007650511804968122
v 0.007237222045660022 0.002872113138437271 0.007995471358299259
v 0.007144821342080835 0.002759988186880946 0.009393011219799522
v 0.0066851349547505405 0.003505463944748044 0.012913848273456102
v 0.00728705478832126 0.0029623303562402725 0.006705223117023709
v 0.007022840436547998 0.004144920967519283 0.007162389345467094
v 0.006988822482526306 0.004044138360768557 0.008402165956795219
v 0.0067546651698648956 0.005329320672899485 0.007601376157253984
v 0.006499975919723513 0.006482371129095554 0.008003903552889827
v 0.0072839111089706456 8.071137563092634e-05 0.00890715513378382
v 0.007430955767631534 0.00013853455311618745 0.0074031502008438145
v 0.007513860240578655 0.00020885502453893423 0.0059844246134161975
v 0.00702723162248731 -0.0011639080476015806 0.006226789671927693
v 0.006938529200851921 -0.001219556899741292 0.007660424336791042
v 0.0071637458167970215 -0.0007965044351294637 0.00751614943146706
v 0.007008115295320753 -0.0008340035565197468 0.009032448753714565
v 0.007176234386861328 -0.0003912847023457289 0.008941459469497207
v 0.006409883964806798 -0.0019321456784382463 0.006670052185654643
v 0.006324348971247676 -0.0019762455485761166 0.008082126267254356
v 0.0066573591902852084 -0.001612813794054091 0.007852011360228065
v 0.0065032173879444625 -0.0016307474579662085 0.009356642141938213
v 0.006782463286072018 -0.0012471454683691263 0.009173494763672355
v 0.006544303148984912 -0.001240710262209177 0.010790836997330194
v 0.006472726818174126 -0.0008328550611622632 0.012395340017974382
v 0.0060166171751916435 -0.000452632550150156 0.016195327043533332
v 0.005824877414852383 -0.0008049405296333134 0.016277601942420013
v 0.0055950530804693725 -0.0011345105012878776 0.01639459654688836
v 0.006245896220207217 -0.0012102584587410092 0.01252624392509461
v 0.005973517894744876 -0.0015606629895046353 0.012691640295088296
v 0.006268143188208344 -0.0016097241314128041 0.010965273715555673
v 0.0059456285089254405 -0.001950228470377624 0.011170341633260255
v 0.006174315698444846 -0.001984848640859127 0.009573936462402347
v 0.0053833033889532115 -0.0026046994607895613 0.010079146362841135
v 0.005519256461411717 -0.002613516990095377 0.008622798137366775
v 0.006304355803877118 0.0020535760559141636 0.023381715640425692
v 0.006371905561536553 0.0017491299659013748 0.02583172544836999
v 0.006191294174641373 0.0013173044426366687 0.023251866921782504
v 0.006228416692465546 0.0010575137566775084 0.02576875127851964
v 0.0060145473107695606 0.0006138446624390781 0.023156603798270236
v 0.006020376924425366 0.00039987065247260034 0.02572559192776681
v 0.005758051760494712 -4.595377322402783e-05 0.023123737424612056
v 0.005735243204981091 -0.00021548918448388577 0.025727195665240298
v 0.00603489996865392 0.0002225362550234422 0.018313944339752204
v 0.006213824730366471 0.0009974214481189847 0.01838741637766362
v 0.00630249781534076 0.0018200019840151072 0.018550453707575805
v 0.006328522227704528 0.0026727993972599506 0.01877057738602162
v 0.005853712093085053 0.00010251435014652088 0.020640291273593913
v 0.006074730772525075 0.0008156499243341386 0.020696824416518222
v 0.00621166452765465 0.0015742602990940213 0.020830707624554645
v 0.006285560317337516 0.002364426152780652 0.021011732518672954
v 0.005405747797340157 -0.0006512471591122448 0.02318110316991807
v 0.005360477603971961 -0.0007802567561157048 0.025798510760068904
v 0.004948187619447711 -0.001193061820231378 0.023343225941061984
v 0.004889118019491437 -0.0012873627711087465 0.025953099131584178
v 0.004395663738250734 -0.001668024924583733 0.02358507551252843
v 0.004330846015363933 -0.0017334433505311608 0.026170553639531146
v 0.0037621357478201407 -0.0020738050807267427 0.023874253034591685
v 0.0036984388716518896 -0.002115825656801462 0.026424169540405284
v 0.003061562078073622 -0.002408065367490053 0.024178344756364833
v 0.0030046710744500173 -0.0024318338837474585 0.026687223464250575
v 0.0023079030215740213 -0.002668476663529873 0.024464968591928492
v 0.0022623187396675357 -0.002678791293874383 0.0269329994916916
v 0.0015151165425777442 -0.002852702746167779 0.024701708927750598
v 0.0014841570518910891 -0.0028540275525301695 0.027134791016578685
v 0.0006971627008169893 -0.002958409721031785 0.024856170639395724
v 2.6417354092700417e-05 -0.0029935312923043966 0.024328306317329417
v 0.0007237906684167686 -0.003013842971995473 0.02256920002400876
v 0.001573539921082557 -0.002902611857280135 0.02239338867366315
v 0.002394969109445811 -0.0027080888394266367 0.02212446741759778
v 0.0031723717693239463 -0.0024321393575519323 0.02179982326924802
v 0.003890039864927532 -0.002076617907732725 0.02145681343972684
v 0.004532266408205034 -0.0016433862037956715 0.021132813766598712
v 0.005083343945443633 -0.001134300953708589 0.02086518704891206
v 0.005527564790099862 -0.0005512231145985425 0.0206913072615862
v 0.005738127510994675 -0.00048717731260694563 0.01836249232292176
v 0.005305970553308728 -0.0011178146814927459 0.018549198284745223
v 0.004750915803015234 -0.0016661168774589896 0.018841436132788665
v 0.004091029055416586 -0.0021308083087205887 0.01919753663241864
v 0.0033443754073232425 -0.0025106086395680904 0.01957581751048566
v 0.0025290204212069524 -0.0028042420744895935 0.019934611395001422
v 0.0016630297759547836 -0.003010430373251438 0.020232239738106738
v 0.0007644679280929271 -0.0031278959941118956 0.020427025854587565
v 0.006777197122573855 2.8009299057885073e-06 0.012262690812349325
v 0.0061682700179517295 -7.789280789438635e-05 0.016152597963809974
v 0.0014013460604473955 0.01159606408327818 0.022114137187600146
v 0.0021374151110649118 0.011458737775683403 0.02217787690460683
v 0.0028424269985407604 0.011261263862252235 0.022276557981967936
v 0.003505300264805557 0.01100333221256733 0.022414635866880427
v 0.0041149533353745955 0.010684632696211338 0.02259655110538007
v 0.004497445654124023 0.010809842497110367 0.02039114199578763
v 0.004660305101424457 0.01030485425144434 0.022826757282018672
v 0.004943069536238911 0.010433893650770187 0.020539863035082827
v 0.005130272358655932 0.009863690473139286 0.023109694942832004
v 0.0053047304973006274 0.0099994707852602 0.020718786865472804
v 0.0055162548087537315 0.00936172716319561 0.023446831852197658
v 0.0055883754976093795 0.009508850052952766 0.020916622132062922
v 0.005823022685945037 0.008804403245449066 0.02382354997098447
v 0.005804774817079308 0.008965471759438515 0.02111807093024255
v 0.006059831008315089 0.008198781870305538 0.024219833314418803
v 0.005964702460914853 0.008372776210308075 0.021307829767465602
v 0.006235936656594279 0.007551925256848335 0.024615667760372172
v 0.006078931968659165 0.007734203711152077 0.021470598876476298
v 0.006360598374158147 0.006870899349451065 0.024991033598780642
v 0.006158237811177972 0.007053196430206299 0.02159106917679311
v 0.006443074438720944 0.006162766832858324 0.02532591111958028
v 0.006492622662335637 0.005434592254459858 0.025600288063287745
v 0.00651850085705519 0.004693441092967987 0.02579413913190366
v 0.006526866462081673 0.003946512471884489 0.025894762948155414
v 0.006511463318020108 0.003201558720320463 0.025918671861290942
v 0.006462929770350459 0.0024664681404829025 0.025889717042446147
v 0.006418835371732714 0.00011054505739593878 0.03629734367132188
v 0.005164445377886298 0.008987626060843468 0.02840494364500047
v 0.006576021201908591 0.0008434301125817001 0.03665118664503099
v 0.006720041390508416 0.00089315976947546 0.03582704439759256
v 0.006902453955262903 0.001744463574141264 0.03524563089013101
v 0.006321155466139319 0.000278091843938455 0.037009339779615416
v 0.006395336240530017 0.00042131668305955827 0.036922127008438124
v 0.006934635806828741 0.0026686403434723616 0.03518531844019891
v 0.006855421233922247 0.0019573073368519545 0.035817973315715804
v 0.006829310208559039 0.0018000571290031075 0.03594685345888139
v 0.006953297182917598 0.002990259323269129 0.03487142175436021
v 0.00698835123330355 0.002658314071595669 0.034533321857452406
v 0.006963631603866819 0.003297125920653343 0.03455557674169542
v 0.006999938748776916 0.0036285235546529293 0.03367051482200624
v 0.006963255815207962 0.003928514197468758 0.03386754542589189
v 0.0069311778061091935 0.004586024209856987 0.033120602369308486
v 0.006946603767573837 0.004641583655029535 0.03266222774982454
v 0.006810395512729886 0.00566834956407547 0.03156613186001779
v 0.00679510133340955 0.0056623369455337524 0.03187678009271623
v 0.0066276467405259635 0.00640657776966691 0.03103442117571832
v 0.006569849327206614 0.006677667610347271 0.03044667094945909
v 0.006462632212787869 0.0069319624453783035 0.030460977926850333
v 0.005692894104868176 0.008387756533920765 0.02898935973644258
v 0.006009866483509543 0.007912220433354378 0.02944847755134107
v 0.006351507734507325 0.007220122031867504 0.030155872926116004
v 0.006206220947206023 0.0075456234626472 0.029813110828399672
v 0.006059211213141682 0.007826432585716248 0.02953252568840982
v 0.005496638361364606 0.008632756769657135 0.028753181919455542
v 0.005658923182636502 0.008432439528405666 0.028946422040462508
v 0.0045913350768387335 0.009481091983616352 0.02790842950344087
v 0.004841979127377273 0.00928021501749754 0.028111774474382414
v 0.005014520138502124 0.009129022248089314 0.028263853862881674
v 0.003990768454968931 0.009887414053082466 0.02749668434262277
v 0.0032786673400551094 0.010262088850140572 0.02712489850819112
v 0.0032247938215732587 0.010286453180015087 0.02710128016769887
v 0.0025433162227273 0.01055108942091465 0.02685213088989259
v 0.0021729227155447015 0.010663426481187344 0.02675173804163934
v 0.0017894001211971053 0.010758659802377224 0.02667030692100526
v 0.0010062420042231683 0.010892309248447418 0.026563681662082683
v 2.7380479878047495e-05 0.011121238581836224 0.025909485295414935
v 2.8425722121028243e-05 0.010949992574751377 0.026522567495703708
v 0.00019822649483103313 0.01094835251569748 0.026523634791374217
v -0.006101781502366069 0.007871351204812527 0.02830355800688268
v -0.0063830022700130966 0.007179144769906998 0.029040910303592696
v -0.0062294322997331645 0.007367816288024187 0.030004378408193602
v -0.006292337086051705 0.007219340652227402 0.030163882300257697
v -0.006510176695883277 0.006677073426544666 0.03045471012592317
v -0.006544046103954318 0.006489302963018417 0.03095020912587644
v -0.006749207619577649 0.005667705088853836 0.03157450631260873
v -0.006745676044374707 0.005592262372374535 0.03196498751640321
v -0.006883916910737756 0.0046408954076468945 0.032670810818672194
v -0.006859752815216783 0.00468875328078866 0.033010017126798644
v -0.006935860030353073 0.0036277989856898785 0.033679198473691954
v -0.0069022672250866925 0.003598517272621393 0.03424015641212465
v -0.0069230673834681546 0.002657556440681219 0.034542046487331404
v -0.006875700317323211 0.0027721866499632597 0.03509412705898286
v -0.0068361577577889 0.001743687316775322 0.035254266113042845
v -0.006799373775720599 0.002028967021033168 0.03576588630676271
v -0.0066672191023826625 0.001358287176117301 0.03629649803042413
v -0.0066529060713946845 0.0008923782734200358 0.03583547100424768
v -0.00656400388106704 0.0010034673614427447 0.036550272256135954
v -0.00647526700049639 0.0007570888265036047 0.036716107279062285
v -0.006351005751639607 0.00010977430792991072 0.03630540892481805
v -0.0062189777381718185 0.00021709853899665177 0.037053253501653685
v -0.006037634797394278 -0.00044367453665472567 0.03654759749770166
v -0.006034217309206727 -7.75316366343759e-05 0.037223763763904585
v -0.006418547593057158 -1.296029040531721e-05 0.03541899845004083
v -0.006246397737413647 -0.00036662694765254855 0.03563335165381433
v -0.0060355877503752734 -0.0007150646997615695 0.03583634272217752
v -0.006515473593026402 0.00022707483731210232 0.03526857122778894
v -0.006720432545989754 0.000907529320102185 0.03481947630643846
v -0.0068688550963997876 0.0017691116081550717 0.03420028463006021
v -0.006936431396752599 0.0027889146003872156 0.03338912501931192
v -0.006936957594007257 0.0028119562193751335 0.03336976468563081
v -0.006936768069863323 0.0035285151097923517 0.03274376690387727
v -0.006908146198838953 0.004262489732354879 0.032055225223302855
v -0.006881356704980138 0.004638458602130413 0.03168714046478273
v -0.006846132222563032 0.00500474451109767 0.03132041543722154
v -0.006723588332533839 0.0058552478440105915 0.030444556847214713
v -0.006588282529264691 0.00648509943857789 0.029780453070998206
v -0.006146535743027928 0.007546902168542147 0.029818864539265647
v -0.005930755753070119 0.007946822792291641 0.02942156791687013
v -0.005854401737451556 0.00833914428949356 0.02781099267303945
v -0.0056345453485846545 0.008388129062950611 0.02899551391601564
v -0.005518027581274512 0.008537482470273972 0.028851680457592024
v -0.005482202395796778 0.008889429271221161 0.027245374396443377
v -0.004998819902539256 0.009090833365917206 0.028307836502790465
v -0.0050299316644668605 0.009396702982485294 0.026747196912765513
v -0.004783541895449163 0.009281409904360771 0.028116079047322287
v -0.004493714775890114 0.00985811185091734 0.026318592950701724
v -0.00412682304158807 0.009767457842826843 0.027622599154710784
v -0.0038750686217099446 0.010269160382449627 0.02595859393477441
v -0.004432285204529764 0.009557372890412807 0.027836101129651084
v -0.004560058005154135 0.009461574256420135 0.02793347835540773
v -0.004007806535810234 0.009842732921242714 0.02754635922610761
v -0.003817206248641016 0.009956350550055504 0.02743180096149446
v -0.0031772814691066755 0.01062296237796545 0.0256674885749817
v -0.00316093652509153 0.010290057398378849 0.027101462706923495
v -0.002458686474710704 0.01056069415062666 0.026846271008253108
v -0.0024075866676867017 0.010910367593169212 0.025446180254220973
v -0.00211809715256095 0.010663272812962532 0.026754368096590053
v -0.002099963370710612 0.010999697260558605 0.025380713865160952
v -0.001686911913566292 0.010768989101052284 0.026663709431886683
v -0.0015944945625960833 0.01111795473843813 0.025296986103057872
v -0.0010049158008769159 0.010885660536587238 0.026569901034235965
v -0.0009970052633434538 0.011214818805456161 0.02523149549961091
v -0.0008427066495642069 0.010904575698077679 0.02655557356774808
v -0.0008562215371057396 0.011231129057705402 0.025220807641744624
v -0.005982237868011 -0.0005580296856351197 0.036600310355424895
v -0.0059807309880852725 -0.00018225707754027098 0.037290178239345564
v -0.00597582617774606 -0.0008147439220920205 0.03602170571684839
v -0.0059640179388225105 -0.0008470441680401564 0.036197625100612654
v -0.005964042618870738 -0.0008467298466712236 0.0362125374376774
v -0.005963745992630723 -0.0008526581223122776 0.0362389273941517
v -0.0059623853303492095 -0.0002952254726551473 0.037361893802881255
v -0.005963037721812728 -0.0006045592599548399 0.03681723400950433
v -0.005963733885437253 -0.0008519647526554763 0.0362457185983658
v -0.006010064389556649 -0.000754181295633316 0.035874478518962874
v -0.006023758091032508 0.00015177205204963684 0.03738907724618913
v -0.00598955247551203 0.00013313934323377907 0.03746392577886583
v -0.006007895804941657 0.0005578590789809823 0.03742558136582376
v -0.006035101134330037 -5.929986946284771e-05 0.03724654391407968
v -0.005962913855910304 0.0017500596586614847 0.0371425822377205
v -0.0059635126963257816 0.002340003615245223 0.03672685474157335
v -0.00598983280360699 0.0022422519978135824 0.03660071641206743
v -0.006207149475812915 0.0020772418938577175 0.03638803213834764
v -0.006241578143090012 0.0027701230719685555 0.03577568754553796
v -0.006407030392438176 0.002736842492595315 0.03573960810899736
v -0.006091250572353604 0.0028478512540459633 0.03586016967892648
v -0.006177761591970923 0.002795893931761384 0.035803679376840605
v -0.0060248663648963 0.0029119066894054413 0.03592986240983011
v -0.0060347206890583064 0.0029001724906265736 0.03591709211468698
v -0.0060744672082364585 0.0021478866692632437 0.03647902607917787
v -0.006046025548130276 0.0013839325401932001 0.03703895956277849
v -0.00596425496041775 0.0029654079116880894 0.03620243817567827
v -0.005964391399174931 0.003072693245485425 0.03610496595501901
v -0.005971246864646676 0.003017188049852848 0.03604449331760408
v -0.005982658360153439 0.0014504471328109503 0.037158202379941954
v -0.005962709896266463 0.001518263015896082 0.03727984055876733
v -0.005978118628263476 0.0010248408652842045 0.0373794585466385
v -0.005962260067462924 0.0008536176173947752 0.037570189684629454
v -0.0059732468798756625 0.0005744228838011622 0.03752844408154489
v -0.005962150171399119 0.0005909671308472753 0.03763122856616975
v -0.005968805402517321 0.00011338793410686776 0.03754328936338426
v -0.005962090101093056 0.0002104470768244937 0.03764318302273752
v -0.005967312492430213 -9.652497101342306e-05 0.03746357932686807
v -0.005962195340543988 -0.00012880863505415618 0.03752695024013521
v -0.005983094219118359 -5.6664226576685905e-05 0.03740405663847925
v -0.006047449074685576 4.151514804107137e-05 0.037304900586605086
v -0.0060655167326331165 0.00015122658805921674 0.03732274845242502
v -0.006339069455862048 0.0018550131935626268 0.03648641705513002
v -0.006255520973354581 0.001213557319715619 0.03692806512117387
v -0.00614715460687876 0.0013295868411660194 0.036941621452569975
v -0.006167630199342969 0.0006984002538956702 0.03719509392976762
v -0.006107714027166369 0.0009410206112079322 0.03716744109988214
v -0.0061362860724329974 0.000530758174136281 0.03725745901465417
v -0.006064450833946469 0.0005428868462331593 0.03733267635107042
v -0.006087296642363074 0.00027144711930304766 0.03731754049658777
v -0.006027704104781153 0.0009797622915357351 0.037265401333570494
v -0.006001747678965333 0.0033192308619618416 0.03525854274630548
v -0.005965459626168015 0.0033281876239925623 0.03528641909360887
v -0.005966051016002896 0.003564819460734725 0.034843202680349364
v -0.006154017988592389 0.00354787684045732 0.03486690670251848
v -0.006221809890121224 0.0033310954459011555 0.035144060850143446
v -0.006130245979875329 0.003314151195809245 0.03518178686499597
v -0.006278491578996184 0.0034586091060191393 0.035008743405342116
v -0.00609715096652508 0.003586794715374708 0.03480501845479013
v -0.006030357442796233 0.003571673296391964 0.03482169657945634
v -0.006094458512961867 0.003601252567023039 0.03478559106588365
v -0.006009979173541072 0.0037116066087037325 0.03462824970483781
v -0.005966627504676583 0.0038785783108323812 0.03441862761974336
v -0.005966084543615582 0.0035811332054436207 0.034817501902580275
v -0.006042536813765767 0.0033135057892650366 0.03523078188300134
v -0.006000624038279059 0.0032205660827457905 0.0354653410613537
v -0.005965174641460183 0.003239905694499612 0.0355021432042122
v -0.005964636337012055 0.003113269340246916 0.03591587394475938
v -0.00596476346254349 0.0031385209877043962 0.03581769019365312
v -0.005985793191939595 0.0030685309320688248 0.035862851887941374
v -0.006019864697009328 0.003024016274139285 0.035807143896818175
v -0.00606599356979132 0.00298406183719635 0.03575361147522928
v -0.006122837308794263 0.00295052956789732 0.03570457547903062
v -0.006392528768628838 0.003020097268745303 0.0354730896651745
v -0.006260121706873181 0.0029082000255584717 0.035627789795398726
v -0.006085576023906472 0.0033117809798568487 0.035205051302909865
v -0.006042788270860913 0.0032045196276158094 0.03542805463075639
v -0.005995624698698523 0.0031372704543173313 0.035666666924953475
v -0.005964901298284533 0.0031690080650150776 0.035711932927370085
v -0.006260784808546307 0.003051747102290392 0.035469587892293944
v -0.006138397846370938 0.0030663306824862957 0.035534977912902846
v -0.0060839033685624625 0.0030840549152344465 0.03557563200592996
v -0.006035921163856986 0.0031080017797648907 0.03562000021338464
v -0.005561174359172585 0.007252156734466553 0.03042000345885755
v -0.005572628229856494 0.007257256656885147 0.030426140874624266
v -0.005568561144173148 0.00723861763253808 0.030437575653195395
v -0.0055735767818987396 0.0072526209987699986 0.030430769547820105
v -0.00557505385950208 0.007225146051496267 0.030454555526375784
v -0.006360686384141448 0.005826567765325308 0.03227269276976587
v -0.006476402282714846 0.0058053527027368546 0.032239709049463286
v -0.006606630980968478 0.004983832594007254 0.03320762142539026
v -0.006579360924661162 0.005761958193033934 0.032190181314945235
v -0.006662037223577502 0.005701649468392134 0.0321294777095318
v -0.0067799077369272735 0.004867654759436846 0.03309797123074533
v -0.0062874532304704215 0.0005381639348343015 0.03708084672689439
v -0.0057558212429285075 0.007344987243413925 0.030447438359260573
v -0.005839607212692502 0.006535351742058992 0.03131007030606271
v -0.005652517545968297 0.007047274615615606 0.03067317977547647
v -0.006473380140960219 0.0033101518638432026 0.035173658281564726
v -0.00624155951663852 0.004369386471807957 0.03398538380861284
v -0.006455043330788615 0.004192376974970102 0.03422315418720247
v -0.006131113041192296 0.005301059223711491 0.03285707533359529
v -0.006379728205502036 0.005023809149861336 0.03325682505965234
v -0.006042108871042731 0.005771208554506302 0.03226996958255769
v -0.006242729257792237 0.005825565196573734 0.03228772059082986
v -0.006413957569748166 0.002356673590838909 0.036071363836526885
v -0.006384029984474185 0.001225168351083994 0.03683529049158098
v -0.006167686544358733 0.0006762380362488329 0.037200659513473525
v -0.006510674022138121 0.001095135579816997 0.03671596944332124
v -0.006656446494162085 0.0016394081758335233 0.036318965256214156
v -0.00674641411751509 0.002157357521355152 0.03590125590562822
v -0.006826421245932582 0.0031248752493411303 0.035009521991014494
v -0.006831974722445014 0.004016790073364973 0.03406302258372308
v -0.00590579863637686 0.006317018531262875 0.03158396482467653
v -0.006033049430698159 0.006610168609768152 0.03132967650890352
v -0.006150103174149993 0.006623866036534309 0.031315341591835036
v -0.00597086735069752 0.007377178408205509 0.03040152043104173
v -0.006267352029681208 0.006615598686039448 0.031282745301723494
v -0.006079117301851514 0.00736177759245038 0.030352851375937476
v -0.006374376360327008 0.006584271788597107 0.03123324923217298
v -0.006170049309730532 0.007327609695494175 0.030294362455606474
v -0.0064631546847522285 0.006534208077937365 0.031172223389148726
v -0.00652786670252681 0.00647133169695735 0.031105842441320433
v -0.006524098571389916 0.0017641473095864058 0.03643642738461496
v -0.0066087669692933585 0.002279090927913785 0.03601639345288278
v -0.006677868310362103 0.003245517611503601 0.03512024134397508
v -0.0066713965497911 0.004138037096709013 0.034172177314758315
v -0.0009460347937420015 0.010539548471570015 0.026908492669463168
v -0.0008182601304724816 0.010394859127700329 0.02691328153014184
v 2.4629291146993647e-05 0.010670788586139679 0.026834899559617053
v -0.00015363488637376585 0.010439096949994564 0.026876986026763926
v 2.8584719984792186e-05 0.01044128742069006 0.026875296607613574
v -0.002209372818470002 0.010101579129695892 0.027191096916794787
v -0.0018866704776883134 0.0101954760029912 0.027097204700112353
v -0.001933420426212252 0.010348409414291382 0.027082648128271113
v -0.0015434148954227573 0.010277396999299526 0.027018658816814433
v -0.0011659063166007404 0.010347675532102585 0.026954308152198802
v -0.0027806020807474865 0.009890520945191383 0.02741271257400514
v -0.0028406812343746437 0.010040673427283764 0.02739556878805162
v -0.0033557624556124223 0.009612582623958588 0.02771866321563722
v -0.003663087263703348 0.009626577608287334 0.02784798108041288
v -0.0034618563950061815 0.00955332163721323 0.027785260230302825
v -0.0043723145499825495 0.009131239727139473 0.028407121077179923
v -0.004023822024464609 0.009186295792460442 0.028201656416058554
v -0.003804709995165469 0.009340858086943626 0.02802563086152078
v -0.00491736922413111 0.00833788700401783 0.02916657552123071
v -0.004472620319575073 0.008814209140837193 0.0286268498748541
v -0.004257270134985449 0.009003463201224804 0.028410868719220175
v -0.004965850617736581 0.008564700372517109 0.02904775366187097
v -0.005429187789559367 0.00794200785458088 0.029745934531092658
v -0.0052635390311479595 0.00783839076757431 0.029728787019848837
v -0.005735213868319991 0.008003847673535347 0.029646011069417014
v -0.005634764209389689 0.008001991547644138 0.029695412144064917
v -0.00514174019917846 0.008649082854390144 0.02899335883557798
v -0.005312157794833186 0.008670961484313011 0.028886115178465857
v -0.005824775435030463 0.007987159304320812 0.029585434123873725
v -0.0046663973480463045 0.009286688640713692 0.028242509812116637
v -0.0039058332331478613 0.009822419844567776 0.027675924822688117
v -0.0030264412052929414 0.010272221639752388 0.027213558554649363
v -0.0020558044780045756 0.010607734322547913 0.026892540976405154
v 3.161669883411379e-05 0.010756702162325382 0.026787180453538905
v 2.949043118860574e-05 0.010910863056778908 0.02661556750535966
v -0.0010030996054410939 0.01081508956849575 0.0267148930579424
v -0.004518991801887752 0.009235242381691933 0.028348993510007872
v -0.003782760817557575 0.009747274219989777 0.027785483747720732
v -0.0029317226726561798 0.010176644660532475 0.0273283924907446
v -0.00199343590065837 0.010496461763978004 0.027011925354599963
v -0.0009742106776684527 0.010694649070501328 0.026836257427930842
v 3.1973348086467026e-05 0.010672059841454029 0.026834415271878253
v 0.005570626817643645 0.007364060264080763 0.03027552738785745
v 0.005620715208351615 0.007252875249832869 0.030412912368774428
v 0.005815363954752686 0.007344115991145372 0.030441734939813628
v 0.006138385739177468 0.007361269555985928 0.030347160995006575
v 0.006231879815459254 0.007326230406761169 0.030286118388175978
v 0.005883712321519854 0.007986530661582947 0.02957972884178163
v 0.0010625394061207776 0.010814378038048744 0.02671436034142972
v 0.002114703645929695 0.010606641881167889 0.0268912184983492
v 0.0030849189497530473 0.010270928964018822 0.02721145562827588
v 0.004724703729152681 0.009285518899559975 0.02823857963085176
v 0.00396412890404463 0.009821112267673016 0.027672946453094496
v 0.005370720289647582 0.008669981732964516 0.028881270438432707
v 0.005793982185423377 0.008003199473023415 0.029640490189194693
v 0.00525380112230778 0.007949123159050941 0.029597230255603804
v 0.004430198576301338 0.00912951584905386 0.028403483331203475
v 0.004839004948735239 0.008502083830535412 0.028977839276194586
v 0.005023869685828688 0.008563189767301083 0.029043242335319533
v 0.005487474147230389 0.007940856739878654 0.029740568250417723
v 0.0033347504213452352 0.009656953625380993 0.027667939662933363
v 0.0036290034186095017 0.009489458054304123 0.027854064479470267
v 0.0037210471928119677 0.009624702855944633 0.027845233678817763
v 0.0038449992425739783 0.009350443258881569 0.02800909429788591
v 0.004363329615443947 0.00896289013326168 0.028452573344111456
v 0.0028048700187355293 0.009904557839035988 0.02739507891237737
v 0.002898888895288111 0.010038788430392742 0.027393633499741568
v 0.002211251063272358 0.010117700323462486 0.027171431109309207
v 0.0019921136554330596 0.010346680879592896 0.027081431820988665
v 0.0019455357687547812 0.010194376111030579 0.027095792815089236
v 0.0015327504370361573 0.010291940532624722 0.02700404077768327
v 0.001005357597023249 0.010538145899772644 0.02690800465643407
v 0.0009832407813519244 0.010383186861872673 0.026923352852463733
v 0.0007947543635964397 0.010404586791992188 0.0269053839147091
v 0.006030543241649869 0.00737632904201746 0.03039592877030374
v 0.00569333974272013 0.008001234382390976 0.029690017923712744
v 0.00520000094547868 0.008647939190268517 0.028988812118768706
v 0.004577060695737602 0.009233870543539524 0.028345331549644484
v 0.0038408662658184784 0.009745737537741661 0.027782741934061064
v 0.002990052103996278 0.010175095871090889 0.027326492592692386
v 0.0020522319246083507 0.010495075955986977 0.027010783553123485
v 0.0010336065897718076 0.010693610645830631 0.0268358737230301
v 0.006356227211654189 0.0005389495054259896 0.037072826176881804
v 0.006328036077320578 0.00661636795848608 0.0312747396528721
v 0.006093819625675681 0.006610920187085867 0.0313219726085663
v 0.006210842635482552 0.006624624133110046 0.03130748495459558
v 0.005629695020616057 0.007256734184920788 0.030417809262871756
v 0.005631659179925921 0.00725663173943758 0.030419673770666136
v 0.005633270833641293 0.007255184464156628 0.03042230755090715
v 0.00689648557454348 0.004017638973891735 0.03405431285500528
v 0.006843089126050476 0.0048684971407055855 0.0330893248319626
v 0.006723888218402865 0.005702476482838392 0.032120984047651305
v 0.0065883179195225265 0.006472148932516575 0.031097531318664565
v 0.006892243865877393 0.0031257241498678923 0.03500081598758699
v 0.006813488900661471 0.002158197807148099 0.03589264675974847
v 0.006724114064127209 0.0016402387991547585 0.036310467869043364
v 0.006578914355486634 0.001095946878194809 0.03670766949653627
v 0.006591916549950841 0.0017649467336013913 0.036428090184927
v 0.0064524202607572105 0.0012259514769539237 0.03682712838053705
v 0.006675988435745242 0.002279900247231126 0.036007955670356764
v 0.0064812642522156265 0.0023574568331241608 0.036063175648450865
v 0.006539430934935811 0.003310946049168706 0.03516538813710214
v 0.006304813548922541 0.0058263386599719524 0.032279748469591155
v 0.006140649318695071 0.005595955066382885 0.03248279541730882
v 0.006281955633312466 0.004637924022972584 0.033659774810075774
v 0.005633896682411435 0.007250251714140177 0.03042688220739366
v 0.005634606815874579 0.007225911132991314 0.030447378754615798
v 0.0059083364903926875 0.006511132698506117 0.03133387863636018
v 0.0065236859954893615 0.006535010877996683 0.03116397745907308
v 0.00643498916178942 0.006585055496543646 0.031225116923451438
v 0.0066412878222763564 0.005762767046689987 0.0321817882359028
v 0.006538400892168286 0.0058061471208930016 0.032231431454420104
v 0.006669958122074607 0.004984642378985882 0.03319917991757394
v 0.006743832956999543 0.003246335545554757 0.0351117104291916
v 0.006736050825566056 0.004138852469623089 0.03416366130113603
v 0.006422738544642928 0.00582734914496541 0.03226456791162492
v 0.00644313916563988 0.005024596117436886 0.033248677849769606
v 0.006519780959933999 0.004193170461803675 0.03421490639448167
v 0.006340851541608575 0.0036931538488715887 0.034748401492834105
v 0.0056276498362422015 0.007239432539790869 0.030430166050791754
v 0.00553749315440655 0.007171614561229944 0.0304038990288973
v 0.005643581040203574 0.007054183632135391 0.030599215999245657
v 0.005612994078546765 0.006770760286599398 0.030826451256871237
v 0.005556798540055754 0.00664359237998724 0.03089709952473642
v 0.005501115228980782 0.00658857636153698 0.03090048953890802
v 0.005325891543179753 0.0069562350399792194 0.030392015352845206
v 0.0053150216117501285 0.005296395625919104 0.032234162092208876
v 0.005245029926300051 0.006029470823705196 0.03126274794340135
v 0.005256270058453086 0.0038068420253694057 0.034174572676420226
v 0.005320289172232154 0.004561897367238998 0.03321221098303796
v 0.00519771967083216 0.003435624996200204 0.03466061130166055
v 0.005419272463768723 0.003066065488383174 0.035807508975267424
v 0.005513810552656653 0.0032469085417687893 0.03521666675806047
v 0.00430865725502372 0.0028122463263571262 0.038222610950469985
v 0.004982908722013238 0.002875993028283119 0.03763598203659059
v 0.005010444670915606 0.0029727956280112267 0.03579301387071611
v 0.004876001272350551 0.0029121136758476496 0.036405552178621306
v 0.003435830585658552 0.0027653174474835396 0.03515345230698587
v 0.003430210985243322 0.0027039607521146536 0.03547069057822229
v 0.0043181264773011225 0.0029612418729811907 0.03517801314592363
v 0.004185997415333988 0.0028100721538066864 0.03576795011758806
v 0.003440124215558173 0.002836486790329218 0.034913774579763426
v 0.004421917255967857 0.0032232943922281265 0.03463597968220712
v 0.003450101241469385 0.003085001604631543 0.03436610102653505
v 0.004505890887230636 0.0035660366993397474 0.034150253981351866
v 0.004622432868927719 0.00425979308784008 0.033185251057147994
v 0.0034727945458143967 0.0037850106600672007 0.03313536942005159
v 0.004671216011047365 0.00493308762088418 0.03220423683524133
v 0.0034906477667391318 0.004303034860640764 0.032163511961698546
v 0.004668177571147682 0.005606286693364382 0.031231736764311804
v 0.0035088027361780422 0.004828689619898796 0.031175104901194586
v 0.004640085622668268 0.005953653249889612 0.030761664733290686
v 0.0035174530930817145 0.005101347342133522 0.030706614255905165
v 0.003517541568726303 0.005104174837470055 0.030701842159032836
v 0.005300488322973254 0.002992730587720871 0.03641801699995996
v 0.004518020432442428 0.0028469960670918226 0.03762173652648927
v 0.005117306020110848 0.003148469375446439 0.03520341962575914
v 0.0035704746842384356 0.00812566839158535 0.0279857460409403
v 0.00417312001809478 0.007828779518604279 0.028590407222509398
v 0.004309773445129396 0.007742098532617092 0.028766417875885977
v 0.004819112829864027 0.007307635620236397 0.02964892983436586
v 0.0045204265043139475 0.007797171361744404 0.029092736542224898
v 0.004460786003619434 0.007848626933991909 0.028998617082834258
v 0.004171658307313921 0.008082997053861618 0.028604730963706984
v 0.004066218156367542 0.008162896148860455 0.02848199568688871
v 0.00356119964271784 0.008515235036611557 0.028002396225929274
v 0.003358008805662395 0.008641994558274746 0.027847183868289008
v 0.0030093702953308834 0.008832447230815887 0.02761677280068399
v 0.0035627456381917017 0.00849183090031147 0.02807768248021604
v 0.0030126951169222606 0.008821115829050541 0.02764901146292688
v 0.003009636886417867 0.008822721429169178 0.02764694951474668
v 0.0038391463458538073 0.008300133980810642 0.02833710610866548
v 0.0013819761807098991 0.009393799118697643 0.02695220708847047
v 0.00198669289238751 0.009242299944162369 0.02712538279592992
v 0.0007619626121595505 0.009486806578934193 0.026854515075683604
v 2.7328806027071564e-05 0.009523188695311546 0.026819031685590754
v 2.6589959816192287e-05 0.009850247763097286 0.025826411321759234
v 0.0006924299523234371 0.009774686768651009 0.0260046385228634
v 0.001365275937132538 0.009675400331616402 0.026100970804691325
v 0.002018190687522293 0.009510884061455727 0.026268038898706447
v -0.003555990522727372 0.008038689382374287 0.025733336806297313
v -0.0035674604587256926 0.00816791970282793 0.025131279602646838
v -0.003499298123642804 0.008605287410318851 0.0252128764986992
v -0.0032120731193572296 0.008691788651049137 0.026834234595298777
v -0.003181670326739551 0.008410206995904446 0.02774831280112268
v -0.0034615828189998882 0.008254854939877987 0.0266997553408146
v -0.0033089399803429855 0.008189373649656773 0.0278284288942814
v -0.0033599478192627443 0.008078536950051785 0.027860946953296675
v -0.0034340219572186487 0.007873465307056904 0.027907380834221854
v -0.003470310941338541 0.007734662853181362 0.027928613126277937
v -0.0028213295154273523 0.009021955542266369 0.02693195827305318
v -0.0024202095810323962 0.009317548014223576 0.026554469019174586
v -0.0023534444626420745 0.009095798246562481 0.02730412781238557
v -0.002486291574314238 0.009037905372679234 0.02736623212695123
v -0.002831464866176249 0.008808238431811333 0.02754377014935018
v -0.003128608921542765 0.008486567065119743 0.02771571464836599
v -0.003540169913321735 0.007803792599588633 0.026557475328445445
v -0.00253699184395373 0.009569128975272179 0.025377266108989726
v -0.002938200253993274 0.009368088096380234 0.02534678764641286
v -0.0032821039203554405 0.009031590074300766 0.025289546698331843
v -0.0035134924110025185 0.007350311614573002 0.027940899133682265
v -0.0019642154220491656 0.009510642848908901 0.02627057395875455
v -0.002401015721261502 0.009623757563531399 0.025323614478111277
v -0.002226417651399971 0.009688353165984154 0.025261029601097117
v -0.0017363619990646848 0.009298153221607208 0.027062173932790767
v -0.0013115387409925467 0.00967523641884327 0.02610267885029317
v -0.0010978085920214657 0.00943501852452755 0.026909099891781817
v -0.0006388335023075345 0.009774603880941868 0.026005491614341746
v -0.0003846697800327094 0.00951207522302866 0.026830097660422336
v -0.0006304526468738917 0.010034373961389065 0.0249458458274603
v -0.001936896820552648 0.009782594628632069 0.025171536952257167
v -0.0012933880789205438 0.00993998721241951 0.025027679279446612
v -0.0006957465084269646 0.010444125160574913 0.021891970187425624
v -0.0025650451425462974 0.009642623364925385 0.02492486685514451
v -0.0026044312398880733 0.00988364964723587 0.023241713643074046
v -0.0021751620806753644 0.00993541069328785 0.023844033479690562
v -0.0014606522163376219 0.010123828426003456 0.023687515407800685
v -0.0007161883986555043 0.010235796682536602 0.023600008338689814
v -0.0014166800538077957 0.010353087447583675 0.0219530649483204
v -0.0021073012612760076 0.010197330266237259 0.022062597796320926
v -0.002600383479148151 0.010188775137066841 0.02112729474902154
v -0.0025487865786999477 0.010743009857833385 0.017894150689244277
v -0.0030071882065385593 0.010015440173447132 0.02093690261244775
v -0.0028954634908586754 0.010634531266987324 0.017775816842913635
v -0.0029940549284219755 0.010587823577225208 0.01772351190447808
v -0.003211852163076402 0.01045270636677742 0.017569972202181823
v -0.003731264034286143 0.009509079158306122 0.01647764630615712
v -0.0037277378141880053 0.009577075950801373 0.016557263210415847
v -0.0037011604290455597 0.009232272394001484 0.01806462928652764
v -0.0036507132463157194 0.009898402728140354 0.016931107267737396
v -0.0035805311053991335 0.009241999126970768 0.020835014060139666
v -0.003475549630820753 0.010197814553976059 0.01727783121168614
v -0.0033585093915462507 0.009675584733486176 0.020894011482596408
v -0.003387555014342071 0.010298779234290123 0.017393575981259353
v -0.003285510698333384 0.010394358076155186 0.01750313304364682
v -0.003619250841438772 0.008571026846766472 0.022392891347408305
v -0.0029977618250995887 0.00969370175153017 0.023103203624486934
v -0.003542796010151507 0.00893071573227644 0.023010673001408587
v -0.0033321739174425615 0.009355573914945126 0.02306395396590234
v -0.003324815304949881 0.011142541654407978 0.017451219260692603
v -0.0034687190782278794 0.011099366471171379 0.017274502664804466
v -0.0035449839197099226 0.011079149320721626 0.01715239509940148
v -0.0036854059435427206 0.011063428595662117 0.016804844141006477
v -0.0037351101636886614 0.011116846464574337 0.01644829288125039
v -0.003034169785678388 0.011233187280595303 0.017688266932964332
v -0.002689277753233911 0.011334691196680069 0.01784650422632695
v -0.00252149091102183 0.01138146873563528 0.01788840629160405
v -0.0022742673754692086 0.011446470394730568 0.017914168536663062
v -0.003712408477440478 0.011180060915648937 0.016747174784541137
v -0.003756482386961581 0.011304240673780441 0.016764037311077125
v -0.0036677587777376192 0.011298843659460545 0.017030606046319015
v -0.0024042653385549792 0.011935397051274776 0.018494408577680595
v -0.0036243014037609118 0.011176416650414467 0.017018448561429984
v -0.002852959092706443 0.011508953757584095 0.017831472679972656
v -0.002568522468209268 0.011581760831177235 0.01791984401643277
v -0.00287409918382764 0.011839380487799644 0.018432602286338813
v -0.0026917299255728735 0.011869166977703571 0.01825757138431073
v -0.003046669298782946 0.011794617399573326 0.01815763674676419
v -0.003342005889862777 0.011733816005289555 0.018263148143887527
v -0.00337604363448918 0.011721586808562279 0.01799596287310124
v -0.0036715443711727875 0.011654200032353401 0.017777128145098693
v -0.003753340337425472 0.011632359586656094 0.01800037547945977
v -0.003919808194041254 0.01159950066357851 0.017511138692498214
v -0.0040837563574314135 0.011547084897756577 0.017669782042503364
v -0.004111625254154207 0.011566166765987873 0.01720875874161721
v -0.004319956991821529 0.011492404155433178 0.017303355038166053
v -0.00423654029145837 0.011564736254513264 0.01688311807811261
v -0.004460014868527653 0.011479985900223255 0.01693226210772992
v -0.003952966071665289 0.01152247004210949 0.01652831211686135
v -0.004176191985607149 0.011604013852775097 0.0165478065609932
v -0.004095505457371475 0.011559342965483665 0.016852337867021568
v -0.004515303764492275 0.011521763168275356 0.016538914293050773
v -0.004390449263155462 0.011582336388528347 0.01654783636331559
v -0.004234950523823501 0.01160721480846405 0.016549520194530494
v -0.003956620115786793 0.011509906500577927 0.016819421201944358
v -0.00398208759725094 0.011555958539247513 0.017153043299913413
v -0.0038545017596334236 0.01150373462587595 0.017100483179092414
v -0.00380724109709263 0.01158259529620409 0.017435779795050628
v -0.003695969935506584 0.011527095921337605 0.017367150634527213
v -0.003578955307602884 0.011630614288151264 0.01768725737929345
v -0.0034866193309426325 0.011572126299142838 0.017606278881430633
v -0.003341549308970572 0.011375042609870434 0.017505099996924407
v -0.003166503738611938 0.011543601751327515 0.01773632504045964
v -0.003113025333732368 0.011438568122684956 0.01769163832068444
v -0.0029449327848851694 0.011698159389197826 0.017956841737031944
v -0.0037974342703819292 0.011354903690516949 0.016494009643793113
v -0.003747730283066632 0.011227176524698734 0.016469174996018417
v -0.0035281269811093825 0.011325656436383724 0.01728141866624356
v -0.003879650495946409 0.011462649330496788 0.016515728086233146
v -0.0038390466943383234 0.011420180089771748 0.016788724809885032
v -0.003745661349967124 0.011413569562137127 0.017058150842785842
v -0.0035995452199131268 0.01143738441169262 0.017313966527581222
v -0.003404798917472364 0.011483288370072842 0.017543688416481025
v -0.003232428571209313 0.011631461791694164 0.017806479707360275
v -0.002631827723234893 0.011767868883907795 0.01805198378860951
v -0.0038987561129033583 0.012117105536162853 0.011206047609448438
v -0.0038345607463270443 0.011873267590999603 0.011188027448952203
v -0.003931795712560417 0.012189523316919804 0.009412856772542003
v -0.0038580542895942944 0.011934196576476097 0.009932389482855802
v -0.0038678376004099863 0.011945808306336403 0.00940797105431557
v -0.0037677211221307533 0.011426891200244427 0.014730236493051059
v -0.0038277325220406073 0.011661184020340443 0.014770898967981345
v -0.003914693836122753 0.011775847524404526 0.014791936613619334
v -0.004037545062601568 0.011863993480801582 0.014809213578701026
v -0.004181710537523033 0.011911531910300255 0.014820072799921043
v -0.004327072761952879 0.011914925649762154 0.01482351683080197
v -0.004544923547655346 0.01174962893128395 0.015271264128386981
v -0.0046008136123418825 0.012079987674951553 0.01310285739600659
v -0.004703375045210125 0.012294594198465347 0.009950080886483198
v -0.004655381198972465 0.012248305603861809 0.011296609416604047
v -0.004560410976409914 0.012316673994064331 0.01123222336173058
v -0.004503945820033552 0.01214725524187088 0.013034719973802572
v -0.003992337267845871 0.012236135080456734 0.011216012760996824
v -0.004070889670401813 0.012347009032964706 0.009417833760380748
v -0.00412449147552252 0.01232494879513979 0.011224617250263696
v -0.0038015709724277275 0.011698605492711067 0.012941366061568265
v -0.0038627546746283787 0.011934065259993076 0.01299478299915791
v -0.0039521818980574625 0.012050525285303593 0.013011675328016286
v -0.004078497644513847 0.01213908288627863 0.013025622814893728
v -0.004226173739880325 0.012184984982013702 0.013034401461482053
v -0.00427799951285124 0.012367695569992065 0.011230446398258214
v -0.004373943898826839 0.012184930965304375 0.013037185184657579
v -0.004429590422660114 0.01236158236861229 0.01123286504298449
v -0.004575494676828386 0.012399380095303059 0.009428030811250213
v -0.004367801360785963 0.012444660998880863 0.009424844756722454
v -0.004292359109967949 0.012438924051821232 0.009423354640603069
v -0.004178136587142946 0.012407359667122364 0.009420746006071571
v -0.004426995757967235 0.012441064231097698 0.009405727498233322
v -0.004330616444349291 0.0124432984739542 0.009410883300006393
v -0.004508376121520998 0.01242084801197052 0.0093578863888979
v -0.004014325793832542 0.012268352322280407 0.009274609386920932
v -0.004176626913249494 0.01236926019191742 0.009234959259629253
v -0.00418849987909198 0.012396270409226418 0.009299069643020633
v -0.004036262165755035 0.012318257242441177 0.009393055923283104
v -0.0042437543161213415 0.012426984496414661 0.009372033178806308
v -0.0039058800321072357 0.012118128128349781 0.009335994720458988
v -0.004122792277485134 0.011275066994130611 0.007800700142979625
v -0.00421522092074156 0.011260706931352615 0.007728771772235635
v -0.004207293502986433 0.011500130407512188 0.007948465645313266
v -0.004038282204419376 0.01126303244382143 0.007878684438765052
v -0.0038894296158105152 0.011163263581693172 0.008216339163482193
v -0.003954940941184761 0.01123368926346302 0.007996572181582454
v -0.003923694603145124 0.011301912367343903 0.008145164698362354
v -0.004036508966237308 0.011421426199376583 0.008025600574910644
v -0.00387867051176727 0.011607431806623936 0.008788558654487136
v -0.0039107664488255995 0.01189898606389761 0.008912602439522747
v -0.0040234294719994085 0.012046396732330322 0.008828518912196163
v -0.004194433800876142 0.012143280357122421 0.008774945512413982
v -0.004201275296509268 0.011848893016576767 0.008340522646903995
v -0.004030387848615648 0.011760316789150238 0.008406473323702816
v -0.003917644266039135 0.011625699698925018 0.00850921776145697
v -0.0038877667393535393 0.011151768267154694 0.008249559439718727
v -0.0040323813445866125 0.010937589220702648 0.0078087868168950116
v -0.004118687473237516 0.010732101276516914 0.007673401851207021
v -0.003982305061072113 0.010983810760080814 0.007889217697083954
v -0.003949256148189308 0.010979094542562962 0.007948801852762703
v -0.003920353017747404 0.010937430895864964 0.008010891266167167
v -0.003893416142091157 0.010796782560646534 0.008097674697637561
v -0.0038888461422175186 0.010686386376619339 0.008137003518640998
v -0.004121212754398586 0.010717181488871574 0.007709428202360872
v -0.004124011844396593 0.01071419008076191 0.0076646665111184155
v -0.004121369682252409 0.010723158717155457 0.0076690199784934555
v -0.00411100732162595 0.010719908401370049 0.007776908110827211
v -0.00402978900820017 0.010713486932218075 0.00797954481095076
v -0.004063167143613102 0.01071800198405981 0.007918646559119228
v -0.0038901672232896107 0.010851625353097916 0.00808744411915541
v -0.0038914771284908074 0.011018279939889908 0.008035439066588882
v -0.0038993069902062433 0.011253285221755505 0.007923406548798088
v -0.006985170301049951 0.002251762431114912 0.004019538871943952
v -0.006997085176408294 0.0020796149037778378 0.0039399433881044405
v -0.0070161195471882855 0.0020766875240951777 0.003939089830964805
v -0.007041096687316898 0.0019067240646108985 0.0038640000857412832
v -0.006007649470120671 -0.0009955385467037559 0.0017377310432493695
v -0.006007373798638585 -0.00036672543501481414 0.001969089964404703
v -0.0070073069073259865 -0.0003668474091682583 0.0019703595899045476
v -0.007012319751083854 -0.00030390307074412704 -0.0019726157188415536
v -0.007012386806309227 0.00036603654734790325 -0.0019619211088866004
v -0.0060124546289444 0.0003661585506051779 -0.0019631905015558013
v -0.007007522974163297 -0.000995659502223134 0.001739000086672605
v -0.007008298765867952 -0.0016988804563879967 0.0010602377587929372
v -0.006008425261825326 -0.001698757754638791 0.0010589691810309891
v -0.007009443826973442 -0.001996490638703108 0.00012929178774356847
v -0.00600957125425339 -0.0019963679369539022 0.00012802313722204422
v -0.0070106857456266915 -0.0018174174474552274 -0.0008315251325257126
v -0.0060108127072453525 -0.0018172947457060218 -0.0008327937684953216
v -0.007011726498603824 -0.0012044255854561925 -0.0015927581116557128
v -0.006011853460222485 -0.001204302767291665 -0.0015940266894176609
v -0.006012445781379941 -0.0003037814749404788 -0.0019738883711397657
v -0.00700796535238624 0.001203614636324346 0.00160119659267366
v -0.007009007968008522 0.0018166066147387028 0.0008399636135436598
v -0.007010249886661771 0.001995679922401905 -0.0001208532703458332
v -0.007007373962551359 0.000303092208923772 0.001981054199859501
v -0.007012170739471916 0.0009948494844138622 -0.001730561372824014
v -0.007011394947767261 0.001698069623671472 -0.00105179927777499
v -0.006012237165123227 0.0009949714876711369 -0.0017318309983238587
v -0.006011461373418572 0.0016981916269287467 -0.0010530689032748346
v -0.0060103163123130824 0.0019958019256591797 -0.00012212287401780492
v -0.00600907485932112 0.0018167286179959774 0.0008386940462514761
v -0.006008033175021413 0.0012037366395816207 0.0015999269671738154
v -0.006007441785186532 0.0003032142121810466 0.0019797848071903
v -0.006003695074468854 -0.00219019060023129 0.004547821823507549
v -0.006004204042255881 -0.002186490222811699 0.004474951419979336
v -0.005488294642418626 -0.002455111825838685 0.004804992582648994
v -0.0049695516936481025 -0.002810567617416382 0.005831000395119193
v -0.0038950978778302687 -0.0033043059520423412 0.0062910318374633815
v -0.003890501335263254 -0.003330932930111885 0.00650539714843035
v -0.005046226084232333 -0.00267034862190485 0.005069496575742963
v -0.0039047270547598618 -0.0032252268865704536 0.005752396304160359
v -0.005504885222762826 -0.002535003237426281 0.0056783151812851455
v -0.0055908993817865875 -0.002553422236815095 0.0065564960241317775
v -0.006001397967338565 -0.0022636030334979296 0.006575267761945727
v -0.006003424990922215 -0.0022124331444501877 0.0050358693115413215
v -0.004824136383831503 -0.002969142748042941 0.006529271602630618
v -0.005513338372111323 -0.0026020214427262545 0.006553332321345809
v -0.004065058659762146 9.401153511134908e-05 -0.002497750334441663
v -0.0040632560849189776 -0.0004416671581566334 -0.0024602180346846594
v -0.006013052072376015 -0.0003593489236664027 -0.002471127547323705
v -0.006011652760207656 -0.0019984333775937557 -0.001499498612247408
v -0.004040707368403675 -0.002052737632766366 -0.0014266395010054118
v -0.006011046469211581 -0.002270555356517434 -0.0010438610333949332
v -0.004033215809613468 -0.002270355587825179 -0.001046376884914935
v -0.006010988727211955 -0.0022902905475348234 -0.0009999556932598357
v -0.005021959077566865 -0.002283699344843626 -0.0010159033117815857
v -0.004547225311398508 -0.0022805032785981894 -0.001023545861244202
v -0.0040330728515982645 -0.0022736943792551756 -0.0010391069808974866
v -0.004032930824905636 -0.0022770152427256107 -0.001031810999847949
v -0.006012549158185723 -0.0012750891037285328 -0.002147593768313528
v -0.004059413913637401 -0.0009566696244291961 -0.0023092783521860847
v -0.0040543312206864374 -0.001379854860715568 -0.002084293868392707
v -0.004048390779644253 -0.00172899360768497 -0.0018053224775940188
v -0.0040647070854902285 0.0006317523075267673 -0.0024183655623346576
v -0.0060130855999887016 0.0006105827633291483 -0.0024212689604610213
v -0.004062429070472719 0.001097111846320331 -0.0022458941675722608
v -0.006012645550072196 0.0014883241383358836 -0.0020055475179106006
v -0.004058293998241426 0.0015302093233913183 -0.0019764548633247623
v -0.0040526199154555815 0.00189517205581069 -0.0016298869159072644
v -0.006011798046529296 0.002141406061127782 -0.0012867049081251032
v -0.004045446868985893 0.0021848867181688547 -0.001214432180859149
v -0.004038104321807625 0.0023671449162065983 -0.0008034650818444792
v -0.006010669749230149 0.0024712637532502413 -0.00037322606658563034
v -0.0040293065831065195 0.0024798305239528418 -0.0003159130865242334
v -0.006009937264025214 0.002491551451385021 0.00020497218065429487
v -0.004019845277071001 0.0024921568110585213 0.00019738319679163404
v -0.005015962757170203 -0.0024493467062711716 -0.0004972604801878335
v -0.004023191984742882 -0.0024445559829473495 -0.0005272146081551912
v -0.004013273864984514 -0.002502675633877516 -4.724127222743848e-07
v -0.005512983538210395 -0.002451083390042186 -0.00049261940876022
v -0.0054910215549171 -0.002501185517758131 4.520962102105843e-05
v -0.006009637378156188 -0.0024998774752020836 4.6059063606662696e-05
v -0.00601032190024853 -0.002451531821861863 -0.0004882607609033587
v -0.00501109613105655 -0.002498573623597622 4.463434743229302e-05
v -0.004012469202280046 -0.002502487041056156 4.278937558410691e-05
v -0.004991664551198485 -0.002518007531762123 0.0015400787815451629
v -0.0060076881200075176 -0.0023689407389611006 0.0015972327673807747
v -0.003991402685642244 -0.0026090238243341446 0.0011638180585578088
v -0.003985281568020584 -0.0026508676819503307 0.0014871970051899559
v -0.003954985179007055 -0.0028421427123248577 0.0030940584838390363
v -0.004980368074029687 -0.0025796920526772738 0.002780089154839517
v -0.006006605457514527 -0.0023169908672571182 0.00245488458313048
v -0.006004058755934241 -0.0021861835848540068 0.00446643400937319
v -0.006005337927490475 -0.002222470473498106 0.0034633800387382525
v -0.004965892992913726 -0.002623896114528179 0.003953188657760622
v -0.003929860889911653 -0.003011705819517374 0.004425711464136841
v -0.0039123129099607485 -0.0031652036122977734 0.005351381376385691
v -0.006006533745676282 0.0023237268906086683 0.0028692893683910383
v -0.00600700965151191 0.0017794122686609626 0.0024520545266568674
v -0.006007102783769372 0.001589723746292293 0.0023638464044779548
v -0.006006854120641949 -0.00012661246000789106 0.002423622179776431
v -0.006007020361721518 0.000194221458514221 0.0023183871526271113
v -0.0060070524923503425 0.0002739119518082589 0.002299704123288394
v -0.006007192656397822 0.0010638636304065585 0.0022518595214933166
v -0.0060043390840292 -0.00212681433185935 0.004245178308337929
v -0.006004486698657277 -0.0020560952834784985 0.004134222865104677
v -0.006004697643220427 -0.0019255364313721657 0.003978165797889234
v -0.006004730705171826 -0.001904815435409546 0.003954476676881315
v -0.006005107890814545 -0.0016142074018716812 0.003680745372548701
v -0.006006231531500819 -0.0008268300443887711 0.0028583165258169187
v -0.00600631954148412 -0.0007515870966017246 0.0027954808901995433
v -0.006735405884683135 -0.0015001037390902638 0.004382838029414417
v -0.006887950003147129 -0.0013038215693086386 0.004284334834665062
v -0.006826396100223067 -0.0013404866913333535 0.004144685808569195
v -0.007429411634802822 0.0018627099925652146 0.004075738601386549
v -0.007353269029408697 0.0018890093779191375 0.003993521910160782
v -0.007443494163453582 0.0013071978464722633 0.0038025362882763165
v -0.006068952381610873 -0.001967155374586582 0.004194253589957954
v -0.006049531511962416 -0.001986208138987422 0.004180200863629581
v -0.006056886166334155 -0.0020469145383685827 0.00424340181052685
v -0.0060188551433384445 -0.0019867890514433384 0.004114677198231222
v -0.0060343001969158675 -0.001993234734982252 0.004157709889113905
v -0.006305870134383443 -0.0017435773042961955 0.0041798320598900335
v -0.006227785255759957 -0.001681163557805121 0.0041041569784283655
v -0.006108057219535115 -0.00191026390530169 0.0041954810731112974
v -0.006595537997782233 -0.0009891856461763382 0.0037174792960286158
v -0.006571940612047913 -0.0010335298720747232 0.0037403441965580004
v -0.006590757519006732 -0.0013066964456811547 0.0039092805236578005
v -0.00631765276193619 -0.0015050205402076244 0.004007241223007442
v -0.0062325689941644695 -0.0016716353129595518 0.004099217243492605
v -0.0068943165242672 -0.000766891345847398 0.0036318241618573683
v -0.007035451009869579 -0.00044358614832162857 0.003525208448991181
v -0.006832066457718613 -0.0004895600723102689 0.00351173570379615
v -0.0071536866016686 -8.211744716390967e-05 0.0034614528995007294
v -0.006982639897614721 -4.3632979213725775e-05 0.00342082465067506
v -0.007239022292196754 0.00030158611480146646 0.0034573804587125796
v -0.007048632483929399 0.00023236834385897964 0.003410270204767586
v -0.007103350479155782 0.0005599575815722346 0.003438731189817192
v -0.007286828942596916 0.0006673289462924004 0.0035065517295151966
v -0.0071248952299356495 0.0007612704066559672 0.003474684432148935
v -0.007137914188206199 0.0011971178464591503 0.003590987529605629
v -0.007293922360986475 0.0013398336013779044 0.003691841848194601
v -0.007132588885724548 0.0013033038703724742 0.003626354271546008
v -0.00721036829054356 0.0019098049961030483 0.0039050709456205385
v -0.007519994862377647 0.001763045322149992 0.004331368487328293
v -0.007501407526433471 0.0018097653519362211 0.0042182044126093405
v -0.007530429400503639 0.0016742181032896042 0.004295125603675844
v -0.007483680266886953 0.001828618231229484 0.004169714637100698
v -0.007575428113341335 0.0009946789359673858 0.00405341060832143
v -0.007420315407216552 -0.00012252108717802912 0.0037420662119984644
v -0.0074745323508977925 -3.74803421436809e-05 0.003913583699613811
v -0.007497160695493225 0.0002444204583298415 0.003739871550351383
v -0.007551692426204685 0.0004288552445359528 0.0039349393919110316
v -0.007536838762462143 0.0005980630521662533 0.0037844763137400168
v -0.007539693731814626 0.001256267772987485 0.00395695958286524
v -0.0071639651432633435 -0.0007940814830362797 0.0038907243870198744
v -0.007108957972377542 -0.0009628920815885067 0.004128390457481148
v -0.007218463812023405 -0.0007559567457064986 0.004051439929753544
v -0.007306503597646955 -0.0004732906527351588 0.003796445671468975
v -0.007325747516006235 -0.0005129557102918625 0.003981647081673147
v -0.007455798331648115 -0.00011384282697690651 0.0039182067848742026
v -0.00604271097108722 -0.002110365778207779 0.004308184608817102
v -0.0061996318399906184 -0.002035134704783559 0.004541978240013124
v -0.006431226152926686 -0.0018281000666320324 0.004521714523434641
v -0.0064395172521472 -0.0017942863050848246 0.004391991999000313
v -0.006205535959452393 -0.0019672103226184845 0.004347132518887522
v -0.0061737475916743305 -0.001922372728586197 0.004257868509739639
v -0.0060932682827115085 -0.0019338337006047368 0.004198100883513691
v -0.006381204351782801 -0.0017806648975238204 0.004277743864804508
v -0.0067221908830106284 -0.0013430195394903421 0.004010561853647234
v -0.007049520034343008 -0.0007997747743502259 0.0037380121648311632
v -0.007194959558546547 -0.00047406699741259217 0.0036351424641907232
v -0.007313985377550129 -0.00011202230234630406 0.0035747110377997177
v -0.0073964800685644184 0.0002702286292333156 0.0035721147432923334
v -0.007439991924911741 0.0006352358614094555 0.0036208105739206093
v -0.006127243861556056 -0.001528385910205543 0.003936076536774637
v -0.006186030339449647 -0.0010777312563732266 0.0036204934585839527
v -0.006046897731721404 -0.0011480902321636677 0.0034416737034916895
v -0.006525656674057248 -0.0005640725139528513 0.003494553733617069
v -0.0062442431226372745 -0.0006078817532397807 0.0033309683203697218
v -0.0063117560930550124 -6.682928506052122e-05 0.0031411815434694303
v -0.006061032414436343 -0.0006777669186703861 0.003070443402975799
v -0.006168108899146321 -8.133779192576185e-05 0.002966820960864426
v -0.006077718455344441 -9.579116886015981e-05 0.0027932981029152883
v -0.006071768235415223 -9.705888805910945e-05 0.0027780802920460714
v -0.0060125906020402934 -0.00011766385432565585 0.0025309314951300634
v -0.006622167304158213 -4.9945276259677485e-05 0.003344441764056684
v -0.0065145464614033725 -5.4317912145052105e-05 0.0032917538192123188
v -0.006668560672551396 -4.844967770623043e-05 0.00336246774531901
v -0.00639740424230695 -0.0010368378134444356 0.0037246157880872505
v -0.00626930454745889 -0.0015005625318735838 0.003997249063104393
v -0.00603283476084471 -0.001579789794050157 0.003823294537141921
v -0.006746620405465367 0.0005736468592658639 0.0033490308560431017
v -0.00632960628718138 0.00024895110982470214 0.0030838048551231636
v -0.006082198116928342 0.00026108691236004233 0.002702747937291862
v -0.0060863411054015186 0.0006745325517840683 0.0026706389617174877
v -0.00605626776814461 0.002300080144777894 0.0032488082069903625
v -0.0060803806409239795 0.002033052034676075 0.0031249532476067556
v -0.00608665216714144 0.0017627156339585781 0.002948564011603595
v -0.0060902358964085605 0.0014498720411211252 0.0028005903586745275
v -0.006089457776397469 0.0010827833320945501 0.0027068136259913458
v -0.006322406232357028 0.00188546278513968 0.0034783729352056997
v -0.0062915114685893085 0.002271839417517185 0.0036924823652952927
v -0.006194610614329579 0.002279890701174736 0.0035628662444651144
v -0.006662274710834029 0.002254712861031294 0.0039537223055958765
v -0.0066434517502784755 0.0020422327797859907 0.0038354988209903258
v -0.006694981362670663 0.0017862259410321712 0.0037162236403673905
v -0.006783489603549245 0.0012270206352695823 0.0034970713313668984
v -0.006346418987959626 0.0006141472258605063 0.00307656521908939
v -0.006359438411891463 0.0009798145620152354 0.0031249467283487333
v -0.006380749866366389 0.0022661290131509304 0.003781342878937723
v -0.0063629890792071845 0.0013170588063076138 0.0032155406661331667
v -0.004728879779577257 0.008513321168720722 0.00671963253989816
v -0.0046220477670431154 0.008498328737914562 0.00675975810736418
v -0.004960946738719943 0.006941769737750292 0.00617151474580169
v -0.005258989520370963 0.008560282178223133 0.0066125113517046
v -0.005347546190023425 0.006484236102551222 0.005954078398644927
v -0.005189818795770409 0.005955653730779886 0.005788136739283803
v -0.0054158591665327575 0.005037711467593908 0.005409669131040576
v -0.005856184754520657 0.0034144760575145483 0.004620539490133526
v -0.006160010118037465 0.002252558246254921 0.0039990493096411246
v -0.005764436442404988 0.007421080023050308 0.006229318212717774
v -0.005181418266147378 0.009895051829516888 0.007007331587374214
v -0.006372564937919381 0.004841422662138939 0.0052680075168609645
v -0.006243620999157431 0.0053697493858635426 0.00548825412988663
v -0.006103252526372674 0.0059601622633636 0.005717605818063023
v -0.0058763027191162135 0.0069351401180028915 0.006066368427127602
v -0.005503010936081412 0.004699568264186382 0.005261274520307782
v -0.005509613081812861 0.004674327094107866 0.0052498979493975665
v -0.006464710924774411 0.004473818000406027 0.0051049045287072685
v -0.005512542091310027 0.00466314610093832 0.005244837142527106
v -0.006783490534871819 0.003211828414350748 0.004491652362048628
v -0.006824582815170291 0.0030374089255928993 0.004403761588037016
v -0.006158100441098216 0.0022407269570976496 0.004186826292425396
v -0.003945871256291868 0.0022435158025473356 0.0041447794064879435
v -0.006124886684119704 0.002384681487455964 0.004258007276803257
v -0.005853251554071906 0.003414284437894821 0.004765066783875229
v -0.003928059712052347 0.004714214242994785 0.005374368280172351
v -0.0055119413882494 0.004658164922147989 0.005377569701522591
v -0.0054981354624033 0.004710989072918892 0.005403588991612199
v -0.0051876143552362945 0.005961772054433823 0.005883479956537488
v -0.004736575763672592 0.00796093326061964 0.006651381030678752
v -0.003900715149939062 0.00999787449836731 0.007426493335515264
v -0.004464115016162397 0.009258671663701534 0.0071502528153359925
v -0.0043060393072664755 0.009997041895985603 0.0074340351857245
v -0.004157762974500658 0.010597639717161655 0.007664045784622434
v -0.004130630288273098 0.010691046714782715 0.007653620559722189
v -0.004127351101487877 0.010702637955546379 0.007659125141799453
v -0.004155333619564773 0.010602502152323723 0.007612051907926801
v -0.0042876633815467375 0.010070854797959328 0.007379654794931415
v -0.004318117629736664 0.00993681512773037 0.007323768455535177
v -0.004303984809666874 0.009999503381550312 0.007349791470915083
v -0.005716231185942891 0.00987980142235756 0.007481118664145473
v -0.005689820274710658 0.009911240078508854 0.007357963360846046
v -0.005667801946401599 0.009922148659825325 0.007305203005671505
v -0.005603674333542588 0.009937543421983719 0.007204577326774601
v -0.005542420782148841 0.009942409582436085 0.007140319794416431
v -0.005516658537089827 0.009942709468305111 0.007118950132280592
v -0.005359084345400336 0.009930424392223358 0.007033970672637228
v -0.0066362340003252055 0.0058424766175448895 0.0061700525693595435
v -0.006199098192155364 0.007773885037750006 0.006833861581981185
v -0.006191859953105452 0.007731776684522629 0.006687619723379615
v -0.005869187414646151 0.007764081005007029 0.006361860316246751
v -0.0060241604223847415 0.007770882453769445 0.006448936183005574
v -0.006108975969254973 0.007762271910905838 0.00653493404388428
v -0.006980224046856168 0.004373045638203621 0.005564266350120309
v -0.0067612170241773155 0.005300510209053755 0.005959887523204091
v -0.006736504845321181 0.0053422218188643456 0.005841792561113837
v -0.007372359745204452 0.002660339931026101 0.0047378097660839575
v -0.007281287573277954 0.003091692691668868 0.004948928952217105
v -0.007257090415805582 0.003142217407003045 0.0048379558138549345
v -0.006952523253858093 0.003229329362511635 0.004531140439212324
v -0.007178396452218298 0.0031952031422406435 0.004698150791227819
v -0.007098664995282892 0.003218147438019514 0.0046175536699593085
v -0.006418131291866305 0.005396694876253605 0.005522117950022223
v -0.006654327735304835 0.005382715258747339 0.005693499930202964
v -0.00657073734328151 0.00539715401828289 0.005609230138361457
v -0.0062400652095675494 0.0003167332906741649 0.016155822202563293
v -0.006372666452080014 0.00115813291631639 0.016243055462837226
v -0.006858659908175472 0.001427483162842691 0.012389924377202993
v -0.005432612728327515 0.010913541540503502 0.012066016905009752
v -0.005556102376431229 0.010209889151155949 0.014895226806402213
v -0.006242377217859032 0.004790930077433586 0.021560583263635646
v -0.006244754418730738 0.0048172627575695515 0.017247082665562637
v -0.0007701149443164471 -0.0032857151236385107 0.01843382045626641
v -0.0017305391374975452 -0.0031615979969501495 0.018222894519567497
v -0.0005800593644380572 0.011927162297070026 0.020017566159367572
v -0.004888573661446574 0.012093893252313137 0.009871826507151132
v -0.00751156592741609 0.0012564397184178233 0.00615734048187733
v -0.007457356899976734 0.0018108173971995711 0.006311977747827771
v -0.007257074117660526 0.0029616979882121086 0.00671455264091492
v -0.0069924127310514485 0.004144346807152033 0.007171391509473327
v -0.006723823025822642 0.005328796338289976 0.007610041648149494
v -0.00646876357495785 0.006481886841356754 0.00801224168390036
v -0.006019306369125846 0.008557655848562717 0.008696995675563816
v -0.005660875700414183 0.010158504359424114 0.009214819408953193
v -0.005119699053466323 0.01174202747642994 0.009743077680468563
v -0.005317158531397584 0.011309188790619373 0.00959381647408009
v -0.004568193573504688 0.01175532117486 0.015150304883718498
v -0.004724853672087194 0.011097356677055359 0.01785282231867314
v -0.0042971251532435435 0.011402418836951256 0.017817663028836257
v -0.00392986834049225 0.011128177866339684 0.02027690038084985
v -0.0033444014843553318 0.011391466483473778 0.020183565095067035
v -0.0013123009121045477 0.011867175810039043 0.02003375254571439
v -0.002024509711191059 0.011759125627577305 0.020064882934093486
v -0.0027055793907493366 0.011601169593632221 0.020113855600357066
v -0.0005964775336906316 0.011673503555357456 0.02208167500793935
v -0.0006102416664361956 0.011456185951828957 0.023882640525698672
v -0.001386385527439416 0.011364479549229145 0.023934433236718188
v -0.0021427413448691377 0.011203567497432232 0.02403172291815282
v -0.002868355251848699 0.010974486358463764 0.02418031170964242
v -0.003552275942638518 0.010678272694349289 0.02438599057495595
v -0.004183548502624037 0.010315963067114353 0.024654557928442965
v -0.004751222208142282 0.009888594970107079 0.024991804733872424
v -0.00524434354156256 0.009397205896675587 0.02540353126823903
v -0.005654275882989171 0.008843853138387203 0.025892101228237163
v -0.005984877701848748 0.008236122317612171 0.026441344991326343
v -0.006244210060685876 0.007583445869386196 0.02702888846397401
v -0.006440330762416127 0.006895259954035282 0.02763234637677671
v -0.0065813013352453735 0.006181002594530582 0.02822932973504068
v -0.006675182376056912 0.005450109951198101 0.028797451406717314
v -0.006730035413056615 0.004712019115686417 0.02931432612240316
v -0.0067539205774664905 0.003976167179644108 0.029757564887404456
v -0.006752112880349162 0.003251229412853718 0.030111212283372893
v -0.006718710064888003 0.0025428286753594875 0.03038508072495462
v -0.006341945845633748 0.0005654579144902527 0.030890634283423438
v -0.006522354669868949 0.0011950789485126734 0.030758520588278784
v -0.0066450224258005645 0.0018558251904323697 0.03059542737901212
v -0.006094815209507945 -2.8139151254436e-05 0.031008137390017523
v -0.00596417719498277 -0.0008178263669833541 0.03589471429586412
v -0.0057719349861145046 -0.0005808084388263524 0.03112740255892278
v -0.004290511831641199 -0.0019473065622150898 0.03161415457725526
v -0.005039824638515713 -0.0017540875123813748 0.036397658288478865
v -0.004867390729486944 -0.0015441905707120895 0.0314302295446396
v -0.005544042214751246 -0.0013153551844879985 0.0361682064831257
v -0.005364274606108668 -0.0010876460000872612 0.0312648080289364
v -0.0006182733341120187 -0.0030601928010582924 0.0323518179357052
v -0.0010247653117403392 -0.0031889446545392275 0.03705670312047006
v -0.0014185227919369942 -0.00296761398203671 0.03227229416370393
v -0.002010511467233301 -0.0030369190499186516 0.03699620068073274
v -0.0021976451389491567 -0.0028071433771401644 0.032145641744136824
v -0.002921882085502149 -0.0028019393794238567 0.036896500736475005
v -0.002943866187706591 -0.0025816739071160555 0.03198498114943506
v -0.0037642209790647047 -0.0024881556164473295 0.036755271255970015
v -0.0036454130895435827 -0.002294097561389208 0.03180344775319101
v -0.004062980413436891 -0.0023491783067584038 0.036690361797809615
v -0.004459975287318231 -0.0021368665620684624 0.036588564515113844
v -0.002653505187481643 -0.0029428713023662567 0.017900120466947562
v -0.0035180933773517626 -0.002630197210237384 0.017511056736111648
v -0.004006010014563801 -0.002909440081566572 0.013807169161736972
v -0.003848708467558028 -0.003405903931707144 0.00874679442495108
v -0.003838414093479516 -0.00340572209097445 0.009295430034399036
v -0.004522391129285099 -0.0031316406093537807 0.00921786762773991
v -0.0038047202397137898 -0.0034145743120461702 0.009461046196520332
v -0.0036982269957661646 -0.003447625320404768 0.009631081484258178
v -0.00458999350667 -0.0031110793352127075 0.007891028188169006
v -0.005565728992223742 -0.002582012675702572 0.00725582800805569
v -0.006715072784572842 -0.0015635507879778743 0.00643510324880481
v -0.00637949397787452 -0.0019328370690345764 0.006678103003650906
v -0.0069974819198250805 -0.0011646447237581015 0.006235642824321988
v -0.007222490850836042 -0.0007362581673078239 0.00608943868428469
v -0.007484535686671737 0.00020811073773074895 0.005993953440338376
v -0.007385877892374996 -0.00027852499624714255 0.0060062175616622
v -0.007523530628532175 0.0007209844188764691 0.006047825329005721
v -0.006335846614092591 0.005584720056504011 0.013593411073088651
v -0.006265938747674229 0.003985043149441481 0.02140733040869237
v -0.006206589750945571 0.005577116273343563 0.02165183424949647
v -0.0061648865230381515 0.00633268104866147 0.02166178822517396
v -0.006000983994454148 0.007333607878535986 0.017881270498037345
v -0.005922011099755767 0.008053051307797432 0.017973234876990325
v -0.005828721914440396 0.008710265159606934 0.018015377223491676
v -0.0057090399786829974 0.009306235238909721 0.018018381670117385
v -0.006044857203960421 0.00817325059324503 0.011185337789356714
v -0.006046595983207228 0.007470568176358938 0.014206195250153549
v -0.005387957673519852 0.010694755241274834 0.014981884509325034
v -0.005550888832658532 0.009841944091022015 0.01799294166266919
v -0.005175844766199591 0.01111037191003561 0.01504853647202254
v -0.0053421906195580985 0.010318377055227757 0.017949743196368224
v -0.004906881600618365 0.011462104506790638 0.015102308243513114
v -0.005070869810879233 0.010736520402133465 0.01789947226643563
v -0.005249594803899529 0.011362411081790924 0.012209899723529821
v -0.0050285365432500865 0.011734304018318653 0.012333383783698087
v -0.004756410606205465 0.012037975713610649 0.012441527098417287
v -0.006407390348613265 0.0020497168879956007 0.01642959378659726
v -0.006784417666494849 0.0024525586050003767 0.012620721012353902
v -0.006379543337970975 0.002970245201140642 0.016680398955941207
v -0.006647356785833838 0.0035048993304371834 0.012922388501465326
v -0.006436205934733155 0.006164427846670151 0.010515063069760805
v -0.006888464558869604 0.003907312639057636 0.009765488095581535
v -0.005974282976239922 -0.00045324614620767534 0.016202919185161598
v -0.006613260600715878 -0.00042908574687317014 0.012314006686210638
v -0.005782404914498332 -0.0008055444341152906 0.016284938901662833
v -0.006435175426304343 -0.0008335221791639924 0.012403499335050588
v -0.005552398040890696 -0.0011350993299856782 0.016401633620262153
v -0.004877666942775251 -0.002450787927955389 0.013334117829799657
v -0.0043033836409449595 -0.0022242357954382896 0.017101252451539047
v -0.005620660725981 -0.0018847143510356545 0.012891954742372041
v -0.004988458473235371 -0.0017256498103961349 0.0167162623256445
v -0.005935519933700564 -0.0015612986171618104 0.012699152342975145
v -0.006208142731338742 -0.0012109139934182167 0.012534107081592088
v -0.006739887874573472 2.1284593003656482e-06 0.012271264567971235
v -0.007250863127410415 7.999213266884908e-05 0.008916377089917663
v -0.006907659117132429 -0.0004176191578153521 0.01057165395468474
v -0.007143103983253244 -0.00039200964965857565 0.008950528688728813
v -0.006735087838023904 -0.0008438254590146244 0.010662822052836423
v -0.006974830292165283 -0.0008347253315150738 0.00904128793627024
v -0.006508748512715104 -0.0012413960648700595 0.010799076408147817
v -0.006748962681740525 -0.0012478568824008107 0.009182038716971878
v -0.006232330575585368 -0.0016103911912068725 0.010973158292472368
v -0.006469445768743756 -0.001631440594792366 0.00936482381075621
v -0.005909520667046311 -0.0019508696859702468 0.011177813634276395
v -0.006140233017504218 -0.00198551407083869 0.009581696242094043
v -0.0051394668407738235 -0.0025465094950050116 0.011649793013930326
v -0.00534850871190429 -0.002605292946100235 0.010085899382829671
v -0.004228081554174425 -0.003028790932148695 0.012156958691775804
v -0.00440538674592972 -0.003107503755018115 0.010631058365106588
v -0.0033424596767872585 -0.003492456628009677 0.011153571307659154
v -0.00352882011793554 -0.003500152612105012 0.00975149963051081
v -0.0035129939205944555 -0.003504894208163023 0.009762962348759178
v -0.007111413404345516 0.0027593655977398157 0.009402136318385605
v -0.006956811994314197 0.0040435646660625935 0.00841111317276955
v -0.007205595262348655 0.0028714851941913366 0.00800472125411034
v -0.0072708479128778015 0.0016393490368500352 0.009105949662625793
v -0.0073904441669583355 0.0017289103707298636 0.007659968920052055
v -0.0074377488344907795 0.0011783199151977897 0.007532730698585514
v -0.006818724796175959 0.0004576206556521356 0.012273268774151807
v -0.007302747108042244 0.0005784842651337385 0.008935794234275821
v -0.00744369346648455 0.000646664877422154 0.007447328418493274
v -0.005486310925334695 -0.0026141249109059572 0.008629719726741317
v -0.00629216153174639 -0.0019769291393458843 0.00809007324278355
v -0.006625501904636624 -0.0016135221812874079 0.007860386744141582
v -0.006906951311975721 -0.001220284029841423 0.007669164799153808
v -0.0071323914453387295 -0.0007972425664775074 0.007525187917053703
v -0.007297692820429805 -0.0003444284957367927 0.007437237072736028
v -0.007399822585284713 0.00013779971050098538 0.007412567269057039
v -0.006253168918192389 0.0020529860630631447 0.023389719426631938
v -0.006140192039310935 0.001316709560342133 0.02325971983373166
v -0.006174095440655949 0.0010569047881290317 0.025776633992791186
v -0.005966039840132001 0.0003992664278484881 0.025733204558491717
v -0.005963491741567853 0.0006132503622211516 0.02316422015428544
v -0.005680840462446215 -0.00021607984672300518 0.025734441354870807
v -0.0057069701142609145 -4.653889482142404e-05 0.0231310147792101
v -0.005305925384163859 -0.000780820962972939 0.025805264711380015
v -0.0058057950809597995 0.00010192745685344562 0.020647695288062106
v -0.006026815157383683 0.0008150588255375624 0.020704524591565143
v -0.006163659505546096 0.0015736749628558755 0.020838595926761638
v -0.006237410474568608 0.002363851061090827 0.021019728854298602
v -0.0062832450494170215 0.0026722338516265154 0.018778638914227493
v -0.006257405970245602 0.0018194186268374324 0.018558468669652946
v -0.006168853491544726 0.0009968249360099435 0.018395302817225463
v -0.005989943630993369 0.00022193735640030354 0.01832158118486405
v -0.005354531109333041 -0.0006518111331388354 0.023187916725873958
v -0.004834313411265613 -0.0012878874549642205 0.02595924399793149
v -0.004896706901490691 -0.0011935890652239323 0.023349445313215266
v -0.004275711718946697 -0.0017339170444756746 0.0261759925633669
v -0.004343819804489614 -0.0016685033915564418 0.023590590804815303
v -0.0036429329775273817 -0.002116236137226224 0.02642880193889142
v -0.0037098729517310875 -0.002074221149086952 0.023878959938883792
v -0.0029487858992069973 -0.0024321707896888256 0.026690972968935977
v -0.0030088657513260854 -0.0024084108881652355 0.0241821762174368
v -0.0022060819901525983 -0.002679049503058195 0.026935815811157237
v -0.002254800871014596 -0.0026687385980039835 0.024467842653393756
v -0.0014276305446401245 -0.0028541977517306805 0.027136623859405528
v -0.0014616798143833882 -0.0028528759721666574 0.024703584611415873
v -0.0006262437091208998 -0.002954942872747779 0.02726670540869237
v -0.0006435033865273002 -0.0029584881849586964 0.024857014417648326
v -0.0006730293389409784 -0.0030139251612126827 0.0225700791925192
v -0.001523029292002321 -0.0029027911368757486 0.022395338863134395
v -0.0023448357824236163 -0.00270836241543293 0.022127460688352595
v -0.0031226931605488075 -0.00243249605409801 0.02180379070341588
v -0.0038408467080444115 -0.002077047247439623 0.02146168425679208
v -0.004483538679778578 -0.0016438774764537811 0.021138498559594165
v -0.005035014823079112 -0.001134839840233326 0.02087157592177392
v -0.005479518324136737 -0.0005517943063750863 0.020698275417089473
v -0.0056930412538349654 -0.00048776634503155947 0.01836973056197167
v -0.005260582547634843 -0.0011183739406988025 0.01855586841702462
v -0.004705095663666727 -0.001666631200350821 0.018847398459911353
v -0.0040446999482810515 -0.00213125953450799 0.019202660769224174
v -0.003297513816505672 -0.0025109839625656605 0.019580001011490832
v -0.0024816580116748823 -0.002804530318826437 0.01993776857852937
v -0.0016152511816471822 -0.0030106224585324526 0.020234307274222384
v -0.0007164133712649349 -0.003127983072772622 0.02042796090245248
v -0.006126024760305884 -7.851005648262799e-05 0.016160393133759506
v -0.003359113819897176 -0.0035471622832119465 0.009947642683982854
v -0.004065510816872122 0.010684305801987648 0.022601641714572917
v -0.003456086618825795 0.011003055609762669 0.022418972104787837
v -0.0027933842502534403 0.011261041276156902 0.022280074656009684
v -0.0020884894765913495 0.011458572000265121 0.02218051441013814
v -0.0013524909736588604 0.011595956981182098 0.022115860134363185
v -0.0063175773248076465 0.0017485228599980474 0.02583979070186616
v -0.006408606190234425 0.002465868601575494 0.02589789405465127
v -0.006457182113081219 0.0032009694259613752 0.02592690847814084
v -0.006472698878496888 0.003945937380194664 0.025902993977069865
v -0.006464546546339991 0.004692879971116781 0.025802332907915126
v -0.0064389985054731395 0.005434046033769846 0.02560841292142869
v -0.006109890993684533 0.00705269118770957 0.021598823368549357
v -0.006389876827597621 0.006162233185023069 0.02533395402133466
v -0.006030809599906209 0.007733707316219807 0.021478230133652697
v -0.006307898554950955 0.00687037967145443 0.024998946115374576
v -0.0059168464504182365 0.008372288197278976 0.021315302699804316
v -0.006183776538819077 0.00755142280831933 0.02462340146303178
v -0.005757209379225972 0.008964994922280312 0.021125329658389102
v -0.006008226424455645 0.008198297582566738 0.024227334186434756
v -0.005541103426367047 0.009508389048278332 0.02092359960079194
v -0.005771964788436892 0.008803941309452057 0.02383074536919595
v -0.0052577331662178066 0.009999030269682407 0.02072540484368802
v -0.005465705413371327 0.009361290372908115 0.023453647270798694
v -0.004896307829767468 0.010433478280901909 0.02054603397846223
v -0.005080167204141619 0.009863283485174179 0.023116033524274836
v -0.00445087254047394 0.010809461586177349 0.02039676159620286
v -0.0046105673536658304 0.010304484516382217 0.022832518443465243
v -0.0038389018736779707 -0.0032787141390144825 0.009283366613090042
v -0.003839382668957116 -0.003151246113702655 0.009271559305489067
v -0.0038014021702110785 -0.0031349128112196922 0.009446025826036934
v -0.0036810445599257963 -0.0031184342224150896 0.009618746116757396
v -0.003530182875692846 -0.003108910983428359 0.00971524138003588
v -0.003531496040523054 -0.0027144409250468016 0.009678689762949947
v -0.003532830625772478 -0.0023199731949716806 0.009642130695283416
v -0.003373816376551987 -0.002373091410845518 0.009814657270908361
v -0.0033069078344851745 -0.002388026099652052 0.010034064762294298
v -0.0033302432857453836 -0.0023848789278417826 0.009913333691656595
v -0.0036452026106417196 -0.0022778597194701433 0.00957373529672623
v -0.0037973881699144858 -0.0022203815169632435 0.009378261864185337
v -0.0038429528940469044 -0.0022069402039051056 0.009183884598314766
v -0.0014676080318167812 -0.0016708557959645987 0.02388528734445573
v -0.0009689523139968519 -0.0017571281641721725 0.024038486182689677
v -0.0010576815111562614 -0.0018993570702150464 0.020590517669916163
v -0.003258988726884128 -0.0009736914071254432 0.023022426292300235
v -0.003178658662363888 -0.0010340206790715456 0.027001462876796733
v -0.0027738322969526065 -0.0012400891864672303 0.02717963792383672
v -0.002376172924414278 -0.001910206861793995 0.017014931887388236
v -0.0029236751142889274 -0.0017192920204252005 0.016716515645384795
v -0.0038134474307298678 -0.002115802839398384 0.010782990604639059
v -0.003805706743150951 -0.0020739282481372356 0.011199575848877435
v -0.0035751948598772305 -0.002170971827581525 0.011350973509252077
v -0.0009338612435385589 -0.0018394667422398925 0.0317661687731743
v -0.0004379384918138387 -0.0018836583476513624 0.03181625530123712
v -0.0018970211967825898 -0.0016611743485555053 0.03158657625317575
v -0.0019800600130110988 -0.001783534069545567 0.03526202216744424
v -0.0010102193336933856 -0.0019508714322000742 0.035247873514890685
v -0.00279370602220297 -0.0013665265869349241 0.03133952990174295
v -0.0028394139371812357 -0.0015309822047129273 0.03528260067105295
v -0.0034760746639221924 -0.000929428671952337 0.029037877917289748
v -0.0033587454818189157 -0.0013166525168344378 0.035299800336360945
v -0.0034310696646571177 -0.0014832442393526435 0.01640422828495503
v -0.0037140245549380797 -0.0013196674408391118 0.016213055700063712
v -0.00370497419498861 -0.0012449483620002866 0.016705492511391647
v -0.0030762224923819317 -0.0012869342463091016 0.019641174003481875
v -0.003757356200367214 -0.001701496192254126 0.013842645101249225
v -0.003778177313506605 -0.0018783261766657233 0.01270201057195664
v -0.00376267288811505 -0.0017485294956713915 0.013548172079026704
v -0.0005745425587520005 -0.0022198886144906282 0.01762932166457177
v -0.0005060742259956898 -0.001954536186531186 0.02071104757487775
v -0.000460349227068946 -0.0018080403096973896 0.024138474836945544
v -0.0019511282444000253 -0.0015492982929572463 0.02369297482073308
v -0.002117407741025091 -0.0016721675638109446 0.02017495594918729
v -0.0029435274191200746 -0.0012262200471013784 0.02139800600707532
v -0.003501690225675704 -0.0010341983288526535 0.0193728692829609
v -0.0036637799348682182 -0.0009561693295836449 0.01894678361713887
v -0.003541187150403859 -0.0007751286611892283 0.025555048137903224
v -0.003589185187593104 -0.0007408144883811474 0.022970788180828105
v -0.0036285319365561026 -0.0008021269459277391 0.020858917385339747
v -0.00335740251466632 -0.0009869994828477502 0.021150536835193644
v -0.002852006582543255 -0.0012006398756057024 0.02324744686484338
v -0.0018888241611421117 -0.0015589135000482202 0.02752628177404405
v -0.00044036711915396176 -0.0017981091514229774 0.02786728180944921
v -0.0009333170601166789 -0.0017507626907899976 0.02779123187065126
v -0.0015969396336004144 -0.001805347390472889 0.020406097173690806
v -0.0017967150779441008 -0.002056762343272567 0.017279718071222312
v -0.0011934542562812571 -0.002159730764105916 0.017491100355982787
v -0.0033596120774745954 0.00010810196545207873 0.03541038185358049
v -0.004064907785505058 0.0001080221263691783 0.03541200980544092
v -0.005956555716693404 -0.0023874477483332157 0.041753489524126074
v -0.005957736168056729 -0.0024924876634031534 0.04081109166145327
v -0.00405773986130953 -0.002492255298420787 0.040808673948049566
v -0.0040567265823483484 0.0022657576482743025 0.042064085602760336
v -0.004057922400534155 0.002496070461347699 0.04114424437284472
v -0.005957919638603928 0.002495827851817012 0.04114687815308573
v -0.005956725217401984 0.002265526680275798 0.04206649586558344
v -0.005955637432634833 0.0016742550069466233 0.042866554111242315
v -0.00405563833191991 0.001674485974945128 0.04286414384841921
v -0.0059548891149461295 0.0008177924901247025 0.043372683227062246
v -0.004054891876876356 0.000818023516330868 0.04337027668952944
v -0.005954602733254435 -0.00016823898477014154 0.04350474104285242
v -0.0040546036325395125 -0.00016800792946014553 0.04350233078002932
v -0.005954818800091746 -0.0011277004377916455 0.04324181005358698
v -0.004054820630699398 -0.001127469353377819 0.043239403516054174
v -0.0040553072467446345 -0.0017472165636718273 0.04279625415802004
v -0.005955305416136983 -0.0017474489286541939 0.04279867187142374
v -0.004055507946759464 -0.001908426289446652 0.042623117566108724
v -0.004056556615978481 -0.0023872151505202055 0.04175107553601267
v -0.005955505184829238 -0.0019086586544290185 0.042625535279512426
v -0.004064262844622137 0.002794436179101467 0.036389254033565535
v -0.004064946901053192 0.0027852337807416916 0.03596432134509088
v -0.004065155982971193 0.0028431781101971865 0.03547940030694009
v -0.004063490312546493 0.0028078972827643156 0.0368022993206978
v -0.004063471686095001 0.002808608813211322 0.03682532906532289
v -0.004064132925122978 0.0028104044031351805 0.03688214719295503
v -0.004060747567564251 0.0027627181261777878 0.03877344354987146
v -0.004062289372086527 0.002824702998623252 0.037741426378488555
v -0.004059905651956798 -0.0023998087272047997 0.039130624383687994
v -0.004060019738972189 -0.0022463942877948284 0.039035998284816756
v -0.004061595071107151 -0.0005714704166166484 0.03798901289701463
v -0.00395185546949506 -0.002048659371212125 0.038905501365661635
v -0.003539742901921274 -0.0014588257763534784 0.038508482277393355
v -0.003814483992755415 -0.001852049259468913 0.038773164153099074
v -0.0040553058497607725 -0.0023223506286740303 0.03908251225948336
v -0.003971397411078216 -0.0020863667596131563 0.03893036395311357
v -0.0038102236576378363 -0.0019087196560576558 0.03880787640810014
v -0.003572797169908883 -0.0017835356993600726 0.03871293738484384
v -0.0032809686381369842 -0.0017379523487761617 0.03866448998451234
v -0.003006416140124203 -0.0017801179783418775 0.03867314010858537
v -0.0029622942674905075 -0.0017936894437298179 0.03867886215448381
v -0.0024680530186742557 -0.0019298087572678924 0.03873546048998834
v -0.0020453836768865594 -0.0020245967898517847 0.03877379745244981
v -0.0010273045627400283 -0.0021785409189760685 0.038833521306514754
v -0.0008681883336976175 -0.0026826916728168726 0.037978690117597594
v -0.003737042890861632 -0.0023834886960685253 0.03698482736945154
v -0.0030068578198552145 -0.0017880070954561234 0.038658767938613905
v -0.00303314463235438 -0.0018784668063744903 0.038479976356029524
v -0.0031288110185414566 -0.0019941842183470726 0.03820670768618585
v -0.003048959653824569 -0.002249615266919136 0.037807837128639235
v -0.003179837949573995 -0.002034517703577876 0.03809762373566629
v -0.0035716027487069386 -0.0022526895627379417 0.03738534823060037
v -0.0023536449298262605 -0.002443158533424139 0.03788635134696962
v -0.0016214031493291265 -0.00258904742076993 0.037943471223115935
v -0.003992431797087194 -0.0023360871709883213 0.03781383857131006
v -0.003965594340115787 -0.0022609697189182043 0.03835743665695192
v -0.004029206931591036 -0.002384389052167535 0.03845264017581941
v -0.003569276304915549 -0.0021269097924232483 0.037697464227676405
v -0.0037635187618434447 -0.0022800476290285587 0.037203054875135436
v -0.0032845935784280313 -0.001752105774357915 0.038639031350612654
v -0.0037150296848267334 -0.002042230684310198 0.038234356790781035
v -0.003805671818554403 -0.0019386876374483109 0.03874449804425241
v -0.003857911797240378 -0.0021387161687016487 0.038288682699203505
v -0.003978037741035225 -0.0021409664768725634 0.0388583615422249
v -0.0033811037428677095 -0.0019592309836298227 0.038187365978956236
v -0.003558835247531535 -0.001801965874619782 0.03866738453507425
v -0.003791444934904577 -0.002476328983902931 0.03675104305148126
v -0.003827869193628432 -0.002367059700191021 0.03696203231811525
v -0.0038445417303591984 -0.0024533099494874477 0.03676925972104074
v -0.00390896759927273 -0.002308816649019718 0.037218678742647185
v -0.003972343634814026 -0.002348709851503372 0.037240162491798415
v -0.003917877096682789 -0.0024218284524977207 0.03685506433248521
v -0.003986923955380918 -0.00239043147303164 0.03708545118570329
v -0.004015760961920025 -0.002377796685323119 0.03751551359891893
v -0.003989311400800945 -0.0023892964236438274 0.0371011719107628
v -0.003810148453339936 -0.0021811185870319605 0.03772778436541559
v -0.004017549566924574 -0.0023781294003129005 0.03767871484160425
v -0.0038366585504263657 -0.0022856120485812426 0.037206135690212264
v -0.003690967336297037 -0.0021398060489445925 0.037704758346080794
v -0.004054631572216751 -0.0023676881100982428 0.03898585215210916
v -0.004057772923260929 -0.002396476222202182 0.03900218382477762
v -0.003805476240813734 -0.001911975909024477 0.03879297897219659
v -0.003977934364229442 -0.0021144256461411715 0.03890686482191087
v -0.004054570570588114 -0.002341332146897912 0.03903436660766603
v -0.004059895407408478 -0.0024003428407013416 0.03911943733692171
v -0.004983870312571528 -0.0018222954822704196 0.03685069084167482
v -0.004324838519096376 -0.0023979423567652702 0.03947870433330538
v -0.004349894355982544 -0.002298437524586916 0.038325738161802306
v -0.004374804440885784 -0.002215798944234848 0.03736728429794313
v -0.004964991472661498 -0.0018997031729668379 0.037332415580749526
v -0.005963358562439683 -0.0009288577130064368 0.03653088212013246
v -0.005518794991075995 -0.0013983248500153422 0.03670674189925195
v -0.005503175780177119 -0.001533841248601675 0.037264093756675734
v -0.0059627438895404365 -0.0010678867110982537 0.03700021654367448
v -0.005961217451840642 -0.001558725256472826 0.03815701231360437
v -0.00547332735732198 -0.0019065904198214412 0.03838329389691354
v -0.005960909649729731 -0.00166967767290771 0.038387719541788115
v -0.0054434533230960395 -0.002280383836477995 0.03955681249499323
v -0.005959325935691598 -0.002202794421464205 0.039584629237651846
v -0.00595852127298713 -0.0023935502395033836 0.040200840681791326
v -0.004892662167549136 -0.0023476954083889723 0.039523523300886175
v -0.0048736589960753935 -0.002433143323287368 0.040160901844501516
v -0.0049288640730083015 -0.002119168872013688 0.038365751504898085
v -0.005959155503660443 -0.0022498636972159147 0.03971540927886965
v -0.005964221898466351 0.0030505855102092028 0.036236304789781584
v -0.005964051466435197 0.003033284330740571 0.03636835888028146
v -0.005804998800158503 0.0030415982473641634 0.0362943969666958
v -0.004991980735212567 0.002760794945061207 0.03879079967737199
v -0.0049737053923308875 0.002760833827778697 0.038790456950664534
v -0.005646409001201394 0.0030500285793095827 0.036219399422407164
v -0.005284663289785388 0.0028803751338273287 0.037727691233158125
v -0.00500974012538791 0.002772862557321787 0.03868351504206659
v -0.005661882460117343 0.0030531177762895823 0.03619330003857614
v -0.005686865188181403 0.0030559569131582975 0.03617215529084207
v -0.005719508510082963 0.0030850430484861135 0.03597979247570039
v -0.0057495217770338084 0.003130629425868392 0.03578974679112436
v -0.005738630425184968 0.0031296934466809034 0.035790652036666884
v -0.0057297809980809715 0.00313016795553267 0.035786408931016936
v -0.005730575881898406 0.003138468600809574 0.03575365990400316
v -0.005720358341932299 0.0031326862517744303 0.035773769021034255
v -0.005711645353585484 0.003146479371935129 0.035717722028493895
v -0.005725862458348277 0.0031797403935343027 0.035604301840066924
v -0.005704804323613646 0.0035943160764873028 0.034688260406255736
v -0.005745456088334325 0.0033291622530668974 0.03520392253994943
v -0.0055509964004159 0.0037085884250700474 0.03445101529359819
v -0.00555233517661691 0.003848828375339508 0.034270096570253386
v -0.0056068180128932025 0.003708811243996024 0.03447561711072923
v -0.005653771106153729 0.003685571253299713 0.03452926501631738
v -0.005370862782001498 0.005691245663911104 0.03183458745479585
v -0.005376919172704222 0.00566554581746459 0.03186598047614099
v -0.005505524110049012 0.0047976430505514145 0.03306174278259279
v -0.005501321982592347 0.004861857742071152 0.03295858576893808
v -0.005170395597815516 0.006400279235094786 0.030846968293190016
v -0.005260624922811988 0.00612386642023921 0.031231461092829718
v -0.005342571064829829 0.005816591437906027 0.031658984720706954
v -0.005343323573470118 0.00581341702491045 0.03166342154145242
v -0.005305609200149777 0.006486603058874607 0.030884608626365675
v -0.00546746561303735 0.006609817035496235 0.030910018831491484
v -0.005510887131094935 0.006664796732366085 0.030895831063389792
v -0.005573398899286988 0.006866139359772205 0.030763151124119772
v -0.0055838208645582225 0.007053499110043049 0.030606342479586615
v -0.005478003993630412 0.0071709337644279 0.030410908162593855
v -0.004908812232315543 0.007018949370831251 0.03000716865062715
v -0.004892393015325072 0.007031491957604885 0.029982786625623717
v -0.004763534758239986 0.007303779479116201 0.029660969972610488
v -0.005012534093111756 0.006792754866182804 0.03030219674110414
v -0.0034099377226084484 0.008555610664188862 0.027997961267828955
v -0.0035063419491052645 0.00849135685712099 0.028082037344574942
v -0.0035049130674451607 0.008514807559549809 0.028006870299577727
v -0.0033028046600520624 0.008640995249152184 0.0278521701693535
v -0.003023605560883881 0.008796071633696556 0.027664067223668112
v -0.0029218008276075138 0.008838930167257786 0.02762924693524839
v -0.00377492909319699 0.008304838091135025 0.028334548696875586
v -0.004462757613509895 0.007796326652169228 0.02909845113754274
v -0.004400998353958132 0.00785000529140234 0.02900072187185289
v -0.0041154208593070524 0.008082034066319466 0.02861088886857034
v -0.004005461931228639 0.00816546194255352 0.028482735157012953
v -0.005037970840930941 0.006735972594469786 0.030380949378013625
v -0.004406514111906292 0.00763225881382823 0.028995830565691008
v -0.003514165291562678 0.008125236257910728 0.027990242466330542
v -0.004116399679332973 0.007828502915799618 0.028596181422472014
v -0.004015236627310516 0.007887104526162148 0.02847666107118131
v -0.004134908318519594 0.007672334089875221 0.028905017301440253
v -0.003508648835122587 0.00798536092042923 0.028271222487092032
v -0.0044777630828321 0.007480286993086338 0.02929952554404737
v -0.0035000236239284294 0.007207137532532215 0.028648808598518385
v -0.0034898540470749157 0.006498850882053375 0.029117116704583182
v -0.003486808622255923 0.00631759874522686 0.02926076948642732
v -0.0034758578985929506 0.005758821498602629 0.029787544161081328
v -0.0034788453485816734 0.0058980840258300304 0.029642354696989073
v -0.004522038623690607 0.006261011585593224 0.03034346736967565
v -0.003465943271294238 0.005368068814277649 0.030279926955699935
v -0.0034686590079218167 0.005464539397507906 0.03014191053807737
v -0.003794109448790552 0.005633717868477106 0.03029982559382917
v -0.005448053125292065 0.0032465842086821795 0.035222951322793974
v -0.00505180284380913 0.0031482460908591747 0.03520920500159265
v -0.005132913123816254 0.003435588674619794 0.03466645628213884
v -0.004239306785166265 0.0028117401525378227 0.038227941840887084
v -0.004449457861483099 0.0028464936185628176 0.03762721270322801
v -0.004120279569178821 0.002809837693348527 0.03577263653278352
v -0.003717212704941632 0.002773259300738573 0.035477202385664
v -0.0033637383021414293 0.0027035465463995934 0.03547500073909761
v -0.0033690112177282585 0.002765422221273184 0.03515720367431642
v -0.0045804963447153586 0.00595464650541544 0.0307661145925522
v -0.0051845032721757915 0.006030155811458826 0.031268041580915465
v -0.004608082119375469 0.005607190076261759 0.031236313283443465
v -0.0034495687577873486 0.0048280199989676476 0.031181644648313536
v -0.0034528586547821778 0.004968329798430204 0.03093797713518144
v -0.003432985860854389 0.004427358508110046 0.0319226384162903
v -0.004609945230185987 0.004933754447847605 0.03220897167921068
v -0.00342881726101041 0.004306679125875235 0.03215377032756807
v -0.004559952300041916 0.004260278306901455 0.03319012746214868
v -0.003410034114494921 0.0037855308037251234 0.033138263970613493
v -0.0044422033242881315 0.0035663486924022436 0.03415520489215852
v -0.0033867536112666143 0.0032362572383135557 0.03411471471190454
v -0.004357610363513233 0.0032234431710094213 0.034640863537788405
v -0.0033802778925746692 0.0030743933748453856 0.03438779339194299
v -0.004253138322383167 0.0029611880891025066 0.035182796418666853
v -0.003372072242200376 0.0028350669890642166 0.03492372483015062
v -0.004808980971574785 0.002911641960963607 0.036411225795745863
v -0.004914045333862307 0.002875426784157753 0.03764203190803529
v -0.005352756474167111 0.0030655935406684875 0.03581374883651735
v -0.0052331970073282745 0.0029921734239906073 0.0364242196083069
v -0.005192094482481482 0.003806962398812175 0.0341804549098015
v -0.005257346201688054 0.004562176764011383 0.03321796283125879
v -0.005253302864730361 0.00529684592038393 0.032239690423011794
v -0.004944193176925185 0.002972418675199151 0.03579874336719514
v -0.0040128524415195006 -0.0014943104470148683 0.0001333580730715767
v -0.004005603026598694 -0.0014025537529960275 0.0005330224521458151
v -0.004000843968242409 -0.0012667985865846276 0.0008037233492359522
v -0.004000066313892605 -0.001237050979398191 0.0008488071616739038
v -0.003995003644376995 -0.0009623708319850266 0.0011511226184666161
v -0.003991665784269573 -0.0006147744716145098 0.0013688164763152606
v -0.003990387078374626 -0.0002748433034867048 0.0014750090194866068
v -0.003990860655903818 0.0001326198544120416 0.001494538388215006
v -0.0039933929219841974 0.0005332014407031238 0.0014026216231286532
v -0.003997113555669786 0.000848268682602793 0.001237477874383331
v -0.004002833273261787 0.0011502152774482965 0.0009634231682866816
v -0.004009750206023456 0.00136817735619843 0.0006158431060612205
v -0.004016306716948749 0.00147456384729594 0.00027526874328032147
v -0.004023936111479999 0.0014942297711968422 -0.00013251723430585122
v -0.004031185526400806 0.001402474008500576 -0.0005321814096532764
v -0.00403672317042947 0.001236970303580165 -0.0008479662938043478
v -0.004041784908622505 0.0009622893994674087 -0.0011502780253067617
v -0.004027039278298618 -0.001368258846923709 -0.0006149986293166879
v -0.004020482767373325 -0.0014746453380212188 -0.00027442420832812797
v -0.004033955279737713 -0.001150297001004219 -0.0009625825332477693
v -0.004045928828418257 -0.00013270058843772858 -0.00149369752034545
v -0.004046401474624874 0.0002747628022916615 -0.0014741643099114305
v -0.004045122768729927 0.0006146939704194665 -0.0013679717667400843
v -0.004039674997329714 -0.00084834941662848 -0.0012366371229290969
v -0.0040433956310153025 -0.0005332819418981671 -0.001401776913553477
v -0.003688186639919879 0.00027483157464303076 -0.0014746044762432582
v -0.003688142169266941 -0.00020564428996294737 -0.0014858349459245807
v -0.003688016440719368 -0.0004992931499145925 -0.0014144610613584525
v -0.003687702817842366 -0.0008923424175009131 -0.0012057044077664618
v -0.0036873803474009054 -0.0011396307963877916 -0.0009753147023729984
v -0.0036869160830974596 -0.0013609010493382812 -0.0006308298907242719
v -0.0036864501889795082 -0.0014746071537956595 -0.00027483233134262275
v -0.003686281386762859 -0.0014931244077160954 -0.00014343435759656137
v -0.0036859735846519488 -0.0014967776369303465 9.825544839259241e-05
v -0.0036854753270745295 -0.0014144626911729574 0.0004992942558601501
v -0.003685106988996269 -0.0012667574919760227 0.0008033197373151782
v -0.003684527240693571 -0.0007270690985023975 0.0013120097573846585
v -0.0036843754351139086 -0.0002748316328506917 0.00147460587322712
v -0.0036847153678536432 -0.0009753151680342853 0.0011396330082789068
v -0.0036844280548393744 0.0002306196984136477 0.0014821650693193085
v -0.003684546798467638 0.000499292160384357 0.0014144622255116708
v -0.003684876952320339 0.0009089763625524938 0.0011932151392102246
v -0.0036851819604635256 0.0011396317277103662 0.0009753161575645213
v -0.0036856664810329693 0.001367699820548296 0.0006159504409879449
v -0.003686112118884923 0.0014746077358722687 0.0002748300030361862
v -0.003686280921101572 0.0014931259211152792 0.00014343220391310757
v -0.003686603624373676 0.001495949225500226 -0.00011014143819920724
v -0.003687087912112476 0.0014144625747576356 -0.0004992929170839491
v -0.00368746346794069 0.0012627393007278442 -0.0008096192032098773
v -0.003687846940010788 0.0009753142367117107 -0.0011396318441256885
v -0.003688036464154722 0.0007244174485094845 -0.0013134728651493794
v 0.003708048956468703 0.00027483096346259117 -0.0014746062224730856
v 0.0037080487236380594 -0.0004992925678379834 -0.00141446408815682
v 0.003708048956468703 -0.000679645745549351 -0.0013371888780966408
v 0.0037080487236380594 -0.0008483692654408514 -0.0012370388722047216
v 0.003708048490807416 -0.001002577249892056 -0.001115723629482091
v 0.0037080487236380594 -0.0010734021198004484 -0.0010477618779987101
v 0.0037080487236380594 -0.0011396311456337571 -0.0009753130725584929
v 0.0037080487236380594 -0.001257184543646872 -0.0008182199089787904
v 0.003708048490807416 -0.001308007282204926 -0.0007342438912019137
v 0.003708048956468703 -0.0013532278826460242 -0.0006471241940744224
v 0.0037080487236380594 -0.0013926558895036578 -0.0005572309019044044
v 0.003708048490807416 -0.0014101412380114198 -0.0005113667575642469
v 0.003708048490807416 -0.0014261179603636265 -0.0004649561305996033
v 0.0037080487236380594 -0.0014534738147631288 -0.0003706867864821108
v 0.003708048956468703 -0.0014648238429799676 -0.0003229325811844321
v 0.0037080487236380594 -0.0014746069209650159 -0.00027483326266519736
v 0.0037080487236380594 -0.0014802452642470598 -0.00024262887018267076
v 0.003708048956468703 -0.001485182554461062 -0.0002103127771988512
v 0.0037080487236380594 0.0014144622255116701 -0.0004992911708541217
v 0.003708048490807416 0.0013371906243264675 -0.0006796467932872477
v 0.0037080487236380594 0.001237039570696652 -0.0008483685669489208
v 0.003708048956468703 0.001115721999667585 -0.0010025752708315854
v 0.0037080487236380594 0.0009753143531270325 -0.0011396326590329413
v 0.0037080487236380594 0.0008182190358638763 -0.0012571865227073438
v 0.0037080487236380594 0.0006471225060522556 -0.0013532281154766685
v 0.0037080487236380594 0.0005572320078499615 -0.0013926557730883366
v 0.003708048956468703 0.0004649548209272325 -0.0014261197065934545
usemtl Purple
f 1 2 3
f 4 5 6
f 6 5 7
f 6 7 8
f 8 7 9
f 8 9 10
f 10 9 11
f 10 11 12
f 12 11 13
f 12 13 14
f 14 13 15
f 14 15 16
f 15 17 16
f 16 17 18
f 16 18 19
f 19 18 20
f 19 20 21
f 21 20 22
f 21 22 23
f 23 22 24
f 23 24 25
f 25 24 26
f 25 26 27
f 27 26 28
f 27 28 29
f 29 28 30
f 29 30 31
f 31 30 32
f 31 32 33
f 33 32 34
f 33 34 35
f 35 34 36
f 35 36 37
f 37 36 38
f 37 38 39
f 39 38 40
f 39 40 41
f 41 40 42
f 41 42 43
f 43 42 44
f 43 44 45
f 45 44 46
f 45 46 47
f 47 46 48
f 47 48 49
f 1 3 50
f 50 3 51
f 50 51 52
f 52 51 53
f 53 51 54
f 53 54 55
f 54 56 55
f 55 56 57
f 55 57 58
f 58 57 4
f 58 4 59
f 59 4 6
f 60 61 62
f 60 62 63
f 63 62 64
f 63 64 65
f 65 64 66
f 65 66 67
f 67 66 68
f 67 68 69
f 69 68 70
f 69 70 71
f 71 70 72
f 71 72 73
f 73 72 74
f 73 74 75
f 76 77 78
f 78 77 79
f 78 79 80
f 80 79 81
f 80 81 63
f 63 81 60
f 67 69 65
f 65 69 71
f 65 71 63
f 63 71 73
f 63 73 80
f 80 73 75
f 75 74 82
f 75 82 80
f 80 82 83
f 80 83 78
f 78 83 84
f 78 84 76
f 76 84 85
f 76 85 77
f 77 85 86
f 77 86 79
f 79 86 87
f 79 87 81
f 81 87 61
f 81 61 60
f 88 89 90
f 88 90 91
f 91 90 92
f 91 92 93
f 92 94 93
f 93 94 95
f 93 95 96
f 96 95 97
f 96 97 98
f 98 97 99
f 99 97 100
f 99 100 101
f 101 100 102
f 101 102 103
f 89 88 104
f 89 104 105
f 105 104 106
f 105 106 107
f 107 106 108
f 107 108 109
f 109 108 110
f 109 110 111
f 111 110 112
f 111 112 113
f 112 114 113
f 113 114 115
f 113 115 116
f 116 115 117
f 116 117 118
f 118 117 119
f 118 119 120
f 120 119 121
f 120 121 122
f 122 121 123
f 122 123 124
f 124 123 125
f 124 125 126
f 126 125 127
f 126 127 128
f 127 129 128
f 128 129 130
f 128 130 131
f 131 130 132
f 131 132 133
f 133 132 134
f 133 134 135
f 134 136 135
f 135 136 137
f 135 137 138
f 139 140 141
f 139 141 142
f 141 143 142
f 142 143 144
f 142 144 145
f 145 144 138
f 145 138 137
f 146 147 148
f 148 147 149
f 148 149 150
f 150 149 140
f 150 140 139
f 148 151 146
f 146 151 152
f 146 152 153
f 153 152 154
f 153 154 155
f 155 154 156
f 155 156 157
f 158 159 160
f 158 160 161
f 161 160 162
f 161 162 163
f 163 162 164
f 163 164 165
f 159 158 166
f 166 158 167
f 166 167 168
f 168 167 169
f 168 169 170
f 170 169 171
f 170 171 172
f 171 173 172
f 172 173 174
f 172 174 175
f 175 174 176
f 175 176 177
f 177 176 157
f 177 157 156
f 164 178 165
f 165 178 179
f 165 179 180
f 180 179 103
f 180 103 102
f 181 182 183
f 183 182 184
f 183 184 185
f 186 187 188
f 188 187 189
f 188 189 190
f 190 189 191
f 190 191 192
f 192 191 193
f 192 193 184
f 184 193 194
f 184 194 185
f 195 196 197
f 198 199 200
f 201 202 203
f 203 202 204
f 182 195 184
f 184 195 197
f 184 197 192
f 192 197 190
f 197 205 190
f 190 205 206
f 190 206 188
f 188 206 207
f 188 207 186
f 204 208 203
f 203 208 209
f 203 209 210
f 210 209 211
f 210 211 212
f 212 211 213
f 212 213 214
f 215 207 216
f 216 207 206
f 216 206 217
f 217 206 205
f 217 205 200
f 200 205 197
f 200 197 198
f 198 197 196
f 214 215 212
f 212 215 216
f 212 216 210
f 210 216 217
f 210 217 203
f 203 217 200
f 203 200 201
f 201 200 199
f 218 219 220
f 221 11 222
f 222 11 9
f 222 9 7
f 22 20 223
f 223 20 18
f 223 18 224
f 224 18 17
f 224 17 225
f 225 17 15
f 225 15 221
f 221 15 13
f 221 13 11
f 56 54 226
f 226 54 227
f 7 5 222
f 222 5 4
f 222 4 226
f 226 4 57
f 226 57 56
f 54 51 227
f 227 51 3
f 227 3 228
f 228 3 2
f 228 2 229
f 229 230 228
f 228 230 231
f 228 231 232
f 232 233 228
f 228 233 234
f 228 234 220
f 220 234 235
f 220 235 218
f 219 236 220
f 220 236 237
f 220 237 238
f 239 240 241
f 241 240 238
f 241 238 242
f 242 238 237
f 239 243 240
f 240 243 244
f 240 244 245
f 244 246 245
f 245 246 247
f 245 247 248
f 247 249 248
f 248 249 250
f 248 250 251
f 252 251 250
f 250 253 252
f 252 253 254
f 252 254 255
f 255 254 256
f 255 256 257
f 256 258 257
f 257 258 259
f 257 259 260
f 259 261 260
f 260 261 262
f 260 262 263
f 262 264 263
f 263 264 265
f 263 265 266
f 46 44 267
f 267 44 42
f 267 42 268
f 265 269 266
f 266 269 49
f 266 49 267
f 267 49 48
f 267 48 46
f 270 271 34
f 42 40 268
f 268 40 38
f 268 38 271
f 271 38 36
f 271 36 34
f 272 273 26
f 34 32 270
f 270 32 30
f 270 30 273
f 273 30 28
f 273 28 26
f 26 24 272
f 272 24 22
f 272 22 223
f 274 275 276
f 276 275 277
f 276 277 278
f 279 280 281
f 281 280 282
f 281 282 278
f 278 282 283
f 278 283 276
f 284 285 281
f 281 285 286
f 281 286 279
f 279 286 287
f 279 287 288
f 289 290 291
f 292 293 294
f 290 295 291
f 291 295 296
f 291 296 297
f 297 296 292
f 297 292 298
f 298 292 294
f 299 300 301
f 301 300 302
f 301 302 303
f 303 302 304
f 303 304 305
f 305 304 306
f 305 306 307
f 307 306 308
f 307 308 309
f 308 310 309
f 309 310 311
f 309 311 312
f 313 314 315
f 315 314 299
f 299 314 316
f 299 316 300
f 313 315 317
f 317 315 318
f 317 318 319
f 320 321 322
f 323 324 325
f 325 324 326
f 325 326 327
f 327 326 328
f 327 328 329
f 329 328 330
f 329 330 331
f 331 330 332
f 331 332 333
f 333 332 334
f 333 334 335
f 335 334 336
f 335 336 337
f 337 336 338
f 337 338 339
f 339 338 340
f 339 340 341
f 340 342 341
f 341 342 343
f 341 343 344
f 344 343 345
f 344 345 346
f 346 345 321
f 321 345 347
f 321 347 322
f 320 322 348
f 348 322 349
f 348 349 319
f 319 349 350
f 319 350 317
f 351 352 353
f 351 353 354
f 354 353 355
f 354 355 323
f 323 355 356
f 323 356 324
f 357 353 352
f 357 352 358
f 358 352 359
f 358 359 360
f 360 359 361
f 360 361 362
f 362 361 363
f 362 363 364
f 365 366 367
f 367 366 368
f 367 368 369
f 369 368 364
f 369 364 370
f 370 364 363
f 366 365 371
f 371 365 372
f 371 372 373
f 373 372 374
f 374 372 375
f 374 375 376
f 376 375 377
f 376 377 378
f 378 377 379
f 378 379 380
f 380 379 381
f 380 381 382
f 382 381 383
f 382 383 384
f 384 383 385
f 384 385 386
f 386 385 387
f 386 387 388
f 388 387 389
f 388 389 390
f 390 389 391
f 391 389 392
f 391 392 393
f 393 392 394
f 393 394 395
f 394 396 395
f 395 396 312
f 395 312 311
f 397 398 399
f 399 398 400
f 399 400 401
f 401 400 402
f 401 402 403
f 403 402 404
f 403 404 405
f 406 407 408
f 408 407 409
f 408 409 410
f 409 411 410
f 410 411 412
f 410 412 413
f 413 412 414
f 413 414 415
f 415 414 416
f 415 416 417
f 417 416 418
f 417 418 419
f 419 418 397
f 419 397 399
f 420 421 422
f 422 421 423
f 422 423 424
f 424 423 425
f 424 425 426
f 426 425 427
f 426 427 428
f 429 430 431
f 430 429 432
f 432 429 433
f 432 433 434
f 426 428 435
f 435 428 436
f 435 436 437
f 437 436 438
f 437 438 439
f 439 438 440
f 439 440 431
f 431 440 441
f 431 441 429
f 442 443 444
f 444 445 442
f 442 445 446
f 442 446 447
f 447 446 448
f 443 442 449
f 449 442 450
f 450 442 451
f 451 442 447
f 451 447 452
f 432 434 453
f 453 434 454
f 453 454 455
f 455 454 456
f 455 456 457
f 457 456 452
f 457 452 458
f 458 452 447
f 458 447 459
f 459 447 460
f 460 447 448
f 460 448 461
f 461 448 462
f 461 462 463
f 463 462 464
f 463 464 406
f 406 464 407
f 465 466 467
f 465 467 468
f 468 467 459
f 468 459 460
f 467 469 459
f 459 469 470
f 459 470 458
f 458 470 471
f 458 471 457
f 472 473 474
f 467 466 469
f 469 466 472
f 469 472 470
f 470 472 474
f 470 474 475
f 476 477 478
f 478 477 479
f 480 481 482
f 480 482 483
f 484 485 486
f 486 485 487
f 488 489 487
f 487 489 490
f 487 490 486
f 491 492 488
f 488 492 493
f 488 493 489
f 494 495 491
f 491 495 496
f 491 496 492
f 482 497 483
f 483 497 498
f 483 498 499
f 499 498 500
f 499 500 494
f 494 500 501
f 494 501 495
f 481 480 502
f 502 480 503
f 502 503 504
f 504 503 505
f 505 503 506
f 505 506 507
f 507 506 508
f 508 506 509
f 508 509 510
f 510 509 511
f 511 509 512
f 511 512 513
f 513 512 514
f 513 514 515
f 515 514 516
f 515 516 517
f 517 516 518
f 517 518 519
f 519 518 520
f 520 518 485
f 520 485 484
f 521 482 481
f 521 481 522
f 522 481 502
f 522 502 523
f 523 502 504
f 523 504 524
f 524 504 505
f 524 505 525
f 525 505 507
f 525 507 526
f 507 508 526
f 526 508 510
f 526 510 527
f 527 510 511
f 527 511 528
f 528 511 513
f 528 513 529
f 529 513 515
f 529 515 530
f 530 515 517
f 530 517 531
f 531 517 519
f 531 519 532
f 532 519 520
f 532 520 533
f 497 482 521
f 533 520 484
f 533 484 534
f 484 486 534
f 534 486 490
f 534 490 535
f 535 490 489
f 535 489 536
f 536 489 493
f 536 493 537
f 537 493 492
f 537 492 538
f 538 492 496
f 538 496 539
f 539 496 540
f 540 496 495
f 540 495 541
f 541 495 501
f 541 501 542
f 521 543 497
f 497 543 544
f 497 544 498
f 498 544 542
f 498 542 500
f 500 542 501
f 545 546 547
f 546 548 547
f 547 548 549
f 547 549 550
f 551 552 553
f 554 555 556
f 554 556 557
f 558 559 556
f 556 559 560
f 556 560 557
f 561 562 563
f 563 562 564
f 563 564 565
f 565 564 556
f 565 556 553
f 553 556 555
f 553 555 551
f 561 566 562
f 562 566 548
f 562 548 546
f 567 568 569
f 570 571 572
f 569 573 574
f 569 575 567
f 567 575 570
f 567 570 576
f 576 570 572
f 577 575 578
f 578 575 569
f 578 569 579
f 579 569 574
f 579 574 580
f 577 581 582
f 577 582 575
f 575 582 583
f 575 583 570
f 570 583 584
f 570 584 571
f 571 584 585
f 571 585 572
f 572 585 586
f 572 586 576
f 576 586 587
f 576 587 567
f 567 587 588
f 567 588 568
f 568 588 589
f 568 589 569
f 569 589 590
f 569 590 573
f 573 590 591
f 573 591 574
f 574 591 592
f 574 592 580
f 580 592 593
f 580 593 579
f 579 593 594
f 579 594 578
f 578 594 581
f 578 581 577
f 595 596 597
f 595 597 598
f 598 597 599
f 598 599 600
f 596 601 597
f 597 601 602
f 597 602 603
f 603 604 597
f 597 604 605
f 597 605 599
f 599 605 606
f 599 606 607
f 608 609 610
f 611 612 613
f 613 612 614
f 615 616 617
f 618 619 620
f 615 617 621
f 621 622 623
f 623 622 624
f 623 624 625
f 625 624 626
f 625 626 627
f 628 629 624
f 624 629 630
f 624 630 626
f 631 632 608
f 608 632 633
f 608 633 609
f 609 633 634
f 609 634 628
f 635 636 611
f 611 636 637
f 611 637 612
f 638 639 640
f 640 639 641
f 640 641 635
f 635 641 642
f 635 642 636
f 643 617 620
f 620 617 616
f 620 616 618
f 644 645 646
f 646 645 647
f 646 647 648
f 648 647 649
f 648 649 650
f 650 649 598
f 650 598 600
f 650 651 648
f 648 651 631
f 648 631 646
f 646 631 608
f 646 608 644
f 644 608 610
f 622 621 617
f 622 617 638
f 638 617 643
f 638 643 639
f 628 624 609
f 609 624 622
f 609 622 610
f 610 622 638
f 610 638 644
f 644 638 640
f 644 640 645
f 645 640 635
f 645 635 647
f 647 635 611
f 647 611 649
f 649 611 613
f 649 613 598
f 598 613 614
f 598 614 595
f 652 653 654
f 655 656 657
f 653 652 658
f 659 623 660
f 660 623 625
f 660 625 627
f 661 662 619
f 663 664 662
f 665 664 666
f 666 664 663
f 666 663 667
f 668 669 657
f 657 669 658
f 657 658 655
f 655 658 652
f 669 670 658
f 658 670 671
f 658 671 653
f 653 671 672
f 653 672 654
f 654 672 673
f 654 673 674
f 619 618 661
f 661 618 616
f 661 616 675
f 675 616 615
f 675 615 676
f 676 615 621
f 676 621 659
f 659 621 623
f 662 661 663
f 663 661 675
f 663 675 667
f 667 675 676
f 667 676 677
f 677 676 659
f 677 659 678
f 678 659 660
f 678 660 679
f 679 660 627
f 679 627 680
f 668 665 669
f 669 665 666
f 669 666 670
f 670 666 667
f 670 667 671
f 671 667 677
f 671 677 672
f 672 677 678
f 672 678 673
f 673 678 679
f 673 679 674
f 674 679 680
f 681 668 657
f 682 683 684
f 682 684 685
f 686 687 688
f 688 687 619
f 688 619 689
f 689 619 662
f 689 662 683
f 683 662 664
f 683 664 684
f 690 691 688
f 688 691 692
f 688 692 686
f 668 681 665
f 665 681 693
f 665 693 664
f 664 693 694
f 664 694 684
f 684 694 695
f 684 695 685
f 656 289 696
f 696 697 656
f 656 697 698
f 656 698 657
f 657 698 699
f 657 699 681
f 590 589 686
f 639 643 589
f 589 643 620
f 700 701 585
f 585 701 702
f 585 702 586
f 586 702 703
f 586 703 587
f 587 703 704
f 587 704 705
f 588 642 589
f 589 642 641
f 589 641 639
f 686 589 687
f 687 589 620
f 687 620 619
f 603 602 604
f 604 602 706
f 604 706 707
f 614 612 587
f 587 612 637
f 587 637 588
f 588 637 636
f 588 636 642
f 700 585 708
f 708 585 584
f 708 584 709
f 709 584 583
f 709 583 710
f 710 583 582
f 710 582 711
f 590 686 591
f 591 686 712
f 591 712 592
f 592 712 713
f 592 713 593
f 593 713 714
f 593 714 594
f 594 714 715
f 594 715 581
f 581 715 716
f 581 716 582
f 582 716 717
f 582 717 711
f 602 601 706
f 706 601 596
f 706 596 705
f 705 596 587
f 587 596 595
f 587 595 614
f 692 691 718
f 719 720 721
f 721 720 712
f 721 712 722
f 722 712 723
f 723 712 718
f 718 712 686
f 718 686 692
f 713 712 720
f 724 725 708
f 708 709 724
f 724 709 710
f 724 710 726
f 726 710 727
f 727 710 711
f 727 711 728
f 720 729 713
f 713 729 730
f 713 730 714
f 714 730 731
f 714 731 715
f 715 731 732
f 715 732 716
f 716 732 728
f 716 728 717
f 717 728 711
f 733 734 735
f 736 558 737
f 703 702 733
f 738 739 740
f 725 741 739
f 739 741 742
f 739 742 740
f 743 734 700
f 700 734 733
f 700 733 701
f 701 733 702
f 703 744 704
f 704 744 745
f 704 745 705
f 705 745 746
f 705 746 706
f 747 748 749
f 749 748 750
f 749 750 751
f 752 753 747
f 747 753 754
f 747 754 748
f 748 754 755
f 748 755 737
f 737 755 756
f 737 756 736
f 740 757 738
f 738 757 758
f 738 758 747
f 747 758 759
f 747 759 752
f 703 733 744
f 744 733 735
f 744 735 745
f 745 735 760
f 745 760 746
f 707 706 751
f 751 706 746
f 751 746 749
f 749 746 760
f 749 760 747
f 747 760 735
f 747 735 738
f 738 735 734
f 738 734 739
f 739 734 743
f 739 743 725
f 725 743 700
f 725 700 708
f 560 761 762
f 758 757 763
f 764 765 766
f 767 768 551
f 764 766 769
f 758 763 759
f 770 771 772
f 772 771 773
f 770 755 771
f 771 755 754
f 771 754 773
f 773 754 753
f 773 753 772
f 772 753 752
f 772 752 774
f 774 752 759
f 558 736 559
f 559 736 756
f 559 756 560
f 551 555 767
f 767 555 554
f 767 554 775
f 775 554 557
f 765 768 766
f 766 768 767
f 766 767 776
f 776 767 775
f 776 775 762
f 762 775 557
f 762 557 560
f 759 763 774
f 774 763 777
f 774 777 772
f 560 756 761
f 761 756 755
f 761 755 762
f 762 755 770
f 762 770 776
f 776 770 772
f 776 772 766
f 766 772 777
f 766 777 769
f 769 777 763
f 769 763 778
f 778 763 757
f 778 757 740
f 552 551 779
f 779 551 768
f 779 768 780
f 780 768 765
f 780 765 781
f 782 783 784
f 784 783 785
f 784 785 786
f 786 785 781
f 786 781 764
f 764 781 765
f 764 769 786
f 786 769 778
f 786 778 784
f 784 778 740
f 784 740 782
f 782 740 742
f 782 742 783
f 783 742 741
f 787 788 789
f 790 791 792
f 792 791 793
f 792 793 794
f 794 793 795
f 796 797 795
f 795 797 794
f 797 796 798
f 798 796 799
f 800 801 802
f 802 801 803
f 802 803 804
f 805 806 807
f 802 804 808
f 805 809 802
f 802 809 810
f 802 810 800
f 811 812 807
f 807 812 813
f 807 813 805
f 814 815 816
f 816 815 817
f 816 817 811
f 811 817 818
f 811 818 812
f 819 820 821
f 822 823 811
f 811 823 819
f 811 819 816
f 816 819 821
f 816 821 814
f 822 811 824
f 824 811 807
f 824 807 825
f 805 802 806
f 806 802 808
f 806 808 807
f 807 808 826
f 807 826 825
f 827 815 828
f 828 815 814
f 827 829 794
f 812 818 794
f 830 801 798
f 798 801 800
f 818 817 794
f 794 817 815
f 794 815 827
f 800 810 798
f 798 810 809
f 798 809 797
f 797 809 805
f 797 805 794
f 794 805 813
f 794 813 812
f 790 792 831
f 832 833 834
f 834 833 790
f 834 790 835
f 835 790 831
f 829 836 794
f 794 836 837
f 794 837 838
f 838 839 794
f 794 839 840
f 794 840 792
f 792 840 841
f 792 841 831
f 832 834 789
f 789 834 842
f 789 842 787
f 843 787 842
f 843 842 844
f 844 842 845
f 844 845 846
f 846 845 847
f 846 847 848
f 849 850 851
f 851 850 852
f 851 852 847
f 847 852 853
f 847 853 848
f 820 854 821
f 821 854 814
f 827 828 829
f 829 828 836
f 854 855 814
f 814 855 856
f 814 856 828
f 828 856 837
f 828 837 836
f 855 849 856
f 856 849 851
f 856 851 837
f 837 851 838
f 834 835 842
f 842 835 831
f 842 831 845
f 845 831 841
f 845 841 847
f 847 841 840
f 847 840 851
f 851 840 839
f 851 839 838
f 787 843 788
f 788 843 844
f 788 844 846
f 779 780 857
f 857 780 781
f 857 781 858
f 858 781 785
f 788 859 860
f 860 859 783
f 860 783 741
f 852 553 853
f 853 553 552
f 853 552 848
f 848 552 779
f 848 779 846
f 846 779 857
f 846 857 788
f 788 857 858
f 788 858 859
f 859 858 785
f 859 785 783
f 820 549 854
f 854 549 548
f 854 548 855
f 855 548 566
f 855 566 849
f 849 566 561
f 849 561 850
f 850 561 563
f 850 563 852
f 852 563 565
f 852 565 553
f 833 832 789
f 861 862 833
f 524 525 719
f 542 544 789
f 789 544 543
f 789 543 833
f 543 521 833
f 833 521 522
f 833 522 861
f 861 522 863
f 719 525 720
f 788 540 789
f 789 540 541
f 789 541 542
f 524 719 523
f 523 719 864
f 523 864 522
f 522 864 865
f 522 865 863
f 732 533 728
f 728 533 534
f 728 534 727
f 727 534 535
f 727 535 726
f 726 535 536
f 726 536 724
f 536 537 724
f 724 537 538
f 724 538 725
f 725 538 539
f 725 539 741
f 741 539 540
f 741 540 860
f 860 540 788
f 525 526 720
f 720 526 527
f 720 527 729
f 729 527 528
f 729 528 730
f 528 529 730
f 730 529 530
f 730 530 731
f 731 530 531
f 731 531 732
f 732 531 532
f 732 532 533
f 833 862 790
f 790 862 866
f 790 866 791
f 793 791 866
f 476 478 795
f 476 795 867
f 866 868 793
f 793 868 869
f 793 869 795
f 795 869 870
f 795 870 867
f 871 872 873
f 437 439 874
f 868 875 876
f 476 867 477
f 477 867 877
f 477 877 878
f 878 877 879
f 879 877 880
f 879 880 881
f 881 880 882
f 882 880 883
f 882 883 884
f 885 475 474
f 885 474 883
f 883 474 473
f 883 473 884
f 886 471 885
f 885 471 470
f 885 470 475
f 887 453 455
f 431 430 888
f 888 430 432
f 888 432 889
f 889 432 453
f 871 890 891
f 891 890 892
f 891 892 435
f 420 422 893
f 893 422 424
f 893 424 426
f 435 892 426
f 426 892 894
f 426 894 893
f 893 894 895
f 893 895 896
f 897 898 896
f 896 898 899
f 896 899 893
f 893 899 900
f 893 900 420
f 420 900 901
f 420 901 902
f 873 872 903
f 904 905 906
f 906 905 903
f 906 903 907
f 907 903 872
f 871 891 872
f 872 891 908
f 872 908 907
f 907 908 909
f 907 909 906
f 910 911 912
f 912 911 913
f 912 913 914
f 915 916 917
f 917 916 870
f 917 870 869
f 886 885 918
f 918 885 883
f 918 883 919
f 919 883 880
f 919 880 915
f 915 880 877
f 915 877 916
f 916 877 867
f 916 867 870
f 439 431 874
f 874 431 888
f 874 888 910
f 910 888 889
f 457 471 455
f 455 471 886
f 455 886 887
f 887 886 918
f 887 918 920
f 920 918 919
f 920 919 921
f 921 919 915
f 921 915 922
f 922 915 917
f 922 917 876
f 876 917 869
f 876 869 868
f 453 887 889
f 889 887 920
f 889 920 910
f 910 920 921
f 910 921 911
f 911 921 922
f 911 922 913
f 913 922 876
f 913 876 914
f 914 876 875
f 914 875 923
f 435 437 891
f 891 437 874
f 891 874 908
f 908 874 910
f 908 910 909
f 909 910 912
f 909 912 906
f 906 912 914
f 906 914 904
f 904 914 923
f 924 925 926
f 926 925 927
f 421 420 928
f 928 420 902
f 928 902 925
f 925 902 901
f 925 901 927
f 927 901 900
f 929 926 927
f 898 897 930
f 930 931 898
f 898 931 929
f 898 929 899
f 899 929 927
f 899 927 900
f 924 926 929
f 931 930 932
f 924 929 933
f 933 929 931
f 933 931 934
f 934 931 932
f 934 932 935
f 936 937 938
f 938 937 939
f 938 939 940
f 940 941 938
f 938 941 942
f 938 942 943
f 942 944 943
f 943 944 945
f 943 945 946
f 946 945 947
f 946 947 948
f 949 950 951
f 949 951 952
f 952 951 953
f 952 953 954
f 954 953 955
f 954 955 956
f 956 955 957
f 956 957 958
f 958 957 959
f 958 959 960
f 961 962 963
f 963 962 964
f 963 964 965
f 965 964 966
f 965 966 967
f 967 966 968
f 967 968 969
f 970 971 972
f 972 971 973
f 972 973 974
f 974 973 975
f 974 975 976
f 976 975 977
f 970 969 971
f 971 969 968
f 971 968 978
f 978 968 966
f 978 966 979
f 979 966 964
f 979 964 980
f 980 964 962
f 980 962 981
f 982 983 984
f 985 986 987
f 987 982 985
f 985 982 984
f 985 984 988
f 988 984 989
f 988 989 990
f 990 989 991
f 992 993 994
f 994 993 990
f 994 990 995
f 995 990 991
f 996 997 989
f 985 988 998
f 989 984 996
f 996 984 983
f 996 983 999
f 999 983 982
f 999 982 1000
f 1000 982 987
f 1000 987 1001
f 1001 987 986
f 1001 986 1002
f 1002 986 985
f 1002 985 1003
f 1003 985 998
f 1004 998 988
f 991 989 997
f 988 990 1004
f 1004 990 993
f 1004 993 1005
f 1005 993 992
f 1005 992 1006
f 1006 992 994
f 1006 994 1007
f 1007 994 995
f 1007 995 1008
f 1008 995 991
f 1008 991 1009
f 1009 991 997
f 1010 1011 1012
f 1012 1011 975
f 1013 1014 1015
f 1016 1017 1018
f 1019 1020 1021
f 1021 1020 1022
f 1021 1022 1023
f 1023 1022 1024
f 1023 1024 1025
f 1025 1024 1026
f 1024 1027 1026
f 1026 1027 1028
f 1026 1028 1029
f 1029 1028 1030
f 1029 1030 1031
f 1031 1030 1032
f 1031 1032 1033
f 1033 1032 1034
f 1033 1034 1035
f 1035 1034 1036
f 1035 1036 1037
f 1038 1039 1036
f 1036 1039 1040
f 1036 1040 1037
f 1041 1042 1043
f 1043 1042 1044
f 1043 1044 1038
f 1038 1044 1045
f 1038 1045 1039
f 1046 1047 1048
f 1048 1047 1049
f 1048 1049 1050
f 1050 1049 1051
f 1050 1051 1052
f 1053 1054 1055
f 1055 1054 1056
f 1056 1054 1057
f 1057 1054 1058
f 1057 1058 1059
f 1059 1058 1060
f 1060 1058 1061
f 1060 1061 1062
f 1062 1061 1063
f 1062 1063 1064
f 1064 1063 1065
f 1064 1065 1066
f 1065 1067 1066
f 1066 1067 1018
f 1066 1018 1068
f 1068 1018 1017
f 1068 1017 1069
f 1019 1070 1020
f 1020 1070 1071
f 1020 1071 1072
f 1072 1071 1073
f 1072 1073 1010
f 1052 1043 1050
f 1050 1043 1038
f 1050 1038 1048
f 1048 1038 1036
f 1048 1036 1046
f 1046 1036 1034
f 1046 1034 1074
f 1074 1034 1032
f 1074 1032 1075
f 1075 1032 1030
f 1075 1030 1076
f 1076 1030 1028
f 1076 1028 1077
f 1077 1028 1027
f 1077 1027 1078
f 1078 1027 1024
f 1078 1024 1079
f 1079 1024 1022
f 1079 1022 1015
f 1015 1022 1020
f 1015 1020 1013
f 1013 1020 1072
f 1055 1047 1053
f 1053 1047 1046
f 1053 1046 1054
f 1054 1046 1074
f 1054 1074 1058
f 1058 1074 1075
f 1058 1075 1061
f 1061 1075 1076
f 1061 1076 1063
f 1063 1076 1077
f 1063 1077 1065
f 1065 1077 1078
f 1065 1078 1067
f 1067 1078 1079
f 1067 1079 1018
f 1018 1079 1015
f 1018 1015 1016
f 1016 1015 1014
f 1080 1070 1019
f 1080 1019 1081
f 1082 1083 1081
f 1081 1083 1084
f 1081 1084 1080
f 1085 1086 1087
f 1087 1086 1088
f 1089 1090 1091
f 1091 1090 1092
f 1091 1092 1088
f 1088 1092 1093
f 1088 1093 1087
f 1094 1095 1096
f 1096 1095 1097
f 1096 1097 1091
f 1091 1097 1098
f 1091 1098 1089
f 1099 1100 1094
f 1094 1100 1101
f 1094 1101 1095
f 1042 1041 1102
f 1102 1041 1099
f 1102 1099 1103
f 1103 1099 1094
f 1039 1045 1102
f 1102 1045 1044
f 1102 1044 1042
f 1104 1105 1106
f 1106 1105 1107
f 1040 1106 1037
f 1037 1106 1107
f 1037 1107 1035
f 1035 1107 1105
f 1108 1031 1109
f 1109 1031 1033
f 1110 1026 1108
f 1108 1026 1029
f 1108 1029 1031
f 1019 1021 1081
f 1081 1021 1023
f 1081 1023 1110
f 1110 1023 1025
f 1110 1025 1026
f 1111 1082 1112
f 1112 1082 1081
f 1112 1081 1113
f 1113 1081 1110
f 1113 1110 1114
f 1114 1110 1108
f 1114 1108 1104
f 1104 1108 1109
f 1104 1109 1105
f 1105 1109 1033
f 1105 1033 1035
f 1086 1111 1088
f 1088 1111 1112
f 1088 1112 1091
f 1091 1112 1113
f 1091 1113 1096
f 1096 1113 1114
f 1096 1114 1094
f 1094 1114 1104
f 1094 1104 1103
f 1103 1104 1106
f 1103 1106 1102
f 1102 1106 1040
f 1102 1040 1039
f 1082 1111 1115
f 1115 1111 1116
f 1116 1111 1086
f 1116 1086 1085
f 1084 1083 1117
f 1117 1083 1118
f 1084 1117 1080
f 1080 1117 1071
f 1080 1071 1070
f 975 1011 1117
f 1011 1010 1117
f 1117 1010 1073
f 1117 1073 1071
f 1119 1120 1118
f 1118 1120 1121
f 1118 1121 1117
f 1117 1121 1122
f 1117 1122 975
f 1123 1119 1115
f 1115 1119 1118
f 1115 1118 1082
f 1082 1118 1083
f 1085 1124 1116
f 1116 1124 1125
f 1116 1125 1115
f 1115 1125 1126
f 1115 1126 1123
f 1052 1051 1127
f 1004 1089 1098
f 1006 1124 1005
f 1005 1124 1085
f 1005 1085 1087
f 1004 1098 998
f 1002 1128 1129
f 1087 1093 1005
f 1005 1093 1092
f 1005 1092 1004
f 1004 1092 1090
f 1004 1090 1089
f 1007 1130 1006
f 1006 1130 1125
f 1006 1125 1124
f 1131 1132 1000
f 1000 1132 1133
f 1000 1133 999
f 999 1133 1134
f 999 1134 996
f 996 1134 1135
f 996 1135 997
f 997 1135 1136
f 997 1136 1009
f 1009 1136 1137
f 1009 1137 1008
f 1008 1137 1138
f 1008 1138 1007
f 1007 1138 1139
f 1007 1139 1130
f 1002 1129 1001
f 1001 1129 1140
f 1001 1140 1000
f 1000 1140 1141
f 1000 1141 1131
f 1099 1041 1127
f 1127 1041 1043
f 1127 1043 1052
f 1098 1097 998
f 998 1097 1095
f 998 1095 1003
f 1003 1095 1101
f 1003 1101 1100
f 1128 1002 1142
f 1142 1002 1003
f 1142 1003 1127
f 1127 1003 1100
f 1127 1100 1099
f 1143 1144 1145
f 1145 1144 1146
f 1147 1143 1148
f 1148 1143 1145
f 1148 1145 1149
f 1149 1145 1150
f 1149 1150 1151
f 1152 1153 1154
f 1154 1153 1155
f 1146 1156 1145
f 1145 1156 1154
f 1145 1154 1150
f 1150 1154 1155
f 1150 1155 1151
f 1151 1155 1157
f 1154 1156 1158
f 1159 1160 1158
f 1159 1158 1161
f 1161 1158 1156
f 1161 1156 1146
f 1152 1154 1051
f 1051 1154 1158
f 1051 1158 1127
f 1127 1158 1160
f 1127 1160 1142
f 1160 1159 1162
f 1162 1163 1160
f 1160 1163 1128
f 1160 1128 1142
f 1129 1128 1163
f 1140 1129 1164
f 1164 1129 1163
f 1164 1163 1165
f 1165 1163 1162
f 1165 1162 1166
f 1167 1168 1169
f 1169 1168 1170
f 1165 1166 1167
f 1167 1169 1165
f 1165 1169 1171
f 1165 1171 1164
f 1172 1131 1141
f 1170 1173 1169
f 1169 1173 1172
f 1169 1172 1171
f 1171 1172 1141
f 1171 1141 1164
f 1164 1141 1140
f 1173 1170 1174
f 1173 1174 1172
f 1172 1174 1175
f 1172 1175 1131
f 1176 1130 1177
f 1177 1130 1139
f 1177 1139 1178
f 1178 1139 1179
f 1179 1139 1138
f 1179 1138 1180
f 1180 1138 1137
f 1180 1137 1181
f 1181 1137 1182
f 1182 1137 1136
f 1182 1136 1183
f 1184 1185 1135
f 1135 1185 1186
f 1135 1186 1136
f 1136 1186 1187
f 1136 1187 1183
f 1184 1135 1188
f 1188 1135 1134
f 1188 1134 1189
f 1131 1175 1132
f 1132 1175 1190
f 1132 1190 1133
f 1133 1190 1191
f 1133 1191 1134
f 1134 1191 1192
f 1134 1192 1189
f 1125 1130 1176
f 1193 1194 1176
f 1176 1194 977
f 975 1122 977
f 977 1122 1121
f 977 1121 1120
f 1120 1119 977
f 977 1119 1123
f 977 1123 1176
f 1176 1123 1126
f 1176 1126 1125
f 1195 1194 1193
f 1196 1197 1198
f 1196 1198 1193
f 1193 1198 1199
f 1193 1199 1195
f 1200 1197 1196
f 1200 1196 1201
f 1201 1196 1202
f 1202 1196 1203
f 1202 1203 1204
f 1205 1204 1203
f 1206 1207 1203
f 1203 1207 1208
f 1203 1208 1205
f 1209 1208 1207
f 1207 1206 1209
f 1209 1206 1210
f 1209 1210 960
f 957 955 953
f 1209 960 959
f 1211 1212 1208
f 1211 1208 950
f 959 957 1209
f 1209 957 953
f 1209 953 1208
f 1208 953 951
f 1208 951 950
f 1213 1205 1214
f 1214 1205 1208
f 1214 1208 1212
f 1213 1215 1205
f 1198 972 974
f 1205 1215 1204
f 1204 1215 1216
f 1216 1217 1204
f 1204 1217 1218
f 1204 1218 1202
f 1202 1218 961
f 1202 961 1201
f 1201 961 963
f 1201 963 1200
f 963 965 1200
f 1200 965 967
f 1200 967 1197
f 1197 967 969
f 1197 969 1198
f 1198 969 970
f 1198 970 972
f 977 1194 976
f 976 1194 1195
f 976 1195 974
f 974 1195 1199
f 974 1199 1198
f 981 962 961
f 1216 941 1217
f 1217 941 1218
f 1216 1215 941
f 941 1215 1213
f 941 1213 1214
f 1214 1212 941
f 941 1212 1211
f 941 1211 942
f 942 1211 950
f 942 950 1219
f 1219 950 949
f 1218 941 961
f 961 941 940
f 961 940 981
f 944 942 1219
f 1220 948 947
f 947 1221 1220
f 1220 1221 1222
f 1220 1222 1223
f 1223 1222 1224
f 1223 1224 1225
f 1225 1224 1226
f 1225 1226 1227
f 1228 954 1229
f 1229 954 956
f 1229 956 958
f 944 1219 1230
f 1230 1219 949
f 1230 949 1228
f 1228 949 952
f 1228 952 954
f 947 945 1221
f 1221 945 1231
f 1221 1231 1222
f 1222 1231 1232
f 1222 1232 1224
f 1224 1232 1233
f 1224 1233 1226
f 945 944 1231
f 1231 944 1230
f 1231 1230 1232
f 1232 1230 1228
f 1232 1228 1233
f 1233 1228 1229
f 1233 1229 1226
f 1226 1229 958
f 1234 1235 1236
f 1236 1235 1237
f 1236 1237 1238
f 1238 1237 1239
f 1238 1239 1240
f 1240 1239 1241
f 1240 1241 1242
f 1242 1241 1243
f 1242 1243 1244
f 1244 1243 1245
f 1244 1245 1246
f 1247 1248 1249
f 1249 1248 1250
f 1249 1250 1251
f 1250 1252 1251
f 1251 1252 1253
f 1251 1253 1254
f 1254 1253 1255
f 1254 1255 1256
f 1255 1257 1256
f 1256 1257 1258
f 1256 1258 1259
f 1259 1258 1260
f 1259 1260 1261
f 1235 1234 1262
f 1262 1234 1263
f 1262 1263 1260
f 1260 1263 1264
f 1260 1264 1261
f 1265 1266 1267
f 1267 1266 1268
f 1267 1268 1269
f 1269 1268 1270
f 1270 1268 1271
f 1270 1271 1272
f 1272 1271 1273
f 1273 1271 1274
f 1273 1274 1275
f 1275 1274 1276
f 1276 1274 1277
f 1276 1277 1278
f 1279 1277 1280
f 1280 1277 1274
f 1280 1274 1281
f 1281 1274 1271
f 1281 1271 1282
f 1282 1271 1268
f 1282 1268 1283
f 1283 1268 1266
f 1284 1285 1262
f 1286 1287 1285
f 1288 1289 1290
f 1288 1291 1255
f 1255 1253 1288
f 1288 1253 1252
f 1288 1252 1289
f 1289 1252 1250
f 1289 1250 1248
f 1262 1260 1284
f 1284 1260 1258
f 1284 1258 1291
f 1291 1258 1257
f 1291 1257 1255
f 1283 1287 1282
f 1282 1287 1286
f 1282 1286 1281
f 1281 1286 1292
f 1281 1292 1280
f 1280 1292 1293
f 1280 1293 1279
f 1285 1284 1286
f 1286 1284 1291
f 1286 1291 1292
f 1292 1291 1288
f 1292 1288 1293
f 1293 1288 1290
f 1293 1290 1279
f 1294 1243 1241
f 1295 1296 1297
f 1295 1298 1299
f 1295 1299 1296
f 1296 1299 1300
f 1296 1300 1301
f 1302 1303 1304
f 1304 1303 1305
f 1304 1305 1297
f 1297 1305 1306
f 1297 1306 1295
f 1307 1285 1287
f 1308 1309 1310
f 1310 1309 1311
f 1310 1311 1312
f 1262 1285 1235
f 1235 1285 1307
f 1235 1307 1237
f 1237 1307 1313
f 1237 1313 1239
f 1239 1313 1310
f 1239 1310 1241
f 1241 1310 1312
f 1241 1312 1294
f 1283 1302 1287
f 1287 1302 1304
f 1287 1304 1307
f 1307 1304 1297
f 1307 1297 1313
f 1313 1297 1296
f 1313 1296 1310
f 1310 1296 1301
f 1310 1301 1308
f 1314 1300 1315
f 1315 1309 1308
f 1315 1308 1314
f 1314 1308 1301
f 1314 1301 1300
f 1243 1294 1245
f 1245 1294 1312
f 1245 1312 1315
f 1315 1312 1311
f 1315 1311 1309
f 1315 1300 1316
f 1317 1315 1318
f 1318 1315 1316
f 1318 1316 1319
f 1319 1316 1300
f 1320 1245 1321
f 1321 1245 1315
f 1321 1315 1322
f 1322 1315 1317
f 1323 1324 1325
f 1325 1324 1326
f 1325 1326 1327
f 1327 1326 1328
f 1327 1328 1329
f 1329 1328 1330
f 1329 1330 1320
f 1246 1245 1331
f 1331 1245 1320
f 1331 1320 1332
f 1332 1320 1330
f 1326 1324 1333
f 1326 1333 1328
f 1334 1335 1336
f 1336 1335 1337
f 1336 1337 1338
f 1338 1337 1339
f 1338 1339 1333
f 1333 1339 1340
f 1333 1340 1328
f 1330 1328 1340
f 1337 1335 1341
f 1332 1330 1342
f 1342 1330 1340
f 1342 1340 1343
f 1343 1340 1339
f 1343 1339 1344
f 1344 1339 1337
f 1344 1337 1345
f 1345 1337 1341
f 1345 1341 1346
f 1347 1348 1349
f 1349 1348 1350
f 1349 1350 1351
f 1351 1350 1352
f 1352 1353 1351
f 1351 1353 1354
f 1351 1354 1355
f 1355 1354 1356
f 1357 1349 1358
f 1358 1349 1351
f 1346 1359 1355
f 1355 1359 1360
f 1355 1360 1351
f 1351 1360 1361
f 1351 1361 1358
f 1246 1331 1362
f 1246 1362 1363
f 1363 1362 1364
f 1363 1364 1365
f 1365 1364 1366
f 1365 1366 1367
f 1367 1366 1368
f 1368 1366 1369
f 1368 1369 1355
f 1331 1332 1362
f 1362 1332 1342
f 1362 1342 1364
f 1364 1342 1343
f 1364 1343 1366
f 1366 1343 1344
f 1366 1344 1369
f 1369 1344 1345
f 1369 1345 1355
f 1355 1345 1346
f 1368 1370 1371
f 1370 1368 1355
f 1244 1246 1372
f 1372 1246 1363
f 1372 1363 1373
f 1373 1363 1365
f 1373 1365 1371
f 1371 1365 1367
f 1371 1367 1368
f 1355 1356 1374
f 1355 1374 1370
f 1370 1374 1375
f 1370 1375 1371
f 1242 1244 1376
f 1376 1244 1372
f 1376 1372 1377
f 1377 1372 1373
f 1377 1373 1378
f 1378 1373 1371
f 1378 1371 1379
f 1379 1371 1375
f 1240 1242 1376
f 1374 1356 1380
f 1374 1380 1381
f 1381 1380 1382
f 1381 1382 1383
f 1384 1238 1240
f 1240 1376 1384
f 1384 1376 1377
f 1384 1377 1385
f 1377 1378 1385
f 1385 1378 1379
f 1385 1379 1381
f 1381 1379 1375
f 1381 1375 1374
f 1236 1238 1384
f 1234 1236 1386
f 1386 1236 1384
f 1386 1384 1387
f 1387 1384 1385
f 1387 1385 1388
f 1388 1385 1381
f 1388 1381 1389
f 1389 1381 1383
f 1390 1391 1392
f 1393 1394 1395
f 1395 1394 1396
f 1394 1397 1396
f 1396 1397 1398
f 1396 1398 1399
f 1399 1398 1388
f 1399 1388 1389
f 1261 1264 1400
f 1400 1264 1263
f 1400 1263 1401
f 1401 1263 1234
f 1401 1234 1386
f 1402 1259 1261
f 1259 1403 1256
f 1256 1403 1404
f 1256 1404 1254
f 1405 1406 1404
f 1404 1406 1251
f 1404 1251 1254
f 1391 1390 1407
f 1407 1390 1408
f 1407 1408 1409
f 1409 1408 1410
f 1409 1410 1411
f 1411 1410 1412
f 1411 1412 1413
f 1387 1388 1414
f 1414 1388 1398
f 1414 1398 1415
f 1415 1398 1397
f 1415 1397 1416
f 1416 1397 1394
f 1416 1394 1417
f 1417 1394 1393
f 1261 1400 1402
f 1402 1400 1418
f 1402 1418 1419
f 1419 1418 1420
f 1419 1420 1421
f 1247 1249 1422
f 1422 1249 1423
f 1422 1423 1424
f 1424 1423 1425
f 1424 1425 1426
f 1426 1425 1427
f 1426 1427 1428
f 1428 1427 1429
f 1428 1429 1430
f 1430 1429 1431
f 1430 1431 1432
f 1432 1431 1433
f 1432 1433 1434
f 1434 1433 1435
f 1259 1402 1403
f 1403 1402 1419
f 1403 1419 1404
f 1404 1419 1421
f 1404 1421 1405
f 1434 1412 1432
f 1432 1412 1410
f 1432 1410 1430
f 1430 1410 1408
f 1430 1408 1428
f 1428 1408 1390
f 1428 1390 1426
f 1426 1390 1392
f 1426 1392 1424
f 1386 1387 1401
f 1401 1387 1414
f 1401 1414 1400
f 1400 1414 1415
f 1400 1415 1418
f 1418 1415 1416
f 1418 1416 1420
f 1420 1416 1417
f 1249 1251 1423
f 1423 1251 1406
f 1423 1406 1425
f 1425 1406 1405
f 1425 1405 1427
f 1427 1405 1421
f 1427 1421 1429
f 1429 1421 1420
f 1429 1420 1431
f 1431 1420 1417
f 1431 1417 1433
f 1433 1417 1393
f 1433 1393 1435
f 1435 1393 1395
f 1436 1437 1438
f 1439 1440 1441
f 1247 1422 1442
f 1442 1422 1443
f 1227 1444 1445
f 1445 1444 1446
f 1447 1439 1448
f 1448 1439 1441
f 1448 1441 1449
f 1449 1441 1450
f 1449 1450 1451
f 1451 1450 1452
f 1451 1452 1453
f 1453 1452 1454
f 1453 1454 1455
f 1455 1454 1456
f 1455 1456 1446
f 1446 1456 1457
f 1446 1457 1445
f 1436 1438 1413
f 1422 1424 1443
f 1443 1424 1392
f 1443 1392 1458
f 1458 1392 1391
f 1458 1391 1459
f 1459 1391 1407
f 1459 1407 1460
f 1460 1407 1409
f 1460 1409 1438
f 1438 1409 1411
f 1438 1411 1413
f 1444 1461 1446
f 1446 1461 1462
f 1446 1462 1455
f 1455 1462 1463
f 1455 1463 1453
f 1453 1463 1464
f 1453 1464 1451
f 1451 1464 1465
f 1451 1465 1449
f 1449 1465 1466
f 1449 1466 1448
f 1448 1466 1467
f 1448 1467 1447
f 1447 1467 1468
f 1461 1442 1462
f 1462 1442 1443
f 1462 1443 1463
f 1463 1443 1458
f 1463 1458 1464
f 1464 1458 1459
f 1464 1459 1465
f 1465 1459 1460
f 1465 1460 1466
f 1466 1460 1438
f 1466 1438 1467
f 1467 1438 1437
f 1467 1437 1468
f 948 1469 1470
f 1471 1469 948
f 1472 1473 1474
f 1474 1473 1475
f 1474 1475 948
f 1471 1452 1469
f 1469 1452 1450
f 1469 1450 1470
f 1470 1450 1441
f 1456 1454 1476
f 1476 1454 1452
f 1476 1452 1477
f 1477 1452 1471
f 1477 1471 948
f 1227 1445 1225
f 1225 1445 1457
f 1225 1457 1223
f 1457 1456 1223
f 1223 1456 1476
f 1223 1476 1220
f 1220 1476 1477
f 1220 1477 948
f 1440 1472 1441
f 1441 1472 1474
f 1441 1474 1470
f 1470 1474 948
f 1472 1478 1479
f 1480 1481 1482
f 1483 1484 1485
f 1486 936 938
f 1486 938 1487
f 1487 938 1488
f 1487 1488 1489
f 1489 1488 1490
f 1489 1490 1491
f 1491 1490 1492
f 1491 1492 1485
f 1485 1492 1493
f 1485 1493 1483
f 1480 1482 1494
f 1472 1479 1473
f 1473 1479 1495
f 1473 1495 1475
f 1475 1495 946
f 1475 946 948
f 938 943 1488
f 1488 943 1496
f 1488 1496 1490
f 1490 1496 1497
f 1490 1497 1492
f 1492 1497 1482
f 1492 1482 1493
f 1493 1482 1481
f 943 946 1496
f 1496 946 1495
f 1496 1495 1497
f 1497 1495 1479
f 1497 1479 1482
f 1482 1479 1478
f 1482 1478 1494
f 1494 1478 1472
f 1494 1472 1440
f 1484 1498 1485
f 1485 1498 1499
f 1485 1499 1500
f 1501 1489 1500
f 1500 1489 1491
f 1500 1491 1485
f 937 981 939
f 939 981 940
f 937 936 981
f 981 936 1486
f 981 1486 1501
f 1501 1486 1487
f 1501 1487 1489
f 1502 1069 1017
f 971 1503 1504
f 1503 971 1505
f 1506 1500 1499
f 1507 1501 1500
f 981 1501 980
f 980 1501 1507
f 980 1507 979
f 979 1507 1505
f 979 1505 978
f 978 1505 971
f 1010 1012 1072
f 1072 1012 975
f 1072 975 1504
f 1504 975 973
f 1504 973 971
f 1498 1508 1509
f 1509 1508 1510
f 1509 1510 1511
f 1511 1510 1512
f 1512 1510 1513
f 1512 1513 1514
f 1508 1515 1510
f 1510 1515 1516
f 1510 1516 1513
f 1513 1516 1517
f 1513 1517 1514
f 1514 1517 1518
f 1516 1502 1517
f 1517 1502 1017
f 1517 1017 1518
f 1518 1017 1016
f 1518 1016 1014
f 1498 1509 1499
f 1499 1509 1511
f 1499 1511 1506
f 1506 1511 1512
f 1506 1512 1519
f 1519 1512 1514
f 1519 1514 1520
f 1520 1514 1518
f 1520 1518 1521
f 1521 1518 1014
f 1521 1014 1013
f 1500 1506 1507
f 1507 1506 1519
f 1507 1519 1505
f 1505 1519 1520
f 1505 1520 1503
f 1503 1520 1521
f 1503 1521 1504
f 1504 1521 1013
f 1504 1013 1072
f 1522 1523 1524
f 1525 1526 1527
f 1528 1529 1530
f 1531 1532 1533
f 308 306 1534
f 304 302 1535
f 393 395 1536
f 1440 1537 1538
f 1447 1539 1540
f 1434 1435 1541
f 1541 1435 1395
f 1352 1350 1542
f 1543 1544 1545
f 605 604 707
f 1546 1547 1548
f 451 452 456
f 429 441 1549
f 1149 1151 1550
f 1155 1049 1047
f 1055 1056 1551
f 1498 1484 1552
f 1059 1060 1522
f 1522 1060 1062
f 1522 1062 1523
f 1523 1062 1064
f 1523 1064 1066
f 1055 1551 1047
f 1155 1153 1049
f 1049 1153 1152
f 1049 1152 1051
f 1553 1554 1148
f 1148 1554 1147
f 1555 934 935
f 1556 925 1557
f 1557 925 924
f 1557 924 933
f 1549 441 1558
f 1558 441 440
f 1558 440 438
f 425 1527 427
f 427 1527 1526
f 427 1526 428
f 428 1526 436
f 454 434 1549
f 1549 434 433
f 1549 433 429
f 1549 1559 454
f 454 1559 1560
f 454 1560 456
f 456 1560 450
f 456 450 451
f 1546 1548 1561
f 1562 1563 545
f 545 1563 562
f 545 562 546
f 1563 1564 562
f 562 1564 1565
f 562 1565 564
f 564 1565 1566
f 564 1566 556
f 556 1566 1567
f 556 1567 558
f 607 606 1568
f 607 1568 1569
f 1569 1568 1570
f 1569 1570 1571
f 558 1567 737
f 737 1567 1572
f 737 1572 748
f 748 1572 1573
f 748 1573 750
f 750 1573 1574
f 750 1574 751
f 751 1574 1568
f 751 1568 707
f 707 1568 606
f 707 606 605
f 1544 1543 1570
f 1570 1543 1575
f 1570 1575 1571
f 1576 1577 1545
f 1545 1577 1578
f 1545 1578 1543
f 1545 1579 1576
f 1576 1579 1580
f 1576 1580 1581
f 1581 1580 1582
f 1581 1582 1583
f 1584 1585 1586
f 1586 1585 1583
f 1586 1583 1587
f 1587 1583 1582
f 1588 1589 1584
f 1584 1589 1590
f 1584 1590 1585
f 1588 1591 1589
f 1589 1591 1592
f 1589 1592 1593
f 1593 1592 1594
f 1593 1594 1595
f 1595 1594 1596
f 1595 1596 1597
f 1598 1599 1596
f 1596 1599 1600
f 1596 1600 1597
f 1601 1602 1603
f 1603 1604 1601
f 1601 1604 1605
f 1601 1605 1598
f 1598 1605 1606
f 1598 1606 1599
f 1607 1608 1609
f 1609 1608 1610
f 1609 1610 1602
f 1602 1610 1611
f 1602 1611 1603
f 1609 1612 1607
f 1607 1612 1613
f 1607 1613 1614
f 1614 1613 1615
f 1614 1615 1616
f 1617 1618 1615
f 1615 1618 1619
f 1615 1619 1616
f 1620 1618 1347
f 1347 1618 1617
f 1347 1617 1348
f 1352 1542 1353
f 1621 1380 1622
f 1622 1380 1356
f 1622 1356 1354
f 1623 1396 1624
f 1624 1396 1399
f 1624 1399 1625
f 1625 1399 1389
f 1625 1389 1626
f 1626 1389 1383
f 1626 1383 1621
f 1621 1383 1382
f 1621 1382 1380
f 1434 1541 1412
f 1412 1541 1627
f 1412 1627 1413
f 1468 1437 1628
f 1628 1437 1436
f 1628 1436 1629
f 1447 1540 1439
f 1630 1480 1538
f 1538 1480 1494
f 1538 1494 1440
f 1484 1483 1552
f 1552 1483 1493
f 1552 1493 1630
f 1630 1493 1481
f 1630 1481 1480
f 1536 395 1631
f 1632 390 1536
f 1536 390 391
f 1536 391 393
f 1633 374 376
f 378 380 1634
f 1634 380 382
f 382 384 1634
f 1634 384 386
f 1634 386 1632
f 1632 386 388
f 1632 388 390
f 368 366 1635
f 1635 366 371
f 1635 371 373
f 358 360 1636
f 1636 360 362
f 1636 362 1635
f 1635 362 364
f 1635 364 368
f 353 357 1637
f 340 338 1638
f 1638 338 336
f 1638 336 334
f 334 332 1638
f 1638 332 330
f 1638 330 328
f 326 324 1637
f 324 356 1637
f 1637 356 355
f 1637 355 353
f 317 350 1630
f 350 349 1630
f 1630 349 322
f 1630 322 347
f 342 1552 343
f 343 1552 1630
f 343 1630 345
f 345 1630 347
f 300 316 1639
f 1639 316 314
f 1639 314 313
f 304 1535 306
f 308 1534 310
f 310 1534 1640
f 310 1640 311
f 1436 1413 1629
f 1629 1413 1627
f 1629 1627 1628
f 1628 1627 1641
f 1628 1641 1642
f 1642 1641 1643
f 1642 1643 1644
f 1644 1643 1645
f 1644 1645 1535
f 1535 1645 1646
f 1535 1646 306
f 306 1646 1647
f 306 1647 1534
f 302 300 1535
f 1535 300 1639
f 1535 1639 1644
f 1644 1639 1648
f 1644 1648 1642
f 1642 1648 1540
f 1642 1540 1628
f 1628 1540 1539
f 1628 1539 1468
f 1468 1539 1447
f 313 317 1639
f 1639 317 1630
f 1639 1630 1648
f 1648 1630 1538
f 1648 1538 1540
f 1540 1538 1537
f 1540 1537 1439
f 1439 1537 1440
f 1649 1533 1650
f 1650 1533 1532
f 1650 1532 1651
f 357 358 1637
f 1637 358 1636
f 1637 1636 1652
f 1652 1636 1635
f 1652 1635 1653
f 438 436 1558
f 1558 436 1526
f 1558 1526 1654
f 1654 1526 1525
f 1654 1525 1655
f 1655 1525 1656
f 1656 1525 1657
f 1657 1525 1527
f 1657 1527 1557
f 1557 1527 425
f 1557 425 1556
f 1556 425 423
f 1556 423 925
f 925 423 421
f 925 421 928
f 1658 1531 1659
f 1659 1531 1533
f 1659 1533 1660
f 1660 1533 1649
f 1660 1649 1661
f 1661 1649 1662
f 1661 1662 1663
f 1664 1665 1666
f 1666 1665 1667
f 1666 1667 1668
f 1668 1667 1653
f 1668 1653 1669
f 1669 1653 1635
f 1669 1635 1633
f 1633 1635 373
f 1633 373 374
f 1670 1671 1672
f 1672 1671 1673
f 328 326 1638
f 1638 326 1637
f 1638 1637 1674
f 1674 1637 1652
f 1674 1652 1673
f 1673 1652 1653
f 1673 1653 1672
f 1672 1653 1667
f 1672 1667 1670
f 1670 1667 1665
f 1675 1524 1676
f 1676 1524 1523
f 1676 1523 1677
f 1677 1523 1066
f 1677 1066 1068
f 1056 1057 1551
f 1551 1057 1678
f 1551 1678 1679
f 1679 1678 1680
f 1679 1680 1681
f 1681 1680 1682
f 1681 1682 1529
f 1151 1157 1550
f 1550 1157 1683
f 1550 1683 1684
f 1684 1683 1685
f 1684 1685 1686
f 1686 1685 1687
f 1686 1687 1688
f 1688 1687 1528
f 1688 1528 1689
f 1689 1528 1530
f 1689 1530 1690
f 1529 1528 1681
f 1681 1528 1687
f 1681 1687 1679
f 1679 1687 1685
f 1679 1685 1551
f 1551 1685 1683
f 1551 1683 1047
f 1047 1683 1157
f 1047 1157 1155
f 1691 1692 1693
f 1693 1692 1694
f 1693 1694 1695
f 1695 1694 1696
f 1695 1696 1697
f 1697 1696 1698
f 1697 1698 1699
f 1699 1698 1555
f 1699 1555 1553
f 1553 1555 935
f 1553 935 1554
f 1690 1691 1689
f 1689 1691 1693
f 1689 1693 1688
f 1688 1693 1695
f 1688 1695 1686
f 1686 1695 1697
f 1686 1697 1684
f 1684 1697 1699
f 1684 1699 1550
f 1550 1699 1553
f 1550 1553 1149
f 1149 1553 1148
f 1700 1701 1702
f 1702 1701 1703
f 1702 1703 1704
f 1704 1703 1705
f 1704 1705 1706
f 1706 1705 1707
f 1708 1651 1709
f 1709 1651 1532
f 1709 1532 1710
f 1710 1532 1531
f 1710 1531 1711
f 1711 1531 1658
f 1706 1712 1704
f 1704 1712 1713
f 1704 1713 1702
f 1702 1713 1714
f 1702 1714 1700
f 1700 1714 1715
f 1700 1715 1634
f 1634 1715 1633
f 1634 1633 378
f 378 1633 376
f 1663 1664 1661
f 1661 1664 1666
f 1661 1666 1660
f 1660 1666 1668
f 1660 1668 1659
f 1659 1668 1669
f 1659 1669 1658
f 1658 1669 1633
f 1658 1633 1711
f 1711 1633 1715
f 1711 1715 1710
f 1710 1715 1714
f 1710 1714 1709
f 1709 1714 1713
f 1709 1713 1708
f 1708 1713 1712
f 1716 1717 1718
f 1718 1717 1719
f 1718 1719 1720
f 1720 1719 1721
f 1720 1721 1722
f 1722 1721 1723
f 1722 1723 1724
f 1724 1723 1725
f 1724 1725 1726
f 1726 1725 1727
f 1726 1727 1728
f 1728 1727 1729
f 1728 1729 1730
f 1730 1729 1548
f 1730 1548 1731
f 1731 1548 1547
f 1731 443 1730
f 1730 443 1732
f 1730 1732 1728
f 1728 1732 1733
f 1728 1733 1726
f 1726 1733 1734
f 1726 1734 1724
f 1724 1734 1735
f 1724 1735 1722
f 1722 1735 1736
f 1722 1736 1720
f 1720 1736 1737
f 1720 1737 1718
f 1718 1737 1738
f 1718 1738 1716
f 1716 1738 1739
f 1740 1739 1741
f 1741 1739 1738
f 1741 1738 1742
f 1742 1738 1737
f 1742 1737 1743
f 1743 1737 1736
f 1743 1736 1744
f 1744 1736 1735
f 1744 1735 1745
f 1745 1735 1734
f 1745 1734 1746
f 1746 1734 1733
f 1746 1733 1747
f 1747 1733 1732
f 1747 1732 449
f 449 1732 443
f 449 450 1747
f 1747 450 1560
f 1747 1560 1746
f 1746 1560 1559
f 1746 1559 1745
f 1745 1559 1549
f 1745 1549 1744
f 1744 1549 1558
f 1744 1558 1743
f 1743 1558 1654
f 1743 1654 1742
f 1742 1654 1655
f 1742 1655 1741
f 1057 1059 1678
f 1678 1059 1522
f 1678 1522 1680
f 1680 1522 1524
f 1680 1524 1682
f 1682 1524 1675
f 1682 1675 1529
f 1529 1675 1748
f 1529 1748 1530
f 1530 1748 1749
f 1530 1749 1690
f 1690 1749 1740
f 1690 1740 1691
f 1691 1740 1741
f 1691 1741 1692
f 1692 1741 1655
f 1692 1655 1694
f 1694 1655 1656
f 1694 1656 1696
f 1696 1656 1657
f 1696 1657 1698
f 1698 1657 1557
f 1698 1557 1555
f 1555 1557 933
f 1555 933 934
f 342 340 1552
f 1552 340 1638
f 1552 1638 1498
f 1498 1638 1674
f 1498 1674 1508
f 1508 1674 1673
f 1508 1673 1515
f 1515 1673 1671
f 1515 1671 1516
f 1516 1671 1670
f 1516 1670 1502
f 1502 1670 1665
f 1502 1665 1069
f 1069 1665 1664
f 1069 1664 1068
f 1068 1664 1663
f 1068 1663 1677
f 1677 1663 1662
f 1677 1662 1676
f 1676 1662 1649
f 1676 1649 1675
f 1675 1649 1650
f 1675 1650 1748
f 1748 1650 1651
f 1748 1651 1749
f 1749 1651 1708
f 1749 1708 1740
f 1740 1708 1712
f 1740 1712 1739
f 1739 1712 1706
f 1739 1706 1716
f 1716 1706 1707
f 1716 1707 1717
f 1354 1353 1622
f 1622 1353 1542
f 1622 1542 1621
f 1621 1542 1750
f 1621 1750 1626
f 1626 1750 1751
f 1626 1751 1625
f 1625 1751 1752
f 1625 1752 1624
f 1624 1752 1753
f 1624 1753 1623
f 1623 1753 1754
f 1623 1754 1755
f 1755 1754 1756
f 1755 1756 1757
f 1757 1756 1758
f 1757 1758 1759
f 1759 1758 1760
f 1759 1760 1761
f 1761 1760 1762
f 1761 1762 1763
f 1763 1762 1764
f 1763 1764 1765
f 1765 1764 1766
f 1765 1766 1767
f 1767 1766 1768
f 1767 1768 1769
f 1769 1768 1770
f 1769 1770 1631
f 1631 1770 1771
f 1631 1771 1536
f 1536 1771 1772
f 1536 1772 1632
f 1632 1772 1773
f 1632 1773 1634
f 1634 1773 1774
f 1634 1774 1700
f 1700 1774 1775
f 1700 1775 1701
f 395 311 1631
f 1631 311 1640
f 1631 1640 1769
f 1769 1640 1534
f 1769 1534 1767
f 1767 1534 1647
f 1767 1647 1765
f 1765 1647 1646
f 1765 1646 1763
f 1763 1646 1645
f 1763 1645 1761
f 1761 1645 1643
f 1761 1643 1759
f 1759 1643 1641
f 1759 1641 1757
f 1757 1641 1627
f 1757 1627 1755
f 1755 1627 1541
f 1755 1541 1623
f 1623 1541 1395
f 1623 1395 1396
f 1562 1561 1563
f 1563 1561 1548
f 1563 1548 1564
f 1564 1548 1729
f 1564 1729 1565
f 1565 1729 1727
f 1565 1727 1566
f 1566 1727 1725
f 1566 1725 1567
f 1567 1725 1723
f 1567 1723 1572
f 1572 1723 1721
f 1572 1721 1573
f 1573 1721 1719
f 1573 1719 1574
f 1574 1719 1717
f 1574 1717 1568
f 1568 1717 1707
f 1568 1707 1570
f 1570 1707 1705
f 1570 1705 1544
f 1544 1705 1703
f 1544 1703 1545
f 1545 1703 1701
f 1545 1701 1579
f 1579 1701 1775
f 1579 1775 1580
f 1580 1775 1774
f 1580 1774 1582
f 1582 1774 1773
f 1582 1773 1587
f 1587 1773 1772
f 1587 1772 1586
f 1586 1772 1771
f 1586 1771 1584
f 1584 1771 1770
f 1584 1770 1588
f 1588 1770 1768
f 1588 1768 1591
f 1591 1768 1766
f 1591 1766 1592
f 1592 1766 1764
f 1592 1764 1594
f 1594 1764 1762
f 1594 1762 1596
f 1596 1762 1760
f 1596 1760 1598
f 1598 1760 1758
f 1598 1758 1601
f 1601 1758 1756
f 1601 1756 1602
f 1602 1756 1754
f 1602 1754 1609
f 1609 1754 1753
f 1609 1753 1612
f 1612 1753 1752
f 1612 1752 1613
f 1613 1752 1751
f 1613 1751 1615
f 1615 1751 1750
f 1615 1750 1617
f 1617 1750 1542
f 1617 1542 1348
f 1348 1542 1350
f 1571 1575 1776
f 1777 1606 1605
f 1778 1779 1780
f 599 1776 600
f 600 1776 1781
f 1779 1778 1776
f 1776 1778 1782
f 1776 1782 1781
f 1783 1784 1780
f 1780 1784 1785
f 1780 1785 1778
f 1786 1787 1788
f 1788 1787 1789
f 1788 1789 1790
f 1790 1789 1791
f 1789 1792 1791
f 1791 1792 1793
f 1791 1793 1794
f 1794 1793 1795
f 1795 1793 1796
f 1795 1796 1797
f 1798 1799 1595
f 1800 1593 1801
f 1801 1593 1595
f 1801 1595 1802
f 1802 1595 1799
f 1803 1600 1777
f 1777 1600 1599
f 1777 1599 1606
f 1595 1597 1798
f 1798 1597 1600
f 1798 1600 1804
f 1804 1600 1803
f 1805 1806 1605
f 1605 1806 1807
f 1605 1807 1777
f 1605 1604 1805
f 1805 1604 1603
f 1805 1603 1808
f 1808 1603 1611
f 1808 1611 1809
f 1809 1611 1610
f 1809 1610 1810
f 1810 1610 1608
f 1810 1608 1811
f 1811 1608 1607
f 1811 1607 1812
f 1812 1607 1614
f 1812 1614 1813
f 1813 1614 1616
f 1813 1616 1814
f 1815 1816 1817
f 1616 1619 1814
f 1814 1619 1618
f 1814 1618 1817
f 1817 1618 1620
f 1817 1620 1815
f 1787 1585 1789
f 1789 1585 1590
f 1789 1590 1792
f 1792 1590 1589
f 1792 1589 1793
f 1793 1589 1593
f 1793 1593 1796
f 1796 1593 1800
f 1796 1800 1797
f 1576 1581 1787
f 1787 1581 1583
f 1787 1583 1585
f 1578 1577 1779
f 1779 1577 1576
f 1779 1576 1780
f 1780 1576 1787
f 1780 1787 1783
f 1783 1787 1786
f 1776 1575 1779
f 1779 1575 1543
f 1779 1543 1578
f 1571 1776 1569
f 1569 1776 599
f 1569 599 607
f 1818 1819 1820
f 1821 1822 1823
f 1823 1822 1824
f 1823 1824 1825
f 1825 1824 1826
f 1825 1826 1827
f 1827 1826 1828
f 1827 1828 1829
f 1829 1828 1830
f 1829 1830 1831
f 1831 1830 1832
f 1831 1832 1833
f 1833 1832 1834
f 1834 1832 1835
f 1834 1835 1836
f 1836 1835 1837
f 1837 1835 1838
f 1837 1838 1839
f 1840 1841 1839
f 1838 1842 1843
f 1839 1838 1840
f 1840 1838 1843
f 1840 1843 1844
f 1842 1838 1845
f 1845 1838 1835
f 1845 1835 1846
f 1846 1835 1832
f 1846 1832 1847
f 1847 1832 1830
f 1847 1830 1848
f 1848 1830 1849
f 1849 1830 1828
f 1849 1828 1850
f 1850 1828 1851
f 1851 1828 1826
f 1851 1826 1852
f 1852 1826 1853
f 1853 1826 1824
f 1853 1824 1854
f 1854 1824 1855
f 1855 1824 1822
f 1855 1822 1819
f 1819 1822 1821
f 1819 1821 1820
f 1820 1856 1818
f 1818 1856 1857
f 1818 1857 1858
f 1857 1859 1858
f 1858 1859 1860
f 1858 1860 1861
f 1861 1860 1862
f 1861 1862 1863
f 1863 1862 1864
f 1863 1864 1865
f 1866 1867 1868
f 1868 1867 1865
f 1868 1865 1869
f 1869 1865 1864
f 1866 1870 1867
f 1867 1870 1871
f 1867 1871 1872
f 1871 1873 1872
f 1872 1873 1874
f 1872 1874 1875
f 1875 1874 1876
f 1875 1876 1877
f 1877 1876 1878
f 1877 1878 1879
f 1879 1878 1880
f 1879 1880 1881
f 1881 1880 1882
f 1882 1816 1881
f 1881 1816 1815
f 1881 1815 1883
f 1883 1815 1620
f 1840 1884 1841
f 1841 1884 1885
f 1886 1887 1884
f 1884 1887 1888
f 1884 1888 1889
f 1890 1885 1891
f 1891 1885 1884
f 1891 1884 1892
f 1892 1884 1889
f 1886 1884 1893
f 1893 1884 1840
f 1893 1840 1844
f 1894 1895 1896
f 1897 1841 1885
f 1898 1899 1900
f 1901 1902 1903
f 1901 1904 1905
f 1901 1905 1902
f 1906 1907 1900
f 1900 1907 1908
f 1900 1908 1909
f 1910 1911 1912
f 1906 1900 1912
f 1912 1900 1899
f 1912 1899 1910
f 1898 1913 1914
f 1914 1913 1915
f 1914 1915 1916
f 1916 1915 1917
f 1916 1917 1918
f 1918 1917 1919
f 1918 1919 1920
f 1920 1919 1921
f 1920 1921 1922
f 1922 1921 1885
f 1922 1885 1890
f 1923 1895 1924
f 1924 1895 1894
f 1924 1894 1925
f 1903 1926 1901
f 1901 1926 1927
f 1901 1927 1928
f 1928 1927 1929
f 1928 1929 1930
f 1930 1929 1931
f 1930 1931 1932
f 1932 1931 1933
f 1907 1904 1908
f 1908 1904 1901
f 1908 1901 1909
f 1909 1901 1928
f 1909 1928 1934
f 1934 1928 1930
f 1934 1930 1896
f 1896 1930 1932
f 1896 1932 1894
f 1894 1932 1933
f 1894 1933 1925
f 1898 1900 1913
f 1913 1900 1909
f 1913 1909 1915
f 1915 1909 1934
f 1915 1934 1917
f 1917 1934 1896
f 1917 1896 1919
f 1919 1896 1895
f 1919 1895 1921
f 1921 1895 1923
f 1921 1923 1885
f 1885 1923 1924
f 1885 1924 1897
f 1935 1936 1937
f 1938 1939 1940
f 1939 1938 1941
f 1942 1943 1944
f 1944 1943 1945
f 1946 1945 1947
f 1947 1945 1943
f 1947 1943 1937
f 1937 1943 1948
f 1937 1948 1935
f 1935 1948 1949
f 1935 1949 1936
f 1936 1949 1950
f 1951 1952 1953
f 1953 1952 1954
f 1912 1911 1951
f 1951 1953 1912
f 1912 1953 1954
f 1912 1954 1906
f 1906 1954 1955
f 1906 1955 1907
f 1956 1904 1955
f 1955 1904 1907
f 1957 1903 1958
f 1958 1903 1902
f 1958 1902 1956
f 1956 1902 1905
f 1956 1905 1904
f 1944 1938 1942
f 1942 1938 1940
f 1942 1940 1943
f 1943 1940 1959
f 1943 1959 1948
f 1948 1959 1960
f 1948 1960 1949
f 1949 1960 1961
f 1949 1961 1950
f 1950 1961 1962
f 1957 1958 1963
f 1963 1958 1956
f 1963 1956 1964
f 1964 1956 1955
f 1964 1955 1965
f 1965 1955 1954
f 1965 1954 1966
f 1952 1962 1954
f 1954 1962 1961
f 1954 1961 1966
f 1966 1961 1960
f 1966 1960 1965
f 1965 1960 1959
f 1965 1959 1964
f 1964 1959 1940
f 1964 1940 1963
f 1963 1940 1939
f 1963 1939 1957
f 1957 1939 1941
f 1967 1968 1969
f 1969 1968 1970
f 1969 1970 1971
f 1972 1973 1974
f 1975 1976 1977
f 1837 1839 1978
f 1968 1967 1979
f 1980 1981 1979
f 1981 1971 1979
f 1979 1971 1970
f 1979 1970 1968
f 1957 1941 1982
f 1982 1941 1983
f 1982 1983 1984
f 1984 1983 1985
f 1984 1985 1986
f 1986 1985 1987
f 1986 1987 1988
f 1957 1982 1903
f 1903 1982 1989
f 1903 1989 1926
f 1990 1927 1926
f 1929 1991 1931
f 1931 1991 1978
f 1931 1978 1933
f 1841 1897 1839
f 1839 1897 1924
f 1839 1924 1978
f 1978 1924 1925
f 1978 1925 1933
f 1992 1836 1837
f 1836 1993 1834
f 1834 1993 1994
f 1834 1994 1833
f 1833 1994 1995
f 1833 1995 1831
f 1831 1995 1996
f 1831 1996 1829
f 1829 1996 1977
f 1829 1977 1827
f 1827 1977 1976
f 1827 1976 1825
f 1997 1980 1998
f 1998 1980 1979
f 1998 1979 1999
f 1999 1979 2000
f 1999 2000 2001
f 2001 2000 2002
f 2001 2002 2003
f 2003 2002 2004
f 2003 2004 2005
f 2005 2004 1821
f 2005 1821 2006
f 1837 1978 1992
f 1992 1978 1991
f 1992 1991 1990
f 1990 1991 1929
f 1990 1929 1927
f 1993 2007 1994
f 1994 2007 2008
f 1994 2008 1995
f 1995 2008 2009
f 1995 2009 1996
f 1996 2009 2010
f 1996 2010 1977
f 1977 2010 1974
f 1977 1974 1975
f 1975 1974 1973
f 1821 1823 2006
f 2006 1823 1825
f 2006 1825 2005
f 2005 1825 1976
f 2005 1976 2003
f 2003 1976 1975
f 2003 1975 2001
f 2001 1975 1973
f 2001 1973 1999
f 1999 1973 1972
f 1999 1972 1998
f 1836 1992 1993
f 1993 1992 1990
f 1993 1990 2007
f 2007 1990 1926
f 2007 1926 2008
f 2008 1926 1989
f 2008 1989 2009
f 2009 1989 1982
f 2009 1982 2010
f 2010 1982 1984
f 2010 1984 1974
f 1974 1984 1986
f 1974 1986 1972
f 1972 1986 1988
f 1972 1988 1998
f 1998 1988 1987
f 1998 1987 1997
f 1820 1821 2004
f 2011 2012 2013
f 2013 2012 2014
f 2013 2014 2015
f 2016 2017 2018
f 2018 2017 2019
f 2018 2019 2011
f 2011 2019 2020
f 2011 2020 2012
f 2016 2018 2021
f 2021 2018 2022
f 2021 2022 2023
f 2023 2022 2024
f 2023 2024 2025
f 2026 2027 2024
f 2024 2027 2028
f 2024 2028 2025
f 2029 2030 2026
f 2026 2030 2031
f 2026 2031 2027
f 2026 2032 2029
f 2029 2032 2033
f 2029 2033 2034
f 2034 2033 1979
f 2034 1979 1967
f 2002 2000 2035
f 2035 2000 2036
f 2035 2036 2037
f 2038 1859 2039
f 2039 1859 1857
f 2039 1857 2004
f 2004 1857 1856
f 2004 1856 1820
f 1869 1864 2040
f 2040 1864 1862
f 2040 1862 2038
f 2038 1862 1860
f 2038 1860 1859
f 1871 1870 2041
f 2041 1870 1866
f 2041 1866 2040
f 2040 1866 1868
f 2040 1868 1869
f 1871 2041 1873
f 1873 2041 2042
f 1873 2042 1874
f 1874 2042 2043
f 1874 2043 1876
f 2044 2045 2046
f 2046 2045 1816
f 1816 1882 2046
f 2046 1882 1880
f 2046 1880 2043
f 2043 1880 1878
f 2043 1878 1876
f 2004 2002 2039
f 2039 2002 2035
f 2039 2035 2038
f 2038 2035 2037
f 2038 2037 2040
f 2040 2037 2047
f 2040 2047 2041
f 2041 2047 2048
f 2041 2048 2042
f 2042 2048 2049
f 2042 2049 2043
f 2043 2049 2050
f 2043 2050 2046
f 2046 2050 2051
f 2046 2051 2044
f 2000 1979 2036
f 2036 1979 2033
f 2036 2033 2037
f 2037 2033 2032
f 2037 2032 2047
f 2047 2032 2026
f 2047 2026 2048
f 2048 2026 2024
f 2048 2024 2049
f 2049 2024 2022
f 2049 2022 2050
f 2050 2022 2018
f 2050 2018 2051
f 2051 2018 2011
f 2051 2011 2044
f 2044 2011 2013
f 2013 2052 2044
f 2052 2013 2015
f 2053 2054 2055
f 2056 2057 2058
f 1802 1799 2058
f 1817 1816 2045
f 1817 2045 1814
f 1814 2045 2059
f 1814 2059 1813
f 1813 2059 2060
f 1813 2060 1812
f 2061 1810 2060
f 2060 1810 1811
f 2060 1811 1812
f 1807 1806 2062
f 2062 1806 1805
f 2062 1805 2063
f 2063 1805 1808
f 2063 1808 2061
f 2061 1808 1809
f 2061 1809 1810
f 1798 1804 2064
f 2064 1804 1803
f 2064 1803 2062
f 2062 1803 1777
f 2062 1777 1807
f 1802 2058 1801
f 1801 2058 2057
f 1801 2057 1800
f 2065 2056 2058
f 2065 2058 2064
f 2064 2058 1799
f 2064 1799 1798
f 2053 2055 2066
f 2067 2068 2069
f 2069 2068 2066
f 2069 2066 2070
f 2070 2066 2055
f 2071 2072 2073
f 2073 2072 2074
f 2073 2074 2067
f 2067 2074 2075
f 2067 2075 2068
f 2071 2073 2076
f 2076 2073 2077
f 2076 2077 2078
f 2078 2077 2079
f 2078 2079 2080
f 2080 2079 2081
f 2081 2079 2082
f 2081 2082 2083
f 2052 2015 2082
f 2082 2015 2084
f 2082 2084 2083
f 2085 2056 2086
f 2086 2056 2065
f 2086 2065 2087
f 2087 2065 2064
f 2087 2064 2088
f 2088 2064 2062
f 2088 2062 2089
f 2089 2062 2063
f 2089 2063 2090
f 2090 2063 2061
f 2090 2061 2091
f 2091 2061 2060
f 2091 2060 2092
f 2092 2060 2059
f 2092 2059 2044
f 2044 2059 2045
f 2055 2085 2070
f 2070 2085 2086
f 2070 2086 2069
f 2069 2086 2087
f 2069 2087 2067
f 2067 2087 2088
f 2067 2088 2073
f 2073 2088 2089
f 2073 2089 2077
f 2077 2089 2090
f 2077 2090 2079
f 2079 2090 2091
f 2079 2091 2082
f 2082 2091 2092
f 2082 2092 2052
f 2052 2092 2044
f 651 2093 631
f 2056 2085 2094
f 2055 2095 2096
f 2054 2097 2055
f 2055 2097 2098
f 2055 2098 2099
f 2100 1791 2101
f 2101 1791 1794
f 2101 1794 2102
f 2102 1794 1795
f 2102 1795 2103
f 2103 1795 1797
f 2103 1797 1800
f 2104 1788 2100
f 2100 1788 1790
f 2100 1790 1791
f 1784 1783 2104
f 2104 1783 1786
f 2104 1786 1788
f 2104 2105 1784
f 1784 2105 2106
f 1784 2106 1785
f 1785 2106 2107
f 1785 2107 1778
f 1781 1782 2093
f 2093 1782 1778
f 2093 651 1781
f 1781 651 650
f 1781 650 600
f 1778 2107 2093
f 2093 2107 632
f 2093 632 631
f 2108 628 2109
f 2109 628 634
f 2109 634 633
f 2110 630 2108
f 2108 630 629
f 2108 629 628
f 626 2111 627
f 627 2111 2112
f 627 2112 680
f 2096 2095 2113
f 2113 2095 2114
f 2113 2114 2115
f 2099 2116 2055
f 2055 2116 2117
f 2055 2117 2095
f 2095 2117 2118
f 2095 2118 2114
f 2057 2056 2119
f 2119 2056 2120
f 2119 2120 2121
f 2121 2120 2122
f 2121 2122 2123
f 633 632 2109
f 2109 632 2107
f 2109 2107 2108
f 2108 2107 2106
f 2108 2106 2110
f 2110 2106 2105
f 2110 2105 2124
f 2124 2105 2104
f 2124 2104 2125
f 2125 2104 2100
f 2125 2100 2123
f 2123 2100 2101
f 2123 2101 2121
f 2121 2101 2102
f 2121 2102 2119
f 2119 2102 2103
f 2119 2103 2057
f 2057 2103 1800
f 2085 2055 2094
f 2094 2055 2096
f 2094 2096 2126
f 2126 2096 2113
f 2126 2113 2127
f 2127 2113 2115
f 2127 2115 2128
f 2128 2115 2129
f 2128 2129 2112
f 2112 2129 674
f 2112 674 680
f 626 630 2111
f 2111 630 2110
f 2111 2110 2112
f 2112 2110 2124
f 2112 2124 2128
f 2128 2124 2125
f 2128 2125 2127
f 2127 2125 2123
f 2127 2123 2126
f 2126 2123 2122
f 2126 2122 2094
f 2094 2122 2120
f 2094 2120 2056
f 2130 2117 2116
f 2097 2054 2130
f 2116 2099 2130
f 2130 2099 2098
f 2130 2098 2097
f 2130 2054 2131
f 2130 2131 2117
f 2117 2131 2132
f 2117 2132 2118
f 2132 2133 2118
f 2118 2133 2134
f 2118 2134 2135
f 2135 293 2118
f 2118 293 292
f 2118 292 2114
f 2114 292 296
f 296 295 2114
f 2114 295 290
f 2114 290 2115
f 654 674 2129
f 654 2129 652
f 290 289 2115
f 2115 289 656
f 2115 656 2129
f 2129 656 655
f 2129 655 652
f 2132 2131 2133
f 2133 2131 2136
f 2137 294 2138
f 2138 294 293
f 2138 293 288
f 288 293 2135
f 288 2135 2136
f 2136 2135 2134
f 2136 2134 2133
f 2139 291 2140
f 2140 291 297
f 2140 297 2137
f 2137 297 298
f 2137 298 294
f 698 697 696
f 699 698 2141
f 2141 698 696
f 2141 696 2139
f 2139 696 289
f 2139 289 291
f 683 682 689
f 689 682 685
f 689 685 2142
f 2142 685 695
f 695 694 2142
f 2142 694 693
f 2142 693 2143
f 2143 693 681
f 2143 681 699
f 2144 723 2145
f 2145 723 718
f 2145 718 691
f 2146 863 2147
f 2147 863 865
f 2147 865 864
f 2148 2149 2150
f 2150 2149 861
f 2150 861 2151
f 2148 2150 2152
f 2152 2150 2153
f 2152 2153 2154
f 2153 2155 2154
f 2154 2155 2156
f 2154 2156 2157
f 2157 2156 2158
f 2157 2158 2159
f 2159 2158 2160
f 2159 2160 2161
f 2161 2160 2162
f 2161 2162 2163
f 287 286 2162
f 2162 286 285
f 285 284 2162
f 2162 284 2164
f 2162 2164 2163
f 688 689 690
f 690 689 2142
f 690 2142 691
f 691 2142 2165
f 691 2165 2145
f 2145 2165 2166
f 2145 2166 2144
f 699 2141 2143
f 2143 2141 2167
f 2143 2167 2142
f 2142 2167 2146
f 2142 2146 2165
f 2165 2146 2147
f 2165 2147 2166
f 2166 2147 864
f 2166 864 2144
f 2144 864 719
f 2144 719 723
f 723 719 721
f 723 721 722
f 861 863 2151
f 2151 863 2146
f 2151 2146 2150
f 2150 2146 2167
f 2150 2167 2153
f 2153 2167 2141
f 2153 2141 2155
f 2155 2141 2139
f 2155 2139 2156
f 2156 2139 2140
f 2156 2140 2158
f 2158 2140 2137
f 2158 2137 2160
f 2160 2137 2138
f 2160 2138 2162
f 2162 2138 288
f 2162 288 287
f 862 861 866
f 866 861 2149
f 1206 1203 1210
f 1210 1203 960
f 866 2149 2148
f 320 348 1227
f 866 2148 868
f 868 2148 2152
f 868 2152 2154
f 278 1278 281
f 281 1278 868
f 281 868 284
f 274 2168 275
f 275 2168 1278
f 275 1278 277
f 277 1278 278
f 1187 1186 251
f 251 1186 248
f 309 312 1289
f 1227 348 1444
f 1176 268 1193
f 1193 268 271
f 1193 271 270
f 1289 312 1290
f 1290 312 396
f 1290 396 1279
f 904 923 387
f 1442 301 303
f 2154 2157 868
f 868 2157 2159
f 868 2159 2161
f 2161 2163 868
f 868 2163 2164
f 868 2164 284
f 1187 251 1183
f 1183 251 252
f 1183 252 1182
f 1175 220 1190
f 1190 220 238
f 1186 1185 248
f 248 1185 1184
f 248 1184 245
f 1279 396 1277
f 1277 396 394
f 1277 394 1278
f 320 1227 321
f 321 1227 1226
f 321 1226 346
f 1442 303 1247
f 1182 252 1181
f 1181 252 255
f 1181 255 1180
f 1180 255 257
f 1180 257 1179
f 1179 257 260
f 1179 260 1178
f 1178 260 263
f 1178 263 1177
f 1177 263 266
f 1177 266 1176
f 1176 266 267
f 1176 267 268
f 1184 1188 245
f 245 1188 1189
f 245 1189 240
f 240 1189 1192
f 240 1192 238
f 238 1192 1191
f 238 1191 1190
f 1247 303 1248
f 1248 303 305
f 1248 305 1289
f 1289 305 307
f 1289 307 309
f 1278 394 868
f 868 394 392
f 868 392 389
f 387 923 389
f 389 923 875
f 389 875 868
f 346 1226 344
f 344 1226 958
f 344 958 341
f 341 958 960
f 341 960 339
f 339 960 1203
f 339 1203 337
f 348 319 1444
f 1444 319 318
f 1444 318 1461
f 1461 318 315
f 1461 315 1442
f 1442 315 299
f 1442 299 301
f 228 1167 227
f 227 1167 1166
f 227 1166 226
f 226 1166 1162
f 226 1162 222
f 270 273 1193
f 1193 273 897
f 1193 897 325
f 1196 333 1203
f 1203 333 335
f 1203 335 337
f 935 932 1554
f 1554 932 930
f 1554 930 897
f 222 1162 221
f 221 1162 1159
f 221 1159 225
f 325 327 1193
f 1193 327 329
f 1193 329 1196
f 1196 329 331
f 1196 331 333
f 273 272 897
f 897 272 223
f 897 223 1554
f 1554 223 224
f 1554 224 1147
f 1147 224 1143
f 1175 1174 220
f 220 1174 1170
f 220 1170 228
f 228 1170 1168
f 228 1168 1167
f 904 387 905
f 905 387 385
f 905 385 903
f 903 385 383
f 903 383 873
f 873 383 381
f 873 381 871
f 871 381 379
f 871 379 890
f 890 379 377
f 890 377 892
f 892 377 375
f 892 375 894
f 894 375 372
f 894 372 895
f 895 372 365
f 895 365 896
f 1159 1161 225
f 225 1161 1146
f 225 1146 224
f 224 1146 1144
f 224 1144 1143
f 896 365 897
f 897 365 367
f 897 367 369
f 351 354 897
f 897 354 323
f 897 323 325
f 369 370 897
f 897 370 363
f 897 363 361
f 361 359 897
f 897 359 352
f 897 352 351
f 2168 274 2169
f 2169 274 276
f 2169 276 2170
f 2170 276 283
f 2170 283 2171
f 2171 283 282
f 2171 2172 2170
f 2170 2172 2173
f 2170 2173 2169
f 1276 1278 2168
f 2173 2174 2169
f 2169 2174 2175
f 2169 2175 2168
f 2168 2175 2176
f 2168 2176 2177
f 1265 1267 2178
f 2178 1267 1269
f 2178 1269 2177
f 2177 1269 1270
f 1270 1272 2177
f 2177 1272 1273
f 2177 1273 2168
f 2168 1273 1275
f 2168 1275 1276
f 2176 2179 2177
f 2177 2179 2180
f 2177 2180 2178
f 2178 2180 2181
f 2178 2181 1265
f 2173 2172 2182
f 2173 2182 2174
f 2179 2176 2182
f 2182 2176 2175
f 2182 2175 2174
f 1265 2181 2071
f 2071 2181 2180
f 2071 2180 2072
f 2072 2180 2179
f 2072 2179 2074
f 2074 2179 2182
f 2074 2182 2075
f 2075 2182 2172
f 2075 2172 2068
f 2081 2183 2080
f 2080 2183 2184
f 2080 2184 2078
f 2078 2184 1265
f 2078 1265 2076
f 2076 1265 2071
f 2081 2083 2183
f 2183 2083 2084
f 2183 2084 2185
f 2185 2084 2015
f 2185 2015 2186
f 2068 2172 2066
f 2066 2172 2171
f 2066 2171 282
f 288 2136 279
f 279 2136 2131
f 279 2131 280
f 282 280 2066
f 2066 280 2131
f 2066 2131 2053
f 2053 2131 2054
f 2186 2187 2188
f 2186 2188 2185
f 2185 2188 2189
f 2185 2189 2183
f 2183 2189 2190
f 2183 2190 2184
f 1266 1265 2184
f 1303 1302 2190
f 2184 2190 1266
f 1266 2190 1302
f 1266 1302 1283
f 1303 2190 1305
f 1305 2190 2189
f 1305 2189 1306
f 1306 2189 2188
f 1306 2188 1295
f 1295 2188 2187
f 1295 2187 1298
f 2191 2192 2193
f 2194 2195 2196
f 2196 2195 2197
f 2197 2198 2196
f 2196 2198 2199
f 2196 2199 2200
f 2201 2202 2203
f 2203 2204 2201
f 2201 2204 2205
f 2201 2205 2194
f 2194 2205 2206
f 2194 2206 2195
f 2191 2193 2207
f 2208 2202 2209
f 2209 2202 2201
f 2209 2201 2210
f 2210 2201 2194
f 2210 2194 2193
f 2193 2194 2196
f 2193 2196 2207
f 2207 2196 2200
f 2207 2200 2211
f 2202 2208 2212
f 2212 2208 2213
f 2212 2213 2214
f 2215 2203 2202
f 2202 2212 2215
f 2215 2212 2216
f 2215 2216 2217
f 2217 2216 2218
f 2217 2218 2219
f 2220 1298 2187
f 2214 2221 2212
f 2212 2221 2222
f 2212 2222 2216
f 2216 2222 2220
f 2216 2220 2218
f 2218 2220 2187
f 2218 2187 2219
f 2219 2187 2186
f 1322 1317 2223
f 2224 2225 2226
f 2222 2221 2226
f 2226 2221 2214
f 2226 2214 2224
f 2224 2214 2213
f 2224 2213 2208
f 2226 2227 2222
f 2222 2227 2228
f 2222 2228 2220
f 1318 1319 2228
f 2228 1319 1300
f 2228 1300 2220
f 2220 1300 1299
f 2220 1299 1298
f 1329 1320 1321
f 1322 2223 1321
f 1321 2223 1329
f 1329 2223 2229
f 1329 2229 1327
f 1327 2229 2230
f 1327 2230 1325
f 2231 2232 2230
f 2230 2232 1323
f 2230 1323 1325
f 1317 1318 2223
f 2223 1318 2228
f 2223 2228 2229
f 2229 2228 2227
f 2229 2227 2230
f 2230 2227 2226
f 2230 2226 2231
f 2231 2226 2225
f 2224 2208 2209
f 2224 2209 2225
f 2233 2231 2225
f 2232 2231 2234
f 2234 2231 2233
f 2234 2233 2235
f 2235 2233 2236
f 2237 2238 2239
f 2239 2238 2240
f 2239 2240 2241
f 2241 2240 2242
f 2241 2242 2243
f 2243 2242 2244
f 2243 2244 2245
f 2193 2192 2246
f 2225 2247 2233
f 2233 2247 2243
f 2233 2243 2236
f 2236 2243 2245
f 2246 2248 2193
f 2193 2248 2249
f 2193 2249 2210
f 2210 2249 2209
f 2225 2209 2247
f 2247 2209 2249
f 2247 2249 2243
f 2243 2249 2248
f 2243 2248 2241
f 2241 2248 2246
f 2241 2246 2239
f 2234 2235 2250
f 2235 2236 2250
f 2250 2236 2245
f 2250 2245 2251
f 2251 2245 2244
f 2251 2244 2252
f 2252 2244 2242
f 2252 2242 2253
f 2253 2242 2240
f 2253 2240 2254
f 2254 2240 2238
f 2254 2238 2237
f 2250 2255 2234
f 2234 2255 2256
f 2234 2256 2232
f 2232 2256 2257
f 2232 2257 1323
f 1323 2257 2258
f 1323 2258 1324
f 2259 2260 2261
f 2262 1334 1336
f 2263 2252 2253
f 2255 2264 2256
f 2256 2264 2265
f 2256 2265 2257
f 2257 2265 2258
f 2258 2265 1333
f 2258 1333 1324
f 2262 1336 2266
f 1336 2267 2266
f 2266 2267 2268
f 2266 2268 2269
f 2268 2270 2269
f 2269 2270 2271
f 2269 2271 2272
f 2272 2271 2273
f 2272 2273 2274
f 2274 2273 2275
f 2274 2275 2276
f 2276 2275 2277
f 2276 2277 2278
f 2279 2280 2281
f 2282 2278 2283
f 2283 2278 2277
f 2283 2277 2284
f 2284 2277 2280
f 2279 2281 2285
f 2285 2281 2286
f 2285 2286 2287
f 2287 2286 2288
f 2287 2288 2289
f 2289 2288 2290
f 2289 2290 2291
f 2280 2277 2281
f 2281 2277 2275
f 2281 2275 2286
f 2286 2275 2273
f 2286 2273 2288
f 2288 2273 2271
f 2288 2271 2290
f 2290 2271 2270
f 2290 2270 2291
f 2292 2293 2294
f 2294 2293 2295
f 2296 2260 2297
f 2297 2260 2259
f 2297 2259 2254
f 2294 2250 2292
f 2292 2250 2251
f 2292 2251 2298
f 2298 2251 2252
f 2298 2252 2261
f 2261 2252 2263
f 2261 2263 2259
f 2259 2263 2253
f 2259 2253 2254
f 2296 2299 2260
f 2260 2299 2300
f 2260 2300 2261
f 2261 2300 2301
f 2261 2301 2298
f 2298 2301 2302
f 2298 2302 2292
f 2292 2302 2303
f 2292 2303 2293
f 2293 2303 2304
f 2293 2304 2295
f 1338 1333 2305
f 2305 1333 2265
f 2305 2265 2295
f 2295 2265 2264
f 2295 2264 2294
f 2294 2264 2255
f 2294 2255 2250
f 1336 1338 2267
f 2267 1338 2305
f 2267 2305 2268
f 2268 2305 2295
f 2268 2295 2270
f 2270 2295 2304
f 2270 2304 2291
f 2291 2304 2303
f 2291 2303 2289
f 2289 2303 2302
f 2289 2302 2287
f 2287 2302 2301
f 2287 2301 2285
f 2285 2301 2300
f 2285 2300 2279
f 2279 2300 2299
f 2306 2307 2308
f 2308 2307 2309
f 2308 2309 2310
f 2254 2311 2297
f 2297 2311 2312
f 2297 2312 2296
f 2296 2312 2313
f 2296 2313 2299
f 2299 2313 2314
f 2299 2314 2279
f 2279 2314 2315
f 2279 2315 2280
f 2280 2315 2284
f 2284 2315 2316
f 2284 2316 2283
f 2282 2283 2317
f 2317 2283 2316
f 2317 2316 2318
f 2319 2320 2321
f 2321 2320 2318
f 2321 2318 2322
f 2322 2318 2316
f 2306 2308 2323
f 2323 2308 2324
f 2323 2324 2325
f 2326 2307 2327
f 2327 2307 2306
f 2327 2306 2328
f 2328 2306 2323
f 2328 2323 2329
f 2329 2323 2325
f 2329 2325 2330
f 2330 2325 2331
f 2330 2331 2332
f 2332 2331 2333
f 2334 2333 2335
f 2335 2333 2331
f 2335 2331 2336
f 2336 2331 2325
f 2336 2325 2337
f 2337 2325 2324
f 2311 2326 2312
f 2312 2326 2327
f 2312 2327 2313
f 2313 2327 2328
f 2313 2328 2314
f 2314 2328 2329
f 2314 2329 2315
f 2315 2329 2330
f 2315 2330 2316
f 2316 2330 2332
f 2316 2332 2322
f 2322 2332 2333
f 2322 2333 2321
f 2321 2333 2334
f 2321 2334 2319
f 2319 2334 213
f 186 2338 2339
f 2340 2338 186
f 2341 2342 2343
f 207 2340 186
f 2334 214 213
f 214 2334 215
f 2308 2344 2324
f 186 2345 2343
f 2343 2345 2337
f 2342 186 2343
f 207 215 2340
f 2340 215 2334
f 2340 2334 2338
f 2338 2334 2335
f 2338 2335 2339
f 2339 2335 2336
f 2339 2336 2337
f 2337 2345 2339
f 2339 2345 186
f 2310 2346 2308
f 2308 2346 2341
f 2308 2341 2344
f 2344 2341 2343
f 2344 2343 2324
f 2324 2343 2337
f 2347 2348 2349
f 2347 2349 2350
f 2351 2352 2353
f 2353 2352 2350
f 2353 2350 2354
f 2354 2350 2349
f 2346 2310 2355
f 2355 2356 2346
f 2346 2356 2357
f 2346 2357 2341
f 2341 2357 2358
f 2341 2358 2342
f 2359 189 187
f 2348 193 2349
f 2349 193 191
f 2349 191 189
f 189 2359 2349
f 2349 2359 2360
f 2349 2360 2354
f 2354 2360 2361
f 2354 2361 2353
f 2353 2361 2362
f 2353 2362 2351
f 186 2342 187
f 187 2342 2358
f 187 2358 2359
f 2359 2358 2357
f 2359 2357 2360
f 2360 2357 2356
f 2360 2356 2361
f 2361 2356 2355
f 2361 2355 2362
f 2363 2364 2347
f 2363 2347 2365
f 2365 2347 2350
f 2365 2350 2366
f 2366 2350 2352
f 2366 2352 2367
f 2367 2352 2351
f 2367 2351 2368
f 2368 2351 2362
f 2368 2362 2369
f 2370 2371 2372
f 2372 2364 2370
f 2370 2364 2363
f 2370 2363 2373
f 2368 2369 2374
f 2368 2374 2367
f 2373 2363 2375
f 2375 2363 2365
f 2375 2365 2374
f 2374 2365 2366
f 2374 2366 2367
f 2369 2376 2374
f 2374 2376 2377
f 2374 2377 2378
f 2370 2373 2378
f 2378 2373 2375
f 2378 2375 2374
f 2379 2380 2381
f 2381 2380 2382
f 2383 2384 2385
f 2386 2387 2388
f 2385 2389 2383
f 2383 2389 2390
f 2383 2390 2391
f 2391 2390 2392
f 2391 2392 2393
f 2393 2392 2394
f 2393 2394 2395
f 2395 2394 2396
f 2395 2396 2397
f 2397 2396 2386
f 2397 2386 2398
f 2398 2386 2388
f 2399 2400 2401
f 2394 2392 2396
f 2396 2392 2390
f 2396 2390 2386
f 2390 2389 2386
f 2386 2389 2385
f 2386 2385 2387
f 2387 2385 2402
f 2387 2402 2403
f 2403 2402 2399
f 2403 2399 2404
f 2404 2399 2401
f 2405 2388 2387
f 2402 2385 2384
f 2387 2403 2405
f 2405 2403 2404
f 2405 2404 2406
f 2406 2404 2401
f 2406 2401 2407
f 2407 2401 2400
f 2407 2400 2408
f 2408 2400 2399
f 2408 2399 2409
f 2409 2399 2402
f 2409 2402 2410
f 2410 2402 2384
f 2411 2412 2413
f 2414 2415 2416
f 2417 2418 2415
f 2415 2414 2417
f 2417 2414 2419
f 2417 2419 2413
f 2420 2421 2422
f 2416 2423 2414
f 2414 2423 2424
f 2414 2424 2419
f 2419 2424 2420
f 2419 2420 2413
f 2413 2420 2422
f 2413 2422 2411
f 2425 2426 2427
f 2428 2429 2430
f 2430 2429 2431
f 2430 2431 2432
f 2432 2431 2433
f 2433 2431 2434
f 2434 2431 2435
f 2434 2435 2436
f 2427 2426 2437
f 2426 2438 2437
f 2437 2438 2439
f 2437 2439 2428
f 2428 2439 2440
f 2428 2440 2429
f 2425 2427 2441
f 2441 2427 2442
f 2441 2442 2443
f 2443 2442 2444
f 2443 2444 2445
f 2445 2444 2446
f 2446 2444 2447
f 2446 2447 2448
f 2448 2447 2449
f 2449 2447 2450
f 2449 2450 2451
f 2451 2450 2452
f 2451 2452 2453
f 2454 2455 2456
f 2436 2455 2434
f 2434 2455 2454
f 2434 2454 2433
f 2433 2454 2457
f 2458 2459 2460
f 2432 2433 2460
f 2460 2433 2457
f 2460 2457 2458
f 2458 2457 2454
f 2458 2454 2461
f 2461 2454 2456
f 2461 2456 2462
f 2461 2463 2458
f 2458 2463 2464
f 2458 2464 2459
f 2461 2462 2463
f 2463 2462 2465
f 2463 2465 2466
f 2463 2466 2467
f 2467 2468 2463
f 2463 2468 2469
f 2463 2469 2464
f 2470 2471 2472
f 2472 2473 2474
f 2468 2467 2473
f 2473 2472 2468
f 2468 2472 2471
f 2468 2471 2469
f 2412 2470 2413
f 2413 2470 2472
f 2413 2472 2417
f 2417 2472 2474
f 2417 2474 2418
f 2407 2408 2475
f 2475 2408 2476
f 2476 2408 2409
f 2476 2409 2477
f 2475 2452 2407
f 2407 2452 2450
f 2407 2450 2406
f 2406 2450 2447
f 2406 2447 2405
f 2405 2447 2444
f 2405 2444 2388
f 2388 2444 2442
f 2388 2442 2398
f 2398 2442 2427
f 2398 2427 2397
f 2397 2427 2437
f 2397 2437 2395
f 2395 2437 2428
f 2395 2428 2430
f 2410 2384 2478
f 2430 2432 2395
f 2395 2432 2460
f 2395 2460 2393
f 2393 2460 2459
f 2393 2459 2391
f 2391 2459 2464
f 2391 2464 2383
f 2383 2464 2469
f 2383 2469 2471
f 2478 2479 2410
f 2410 2479 2480
f 2410 2480 2409
f 2409 2480 2481
f 2409 2481 2477
f 2470 2482 2471
f 2471 2482 2483
f 2471 2483 2484
f 2484 2485 2471
f 2471 2485 2486
f 2471 2486 2383
f 2383 2486 2487
f 2383 2487 2384
f 2384 2487 2488
f 2384 2488 2478
f 2489 2490 2491
f 2492 2493 2494
f 2495 2496 2497
f 2485 2484 2498
f 2498 2484 2483
f 2498 2483 2499
f 2499 2483 2496
f 2500 2501 2502
f 2503 2504 2505
f 2505 2504 2506
f 2505 2506 2500
f 2500 2506 2507
f 2500 2507 2501
f 2505 2508 2503
f 2503 2508 2509
f 2503 2509 2510
f 2510 2509 2511
f 2510 2511 2512
f 2512 2511 2513
f 2512 2513 2514
f 2514 2513 2515
f 2515 2513 2516
f 2515 2516 2517
f 2517 2516 2518
f 2518 2516 2519
f 2518 2519 2520
f 2520 2519 2521
f 2520 2521 2382
f 2522 2523 2524
f 2524 2523 2525
f 2524 2525 2526
f 2527 2528 2529
f 2529 2528 2530
f 2529 2530 2531
f 2531 2530 2526
f 2531 2526 2532
f 2532 2526 2525
f 2491 2490 2533
f 2490 2534 2533
f 2533 2534 2535
f 2533 2535 2536
f 2536 2535 2537
f 2536 2537 2527
f 2527 2537 2538
f 2527 2538 2528
f 2496 2483 2497
f 2497 2483 2482
f 2497 2482 2539
f 2539 2482 2470
f 2539 2470 2540
f 2489 2491 2541
f 2541 2491 2542
f 2541 2542 2540
f 2540 2542 2543
f 2540 2543 2539
f 2539 2543 2544
f 2539 2544 2497
f 2497 2544 2545
f 2497 2545 2495
f 2500 2546 2505
f 2505 2546 2547
f 2505 2547 2508
f 2508 2547 2548
f 2508 2548 2509
f 2509 2548 2549
f 2509 2549 2511
f 2511 2549 2550
f 2511 2550 2513
f 2513 2550 2551
f 2513 2551 2516
f 2516 2551 2552
f 2516 2552 2519
f 2519 2552 2494
f 2519 2494 2521
f 2521 2494 2493
f 2525 2492 2532
f 2532 2492 2494
f 2532 2494 2531
f 2531 2494 2552
f 2531 2552 2529
f 2529 2552 2551
f 2529 2551 2527
f 2527 2551 2550
f 2527 2550 2536
f 2536 2550 2549
f 2536 2549 2533
f 2533 2549 2548
f 2533 2548 2491
f 2491 2548 2547
f 2491 2547 2542
f 2542 2547 2546
f 2542 2546 2543
f 2543 2546 2500
f 2543 2500 2544
f 2544 2500 2502
f 2544 2502 2545
f 2553 2554 2555
f 2503 2510 2556
f 2557 2558 2559
f 2559 2558 2560
f 2560 2561 2559
f 2559 2561 2562
f 2559 2562 2488
f 2488 2562 2563
f 2488 2563 2478
f 2556 2564 2565
f 2510 2512 2556
f 2556 2512 2566
f 2556 2566 2564
f 2567 2568 2504
f 2504 2568 2506
f 2545 2502 2553
f 2553 2502 2501
f 2553 2501 2507
f 2496 2495 2569
f 2569 2486 2485
f 2496 2569 2499
f 2499 2569 2485
f 2499 2485 2498
f 2487 2486 2555
f 2555 2486 2569
f 2555 2569 2553
f 2553 2569 2495
f 2553 2495 2545
f 2504 2503 2567
f 2567 2503 2556
f 2567 2556 2557
f 2557 2556 2565
f 2557 2565 2558
f 2488 2487 2559
f 2559 2487 2555
f 2559 2555 2557
f 2557 2555 2554
f 2557 2554 2567
f 2567 2554 2553
f 2567 2553 2568
f 2568 2553 2507
f 2568 2507 2506
f 2512 2514 2570
f 2565 2564 2570
f 2570 2564 2566
f 2570 2566 2512
f 2561 2560 2571
f 2563 2562 2572
f 2478 2563 2479
f 2479 2563 2480
f 2563 2572 2480
f 2480 2572 2573
f 2480 2573 2481
f 2574 2475 2575
f 2575 2475 2476
f 2575 2476 2576
f 2576 2476 2477
f 2576 2477 2577
f 2577 2477 2481
f 2577 2481 2578
f 2578 2481 2573
f 2579 2580 2581
f 2379 2582 2380
f 2380 2582 2583
f 2380 2583 2382
f 2382 2583 2584
f 2382 2584 2520
f 2520 2584 2585
f 2514 2515 2570
f 2570 2515 2517
f 2570 2517 2585
f 2585 2517 2518
f 2585 2518 2520
f 2560 2558 2571
f 2571 2558 2565
f 2571 2565 2586
f 2586 2565 2570
f 2586 2570 2587
f 2587 2570 2585
f 2582 2588 2583
f 2583 2588 2580
f 2583 2580 2584
f 2584 2580 2579
f 2584 2579 2585
f 2585 2579 2589
f 2585 2589 2587
f 2562 2561 2572
f 2572 2561 2571
f 2572 2571 2573
f 2573 2571 2586
f 2573 2586 2578
f 2578 2586 2587
f 2578 2587 2577
f 2577 2587 2589
f 2577 2589 2576
f 2576 2589 2579
f 2576 2579 2575
f 2575 2579 2581
f 2575 2581 2574
f 2590 2591 2592
f 2590 2592 2593
f 2593 2592 2594
f 2594 2592 2595
f 2594 2595 2596
f 2379 2597 2598
f 2594 2599 2593
f 2593 2599 2600
f 2601 2602 2596
f 2596 2602 2603
f 2596 2603 2594
f 2594 2603 2604
f 2594 2604 2599
f 2596 2605 2601
f 2601 2605 2606
f 2601 2606 2607
f 2607 2606 2608
f 2607 2608 2609
f 2609 2608 2597
f 2609 2597 2610
f 2610 2597 2379
f 2611 2612 2598
f 2598 2612 2453
f 2580 2588 2598
f 2598 2588 2582
f 2598 2582 2379
f 2452 2475 2453
f 2453 2475 2574
f 2453 2574 2598
f 2598 2574 2581
f 2598 2581 2580
f 2611 2613 2612
f 2612 2613 2614
f 2612 2614 2615
f 2615 2614 2616
f 2615 2616 2617
f 2617 2618 2615
f 2615 2618 2619
f 2615 2619 2620
f 2620 2619 2621
f 2620 2621 2622
f 2622 2623 2620
f 2620 2623 2370
f 2620 2370 2378
f 2623 2624 2370
f 2370 2624 2625
f 2370 2625 2371
f 2624 2623 2626
f 2613 2611 2598
f 2626 2623 2627
f 2627 2623 2622
f 2618 2592 2619
f 2619 2592 2591
f 2619 2591 2621
f 2621 2591 2628
f 2621 2628 2622
f 2622 2628 2629
f 2622 2629 2627
f 2616 2605 2617
f 2617 2605 2596
f 2617 2596 2618
f 2618 2596 2595
f 2618 2595 2592
f 2613 2598 2614
f 2598 2597 2614
f 2614 2597 2608
f 2614 2608 2616
f 2616 2608 2606
f 2616 2606 2605
f 2628 2591 2590
f 2348 2347 193
f 193 2347 2364
f 193 2364 194
f 194 2364 2372
f 194 2372 2371
f 2371 2625 194
f 194 2625 2624
f 194 2624 2626
f 2626 2627 194
f 194 2627 2629
f 194 2629 2628
f 2590 2593 2600
f 2628 2590 194
f 194 2590 2600
f 194 2600 185
f 2630 204 2631
f 2631 204 202
f 2631 202 2632
f 2632 202 2633
f 2633 202 201
f 2633 201 2634
f 201 199 2634
f 2634 199 198
f 2634 198 2635
f 2635 198 196
f 2635 196 2636
f 2636 196 195
f 2636 195 2600
f 2600 195 182
f 182 181 2600
f 2600 181 183
f 2600 183 185
f 2381 2382 2521
f 2637 2638 2639
f 2640 2641 2636
f 2636 2641 2635
f 2635 2641 2634
f 2634 2641 2642
f 2634 2642 2633
f 2633 2642 2632
f 2632 2642 2639
f 2632 2639 2631
f 2631 2639 2638
f 2631 2638 2630
f 2643 2644 2645
f 2645 2644 2637
f 2646 2647 2648
f 2648 2647 2643
f 2649 2609 2610
f 2381 2521 2379
f 2522 2646 2523
f 2523 2646 2648
f 2523 2648 2525
f 2525 2648 2650
f 2525 2650 2492
f 2492 2650 2651
f 2492 2651 2493
f 2493 2651 2649
f 2493 2649 2521
f 2521 2649 2610
f 2521 2610 2379
f 2603 2602 2652
f 2652 2602 2601
f 2652 2601 2607
f 2636 2600 2640
f 2640 2600 2599
f 2640 2599 2604
f 2643 2645 2648
f 2648 2645 2653
f 2648 2653 2650
f 2650 2653 2654
f 2650 2654 2651
f 2651 2654 2652
f 2651 2652 2649
f 2649 2652 2607
f 2649 2607 2609
f 2637 2639 2645
f 2645 2639 2642
f 2645 2642 2653
f 2653 2642 2641
f 2653 2641 2654
f 2654 2641 2640
f 2654 2640 2652
f 2652 2640 2604
f 2652 2604 2603
f 2655 2656 2657
f 144 143 2658
f 140 149 2659
f 171 169 2660
f 161 163 2661
f 462 2662 2663
f 1360 1359 2664
f 2320 2319 2665
f 2666 2667 2522
f 2522 2667 2668
f 2522 2668 2646
f 2669 2670 2637
f 2637 2670 2671
f 2637 2671 2672
f 2637 2644 2669
f 2669 2644 2643
f 2669 2643 2668
f 2668 2643 2647
f 2668 2647 2646
f 208 204 2673
f 2673 204 2630
f 2673 2630 2672
f 2672 2630 2638
f 2672 2638 2637
f 2319 213 2665
f 2665 213 211
f 2665 211 2674
f 2674 211 209
f 2674 209 2675
f 2675 209 208
f 2318 2676 2317
f 2317 2676 2677
f 2317 2677 2282
f 2272 2274 2678
f 2678 2274 2276
f 2678 2276 2677
f 2677 2276 2278
f 2677 2278 2282
f 2678 2679 2272
f 2272 2679 2680
f 2272 2680 2269
f 1359 1346 2664
f 2664 1346 1341
f 2664 1341 2681
f 2681 1341 1335
f 2681 1335 2682
f 2682 1335 1334
f 2682 1334 2683
f 2683 1334 2262
f 2683 2262 2680
f 2680 2262 2266
f 2680 2266 2269
f 1349 1357 2684
f 2684 1357 1358
f 2684 1358 1361
f 1620 1347 1883
f 1883 1347 2685
f 1883 2685 1881
f 1881 2685 2686
f 1881 2686 1879
f 1879 2686 1877
f 1877 2686 2687
f 1877 2687 1875
f 1875 2687 2688
f 1875 2688 1872
f 1872 2688 2689
f 1872 2689 1867
f 1867 2689 2690
f 1867 2690 1865
f 1865 2690 2691
f 1865 2691 1863
f 1863 2691 2692
f 1863 2692 1861
f 1861 2692 2693
f 1861 2693 1858
f 1858 2693 2694
f 1858 2694 1818
f 1818 2694 2695
f 1818 2695 1819
f 1819 2695 2696
f 1819 2696 1855
f 1855 2696 2697
f 1855 2697 1854
f 1854 2697 2698
f 1854 2698 1853
f 1853 2698 1852
f 1852 2698 2699
f 1852 2699 1851
f 1851 2699 2700
f 1851 2700 1850
f 1850 2700 2701
f 1850 2701 1849
f 1849 2701 1848
f 1848 2701 2702
f 1848 2702 1847
f 2703 1846 2704
f 2704 1846 1847
f 2704 1847 2705
f 2705 1847 2702
f 2706 1842 2703
f 2703 1842 1845
f 2703 1845 1846
f 1893 2707 1886
f 1886 2707 1887
f 2708 1844 2706
f 2706 1844 1843
f 2706 1843 1842
f 2709 2710 2711
f 2711 2710 2712
f 2711 2712 2713
f 2713 2712 2707
f 2713 2707 2708
f 2708 2707 1893
f 2708 1893 1844
f 2714 2715 2716
f 2716 2715 2717
f 2716 2717 2718
f 2718 2717 2719
f 2718 2719 2720
f 2720 2719 2721
f 2720 2721 2722
f 2722 2721 2723
f 2722 2723 2709
f 2709 2723 2724
f 2709 2724 2710
f 1546 1561 2714
f 547 2715 545
f 545 2715 2714
f 545 2714 1562
f 1562 2714 1561
f 462 448 2662
f 2662 448 446
f 2662 446 445
f 411 409 2725
f 2725 409 407
f 2725 407 2663
f 2663 407 464
f 2663 464 462
f 418 416 2726
f 2726 416 414
f 2726 414 2725
f 2725 414 412
f 2725 412 411
f 402 400 2727
f 2727 400 398
f 2727 398 397
f 2728 2729 2730
f 2730 2729 2731
f 2730 2731 2732
f 2423 2733 2424
f 2424 2733 2734
f 2541 2540 2421
f 2540 2470 2412
f 2412 2411 2540
f 2540 2411 2422
f 2540 2422 2421
f 2735 2541 2736
f 2736 2541 2421
f 2736 2421 2734
f 2734 2421 2420
f 2734 2420 2424
f 2737 2490 2735
f 2735 2490 2489
f 2735 2489 2541
f 2738 2535 2737
f 2737 2535 2534
f 2737 2534 2490
f 2739 2528 2740
f 2740 2528 2538
f 2740 2538 2738
f 2738 2538 2537
f 2738 2537 2535
f 2522 2524 2666
f 2666 2524 2526
f 2666 2526 2741
f 2741 2526 2530
f 165 180 2742
f 2742 180 102
f 2660 169 2743
f 2743 169 167
f 2743 167 158
f 171 2660 173
f 173 2660 2744
f 173 2744 174
f 2745 157 2744
f 2744 157 176
f 2744 176 174
f 155 2746 153
f 153 2746 2747
f 153 2747 146
f 2747 2748 146
f 146 2748 2749
f 146 2749 147
f 140 2659 141
f 208 2673 2675
f 2675 2673 126
f 2675 126 128
f 128 131 2675
f 2675 131 133
f 2675 133 135
f 144 2658 138
f 109 111 2672
f 111 113 2672
f 2672 113 116
f 2672 116 118
f 118 120 2672
f 2672 120 122
f 2672 122 2673
f 2673 122 124
f 2673 124 126
f 92 90 2750
f 90 89 2750
f 2750 89 105
f 2750 105 107
f 102 100 2742
f 2742 100 97
f 2742 97 2751
f 2751 97 95
f 2751 95 94
f 149 147 2659
f 2659 147 2749
f 2659 2749 2752
f 2752 2749 2753
f 2752 2753 2754
f 2754 2753 2755
f 2754 2755 2756
f 2756 2755 2757
f 143 141 2658
f 2658 141 2659
f 2658 2659 2758
f 2758 2659 2752
f 2758 2752 2759
f 2759 2752 2754
f 2759 2754 2760
f 2760 2754 2756
f 135 138 2675
f 2675 138 2658
f 2675 2658 2674
f 2674 2658 2758
f 2674 2758 2665
f 2665 2758 2759
f 2665 2759 2320
f 2320 2759 2760
f 2320 2760 2318
f 2318 2760 2756
f 2318 2756 2676
f 2676 2756 2757
f 2676 2757 2677
f 2656 2761 2762
f 163 165 2661
f 2661 165 2742
f 2661 2742 2763
f 2763 2742 2764
f 2763 2764 2761
f 94 92 2751
f 2751 92 2750
f 2751 2750 2742
f 2742 2750 2765
f 2742 2765 2764
f 2764 2765 2766
f 2767 2768 2769
f 2769 2768 2770
f 2769 2770 2771
f 397 418 2727
f 2727 418 2726
f 2727 2726 2772
f 2772 2726 2773
f 2772 2773 2774
f 2774 2773 2775
f 2774 2775 2776
f 2776 2775 2771
f 2776 2771 2777
f 2777 2771 2770
f 2778 2779 2780
f 2780 2779 2781
f 2780 2781 2782
f 2782 2781 2783
f 2782 2783 2784
f 2784 2783 2785
f 2784 2785 2786
f 2786 2785 2787
f 2786 2787 2788
f 2788 2787 2789
f 2788 2789 2790
f 2790 2789 2791
f 2790 2791 2792
f 2792 2791 2793
f 2792 2793 2794
f 2794 2793 2795
f 2794 2795 2796
f 2761 2764 2762
f 2762 2764 2766
f 2762 2766 2797
f 2797 2766 2798
f 2797 2798 2799
f 2800 2801 2802
f 2655 2657 2803
f 2803 2657 2800
f 2803 2800 2804
f 2804 2800 2802
f 2804 2802 2805
f 2656 2762 2657
f 2657 2762 2797
f 2657 2797 2800
f 2800 2797 2799
f 2800 2799 2801
f 107 109 2750
f 2750 109 2672
f 2750 2672 2765
f 2765 2672 2671
f 2765 2671 2766
f 2766 2671 2670
f 2766 2670 2798
f 2798 2670 2669
f 2798 2669 2799
f 2799 2669 2668
f 2799 2668 2801
f 2801 2668 2667
f 2801 2667 2802
f 2802 2667 2666
f 2802 2666 2805
f 2805 2666 2741
f 2732 2795 2730
f 2730 2795 2793
f 2730 2793 2806
f 2806 2793 2791
f 2806 2791 2807
f 2807 2791 2789
f 2807 2789 2808
f 2808 2789 2787
f 2808 2787 2809
f 2809 2787 2785
f 2809 2785 2810
f 2810 2785 2783
f 2810 2783 2811
f 2811 2783 2781
f 2811 2781 2812
f 2812 2781 2779
f 2812 2739 2811
f 2811 2739 2740
f 2811 2740 2810
f 2810 2740 2738
f 2810 2738 2809
f 2809 2738 2737
f 2809 2737 2808
f 2808 2737 2735
f 2808 2735 2807
f 2807 2735 2736
f 2807 2736 2806
f 2806 2736 2734
f 2806 2734 2730
f 2730 2734 2733
f 2730 2733 2728
f 2728 2733 2423
f 2728 2423 2416
f 2813 2814 2815
f 2815 2814 2816
f 2816 2814 2817
f 2816 2817 2818
f 2818 2817 2819
f 2818 2819 2820
f 2821 2819 2822
f 2822 2819 2817
f 2822 2817 2823
f 2823 2817 2814
f 2823 2814 2824
f 2824 2814 2813
f 2813 2743 2824
f 2824 2743 2825
f 2824 2825 2823
f 2823 2825 2826
f 2823 2826 2822
f 2822 2826 2827
f 2822 2827 2821
f 2821 2827 2828
f 2820 2829 2830
f 2830 2829 2831
f 2830 2831 2832
f 2832 2831 2833
f 2832 2833 2834
f 2834 2833 2835
f 2834 2835 2836
f 2836 2835 2837
f 2836 2837 2838
f 2838 2837 2839
f 2838 2839 2840
f 2840 2839 2841
f 2840 2841 2842
f 2842 2841 2843
f 2842 2843 1547
f 1547 2843 1731
f 443 1731 2844
f 2844 1731 2843
f 2844 2843 2845
f 2845 2843 2841
f 2845 2841 2846
f 2846 2841 2839
f 2846 2839 2847
f 2847 2839 2837
f 2847 2837 2848
f 2848 2837 2835
f 2848 2835 2849
f 2849 2835 2833
f 2849 2833 2850
f 2850 2833 2831
f 2850 2831 2851
f 2851 2831 2829
f 2851 2852 2850
f 2850 2852 2853
f 2850 2853 2849
f 2849 2853 2854
f 2849 2854 2848
f 2848 2854 2855
f 2848 2855 2847
f 2847 2855 2856
f 2847 2856 2846
f 2846 2856 2857
f 2846 2857 2845
f 2845 2857 2858
f 2845 2858 2844
f 2844 2858 2859
f 2844 2859 443
f 443 2859 444
f 445 444 2662
f 2662 444 2859
f 2662 2859 2663
f 2663 2859 2858
f 2663 2858 2725
f 2725 2858 2857
f 2725 2857 2726
f 2726 2857 2856
f 2726 2856 2773
f 2773 2856 2855
f 2773 2855 2775
f 2775 2855 2854
f 2775 2854 2771
f 2771 2854 2853
f 2771 2853 2769
f 2769 2853 2852
f 2769 2852 2767
f 158 161 2743
f 2743 161 2661
f 2743 2661 2825
f 2825 2661 2763
f 2825 2763 2826
f 2826 2763 2761
f 2826 2761 2827
f 2827 2761 2656
f 2827 2656 2828
f 2828 2656 2655
f 2828 2655 2860
f 2860 2655 2803
f 2860 2803 2778
f 2778 2803 2804
f 2778 2804 2779
f 2779 2804 2805
f 2779 2805 2812
f 2812 2805 2741
f 2812 2741 2739
f 2739 2741 2530
f 2739 2530 2528
f 2820 2819 2829
f 2829 2819 2821
f 2829 2821 2851
f 2851 2821 2828
f 2851 2828 2852
f 2852 2828 2860
f 2852 2860 2767
f 2767 2860 2778
f 2767 2778 2768
f 2768 2778 2780
f 2768 2780 2770
f 2770 2780 2782
f 2770 2782 2777
f 2777 2782 2784
f 2777 2784 2776
f 2776 2784 2786
f 2776 2786 2774
f 2774 2786 2788
f 2774 2788 2772
f 2772 2788 2790
f 2772 2790 2727
f 2727 2790 2792
f 2727 2792 402
f 402 2792 2794
f 402 2794 404
f 404 2794 2796
f 404 2796 2861
f 2679 2862 2680
f 2680 2862 2863
f 2680 2863 2683
f 2683 2863 2864
f 2683 2864 2682
f 2682 2864 2865
f 2682 2865 2681
f 2681 2865 2866
f 2681 2866 2664
f 2664 2866 2684
f 2664 2684 1360
f 1360 2684 1361
f 2815 2867 2813
f 2813 2867 2868
f 2813 2868 2743
f 2743 2868 2869
f 2743 2869 2660
f 2660 2869 2870
f 2660 2870 2744
f 2744 2870 2871
f 2744 2871 2745
f 2745 2871 2872
f 2745 2872 2873
f 2873 2872 2874
f 2873 2874 2875
f 2875 2874 2876
f 2875 2876 2877
f 2877 2876 2878
f 2877 2878 2879
f 2879 2878 2880
f 2879 2880 2881
f 2881 2880 2882
f 2881 2882 2883
f 2883 2882 2884
f 2883 2884 2885
f 2885 2884 2886
f 2885 2886 2887
f 2887 2886 2888
f 155 157 2746
f 2746 157 2745
f 2746 2745 2747
f 2747 2745 2873
f 2747 2873 2748
f 2748 2873 2875
f 2748 2875 2749
f 2749 2875 2877
f 2749 2877 2753
f 2753 2877 2879
f 2753 2879 2755
f 2755 2879 2881
f 2755 2881 2757
f 2757 2881 2883
f 2757 2883 2677
f 2677 2883 2885
f 2677 2885 2678
f 2678 2885 2887
f 2678 2887 2679
f 2679 2887 2888
f 2679 2888 2862
f 1547 1546 2842
f 2842 1546 2714
f 2842 2714 2840
f 2840 2714 2716
f 2840 2716 2838
f 2838 2716 2718
f 2838 2718 2836
f 2836 2718 2720
f 2836 2720 2834
f 2834 2720 2722
f 2834 2722 2832
f 2832 2722 2709
f 2832 2709 2830
f 2830 2709 2711
f 2830 2711 2820
f 2820 2711 2713
f 2820 2713 2818
f 2818 2713 2708
f 2818 2708 2816
f 2816 2708 2706
f 2816 2706 2815
f 2815 2706 2703
f 2815 2703 2867
f 2867 2703 2704
f 2867 2704 2868
f 2868 2704 2705
f 2868 2705 2869
f 2869 2705 2702
f 2869 2702 2870
f 2870 2702 2701
f 2870 2701 2871
f 2871 2701 2700
f 2871 2700 2872
f 2872 2700 2699
f 2872 2699 2874
f 2874 2699 2698
f 2874 2698 2876
f 2876 2698 2697
f 2876 2697 2878
f 2878 2697 2696
f 2878 2696 2880
f 2880 2696 2695
f 2880 2695 2882
f 2882 2695 2694
f 2882 2694 2884
f 2884 2694 2693
f 2884 2693 2886
f 2886 2693 2692
f 2886 2692 2888
f 2888 2692 2691
f 2888 2691 2862
f 2862 2691 2690
f 2862 2690 2863
f 2863 2690 2689
f 2863 2689 2864
f 2864 2689 2688
f 2864 2688 2865
f 2865 2688 2687
f 2865 2687 2866
f 2866 2687 2686
f 2866 2686 2684
f 2684 2686 2685
f 2684 2685 1349
f 1349 2685 1347
f 2889 2890 2891
f 2889 2891 2729
f 2729 2891 2731
f 2731 2891 2892
f 2731 2892 2732
f 2732 2892 2893
f 2732 2893 2795
f 2894 2895 2896
f 2796 2795 2893
f 2894 2896 2893
f 2893 2896 2861
f 2893 2861 2796
f 405 404 2897
f 2897 404 2861
f 2897 2861 2898
f 2898 2861 2896
f 2894 2893 2892
f 2894 2892 2895
f 2895 2892 2899
f 2899 2892 2891
f 2899 2891 2900
f 2900 2891 2890
f 2900 2890 2901
f 2902 2903 2904
f 2905 2906 2907
f 408 410 2908
f 415 417 2909
f 2910 2911 2912
f 2913 477 2914
f 2914 477 878
f 2915 2916 2917
f 2916 2918 2919
f 2919 2918 2920
f 2919 2920 2921
f 2922 2923 2924
f 2922 2924 2925
f 2923 2922 2926
f 2926 2922 419
f 2926 419 399
f 401 2927 399
f 399 2927 2928
f 399 2928 2926
f 2901 2910 2900
f 2900 2910 2912
f 2900 2912 2899
f 405 2899 403
f 403 2899 2912
f 403 2912 401
f 401 2912 2911
f 401 2911 2927
f 405 2897 2899
f 2899 2897 2898
f 2899 2898 2895
f 2895 2898 2896
f 2908 410 2909
f 2909 410 413
f 2909 413 415
f 2929 461 463
f 460 461 468
f 468 461 2929
f 468 2929 465
f 466 2930 472
f 472 2930 2931
f 472 2931 473
f 881 882 2931
f 2931 882 884
f 2931 884 473
f 2932 2933 2934
f 2934 2933 2925
f 2934 2925 2935
f 2935 2925 2924
f 2935 2924 2936
f 2916 2915 2918
f 2918 2915 2907
f 2918 2907 2920
f 2920 2907 2906
f 2920 2906 2937
f 2937 2906 2905
f 2937 2905 2938
f 2936 2939 2935
f 2935 2939 2940
f 2935 2940 2934
f 2934 2940 2941
f 2934 2941 2932
f 2932 2941 2942
f 479 477 2917
f 2917 477 2913
f 2917 2913 2915
f 2915 2913 2942
f 2915 2942 2907
f 2907 2942 2941
f 2907 2941 2905
f 2905 2941 2940
f 2905 2940 2938
f 2938 2940 2939
f 878 879 2914
f 2914 879 2943
f 2914 2943 2913
f 2913 2943 2944
f 2913 2944 2942
f 2902 2904 2945
f 2945 2904 2946
f 2945 2946 2908
f 466 465 2930
f 2930 465 2929
f 2930 2929 2947
f 2947 2929 463
f 2947 463 406
f 408 2908 406
f 406 2908 2946
f 406 2946 2947
f 2947 2946 2904
f 2947 2904 2930
f 2930 2904 2903
f 2930 2903 2931
f 879 881 2943
f 2943 881 2931
f 2943 2931 2944
f 2944 2931 2903
f 2944 2903 2942
f 2942 2903 2902
f 2942 2902 2932
f 2932 2902 2945
f 2932 2945 2933
f 2933 2945 2908
f 2933 2908 2925
f 2925 2908 2909
f 2925 2909 2922
f 2922 2909 417
f 2922 417 419
f 2921 2948 796
f 796 2948 799
f 795 478 479
f 479 2917 795
f 795 2917 2916
f 795 2916 796
f 796 2916 2919
f 796 2919 2921
f 2949 830 2948
f 2948 830 798
f 2948 798 799
f 2950 2951 2952
f 2953 2954 2955
f 2955 2956 2953
f 2953 2956 2957
f 2953 2957 2958
f 2958 2957 2959
f 2958 2959 2960
f 2960 2959 2961
f 2960 2961 2962
f 2962 2961 2963
f 2962 2963 2964
f 2964 2963 2965
f 2965 2963 2966
f 2965 2966 2967
f 2952 2968 2950
f 2950 2968 2967
f 2950 2967 2969
f 2969 2967 2966
f 491 488 2967
f 2967 488 2965
f 2965 488 487
f 2965 487 2964
f 2970 830 2971
f 2971 830 2949
f 2971 2949 2972
f 2970 2973 830
f 830 2973 2974
f 830 2974 2975
f 2964 487 2962
f 2962 487 485
f 2962 485 2960
f 2960 485 518
f 2960 518 2958
f 2958 518 516
f 2958 516 2953
f 803 801 2976
f 2976 801 830
f 2976 830 2977
f 2977 830 2975
f 516 514 2953
f 2953 514 512
f 2953 512 2954
f 2954 512 509
f 2954 509 2976
f 2967 2968 491
f 491 2968 2952
f 491 2952 494
f 494 2952 2978
f 494 2978 499
f 499 2978 2979
f 499 2979 483
f 483 2979 2980
f 483 2980 480
f 480 2980 803
f 480 803 503
f 503 803 2976
f 503 2976 506
f 506 2976 509
f 804 803 2980
f 808 804 2980
f 2980 2979 2981
f 826 808 2982
f 2982 808 2980
f 2982 2980 2983
f 2978 2984 2979
f 2979 2984 2985
f 2979 2985 2981
f 2981 2985 2986
f 2980 2981 2983
f 2983 2981 2986
f 2983 2986 2982
f 2982 2986 2987
f 2982 2987 826
f 826 2987 2988
f 826 2988 825
f 825 2988 2989
f 825 2989 824
f 824 2989 2990
f 824 2990 822
f 822 2990 2991
f 822 2991 823
f 823 2991 2992
f 823 2992 819
f 549 820 550
f 550 820 819
f 550 819 2993
f 2993 819 2992
f 547 2994 2715
f 2995 2721 2719
f 2990 2989 2996
f 2997 2998 2999
f 2999 2998 3000
f 2999 3000 3001
f 2996 2997 2990
f 2990 2997 2999
f 2990 2999 2991
f 2991 2999 3002
f 2991 3002 2992
f 2717 2715 3003
f 3003 2715 2994
f 3003 2994 2993
f 2993 2994 547
f 2993 547 550
f 2993 2992 3003
f 3003 2992 3002
f 3003 3002 2717
f 2717 3002 2999
f 2717 2999 2719
f 2719 2999 3001
f 2719 3001 2995
f 3004 3005 3006
f 3001 3007 3008
f 2997 2996 3009
f 3010 3011 3012
f 3012 3011 3013
f 2998 2997 3014
f 3014 2997 3009
f 3014 3009 3015
f 3007 3001 3014
f 3014 3001 3000
f 3014 3000 2998
f 2721 2995 3016
f 3016 2995 3017
f 3016 3017 3018
f 3019 3020 3021
f 3021 3020 3022
f 3019 3023 3020
f 3020 3023 3024
f 3020 3024 3022
f 3019 3025 3023
f 3023 3025 3004
f 3023 3004 3026
f 3026 3004 3006
f 2995 3001 3017
f 3017 3001 3008
f 3017 3008 3027
f 3027 3008 3007
f 3027 3007 3028
f 3028 3007 3014
f 3028 3014 3010
f 3010 3014 3015
f 3010 3015 3011
f 3018 3017 3021
f 3021 3017 3027
f 3021 3027 3019
f 3019 3027 3028
f 3019 3028 3025
f 3025 3028 3010
f 3025 3010 3004
f 3004 3010 3012
f 3004 3012 3005
f 3005 3012 3013
f 3005 3013 3006
f 3006 3013 3029
f 3006 3029 3030
f 2996 2989 2988
f 2996 2988 3009
f 3009 2988 2987
f 3009 2987 3015
f 3015 2987 3031
f 3015 3031 3011
f 3011 3031 3032
f 3011 3032 3013
f 3013 3032 3033
f 3013 3033 3029
f 2984 2978 3034
f 2987 2986 3031
f 3031 2986 2985
f 3031 2985 3032
f 3032 2985 2984
f 3032 2984 3033
f 3033 2984 3034
f 3033 3034 3029
f 3029 3034 3030
f 3035 2710 2724
f 3030 3036 3006
f 3006 3036 3037
f 3030 3034 3036
f 3036 3034 2978
f 3036 2978 2952
f 3022 3024 3038
f 3038 3024 3023
f 3038 3023 3037
f 3037 3023 3026
f 3037 3026 3006
f 2723 2721 3016
f 3016 3018 2723
f 2723 3018 3021
f 2723 3021 2724
f 3035 2724 3039
f 3040 2707 2712
f 2712 3041 3040
f 3040 3041 3042
f 3040 3042 3043
f 3043 3042 3044
f 3044 3042 3045
f 3044 3045 3046
f 3047 3048 3046
f 2952 2951 3049
f 3046 3045 3047
f 3047 3045 3050
f 3047 3050 3051
f 2712 2710 3041
f 3041 2710 3035
f 3041 3035 3042
f 3042 3035 3039
f 3042 3039 3045
f 3045 3039 3052
f 3045 3052 3050
f 3021 3022 2724
f 2724 3022 3038
f 2724 3038 3039
f 3039 3038 3037
f 3039 3037 3052
f 3052 3037 3036
f 3052 3036 3050
f 3050 3036 2952
f 3050 2952 3051
f 3051 2952 3049
f 3051 3049 3047
f 3047 3049 3053
f 3047 3053 3048
f 1922 62 1920
f 1920 62 61
f 87 1916 61
f 61 1916 1918
f 61 1918 1920
f 2969 72 2950
f 2950 72 70
f 2950 70 2951
f 2951 70 68
f 2951 68 3049
f 3049 68 66
f 1899 1898 87
f 87 1898 1914
f 87 1914 1916
f 2707 3040 1887
f 1887 3040 1889
f 1887 1889 1888
f 1911 1910 3054
f 3054 1910 3055
f 2969 2966 72
f 72 2966 2963
f 72 2963 74
f 74 2963 2961
f 74 2961 82
f 82 2961 2959
f 82 2959 83
f 83 2959 2957
f 83 2957 84
f 84 2957 2956
f 84 2956 85
f 85 2956 2955
f 85 2955 86
f 86 2955 3055
f 86 3055 87
f 87 3055 1910
f 87 1910 1899
f 3046 3048 66
f 66 3048 3053
f 66 3053 3049
f 3044 1890 3043
f 3043 1890 1891
f 3043 1891 3040
f 3040 1891 1892
f 3040 1892 1889
f 3044 3046 1890
f 1890 3046 66
f 1890 66 1922
f 1922 66 64
f 1922 64 62
f 3056 3055 2955
f 3057 2955 3058
f 3058 2955 2954
f 3058 2954 2976
f 3059 3056 3060
f 3060 3056 2955
f 3060 2955 3061
f 3061 2955 3057
f 3059 3062 3056
f 3056 3062 3063
f 3056 3063 3055
f 3064 3065 1952
f 1952 1951 3064
f 3064 1951 1911
f 3064 1911 3063
f 3063 1911 3054
f 3063 3054 3055
f 3066 3067 3068
f 3068 3067 3069
f 3068 3069 3070
f 3071 1962 3070
f 3070 1962 1952
f 3070 1952 3068
f 3068 1952 3065
f 3068 3065 3066
f 1946 1947 3072
f 3072 1947 1937
f 3072 1937 3073
f 3073 1937 1936
f 3073 1936 3071
f 3071 1936 1950
f 3071 1950 1962
f 3074 3075 3076
f 3076 3075 1946
f 3076 1946 3077
f 3077 1946 3072
f 3078 3079 3080
f 3080 3079 3081
f 3080 3081 3075
f 3082 3083 3084
f 3084 3083 3079
f 3084 3079 3085
f 3085 3079 3078
f 3086 3087 1997
f 1997 3087 1980
f 3087 3088 1980
f 1980 3088 3089
f 1980 3089 1981
f 1981 3089 3090
f 1981 3090 1971
f 1971 3090 3091
f 1971 3091 1969
f 1969 3091 1967
f 3082 3086 3083
f 3083 3086 1997
f 3083 1997 3079
f 3079 1997 1987
f 3079 1987 3081
f 1987 1985 3081
f 3081 1985 1983
f 3081 1983 3075
f 1941 1938 1983
f 1983 1938 1944
f 1944 1945 1983
f 1983 1945 1946
f 1983 1946 3075
f 3092 3093 3094
f 3093 3092 3095
f 3096 3097 3098
f 3098 3099 3096
f 3096 3099 3100
f 3096 3100 3101
f 3101 3100 2203
f 3098 3097 3102
f 3102 3103 3104
f 3104 3105 3102
f 3102 3105 3106
f 3102 3106 3098
f 2031 3102 3097
f 2034 3103 2029
f 2029 3103 3102
f 2029 3102 2030
f 2030 3102 2031
f 2034 1967 3091
f 3107 3095 3091
f 3091 3095 3092
f 3091 3092 2034
f 2034 3092 3094
f 2034 3094 3103
f 2017 2016 2215
f 2215 2016 2021
f 2215 2021 2203
f 2203 2021 2023
f 2203 2023 3101
f 3101 2023 2025
f 3101 2025 3096
f 3096 2025 2028
f 3096 2028 3097
f 3097 2028 2027
f 3097 2027 2031
f 2017 2215 2019
f 2019 2215 2217
f 2019 2217 2020
f 2020 2217 2219
f 2020 2219 2012
f 2012 2219 2014
f 2014 2219 2186
f 2014 2186 2015
f 3104 3103 3108
f 3108 3103 3094
f 2211 2200 3109
f 3109 2200 2199
f 3109 2199 2198
f 3104 3108 3105
f 3105 3108 3110
f 3105 3110 3106
f 3106 3110 3111
f 3106 3111 3098
f 3098 3111 3109
f 3098 3109 3099
f 3099 3109 2198
f 3099 2198 2197
f 2204 2203 3100
f 2197 2195 3099
f 3099 2195 2206
f 3099 2206 3100
f 3100 2206 2205
f 3100 2205 2204
f 3112 3113 3109
f 3109 3111 3112
f 3112 3111 3110
f 3112 3110 3114
f 3114 3110 3108
f 3114 3108 3094
f 3113 3112 3115
f 3115 3112 3116
f 3116 3112 3114
f 3116 3114 3117
f 3093 3118 3119
f 3117 3114 3119
f 3119 3114 3094
f 3119 3094 3093
f 3095 3107 3120
f 3121 3122 3123
f 3123 3122 3118
f 3123 3118 3120
f 3120 3118 3093
f 3120 3093 3095
f 3124 3125 3126
f 3066 3065 3064
f 3058 2976 3127
f 3127 2976 2977
f 3127 2977 3128
f 2972 3129 2971
f 3130 3131 3132
f 3123 3120 3133
f 3133 3120 3107
f 3133 3107 3134
f 3135 3136 3137
f 3136 3135 3138
f 3138 3135 3139
f 3138 3139 3140
f 3140 3139 3141
f 3140 3141 3142
f 3142 3141 3143
f 3142 3143 3144
f 3144 3143 3145
f 3144 3145 3146
f 3129 2972 3147
f 3146 3145 3148
f 3148 3145 3147
f 3148 3147 3132
f 3132 3147 2972
f 3132 2972 3130
f 2973 3149 2974
f 2974 3149 2975
f 3057 3058 3061
f 3061 3058 3127
f 3061 3127 3150
f 3150 3127 3128
f 3150 3128 3149
f 3149 3128 2977
f 3149 2977 2975
f 3064 3063 3151
f 3151 3063 3062
f 3151 3062 3152
f 3152 3062 3059
f 3152 3059 3060
f 3066 3064 3067
f 3067 3064 3069
f 3069 3064 3151
f 3069 3151 3070
f 3075 3074 3126
f 3126 3074 3076
f 3076 3077 3126
f 3126 3077 3072
f 3126 3072 3124
f 3124 3072 3073
f 3124 3073 3151
f 3151 3073 3071
f 3151 3071 3070
f 3126 3153 3075
f 3075 3153 3154
f 3075 3154 3080
f 3080 3154 3155
f 3080 3155 3078
f 3078 3155 3085
f 3085 3155 3084
f 3084 3155 3134
f 3084 3134 3082
f 3082 3134 3107
f 3082 3107 3086
f 3091 3090 3107
f 3107 3090 3089
f 3089 3088 3107
f 3107 3088 3087
f 3107 3087 3086
f 3125 3124 3156
f 3156 3124 3151
f 3156 3151 3149
f 3149 3151 3152
f 3149 3152 3150
f 3150 3152 3060
f 3150 3060 3061
f 3121 3123 3137
f 3137 3123 3133
f 3137 3133 3135
f 3135 3133 3134
f 3135 3134 3139
f 3139 3134 3155
f 3139 3155 3141
f 3141 3155 3154
f 3141 3154 3143
f 3143 3154 3153
f 3143 3153 3145
f 3145 3153 3126
f 3145 3126 3147
f 3147 3126 3125
f 3147 3125 3129
f 3129 3125 3156
f 3129 3156 2971
f 2971 3156 3149
f 2971 3149 2970
f 2970 3149 2973
f 2948 3131 2949
f 2949 3131 3130
f 2949 3130 2972
f 2620 2378 2377
f 3118 3122 172
f 3109 3113 2211
f 2211 3113 3115
f 2211 3115 3116
f 2911 3157 3158
f 3118 172 2211
f 2211 172 175
f 2211 175 2207
f 152 2237 154
f 154 2237 156
f 3122 3121 172
f 172 3121 3137
f 172 3137 3136
f 3116 3117 2211
f 2211 3117 3119
f 2211 3119 3118
f 3158 3159 2911
f 2911 3159 3160
f 2911 3160 3161
f 3161 3162 2911
f 2911 3162 3163
f 2911 3163 2612
f 2612 3163 3164
f 2612 3164 3165
f 2237 2239 156
f 156 2239 2246
f 156 2246 177
f 177 2246 2192
f 177 2192 175
f 175 2192 2191
f 175 2191 2207
f 3165 3166 2612
f 2612 3166 3167
f 2612 3167 2453
f 3167 3168 2453
f 2453 3168 3169
f 2453 3169 2451
f 2451 3169 3170
f 2451 3170 2449
f 2449 3170 3171
f 2449 3171 2448
f 2448 3171 3172
f 2448 3172 2446
f 2446 3172 3173
f 103 179 2911
f 3136 3138 172
f 172 3138 3140
f 172 3140 3142
f 2436 3174 2455
f 2455 3174 3175
f 2455 3175 2456
f 2436 2435 3174
f 3174 2435 2431
f 3174 2431 3176
f 2911 179 2927
f 3142 3144 172
f 172 3144 3146
f 172 3146 170
f 3177 2425 3178
f 3178 2425 2441
f 3178 2441 3179
f 3179 2441 2443
f 3179 2443 3173
f 3173 2443 2445
f 3173 2445 2446
f 2431 2429 3176
f 3176 2429 2440
f 3176 2440 3180
f 3180 2440 2439
f 3180 2439 3181
f 3181 2439 2438
f 3181 2438 3177
f 3177 2438 2426
f 3177 2426 2425
f 2466 2465 3175
f 3175 2465 2462
f 3175 2462 2456
f 152 151 2237
f 2237 151 148
f 2237 148 2254
f 2326 142 2307
f 2307 142 145
f 2307 145 2309
f 3146 3148 2921
f 2921 3148 3132
f 2921 3132 2948
f 2948 3132 3131
f 2416 2889 2728
f 2728 2889 2729
f 2254 148 2311
f 2311 148 150
f 2311 150 2326
f 2326 150 139
f 2326 139 142
f 2369 125 123
f 2615 121 119
f 2415 2418 2901
f 2911 2910 3157
f 3157 2910 2901
f 3157 2901 3175
f 3175 2901 2467
f 3175 2467 2466
f 145 137 2309
f 2309 137 136
f 2309 136 2310
f 2310 136 134
f 2310 134 2355
f 2377 2376 2620
f 2620 2376 2369
f 2620 2369 2615
f 2615 2369 123
f 2615 123 121
f 2418 2474 2901
f 2901 2474 2473
f 2901 2473 2467
f 119 117 2615
f 2615 117 115
f 2615 115 2612
f 115 114 2612
f 2612 114 112
f 2612 112 2911
f 2911 112 110
f 2911 110 108
f 96 98 2911
f 3146 2921 170
f 170 2921 2920
f 170 2920 168
f 168 2920 2937
f 168 2937 166
f 166 2937 2938
f 166 2938 159
f 159 2938 2939
f 159 2939 160
f 160 2939 2936
f 160 2936 162
f 162 2936 2924
f 162 2924 164
f 164 2924 2923
f 164 2923 178
f 178 2923 2926
f 178 2926 179
f 179 2926 2928
f 179 2928 2927
f 2415 2901 2416
f 2416 2901 2890
f 2416 2890 2889
f 134 132 2355
f 2355 132 130
f 2355 130 2362
f 2362 130 129
f 2362 129 2369
f 2369 129 127
f 2369 127 125
f 108 106 2911
f 2911 106 104
f 2911 104 88
f 98 99 2911
f 2911 99 101
f 2911 101 103
f 88 91 2911
f 2911 91 93
f 2911 93 96
f 3178 3182 3177
f 3177 3182 3183
f 3177 3183 3181
f 3181 3183 3184
f 3181 3184 3180
f 3180 3184 3185
f 3180 3185 3176
f 3176 3185 3186
f 3176 3186 3174
f 3174 3186 3187
f 3174 3187 3175
f 3187 3188 3175
f 3175 3188 3189
f 3175 3189 3157
f 3157 3189 3190
f 3157 3190 3158
f 3158 3190 3191
f 3158 3191 3159
f 3159 3191 3192
f 3159 3192 3160
f 3160 3192 3161
f 3193 3194 3163
f 3192 3195 3161
f 3161 3195 3193
f 3161 3193 3162
f 3162 3193 3163
f 3163 3194 3164
f 3164 3194 3196
f 3164 3196 3165
f 3165 3196 3197
f 3165 3197 3166
f 3166 3197 3198
f 3166 3198 3167
f 3167 3198 3199
f 3167 3199 3168
f 3168 3199 3200
f 3168 3200 3169
f 3200 3201 3169
f 3169 3201 3202
f 3169 3202 3170
f 3170 3202 3203
f 3170 3203 3171
f 3171 3203 3204
f 3171 3204 3172
f 3204 3205 3172
f 3172 3205 3206
f 3172 3206 3173
f 3173 3206 3207
f 3173 3207 3179
f 3179 3207 3182
f 3179 3182 3178
f 3182 3208 3183
f 3183 3208 3209
f 3183 3209 3184
f 3184 3209 3210
f 3184 3210 3185
f 3210 3211 3185
f 3185 3211 3212
f 3185 3212 3186
f 3186 3212 3213
f 3186 3213 3214
f 3214 3215 3186
f 3186 3215 3216
f 3186 3216 3187
f 3187 3216 3217
f 3187 3217 3218
f 3218 3219 3187
f 3187 3219 3220
f 3187 3220 3188
f 3188 3220 3221
f 3188 3221 3222
f 50 52 3190
f 3190 52 53
f 3190 53 3191
f 3191 53 55
f 3191 55 58
f 3222 232 3188
f 3188 232 3223
f 3188 3223 3189
f 3189 3223 3224
f 3224 3225 3189
f 3189 3225 2
f 3189 2 3190
f 3190 2 1
f 3190 1 50
f 58 59 3191
f 3191 59 6
f 3191 6 3192
f 3192 6 8
f 3192 8 3195
f 3194 3193 16
f 8 10 3195
f 3195 10 12
f 3195 12 3193
f 3193 12 14
f 3193 14 16
f 3197 3196 25
f 16 19 3194
f 3194 19 21
f 3194 21 3196
f 3196 21 23
f 3196 23 25
f 3199 3198 33
f 25 27 3197
f 3197 27 29
f 3197 29 3198
f 3198 29 31
f 3198 31 33
f 43 3201 41
f 41 3201 3200
f 33 35 3199
f 3199 35 37
f 3199 37 3200
f 3200 37 39
f 3200 39 41
f 43 45 3201
f 3201 45 47
f 3201 47 3202
f 3202 47 49
f 3202 49 3203
f 3203 49 3226
f 3203 3226 3204
f 3204 3226 3205
f 3226 3227 3205
f 3205 3227 3228
f 3205 3228 3206
f 3228 3229 3206
f 3206 3229 3230
f 3206 3230 3207
f 3207 3230 3231
f 3231 3232 3207
f 3207 3232 3233
f 3207 3233 3182
f 3182 3233 3234
f 3182 3234 3208
f 49 269 265
f 3209 246 3210
f 3210 246 244
f 3210 244 3211
f 3215 3214 242
f 242 3214 3213
f 242 3213 241
f 241 3213 3212
f 241 3212 239
f 239 3212 3211
f 239 3211 243
f 243 3211 244
f 232 3222 233
f 233 3222 3221
f 233 3221 234
f 234 3221 3220
f 234 3220 235
f 3220 3219 235
f 235 3219 3218
f 235 3218 218
f 218 3218 3217
f 218 3217 219
f 219 3217 3216
f 219 3216 236
f 236 3216 3215
f 236 3215 237
f 237 3215 242
f 49 265 3226
f 3226 265 264
f 3226 264 3227
f 3227 264 262
f 3227 262 3228
f 3228 262 261
f 3228 261 3229
f 3229 261 259
f 3229 259 3230
f 3230 259 258
f 3230 258 3231
f 3231 258 256
f 3231 256 3232
f 3232 256 254
f 3232 254 3233
f 3233 254 253
f 3233 253 3234
f 3234 253 250
f 3234 250 3208
f 3208 250 249
f 3208 249 3209
f 3209 249 247
f 3209 247 246
f 3223 232 231
f 3223 231 3224
f 3224 231 230
f 3224 230 3225
f 3225 230 229
f 3225 229 2
