mtllib hand2_link_1_1_visuals.mtl
v -0.020500000566244136 -0.010300000198185442 -0.0076000001281499915
v -0.019899999722838412 -0.010300000198185442 -0.007100000046193604
v -0.020099999383091937 -0.010300000198185442 -0.007899999618530279
v -0.019400000572204597 -0.010300000198185442 -0.007499999832361942
v -0.01979999989271165 -0.010300000198185442 -0.00820000004023314
v -0.01909999921917916 -0.010300000198185442 -0.008000000379979616
v -0.019700000062584887 -0.010300000198185442 -0.008600000292062765
v -0.018999999389052398 -0.010300000198185442 -0.008500000461936002
v -0.019700000062584887 -0.010300000198185442 -0.009100000374019151
v -0.018999999389052398 -0.010300000198185442 -0.009100000374019151
v -0.019899999722838412 -0.010300000198185442 -0.009499999694526202
v -0.02199999988079072 -0.010300000198185442 -0.008100000210106378
v -0.022500000894069682 -0.010300000198185442 -0.007499999832361942
v -0.021700000390410434 -0.010300000198185442 -0.007799999788403516
v -0.02199999988079072 -0.010300000198185442 -0.007100000046193604
v -0.021299999207258235 -0.010300000198185442 -0.0076000001281499915
v -0.02150000073015691 -0.010300000198185442 -0.006899999920278792
v -0.020899999886751185 -0.010300000198185442 -0.0076000001281499915
v -0.020899999886751185 -0.010300000198185442 -0.0068000000901520296
v -0.020400000736117373 -0.010300000198185442 -0.006899999920278792
v -0.01909999921917916 -0.010300000198185442 -0.00960000045597554
v -0.019400000572204597 -0.010300000198185442 -0.010099999606609351
v -0.0201999992132187 -0.010300000198185442 -0.009800000116229064
v -0.019899999722838412 -0.010300000198185442 -0.010499999858438976
v -0.020600000396370898 -0.010300000198185442 -0.009999999776482589
v -0.020400000736117373 -0.010300000198185442 -0.010700000450015075
v -0.020999999716877948 -0.010300000198185442 -0.010099999606609351
v -0.020999999716877948 -0.010300000198185442 -0.010800000280141837
v -0.021400000900030147 -0.010300000198185442 -0.009999999776482589
v -0.02150000073015691 -0.010300000198185442 -0.010700000450015075
v -0.02199999988079072 -0.010300000198185442 -0.010499999858438976
v -0.021800000220537196 -0.010300000198185442 -0.009700000286102302
v -0.022500000894069682 -0.010300000198185442 -0.010099999606609351
v -0.022099999710917483 -0.010300000198185442 -0.00939999986439944
v -0.02280000038444997 -0.010300000198185442 -0.00960000045597554
v -0.022199999541044246 -0.010300000198185442 -0.008999999612569814
v -0.02290000021457673 -0.010300000198185442 -0.009100000374019151
v -0.022199999541044246 -0.010300000198185442 -0.008500000461936002
v -0.02290000021457673 -0.010300000198185442 -0.008500000461936002
v -0.02280000038444997 -0.010300000198185442 -0.008000000379979616
v -0.018999999389052398 -0.010300000198185442 -0.008500000461936002
v -0.018999999389052398 -0.010800000280141829 -0.008500000461936002
v -0.018999999389052398 -0.010800000280141829 -0.009100000374019151
v -0.018999999389052398 -0.010300000198185442 -0.009100000374019151
v -0.018999999389052398 -0.010300000198185442 -0.009100000374019151
v -0.018999999389052398 -0.010800000280141829 -0.009100000374019151
v -0.01909999921917916 -0.010800000280141829 -0.00960000045597554
v -0.01909999921917916 -0.010300000198185442 -0.00960000045597554
v -0.01909999921917916 -0.010300000198185442 -0.00960000045597554
v -0.01909999921917916 -0.010800000280141829 -0.00960000045597554
v -0.019400000572204597 -0.010800000280141829 -0.010099999606609351
v -0.019400000572204597 -0.010300000198185442 -0.010099999606609351
v -0.019400000572204597 -0.010300000198185442 -0.010099999606609351
v -0.019400000572204597 -0.010800000280141829 -0.010099999606609351
v -0.019899999722838412 -0.010800000280141829 -0.010499999858438976
v -0.019899999722838412 -0.010300000198185442 -0.010499999858438976
v -0.019899999722838412 -0.010300000198185442 -0.010499999858438976
v -0.019899999722838412 -0.010800000280141829 -0.010499999858438976
v -0.020400000736117373 -0.010800000280141829 -0.010700000450015075
v -0.020400000736117373 -0.010300000198185442 -0.010700000450015075
v -0.020400000736117373 -0.010300000198185442 -0.010700000450015075
v -0.020400000736117373 -0.010800000280141829 -0.010700000450015075
v -0.020999999716877948 -0.010800000280141829 -0.010800000280141837
v -0.020999999716877948 -0.010300000198185442 -0.010800000280141837
v -0.020999999716877948 -0.010300000198185442 -0.010800000280141837
v -0.020999999716877948 -0.010800000280141829 -0.010800000280141837
v -0.02150000073015691 -0.010800000280141829 -0.010700000450015075
v -0.02150000073015691 -0.010300000198185442 -0.010700000450015075
v -0.02150000073015691 -0.010300000198185442 -0.010700000450015075
v -0.02150000073015691 -0.010800000280141829 -0.010700000450015075
v -0.02199999988079072 -0.010800000280141829 -0.010499999858438976
v -0.02199999988079072 -0.010300000198185442 -0.010499999858438976
v -0.02199999988079072 -0.010300000198185442 -0.010499999858438976
v -0.02199999988079072 -0.010800000280141829 -0.010499999858438976
v -0.022500000894069682 -0.010800000280141829 -0.010099999606609351
v -0.022500000894069682 -0.010300000198185442 -0.010099999606609351
v -0.022500000894069682 -0.010300000198185442 -0.010099999606609351
v -0.022500000894069682 -0.010800000280141829 -0.010099999606609351
v -0.02280000038444997 -0.010800000280141829 -0.00960000045597554
v -0.02280000038444997 -0.010300000198185442 -0.00960000045597554
v -0.02280000038444997 -0.010300000198185442 -0.00960000045597554
v -0.02280000038444997 -0.010800000280141829 -0.00960000045597554
v -0.02290000021457673 -0.010800000280141829 -0.009100000374019151
v -0.02290000021457673 -0.010300000198185442 -0.009100000374019151
v -0.022700000554323207 -0.010999999940395353 -0.009100000374019151
v -0.02290000021457673 -0.010800000280141829 -0.009100000374019151
v -0.02280000038444997 -0.010800000280141829 -0.00960000045597554
v -0.022600000724196444 -0.010999999940395353 -0.009499999694526202
v -0.022600000724196444 -0.010999999940395353 -0.009499999694526202
v -0.02280000038444997 -0.010800000280141829 -0.00960000045597554
v -0.022500000894069682 -0.010800000280141829 -0.010099999606609351
v -0.022299999371171008 -0.010999999940395353 -0.009999999776482589
v -0.022299999371171008 -0.010999999940395353 -0.009999999776482589
v -0.022500000894069682 -0.010800000280141829 -0.010099999606609351
v -0.02199999988079072 -0.010800000280141829 -0.010499999858438976
v -0.02190000005066396 -0.010999999940395353 -0.01030000019818545
v -0.02190000005066396 -0.010999999940395353 -0.01030000019818545
v -0.02199999988079072 -0.010800000280141829 -0.010499999858438976
v -0.02150000073015691 -0.010800000280141829 -0.010700000450015075
v -0.02150000073015691 -0.010999999940395353 -0.010499999858438976
v -0.02150000073015691 -0.010999999940395353 -0.010499999858438976
v -0.02150000073015691 -0.010800000280141829 -0.010700000450015075
v -0.020999999716877948 -0.010800000280141829 -0.010800000280141837
v -0.020999999716877948 -0.010999999940395353 -0.010599999688565738
v -0.020999999716877948 -0.010999999940395353 -0.010599999688565738
v -0.020999999716877948 -0.010800000280141829 -0.010800000280141837
v -0.020400000736117373 -0.010800000280141829 -0.010700000450015075
v -0.020400000736117373 -0.010999999940395353 -0.010499999858438976
v -0.020400000736117373 -0.010999999940395353 -0.010499999858438976
v -0.020400000736117373 -0.010800000280141829 -0.010700000450015075
v -0.019899999722838412 -0.010800000280141829 -0.010499999858438976
v -0.019999999552965175 -0.010999999940395353 -0.01030000019818545
v -0.019999999552965175 -0.010999999940395353 -0.01030000019818545
v -0.019899999722838412 -0.010800000280141829 -0.010499999858438976
v -0.019400000572204597 -0.010800000280141829 -0.010099999606609351
v -0.019600000232458125 -0.010999999940395353 -0.009999999776482589
v -0.019600000232458125 -0.010999999940395353 -0.009999999776482589
v -0.019400000572204597 -0.010800000280141829 -0.010099999606609351
v -0.01909999921917916 -0.010800000280141829 -0.00960000045597554
v -0.019300000742077834 -0.010999999940395353 -0.00960000045597554
v -0.019300000742077834 -0.010999999940395353 -0.00960000045597554
v -0.01909999921917916 -0.010800000280141829 -0.00960000045597554
v -0.018999999389052398 -0.010800000280141829 -0.009100000374019151
v -0.019200000911951072 -0.010999999940395353 -0.009100000374019151
v -0.019200000911951072 -0.010999999940395353 -0.009100000374019151
v -0.018999999389052398 -0.010800000280141829 -0.009100000374019151
v -0.018999999389052398 -0.010800000280141829 -0.008500000461936002
v -0.019200000911951072 -0.010999999940395353 -0.008600000292062765
v -0.02070000022649766 -0.010999999940395353 -0.007000000216066842
v -0.021199999377131473 -0.010999999940395353 -0.007000000216066842
v -0.022600000724196444 -0.010999999940395353 -0.009499999694526202
v -0.02160000056028367 -0.010999999940395353 -0.007100000046193604
v -0.022700000554323207 -0.010999999940395353 -0.009100000374019151
v -0.02190000005066396 -0.010999999940395353 -0.01030000019818545
v -0.02150000073015691 -0.010999999940395353 -0.010499999858438976
v -0.020999999716877948 -0.010999999940395353 -0.010599999688565738
v -0.02160000056028367 -0.010999999940395353 -0.007100000046193604
v -0.022099999710917483 -0.010999999940395353 -0.007400000002235179
v -0.02239999920129777 -0.010999999940395353 -0.007699999958276754
v -0.022299999371171008 -0.010999999940395353 -0.009999999776482589
v -0.02239999920129777 -0.010999999940395353 -0.007699999958276754
v -0.022600000724196444 -0.010999999940395353 -0.008100000210106378
v -0.022700000554323207 -0.010999999940395353 -0.008600000292062765
v -0.020400000736117373 -0.010999999940395353 -0.010499999858438976
v -0.019999999552965175 -0.010999999940395353 -0.01030000019818545
v -0.019600000232458125 -0.010999999940395353 -0.009999999776482589
v -0.019300000742077834 -0.010999999940395353 -0.00960000045597554
v -0.019200000911951072 -0.010999999940395353 -0.009100000374019151
v -0.019200000911951072 -0.010999999940395353 -0.008600000292062765
v -0.019300000742077834 -0.010999999940395353 -0.008100000210106378
v -0.01950000040233136 -0.010999999940395353 -0.007699999958276754
v -0.019899999722838412 -0.010999999940395353 -0.007400000002235179
v -0.02030000090599061 -0.010999999940395353 -0.007100000046193604
v -0.019200000911951072 -0.010999999940395353 -0.008600000292062765
v -0.018999999389052398 -0.010800000280141829 -0.008500000461936002
v -0.01909999921917916 -0.010800000280141829 -0.008000000379979616
v -0.019300000742077834 -0.010999999940395353 -0.008100000210106378
v -0.019300000742077834 -0.010999999940395353 -0.008100000210106378
v -0.01909999921917916 -0.010800000280141829 -0.008000000379979616
v -0.019300000742077834 -0.010999999940395353 -0.008100000210106378
v -0.01909999921917916 -0.010800000280141829 -0.008000000379979616
v -0.01950000040233136 -0.010999999940395353 -0.007699999958276754
v -0.01909999921917916 -0.010800000280141829 -0.008000000379979616
v -0.019400000572204597 -0.010800000280141829 -0.0076000001281499915
v -0.01950000040233136 -0.010999999940395353 -0.007699999958276754
v -0.01950000040233136 -0.010999999940395353 -0.007699999958276754
v -0.019400000572204597 -0.010800000280141829 -0.0076000001281499915
v -0.019400000572204597 -0.010800000280141829 -0.007499999832361942
v -0.01950000040233136 -0.010999999940395353 -0.007699999958276754
v -0.019400000572204597 -0.010800000280141829 -0.007499999832361942
v -0.019899999722838412 -0.010999999940395353 -0.007400000002235179
v -0.019400000572204597 -0.010800000280141829 -0.007499999832361942
v -0.019700000062584887 -0.010800000280141829 -0.007199999876320367
v -0.019899999722838412 -0.010999999940395353 -0.007400000002235179
v -0.019899999722838412 -0.010999999940395353 -0.007400000002235179
v -0.019700000062584887 -0.010800000280141829 -0.007199999876320367
v -0.019899999722838412 -0.010800000280141829 -0.007100000046193604
v -0.019899999722838412 -0.010999999940395353 -0.007400000002235179
v -0.019899999722838412 -0.010800000280141829 -0.007100000046193604
v -0.02030000090599061 -0.010999999940395353 -0.007100000046193604
v -0.019899999722838412 -0.010800000280141829 -0.007100000046193604
v -0.0201999992132187 -0.010800000280141829 -0.007000000216066842
v -0.02030000090599061 -0.010999999940395353 -0.007100000046193604
v -0.02030000090599061 -0.010999999940395353 -0.007100000046193604
v -0.0201999992132187 -0.010800000280141829 -0.007000000216066842
v -0.020400000736117373 -0.010800000280141829 -0.006899999920278792
v -0.02030000090599061 -0.010999999940395353 -0.007100000046193604
v -0.020400000736117373 -0.010800000280141829 -0.006899999920278792
v -0.02070000022649766 -0.010999999940395353 -0.007000000216066842
v -0.021199999377131473 -0.010800000280141829 -0.0068000000901520296
v -0.021199999377131473 -0.010999999940395353 -0.007000000216066842
v -0.020899999886751185 -0.010800000280141829 -0.0068000000901520296
v -0.020899999886751185 -0.010800000280141829 -0.0068000000901520296
v -0.021199999377131473 -0.010999999940395353 -0.007000000216066842
v -0.02070000022649766 -0.010999999940395353 -0.007000000216066842
v -0.020899999886751185 -0.010800000280141829 -0.0068000000901520296
v -0.02070000022649766 -0.010999999940395353 -0.007000000216066842
v -0.02070000022649766 -0.010800000280141829 -0.0068000000901520296
v -0.02070000022649766 -0.010800000280141829 -0.0068000000901520296
v -0.02070000022649766 -0.010999999940395353 -0.007000000216066842
v -0.020400000736117373 -0.010800000280141829 -0.006899999920278792
v -0.02290000021457673 -0.010800000280141829 -0.009100000374019151
v -0.02290000021457673 -0.010800000280141829 -0.008600000292062765
v -0.02290000021457673 -0.010300000198185442 -0.009100000374019151
v -0.02290000021457673 -0.010300000198185442 -0.009100000374019151
v -0.02290000021457673 -0.010800000280141829 -0.008600000292062765
v -0.02290000021457673 -0.010300000198185442 -0.008500000461936002
v -0.02290000021457673 -0.010800000280141829 -0.008600000292062765
v -0.02290000021457673 -0.010800000280141829 -0.008500000461936002
v -0.02290000021457673 -0.010300000198185442 -0.008500000461936002
v -0.02290000021457673 -0.010300000198185442 -0.008500000461936002
v -0.02290000021457673 -0.010800000280141829 -0.008500000461936002
v -0.02280000038444997 -0.010800000280141829 -0.008100000210106378
v -0.02290000021457673 -0.010300000198185442 -0.008500000461936002
v -0.02280000038444997 -0.010800000280141829 -0.008100000210106378
v -0.02280000038444997 -0.010300000198185442 -0.008000000379979616
v -0.02280000038444997 -0.010800000280141829 -0.008100000210106378
v -0.02280000038444997 -0.010800000280141829 -0.008000000379979616
v -0.02280000038444997 -0.010300000198185442 -0.008000000379979616
v -0.02280000038444997 -0.010300000198185442 -0.008000000379979616
v -0.02280000038444997 -0.010800000280141829 -0.008000000379979616
v -0.022500000894069682 -0.010800000280141829 -0.0076000001281499915
v -0.02280000038444997 -0.010300000198185442 -0.008000000379979616
v -0.022500000894069682 -0.010800000280141829 -0.0076000001281499915
v -0.022500000894069682 -0.010300000198185442 -0.007499999832361942
v -0.022500000894069682 -0.010800000280141829 -0.0076000001281499915
v -0.022500000894069682 -0.010800000280141829 -0.007499999832361942
v -0.022500000894069682 -0.010300000198185442 -0.007499999832361942
v -0.022500000894069682 -0.010300000198185442 -0.007499999832361942
v -0.022500000894069682 -0.010800000280141829 -0.007499999832361942
v -0.022199999541044246 -0.010800000280141829 -0.007199999876320367
v -0.022500000894069682 -0.010300000198185442 -0.007499999832361942
v -0.022199999541044246 -0.010800000280141829 -0.007199999876320367
v -0.02199999988079072 -0.010300000198185442 -0.007100000046193604
v -0.022199999541044246 -0.010800000280141829 -0.007199999876320367
v -0.02199999988079072 -0.010800000280141829 -0.007100000046193604
v -0.02199999988079072 -0.010300000198185442 -0.007100000046193604
v -0.02199999988079072 -0.010300000198185442 -0.007100000046193604
v -0.02199999988079072 -0.010800000280141829 -0.007100000046193604
v -0.021700000390410434 -0.010800000280141829 -0.007000000216066842
v -0.02199999988079072 -0.010300000198185442 -0.007100000046193604
v -0.021700000390410434 -0.010800000280141829 -0.007000000216066842
v -0.02150000073015691 -0.010300000198185442 -0.006899999920278792
v -0.021700000390410434 -0.010800000280141829 -0.007000000216066842
v -0.02150000073015691 -0.010800000280141829 -0.006899999920278792
v -0.02150000073015691 -0.010300000198185442 -0.006899999920278792
v -0.02150000073015691 -0.010300000198185442 -0.006899999920278792
v -0.02150000073015691 -0.010800000280141829 -0.006899999920278792
v -0.021199999377131473 -0.010800000280141829 -0.0068000000901520296
v -0.02150000073015691 -0.010300000198185442 -0.006899999920278792
v -0.021199999377131473 -0.010800000280141829 -0.0068000000901520296
v -0.020899999886751185 -0.010300000198185442 -0.0068000000901520296
v -0.021199999377131473 -0.010800000280141829 -0.0068000000901520296
v -0.020899999886751185 -0.010800000280141829 -0.0068000000901520296
v -0.020899999886751185 -0.010300000198185442 -0.0068000000901520296
v -0.020899999886751185 -0.010300000198185442 -0.0068000000901520296
v -0.020899999886751185 -0.010800000280141829 -0.0068000000901520296
v -0.02070000022649766 -0.010800000280141829 -0.0068000000901520296
v -0.020899999886751185 -0.010300000198185442 -0.0068000000901520296
v -0.02070000022649766 -0.010800000280141829 -0.0068000000901520296
v -0.020400000736117373 -0.010300000198185442 -0.006899999920278792
v -0.02070000022649766 -0.010800000280141829 -0.0068000000901520296
v -0.020400000736117373 -0.010800000280141829 -0.006899999920278792
v -0.020400000736117373 -0.010300000198185442 -0.006899999920278792
v -0.020400000736117373 -0.010300000198185442 -0.006899999920278792
v -0.020400000736117373 -0.010800000280141829 -0.006899999920278792
v -0.0201999992132187 -0.010800000280141829 -0.007000000216066842
v -0.020400000736117373 -0.010300000198185442 -0.006899999920278792
v -0.0201999992132187 -0.010800000280141829 -0.007000000216066842
v -0.019899999722838412 -0.010300000198185442 -0.007100000046193604
v -0.0201999992132187 -0.010800000280141829 -0.007000000216066842
v -0.019899999722838412 -0.010800000280141829 -0.007100000046193604
v -0.019899999722838412 -0.010300000198185442 -0.007100000046193604
v -0.019899999722838412 -0.010300000198185442 -0.007100000046193604
v -0.019899999722838412 -0.010800000280141829 -0.007100000046193604
v -0.019700000062584887 -0.010800000280141829 -0.007199999876320367
v -0.019899999722838412 -0.010300000198185442 -0.007100000046193604
v -0.019700000062584887 -0.010800000280141829 -0.007199999876320367
v -0.019400000572204597 -0.010300000198185442 -0.007499999832361942
v -0.019700000062584887 -0.010800000280141829 -0.007199999876320367
v -0.019400000572204597 -0.010800000280141829 -0.007499999832361942
v -0.019400000572204597 -0.010300000198185442 -0.007499999832361942
v -0.019400000572204597 -0.010300000198185442 -0.007499999832361942
v -0.019400000572204597 -0.010800000280141829 -0.007499999832361942
v -0.019400000572204597 -0.010800000280141829 -0.0076000001281499915
v -0.019400000572204597 -0.010300000198185442 -0.007499999832361942
v -0.019400000572204597 -0.010800000280141829 -0.0076000001281499915
v -0.01909999921917916 -0.010300000198185442 -0.008000000379979616
v -0.018999999389052398 -0.010800000280141829 -0.008500000461936002
v -0.018999999389052398 -0.010300000198185442 -0.008500000461936002
v -0.01909999921917916 -0.010800000280141829 -0.008000000379979616
v -0.01909999921917916 -0.010800000280141829 -0.008000000379979616
v -0.018999999389052398 -0.010300000198185442 -0.008500000461936002
v -0.01909999921917916 -0.010300000198185442 -0.008000000379979616
v -0.01909999921917916 -0.010800000280141829 -0.008000000379979616
v -0.01909999921917916 -0.010300000198185442 -0.008000000379979616
v -0.01909999921917916 -0.010800000280141829 -0.008000000379979616
v -0.01909999921917916 -0.010300000198185442 -0.008000000379979616
v -0.019400000572204597 -0.010800000280141829 -0.0076000001281499915
v -0.02160000056028367 0.005200000014156102 -0.008600000292062765
v -0.02199999988079072 0.005200000014156102 -0.008100000210106378
v -0.02150000073015691 0.005200000014156102 -0.008299999870359903
v -0.021700000390410434 0.005200000014156102 -0.007799999788403516
v -0.021199999377131473 0.005200000014156102 -0.00820000004023314
v -0.021299999207258235 0.005200000014156102 -0.0076000001281499915
v -0.020899999886751185 0.005200000014156102 -0.008100000210106378
v -0.020899999886751185 0.005200000014156102 -0.0076000001281499915
v -0.020600000396370898 0.005200000014156102 -0.00820000004023314
v -0.020500000566244136 0.005200000014156102 -0.0076000001281499915
v -0.020099999383091937 0.005200000014156102 -0.007899999618530279
v -0.020400000736117373 0.005200000014156102 -0.008399999700486665
v -0.019899999722838412 0.005200000014156102 -0.00820000004023314
v -0.02030000090599061 0.005200000014156102 -0.008700000122189527
v -0.019700000062584887 0.005200000014156102 -0.008600000292062765
v -0.02030000090599061 0.005200000014156102 -0.008999999612569814
v -0.021299999207258235 0.005200000014156102 -0.00939999986439944
v -0.021800000220537196 0.005200000014156102 -0.009700000286102302
v -0.02150000073015691 0.005200000014156102 -0.009200000204145915
v -0.022099999710917483 0.005200000014156102 -0.00939999986439944
v -0.021700000390410434 0.005200000014156102 -0.008899999782443052
v -0.022199999541044246 0.005200000014156102 -0.008999999612569814
v -0.022199999541044246 0.005200000014156102 -0.008500000461936002
v -0.019700000062584887 0.005200000014156102 -0.009100000374019151
v -0.019899999722838412 0.005200000014156102 -0.009499999694526202
v -0.020500000566244136 0.005200000014156102 -0.009300000034272678
v -0.0201999992132187 0.005200000014156102 -0.009800000116229064
v -0.02070000022649766 0.005200000014156102 -0.009499999694526202
v -0.020600000396370898 0.005200000014156102 -0.009999999776482589
v -0.020999999716877948 0.005200000014156102 -0.009499999694526202
v -0.020999999716877948 0.005200000014156102 -0.010099999606609351
v -0.021400000900030147 0.005200000014156102 -0.009999999776482589
v -0.02030000090599061 0.005200000014156102 -0.008700000122189527
v -0.02030000090599061 0.005700000096112489 -0.008700000122189527
v -0.020400000736117373 0.005700000096112489 -0.008399999700486665
v -0.020400000736117373 0.005200000014156102 -0.008399999700486665
v -0.020400000736117373 0.005200000014156102 -0.008399999700486665
v -0.020400000736117373 0.005700000096112489 -0.008399999700486665
v -0.020600000396370898 0.005700000096112489 -0.00820000004023314
v -0.020600000396370898 0.005200000014156102 -0.00820000004023314
v -0.020600000396370898 0.005200000014156102 -0.00820000004023314
v -0.020600000396370898 0.005700000096112489 -0.00820000004023314
v -0.020899999886751185 0.005700000096112489 -0.008100000210106378
v -0.020899999886751185 0.005200000014156102 -0.008100000210106378
v -0.020899999886751185 0.005200000014156102 -0.008100000210106378
v -0.020899999886751185 0.005700000096112489 -0.008100000210106378
v -0.021199999377131473 0.005700000096112489 -0.00820000004023314
v -0.021199999377131473 0.005200000014156102 -0.00820000004023314
v -0.021199999377131473 0.005200000014156102 -0.00820000004023314
v -0.021199999377131473 0.005700000096112489 -0.00820000004023314
v -0.02150000073015691 0.005700000096112489 -0.008299999870359903
v -0.02150000073015691 0.005200000014156102 -0.008299999870359903
v -0.02150000073015691 0.005200000014156102 -0.008299999870359903
v -0.02150000073015691 0.005700000096112489 -0.008299999870359903
v -0.02160000056028367 0.005700000096112489 -0.008600000292062765
v -0.02160000056028367 0.005200000014156102 -0.008600000292062765
v -0.02160000056028367 0.005200000014156102 -0.008600000292062765
v -0.02160000056028367 0.005700000096112489 -0.008600000292062765
v -0.021700000390410434 0.005700000096112489 -0.008899999782443052
v -0.021700000390410434 0.005200000014156102 -0.008899999782443052
v -0.021700000390410434 0.005200000014156102 -0.008899999782443052
v -0.021700000390410434 0.005700000096112489 -0.008899999782443052
v -0.02150000073015691 0.005700000096112489 -0.009200000204145915
v -0.02150000073015691 0.005200000014156102 -0.009200000204145915
v -0.02150000073015691 0.005200000014156102 -0.009200000204145915
v -0.02150000073015691 0.005700000096112489 -0.009200000204145915
v -0.021299999207258235 0.005700000096112489 -0.00939999986439944
v -0.021299999207258235 0.005200000014156102 -0.00939999986439944
v -0.021299999207258235 0.005200000014156102 -0.00939999986439944
v -0.021299999207258235 0.005700000096112489 -0.00939999986439944
v -0.020999999716877948 0.005700000096112489 -0.009499999694526202
v -0.020999999716877948 0.005200000014156102 -0.009499999694526202
v -0.020999999716877948 0.005200000014156102 -0.009499999694526202
v -0.020999999716877948 0.005700000096112489 -0.009499999694526202
v -0.02070000022649766 0.005700000096112489 -0.009499999694526202
v -0.02070000022649766 0.005200000014156102 -0.009499999694526202
v -0.02070000022649766 0.005200000014156102 -0.009499999694526202
v -0.02070000022649766 0.005700000096112489 -0.009499999694526202
v -0.020500000566244136 0.005700000096112489 -0.009300000034272678
v -0.020500000566244136 0.005200000014156102 -0.009300000034272678
v -0.020500000566244136 0.005200000014156102 -0.009300000034272678
v -0.020500000566244136 0.005700000096112489 -0.009300000034272678
v -0.02030000090599061 0.005700000096112489 -0.008999999612569814
v -0.02030000090599061 0.005200000014156102 -0.008999999612569814
v -0.02030000090599061 0.005200000014156102 -0.008999999612569814
v -0.02030000090599061 0.005700000096112489 -0.008999999612569814
v -0.02030000090599061 0.005700000096112489 -0.008700000122189527
v -0.02030000090599061 0.005200000014156102 -0.008700000122189527
v -0.02160000056028367 0.005700000096112489 -0.008600000292062765
v -0.022199999541044246 0.005700000096112489 -0.00879999995231629
v -0.021700000390410434 0.005700000096112489 -0.008899999782443052
v -0.022099999710917483 0.005700000096112489 -0.009200000204145915
v -0.02150000073015691 0.005700000096112489 -0.009200000204145915
v -0.02190000005066396 0.005700000096112489 -0.00960000045597554
v -0.021299999207258235 0.005700000096112489 -0.00939999986439944
v -0.02160000056028367 0.005700000096112489 -0.009899999946355827
v -0.020999999716877948 0.005700000096112489 -0.009499999694526202
v -0.020899999886751185 0.005700000096112489 -0.008100000210106378
v -0.02109999954700471 0.005700000096112489 -0.0076000001281499915
v -0.021199999377131473 0.005700000096112489 -0.00820000004023314
v -0.02150000073015691 0.005700000096112489 -0.007699999958276754
v -0.02150000073015691 0.005700000096112489 -0.008299999870359903
v -0.02190000005066396 0.005700000096112489 -0.008000000379979616
v -0.022099999710917483 0.005700000096112489 -0.008299999870359903
v -0.021199999377131473 0.005700000096112489 -0.009999999776482589
v -0.020800000056624423 0.005700000096112489 -0.009999999776482589
v -0.02070000022649766 0.005700000096112489 -0.009499999694526202
v -0.020400000736117373 0.005700000096112489 -0.009899999946355827
v -0.020500000566244136 0.005700000096112489 -0.009300000034272678
v -0.019999999552965175 0.005700000096112489 -0.00960000045597554
v -0.02030000090599061 0.005700000096112489 -0.008999999612569814
v -0.01979999989271165 0.005700000096112489 -0.009300000034272678
v -0.019700000062584887 0.005700000096112489 -0.00879999995231629
v -0.02030000090599061 0.005700000096112489 -0.008700000122189527
v -0.01979999989271165 0.005700000096112489 -0.008399999700486665
v -0.020400000736117373 0.005700000096112489 -0.008399999700486665
v -0.019999999552965175 0.005700000096112489 -0.008000000379979616
v -0.020600000396370898 0.005700000096112489 -0.00820000004023314
v -0.02030000090599061 0.005700000096112489 -0.007699999958276754
v -0.02070000022649766 0.005700000096112489 -0.0076000001281499915
v -0.020800000056624423 0.006200000178068875 -0.009999999776482589
v -0.020800000056624423 0.005700000096112489 -0.009999999776482589
v -0.021199999377131473 0.005700000096112489 -0.009999999776482589
v -0.021199999377131473 0.006200000178068875 -0.009999999776482589
v -0.021199999377131473 0.006200000178068875 -0.009999999776482589
v -0.021199999377131473 0.005700000096112489 -0.009999999776482589
v -0.02160000056028367 0.005700000096112489 -0.009899999946355827
v -0.02160000056028367 0.006200000178068875 -0.009899999946355827
v -0.02160000056028367 0.006200000178068875 -0.009899999946355827
v -0.02160000056028367 0.005700000096112489 -0.009899999946355827
v -0.02190000005066396 0.005700000096112489 -0.00960000045597554
v -0.02190000005066396 0.006200000178068875 -0.00960000045597554
v -0.02190000005066396 0.006200000178068875 -0.00960000045597554
v -0.02190000005066396 0.005700000096112489 -0.00960000045597554
v -0.022099999710917483 0.005700000096112489 -0.009200000204145915
v -0.022099999710917483 0.006200000178068875 -0.009200000204145915
v -0.022099999710917483 0.006200000178068875 -0.009200000204145915
v -0.022099999710917483 0.005700000096112489 -0.009200000204145915
v -0.022199999541044246 0.005700000096112489 -0.00879999995231629
v -0.022199999541044246 0.006200000178068875 -0.00879999995231629
v -0.022199999541044246 0.006200000178068875 -0.00879999995231629
v -0.022199999541044246 0.005700000096112489 -0.00879999995231629
v -0.022099999710917483 0.005700000096112489 -0.008299999870359903
v -0.022099999710917483 0.006200000178068875 -0.008299999870359903
v -0.022099999710917483 0.006200000178068875 -0.008299999870359903
v -0.022099999710917483 0.005700000096112489 -0.008299999870359903
v -0.02190000005066396 0.005700000096112489 -0.008000000379979616
v -0.02190000005066396 0.006200000178068875 -0.008000000379979616
v -0.02190000005066396 0.006200000178068875 -0.008000000379979616
v -0.02190000005066396 0.005700000096112489 -0.008000000379979616
v -0.02150000073015691 0.005700000096112489 -0.007699999958276754
v -0.02150000073015691 0.006200000178068875 -0.007699999958276754
v -0.02150000073015691 0.006200000178068875 -0.007699999958276754
v -0.02150000073015691 0.005700000096112489 -0.007699999958276754
v -0.02109999954700471 0.005700000096112489 -0.0076000001281499915
v -0.02109999954700471 0.006200000178068875 -0.0076000001281499915
v -0.020800000056624423 0.0063999998383224 -0.009800000116229064
v -0.020800000056624423 0.006200000178068875 -0.009999999776482589
v -0.021199999377131473 0.006200000178068875 -0.009999999776482589
v -0.021199999377131473 0.0063999998383224 -0.009800000116229064
v -0.021199999377131473 0.0063999998383224 -0.009800000116229064
v -0.021199999377131473 0.006200000178068875 -0.009999999776482589
v -0.02160000056028367 0.006200000178068875 -0.009899999946355827
v -0.02150000073015691 0.0063999998383224 -0.009700000286102302
v -0.02150000073015691 0.0063999998383224 -0.009700000286102302
v -0.02160000056028367 0.006200000178068875 -0.009899999946355827
v -0.02190000005066396 0.006200000178068875 -0.00960000045597554
v -0.021800000220537196 0.0063999998383224 -0.009499999694526202
v -0.021800000220537196 0.0063999998383224 -0.009499999694526202
v -0.02190000005066396 0.006200000178068875 -0.00960000045597554
v -0.022099999710917483 0.006200000178068875 -0.009200000204145915
v -0.02199999988079072 0.0063999998383224 -0.009100000374019151
v -0.02199999988079072 0.0063999998383224 -0.009100000374019151
v -0.022099999710917483 0.006200000178068875 -0.009200000204145915
v -0.022199999541044246 0.006200000178068875 -0.00879999995231629
v -0.02199999988079072 0.0063999998383224 -0.00879999995231629
v -0.02199999988079072 0.0063999998383224 -0.00879999995231629
v -0.022199999541044246 0.006200000178068875 -0.00879999995231629
v -0.022099999710917483 0.006200000178068875 -0.008299999870359903
v -0.02190000005066396 0.0063999998383224 -0.008399999700486665
v -0.02190000005066396 0.0063999998383224 -0.008399999700486665
v -0.022099999710917483 0.006200000178068875 -0.008299999870359903
v -0.02190000005066396 0.006200000178068875 -0.008000000379979616
v -0.021700000390410434 0.0063999998383224 -0.008100000210106378
v -0.021700000390410434 0.0063999998383224 -0.008100000210106378
v -0.02190000005066396 0.006200000178068875 -0.008000000379979616
v -0.02150000073015691 0.006200000178068875 -0.007699999958276754
v -0.02150000073015691 0.0063999998383224 -0.007899999618530279
v -0.02150000073015691 0.0063999998383224 -0.007899999618530279
v -0.02150000073015691 0.006200000178068875 -0.007699999958276754
v -0.02109999954700471 0.006200000178068875 -0.0076000001281499915
v -0.02109999954700471 0.0063999998383224 -0.007799999788403516
v -0.02150000073015691 0.0063999998383224 -0.007899999618530279
v -0.02109999954700471 0.0063999998383224 -0.007799999788403516
v -0.020800000056624423 0.0063999998383224 -0.009800000116229064
v -0.02190000005066396 0.0063999998383224 -0.008399999700486665
v -0.021700000390410434 0.0063999998383224 -0.008100000210106378
v -0.019999999552965175 0.0063999998383224 -0.008500000461936002
v -0.019899999722838412 0.0063999998383224 -0.00879999995231629
v -0.019999999552965175 0.0063999998383224 -0.009200000204145915
v -0.020500000566244136 0.0063999998383224 -0.009700000286102302
v -0.0201999992132187 0.0063999998383224 -0.009499999694526202
v -0.021199999377131473 0.0063999998383224 -0.009800000116229064
v -0.02150000073015691 0.0063999998383224 -0.009700000286102302
v -0.020099999383091937 0.0063999998383224 -0.00820000004023314
v -0.020400000736117373 0.0063999998383224 -0.007899999618530279
v -0.02070000022649766 0.0063999998383224 -0.007799999788403516
v -0.021800000220537196 0.0063999998383224 -0.009499999694526202
v -0.02199999988079072 0.0063999998383224 -0.009100000374019151
v -0.02199999988079072 0.0063999998383224 -0.00879999995231629
v -0.02109999954700471 0.0063999998383224 -0.007799999788403516
v -0.02109999954700471 0.006200000178068875 -0.0076000001281499915
v -0.02070000022649766 0.006200000178068875 -0.0076000001281499915
v -0.02070000022649766 0.0063999998383224 -0.007799999788403516
v -0.02070000022649766 0.0063999998383224 -0.007799999788403516
v -0.02070000022649766 0.006200000178068875 -0.0076000001281499915
v -0.02030000090599061 0.006200000178068875 -0.007699999958276754
v -0.020400000736117373 0.0063999998383224 -0.007899999618530279
v -0.020400000736117373 0.0063999998383224 -0.007899999618530279
v -0.02030000090599061 0.006200000178068875 -0.007699999958276754
v -0.019999999552965175 0.006200000178068875 -0.008000000379979616
v -0.020099999383091937 0.0063999998383224 -0.00820000004023314
v -0.020099999383091937 0.0063999998383224 -0.00820000004023314
v -0.019999999552965175 0.006200000178068875 -0.008000000379979616
v -0.01979999989271165 0.006200000178068875 -0.008399999700486665
v -0.019999999552965175 0.0063999998383224 -0.008500000461936002
v -0.019999999552965175 0.0063999998383224 -0.008500000461936002
v -0.01979999989271165 0.006200000178068875 -0.008399999700486665
v -0.019700000062584887 0.006200000178068875 -0.00879999995231629
v -0.019899999722838412 0.0063999998383224 -0.00879999995231629
v -0.019899999722838412 0.0063999998383224 -0.00879999995231629
v -0.019700000062584887 0.006200000178068875 -0.00879999995231629
v -0.01979999989271165 0.006200000178068875 -0.009300000034272678
v -0.01979999989271165 0.006200000178068875 -0.009300000034272678
v -0.019999999552965175 0.0063999998383224 -0.009200000204145915
v -0.019999999552965175 0.0063999998383224 -0.009200000204145915
v -0.01979999989271165 0.006200000178068875 -0.009300000034272678
v -0.019999999552965175 0.006200000178068875 -0.00960000045597554
v -0.0201999992132187 0.0063999998383224 -0.009499999694526202
v -0.0201999992132187 0.0063999998383224 -0.009499999694526202
v -0.019999999552965175 0.006200000178068875 -0.00960000045597554
v -0.020400000736117373 0.006200000178068875 -0.009899999946355827
v -0.020500000566244136 0.0063999998383224 -0.009700000286102302
v -0.020500000566244136 0.0063999998383224 -0.009700000286102302
v -0.020400000736117373 0.006200000178068875 -0.009899999946355827
v -0.020800000056624423 0.006200000178068875 -0.009999999776482589
v -0.020800000056624423 0.0063999998383224 -0.009800000116229064
v -0.02109999954700471 0.006200000178068875 -0.0076000001281499915
v -0.02109999954700471 0.005700000096112489 -0.0076000001281499915
v -0.02070000022649766 0.005700000096112489 -0.0076000001281499915
v -0.02070000022649766 0.006200000178068875 -0.0076000001281499915
v -0.02070000022649766 0.006200000178068875 -0.0076000001281499915
v -0.02070000022649766 0.005700000096112489 -0.0076000001281499915
v -0.02030000090599061 0.005700000096112489 -0.007699999958276754
v -0.02030000090599061 0.006200000178068875 -0.007699999958276754
v -0.02030000090599061 0.006200000178068875 -0.007699999958276754
v -0.02030000090599061 0.005700000096112489 -0.007699999958276754
v -0.019999999552965175 0.005700000096112489 -0.008000000379979616
v -0.019999999552965175 0.006200000178068875 -0.008000000379979616
v -0.019999999552965175 0.006200000178068875 -0.008000000379979616
v -0.019999999552965175 0.005700000096112489 -0.008000000379979616
v -0.01979999989271165 0.005700000096112489 -0.008399999700486665
v -0.01979999989271165 0.006200000178068875 -0.008399999700486665
v -0.01979999989271165 0.006200000178068875 -0.008399999700486665
v -0.01979999989271165 0.005700000096112489 -0.008399999700486665
v -0.019700000062584887 0.005700000096112489 -0.00879999995231629
v -0.019700000062584887 0.006200000178068875 -0.00879999995231629
v -0.019700000062584887 0.006200000178068875 -0.00879999995231629
v -0.019700000062584887 0.005700000096112489 -0.00879999995231629
v -0.01979999989271165 0.005700000096112489 -0.009300000034272678
v -0.01979999989271165 0.006200000178068875 -0.009300000034272678
v -0.01979999989271165 0.006200000178068875 -0.009300000034272678
v -0.01979999989271165 0.005700000096112489 -0.009300000034272678
v -0.019999999552965175 0.005700000096112489 -0.00960000045597554
v -0.019999999552965175 0.006200000178068875 -0.00960000045597554
v -0.019999999552965175 0.006200000178068875 -0.00960000045597554
v -0.019999999552965175 0.005700000096112489 -0.00960000045597554
v -0.020400000736117373 0.005700000096112489 -0.009899999946355827
v -0.020400000736117373 0.006200000178068875 -0.009899999946355827
v -0.020400000736117373 0.006200000178068875 -0.009899999946355827
v -0.020400000736117373 0.005700000096112489 -0.009899999946355827
v -0.020800000056624423 0.005700000096112489 -0.009999999776482589
v -0.020800000056624423 0.006200000178068875 -0.009999999776482589
v -0.021199999377131473 -0.010999999940395353 -0.007000000216066842
v -0.021199999377131473 -0.010800000280141829 -0.0068000000901520296
v -0.02160000056028367 -0.010999999940395353 -0.007100000046193604
v -0.02160000056028367 -0.010999999940395353 -0.007100000046193604
v -0.021199999377131473 -0.010800000280141829 -0.0068000000901520296
v -0.02150000073015691 -0.010800000280141829 -0.006899999920278792
v -0.02150000073015691 -0.010800000280141829 -0.006899999920278792
v -0.021700000390410434 -0.010800000280141829 -0.007000000216066842
v -0.02160000056028367 -0.010999999940395353 -0.007100000046193604
v -0.02160000056028367 -0.010999999940395353 -0.007100000046193604
v -0.021700000390410434 -0.010800000280141829 -0.007000000216066842
v -0.02199999988079072 -0.010800000280141829 -0.007100000046193604
v -0.02160000056028367 -0.010999999940395353 -0.007100000046193604
v -0.02199999988079072 -0.010800000280141829 -0.007100000046193604
v -0.022099999710917483 -0.010999999940395353 -0.007400000002235179
v -0.02199999988079072 -0.010800000280141829 -0.007100000046193604
v -0.022199999541044246 -0.010800000280141829 -0.007199999876320367
v -0.022099999710917483 -0.010999999940395353 -0.007400000002235179
v -0.022099999710917483 -0.010999999940395353 -0.007400000002235179
v -0.022199999541044246 -0.010800000280141829 -0.007199999876320367
v -0.022500000894069682 -0.010800000280141829 -0.007499999832361942
v -0.022099999710917483 -0.010999999940395353 -0.007400000002235179
v -0.022500000894069682 -0.010800000280141829 -0.007499999832361942
v -0.02239999920129777 -0.010999999940395353 -0.007699999958276754
v -0.022500000894069682 -0.010800000280141829 -0.007499999832361942
v -0.022500000894069682 -0.010800000280141829 -0.0076000001281499915
v -0.02239999920129777 -0.010999999940395353 -0.007699999958276754
v -0.02239999920129777 -0.010999999940395353 -0.007699999958276754
v -0.022500000894069682 -0.010800000280141829 -0.0076000001281499915
v -0.02280000038444997 -0.010800000280141829 -0.008000000379979616
v -0.02239999920129777 -0.010999999940395353 -0.007699999958276754
v -0.02280000038444997 -0.010800000280141829 -0.008000000379979616
v -0.022600000724196444 -0.010999999940395353 -0.008100000210106378
v -0.02280000038444997 -0.010800000280141829 -0.008000000379979616
v -0.02280000038444997 -0.010800000280141829 -0.008100000210106378
v -0.022600000724196444 -0.010999999940395353 -0.008100000210106378
v -0.022600000724196444 -0.010999999940395353 -0.008100000210106378
v -0.02280000038444997 -0.010800000280141829 -0.008100000210106378
v -0.02290000021457673 -0.010800000280141829 -0.008500000461936002
v -0.022600000724196444 -0.010999999940395353 -0.008100000210106378
v -0.02290000021457673 -0.010800000280141829 -0.008500000461936002
v -0.022700000554323207 -0.010999999940395353 -0.008600000292062765
v -0.02290000021457673 -0.010800000280141829 -0.008500000461936002
v -0.02290000021457673 -0.010800000280141829 -0.008600000292062765
v -0.022700000554323207 -0.010999999940395353 -0.008600000292062765
v -0.022700000554323207 -0.010999999940395353 -0.008600000292062765
v -0.02290000021457673 -0.010800000280141829 -0.008600000292062765
v -0.02290000021457673 -0.010800000280141829 -0.009100000374019151
v -0.022700000554323207 -0.010999999940395353 -0.009100000374019151
v -0.020400000736117373 0.005200000014156102 -0.009300000034272678
v -0.020600000396370898 0.005200000014156102 -0.009499999694526202
v -0.020600000396370898 0.005200000014156102 -0.00960000045597554
v -0.021299999207258235 0.005200000014156102 -0.009700000286102302
v -0.022099999710917483 0.005200000014156102 -0.010400000028312213
v -0.021199999377131473 0.005200000014156102 -0.009800000116229064
v -0.021800000220537196 0.005200000014156102 -0.010599999688565738
v -0.02109999954700471 0.005200000014156102 -0.009899999946355827
v -0.021299999207258235 0.005200000014156102 -0.00960000045597554
v -0.022600000724196444 0.005200000014156102 -0.009999999776482589
v -0.02239999920129777 0.005200000014156102 -0.010200000368058688
v -0.02070000022649766 0.005200000014156102 -0.008100000210106378
v -0.020600000396370898 0.005200000014156102 -0.008100000210106378
v -0.020400000736117373 0.005200000014156102 -0.008100000210106378
v -0.020099999383091937 0.005200000014156102 -0.008100000210106378
v -0.019999999552965175 0.005200000014156102 -0.00820000004023314
v -0.01950000040233136 0.005200000014156102 -0.007400000002235179
v -0.019300000742077834 0.005200000014156102 -0.007699999958276754
v -0.019899999722838412 0.005200000014156102 -0.008299999870359903
v -0.01909999921917916 0.005200000014156102 -0.008000000379979616
v -0.018999999389052398 0.005200000014156102 -0.008299999870359903
v -0.019899999722838412 0.005200000014156102 -0.008399999700486665
v -0.018999999389052398 0.005200000014156102 -0.008600000292062765
v -0.019899999722838412 0.005200000014156102 -0.008600000292062765
v -0.018999999389052398 0.005200000014156102 -0.008899999782443052
v -0.020800000056624423 0.005200000014156102 -0.009899999946355827
v -0.0201999992132187 0.005200000014156102 -0.010700000450015075
v -0.02070000022649766 0.005200000014156102 -0.009800000116229064
v -0.019999999552965175 0.005200000014156102 -0.010499999858438976
v -0.020600000396370898 0.005200000014156102 -0.009700000286102302
v -0.02150000073015691 0.005200000014156102 -0.010700000450015075
v -0.021199999377131473 0.005200000014156102 -0.010800000280141837
v -0.020999999716877948 0.005200000014156102 -0.009899999946355827
v -0.020899999886751185 0.005200000014156102 -0.010800000280141837
v -0.020600000396370898 0.005200000014156102 -0.010800000280141837
v -0.021400000900030147 0.005200000014156102 -0.009499999694526202
v -0.02150000073015691 0.005200000014156102 -0.009300000034272678
v -0.02160000056028367 0.005200000014156102 -0.009200000204145915
v -0.021700000390410434 0.005200000014156102 -0.009100000374019151
v -0.021700000390410434 0.005200000014156102 -0.009100000374019151
v -0.022099999710917483 0.005200000014156102 -0.00879999995231629
v -0.018999999389052398 0.005200000014156102 -0.009300000034272678
v -0.019999999552965175 0.005200000014156102 -0.008700000122189527
v -0.01909999921917916 0.005200000014156102 -0.00960000045597554
v -0.020099999383091937 0.005200000014156102 -0.00879999995231629
v -0.019300000742077834 0.005200000014156102 -0.009899999946355827
v -0.0201999992132187 0.005200000014156102 -0.00879999995231629
v -0.0201999992132187 0.005200000014156102 -0.008999999612569814
v -0.02030000090599061 0.005200000014156102 -0.009200000204145915
v -0.02150000073015691 0.005200000014156102 -0.007799999788403516
v -0.02109999954700471 0.005200000014156102 -0.008000000379979616
v -0.020600000396370898 0.005200000014156102 -0.0068000000901520296
v -0.020999999716877948 0.005200000014156102 -0.008000000379979616
v -0.020600000396370898 0.005200000014156102 -0.0068000000901520296
v -0.020999999716877948 0.005200000014156102 -0.008000000379979616
v -0.020899999886751185 0.005200000014156102 -0.008100000210106378
v -0.02030000090599061 0.005200000014156102 -0.006899999920278792
v -0.02030000090599061 0.005200000014156102 -0.008100000210106378
v -0.019999999552965175 0.005200000014156102 -0.007000000216066842
v -0.019700000062584887 0.005200000014156102 -0.007199999876320367
v -0.02290000021457673 0.005200000014156102 -0.009200000204145915
v -0.02290000021457673 0.005200000014156102 -0.00939999986439944
v -0.022700000554323207 0.005200000014156102 -0.009700000286102302
v -0.019400000572204597 0.005200000014156102 -0.010099999606609351
v -0.019700000062584887 0.005200000014156102 -0.01030000019818545
v -0.020999999716877948 0.005200000014156102 -0.0068000000901520296
v -0.021299999207258235 0.005200000014156102 -0.0068000000901520296
v -0.02160000056028367 0.005200000014156102 -0.007699999958276754
v -0.021400000900030147 0.005200000014156102 -0.006899999920278792
v -0.02160000056028367 0.005200000014156102 -0.007000000216066842
v -0.022299999371171008 0.005200000014156102 -0.00879999995231629
v -0.02239999920129777 0.005200000014156102 -0.008700000122189527
v -0.022600000724196444 0.005200000014156102 -0.00879999995231629
v -0.022600000724196444 0.005200000014156102 -0.00879999995231629
v -0.022700000554323207 0.005200000014156102 -0.008899999782443052
v -0.02280000038444997 0.005200000014156102 -0.008999999612569814
v -0.02290000021457673 0.005200000014156102 -0.009200000204145915
v -0.02280000038444997 0.005200000014156102 -0.008999999612569814
v -0.02290000021457673 0.005200000014156102 -0.009100000374019151
v -0.02160000056028367 0.005200000014156102 -0.007100000046193604
v -0.021700000390410434 0.005200000014156102 -0.007199999876320367
v -0.021700000390410434 0.005200000014156102 -0.007199999876320367
v -0.021700000390410434 0.005200000014156102 -0.007400000002235179
v -0.02160000056028367 0.005200000014156102 -0.007000000216066842
v -0.021700000390410434 0.005200000014156102 -0.007499999832361942
v -0.021700000390410434 0.005200000014156102 -0.007499999832361942
v -0.02160000056028367 0.005200000014156102 -0.007699999958276754
v -0.02109999954700471 0.005200000014156102 -0.008000000379979616
v -0.02109999954700471 0.005599999800324439 -0.008000000379979616
v -0.020999999716877948 0.005599999800324439 -0.008000000379979616
v -0.02109999954700471 0.005200000014156102 -0.008000000379979616
v -0.020999999716877948 0.005599999800324439 -0.008000000379979616
v -0.020999999716877948 0.005200000014156102 -0.008000000379979616
v -0.020999999716877948 0.005200000014156102 -0.008000000379979616
v -0.020999999716877948 0.005599999800324439 -0.008000000379979616
v -0.020899999886751185 0.005599999800324439 -0.008100000210106378
v -0.020999999716877948 0.005200000014156102 -0.008000000379979616
v -0.020899999886751185 0.005599999800324439 -0.008100000210106378
v -0.020899999886751185 0.005200000014156102 -0.008100000210106378
v -0.021199999377131473 0.005599999800324439 -0.009800000116229064
v -0.02109999954700471 0.005599999800324439 -0.009899999946355827
v -0.02150000073015691 0.005599999800324439 -0.010700000450015075
v -0.019300000742077834 0.005599999800324439 -0.009899999946355827
v -0.020099999383091937 0.005599999800324439 -0.00879999995231629
v -0.01909999921917916 0.005599999800324439 -0.00960000045597554
v -0.019999999552965175 0.005599999800324439 -0.008700000122189527
v -0.02150000073015691 0.005599999800324439 -0.009300000034272678
v -0.021400000900030147 0.005599999800324439 -0.009499999694526202
v -0.021299999207258235 0.005599999800324439 -0.00960000045597554
v -0.021199999377131473 0.005599999800324439 -0.010800000280141837
v -0.020999999716877948 0.005599999800324439 -0.009899999946355827
v -0.020899999886751185 0.005599999800324439 -0.010800000280141837
v -0.020600000396370898 0.005599999800324439 -0.010800000280141837
v -0.020600000396370898 0.005599999800324439 -0.010800000280141837
v -0.020999999716877948 0.005599999800324439 -0.009899999946355827
v -0.020800000056624423 0.005599999800324439 -0.009899999946355827
v -0.0201999992132187 0.005599999800324439 -0.010700000450015075
v -0.0201999992132187 0.005599999800324439 -0.010700000450015075
v -0.020800000056624423 0.005599999800324439 -0.009899999946355827
v -0.02070000022649766 0.005599999800324439 -0.009800000116229064
v -0.019999999552965175 0.005599999800324439 -0.010499999858438976
v -0.019700000062584887 0.005599999800324439 -0.01030000019818545
v -0.020600000396370898 0.005599999800324439 -0.009700000286102302
v -0.01950000040233136 0.005599999800324439 -0.010099999606609351
v -0.020600000396370898 0.005599999800324439 -0.00960000045597554
v -0.020600000396370898 0.005599999800324439 -0.009499999694526202
v -0.020400000736117373 0.005599999800324439 -0.009300000034272678
v -0.0201999992132187 0.005599999800324439 -0.00879999995231629
v -0.0201999992132187 0.005599999800324439 -0.008999999612569814
v -0.02030000090599061 0.005599999800324439 -0.009200000204145915
v -0.019899999722838412 0.005599999800324439 -0.008399999700486665
v -0.018999999389052398 0.005599999800324439 -0.008600000292062765
v -0.019899999722838412 0.005599999800324439 -0.008600000292062765
v -0.018999999389052398 0.005599999800324439 -0.008899999782443052
v -0.019999999552965175 0.005599999800324439 -0.008700000122189527
v -0.018999999389052398 0.005599999800324439 -0.009300000034272678
v -0.019999999552965175 0.005599999800324439 -0.00820000004023314
v -0.019300000742077834 0.005599999800324439 -0.007699999958276754
v -0.019999999552965175 0.005599999800324439 -0.008299999870359903
v -0.01909999921917916 0.005599999800324439 -0.008000000379979616
v -0.018999999389052398 0.005599999800324439 -0.008299999870359903
v -0.02030000090599061 0.005599999800324439 -0.008100000210106378
v -0.019999999552965175 0.005599999800324439 -0.007000000216066842
v -0.020099999383091937 0.005599999800324439 -0.008100000210106378
v -0.019700000062584887 0.005599999800324439 -0.007199999876320367
v -0.020099999383091937 0.005599999800324439 -0.008100000210106378
v -0.019700000062584887 0.005599999800324439 -0.007199999876320367
v -0.01950000040233136 0.005599999800324439 -0.007400000002235179
v -0.020400000736117373 0.005599999800324439 -0.008100000210106378
v -0.020600000396370898 0.005599999800324439 -0.0068000000901520296
v -0.02030000090599061 0.005599999800324439 -0.008100000210106378
v -0.020600000396370898 0.005599999800324439 -0.0068000000901520296
v -0.02030000090599061 0.005599999800324439 -0.006899999920278792
v -0.022099999710917483 0.005599999800324439 -0.00879999995231629
v -0.021700000390410434 0.005599999800324439 -0.009100000374019151
v -0.022600000724196444 0.005599999800324439 -0.009999999776482589
v -0.02160000056028367 0.005599999800324439 -0.009200000204145915
v -0.02239999920129777 0.005599999800324439 -0.010200000368058688
v -0.021299999207258235 0.005599999800324439 -0.009700000286102302
v -0.022099999710917483 0.005599999800324439 -0.010400000028312213
v -0.021800000220537196 0.005599999800324439 -0.010599999688565738
v -0.020600000396370898 0.005599999800324439 -0.008100000210106378
v -0.02070000022649766 0.005599999800324439 -0.008100000210106378
v -0.020899999886751185 0.005599999800324439 -0.008100000210106378
v -0.020999999716877948 0.005599999800324439 -0.008000000379979616
v -0.02109999954700471 0.005599999800324439 -0.008000000379979616
v -0.02150000073015691 0.005599999800324439 -0.007799999788403516
v -0.021400000900030147 0.005599999800324439 -0.006899999920278792
v -0.021299999207258235 0.005599999800324439 -0.0068000000901520296
v -0.020999999716877948 0.005599999800324439 -0.0068000000901520296
v -0.022700000554323207 0.005599999800324439 -0.009700000286102302
v -0.02290000021457673 0.005599999800324439 -0.00939999986439944
v -0.02290000021457673 0.005599999800324439 -0.009200000204145915
v -0.02290000021457673 0.005599999800324439 -0.009100000374019151
v -0.02280000038444997 0.005599999800324439 -0.008999999612569814
v -0.022700000554323207 0.005599999800324439 -0.008899999782443052
v -0.02160000056028367 0.005599999800324439 -0.007699999958276754
v -0.021700000390410434 0.005599999800324439 -0.007499999832361942
v -0.021700000390410434 0.005599999800324439 -0.007400000002235179
v -0.021700000390410434 0.005599999800324439 -0.007199999876320367
v -0.02160000056028367 0.005599999800324439 -0.007100000046193604
v -0.02160000056028367 0.005599999800324439 -0.007000000216066842
v -0.022600000724196444 0.005599999800324439 -0.00879999995231629
v -0.022099999710917483 0.005599999800324439 -0.00879999995231629
v -0.02239999920129777 0.005599999800324439 -0.008700000122189527
v -0.022299999371171008 0.005599999800324439 -0.00879999995231629
v -0.021700000390410434 0.005200000014156102 -0.009100000374019151
v -0.021700000390410434 0.005599999800324439 -0.009100000374019151
v -0.022099999710917483 0.005200000014156102 -0.00879999995231629
v -0.022099999710917483 0.005599999800324439 -0.00879999995231629
v -0.02160000056028367 0.005200000014156102 -0.009200000204145915
v -0.02160000056028367 0.005599999800324439 -0.009200000204145915
v -0.021700000390410434 0.005599999800324439 -0.009100000374019151
v -0.021700000390410434 0.005200000014156102 -0.009100000374019151
v -0.021700000390410434 0.005200000014156102 -0.009100000374019151
v -0.021700000390410434 0.005599999800324439 -0.009100000374019151
v -0.02160000056028367 0.005599999800324439 -0.009200000204145915
v -0.02160000056028367 0.005200000014156102 -0.009200000204145915
v -0.02150000073015691 0.005599999800324439 -0.009300000034272678
v -0.02150000073015691 0.005200000014156102 -0.009300000034272678
v -0.021299999207258235 0.005200000014156102 -0.00960000045597554
v -0.021299999207258235 0.005599999800324439 -0.00960000045597554
v -0.021400000900030147 0.005599999800324439 -0.009499999694526202
v -0.021400000900030147 0.005200000014156102 -0.009499999694526202
v -0.021400000900030147 0.005200000014156102 -0.009499999694526202
v -0.021400000900030147 0.005599999800324439 -0.009499999694526202
v -0.02150000073015691 0.005599999800324439 -0.009300000034272678
v -0.02150000073015691 0.005200000014156102 -0.009300000034272678
v -0.021299999207258235 0.005599999800324439 -0.00960000045597554
v -0.021299999207258235 0.005200000014156102 -0.00960000045597554
v -0.021299999207258235 0.005599999800324439 -0.009700000286102302
v -0.021299999207258235 0.005200000014156102 -0.009700000286102302
v -0.021299999207258235 0.005599999800324439 -0.009700000286102302
v -0.021299999207258235 0.005200000014156102 -0.009700000286102302
v -0.021199999377131473 0.005599999800324439 -0.009800000116229064
v -0.021199999377131473 0.005599999800324439 -0.009800000116229064
v -0.021299999207258235 0.005200000014156102 -0.009700000286102302
v -0.021199999377131473 0.005200000014156102 -0.009800000116229064
v -0.021199999377131473 0.005599999800324439 -0.009800000116229064
v -0.021199999377131473 0.005200000014156102 -0.009800000116229064
v -0.02109999954700471 0.005599999800324439 -0.009899999946355827
v -0.02109999954700471 0.005200000014156102 -0.009899999946355827
v -0.02109999954700471 0.005599999800324439 -0.009899999946355827
v -0.02109999954700471 0.005200000014156102 -0.009899999946355827
v -0.020999999716877948 0.005599999800324439 -0.009899999946355827
v -0.020999999716877948 0.005200000014156102 -0.009899999946355827
v -0.020999999716877948 0.005599999800324439 -0.009899999946355827
v -0.020999999716877948 0.005200000014156102 -0.009899999946355827
v -0.020800000056624423 0.005599999800324439 -0.009899999946355827
v -0.020800000056624423 0.005200000014156102 -0.009899999946355827
v -0.020800000056624423 0.005599999800324439 -0.009899999946355827
v -0.020800000056624423 0.005200000014156102 -0.009899999946355827
v -0.02070000022649766 0.005599999800324439 -0.009800000116229064
v -0.02070000022649766 0.005200000014156102 -0.009800000116229064
v -0.02070000022649766 0.005599999800324439 -0.009800000116229064
v -0.02070000022649766 0.005200000014156102 -0.009800000116229064
v -0.020600000396370898 0.005599999800324439 -0.009700000286102302
v -0.020600000396370898 0.005200000014156102 -0.009700000286102302
v -0.020600000396370898 0.005599999800324439 -0.009700000286102302
v -0.020600000396370898 0.005200000014156102 -0.009700000286102302
v -0.020600000396370898 0.005599999800324439 -0.00960000045597554
v -0.020600000396370898 0.005200000014156102 -0.00960000045597554
v -0.020600000396370898 0.005599999800324439 -0.00960000045597554
v -0.020600000396370898 0.005200000014156102 -0.00960000045597554
v -0.020600000396370898 0.005599999800324439 -0.009499999694526202
v -0.020600000396370898 0.005200000014156102 -0.009499999694526202
v -0.020600000396370898 0.005599999800324439 -0.009499999694526202
v -0.020600000396370898 0.005200000014156102 -0.009499999694526202
v -0.020400000736117373 0.005599999800324439 -0.009300000034272678
v -0.020400000736117373 0.005200000014156102 -0.009300000034272678
v -0.020400000736117373 0.005599999800324439 -0.009300000034272678
v -0.020400000736117373 0.005200000014156102 -0.009300000034272678
v -0.02030000090599061 0.005599999800324439 -0.009200000204145915
v -0.02030000090599061 0.005200000014156102 -0.009200000204145915
v -0.02030000090599061 0.005599999800324439 -0.009200000204145915
v -0.02030000090599061 0.005200000014156102 -0.009200000204145915
v -0.0201999992132187 0.005599999800324439 -0.008999999612569814
v -0.0201999992132187 0.005200000014156102 -0.008999999612569814
v -0.0201999992132187 0.005599999800324439 -0.008999999612569814
v -0.0201999992132187 0.005200000014156102 -0.008999999612569814
v -0.0201999992132187 0.005599999800324439 -0.00879999995231629
v -0.0201999992132187 0.005200000014156102 -0.00879999995231629
v -0.0201999992132187 0.005599999800324439 -0.00879999995231629
v -0.0201999992132187 0.005200000014156102 -0.00879999995231629
v -0.020099999383091937 0.005599999800324439 -0.00879999995231629
v -0.020099999383091937 0.005200000014156102 -0.00879999995231629
v -0.020099999383091937 0.005599999800324439 -0.00879999995231629
v -0.020099999383091937 0.005200000014156102 -0.00879999995231629
v -0.019999999552965175 0.005599999800324439 -0.008700000122189527
v -0.019999999552965175 0.005599999800324439 -0.008700000122189527
v -0.020099999383091937 0.005200000014156102 -0.00879999995231629
v -0.019999999552965175 0.005200000014156102 -0.008700000122189527
v -0.019999999552965175 0.005599999800324439 -0.008700000122189527
v -0.019999999552965175 0.005200000014156102 -0.008700000122189527
v -0.019899999722838412 0.005599999800324439 -0.008600000292062765
v -0.019899999722838412 0.005599999800324439 -0.008600000292062765
v -0.019999999552965175 0.005200000014156102 -0.008700000122189527
v -0.019899999722838412 0.005200000014156102 -0.008600000292062765
v -0.019899999722838412 0.005599999800324439 -0.008600000292062765
v -0.019899999722838412 0.005200000014156102 -0.008600000292062765
v -0.019899999722838412 0.005599999800324439 -0.008399999700486665
v -0.019899999722838412 0.005200000014156102 -0.008399999700486665
v -0.019899999722838412 0.005599999800324439 -0.008399999700486665
v -0.019899999722838412 0.005200000014156102 -0.008399999700486665
v -0.019999999552965175 0.005599999800324439 -0.008299999870359903
v -0.019899999722838412 0.005200000014156102 -0.008299999870359903
v -0.019999999552965175 0.005599999800324439 -0.008299999870359903
v -0.019899999722838412 0.005200000014156102 -0.008299999870359903
v -0.019999999552965175 0.005599999800324439 -0.00820000004023314
v -0.019999999552965175 0.005200000014156102 -0.00820000004023314
v -0.019999999552965175 0.005599999800324439 -0.00820000004023314
v -0.019999999552965175 0.005200000014156102 -0.00820000004023314
v -0.020099999383091937 0.005599999800324439 -0.008100000210106378
v -0.020099999383091937 0.005200000014156102 -0.008100000210106378
v -0.020099999383091937 0.005599999800324439 -0.008100000210106378
v -0.020099999383091937 0.005200000014156102 -0.008100000210106378
v -0.02030000090599061 0.005599999800324439 -0.008100000210106378
v -0.02030000090599061 0.005200000014156102 -0.008100000210106378
v -0.02030000090599061 0.005599999800324439 -0.008100000210106378
v -0.02030000090599061 0.005200000014156102 -0.008100000210106378
v -0.020400000736117373 0.005599999800324439 -0.008100000210106378
v -0.020400000736117373 0.005200000014156102 -0.008100000210106378
v -0.02070000022649766 0.005200000014156102 -0.008100000210106378
v -0.02070000022649766 0.005599999800324439 -0.008100000210106378
v -0.020600000396370898 0.005599999800324439 -0.008100000210106378
v -0.020600000396370898 0.005200000014156102 -0.008100000210106378
v -0.020600000396370898 0.005200000014156102 -0.008100000210106378
v -0.020600000396370898 0.005599999800324439 -0.008100000210106378
v -0.020400000736117373 0.005599999800324439 -0.008100000210106378
v -0.020400000736117373 0.005200000014156102 -0.008100000210106378
v -0.02070000022649766 0.005599999800324439 -0.008100000210106378
v -0.02070000022649766 0.005200000014156102 -0.008100000210106378
v -0.020899999886751185 0.005599999800324439 -0.008100000210106378
v -0.020899999886751185 0.005200000014156102 -0.008100000210106378
v -0.022099999710917483 0.005200000014156102 -0.00879999995231629
v -0.022099999710917483 0.005599999800324439 -0.00879999995231629
v -0.022299999371171008 0.005599999800324439 -0.00879999995231629
v -0.022299999371171008 0.005200000014156102 -0.00879999995231629
v -0.022299999371171008 0.005200000014156102 -0.00879999995231629
v -0.022299999371171008 0.005599999800324439 -0.00879999995231629
v -0.02239999920129777 0.005599999800324439 -0.008700000122189527
v -0.02239999920129777 0.005200000014156102 -0.008700000122189527
v -0.02239999920129777 0.005200000014156102 -0.008700000122189527
v -0.02239999920129777 0.005599999800324439 -0.008700000122189527
v -0.022600000724196444 0.005599999800324439 -0.00879999995231629
v -0.022600000724196444 0.005200000014156102 -0.00879999995231629
v -0.022600000724196444 0.005200000014156102 -0.00879999995231629
v -0.022600000724196444 0.005599999800324439 -0.00879999995231629
v -0.022700000554323207 0.005599999800324439 -0.008899999782443052
v -0.022700000554323207 0.005200000014156102 -0.008899999782443052
v -0.022700000554323207 0.005200000014156102 -0.008899999782443052
v -0.022700000554323207 0.005599999800324439 -0.008899999782443052
v -0.02280000038444997 0.005599999800324439 -0.008999999612569814
v -0.02280000038444997 0.005200000014156102 -0.008999999612569814
v -0.02280000038444997 0.005200000014156102 -0.008999999612569814
v -0.02280000038444997 0.005599999800324439 -0.008999999612569814
v -0.02290000021457673 0.005599999800324439 -0.009100000374019151
v -0.02290000021457673 0.005200000014156102 -0.009100000374019151
v -0.02290000021457673 0.005200000014156102 -0.009100000374019151
v -0.02290000021457673 0.005599999800324439 -0.009100000374019151
v -0.02290000021457673 0.005599999800324439 -0.009200000204145915
v -0.02290000021457673 0.005200000014156102 -0.009200000204145915
v -0.02290000021457673 0.005200000014156102 -0.009200000204145915
v -0.02290000021457673 0.005599999800324439 -0.009200000204145915
v -0.02290000021457673 0.005599999800324439 -0.00939999986439944
v -0.02290000021457673 0.005200000014156102 -0.00939999986439944
v -0.021299999207258235 0.005599999800324439 -0.0068000000901520296
v -0.021299999207258235 0.005200000014156102 -0.0068000000901520296
v -0.020999999716877948 0.005200000014156102 -0.0068000000901520296
v -0.020999999716877948 0.005599999800324439 -0.0068000000901520296
v -0.020999999716877948 0.005599999800324439 -0.0068000000901520296
v -0.020999999716877948 0.005200000014156102 -0.0068000000901520296
v -0.020600000396370898 0.005200000014156102 -0.0068000000901520296
v -0.020600000396370898 0.005599999800324439 -0.0068000000901520296
v -0.020600000396370898 0.005599999800324439 -0.0068000000901520296
v -0.020600000396370898 0.005200000014156102 -0.0068000000901520296
v -0.02030000090599061 0.005200000014156102 -0.006899999920278792
v -0.02030000090599061 0.005599999800324439 -0.006899999920278792
v -0.02030000090599061 0.005599999800324439 -0.006899999920278792
v -0.02030000090599061 0.005200000014156102 -0.006899999920278792
v -0.019999999552965175 0.005200000014156102 -0.007000000216066842
v -0.019999999552965175 0.005599999800324439 -0.007000000216066842
v -0.019999999552965175 0.005599999800324439 -0.007000000216066842
v -0.019999999552965175 0.005200000014156102 -0.007000000216066842
v -0.019700000062584887 0.005200000014156102 -0.007199999876320367
v -0.019700000062584887 0.005599999800324439 -0.007199999876320367
v -0.019700000062584887 0.005599999800324439 -0.007199999876320367
v -0.019700000062584887 0.005200000014156102 -0.007199999876320367
v -0.01950000040233136 0.005200000014156102 -0.007400000002235179
v -0.01950000040233136 0.005599999800324439 -0.007400000002235179
v -0.01950000040233136 0.005599999800324439 -0.007400000002235179
v -0.01950000040233136 0.005200000014156102 -0.007400000002235179
v -0.019300000742077834 0.005200000014156102 -0.007699999958276754
v -0.019300000742077834 0.005599999800324439 -0.007699999958276754
v -0.019300000742077834 0.005599999800324439 -0.007699999958276754
v -0.019300000742077834 0.005200000014156102 -0.007699999958276754
v -0.01909999921917916 0.005200000014156102 -0.008000000379979616
v -0.01909999921917916 0.005599999800324439 -0.008000000379979616
v -0.01909999921917916 0.005599999800324439 -0.008000000379979616
v -0.01909999921917916 0.005200000014156102 -0.008000000379979616
v -0.018999999389052398 0.005200000014156102 -0.008299999870359903
v -0.018999999389052398 0.005599999800324439 -0.008299999870359903
v -0.018999999389052398 0.005599999800324439 -0.008299999870359903
v -0.018999999389052398 0.005200000014156102 -0.008299999870359903
v -0.018999999389052398 0.005200000014156102 -0.008600000292062765
v -0.018999999389052398 0.005599999800324439 -0.008600000292062765
v -0.018999999389052398 0.005599999800324439 -0.008600000292062765
v -0.018999999389052398 0.005200000014156102 -0.008600000292062765
v -0.018999999389052398 0.005200000014156102 -0.008899999782443052
v -0.018999999389052398 0.005599999800324439 -0.008600000292062765
v -0.018999999389052398 0.005200000014156102 -0.008899999782443052
v -0.018999999389052398 0.005599999800324439 -0.008899999782443052
v -0.018999999389052398 0.005599999800324439 -0.008899999782443052
v -0.018999999389052398 0.005200000014156102 -0.008899999782443052
v -0.018999999389052398 0.005200000014156102 -0.009300000034272678
v -0.018999999389052398 0.005599999800324439 -0.008899999782443052
v -0.018999999389052398 0.005200000014156102 -0.009300000034272678
v -0.018999999389052398 0.005599999800324439 -0.009300000034272678
v -0.018999999389052398 0.005599999800324439 -0.009300000034272678
v -0.018999999389052398 0.005200000014156102 -0.009300000034272678
v -0.01909999921917916 0.005200000014156102 -0.00960000045597554
v -0.01909999921917916 0.005599999800324439 -0.00960000045597554
v -0.01909999921917916 0.005599999800324439 -0.00960000045597554
v -0.01909999921917916 0.005200000014156102 -0.00960000045597554
v -0.019300000742077834 0.005200000014156102 -0.009899999946355827
v -0.019300000742077834 0.005599999800324439 -0.009899999946355827
v -0.019300000742077834 0.005599999800324439 -0.009899999946355827
v -0.019300000742077834 0.005200000014156102 -0.009899999946355827
v -0.019400000572204597 0.005200000014156102 -0.010099999606609351
v -0.01950000040233136 0.005599999800324439 -0.010099999606609351
v -0.01950000040233136 0.005599999800324439 -0.010099999606609351
v -0.019400000572204597 0.005200000014156102 -0.010099999606609351
v -0.019700000062584887 0.005200000014156102 -0.01030000019818545
v -0.019700000062584887 0.005599999800324439 -0.01030000019818545
v -0.019700000062584887 0.005599999800324439 -0.01030000019818545
v -0.019700000062584887 0.005200000014156102 -0.01030000019818545
v -0.019999999552965175 0.005200000014156102 -0.010499999858438976
v -0.019999999552965175 0.005599999800324439 -0.010499999858438976
v -0.019999999552965175 0.005599999800324439 -0.010499999858438976
v -0.019999999552965175 0.005200000014156102 -0.010499999858438976
v -0.0201999992132187 0.005200000014156102 -0.010700000450015075
v -0.0201999992132187 0.005599999800324439 -0.010700000450015075
v -0.0201999992132187 0.005599999800324439 -0.010700000450015075
v -0.0201999992132187 0.005200000014156102 -0.010700000450015075
v -0.020600000396370898 0.005200000014156102 -0.010800000280141837
v -0.020600000396370898 0.005599999800324439 -0.010800000280141837
v -0.020600000396370898 0.005599999800324439 -0.010800000280141837
v -0.020600000396370898 0.005200000014156102 -0.010800000280141837
v -0.020899999886751185 0.005200000014156102 -0.010800000280141837
v -0.020899999886751185 0.005599999800324439 -0.010800000280141837
v -0.020899999886751185 0.005599999800324439 -0.010800000280141837
v -0.020899999886751185 0.005200000014156102 -0.010800000280141837
v -0.021199999377131473 0.005200000014156102 -0.010800000280141837
v -0.021199999377131473 0.005599999800324439 -0.010800000280141837
v -0.021199999377131473 0.005599999800324439 -0.010800000280141837
v -0.021199999377131473 0.005200000014156102 -0.010800000280141837
v -0.02150000073015691 0.005200000014156102 -0.010700000450015075
v -0.02150000073015691 0.005599999800324439 -0.010700000450015075
v -0.02150000073015691 0.005599999800324439 -0.010700000450015075
v -0.02150000073015691 0.005200000014156102 -0.010700000450015075
v -0.021800000220537196 0.005200000014156102 -0.010599999688565738
v -0.021800000220537196 0.005599999800324439 -0.010599999688565738
v -0.021800000220537196 0.005599999800324439 -0.010599999688565738
v -0.021800000220537196 0.005200000014156102 -0.010599999688565738
v -0.022099999710917483 0.005200000014156102 -0.010400000028312213
v -0.022099999710917483 0.005599999800324439 -0.010400000028312213
v -0.022099999710917483 0.005599999800324439 -0.010400000028312213
v -0.022099999710917483 0.005200000014156102 -0.010400000028312213
v -0.02239999920129777 0.005200000014156102 -0.010200000368058688
v -0.02239999920129777 0.005599999800324439 -0.010200000368058688
v -0.02239999920129777 0.005599999800324439 -0.010200000368058688
v -0.02239999920129777 0.005200000014156102 -0.010200000368058688
v -0.022600000724196444 0.005200000014156102 -0.009999999776482589
v -0.022600000724196444 0.005599999800324439 -0.009999999776482589
v -0.022600000724196444 0.005599999800324439 -0.009999999776482589
v -0.022600000724196444 0.005200000014156102 -0.009999999776482589
v -0.022700000554323207 0.005200000014156102 -0.009700000286102302
v -0.022700000554323207 0.005599999800324439 -0.009700000286102302
v -0.022700000554323207 0.005599999800324439 -0.009700000286102302
v -0.022700000554323207 0.005200000014156102 -0.009700000286102302
v -0.02290000021457673 0.005200000014156102 -0.00939999986439944
v -0.02290000021457673 0.005599999800324439 -0.00939999986439944
v -0.021299999207258235 0.005200000014156102 -0.0068000000901520296
v -0.021299999207258235 0.005599999800324439 -0.0068000000901520296
v -0.021400000900030147 0.005599999800324439 -0.006899999920278792
v -0.021400000900030147 0.005200000014156102 -0.006899999920278792
v -0.021400000900030147 0.005200000014156102 -0.006899999920278792
v -0.021400000900030147 0.005599999800324439 -0.006899999920278792
v -0.02160000056028367 0.005599999800324439 -0.007000000216066842
v -0.02160000056028367 0.005200000014156102 -0.007000000216066842
v -0.02160000056028367 0.005200000014156102 -0.007000000216066842
v -0.02160000056028367 0.005599999800324439 -0.007000000216066842
v -0.02160000056028367 0.005599999800324439 -0.007100000046193604
v -0.02160000056028367 0.005200000014156102 -0.007100000046193604
v -0.02160000056028367 0.005200000014156102 -0.007100000046193604
v -0.02160000056028367 0.005599999800324439 -0.007100000046193604
v -0.021700000390410434 0.005599999800324439 -0.007199999876320367
v -0.021700000390410434 0.005200000014156102 -0.007199999876320367
v -0.021700000390410434 0.005200000014156102 -0.007199999876320367
v -0.021700000390410434 0.005599999800324439 -0.007199999876320367
v -0.021700000390410434 0.005599999800324439 -0.007400000002235179
v -0.021700000390410434 0.005200000014156102 -0.007400000002235179
v -0.021700000390410434 0.005200000014156102 -0.007400000002235179
v -0.021700000390410434 0.005599999800324439 -0.007400000002235179
v -0.021700000390410434 0.005599999800324439 -0.007499999832361942
v -0.021700000390410434 0.005200000014156102 -0.007499999832361942
v -0.021700000390410434 0.005200000014156102 -0.007499999832361942
v -0.021700000390410434 0.005599999800324439 -0.007499999832361942
v -0.02160000056028367 0.005599999800324439 -0.007699999958276754
v -0.021700000390410434 0.005200000014156102 -0.007499999832361942
v -0.02160000056028367 0.005599999800324439 -0.007699999958276754
v -0.02160000056028367 0.005200000014156102 -0.007699999958276754
v -0.02160000056028367 0.005200000014156102 -0.007699999958276754
v -0.02160000056028367 0.005599999800324439 -0.007699999958276754
v -0.02150000073015691 0.005599999800324439 -0.007799999788403516
v -0.02160000056028367 0.005200000014156102 -0.007699999958276754
v -0.02150000073015691 0.005599999800324439 -0.007799999788403516
v -0.02150000073015691 0.005200000014156102 -0.007799999788403516
v -0.02150000073015691 0.005200000014156102 -0.007799999788403516
v -0.02150000073015691 0.005599999800324439 -0.007799999788403516
v -0.02109999954700471 0.005200000014156102 -0.008000000379979616
v -0.02109999954700471 0.005599999800324439 -0.008000000379979616
v -0.01499999966472388 -0.010700000450015066 -0.01549999974668027
v -0.01499999966472388 -0.010700000450015066 -0.018600000068545355
v -0.01499999966472388 -0.010900000110268591 -0.01840000040829183
v -0.01499999966472388 -0.011099999770522116 -0.018200000748038302
v -0.01499999966472388 -0.011099999770522116 -0.01590000092983247
v -0.01499999966472388 -0.010900000110268591 -0.015699999406933795
v -0.01499999966472388 -0.010900000110268591 -0.01840000040829183
v -0.01499999966472388 -0.010900000110268591 -0.015699999406933795
v -0.01499999966472388 -0.010700000450015066 -0.01549999974668027
v -0.01499999966472388 -0.010900000110268591 -0.01840000040829183
v -0.01499999966472388 -0.010700000450015066 -0.018600000068545355
v -0.014800000004470355 -0.010700000450015066 -0.018600000068545355
v -0.01499999966472388 -0.010900000110268591 -0.015699999406933795
v -0.01499999966472388 -0.011099999770522116 -0.01590000092983247
v -0.014899999834597118 -0.011099999770522116 -0.01590000092983247
v -0.01499999966472388 -0.010900000110268591 -0.01840000040829183
v -0.014800000004470355 -0.010700000450015066 -0.018600000068545355
v -0.01499999966472388 -0.011099999770522116 -0.018200000748038302
v -0.01499999966472388 -0.011099999770522116 -0.018200000748038302
v -0.014800000004470355 -0.010700000450015066 -0.018600000068545355
v -0.014899999834597118 -0.011099999770522116 -0.018200000748038302
v -0.014899999834597118 -0.011099999770522116 -0.018200000748038302
v -0.014800000004470355 -0.010700000450015066 -0.018600000068545355
v -0.014700000174343593 -0.010700000450015066 -0.018600000068545355
v -0.014899999834597118 -0.011099999770522116 -0.018200000748038302
v -0.014700000174343593 -0.010700000450015066 -0.018600000068545355
v -0.014700000174343593 -0.011099999770522116 -0.01810000091791154
v -0.01499999966472388 -0.010700000450015066 -0.01549999974668027
v -0.01499999966472388 -0.010900000110268591 -0.015699999406933795
v -0.014800000004470355 -0.010700000450015066 -0.015599999576807033
v -0.014800000004470355 -0.010700000450015066 -0.015599999576807033
v -0.01499999966472388 -0.010900000110268591 -0.015699999406933795
v -0.014899999834597118 -0.011099999770522116 -0.01590000092983247
v -0.014800000004470355 -0.010700000450015066 -0.015599999576807033
v -0.014899999834597118 -0.011099999770522116 -0.01590000092983247
v -0.014800000004470355 -0.010700000450015066 -0.015599999576807033
v -0.014899999834597118 -0.011099999770522116 -0.01590000092983247
v -0.014700000174343593 -0.011099999770522116 -0.01600000075995923
v -0.014800000004470355 -0.010700000450015066 -0.015599999576807033
v -0.014700000174343593 -0.011099999770522116 -0.01600000075995923
v -0.014499999582767494 -0.010700000450015066 -0.015699999406933795
v -0.014499999582767494 -0.010700000450015066 -0.015699999406933795
v -0.014700000174343593 -0.011099999770522116 -0.01600000075995923
v -0.01460000034421683 -0.011099999770522116 -0.016100000590085994
v -0.014299999922513969 -0.010700000450015066 -0.015799999237060557
v -0.014299999922513969 -0.010700000450015066 -0.015799999237060557
v -0.01460000034421683 -0.011099999770522116 -0.016100000590085994
v -0.014399999752640731 -0.011099999770522116 -0.01630000025033952
v -0.014100000262260444 -0.010700000450015066 -0.01600000075995923
v -0.014100000262260444 -0.010700000450015066 -0.01600000075995923
v -0.014399999752640731 -0.011099999770522116 -0.01630000025033952
v -0.014299999922513969 -0.011099999770522116 -0.016499999910593043
v -0.013899999670684345 -0.010700000450015066 -0.016200000420212756
v -0.013899999670684345 -0.010700000450015066 -0.016200000420212756
v -0.014299999922513969 -0.011099999770522116 -0.016499999910593043
v -0.014200000092387206 -0.011099999770522116 -0.016599999740719806
v -0.013799999840557582 -0.010700000450015066 -0.016499999910593043
v -0.013799999840557582 -0.010700000450015066 -0.016499999910593043
v -0.014200000092387206 -0.011099999770522116 -0.016599999740719806
v -0.014100000262260444 -0.011099999770522116 -0.01679999940097333
v -0.01370000001043082 -0.010700000450015066 -0.01679999940097333
v -0.01370000001043082 -0.010700000450015066 -0.01679999940097333
v -0.014100000262260444 -0.011099999770522116 -0.01679999940097333
v -0.014100000262260444 -0.011099999770522116 -0.017100000753998767
v -0.01370000001043082 -0.010700000450015066 -0.017000000923872004
v -0.01370000001043082 -0.010700000450015066 -0.017000000923872004
v -0.014100000262260444 -0.011099999770522116 -0.017100000753998767
v -0.014100000262260444 -0.011099999770522116 -0.01730000041425229
v -0.01370000001043082 -0.010700000450015066 -0.01730000041425229
v -0.01370000001043082 -0.010700000450015066 -0.01730000041425229
v -0.014100000262260444 -0.011099999770522116 -0.01730000041425229
v -0.014200000092387206 -0.011099999770522116 -0.017500000074505816
v -0.013799999840557582 -0.010700000450015066 -0.01759999990463258
v -0.013799999840557582 -0.010700000450015066 -0.01759999990463258
v -0.014200000092387206 -0.011099999770522116 -0.017500000074505816
v -0.014299999922513969 -0.011099999770522116 -0.01769999973475934
v -0.013899999670684345 -0.010700000450015066 -0.017799999564886104
v -0.013899999670684345 -0.010700000450015066 -0.017799999564886104
v -0.014299999922513969 -0.011099999770522116 -0.01769999973475934
v -0.014399999752640731 -0.011099999770522116 -0.017799999564886104
v -0.014100000262260444 -0.010700000450015066 -0.01810000091791154
v -0.014100000262260444 -0.010700000450015066 -0.01810000091791154
v -0.014399999752640731 -0.011099999770522116 -0.017799999564886104
v -0.014499999582767494 -0.011099999770522116 -0.01799999922513963
v -0.014299999922513969 -0.010700000450015066 -0.018300000578165068
v -0.014299999922513969 -0.010700000450015066 -0.018300000578165068
v -0.014499999582767494 -0.011099999770522116 -0.01799999922513963
v -0.014700000174343593 -0.011099999770522116 -0.01810000091791154
v -0.014499999582767494 -0.010700000450015066 -0.01840000040829183
v -0.014499999582767494 -0.010700000450015066 -0.01840000040829183
v -0.014700000174343593 -0.011099999770522116 -0.01810000091791154
v -0.014700000174343593 -0.010700000450015066 -0.018600000068545355
v -0.015599999576807029 -0.011099999770522116 -0.018200000748038302
v -0.015599999576807029 -0.011099999770522116 -0.01590000092983247
v -0.01569999940693379 -0.011099999770522116 -0.01590000092983247
v -0.01610000059008599 -0.011099999770522116 -0.01799999922513963
v -0.015900000929832465 -0.011099999770522116 -0.01810000091791154
v -0.01569999940693379 -0.011099999770522116 -0.01590000092983247
v -0.01569999940693379 -0.011099999770522116 -0.018200000748038302
v -0.01610000059008599 -0.011099999770522116 -0.016200000420212756
v -0.016200000420212753 -0.011099999770522116 -0.01630000025033952
v -0.016400000080466277 -0.011099999770522116 -0.016499999910593043
v -0.01649999991059304 -0.011099999770522116 -0.016899999231100093
v -0.01649999991059304 -0.011099999770522116 -0.017100000753998767
v -0.01649999991059304 -0.011099999770522116 -0.017100000753998767
v -0.01649999991059304 -0.011099999770522116 -0.01730000041425229
v -0.01649999991059304 -0.011099999770522116 -0.01730000041425229
v -0.016400000080466277 -0.011099999770522116 -0.017500000074505816
v -0.015900000929832465 -0.011099999770522116 -0.01600000075995923
v -0.01649999991059304 -0.011099999770522116 -0.016899999231100093
v -0.015900000929832465 -0.011099999770522116 -0.01600000075995923
v -0.01610000059008599 -0.011099999770522116 -0.016200000420212756
v -0.016400000080466277 -0.011099999770522116 -0.016699999570846568
v -0.016400000080466277 -0.011099999770522116 -0.016699999570846568
v -0.016400000080466277 -0.011099999770522116 -0.017500000074505816
v -0.016300000250339515 -0.011099999770522116 -0.01769999973475934
v -0.016200000420212753 -0.011099999770522116 -0.017899999395012866
v -0.01610000059008599 -0.011099999770522116 -0.01799999922513963
v -0.01499999966472388 -0.011099999770522116 -0.01590000092983247
v -0.01499999966472388 -0.011099999770522116 -0.018200000748038302
v -0.014899999834597118 -0.011099999770522116 -0.018200000748038302
v -0.014499999582767494 -0.011099999770522116 -0.01799999922513963
v -0.014399999752640731 -0.011099999770522116 -0.017799999564886104
v -0.014899999834597118 -0.011099999770522116 -0.01590000092983247
v -0.014899999834597118 -0.011099999770522116 -0.01590000092983247
v -0.014899999834597118 -0.011099999770522116 -0.018200000748038302
v -0.014700000174343593 -0.011099999770522116 -0.01810000091791154
v -0.014499999582767494 -0.011099999770522116 -0.01799999922513963
v -0.014399999752640731 -0.011099999770522116 -0.017799999564886104
v -0.014299999922513969 -0.011099999770522116 -0.01769999973475934
v -0.014200000092387206 -0.011099999770522116 -0.017500000074505816
v -0.014100000262260444 -0.011099999770522116 -0.01730000041425229
v -0.014100000262260444 -0.011099999770522116 -0.01730000041425229
v -0.014100000262260444 -0.011099999770522116 -0.017100000753998767
v -0.014100000262260444 -0.011099999770522116 -0.01679999940097333
v -0.014200000092387206 -0.011099999770522116 -0.016599999740719806
v -0.014200000092387206 -0.011099999770522116 -0.016599999740719806
v -0.014299999922513969 -0.011099999770522116 -0.016499999910593043
v -0.014299999922513969 -0.011099999770522116 -0.016499999910593043
v -0.014399999752640731 -0.011099999770522116 -0.01630000025033952
v -0.01460000034421683 -0.011099999770522116 -0.016100000590085994
v -0.014700000174343593 -0.011099999770522116 -0.01600000075995923
v -0.015599999576807029 -0.010900000110268591 -0.015699999406933795
v -0.015599999576807029 -0.010700000450015066 -0.01549999974668027
v -0.015900000929832465 -0.010700000450015066 -0.015599999576807033
v -0.015599999576807029 -0.010900000110268591 -0.01840000040829183
v -0.015599999576807029 -0.011099999770522116 -0.018200000748038302
v -0.01569999940693379 -0.011099999770522116 -0.018200000748038302
v -0.015599999576807029 -0.010900000110268591 -0.015699999406933795
v -0.015900000929832465 -0.010700000450015066 -0.015599999576807033
v -0.015599999576807029 -0.011099999770522116 -0.01590000092983247
v -0.015599999576807029 -0.011099999770522116 -0.01590000092983247
v -0.015900000929832465 -0.010700000450015066 -0.015599999576807033
v -0.01569999940693379 -0.011099999770522116 -0.01590000092983247
v -0.01569999940693379 -0.011099999770522116 -0.01590000092983247
v -0.015900000929832465 -0.010700000450015066 -0.015599999576807033
v -0.01569999940693379 -0.011099999770522116 -0.01590000092983247
v -0.015900000929832465 -0.010700000450015066 -0.015599999576807033
v -0.015900000929832465 -0.011099999770522116 -0.01600000075995923
v -0.015599999576807029 -0.010700000450015066 -0.018600000068545355
v -0.015599999576807029 -0.010900000110268591 -0.01840000040829183
v -0.015799999237060554 -0.010700000450015066 -0.018600000068545355
v -0.015799999237060554 -0.010700000450015066 -0.018600000068545355
v -0.015599999576807029 -0.010900000110268591 -0.01840000040829183
v -0.01569999940693379 -0.011099999770522116 -0.018200000748038302
v -0.015799999237060554 -0.010700000450015066 -0.018600000068545355
v -0.01569999940693379 -0.011099999770522116 -0.018200000748038302
v -0.015799999237060554 -0.010700000450015066 -0.018600000068545355
v -0.01569999940693379 -0.011099999770522116 -0.018200000748038302
v -0.015900000929832465 -0.011099999770522116 -0.01810000091791154
v -0.015799999237060554 -0.010700000450015066 -0.018600000068545355
v -0.015900000929832465 -0.011099999770522116 -0.01810000091791154
v -0.01610000059008599 -0.010700000450015066 -0.018500000238418593
v -0.01610000059008599 -0.010700000450015066 -0.018500000238418593
v -0.015900000929832465 -0.011099999770522116 -0.01810000091791154
v -0.01610000059008599 -0.011099999770522116 -0.01799999922513963
v -0.016300000250339515 -0.010700000450015066 -0.018300000578165068
v -0.016300000250339515 -0.010700000450015066 -0.018300000578165068
v -0.01610000059008599 -0.011099999770522116 -0.01799999922513963
v -0.016200000420212753 -0.011099999770522116 -0.017899999395012866
v -0.01649999991059304 -0.010700000450015066 -0.01810000091791154
v -0.01649999991059304 -0.010700000450015066 -0.01810000091791154
v -0.016200000420212753 -0.011099999770522116 -0.017899999395012866
v -0.016300000250339515 -0.011099999770522116 -0.01769999973475934
v -0.016699999570846565 -0.010700000450015066 -0.017899999395012866
v -0.016699999570846565 -0.010700000450015066 -0.017899999395012866
v -0.016300000250339515 -0.011099999770522116 -0.01769999973475934
v -0.016400000080466277 -0.011099999770522116 -0.017500000074505816
v -0.016799999400973327 -0.010700000450015066 -0.01759999990463258
v -0.016799999400973327 -0.010700000450015066 -0.01759999990463258
v -0.016400000080466277 -0.011099999770522116 -0.017500000074505816
v -0.01649999991059304 -0.011099999770522116 -0.01730000041425229
v -0.01689999923110009 -0.010700000450015066 -0.017400000244379054
v -0.01689999923110009 -0.010700000450015066 -0.017400000244379054
v -0.01649999991059304 -0.011099999770522116 -0.01730000041425229
v -0.01649999991059304 -0.011099999770522116 -0.017100000753998767
v -0.01689999923110009 -0.010700000450015066 -0.017100000753998767
v -0.01689999923110009 -0.010700000450015066 -0.017100000753998767
v -0.01649999991059304 -0.011099999770522116 -0.017100000753998767
v -0.01649999991059304 -0.011099999770522116 -0.016899999231100093
v -0.01689999923110009 -0.010700000450015066 -0.01679999940097333
v -0.01689999923110009 -0.010700000450015066 -0.01679999940097333
v -0.01649999991059304 -0.011099999770522116 -0.016899999231100093
v -0.016400000080466277 -0.011099999770522116 -0.016699999570846568
v -0.016799999400973327 -0.010700000450015066 -0.016499999910593043
v -0.016799999400973327 -0.010700000450015066 -0.016499999910593043
v -0.016400000080466277 -0.011099999770522116 -0.016699999570846568
v -0.016400000080466277 -0.011099999770522116 -0.016499999910593043
v -0.016699999570846565 -0.010700000450015066 -0.01630000025033952
v -0.016699999570846565 -0.010700000450015066 -0.01630000025033952
v -0.016400000080466277 -0.011099999770522116 -0.016499999910593043
v -0.016200000420212753 -0.011099999770522116 -0.01630000025033952
v -0.016599999740719802 -0.010700000450015066 -0.016100000590085994
v -0.016599999740719802 -0.010700000450015066 -0.016100000590085994
v -0.016200000420212753 -0.011099999770522116 -0.01630000025033952
v -0.01610000059008599 -0.011099999770522116 -0.016200000420212756
v -0.016400000080466277 -0.010700000450015066 -0.01590000092983247
v -0.016400000080466277 -0.010700000450015066 -0.01590000092983247
v -0.01610000059008599 -0.011099999770522116 -0.016200000420212756
v -0.015900000929832465 -0.011099999770522116 -0.01600000075995923
v -0.01610000059008599 -0.010700000450015066 -0.015699999406933795
v -0.01610000059008599 -0.010700000450015066 -0.015699999406933795
v -0.015900000929832465 -0.011099999770522116 -0.01600000075995923
v -0.015900000929832465 -0.010700000450015066 -0.015599999576807033
v -0.015599999576807029 -0.010700000450015066 -0.018600000068545355
v -0.015599999576807029 -0.010700000450015066 -0.01549999974668027
v -0.015599999576807029 -0.010900000110268591 -0.015699999406933795
v -0.015599999576807029 -0.011099999770522116 -0.01590000092983247
v -0.015599999576807029 -0.011099999770522116 -0.018200000748038302
v -0.015599999576807029 -0.010900000110268591 -0.015699999406933795
v -0.015599999576807029 -0.011099999770522116 -0.018200000748038302
v -0.015599999576807029 -0.010900000110268591 -0.01840000040829183
v -0.015599999576807029 -0.010900000110268591 -0.01840000040829183
v -0.015599999576807029 -0.010700000450015066 -0.018600000068545355
v -0.015599999576807029 -0.010700000450015066 -0.01549999974668027
v -0.015599999576807029 -0.010700000450015066 -0.018600000068545355
v -0.015599999576807029 -0.010700000450015066 -0.01549999974668027
v -0.015599999576807029 -0.010700000450015066 -0.018600000068545355
v -0.01499999966472388 -0.010700000450015066 -0.018600000068545355
v -0.01499999966472388 -0.010700000450015066 -0.01549999974668027
v -0.01499999966472388 -0.010700000450015066 -0.018600000068545355
v -0.01499999966472388 -0.010700000450015066 -0.01549999974668027
v -0.015100000426173217 -0.010700000450015066 -0.01549999974668027
v -0.015300000086426742 -0.010700000450015066 -0.018699999898672118
v -0.015300000086426742 -0.010700000450015066 -0.01549999974668027
v -0.015100000426173217 -0.010700000450015066 -0.01549999974668027
v -0.015300000086426742 -0.010499999858438967 -0.018699999898672118
v -0.01499999966472388 -0.010499999858438967 -0.018600000068545355
v -0.015300000086426742 -0.010700000450015066 -0.018699999898672118
v -0.01499999966472388 -0.010700000450015066 -0.018600000068545355
v -0.014800000004470355 -0.010700000450015066 -0.015599999576807033
v -0.014800000004470355 -0.010499999858438967 -0.015599999576807033
v -0.014800000004470355 -0.010499999858438967 -0.015599999576807033
v -0.014800000004470355 -0.010700000450015066 -0.015599999576807033
v -0.014499999582767494 -0.010700000450015066 -0.015699999406933795
v -0.014800000004470355 -0.010499999858438967 -0.015599999576807033
v -0.014499999582767494 -0.010700000450015066 -0.015699999406933795
v -0.014499999582767494 -0.010499999858438967 -0.015699999406933795
v -0.014499999582767494 -0.010499999858438967 -0.015699999406933795
v -0.014499999582767494 -0.010700000450015066 -0.015699999406933795
v -0.014299999922513969 -0.010700000450015066 -0.015799999237060557
v -0.014499999582767494 -0.010499999858438967 -0.015699999406933795
v -0.014299999922513969 -0.010700000450015066 -0.015799999237060557
v -0.014299999922513969 -0.010499999858438967 -0.015799999237060557
v -0.014299999922513969 -0.010499999858438967 -0.015799999237060557
v -0.014299999922513969 -0.010700000450015066 -0.015799999237060557
v -0.014100000262260444 -0.010700000450015066 -0.01600000075995923
v -0.014299999922513969 -0.010499999858438967 -0.015799999237060557
v -0.014100000262260444 -0.010700000450015066 -0.01600000075995923
v -0.014100000262260444 -0.010499999858438967 -0.01600000075995923
v -0.014100000262260444 -0.010499999858438967 -0.01600000075995923
v -0.014100000262260444 -0.010700000450015066 -0.01600000075995923
v -0.013899999670684345 -0.010700000450015066 -0.016200000420212756
v -0.014100000262260444 -0.010499999858438967 -0.01600000075995923
v -0.013899999670684345 -0.010700000450015066 -0.016200000420212756
v -0.013899999670684345 -0.010499999858438967 -0.016200000420212756
v -0.013899999670684345 -0.010499999858438967 -0.016200000420212756
v -0.013899999670684345 -0.010700000450015066 -0.016200000420212756
v -0.013799999840557582 -0.010700000450015066 -0.016499999910593043
v -0.013899999670684345 -0.010499999858438967 -0.016200000420212756
v -0.013799999840557582 -0.010700000450015066 -0.016499999910593043
v -0.013799999840557582 -0.010499999858438967 -0.016499999910593043
v -0.013799999840557582 -0.010499999858438967 -0.016499999910593043
v -0.013799999840557582 -0.010700000450015066 -0.016499999910593043
v -0.01370000001043082 -0.010700000450015066 -0.01679999940097333
v -0.013799999840557582 -0.010499999858438967 -0.016499999910593043
v -0.01370000001043082 -0.010700000450015066 -0.01679999940097333
v -0.01370000001043082 -0.010499999858438967 -0.01679999940097333
v -0.01370000001043082 -0.010499999858438967 -0.01679999940097333
v -0.01370000001043082 -0.010700000450015066 -0.01679999940097333
v -0.01370000001043082 -0.010700000450015066 -0.017000000923872004
v -0.01370000001043082 -0.010499999858438967 -0.01679999940097333
v -0.01370000001043082 -0.010700000450015066 -0.017000000923872004
v -0.01370000001043082 -0.010499999858438967 -0.017000000923872004
v -0.01370000001043082 -0.010499999858438967 -0.017000000923872004
v -0.01370000001043082 -0.010700000450015066 -0.017000000923872004
v -0.01370000001043082 -0.010700000450015066 -0.01730000041425229
v -0.01370000001043082 -0.010499999858438967 -0.017000000923872004
v -0.01370000001043082 -0.010700000450015066 -0.01730000041425229
v -0.01370000001043082 -0.010499999858438967 -0.01730000041425229
v -0.01370000001043082 -0.010499999858438967 -0.01730000041425229
v -0.01370000001043082 -0.010700000450015066 -0.01730000041425229
v -0.013799999840557582 -0.010700000450015066 -0.01759999990463258
v -0.01370000001043082 -0.010499999858438967 -0.01730000041425229
v -0.013799999840557582 -0.010700000450015066 -0.01759999990463258
v -0.013799999840557582 -0.010499999858438967 -0.01759999990463258
v -0.013799999840557582 -0.010499999858438967 -0.01759999990463258
v -0.013799999840557582 -0.010700000450015066 -0.01759999990463258
v -0.013899999670684345 -0.010700000450015066 -0.017799999564886104
v -0.013799999840557582 -0.010499999858438967 -0.01759999990463258
v -0.013899999670684345 -0.010700000450015066 -0.017799999564886104
v -0.013899999670684345 -0.010499999858438967 -0.017799999564886104
v -0.013899999670684345 -0.010499999858438967 -0.017799999564886104
v -0.013899999670684345 -0.010700000450015066 -0.017799999564886104
v -0.014100000262260444 -0.010700000450015066 -0.01810000091791154
v -0.013899999670684345 -0.010499999858438967 -0.017799999564886104
v -0.014100000262260444 -0.010700000450015066 -0.01810000091791154
v -0.014100000262260444 -0.010499999858438967 -0.01810000091791154
v -0.014100000262260444 -0.010499999858438967 -0.01810000091791154
v -0.014100000262260444 -0.010700000450015066 -0.01810000091791154
v -0.014299999922513969 -0.010700000450015066 -0.018300000578165068
v -0.014100000262260444 -0.010499999858438967 -0.01810000091791154
v -0.014299999922513969 -0.010700000450015066 -0.018300000578165068
v -0.014299999922513969 -0.010499999858438967 -0.018300000578165068
v -0.014299999922513969 -0.010499999858438967 -0.018300000578165068
v -0.014299999922513969 -0.010700000450015066 -0.018300000578165068
v -0.014499999582767494 -0.010700000450015066 -0.01840000040829183
v -0.014299999922513969 -0.010499999858438967 -0.018300000578165068
v -0.014499999582767494 -0.010700000450015066 -0.01840000040829183
v -0.014499999582767494 -0.010499999858438967 -0.01840000040829183
v -0.014499999582767494 -0.010499999858438967 -0.01840000040829183
v -0.014499999582767494 -0.010700000450015066 -0.01840000040829183
v -0.014700000174343593 -0.010700000450015066 -0.018600000068545355
v -0.014499999582767494 -0.010499999858438967 -0.01840000040829183
v -0.014700000174343593 -0.010700000450015066 -0.018600000068545355
v -0.014700000174343593 -0.010499999858438967 -0.018600000068545355
v -0.014700000174343593 -0.010499999858438967 -0.018600000068545355
v -0.014700000174343593 -0.010700000450015066 -0.018600000068545355
v -0.014800000004470355 -0.010700000450015066 -0.018600000068545355
v -0.014700000174343593 -0.010499999858438967 -0.018600000068545355
v -0.014800000004470355 -0.010700000450015066 -0.018600000068545355
v -0.01499999966472388 -0.010499999858438967 -0.018600000068545355
v -0.01499999966472388 -0.010499999858438967 -0.018600000068545355
v -0.014800000004470355 -0.010700000450015066 -0.018600000068545355
v -0.01499999966472388 -0.010700000450015066 -0.018600000068545355
v -0.01499999966472388 -0.010499999858438967 -0.018600000068545355
v -0.01499999966472388 -0.010700000450015066 -0.018600000068545355
v -0.014800000004470355 -0.010700000450015066 -0.015599999576807033
v -0.014800000004470355 -0.010499999858438967 -0.015599999576807033
v -0.01499999966472388 -0.010700000450015066 -0.01549999974668027
v -0.01499999966472388 -0.010700000450015066 -0.01549999974668027
v -0.014800000004470355 -0.010499999858438967 -0.015599999576807033
v -0.015100000426173217 -0.010499999858438967 -0.01549999974668027
v -0.01499999966472388 -0.010700000450015066 -0.01549999974668027
v -0.015100000426173217 -0.010499999858438967 -0.01549999974668027
v -0.015100000426173217 -0.010700000450015066 -0.01549999974668027
v -0.015100000426173217 -0.010700000450015066 -0.01549999974668027
v -0.015100000426173217 -0.010499999858438967 -0.01549999974668027
v -0.015300000086426742 -0.010499999858438967 -0.01549999974668027
v -0.015300000086426742 -0.010700000450015066 -0.01549999974668027
v -0.015300000086426742 -0.010499999858438967 -0.01549999974668027
v -0.015599999576807029 -0.010499999858438967 -0.01549999974668027
v -0.015300000086426742 -0.010700000450015066 -0.01549999974668027
v -0.015599999576807029 -0.010700000450015066 -0.01549999974668027
v -0.015799999237060554 -0.010700000450015066 -0.018600000068545355
v -0.015799999237060554 -0.010499999858438967 -0.018600000068545355
v -0.015799999237060554 -0.010499999858438967 -0.018600000068545355
v -0.015799999237060554 -0.010700000450015066 -0.018600000068545355
v -0.01610000059008599 -0.010700000450015066 -0.018500000238418593
v -0.015799999237060554 -0.010499999858438967 -0.018600000068545355
v -0.01610000059008599 -0.010700000450015066 -0.018500000238418593
v -0.01610000059008599 -0.010499999858438967 -0.018500000238418593
v -0.01610000059008599 -0.010499999858438967 -0.018500000238418593
v -0.01610000059008599 -0.010700000450015066 -0.018500000238418593
v -0.016300000250339515 -0.010700000450015066 -0.018300000578165068
v -0.01610000059008599 -0.010499999858438967 -0.018500000238418593
v -0.016300000250339515 -0.010700000450015066 -0.018300000578165068
v -0.016300000250339515 -0.010499999858438967 -0.018300000578165068
v -0.016300000250339515 -0.010499999858438967 -0.018300000578165068
v -0.016300000250339515 -0.010700000450015066 -0.018300000578165068
v -0.01649999991059304 -0.010700000450015066 -0.01810000091791154
v -0.016300000250339515 -0.010499999858438967 -0.018300000578165068
v -0.01649999991059304 -0.010700000450015066 -0.01810000091791154
v -0.01649999991059304 -0.010499999858438967 -0.01810000091791154
v -0.01649999991059304 -0.010499999858438967 -0.01810000091791154
v -0.01649999991059304 -0.010700000450015066 -0.01810000091791154
v -0.016699999570846565 -0.010700000450015066 -0.017899999395012866
v -0.01649999991059304 -0.010499999858438967 -0.01810000091791154
v -0.016699999570846565 -0.010700000450015066 -0.017899999395012866
v -0.016699999570846565 -0.010499999858438967 -0.017899999395012866
v -0.016699999570846565 -0.010499999858438967 -0.017899999395012866
v -0.016699999570846565 -0.010700000450015066 -0.017899999395012866
v -0.016799999400973327 -0.010700000450015066 -0.01759999990463258
v -0.016699999570846565 -0.010499999858438967 -0.017899999395012866
v -0.016799999400973327 -0.010700000450015066 -0.01759999990463258
v -0.016799999400973327 -0.010499999858438967 -0.01759999990463258
v -0.016799999400973327 -0.010499999858438967 -0.01759999990463258
v -0.016799999400973327 -0.010700000450015066 -0.01759999990463258
v -0.01689999923110009 -0.010700000450015066 -0.017400000244379054
v -0.016799999400973327 -0.010499999858438967 -0.01759999990463258
v -0.01689999923110009 -0.010700000450015066 -0.017400000244379054
v -0.01689999923110009 -0.010499999858438967 -0.017400000244379054
v -0.01689999923110009 -0.010499999858438967 -0.017400000244379054
v -0.01689999923110009 -0.010700000450015066 -0.017400000244379054
v -0.01689999923110009 -0.010700000450015066 -0.017100000753998767
v -0.01689999923110009 -0.010499999858438967 -0.017400000244379054
v -0.01689999923110009 -0.010700000450015066 -0.017100000753998767
v -0.01689999923110009 -0.010499999858438967 -0.017100000753998767
v -0.01689999923110009 -0.010499999858438967 -0.017100000753998767
v -0.01689999923110009 -0.010700000450015066 -0.017100000753998767
v -0.01689999923110009 -0.010700000450015066 -0.01679999940097333
v -0.01689999923110009 -0.010499999858438967 -0.017100000753998767
v -0.01689999923110009 -0.010700000450015066 -0.01679999940097333
v -0.01689999923110009 -0.010499999858438967 -0.01679999940097333
v -0.01689999923110009 -0.010499999858438967 -0.01679999940097333
v -0.01689999923110009 -0.010700000450015066 -0.01679999940097333
v -0.016799999400973327 -0.010700000450015066 -0.016499999910593043
v -0.01689999923110009 -0.010499999858438967 -0.01679999940097333
v -0.016799999400973327 -0.010700000450015066 -0.016499999910593043
v -0.016799999400973327 -0.010499999858438967 -0.016499999910593043
v -0.016799999400973327 -0.010499999858438967 -0.016499999910593043
v -0.016799999400973327 -0.010700000450015066 -0.016499999910593043
v -0.016699999570846565 -0.010700000450015066 -0.01630000025033952
v -0.016799999400973327 -0.010499999858438967 -0.016499999910593043
v -0.016699999570846565 -0.010700000450015066 -0.01630000025033952
v -0.016699999570846565 -0.010499999858438967 -0.01630000025033952
v -0.016699999570846565 -0.010499999858438967 -0.01630000025033952
v -0.016699999570846565 -0.010700000450015066 -0.01630000025033952
v -0.016599999740719802 -0.010700000450015066 -0.016100000590085994
v -0.016699999570846565 -0.010499999858438967 -0.01630000025033952
v -0.016599999740719802 -0.010700000450015066 -0.016100000590085994
v -0.016599999740719802 -0.010499999858438967 -0.016100000590085994
v -0.016599999740719802 -0.010499999858438967 -0.016100000590085994
v -0.016599999740719802 -0.010700000450015066 -0.016100000590085994
v -0.016400000080466277 -0.010700000450015066 -0.01590000092983247
v -0.016599999740719802 -0.010499999858438967 -0.016100000590085994
v -0.016400000080466277 -0.010700000450015066 -0.01590000092983247
v -0.016400000080466277 -0.010499999858438967 -0.01590000092983247
v -0.016400000080466277 -0.010499999858438967 -0.01590000092983247
v -0.016400000080466277 -0.010700000450015066 -0.01590000092983247
v -0.01610000059008599 -0.010700000450015066 -0.015699999406933795
v -0.016400000080466277 -0.010499999858438967 -0.01590000092983247
v -0.01610000059008599 -0.010700000450015066 -0.015699999406933795
v -0.01610000059008599 -0.010499999858438967 -0.015699999406933795
v -0.01610000059008599 -0.010499999858438967 -0.015699999406933795
v -0.01610000059008599 -0.010700000450015066 -0.015699999406933795
v -0.015900000929832465 -0.010700000450015066 -0.015599999576807033
v -0.01610000059008599 -0.010499999858438967 -0.015699999406933795
v -0.015900000929832465 -0.010700000450015066 -0.015599999576807033
v -0.015900000929832465 -0.010499999858438967 -0.015599999576807033
v -0.015900000929832465 -0.010499999858438967 -0.015599999576807033
v -0.015900000929832465 -0.010700000450015066 -0.015599999576807033
v -0.015900000929832465 -0.010499999858438967 -0.015599999576807033
v -0.015900000929832465 -0.010700000450015066 -0.015599999576807033
v -0.015599999576807029 -0.010499999858438967 -0.01549999974668027
v -0.015599999576807029 -0.010499999858438967 -0.01549999974668027
v -0.015900000929832465 -0.010700000450015066 -0.015599999576807033
v -0.015599999576807029 -0.010700000450015066 -0.01549999974668027
v -0.015599999576807029 -0.010499999858438967 -0.01549999974668027
v -0.015599999576807029 -0.010700000450015066 -0.01549999974668027
v -0.015799999237060554 -0.010700000450015066 -0.018600000068545355
v -0.015799999237060554 -0.010499999858438967 -0.018600000068545355
v -0.015599999576807029 -0.010700000450015066 -0.018600000068545355
v -0.015599999576807029 -0.010700000450015066 -0.018600000068545355
v -0.015799999237060554 -0.010499999858438967 -0.018600000068545355
v -0.015599999576807029 -0.010499999858438967 -0.018600000068545355
v -0.015599999576807029 -0.010700000450015066 -0.018600000068545355
v -0.015599999576807029 -0.010499999858438967 -0.018600000068545355
v -0.015599999576807029 -0.010700000450015066 -0.018600000068545355
v -0.015599999576807029 -0.010499999858438967 -0.018600000068545355
v -0.015300000086426742 -0.010499999858438967 -0.018699999898672118
v -0.015300000086426742 -0.010700000450015066 -0.018699999898672118
v -0.014899999834597118 -0.010499999858438967 -0.017799999564886104
v -0.014700000174343593 -0.010499999858438967 -0.018600000068545355
v -0.015100000426173217 -0.010499999858438967 -0.017799999564886104
v -0.01499999966472388 -0.010499999858438967 -0.018600000068545355
v -0.015300000086426742 -0.010499999858438967 -0.017899999395012866
v -0.015300000086426742 -0.010499999858438967 -0.018699999898672118
v -0.015499999746680267 -0.010499999858438967 -0.017799999564886104
v -0.015100000426173217 -0.010499999858438967 -0.01630000025033952
v -0.014800000004470355 -0.010499999858438967 -0.015599999576807033
v -0.01499999966472388 -0.010499999858438967 -0.01640000008046628
v -0.014499999582767494 -0.010499999858438967 -0.015699999406933795
v -0.01499999966472388 -0.010499999858438967 -0.01640000008046628
v -0.014499999582767494 -0.010499999858438967 -0.015699999406933795
v -0.014800000004470355 -0.010499999858438967 -0.016499999910593043
v -0.01460000034421683 -0.010499999858438967 -0.017500000074505816
v -0.014100000262260444 -0.010499999858438967 -0.01810000091791154
v -0.014800000004470355 -0.010499999858438967 -0.01769999973475934
v -0.014299999922513969 -0.010499999858438967 -0.018300000578165068
v -0.014499999582767494 -0.010499999858438967 -0.01840000040829183
v -0.015799999237060554 -0.010499999858438967 -0.01769999973475934
v -0.01649999991059304 -0.010499999858438967 -0.01810000091791154
v -0.016000000759959228 -0.010499999858438967 -0.017500000074505816
v -0.016699999570846565 -0.010499999858438967 -0.017899999395012866
v -0.01610000059008599 -0.010499999858438967 -0.017400000244379054
v -0.016799999400973327 -0.010499999858438967 -0.01759999990463258
v -0.01610000059008599 -0.010499999858438967 -0.01720000058412553
v -0.015599999576807029 -0.010499999858438967 -0.018600000068545355
v -0.015799999237060554 -0.010499999858438967 -0.018600000068545355
v -0.01569999940693379 -0.010499999858438967 -0.017799999564886104
v -0.01610000059008599 -0.010499999858438967 -0.018500000238418593
v -0.01569999940693379 -0.010499999858438967 -0.017799999564886104
v -0.01610000059008599 -0.010499999858438967 -0.018500000238418593
v -0.015799999237060554 -0.010499999858438967 -0.01769999973475934
v -0.016300000250339515 -0.010499999858438967 -0.018300000578165068
v -0.014499999582767494 -0.010499999858438967 -0.017000000923872004
v -0.01370000001043082 -0.010499999858438967 -0.017000000923872004
v -0.014499999582767494 -0.010499999858438967 -0.01720000058412553
v -0.01370000001043082 -0.010499999858438967 -0.01730000041425229
v -0.01460000034421683 -0.010499999858438967 -0.01730000041425229
v -0.013799999840557582 -0.010499999858438967 -0.01759999990463258
v -0.013899999670684345 -0.010499999858438967 -0.017799999564886104
v -0.014299999922513969 -0.010499999858438967 -0.015799999237060557
v -0.014100000262260444 -0.010499999858438967 -0.01600000075995923
v -0.014800000004470355 -0.010499999858438967 -0.016499999910593043
v -0.014100000262260444 -0.010499999858438967 -0.01600000075995923
v -0.014700000174343593 -0.010499999858438967 -0.016599999740719806
v -0.013899999670684345 -0.010499999858438967 -0.016200000420212756
v -0.01460000034421683 -0.010499999858438967 -0.01679999940097333
v -0.013799999840557582 -0.010499999858438967 -0.016499999910593043
v -0.01370000001043082 -0.010499999858438967 -0.01679999940097333
v -0.01569999940693379 -0.010499999858438967 -0.01640000008046628
v -0.015900000929832465 -0.010499999858438967 -0.015599999576807033
v -0.015499999746680267 -0.010499999858438967 -0.01630000025033952
v -0.015599999576807029 -0.010499999858438967 -0.01549999974668027
v -0.015499999746680267 -0.010499999858438967 -0.01630000025033952
v -0.015599999576807029 -0.010499999858438967 -0.01549999974668027
v -0.015300000086426742 -0.010499999858438967 -0.01630000025033952
v -0.015300000086426742 -0.010499999858438967 -0.01549999974668027
v -0.015100000426173217 -0.010499999858438967 -0.01549999974668027
v -0.01689999923110009 -0.010499999858438967 -0.017400000244379054
v -0.01689999923110009 -0.010499999858438967 -0.017100000753998767
v -0.01610000059008599 -0.010499999858438967 -0.017000000923872004
v -0.01689999923110009 -0.010499999858438967 -0.01679999940097333
v -0.01610000059008599 -0.010499999858438967 -0.01679999940097333
v -0.016799999400973327 -0.010499999858438967 -0.016499999910593043
v -0.016000000759959228 -0.010499999858438967 -0.016599999740719806
v -0.016699999570846565 -0.010499999858438967 -0.01630000025033952
v -0.016599999740719802 -0.010499999858438967 -0.016100000590085994
v -0.015900000929832465 -0.010499999858438967 -0.016499999910593043
v -0.016400000080466277 -0.010499999858438967 -0.01590000092983247
v -0.01610000059008599 -0.010499999858438967 -0.015699999406933795
v -0.015300000086426742 -0.010499999858438967 -0.017899999395012866
v -0.015300000086426742 -0.008799999952316282 -0.017899999395012866
v -0.015100000426173217 -0.008799999952316282 -0.017799999564886104
v -0.015100000426173217 -0.010499999858438967 -0.017799999564886104
v -0.015100000426173217 -0.010499999858438967 -0.017799999564886104
v -0.015100000426173217 -0.008799999952316282 -0.017799999564886104
v -0.014899999834597118 -0.008799999952316282 -0.017799999564886104
v -0.014899999834597118 -0.010499999858438967 -0.017799999564886104
v -0.014899999834597118 -0.010499999858438967 -0.017799999564886104
v -0.014899999834597118 -0.008799999952316282 -0.017799999564886104
v -0.014800000004470355 -0.008799999952316282 -0.01769999973475934
v -0.014800000004470355 -0.010499999858438967 -0.01769999973475934
v -0.014800000004470355 -0.010499999858438967 -0.01769999973475934
v -0.014800000004470355 -0.008799999952316282 -0.01769999973475934
v -0.014700000174343593 -0.008799999952316282 -0.017500000074505816
v -0.014800000004470355 -0.010499999858438967 -0.01769999973475934
v -0.014700000174343593 -0.008799999952316282 -0.017500000074505816
v -0.01460000034421683 -0.010499999858438967 -0.017500000074505816
v -0.01460000034421683 -0.010499999858438967 -0.017500000074505816
v -0.014700000174343593 -0.008799999952316282 -0.017500000074505816
v -0.01460000034421683 -0.008799999952316282 -0.01730000041425229
v -0.01460000034421683 -0.010499999858438967 -0.01730000041425229
v -0.01460000034421683 -0.010499999858438967 -0.01730000041425229
v -0.01460000034421683 -0.008799999952316282 -0.01730000041425229
v -0.014499999582767494 -0.008799999952316282 -0.01720000058412553
v -0.014499999582767494 -0.010499999858438967 -0.01720000058412553
v -0.014499999582767494 -0.010499999858438967 -0.01720000058412553
v -0.014499999582767494 -0.008799999952316282 -0.01720000058412553
v -0.014499999582767494 -0.008799999952316282 -0.017000000923872004
v -0.014499999582767494 -0.010499999858438967 -0.01720000058412553
v -0.014499999582767494 -0.008799999952316282 -0.017000000923872004
v -0.014499999582767494 -0.010499999858438967 -0.017000000923872004
v -0.014499999582767494 -0.010499999858438967 -0.017000000923872004
v -0.014499999582767494 -0.008799999952316282 -0.017000000923872004
v -0.01460000034421683 -0.008799999952316282 -0.01679999940097333
v -0.01460000034421683 -0.010499999858438967 -0.01679999940097333
v -0.01460000034421683 -0.010499999858438967 -0.01679999940097333
v -0.01460000034421683 -0.008799999952316282 -0.01679999940097333
v -0.014700000174343593 -0.008799999952316282 -0.016599999740719806
v -0.014700000174343593 -0.010499999858438967 -0.016599999740719806
v -0.014700000174343593 -0.010499999858438967 -0.016599999740719806
v -0.014700000174343593 -0.008799999952316282 -0.016599999740719806
v -0.014800000004470355 -0.008799999952316282 -0.016499999910593043
v -0.014800000004470355 -0.010499999858438967 -0.016499999910593043
v -0.014800000004470355 -0.010499999858438967 -0.016499999910593043
v -0.014800000004470355 -0.008799999952316282 -0.016499999910593043
v -0.01499999966472388 -0.008799999952316282 -0.01640000008046628
v -0.01499999966472388 -0.010499999858438967 -0.01640000008046628
v -0.01499999966472388 -0.010499999858438967 -0.01640000008046628
v -0.01499999966472388 -0.008799999952316282 -0.01640000008046628
v -0.015100000426173217 -0.008799999952316282 -0.01630000025033952
v -0.015100000426173217 -0.010499999858438967 -0.01630000025033952
v -0.015100000426173217 -0.010499999858438967 -0.01630000025033952
v -0.015100000426173217 -0.008799999952316282 -0.01630000025033952
v -0.015300000086426742 -0.008799999952316282 -0.01630000025033952
v -0.015300000086426742 -0.010499999858438967 -0.01630000025033952
v -0.015499999746680267 -0.008799999952316282 -0.01630000025033952
v -0.015300000086426742 -0.008799999952316282 -0.01630000025033952
v -0.015499999746680267 -0.008799999952316282 -0.017799999564886104
v -0.015100000426173217 -0.008799999952316282 -0.01630000025033952
v -0.01499999966472388 -0.008799999952316282 -0.01640000008046628
v -0.014800000004470355 -0.008799999952316282 -0.016499999910593043
v -0.014700000174343593 -0.008799999952316282 -0.016599999740719806
v -0.01460000034421683 -0.008799999952316282 -0.01679999940097333
v -0.01610000059008599 -0.008799999952316282 -0.017000000923872004
v -0.01610000059008599 -0.008799999952316282 -0.01679999940097333
v -0.016000000759959228 -0.008799999952316282 -0.016599999740719806
v -0.01569999940693379 -0.008799999952316282 -0.017799999564886104
v -0.015799999237060554 -0.008799999952316282 -0.01769999973475934
v -0.015499999746680267 -0.008799999952316282 -0.01630000025033952
v -0.015799999237060554 -0.008799999952316282 -0.01769999973475934
v -0.016000000759959228 -0.008799999952316282 -0.017500000074505816
v -0.014899999834597118 -0.008799999952316282 -0.017799999564886104
v -0.015100000426173217 -0.008799999952316282 -0.017799999564886104
v -0.015100000426173217 -0.008799999952316282 -0.017799999564886104
v -0.015300000086426742 -0.008799999952316282 -0.017899999395012866
v -0.015300000086426742 -0.008799999952316282 -0.017899999395012866
v -0.016000000759959228 -0.008799999952316282 -0.017500000074505816
v -0.01610000059008599 -0.008799999952316282 -0.017400000244379054
v -0.01610000059008599 -0.008799999952316282 -0.01720000058412553
v -0.01569999940693379 -0.008799999952316282 -0.01640000008046628
v -0.01610000059008599 -0.008799999952316282 -0.017000000923872004
v -0.016000000759959228 -0.008799999952316282 -0.016599999740719806
v -0.015900000929832465 -0.008799999952316282 -0.016499999910593043
v -0.014499999582767494 -0.008799999952316282 -0.01720000058412553
v -0.01460000034421683 -0.008799999952316282 -0.01730000041425229
v -0.014499999582767494 -0.008799999952316282 -0.017000000923872004
v -0.014499999582767494 -0.008799999952316282 -0.017000000923872004
v -0.01460000034421683 -0.008799999952316282 -0.01730000041425229
v -0.014700000174343593 -0.008799999952316282 -0.017500000074505816
v -0.01460000034421683 -0.008799999952316282 -0.01679999940097333
v -0.014800000004470355 -0.008799999952316282 -0.01769999973475934
v -0.015300000086426742 -0.010499999858438967 -0.01630000025033952
v -0.015300000086426742 -0.008799999952316282 -0.01630000025033952
v -0.015499999746680267 -0.008799999952316282 -0.01630000025033952
v -0.015499999746680267 -0.010499999858438967 -0.01630000025033952
v -0.015499999746680267 -0.010499999858438967 -0.01630000025033952
v -0.015499999746680267 -0.008799999952316282 -0.01630000025033952
v -0.01569999940693379 -0.008799999952316282 -0.01640000008046628
v -0.01569999940693379 -0.010499999858438967 -0.01640000008046628
v -0.01569999940693379 -0.010499999858438967 -0.01640000008046628
v -0.01569999940693379 -0.008799999952316282 -0.01640000008046628
v -0.015900000929832465 -0.008799999952316282 -0.016499999910593043
v -0.015900000929832465 -0.010499999858438967 -0.016499999910593043
v -0.015900000929832465 -0.010499999858438967 -0.016499999910593043
v -0.015900000929832465 -0.008799999952316282 -0.016499999910593043
v -0.016000000759959228 -0.008799999952316282 -0.016599999740719806
v -0.016000000759959228 -0.010499999858438967 -0.016599999740719806
v -0.016000000759959228 -0.010499999858438967 -0.016599999740719806
v -0.016000000759959228 -0.008799999952316282 -0.016599999740719806
v -0.01610000059008599 -0.008799999952316282 -0.01679999940097333
v -0.01610000059008599 -0.010499999858438967 -0.01679999940097333
v -0.01610000059008599 -0.010499999858438967 -0.01679999940097333
v -0.01610000059008599 -0.008799999952316282 -0.01679999940097333
v -0.01610000059008599 -0.008799999952316282 -0.017000000923872004
v -0.01610000059008599 -0.010499999858438967 -0.017000000923872004
v -0.01610000059008599 -0.010499999858438967 -0.017000000923872004
v -0.01610000059008599 -0.008799999952316282 -0.017000000923872004
v -0.01610000059008599 -0.008799999952316282 -0.01720000058412553
v -0.01610000059008599 -0.010499999858438967 -0.017000000923872004
v -0.01610000059008599 -0.008799999952316282 -0.01720000058412553
v -0.01610000059008599 -0.010499999858438967 -0.01720000058412553
v -0.01610000059008599 -0.010499999858438967 -0.01720000058412553
v -0.01610000059008599 -0.008799999952316282 -0.01720000058412553
v -0.01610000059008599 -0.008799999952316282 -0.017400000244379054
v -0.01610000059008599 -0.010499999858438967 -0.017400000244379054
v -0.01610000059008599 -0.010499999858438967 -0.017400000244379054
v -0.01610000059008599 -0.008799999952316282 -0.017400000244379054
v -0.016000000759959228 -0.008799999952316282 -0.017500000074505816
v -0.016000000759959228 -0.010499999858438967 -0.017500000074505816
v -0.016000000759959228 -0.010499999858438967 -0.017500000074505816
v -0.016000000759959228 -0.008799999952316282 -0.017500000074505816
v -0.015799999237060554 -0.008799999952316282 -0.01769999973475934
v -0.015799999237060554 -0.010499999858438967 -0.01769999973475934
v -0.015799999237060554 -0.010499999858438967 -0.01769999973475934
v -0.015799999237060554 -0.008799999952316282 -0.01769999973475934
v -0.01569999940693379 -0.008799999952316282 -0.017799999564886104
v -0.01569999940693379 -0.010499999858438967 -0.017799999564886104
v -0.01569999940693379 -0.010499999858438967 -0.017799999564886104
v -0.01569999940693379 -0.008799999952316282 -0.017799999564886104
v -0.015499999746680267 -0.008799999952316282 -0.017799999564886104
v -0.015499999746680267 -0.010499999858438967 -0.017799999564886104
v -0.015499999746680267 -0.010499999858438967 -0.017799999564886104
v -0.015499999746680267 -0.008799999952316282 -0.017799999564886104
v -0.015300000086426742 -0.008799999952316282 -0.017899999395012866
v -0.015300000086426742 -0.010499999858438967 -0.017899999395012866
v -0.01689999923110009 0.005499999970197677 -0.017500000074505816
v -0.01370000001043082 0.005499999970197677 -0.01730000041425229
v -0.014000000432133682 0.005700000096112489 -0.01730000041425229
v -0.014100000262260444 0.005900000222027301 -0.01730000041425229
v -0.01649999991059304 0.005900000222027301 -0.017400000244379054
v -0.016699999570846565 0.005700000096112489 -0.017500000074505816
v -0.014000000432133682 0.005700000096112489 -0.01730000041425229
v -0.01370000001043082 0.005499999970197677 -0.01730000041425229
v -0.013799999840557582 0.005499999970197677 -0.017500000074505816
v -0.016699999570846565 0.005700000096112489 -0.017500000074505816
v -0.01649999991059304 0.005900000222027301 -0.017400000244379054
v -0.016400000080466277 0.005900000222027301 -0.017500000074505816
v -0.014000000432133682 0.005700000096112489 -0.01730000041425229
v -0.013799999840557582 0.005499999970197677 -0.017500000074505816
v -0.014100000262260444 0.005900000222027301 -0.01730000041425229
v -0.014100000262260444 0.005900000222027301 -0.01730000041425229
v -0.013799999840557582 0.005499999970197677 -0.017500000074505816
v -0.014200000092387206 0.005900000222027301 -0.017400000244379054
v -0.014200000092387206 0.005900000222027301 -0.017400000244379054
v -0.013799999840557582 0.005499999970197677 -0.017500000074505816
v -0.014200000092387206 0.005900000222027301 -0.017400000244379054
v -0.013799999840557582 0.005499999970197677 -0.017500000074505816
v -0.014200000092387206 0.005900000222027301 -0.01759999990463258
v -0.01689999923110009 0.005499999970197677 -0.017500000074505816
v -0.016699999570846565 0.005700000096112489 -0.017500000074505816
v -0.016799999400973327 0.005499999970197677 -0.01769999973475934
v -0.016799999400973327 0.005499999970197677 -0.01769999973475934
v -0.016699999570846565 0.005700000096112489 -0.017500000074505816
v -0.016400000080466277 0.005900000222027301 -0.017500000074505816
v -0.016799999400973327 0.005499999970197677 -0.01769999973475934
v -0.016400000080466277 0.005900000222027301 -0.017500000074505816
v -0.016799999400973327 0.005499999970197677 -0.01769999973475934
v -0.016400000080466277 0.005900000222027301 -0.017500000074505816
v -0.016300000250339515 0.005900000222027301 -0.01769999973475934
v -0.016799999400973327 0.005499999970197677 -0.01769999973475934
v -0.016300000250339515 0.005900000222027301 -0.01769999973475934
v -0.016699999570846565 0.005499999970197677 -0.01799999922513963
v -0.016699999570846565 0.005499999970197677 -0.01799999922513963
v -0.016300000250339515 0.005900000222027301 -0.01769999973475934
v -0.016200000420212753 0.005900000222027301 -0.017899999395012866
v -0.01649999991059304 0.005499999970197677 -0.018200000748038302
v -0.01649999991059304 0.005499999970197677 -0.018200000748038302
v -0.016200000420212753 0.005900000222027301 -0.017899999395012866
v -0.016000000759959228 0.005900000222027301 -0.01799999922513963
v -0.016300000250339515 0.005499999970197677 -0.01840000040829183
v -0.016300000250339515 0.005499999970197677 -0.01840000040829183
v -0.016000000759959228 0.005900000222027301 -0.01799999922513963
v -0.015900000929832465 0.005900000222027301 -0.01810000091791154
v -0.016000000759959228 0.005499999970197677 -0.018500000238418593
v -0.016000000759959228 0.005499999970197677 -0.018500000238418593
v -0.015900000929832465 0.005900000222027301 -0.01810000091791154
v -0.01569999940693379 0.005900000222027301 -0.018200000748038302
v -0.015799999237060554 0.005499999970197677 -0.018600000068545355
v -0.015799999237060554 0.005499999970197677 -0.018600000068545355
v -0.01569999940693379 0.005900000222027301 -0.018200000748038302
v -0.015499999746680267 0.005900000222027301 -0.018300000578165068
v -0.015499999746680267 0.005499999970197677 -0.018699999898672118
v -0.015499999746680267 0.005499999970197677 -0.018699999898672118
v -0.015499999746680267 0.005900000222027301 -0.018300000578165068
v -0.01520000025629998 0.005900000222027301 -0.018300000578165068
v -0.01520000025629998 0.005499999970197677 -0.018699999898672118
v -0.01520000025629998 0.005499999970197677 -0.018699999898672118
v -0.01520000025629998 0.005900000222027301 -0.018300000578165068
v -0.01499999966472388 0.005900000222027301 -0.018200000748038302
v -0.014899999834597118 0.005499999970197677 -0.018600000068545355
v -0.014899999834597118 0.005499999970197677 -0.018600000068545355
v -0.01499999966472388 0.005900000222027301 -0.018200000748038302
v -0.014800000004470355 0.005900000222027301 -0.018200000748038302
v -0.014700000174343593 0.005499999970197677 -0.018500000238418593
v -0.014700000174343593 0.005499999970197677 -0.018500000238418593
v -0.014800000004470355 0.005900000222027301 -0.018200000748038302
v -0.014700000174343593 0.005900000222027301 -0.01810000091791154
v -0.014399999752640731 0.005499999970197677 -0.01840000040829183
v -0.014399999752640731 0.005499999970197677 -0.01840000040829183
v -0.014700000174343593 0.005900000222027301 -0.01810000091791154
v -0.014499999582767494 0.005900000222027301 -0.017899999395012866
v -0.014200000092387206 0.005499999970197677 -0.018200000748038302
v -0.014200000092387206 0.005499999970197677 -0.018200000748038302
v -0.014499999582767494 0.005900000222027301 -0.017899999395012866
v -0.014399999752640731 0.005900000222027301 -0.017799999564886104
v -0.014000000432133682 0.005499999970197677 -0.01799999922513963
v -0.014000000432133682 0.005499999970197677 -0.01799999922513963
v -0.014399999752640731 0.005900000222027301 -0.017799999564886104
v -0.014200000092387206 0.005900000222027301 -0.01759999990463258
v -0.013899999670684345 0.005499999970197677 -0.017799999564886104
v -0.013899999670684345 0.005499999970197677 -0.017799999564886104
v -0.014200000092387206 0.005900000222027301 -0.01759999990463258
v -0.013799999840557582 0.005499999970197677 -0.017500000074505816
v -0.014299999922513969 0.005900000222027301 -0.01640000008046628
v -0.014200000092387206 0.005900000222027301 -0.016599999740719806
v -0.01649999991059304 0.005900000222027301 -0.016699999570846568
v -0.014200000092387206 0.005900000222027301 -0.016699999570846568
v -0.01649999991059304 0.005900000222027301 -0.01679999940097333
v -0.016200000420212753 0.005900000222027301 -0.016200000420212756
v -0.016000000759959228 0.005900000222027301 -0.016100000590085994
v -0.014499999582767494 0.005900000222027301 -0.016200000420212756
v -0.015599999576807029 0.005900000222027301 -0.01590000092983247
v -0.015399999916553504 0.005900000222027301 -0.01590000092983247
v -0.01520000025629998 0.005900000222027301 -0.01590000092983247
v -0.016300000250339515 0.005900000222027301 -0.01640000008046628
v -0.015799999237060554 0.005900000222027301 -0.01600000075995923
v -0.01460000034421683 0.005900000222027301 -0.016100000590085994
v -0.01499999966472388 0.005900000222027301 -0.01590000092983247
v -0.014800000004470355 0.005900000222027301 -0.01600000075995923
v -0.016400000080466277 0.005900000222027301 -0.016499999910593043
v -0.01649999991059304 0.005900000222027301 -0.017400000244379054
v -0.014100000262260444 0.005900000222027301 -0.01730000041425229
v -0.014200000092387206 0.005900000222027301 -0.017400000244379054
v -0.014399999752640731 0.005900000222027301 -0.017799999564886104
v -0.014499999582767494 0.005900000222027301 -0.017899999395012866
v -0.016400000080466277 0.005900000222027301 -0.017500000074505816
v -0.014200000092387206 0.005900000222027301 -0.01759999990463258
v -0.016000000759959228 0.005900000222027301 -0.01799999922513963
v -0.014700000174343593 0.005900000222027301 -0.01810000091791154
v -0.016200000420212753 0.005900000222027301 -0.017899999395012866
v -0.016300000250339515 0.005900000222027301 -0.01769999973475934
v -0.014800000004470355 0.005900000222027301 -0.018200000748038302
v -0.01499999966472388 0.005900000222027301 -0.018200000748038302
v -0.01499999966472388 0.005900000222027301 -0.018200000748038302
v -0.01520000025629998 0.005900000222027301 -0.018300000578165068
v -0.015499999746680267 0.005900000222027301 -0.018300000578165068
v -0.01569999940693379 0.005900000222027301 -0.018200000748038302
v -0.016000000759959228 0.005900000222027301 -0.01799999922513963
v -0.01569999940693379 0.005900000222027301 -0.018200000748038302
v -0.015900000929832465 0.005900000222027301 -0.01810000091791154
v -0.016699999570846565 0.005700000096112489 -0.016899999231100093
v -0.01689999923110009 0.005499999970197677 -0.016899999231100093
v -0.01689999923110009 0.005499999970197677 -0.016599999740719806
v -0.014000000432133682 0.005700000096112489 -0.016699999570846568
v -0.014200000092387206 0.005900000222027301 -0.016699999570846568
v -0.014200000092387206 0.005900000222027301 -0.016599999740719806
v -0.016699999570846565 0.005700000096112489 -0.016899999231100093
v -0.01689999923110009 0.005499999970197677 -0.016599999740719806
v -0.01649999991059304 0.005900000222027301 -0.01679999940097333
v -0.01649999991059304 0.005900000222027301 -0.01679999940097333
v -0.01689999923110009 0.005499999970197677 -0.016599999740719806
v -0.01649999991059304 0.005900000222027301 -0.016699999570846568
v -0.01649999991059304 0.005900000222027301 -0.016699999570846568
v -0.01689999923110009 0.005499999970197677 -0.016599999740719806
v -0.01649999991059304 0.005900000222027301 -0.016699999570846568
v -0.01689999923110009 0.005499999970197677 -0.016599999740719806
v -0.016400000080466277 0.005900000222027301 -0.016499999910593043
v -0.013799999840557582 0.005499999970197677 -0.016699999570846568
v -0.014000000432133682 0.005700000096112489 -0.016699999570846568
v -0.013899999670684345 0.005499999970197677 -0.01640000008046628
v -0.013899999670684345 0.005499999970197677 -0.01640000008046628
v -0.014000000432133682 0.005700000096112489 -0.016699999570846568
v -0.014200000092387206 0.005900000222027301 -0.016599999740719806
v -0.013899999670684345 0.005499999970197677 -0.01640000008046628
v -0.014200000092387206 0.005900000222027301 -0.016599999740719806
v -0.013899999670684345 0.005499999970197677 -0.01640000008046628
v -0.014200000092387206 0.005900000222027301 -0.016599999740719806
v -0.014299999922513969 0.005900000222027301 -0.01640000008046628
v -0.013899999670684345 0.005499999970197677 -0.01640000008046628
v -0.014299999922513969 0.005900000222027301 -0.01640000008046628
v -0.014000000432133682 0.005499999970197677 -0.016200000420212756
v -0.014000000432133682 0.005499999970197677 -0.016200000420212756
v -0.014299999922513969 0.005900000222027301 -0.01640000008046628
v -0.014499999582767494 0.005900000222027301 -0.016200000420212756
v -0.014200000092387206 0.005499999970197677 -0.01600000075995923
v -0.014200000092387206 0.005499999970197677 -0.01600000075995923
v -0.014499999582767494 0.005900000222027301 -0.016200000420212756
v -0.01460000034421683 0.005900000222027301 -0.016100000590085994
v -0.014399999752640731 0.005499999970197677 -0.015799999237060557
v -0.014399999752640731 0.005499999970197677 -0.015799999237060557
v -0.01460000034421683 0.005900000222027301 -0.016100000590085994
v -0.014800000004470355 0.005900000222027301 -0.01600000075995923
v -0.01460000034421683 0.005499999970197677 -0.015599999576807033
v -0.01460000034421683 0.005499999970197677 -0.015599999576807033
v -0.014800000004470355 0.005900000222027301 -0.01600000075995923
v -0.01499999966472388 0.005900000222027301 -0.01590000092983247
v -0.014899999834597118 0.005499999970197677 -0.01549999974668027
v -0.014899999834597118 0.005499999970197677 -0.01549999974668027
v -0.01499999966472388 0.005900000222027301 -0.01590000092983247
v -0.01520000025629998 0.005900000222027301 -0.01590000092983247
v -0.015100000426173217 0.005499999970197677 -0.01549999974668027
v -0.015100000426173217 0.005499999970197677 -0.01549999974668027
v -0.01520000025629998 0.005900000222027301 -0.01590000092983247
v -0.015399999916553504 0.005900000222027301 -0.01590000092983247
v -0.015399999916553504 0.005499999970197677 -0.01549999974668027
v -0.015399999916553504 0.005499999970197677 -0.01549999974668027
v -0.015399999916553504 0.005900000222027301 -0.01590000092983247
v -0.015599999576807029 0.005900000222027301 -0.01590000092983247
v -0.01569999940693379 0.005499999970197677 -0.01549999974668027
v -0.01569999940693379 0.005499999970197677 -0.01549999974668027
v -0.015599999576807029 0.005900000222027301 -0.01590000092983247
v -0.015799999237060554 0.005900000222027301 -0.01600000075995923
v -0.016000000759959228 0.005499999970197677 -0.015599999576807033
v -0.016000000759959228 0.005499999970197677 -0.015599999576807033
v -0.015799999237060554 0.005900000222027301 -0.01600000075995923
v -0.016000000759959228 0.005900000222027301 -0.016100000590085994
v -0.016200000420212753 0.005499999970197677 -0.015699999406933795
v -0.016200000420212753 0.005499999970197677 -0.015699999406933795
v -0.016000000759959228 0.005900000222027301 -0.016100000590085994
v -0.016200000420212753 0.005900000222027301 -0.016200000420212756
v -0.016400000080466277 0.005499999970197677 -0.01590000092983247
v -0.016400000080466277 0.005499999970197677 -0.01590000092983247
v -0.016200000420212753 0.005900000222027301 -0.016200000420212756
v -0.016300000250339515 0.005900000222027301 -0.01640000008046628
v -0.016599999740719802 0.005499999970197677 -0.016100000590085994
v -0.016599999740719802 0.005499999970197677 -0.016100000590085994
v -0.016300000250339515 0.005900000222027301 -0.01640000008046628
v -0.016400000080466277 0.005900000222027301 -0.016499999910593043
v -0.016799999400973327 0.005499999970197677 -0.01640000008046628
v -0.016799999400973327 0.005499999970197677 -0.01640000008046628
v -0.016400000080466277 0.005900000222027301 -0.016499999910593043
v -0.01689999923110009 0.005499999970197677 -0.016599999740719806
v -0.013799999840557582 0.005499999970197677 -0.016699999570846568
v -0.01689999923110009 0.005499999970197677 -0.016899999231100093
v -0.016699999570846565 0.005700000096112489 -0.016899999231100093
v -0.01649999991059304 0.005900000222027301 -0.01679999940097333
v -0.014200000092387206 0.005900000222027301 -0.016699999570846568
v -0.014000000432133682 0.005700000096112489 -0.016699999570846568
v -0.01689999923110009 0.005499999970197677 -0.016899999231100093
v -0.013799999840557582 0.005499999970197677 -0.016699999570846568
v -0.01370000001043082 0.005499999970197677 -0.01730000041425229
v -0.01689999923110009 0.005499999970197677 -0.017500000074505816
v -0.01370000001043082 0.005499999970197677 -0.01720000058412553
v -0.01689999923110009 0.005499999970197677 -0.017400000244379054
v -0.01370000001043082 0.005499999970197677 -0.017000000923872004
v -0.01689999923110009 0.005499999970197677 -0.01720000058412553
v -0.01370000001043082 0.005299999844282865 -0.017000000923872004
v -0.01370000001043082 0.005299999844282865 -0.01720000058412553
v -0.01370000001043082 0.005499999970197677 -0.017000000923872004
v -0.01370000001043082 0.005499999970197677 -0.01720000058412553
v -0.016799999400973327 0.005499999970197677 -0.01769999973475934
v -0.016799999400973327 0.005299999844282865 -0.01769999973475934
v -0.016799999400973327 0.005299999844282865 -0.01769999973475934
v -0.016799999400973327 0.005499999970197677 -0.01769999973475934
v -0.016699999570846565 0.005499999970197677 -0.01799999922513963
v -0.016799999400973327 0.005299999844282865 -0.01769999973475934
v -0.016699999570846565 0.005499999970197677 -0.01799999922513963
v -0.016699999570846565 0.005299999844282865 -0.01799999922513963
v -0.016699999570846565 0.005299999844282865 -0.01799999922513963
v -0.016699999570846565 0.005499999970197677 -0.01799999922513963
v -0.01649999991059304 0.005499999970197677 -0.018200000748038302
v -0.016699999570846565 0.005299999844282865 -0.01799999922513963
v -0.01649999991059304 0.005499999970197677 -0.018200000748038302
v -0.01649999991059304 0.005299999844282865 -0.018200000748038302
v -0.01649999991059304 0.005299999844282865 -0.018200000748038302
v -0.01649999991059304 0.005499999970197677 -0.018200000748038302
v -0.016300000250339515 0.005499999970197677 -0.01840000040829183
v -0.01649999991059304 0.005299999844282865 -0.018200000748038302
v -0.016300000250339515 0.005499999970197677 -0.01840000040829183
v -0.016300000250339515 0.005299999844282865 -0.01840000040829183
v -0.016300000250339515 0.005299999844282865 -0.01840000040829183
v -0.016300000250339515 0.005499999970197677 -0.01840000040829183
v -0.016000000759959228 0.005499999970197677 -0.018500000238418593
v -0.016300000250339515 0.005299999844282865 -0.01840000040829183
v -0.016000000759959228 0.005499999970197677 -0.018500000238418593
v -0.016000000759959228 0.005299999844282865 -0.018500000238418593
v -0.016000000759959228 0.005299999844282865 -0.018500000238418593
v -0.016000000759959228 0.005499999970197677 -0.018500000238418593
v -0.015799999237060554 0.005499999970197677 -0.018600000068545355
v -0.016000000759959228 0.005299999844282865 -0.018500000238418593
v -0.015799999237060554 0.005499999970197677 -0.018600000068545355
v -0.015799999237060554 0.005299999844282865 -0.018600000068545355
v -0.015799999237060554 0.005299999844282865 -0.018600000068545355
v -0.015799999237060554 0.005499999970197677 -0.018600000068545355
v -0.015499999746680267 0.005499999970197677 -0.018699999898672118
v -0.015799999237060554 0.005299999844282865 -0.018600000068545355
v -0.015499999746680267 0.005499999970197677 -0.018699999898672118
v -0.015499999746680267 0.005299999844282865 -0.018699999898672118
v -0.015499999746680267 0.005299999844282865 -0.018699999898672118
v -0.015499999746680267 0.005499999970197677 -0.018699999898672118
v -0.01520000025629998 0.005499999970197677 -0.018699999898672118
v -0.015499999746680267 0.005299999844282865 -0.018699999898672118
v -0.01520000025629998 0.005499999970197677 -0.018699999898672118
v -0.01520000025629998 0.005299999844282865 -0.018699999898672118
v -0.01520000025629998 0.005299999844282865 -0.018699999898672118
v -0.01520000025629998 0.005499999970197677 -0.018699999898672118
v -0.014899999834597118 0.005499999970197677 -0.018600000068545355
v -0.01520000025629998 0.005299999844282865 -0.018699999898672118
v -0.014899999834597118 0.005499999970197677 -0.018600000068545355
v -0.014899999834597118 0.005299999844282865 -0.018600000068545355
v -0.014899999834597118 0.005299999844282865 -0.018600000068545355
v -0.014899999834597118 0.005499999970197677 -0.018600000068545355
v -0.014700000174343593 0.005499999970197677 -0.018500000238418593
v -0.014899999834597118 0.005299999844282865 -0.018600000068545355
v -0.014700000174343593 0.005499999970197677 -0.018500000238418593
v -0.014700000174343593 0.005299999844282865 -0.018500000238418593
v -0.014700000174343593 0.005299999844282865 -0.018500000238418593
v -0.014700000174343593 0.005499999970197677 -0.018500000238418593
v -0.014399999752640731 0.005499999970197677 -0.01840000040829183
v -0.014700000174343593 0.005299999844282865 -0.018500000238418593
v -0.014399999752640731 0.005499999970197677 -0.01840000040829183
v -0.014399999752640731 0.005299999844282865 -0.01840000040829183
v -0.014399999752640731 0.005299999844282865 -0.01840000040829183
v -0.014399999752640731 0.005499999970197677 -0.01840000040829183
v -0.014200000092387206 0.005499999970197677 -0.018200000748038302
v -0.014399999752640731 0.005299999844282865 -0.01840000040829183
v -0.014200000092387206 0.005499999970197677 -0.018200000748038302
v -0.014200000092387206 0.005299999844282865 -0.018200000748038302
v -0.014200000092387206 0.005299999844282865 -0.018200000748038302
v -0.014200000092387206 0.005499999970197677 -0.018200000748038302
v -0.014000000432133682 0.005499999970197677 -0.01799999922513963
v -0.014200000092387206 0.005299999844282865 -0.018200000748038302
v -0.014000000432133682 0.005499999970197677 -0.01799999922513963
v -0.014000000432133682 0.005299999844282865 -0.01799999922513963
v -0.014000000432133682 0.005299999844282865 -0.01799999922513963
v -0.014000000432133682 0.005499999970197677 -0.01799999922513963
v -0.013899999670684345 0.005499999970197677 -0.017799999564886104
v -0.014000000432133682 0.005299999844282865 -0.01799999922513963
v -0.013899999670684345 0.005499999970197677 -0.017799999564886104
v -0.013899999670684345 0.005299999844282865 -0.017799999564886104
v -0.013899999670684345 0.005299999844282865 -0.017799999564886104
v -0.013899999670684345 0.005499999970197677 -0.017799999564886104
v -0.013799999840557582 0.005499999970197677 -0.017500000074505816
v -0.013899999670684345 0.005299999844282865 -0.017799999564886104
v -0.013799999840557582 0.005499999970197677 -0.017500000074505816
v -0.013799999840557582 0.005299999844282865 -0.017500000074505816
v -0.013799999840557582 0.005299999844282865 -0.017500000074505816
v -0.013799999840557582 0.005499999970197677 -0.017500000074505816
v -0.013799999840557582 0.005299999844282865 -0.017500000074505816
v -0.013799999840557582 0.005499999970197677 -0.017500000074505816
v -0.01370000001043082 0.005299999844282865 -0.01720000058412553
v -0.01370000001043082 0.005299999844282865 -0.01720000058412553
v -0.013799999840557582 0.005499999970197677 -0.017500000074505816
v -0.01370000001043082 0.005499999970197677 -0.01730000041425229
v -0.01370000001043082 0.005299999844282865 -0.01720000058412553
v -0.01370000001043082 0.005499999970197677 -0.01730000041425229
v -0.01370000001043082 0.005499999970197677 -0.01720000058412553
v -0.016799999400973327 0.005499999970197677 -0.01769999973475934
v -0.016799999400973327 0.005299999844282865 -0.01769999973475934
v -0.01689999923110009 0.005499999970197677 -0.017500000074505816
v -0.01689999923110009 0.005499999970197677 -0.017500000074505816
v -0.016799999400973327 0.005299999844282865 -0.01769999973475934
v -0.01689999923110009 0.005299999844282865 -0.017400000244379054
v -0.01689999923110009 0.005499999970197677 -0.017500000074505816
v -0.01689999923110009 0.005299999844282865 -0.017400000244379054
v -0.01689999923110009 0.005499999970197677 -0.017400000244379054
v -0.01689999923110009 0.005499999970197677 -0.017400000244379054
v -0.01689999923110009 0.005299999844282865 -0.017400000244379054
v -0.01689999923110009 0.005299999844282865 -0.01720000058412553
v -0.01689999923110009 0.005499999970197677 -0.01720000058412553
v -0.01689999923110009 0.005299999844282865 -0.01720000058412553
v -0.01689999923110009 0.005299999844282865 -0.016899999231100093
v -0.01689999923110009 0.005499999970197677 -0.01720000058412553
v -0.01689999923110009 0.005499999970197677 -0.016899999231100093
v -0.013899999670684345 0.005499999970197677 -0.01640000008046628
v -0.013899999670684345 0.005299999844282865 -0.01640000008046628
v -0.013899999670684345 0.005299999844282865 -0.01640000008046628
v -0.013899999670684345 0.005499999970197677 -0.01640000008046628
v -0.014000000432133682 0.005499999970197677 -0.016200000420212756
v -0.013899999670684345 0.005299999844282865 -0.01640000008046628
v -0.014000000432133682 0.005499999970197677 -0.016200000420212756
v -0.014000000432133682 0.005299999844282865 -0.016200000420212756
v -0.014000000432133682 0.005299999844282865 -0.016200000420212756
v -0.014000000432133682 0.005499999970197677 -0.016200000420212756
v -0.014200000092387206 0.005499999970197677 -0.01600000075995923
v -0.014000000432133682 0.005299999844282865 -0.016200000420212756
v -0.014200000092387206 0.005499999970197677 -0.01600000075995923
v -0.014200000092387206 0.005299999844282865 -0.01600000075995923
v -0.014200000092387206 0.005299999844282865 -0.01600000075995923
v -0.014200000092387206 0.005499999970197677 -0.01600000075995923
v -0.014399999752640731 0.005499999970197677 -0.015799999237060557
v -0.014200000092387206 0.005299999844282865 -0.01600000075995923
v -0.014399999752640731 0.005499999970197677 -0.015799999237060557
v -0.014399999752640731 0.005299999844282865 -0.015799999237060557
v -0.014399999752640731 0.005299999844282865 -0.015799999237060557
v -0.014399999752640731 0.005499999970197677 -0.015799999237060557
v -0.01460000034421683 0.005499999970197677 -0.015599999576807033
v -0.014399999752640731 0.005299999844282865 -0.015799999237060557
v -0.01460000034421683 0.005499999970197677 -0.015599999576807033
v -0.01460000034421683 0.005299999844282865 -0.015599999576807033
v -0.01460000034421683 0.005299999844282865 -0.015599999576807033
v -0.01460000034421683 0.005499999970197677 -0.015599999576807033
v -0.014899999834597118 0.005499999970197677 -0.01549999974668027
v -0.01460000034421683 0.005299999844282865 -0.015599999576807033
v -0.014899999834597118 0.005499999970197677 -0.01549999974668027
v -0.014899999834597118 0.005299999844282865 -0.01549999974668027
v -0.014899999834597118 0.005299999844282865 -0.01549999974668027
v -0.014899999834597118 0.005499999970197677 -0.01549999974668027
v -0.015100000426173217 0.005499999970197677 -0.01549999974668027
v -0.014899999834597118 0.005299999844282865 -0.01549999974668027
v -0.015100000426173217 0.005499999970197677 -0.01549999974668027
v -0.015100000426173217 0.005299999844282865 -0.01549999974668027
v -0.015100000426173217 0.005299999844282865 -0.01549999974668027
v -0.015100000426173217 0.005499999970197677 -0.01549999974668027
v -0.015399999916553504 0.005499999970197677 -0.01549999974668027
v -0.015100000426173217 0.005299999844282865 -0.01549999974668027
v -0.015399999916553504 0.005499999970197677 -0.01549999974668027
v -0.015399999916553504 0.005299999844282865 -0.01549999974668027
v -0.015399999916553504 0.005299999844282865 -0.01549999974668027
v -0.015399999916553504 0.005499999970197677 -0.01549999974668027
v -0.01569999940693379 0.005499999970197677 -0.01549999974668027
v -0.015399999916553504 0.005299999844282865 -0.01549999974668027
v -0.01569999940693379 0.005499999970197677 -0.01549999974668027
v -0.01569999940693379 0.005299999844282865 -0.01549999974668027
v -0.01569999940693379 0.005299999844282865 -0.01549999974668027
v -0.01569999940693379 0.005499999970197677 -0.01549999974668027
v -0.016000000759959228 0.005499999970197677 -0.015599999576807033
v -0.01569999940693379 0.005299999844282865 -0.01549999974668027
v -0.016000000759959228 0.005499999970197677 -0.015599999576807033
v -0.016000000759959228 0.005299999844282865 -0.015599999576807033
v -0.016000000759959228 0.005299999844282865 -0.015599999576807033
v -0.016000000759959228 0.005499999970197677 -0.015599999576807033
v -0.016200000420212753 0.005499999970197677 -0.015699999406933795
v -0.016000000759959228 0.005299999844282865 -0.015599999576807033
v -0.016200000420212753 0.005499999970197677 -0.015699999406933795
v -0.016200000420212753 0.005299999844282865 -0.015699999406933795
v -0.016200000420212753 0.005299999844282865 -0.015699999406933795
v -0.016200000420212753 0.005499999970197677 -0.015699999406933795
v -0.016400000080466277 0.005499999970197677 -0.01590000092983247
v -0.016200000420212753 0.005299999844282865 -0.015699999406933795
v -0.016400000080466277 0.005499999970197677 -0.01590000092983247
v -0.016400000080466277 0.005299999844282865 -0.01590000092983247
v -0.016400000080466277 0.005299999844282865 -0.01590000092983247
v -0.016400000080466277 0.005499999970197677 -0.01590000092983247
v -0.016599999740719802 0.005499999970197677 -0.016100000590085994
v -0.016400000080466277 0.005299999844282865 -0.01590000092983247
v -0.016599999740719802 0.005499999970197677 -0.016100000590085994
v -0.016599999740719802 0.005299999844282865 -0.016100000590085994
v -0.016599999740719802 0.005299999844282865 -0.016100000590085994
v -0.016599999740719802 0.005499999970197677 -0.016100000590085994
v -0.016799999400973327 0.005499999970197677 -0.01640000008046628
v -0.016599999740719802 0.005299999844282865 -0.016100000590085994
v -0.016799999400973327 0.005499999970197677 -0.01640000008046628
v -0.016799999400973327 0.005299999844282865 -0.01640000008046628
v -0.016799999400973327 0.005299999844282865 -0.01640000008046628
v -0.016799999400973327 0.005499999970197677 -0.01640000008046628
v -0.01689999923110009 0.005499999970197677 -0.016599999740719806
v -0.016799999400973327 0.005299999844282865 -0.01640000008046628
v -0.01689999923110009 0.005499999970197677 -0.016599999740719806
v -0.01689999923110009 0.005299999844282865 -0.016599999740719806
v -0.01689999923110009 0.005299999844282865 -0.016599999740719806
v -0.01689999923110009 0.005499999970197677 -0.016599999740719806
v -0.01689999923110009 0.005299999844282865 -0.016599999740719806
v -0.01689999923110009 0.005499999970197677 -0.016599999740719806
v -0.01689999923110009 0.005299999844282865 -0.016899999231100093
v -0.01689999923110009 0.005299999844282865 -0.016899999231100093
v -0.01689999923110009 0.005499999970197677 -0.016599999740719806
v -0.01689999923110009 0.005499999970197677 -0.016899999231100093
v -0.01689999923110009 0.005299999844282865 -0.016899999231100093
v -0.01689999923110009 0.005499999970197677 -0.016899999231100093
v -0.013899999670684345 0.005499999970197677 -0.01640000008046628
v -0.013899999670684345 0.005299999844282865 -0.01640000008046628
v -0.013799999840557582 0.005499999970197677 -0.016699999570846568
v -0.013799999840557582 0.005499999970197677 -0.016699999570846568
v -0.013899999670684345 0.005299999844282865 -0.01640000008046628
v -0.013799999840557582 0.005299999844282865 -0.016699999570846568
v -0.013799999840557582 0.005499999970197677 -0.016699999570846568
v -0.013799999840557582 0.005299999844282865 -0.016699999570846568
v -0.013799999840557582 0.005499999970197677 -0.016699999570846568
v -0.013799999840557582 0.005299999844282865 -0.016699999570846568
v -0.01370000001043082 0.005299999844282865 -0.017000000923872004
v -0.01370000001043082 0.005499999970197677 -0.017000000923872004
v -0.015900000929832465 0.005299999844282865 -0.01759999990463258
v -0.016300000250339515 0.005299999844282865 -0.01840000040829183
v -0.01569999940693379 0.005299999844282865 -0.017799999564886104
v -0.016000000759959228 0.005299999844282865 -0.018500000238418593
v -0.015599999576807029 0.005299999844282865 -0.017799999564886104
v -0.015799999237060554 0.005299999844282865 -0.018600000068545355
v -0.015399999916553504 0.005299999844282865 -0.017899999395012866
v -0.01610000059008599 0.005299999844282865 -0.01730000041425229
v -0.016799999400973327 0.005299999844282865 -0.01769999973475934
v -0.016000000759959228 0.005299999844282865 -0.017500000074505816
v -0.016699999570846565 0.005299999844282865 -0.01799999922513963
v -0.01649999991059304 0.005299999844282865 -0.018200000748038302
v -0.015499999746680267 0.005299999844282865 -0.018699999898672118
v -0.01520000025629998 0.005299999844282865 -0.018699999898672118
v -0.01520000025629998 0.005299999844282865 -0.017899999395012866
v -0.014899999834597118 0.005299999844282865 -0.018600000068545355
v -0.01499999966472388 0.005299999844282865 -0.017799999564886104
v -0.014700000174343593 0.005299999844282865 -0.018500000238418593
v -0.014800000004470355 0.005299999844282865 -0.01769999973475934
v -0.01460000034421683 0.005299999844282865 -0.017400000244379054
v -0.013799999840557582 0.005299999844282865 -0.017500000074505816
v -0.014499999582767494 0.005299999844282865 -0.01720000058412553
v -0.01370000001043082 0.005299999844282865 -0.01720000058412553
v -0.014499999582767494 0.005299999844282865 -0.017000000923872004
v -0.01370000001043082 0.005299999844282865 -0.017000000923872004
v -0.01460000034421683 0.005299999844282865 -0.01679999940097333
v -0.014399999752640731 0.005299999844282865 -0.01840000040829183
v -0.014200000092387206 0.005299999844282865 -0.018200000748038302
v -0.014700000174343593 0.005299999844282865 -0.01759999990463258
v -0.014000000432133682 0.005299999844282865 -0.01799999922513963
v -0.013899999670684345 0.005299999844282865 -0.017799999564886104
v -0.01610000059008599 0.005299999844282865 -0.016699999570846568
v -0.01689999923110009 0.005299999844282865 -0.016599999740719806
v -0.01610000059008599 0.005299999844282865 -0.016899999231100093
v -0.01689999923110009 0.005299999844282865 -0.016899999231100093
v -0.01610000059008599 0.005299999844282865 -0.017100000753998767
v -0.01689999923110009 0.005299999844282865 -0.01720000058412553
v -0.01689999923110009 0.005299999844282865 -0.017400000244379054
v -0.015799999237060554 0.005299999844282865 -0.01640000008046628
v -0.016400000080466277 0.005299999844282865 -0.01590000092983247
v -0.016000000759959228 0.005299999844282865 -0.016599999740719806
v -0.016599999740719802 0.005299999844282865 -0.016100000590085994
v -0.016799999400973327 0.005299999844282865 -0.01640000008046628
v -0.013799999840557582 0.005299999844282865 -0.016699999570846568
v -0.013899999670684345 0.005299999844282865 -0.01640000008046628
v -0.01460000034421683 0.005299999844282865 -0.016599999740719806
v -0.014000000432133682 0.005299999844282865 -0.016200000420212756
v -0.014800000004470355 0.005299999844282865 -0.016499999910593043
v -0.014200000092387206 0.005299999844282865 -0.01600000075995923
v -0.014399999752640731 0.005299999844282865 -0.015799999237060557
v -0.014899999834597118 0.005299999844282865 -0.01640000008046628
v -0.01460000034421683 0.005299999844282865 -0.015599999576807033
v -0.015100000426173217 0.005299999844282865 -0.01630000025033952
v -0.014899999834597118 0.005299999844282865 -0.01549999974668027
v -0.015300000086426742 0.005299999844282865 -0.01630000025033952
v -0.015100000426173217 0.005299999844282865 -0.01549999974668027
v -0.015399999916553504 0.005299999844282865 -0.01549999974668027
v -0.015499999746680267 0.005299999844282865 -0.01630000025033952
v -0.01569999940693379 0.005299999844282865 -0.01549999974668027
v -0.01569999940693379 0.005299999844282865 -0.01630000025033952
v -0.016000000759959228 0.005299999844282865 -0.015599999576807033
v -0.016200000420212753 0.005299999844282865 -0.015699999406933795
v -0.014499999582767494 0.005299999844282865 -0.017000000923872004
v -0.014499999582767494 0.0035999999381601806 -0.017000000923872004
v -0.014499999582767494 0.0035999999381601806 -0.01720000058412553
v -0.014499999582767494 0.005299999844282865 -0.01720000058412553
v -0.014499999582767494 0.005299999844282865 -0.01720000058412553
v -0.014499999582767494 0.0035999999381601806 -0.01720000058412553
v -0.01460000034421683 0.0035999999381601806 -0.017400000244379054
v -0.01460000034421683 0.005299999844282865 -0.017400000244379054
v -0.01460000034421683 0.005299999844282865 -0.017400000244379054
v -0.01460000034421683 0.0035999999381601806 -0.017400000244379054
v -0.014700000174343593 0.0035999999381601806 -0.01759999990463258
v -0.014700000174343593 0.005299999844282865 -0.01759999990463258
v -0.014700000174343593 0.005299999844282865 -0.01759999990463258
v -0.014700000174343593 0.0035999999381601806 -0.01759999990463258
v -0.014800000004470355 0.0035999999381601806 -0.01769999973475934
v -0.014800000004470355 0.005299999844282865 -0.01769999973475934
v -0.014800000004470355 0.005299999844282865 -0.01769999973475934
v -0.014800000004470355 0.0035999999381601806 -0.01769999973475934
v -0.01499999966472388 0.0035999999381601806 -0.017799999564886104
v -0.01499999966472388 0.005299999844282865 -0.017799999564886104
v -0.01499999966472388 0.005299999844282865 -0.017799999564886104
v -0.01499999966472388 0.0035999999381601806 -0.017799999564886104
v -0.01520000025629998 0.0035999999381601806 -0.017899999395012866
v -0.01520000025629998 0.005299999844282865 -0.017899999395012866
v -0.01520000025629998 0.005299999844282865 -0.017899999395012866
v -0.01520000025629998 0.0035999999381601806 -0.017899999395012866
v -0.015399999916553504 0.0035999999381601806 -0.017899999395012866
v -0.015399999916553504 0.005299999844282865 -0.017899999395012866
v -0.015399999916553504 0.005299999844282865 -0.017899999395012866
v -0.015399999916553504 0.0035999999381601806 -0.017899999395012866
v -0.015599999576807029 0.0035999999381601806 -0.017799999564886104
v -0.015599999576807029 0.005299999844282865 -0.017799999564886104
v -0.015599999576807029 0.005299999844282865 -0.017799999564886104
v -0.015599999576807029 0.0035999999381601806 -0.017799999564886104
v -0.01569999940693379 0.0035999999381601806 -0.017799999564886104
v -0.01569999940693379 0.005299999844282865 -0.017799999564886104
v -0.01569999940693379 0.005299999844282865 -0.017799999564886104
v -0.01569999940693379 0.0035999999381601806 -0.017799999564886104
v -0.015900000929832465 0.0035999999381601806 -0.01759999990463258
v -0.015900000929832465 0.005299999844282865 -0.01759999990463258
v -0.015900000929832465 0.005299999844282865 -0.01759999990463258
v -0.015900000929832465 0.0035999999381601806 -0.01759999990463258
v -0.016000000759959228 0.0035999999381601806 -0.017500000074505816
v -0.016000000759959228 0.005299999844282865 -0.017500000074505816
v -0.016000000759959228 0.005299999844282865 -0.017500000074505816
v -0.016000000759959228 0.0035999999381601806 -0.017500000074505816
v -0.01610000059008599 0.0035999999381601806 -0.01730000041425229
v -0.01610000059008599 0.005299999844282865 -0.01730000041425229
v -0.01610000059008599 0.005299999844282865 -0.01730000041425229
v -0.01610000059008599 0.0035999999381601806 -0.01730000041425229
v -0.01610000059008599 0.0035999999381601806 -0.017100000753998767
v -0.01610000059008599 0.005299999844282865 -0.017100000753998767
v -0.014499999582767494 0.0035999999381601806 -0.017000000923872004
v -0.01460000034421683 0.0035999999381601806 -0.01679999940097333
v -0.01610000059008599 0.0035999999381601806 -0.016899999231100093
v -0.01460000034421683 0.0035999999381601806 -0.016599999740719806
v -0.01610000059008599 0.0035999999381601806 -0.01730000041425229
v -0.016000000759959228 0.0035999999381601806 -0.017500000074505816
v -0.014499999582767494 0.0035999999381601806 -0.01720000058412553
v -0.014800000004470355 0.0035999999381601806 -0.016499999910593043
v -0.014899999834597118 0.0035999999381601806 -0.01640000008046628
v -0.015100000426173217 0.0035999999381601806 -0.01630000025033952
v -0.01610000059008599 0.0035999999381601806 -0.017100000753998767
v -0.01569999940693379 0.0035999999381601806 -0.01630000025033952
v -0.015799999237060554 0.0035999999381601806 -0.01640000008046628
v -0.01610000059008599 0.0035999999381601806 -0.016899999231100093
v -0.016000000759959228 0.0035999999381601806 -0.016599999740719806
v -0.01610000059008599 0.0035999999381601806 -0.016699999570846568
v -0.015900000929832465 0.0035999999381601806 -0.01759999990463258
v -0.01569999940693379 0.0035999999381601806 -0.017799999564886104
v -0.015599999576807029 0.0035999999381601806 -0.017799999564886104
v -0.014700000174343593 0.0035999999381601806 -0.01759999990463258
v -0.01520000025629998 0.0035999999381601806 -0.017899999395012866
v -0.014800000004470355 0.0035999999381601806 -0.01769999973475934
v -0.014800000004470355 0.0035999999381601806 -0.01769999973475934
v -0.01520000025629998 0.0035999999381601806 -0.017899999395012866
v -0.01499999966472388 0.0035999999381601806 -0.017799999564886104
v -0.015399999916553504 0.0035999999381601806 -0.017899999395012866
v -0.01460000034421683 0.0035999999381601806 -0.017400000244379054
v -0.01460000034421683 0.0035999999381601806 -0.017400000244379054
v -0.015300000086426742 0.0035999999381601806 -0.01630000025033952
v -0.015499999746680267 0.0035999999381601806 -0.01630000025033952
v -0.015499999746680267 0.0035999999381601806 -0.01630000025033952
v -0.01569999940693379 0.0035999999381601806 -0.01630000025033952
v -0.01610000059008599 0.005299999844282865 -0.017100000753998767
v -0.01610000059008599 0.0035999999381601806 -0.017100000753998767
v -0.01610000059008599 0.0035999999381601806 -0.016899999231100093
v -0.01610000059008599 0.005299999844282865 -0.016899999231100093
v -0.01610000059008599 0.005299999844282865 -0.016899999231100093
v -0.01610000059008599 0.0035999999381601806 -0.016899999231100093
v -0.01610000059008599 0.0035999999381601806 -0.016699999570846568
v -0.01610000059008599 0.005299999844282865 -0.016699999570846568
v -0.01610000059008599 0.005299999844282865 -0.016699999570846568
v -0.01610000059008599 0.0035999999381601806 -0.016699999570846568
v -0.016000000759959228 0.0035999999381601806 -0.016599999740719806
v -0.016000000759959228 0.005299999844282865 -0.016599999740719806
v -0.016000000759959228 0.005299999844282865 -0.016599999740719806
v -0.016000000759959228 0.0035999999381601806 -0.016599999740719806
v -0.015799999237060554 0.0035999999381601806 -0.01640000008046628
v -0.015799999237060554 0.005299999844282865 -0.01640000008046628
v -0.015799999237060554 0.005299999844282865 -0.01640000008046628
v -0.015799999237060554 0.0035999999381601806 -0.01640000008046628
v -0.01569999940693379 0.0035999999381601806 -0.01630000025033952
v -0.01569999940693379 0.005299999844282865 -0.01630000025033952
v -0.01569999940693379 0.005299999844282865 -0.01630000025033952
v -0.01569999940693379 0.0035999999381601806 -0.01630000025033952
v -0.015499999746680267 0.0035999999381601806 -0.01630000025033952
v -0.015499999746680267 0.005299999844282865 -0.01630000025033952
v -0.015499999746680267 0.005299999844282865 -0.01630000025033952
v -0.015499999746680267 0.0035999999381601806 -0.01630000025033952
v -0.015300000086426742 0.0035999999381601806 -0.01630000025033952
v -0.015300000086426742 0.005299999844282865 -0.01630000025033952
v -0.015300000086426742 0.005299999844282865 -0.01630000025033952
v -0.015300000086426742 0.0035999999381601806 -0.01630000025033952
v -0.015100000426173217 0.0035999999381601806 -0.01630000025033952
v -0.015100000426173217 0.005299999844282865 -0.01630000025033952
v -0.015100000426173217 0.005299999844282865 -0.01630000025033952
v -0.015100000426173217 0.0035999999381601806 -0.01630000025033952
v -0.014899999834597118 0.0035999999381601806 -0.01640000008046628
v -0.014899999834597118 0.005299999844282865 -0.01640000008046628
v -0.014899999834597118 0.005299999844282865 -0.01640000008046628
v -0.014899999834597118 0.0035999999381601806 -0.01640000008046628
v -0.014800000004470355 0.0035999999381601806 -0.016499999910593043
v -0.014800000004470355 0.005299999844282865 -0.016499999910593043
v -0.014800000004470355 0.005299999844282865 -0.016499999910593043
v -0.014800000004470355 0.0035999999381601806 -0.016499999910593043
v -0.01460000034421683 0.0035999999381601806 -0.016599999740719806
v -0.01460000034421683 0.005299999844282865 -0.016599999740719806
v -0.01460000034421683 0.005299999844282865 -0.016599999740719806
v -0.01460000034421683 0.0035999999381601806 -0.016599999740719806
v -0.01460000034421683 0.0035999999381601806 -0.01679999940097333
v -0.01460000034421683 0.005299999844282865 -0.01679999940097333
v -0.01460000034421683 0.005299999844282865 -0.01679999940097333
v -0.01460000034421683 0.0035999999381601806 -0.01679999940097333
v -0.014499999582767494 0.0035999999381601806 -0.017000000923872004
v -0.014499999582767494 0.005299999844282865 -0.017000000923872004
v -0.018999999389052398 -0.01150000002235174 -0.010400000028312213
v -0.023000000044703494 -0.01150000002235174 -0.010200000368058688
v -0.018999999389052398 -0.008999999612569807 -0.010400000028312213
v -0.023000000044703494 -0.008999999612569807 -0.010200000368058688
v -0.01569999940693379 -0.01150000002235174 -0.014700000174343596
v -0.018999999389052398 -0.01150000002235174 -0.010400000028312213
v -0.01569999940693379 -0.008999999612569807 -0.014700000174343596
v -0.018999999389052398 -0.008999999612569807 -0.010400000028312213
v -0.01740000024437905 -0.01150000002235174 -0.018500000238418593
v -0.01569999940693379 -0.01150000002235174 -0.014700000174343596
v -0.01740000024437905 -0.008999999612569807 -0.018500000238418593
v -0.01569999940693379 -0.008999999612569807 -0.014700000174343596
v -0.014299999922513969 -0.01150000002235174 -0.011400000192224986
v -0.012799999676644807 -0.01150000002235174 0.0037000000011175897
v -0.014299999922513969 -0.008999999612569807 -0.011400000192224986
v -0.012799999676644807 -0.008999999612569807 0.0037000000011175897
v -0.020500000566244136 -0.01150000002235174 -0.006399999838322405
v -0.014299999922513969 -0.01150000002235174 -0.011400000192224986
v -0.020500000566244136 -0.008999999612569807 -0.006399999838322405
v -0.014299999922513969 -0.008999999612569807 -0.011400000192224986
v -0.01569999940693379 0.003400000045076012 -0.014700000174343596
v -0.01569999940693379 0.005900000222027301 -0.014700000174343596
v -0.01740000024437905 0.003400000045076012 -0.018500000238418593
v -0.01740000024437905 0.005900000222027301 -0.018500000238418593
v -0.018999999389052398 0.003400000045076012 -0.010400000028312213
v -0.018999999389052398 0.005900000222027301 -0.010400000028312213
v -0.01569999940693379 0.003400000045076012 -0.014700000174343596
v -0.01569999940693379 0.005900000222027301 -0.014700000174343596
v -0.023000000044703494 0.003400000045076012 -0.010200000368058688
v -0.023000000044703494 0.005900000222027301 -0.010200000368058688
v -0.018999999389052398 0.003400000045076012 -0.010400000028312213
v -0.018999999389052398 0.005900000222027301 -0.010400000028312213
v -0.014299999922513969 0.003400000045076012 -0.011400000192224986
v -0.014299999922513969 0.005900000222027301 -0.011400000192224986
v -0.020500000566244136 0.003400000045076012 -0.006399999838322405
v -0.020500000566244136 0.005900000222027301 -0.006399999838322405
v -0.012799999676644807 0.003400000045076012 0.0037000000011175897
v -0.012799999676644807 0.005900000222027301 0.0037000000011175897
v -0.014299999922513969 0.003400000045076012 -0.011400000192224986
v -0.014299999922513969 0.005900000222027301 -0.011400000192224986
v -0.008399999700486663 -0.01150000002235174 -0.001000000047497452
v -0.013399999588727956 -0.01150000002235174 -0.018600000068545355
v -0.008399999700486663 -0.008999999612569807 -0.001000000047497452
v -0.013399999588727956 -0.008999999612569807 -0.018600000068545355
v -0.013399999588727956 0.003400000045076012 -0.018600000068545355
v -0.013399999588727956 0.005900000222027301 -0.018600000068545355
v -0.008399999700486663 0.003400000045076012 -0.001000000047497452
v -0.008399999700486663 0.005900000222027301 -0.001000000047497452
v -0.008299999870359901 0.005900000222027301 -0.0006000000284984712
v -0.008299999870359901 0.003400000045076012 -0.0006000000284984712
v -0.008399999700486663 0.005900000222027301 -0.001000000047497452
v -0.008399999700486663 0.005900000222027301 -0.001000000047497452
v -0.008299999870359901 0.003400000045076012 -0.0006000000284984712
v -0.008399999700486663 0.003400000045076012 -0.001000000047497452
v -0.007400000002235178 0.005900000222027301 0.0
v -0.007400000002235178 0.003400000045076012 0.0
v -0.007899999618530277 0.003400000045076012 -9.999999747378758e-05
v -0.007400000002235178 0.005900000222027301 0.0
v -0.007899999618530277 0.003400000045076012 -9.999999747378758e-05
v -0.0077999997884035145 0.005900000222027301 -9.999999747378758e-05
v -0.0077999997884035145 0.005900000222027301 -9.999999747378758e-05
v -0.007899999618530277 0.003400000045076012 -9.999999747378758e-05
v -0.008100000210106376 0.003400000045076012 -0.0003000000142492356
v -0.0077999997884035145 0.005900000222027301 -9.999999747378758e-05
v -0.008100000210106376 0.003400000045076012 -0.0003000000142492356
v -0.008100000210106376 0.005900000222027301 -0.0003000000142492356
v -0.008100000210106376 0.005900000222027301 -0.0003000000142492356
v -0.008100000210106376 0.003400000045076012 -0.0003000000142492356
v -0.008299999870359901 0.005900000222027301 -0.0006000000284984712
v -0.008299999870359901 0.005900000222027301 -0.0006000000284984712
v -0.008100000210106376 0.003400000045076012 -0.0003000000142492356
v -0.008299999870359901 0.003400000045076012 -0.000500000023748726
v -0.008299999870359901 0.005900000222027301 -0.0006000000284984712
v -0.008299999870359901 0.003400000045076012 -0.000500000023748726
v -0.008299999870359901 0.003400000045076012 -0.0006000000284984712
v -0.008299999870359901 -0.008999999612569807 -0.0006000000284984712
v -0.008299999870359901 -0.01150000002235174 -0.0006000000284984712
v -0.008399999700486663 -0.008999999612569807 -0.001000000047497452
v -0.008399999700486663 -0.008999999612569807 -0.001000000047497452
v -0.008299999870359901 -0.01150000002235174 -0.0006000000284984712
v -0.008399999700486663 -0.01150000002235174 -0.001000000047497452
v -0.007400000002235178 -0.008999999612569807 0.0
v -0.007400000002235178 -0.01150000002235174 0.0
v -0.007899999618530277 -0.01150000002235174 -9.999999747378758e-05
v -0.007400000002235178 -0.008999999612569807 0.0
v -0.007899999618530277 -0.01150000002235174 -9.999999747378758e-05
v -0.0077999997884035145 -0.008999999612569807 -9.999999747378758e-05
v -0.0077999997884035145 -0.008999999612569807 -9.999999747378758e-05
v -0.007899999618530277 -0.01150000002235174 -9.999999747378758e-05
v -0.008100000210106376 -0.01150000002235174 -0.0003000000142492356
v -0.0077999997884035145 -0.008999999612569807 -9.999999747378758e-05
v -0.008100000210106376 -0.01150000002235174 -0.0003000000142492356
v -0.008100000210106376 -0.008999999612569807 -0.0003000000142492356
v -0.008100000210106376 -0.008999999612569807 -0.0003000000142492356
v -0.008100000210106376 -0.01150000002235174 -0.0003000000142492356
v -0.008299999870359901 -0.008999999612569807 -0.0006000000284984712
v -0.008299999870359901 -0.008999999612569807 -0.0006000000284984712
v -0.008100000210106376 -0.01150000002235174 -0.0003000000142492356
v -0.008299999870359901 -0.01150000002235174 -0.000500000023748726
v -0.008299999870359901 -0.008999999612569807 -0.0006000000284984712
v -0.008299999870359901 -0.01150000002235174 -0.000500000023748726
v -0.008299999870359901 -0.01150000002235174 -0.0006000000284984712
v -0.007400000002235178 -0.004000000189989804 0.0060000000521540685
v -0.007400000002235178 -0.0015999999595806 0.0060000000521540685
v -0.007400000002235178 -0.004000000189989804 0.0
v -0.007400000002235178 -0.0015999999595806 0.0
v -0.012400000356137758 0.003400000045076012 0.004600000102072958
v -0.012400000356137758 0.003400000045076012 0.0
v -0.012099999934434896 0.003400000045076012 0.0049999998882412945
v -0.012099999934434896 0.003400000045076012 0.0049999998882412945
v -0.012400000356137758 0.003400000045076012 0.0
v -0.011400000192224985 0.003299999982118606 0.0
v -0.012099999934434896 0.003400000045076012 0.0049999998882412945
v -0.011400000192224985 0.003299999982118606 0.0
v -0.011699999682605272 0.003400000045076012 0.005299999844282869
v -0.011699999682605272 0.003400000045076012 0.005299999844282869
v -0.011400000192224985 0.003299999982118606 0.0
v -0.011300000362098222 0.003299999982118606 0.0055999998003244435
v -0.011300000362098222 0.003299999982118606 0.0055999998003244435
v -0.011400000192224985 0.003299999982118606 0.0
v -0.010800000280141836 0.0031999999191612 0.0057999999262392556
v -0.010800000280141836 0.0031999999191612 0.0057999999262392556
v -0.011400000192224985 0.003299999982118606 0.0
v -0.009999999776482587 0.0027999999001622196 0.0
v -0.010800000280141836 0.0031999999191612 0.0057999999262392556
v -0.009999999776482587 0.0027999999001622196 0.0
v -0.010400000028312211 0.0030000000260770317 0.0060000000521540685
v -0.00889999978244305 0.002000000094994902 0.0
v -0.009899999946355825 0.002700000070035457 0.0060000000521540685
v -0.009999999776482587 0.0027999999001622196 0.0
v -0.009999999776482587 0.0027999999001622196 0.0
v -0.009899999946355825 0.002700000070035457 0.0060000000521540685
v -0.009999999776482587 0.0027999999001622196 0.0060000000521540685
v -0.009999999776482587 0.0027999999001622196 0.0
v -0.009999999776482587 0.0027999999001622196 0.0060000000521540685
v -0.010400000028312211 0.0030000000260770317 0.0060000000521540685
v -0.007400000002235178 -0.0015999999595806 0.0
v -0.007400000002235178 -0.0015999999595806 0.0060000000521540685
v -0.00749999983236194 -0.0005000000237487255 0.0
v -0.00749999983236194 -0.0005000000237487255 0.0060000000521540685
v -0.00749999983236194 -0.0005000000237487255 0.0
v -0.00749999983236194 -0.0005000000237487255 0.0060000000521540685
v -0.008000000379979614 0.0007999999797903 0.0
v -0.008000000379979614 0.0007999999797903 0.0060000000521540685
v -0.008000000379979614 0.0007999999797903 0.0
v -0.008000000379979614 0.0007999999797903 0.0060000000521540685
v -0.00889999978244305 0.002000000094994902 0.0
v -0.00889999978244305 0.002000000094994902 0.0060000000521540685
v -0.00889999978244305 0.002000000094994902 0.0
v -0.00889999978244305 0.002000000094994902 0.0060000000521540685
v -0.009899999946355825 0.002700000070035457 0.0060000000521540685
v -0.012099999934434896 0.003400000045076012 0.0049999998882412945
v -0.011699999682605272 0.003400000045076012 0.005299999844282869
v -0.011699999682605272 0.005900000222027301 0.005299999844282869
v -0.009999999776482587 0.0027999999001622196 0.0060000000521540685
v -0.009899999946355825 0.002700000070035457 0.0060000000521540685
v -0.009899999946355825 0.005900000222027301 0.0060000000521540685
v -0.011699999682605272 0.005900000222027301 0.005299999844282869
v -0.011699999682605272 0.003400000045076012 0.005299999844282869
v -0.010800000280141836 0.005900000222027301 0.005900000222027306
v -0.011699999682605272 0.003400000045076012 0.005299999844282869
v -0.011300000362098222 0.003299999982118606 0.0055999998003244435
v -0.010800000280141836 0.005900000222027301 0.005900000222027306
v -0.010800000280141836 0.005900000222027301 0.005900000222027306
v -0.011300000362098222 0.003299999982118606 0.0055999998003244435
v -0.010800000280141836 0.0031999999191612 0.0057999999262392556
v -0.010800000280141836 0.005900000222027301 0.005900000222027306
v -0.010800000280141836 0.0031999999191612 0.0057999999262392556
v -0.009899999946355825 0.005900000222027301 0.0060000000521540685
v -0.009899999946355825 0.005900000222027301 0.0060000000521540685
v -0.010800000280141836 0.0031999999191612 0.0057999999262392556
v -0.010400000028312211 0.0030000000260770317 0.0060000000521540685
v -0.009899999946355825 0.005900000222027301 0.0060000000521540685
v -0.010400000028312211 0.0030000000260770317 0.0060000000521540685
v -0.009999999776482587 0.0027999999001622196 0.0060000000521540685
v -0.012099999934434896 0.003400000045076012 0.0049999998882412945
v -0.011699999682605272 0.005900000222027301 0.005299999844282869
v -0.012400000356137758 0.003400000045076012 0.004600000102072958
v -0.012400000356137758 0.003400000045076012 0.004600000102072958
v -0.011699999682605272 0.005900000222027301 0.005299999844282869
v -0.01250000018626452 0.005900000222027301 0.004499999806284907
v -0.012400000356137758 0.003400000045076012 0.004600000102072958
v -0.01250000018626452 0.005900000222027301 0.004499999806284907
v -0.01250000018626452 0.003400000045076012 0.004499999806284907
v -0.01250000018626452 0.003400000045076012 0.004499999806284907
v -0.01250000018626452 0.005900000222027301 0.004499999806284907
v -0.012799999676644807 0.005900000222027301 0.0037000000011175897
v -0.012799999676644807 0.003400000045076012 0.0037000000011175897
v -0.007899999618530277 0.003400000045076012 -9.999999747378758e-05
v -0.007400000002235178 0.003400000045076012 0.0
v -0.012400000356137758 0.003400000045076012 0.0
v -0.012400000356137758 0.003400000045076012 0.004600000102072958
v -0.01250000018626452 0.003400000045076012 0.004499999806284907
v -0.012799999676644807 0.003400000045076012 0.0037000000011175897
v -0.014299999922513969 0.003400000045076012 -0.011400000192224986
v -0.01569999940693379 0.003400000045076012 -0.014700000174343596
v -0.018999999389052398 0.003400000045076012 -0.010400000028312213
v -0.020500000566244136 0.003400000045076012 -0.006399999838322405
v -0.015599999576807029 0.003400000045076012 -0.01759999990463258
v -0.015799999237060554 0.003400000045076012 -0.017400000244379054
v -0.01740000024437905 0.003400000045076012 -0.018500000238418593
v -0.008299999870359901 0.003400000045076012 -0.0006000000284984712
v -0.008299999870359901 0.003400000045076012 -0.000500000023748726
v -0.008100000210106376 0.003400000045076012 -0.0003000000142492356
v -0.023399999365210544 0.003400000045076012 -0.009300000034272678
v -0.02109999954700471 0.003400000045076012 -0.009999999776482589
v -0.02160000056028367 0.003400000045076012 -0.009899999946355827
v -0.02030000090599061 0.003400000045076012 -0.007699999958276754
v -0.019899999722838412 0.003400000045076012 -0.008100000210106378
v -0.019700000062584887 0.003400000045076012 -0.008600000292062765
v -0.01979999989271165 0.003400000045076012 -0.009200000204145915
v -0.020099999383091937 0.003400000045076012 -0.009700000286102302
v -0.02199999988079072 0.003400000045076012 -0.009499999694526202
v -0.022199999541044246 0.003400000045076012 -0.008999999612569814
v -0.023399999365210544 0.003400000045076012 -0.008299999870359903
v -0.022199999541044246 0.003400000045076012 -0.008399999700486665
v -0.023099999874830256 0.003400000045076012 -0.007400000002235179
v -0.02190000005066396 0.003400000045076012 -0.007899999618530279
v -0.02239999920129777 0.003400000045076012 -0.00669999979436398
v -0.021400000900030147 0.003400000045076012 -0.006300000008195643
v -0.021400000900030147 0.003400000045076012 -0.0076000001281499915
v -0.020899999886751185 0.003400000045076012 -0.0076000001281499915
v -0.020600000396370898 0.003400000045076012 -0.009999999776482589
v -0.023000000044703494 0.003400000045076012 -0.010200000368058688
v -0.008399999700486663 0.003400000045076012 -0.001000000047497452
v -0.013399999588727956 0.003400000045076012 -0.018600000068545355
v -0.014899999834597118 0.003400000045076012 -0.016699999570846568
v -0.014800000004470355 0.003400000045076012 -0.017000000923872004
v -0.01569999940693379 0.003400000045076012 -0.016599999740719806
v -0.015900000929832465 0.003400000045076012 -0.016899999231100093
v -0.015900000929832465 0.003400000045076012 -0.017100000753998767
v -0.015599999576807029 0.003400000045076012 -0.016499999910593043
v -0.015399999916553504 0.003400000045076012 -0.016499999910593043
v -0.015100000426173217 0.003400000045076012 -0.016499999910593043
v -0.016799999400973327 0.003400000045076012 -0.019099999219179167
v -0.015900000929832465 0.003400000045076012 -0.019500000402331366
v -0.015300000086426742 0.003400000045076012 -0.01769999973475934
v -0.01499999966472388 0.003400000045076012 -0.019500000402331366
v -0.015100000426173217 0.003400000045076012 -0.01759999990463258
v -0.014100000262260444 0.003400000045076012 -0.01920000091195108
v -0.01499999966472388 0.003400000045076012 -0.017500000074505816
v -0.014800000004470355 0.003400000045076012 -0.01730000041425229
v -0.015900000929832465 0.004900000058114528 -0.01730000041425229
v -0.01610000059008599 0.00510000018402934 -0.017400000244379054
v -0.015900000929832465 0.004900000058114528 -0.017100000753998767
v -0.015900000929832465 0.004900000058114528 -0.017100000753998767
v -0.01610000059008599 0.00510000018402934 -0.017400000244379054
v -0.01610000059008599 0.00510000018402934 -0.017100000753998767
v -0.014700000174343593 0.00510000018402934 -0.016499999910593043
v -0.01460000034421683 0.00510000018402934 -0.01679999940097333
v -0.014800000004470355 0.004900000058114528 -0.01679999940097333
v -0.014800000004470355 0.004900000058114528 -0.01679999940097333
v -0.014899999834597118 0.004900000058114528 -0.016699999570846568
v -0.014700000174343593 0.00510000018402934 -0.016499999910593043
v -0.014700000174343593 0.00510000018402934 -0.016499999910593043
v -0.014899999834597118 0.004900000058114528 -0.016699999570846568
v -0.014700000174343593 0.00510000018402934 -0.016499999910593043
v -0.014899999834597118 0.004900000058114528 -0.016699999570846568
v -0.015100000426173217 0.00510000018402934 -0.01630000025033952
v -0.014899999834597118 0.004900000058114528 -0.016699999570846568
v -0.015100000426173217 0.004900000058114528 -0.016499999910593043
v -0.015100000426173217 0.00510000018402934 -0.01630000025033952
v -0.015100000426173217 0.00510000018402934 -0.01630000025033952
v -0.015100000426173217 0.004900000058114528 -0.016499999910593043
v -0.015100000426173217 0.00510000018402934 -0.01630000025033952
v -0.015100000426173217 0.004900000058114528 -0.016499999910593043
v -0.015499999746680267 0.00510000018402934 -0.01630000025033952
v -0.015100000426173217 0.004900000058114528 -0.016499999910593043
v -0.015399999916553504 0.004900000058114528 -0.016499999910593043
v -0.015499999746680267 0.00510000018402934 -0.01630000025033952
v -0.015499999746680267 0.00510000018402934 -0.01630000025033952
v -0.015399999916553504 0.004900000058114528 -0.016499999910593043
v -0.015499999746680267 0.00510000018402934 -0.01630000025033952
v -0.015399999916553504 0.004900000058114528 -0.016499999910593043
v -0.015799999237060554 0.00510000018402934 -0.01640000008046628
v -0.015799999237060554 0.00510000018402934 -0.01640000008046628
v -0.015399999916553504 0.004900000058114528 -0.016499999910593043
v -0.015599999576807029 0.004900000058114528 -0.016499999910593043
v -0.015599999576807029 0.004900000058114528 -0.016499999910593043
v -0.01569999940693379 0.004900000058114528 -0.016599999740719806
v -0.015799999237060554 0.00510000018402934 -0.01640000008046628
v -0.015799999237060554 0.00510000018402934 -0.01640000008046628
v -0.01569999940693379 0.004900000058114528 -0.016599999740719806
v -0.015799999237060554 0.00510000018402934 -0.01640000008046628
v -0.01569999940693379 0.004900000058114528 -0.016599999740719806
v -0.01610000059008599 0.00510000018402934 -0.016699999570846568
v -0.01569999940693379 0.004900000058114528 -0.016599999740719806
v -0.015900000929832465 0.004900000058114528 -0.01679999940097333
v -0.01610000059008599 0.00510000018402934 -0.016699999570846568
v -0.01610000059008599 0.00510000018402934 -0.016699999570846568
v -0.015900000929832465 0.004900000058114528 -0.01679999940097333
v -0.015900000929832465 0.004900000058114528 -0.016899999231100093
v -0.01610000059008599 0.00510000018402934 -0.016699999570846568
v -0.015900000929832465 0.004900000058114528 -0.016899999231100093
v -0.01610000059008599 0.00510000018402934 -0.017100000753998767
v -0.01610000059008599 0.00510000018402934 -0.017100000753998767
v -0.015900000929832465 0.004900000058114528 -0.016899999231100093
v -0.015900000929832465 0.004900000058114528 -0.017100000753998767
v -0.01610000059008599 0.00510000018402934 -0.017100000753998767
v -0.015900000929832465 0.004900000058114528 -0.017100000753998767
v -0.015599999576807029 0.00510000018402934 -0.017799999564886104
v -0.01520000025629998 0.00510000018402934 -0.017899999395012866
v -0.014899999834597118 0.00510000018402934 -0.018200000748038302
v -0.014899999834597118 0.00510000018402934 -0.01769999973475934
v -0.014399999752640731 0.00510000018402934 -0.017799999564886104
v -0.01460000034421683 0.00510000018402934 -0.017400000244379054
v -0.014100000262260444 0.00510000018402934 -0.01720000058412553
v -0.014499999582767494 0.00510000018402934 -0.017000000923872004
v -0.014200000092387206 0.00510000018402934 -0.016599999740719806
v -0.01460000034421683 0.00510000018402934 -0.01679999940097333
v -0.014499999582767494 0.00510000018402934 -0.016100000590085994
v -0.014700000174343593 0.00510000018402934 -0.016499999910593043
v -0.01499999966472388 0.00510000018402934 -0.01590000092983247
v -0.015100000426173217 0.00510000018402934 -0.01630000025033952
v -0.015499999746680267 0.00510000018402934 -0.015799999237060557
v -0.015499999746680267 0.00510000018402934 -0.01630000025033952
v -0.01610000059008599 0.00510000018402934 -0.01600000075995923
v -0.015799999237060554 0.00510000018402934 -0.01640000008046628
v -0.016400000080466277 0.00510000018402934 -0.016499999910593043
v -0.01610000059008599 0.00510000018402934 -0.016699999570846568
v -0.016599999740719802 0.00510000018402934 -0.017000000923872004
v -0.01610000059008599 0.00510000018402934 -0.017100000753998767
v -0.01649999991059304 0.00510000018402934 -0.017500000074505816
v -0.01610000059008599 0.00510000018402934 -0.017400000244379054
v -0.01610000059008599 0.00510000018402934 -0.01810000091791154
v -0.015900000929832465 0.00510000018402934 -0.01759999990463258
v -0.015499999746680267 0.00510000018402934 -0.018300000578165068
v -0.014200000092387206 0.00510000018402934 -0.016599999740719806
v -0.014200000092387206 0.005900000222027301 -0.016599999740719806
v -0.014100000262260444 0.00510000018402934 -0.01720000058412553
v -0.014100000262260444 0.005900000222027301 -0.01720000058412553
v -0.014100000262260444 0.00510000018402934 -0.01720000058412553
v -0.014100000262260444 0.005900000222027301 -0.01720000058412553
v -0.014399999752640731 0.00510000018402934 -0.017799999564886104
v -0.014399999752640731 0.005900000222027301 -0.017799999564886104
v -0.014399999752640731 0.00510000018402934 -0.017799999564886104
v -0.014399999752640731 0.005900000222027301 -0.017799999564886104
v -0.014899999834597118 0.00510000018402934 -0.018200000748038302
v -0.014899999834597118 0.005900000222027301 -0.018200000748038302
v -0.014899999834597118 0.00510000018402934 -0.018200000748038302
v -0.014899999834597118 0.005900000222027301 -0.018200000748038302
v -0.015499999746680267 0.00510000018402934 -0.018300000578165068
v -0.015499999746680267 0.005900000222027301 -0.018300000578165068
v -0.015499999746680267 0.00510000018402934 -0.018300000578165068
v -0.015499999746680267 0.005900000222027301 -0.018300000578165068
v -0.01610000059008599 0.00510000018402934 -0.01810000091791154
v -0.01610000059008599 0.005900000222027301 -0.01810000091791154
v -0.01610000059008599 0.00510000018402934 -0.01810000091791154
v -0.01610000059008599 0.005900000222027301 -0.01810000091791154
v -0.01649999991059304 0.00510000018402934 -0.017500000074505816
v -0.01649999991059304 0.005900000222027301 -0.017500000074505816
v -0.01649999991059304 0.00510000018402934 -0.017500000074505816
v -0.01649999991059304 0.005900000222027301 -0.017500000074505816
v -0.016599999740719802 0.00510000018402934 -0.017000000923872004
v -0.016599999740719802 0.005900000222027301 -0.017000000923872004
v -0.016599999740719802 0.00510000018402934 -0.017000000923872004
v -0.016599999740719802 0.005900000222027301 -0.017000000923872004
v -0.016400000080466277 0.00510000018402934 -0.016499999910593043
v -0.016400000080466277 0.005900000222027301 -0.016499999910593043
v -0.016400000080466277 0.00510000018402934 -0.016499999910593043
v -0.016400000080466277 0.005900000222027301 -0.016499999910593043
v -0.01610000059008599 0.00510000018402934 -0.01600000075995923
v -0.01610000059008599 0.005900000222027301 -0.01600000075995923
v -0.01610000059008599 0.00510000018402934 -0.01600000075995923
v -0.01610000059008599 0.005900000222027301 -0.01600000075995923
v -0.015499999746680267 0.00510000018402934 -0.015799999237060557
v -0.015499999746680267 0.005900000222027301 -0.015799999237060557
v -0.015499999746680267 0.00510000018402934 -0.015799999237060557
v -0.015499999746680267 0.005900000222027301 -0.015799999237060557
v -0.01499999966472388 0.00510000018402934 -0.01590000092983247
v -0.01499999966472388 0.005900000222027301 -0.01590000092983247
v -0.01499999966472388 0.00510000018402934 -0.01590000092983247
v -0.01499999966472388 0.005900000222027301 -0.01590000092983247
v -0.014499999582767494 0.00510000018402934 -0.016100000590085994
v -0.014499999582767494 0.005900000222027301 -0.016100000590085994
v -0.014499999582767494 0.00510000018402934 -0.016100000590085994
v -0.014499999582767494 0.005900000222027301 -0.016100000590085994
v -0.014200000092387206 0.00510000018402934 -0.016599999740719806
v -0.014200000092387206 0.005900000222027301 -0.016599999740719806
v -0.012799999676644807 0.005900000222027301 0.0037000000011175897
v -0.01250000018626452 0.005900000222027301 0.004499999806284907
v -0.008100000210106376 0.005900000222027301 -0.0003000000142492356
v -0.014899999834597118 0.005900000222027301 -0.018200000748038302
v -0.014399999752640731 0.005900000222027301 -0.017799999564886104
v -0.013399999588727956 0.005900000222027301 -0.018600000068545355
v -0.009899999946355825 0.005900000222027301 0.0060000000521540685
v -0.004900000058114531 0.005900000222027301 0.0060000000521540685
v -0.004900000058114531 0.005900000222027301 0.0
v -0.007400000002235178 0.005900000222027301 0.0
v -0.0077999997884035145 0.005900000222027301 -9.999999747378758e-05
v -0.010800000280141836 0.005900000222027301 0.005900000222027306
v -0.011699999682605272 0.005900000222027301 0.005299999844282869
v -0.008299999870359901 0.005900000222027301 -0.0006000000284984712
v -0.008399999700486663 0.005900000222027301 -0.001000000047497452
v -0.014299999922513969 0.005900000222027301 -0.011400000192224986
v -0.01499999966472388 0.005900000222027301 -0.01590000092983247
v -0.015499999746680267 0.005900000222027301 -0.015799999237060557
v -0.01569999940693379 0.005900000222027301 -0.014700000174343596
v -0.01979999989271165 0.005900000222027301 -0.008299999870359903
v -0.019899999722838412 0.005900000222027301 -0.008100000210106378
v -0.020500000566244136 0.005900000222027301 -0.006399999838322405
v -0.019700000062584887 0.005900000222027301 -0.008899999782443052
v -0.019700000062584887 0.005900000222027301 -0.008600000292062765
v -0.018999999389052398 0.005900000222027301 -0.010400000028312213
v -0.02199999988079072 0.005900000222027301 -0.009499999694526202
v -0.023000000044703494 0.005900000222027301 -0.010200000368058688
v -0.022199999541044246 0.005900000222027301 -0.008999999612569814
v -0.023399999365210544 0.005900000222027301 -0.009300000034272678
v -0.022199999541044246 0.005900000222027301 -0.008399999700486665
v -0.023399999365210544 0.005900000222027301 -0.008299999870359903
v -0.02190000005066396 0.005900000222027301 -0.007899999618530279
v -0.014100000262260444 0.005900000222027301 -0.01720000058412553
v -0.014200000092387206 0.005900000222027301 -0.016599999740719806
v -0.014499999582767494 0.005900000222027301 -0.016100000590085994
v -0.014100000262260444 0.005900000222027301 -0.01920000091195108
v -0.01499999966472388 0.005900000222027301 -0.019500000402331366
v -0.015499999746680267 0.005900000222027301 -0.018300000578165068
v -0.015900000929832465 0.005900000222027301 -0.019500000402331366
v -0.01610000059008599 0.005900000222027301 -0.01810000091791154
v -0.016799999400973327 0.005900000222027301 -0.019099999219179167
v -0.01649999991059304 0.005900000222027301 -0.017500000074505816
v -0.01740000024437905 0.005900000222027301 -0.018500000238418593
v -0.02160000056028367 0.005900000222027301 -0.009899999946355827
v -0.02109999954700471 0.005900000222027301 -0.009999999776482589
v -0.020500000566244136 0.005900000222027301 -0.009899999946355827
v -0.020099999383091937 0.005900000222027301 -0.009700000286102302
v -0.02030000090599061 0.005900000222027301 -0.007799999788403516
v -0.020899999886751185 0.005900000222027301 -0.0076000001281499915
v -0.021400000900030147 0.005900000222027301 -0.006300000008195643
v -0.021400000900030147 0.005900000222027301 -0.0076000001281499915
v -0.02239999920129777 0.005900000222027301 -0.00669999979436398
v -0.023099999874830256 0.005900000222027301 -0.007400000002235179
v -0.019999999552965175 0.005900000222027301 -0.009499999694526202
v -0.01979999989271165 0.005900000222027301 -0.009200000204145915
v -0.01610000059008599 0.005900000222027301 -0.01600000075995923
v -0.016400000080466277 0.005900000222027301 -0.016499999910593043
v -0.016599999740719802 0.005900000222027301 -0.017000000923872004
v -0.016799999400973327 0.003400000045076012 -0.019099999219179167
v -0.01740000024437905 0.003400000045076012 -0.018500000238418593
v -0.01740000024437905 0.005900000222027301 -0.018500000238418593
v -0.016799999400973327 0.005900000222027301 -0.019099999219179167
v -0.016799999400973327 0.003400000045076012 -0.019099999219179167
v -0.016799999400973327 0.005900000222027301 -0.019099999219179167
v -0.015900000929832465 0.005900000222027301 -0.019500000402331366
v -0.015900000929832465 0.003400000045076012 -0.019500000402331366
v -0.015900000929832465 0.003400000045076012 -0.019500000402331366
v -0.015900000929832465 0.005900000222027301 -0.019500000402331366
v -0.01499999966472388 0.005900000222027301 -0.019500000402331366
v -0.01499999966472388 0.003400000045076012 -0.019500000402331366
v -0.01499999966472388 0.003400000045076012 -0.019500000402331366
v -0.01499999966472388 0.005900000222027301 -0.019500000402331366
v -0.014100000262260444 0.005900000222027301 -0.01920000091195108
v -0.014100000262260444 0.003400000045076012 -0.01920000091195108
v -0.014100000262260444 0.003400000045076012 -0.01920000091195108
v -0.014100000262260444 0.005900000222027301 -0.01920000091195108
v -0.013399999588727956 0.005900000222027301 -0.018600000068545355
v -0.013399999588727956 0.003400000045076012 -0.018600000068545355
v -0.01250000018626452 -0.01150000002235174 0.004499999806284907
v -0.011699999682605272 -0.01150000002235174 0.005299999844282869
v -0.012099999934434896 -0.008899999782443045 0.0049999998882412945
v -0.012799999676644807 -0.008999999612569807 0.0037000000011175897
v -0.012799999676644807 -0.01150000002235174 0.0037000000011175897
v -0.01250000018626452 -0.008999999612569807 0.004499999806284907
v -0.01250000018626452 -0.01150000002235174 0.004499999806284907
v -0.01250000018626452 -0.008999999612569807 0.004499999806284907
v -0.01250000018626452 -0.01150000002235174 0.004499999806284907
v -0.012400000356137758 -0.008999999612569807 0.004600000102072958
v -0.012400000356137758 -0.008999999612569807 0.004600000102072958
v -0.01250000018626452 -0.01150000002235174 0.004499999806284907
v -0.012099999934434896 -0.008899999782443045 0.0049999998882412945
v -0.010800000280141836 -0.01150000002235174 0.005900000222027306
v -0.011300000362098222 -0.008799999952316282 0.0055999998003244435
v -0.011699999682605272 -0.01150000002235174 0.005299999844282869
v -0.011699999682605272 -0.01150000002235174 0.005299999844282869
v -0.011300000362098222 -0.008799999952316282 0.0055999998003244435
v -0.011699999682605272 -0.008899999782443045 0.005400000140070919
v -0.011699999682605272 -0.01150000002235174 0.005299999844282869
v -0.011699999682605272 -0.008899999782443045 0.005400000140070919
v -0.012099999934434896 -0.008899999782443045 0.0049999998882412945
v -0.009899999946355825 -0.008200000040233133 0.0060000000521540685
v -0.009999999776482587 -0.008299999870359896 0.0060000000521540685
v -0.009899999946355825 -0.01150000002235174 0.0060000000521540685
v -0.009899999946355825 -0.01150000002235174 0.0060000000521540685
v -0.009999999776482587 -0.008299999870359896 0.0060000000521540685
v -0.010300000198185449 -0.008500000461935995 0.0060000000521540685
v -0.009899999946355825 -0.01150000002235174 0.0060000000521540685
v -0.010300000198185449 -0.008500000461935995 0.0060000000521540685
v -0.010800000280141836 -0.01150000002235174 0.005900000222027306
v -0.010800000280141836 -0.01150000002235174 0.005900000222027306
v -0.010300000198185449 -0.008500000461935995 0.0060000000521540685
v -0.010800000280141836 -0.00870000012218952 0.0057999999262392556
v -0.010800000280141836 -0.01150000002235174 0.005900000222027306
v -0.010800000280141836 -0.00870000012218952 0.0057999999262392556
v -0.011300000362098222 -0.008799999952316282 0.0055999998003244435
v -0.015799999237060554 -0.01150000002235174 -0.01590000092983247
v -0.01520000025629998 -0.01150000002235174 -0.015799999237060557
v -0.01569999940693379 -0.01150000002235174 -0.014700000174343596
v -0.007000000216066841 -0.01150000002235174 0.0
v -0.007000000216066841 -0.01150000002235174 0.0060000000521540685
v -0.007400000002235178 -0.01150000002235174 0.0
v -0.009899999946355825 -0.01150000002235174 0.0060000000521540685
v -0.007899999618530277 -0.01150000002235174 -9.999999747378758e-05
v -0.020899999886751185 -0.01150000002235174 -0.0076000001281499915
v -0.02030000090599061 -0.01150000002235174 -0.007799999788403516
v -0.020500000566244136 -0.01150000002235174 -0.006399999838322405
v -0.019700000062584887 -0.01150000002235174 -0.008899999782443052
v -0.019999999552965175 -0.01150000002235174 -0.009499999694526202
v -0.018999999389052398 -0.01150000002235174 -0.010400000028312213
v -0.01460000034421683 -0.01150000002235174 -0.016100000590085994
v -0.014200000092387206 -0.01150000002235174 -0.016599999740719806
v -0.014299999922513969 -0.01150000002235174 -0.011400000192224986
v -0.010800000280141836 -0.01150000002235174 0.005900000222027306
v -0.011699999682605272 -0.01150000002235174 0.005299999844282869
v -0.008100000210106376 -0.01150000002235174 -0.0003000000142492356
v -0.01250000018626452 -0.01150000002235174 0.004499999806284907
v -0.008299999870359901 -0.01150000002235174 -0.000500000023748726
v -0.012799999676644807 -0.01150000002235174 0.0037000000011175897
v -0.01979999989271165 -0.01150000002235174 -0.008299999870359903
v -0.013399999588727956 -0.01150000002235174 -0.018600000068545355
v -0.008399999700486663 -0.01150000002235174 -0.001000000047497452
v -0.008299999870359901 -0.01150000002235174 -0.0006000000284984712
v -0.014100000262260444 -0.01150000002235174 -0.01720000058412553
v -0.014399999752640731 -0.01150000002235174 -0.017799999564886104
v -0.014100000262260444 -0.01150000002235174 -0.01920000091195108
v -0.014899999834597118 -0.01150000002235174 -0.018200000748038302
v -0.01499999966472388 -0.01150000002235174 -0.019500000402331366
v -0.015399999916553504 -0.01150000002235174 -0.018300000578165068
v -0.016400000080466277 -0.01150000002235174 -0.017799999564886104
v -0.016599999740719802 -0.01150000002235174 -0.01730000041425229
v -0.01740000024437905 -0.01150000002235174 -0.018500000238418593
v -0.01649999991059304 -0.01150000002235174 -0.016699999570846568
v -0.016300000250339515 -0.01150000002235174 -0.016200000420212756
v -0.020500000566244136 -0.01150000002235174 -0.009899999946355827
v -0.02109999954700471 -0.01150000002235174 -0.009999999776482589
v -0.023000000044703494 -0.01150000002235174 -0.010200000368058688
v -0.016000000759959228 -0.01150000002235174 -0.018200000748038302
v -0.016799999400973327 -0.01150000002235174 -0.019099999219179167
v -0.015900000929832465 -0.01150000002235174 -0.019500000402331366
v -0.021400000900030147 -0.01150000002235174 -0.0076000001281499915
v -0.021400000900030147 -0.01150000002235174 -0.006300000008195643
v -0.02190000005066396 -0.01150000002235174 -0.007899999618530279
v -0.02239999920129777 -0.01150000002235174 -0.00669999979436398
v -0.023099999874830256 -0.01150000002235174 -0.007400000002235179
v -0.022199999541044246 -0.01150000002235174 -0.008399999700486665
v -0.023399999365210544 -0.01150000002235174 -0.008299999870359903
v -0.022199999541044246 -0.01150000002235174 -0.008999999612569814
v -0.023399999365210544 -0.01150000002235174 -0.009300000034272678
v -0.02199999988079072 -0.01150000002235174 -0.009499999694526202
v -0.02160000056028367 -0.01150000002235174 -0.009899999946355827
v -0.004900000058114531 0.005900000222027301 0.0060000000521540685
v -0.003400000045076014 -0.0006000000284984707 0.0060000000521540685
v -0.003400000045076014 0.0006000000284984707 0.0060000000521540685
v 9.999999747378756e-05 -0.00999999977648258 0.0060000000521540685
v 0.0 -0.0035000001080334182 0.0060000000521540685
v -0.004600000102072956 -0.011199999600648878 0.0060000000521540685
v -0.001200000056996942 -0.003299999982118606 0.0060000000521540685
v -0.005799999926239255 -0.011400000192224978 0.0060000000521540685
v -0.002199999988079072 -0.002700000070035457 0.0060000000521540685
v -0.007000000216066841 -0.01150000002235174 0.0060000000521540685
v -0.009899999946355825 -0.01150000002235174 0.0060000000521540685
v -0.0030000000260770334 -0.0017999999690800903 0.0060000000521540685
v -0.007400000002235178 -0.004000000189989804 0.0060000000521540685
v -0.009899999946355825 0.005900000222027301 0.0060000000521540685
v -0.009899999946355825 0.002700000070035457 0.0060000000521540685
v 0.004699999932199718 -0.008000000379979609 0.0060000000521540685
v 0.004800000227987768 -0.007499999832361936 0.0060000000521540685
v 0.0043000001460313814 -0.008299999870359896 0.0060000000521540685
v 0.002300000051036478 -0.009300000034272669 0.0060000000521540685
v -0.0030000000260770334 0.001700000022538006 0.0060000000521540685
v -0.002199999988079072 0.002700000070035457 0.0060000000521540685
v -0.003400000045076014 0.006899999920278787 0.0060000000521540685
v -0.001200000056996942 0.003299999982118606 0.0060000000521540685
v -0.0017999999690800914 0.007499999832361936 0.0060000000521540685
v 0.0 0.0035000001080334182 0.0060000000521540685
v 0.004800000227987768 -0.00650000013411045 0.0060000000521540685
v 0.004900000058114531 -0.006099999882280826 0.0060000000521540685
v 0.001200000056996942 -0.003299999982118606 0.0060000000521540685
v 0.002199999988079072 -0.002700000070035457 0.0060000000521540685
v -0.00749999983236194 -0.00499999988824129 0.0060000000521540685
v -0.008000000379979614 -0.006300000008195638 0.0060000000521540685
v -0.00889999978244305 -0.007499999832361936 0.0060000000521540685
v -0.009899999946355825 -0.008200000040233133 0.0060000000521540685
v -0.00889999978244305 0.002000000094994902 0.0060000000521540685
v -0.008000000379979614 0.0007999999797903 0.0060000000521540685
v -0.00749999983236194 -0.0005000000237487255 0.0060000000521540685
v -0.007400000002235178 -0.0015999999595806 0.0060000000521540685
v 0.003400000045076014 -0.0006000000284984707 0.0060000000521540685
v 0.007699999958276752 0.0 0.0060000000521540685
v 0.003400000045076014 0.0006000000284984707 0.0060000000521540685
v 0.00749999983236194 0.001700000022538006 0.0060000000521540685
v 0.0030000000260770334 0.001700000022538006 0.0060000000521540685
v 0.001200000056996942 0.003299999982118606 0.0060000000521540685
v 0.001599999959580601 0.007499999832361936 0.0060000000521540685
v -9.999999747378756e-05 0.007699999958276748 0.0060000000521540685
v 0.006899999920278791 0.003400000045076012 0.0060000000521540685
v 0.006000000052154067 0.004800000227987765 0.0060000000521540685
v 0.002199999988079072 0.002700000070035457 0.0060000000521540685
v 0.004800000227987768 0.006000000052154063 0.0060000000521540685
v 0.003299999982118608 0.0070000002160668364 0.0060000000521540685
v 0.005100000184029343 -0.005700000096112489 0.0060000000521540685
v 0.006200000178068879 -0.004499999806284904 0.0060000000521540685
v 0.0030000000260770334 -0.0017999999690800903 0.0060000000521540685
v 0.007000000216066841 -0.0031000000890344377 0.0060000000521540685
v 0.00749999983236194 -0.0015999999595806 0.0060000000521540685
v 0.0 -0.0035000001080334182 0.0060000000521540685
v 0.0 -0.0035000001080334182 0.006200000178068881
v -0.001200000056996942 -0.003299999982118606 0.006200000178068881
v -0.001200000056996942 -0.003299999982118606 0.0060000000521540685
v -0.001200000056996942 -0.003299999982118606 0.0060000000521540685
v -0.001200000056996942 -0.003299999982118606 0.006200000178068881
v -0.002199999988079072 -0.002700000070035457 0.006200000178068881
v -0.002199999988079072 -0.002700000070035457 0.0060000000521540685
v -0.002199999988079072 -0.002700000070035457 0.0060000000521540685
v -0.002199999988079072 -0.002700000070035457 0.006200000178068881
v -0.0030000000260770334 -0.0017999999690800903 0.006200000178068881
v -0.0030000000260770334 -0.0017999999690800903 0.0060000000521540685
v -0.0030000000260770334 -0.0017999999690800903 0.0060000000521540685
v -0.0030000000260770334 -0.0017999999690800903 0.006200000178068881
v -0.003400000045076014 -0.0006000000284984707 0.006200000178068881
v -0.003400000045076014 -0.0006000000284984707 0.0060000000521540685
v -0.003400000045076014 -0.0006000000284984707 0.0060000000521540685
v -0.003400000045076014 -0.0006000000284984707 0.006200000178068881
v -0.003400000045076014 0.0006000000284984707 0.006200000178068881
v -0.003400000045076014 0.0006000000284984707 0.0060000000521540685
v -0.003400000045076014 0.0006000000284984707 0.0060000000521540685
v -0.003400000045076014 0.0006000000284984707 0.006200000178068881
v -0.0030000000260770334 0.0017999999690800903 0.006200000178068881
v -0.0030000000260770334 0.001700000022538006 0.0060000000521540685
v -0.0030000000260770334 0.001700000022538006 0.0060000000521540685
v -0.0030000000260770334 0.0017999999690800903 0.006200000178068881
v -0.002199999988079072 0.002700000070035457 0.006200000178068881
v -0.002199999988079072 0.002700000070035457 0.0060000000521540685
v -0.002199999988079072 0.002700000070035457 0.0060000000521540685
v -0.002199999988079072 0.002700000070035457 0.006200000178068881
v -0.001200000056996942 0.003299999982118606 0.006200000178068881
v -0.001200000056996942 0.003299999982118606 0.0060000000521540685
v -0.001200000056996942 0.003299999982118606 0.0060000000521540685
v -0.001200000056996942 0.003299999982118606 0.006200000178068881
v 0.0 0.0035000001080334182 0.006200000178068881
v 0.0 0.0035000001080334182 0.0060000000521540685
v 0.0 -0.0035000001080334182 0.006200000178068881
v 0.001200000056996942 -0.003299999982118606 0.006200000178068881
v 0.002199999988079072 -0.002700000070035457 0.006200000178068881
v -0.003400000045076014 -0.0006000000284984707 0.006200000178068881
v 0.0030000000260770334 -0.0017999999690800903 0.006200000178068881
v 0.0030000000260770334 0.0017999999690800903 0.006200000178068881
v 0.002199999988079072 0.002700000070035457 0.006200000178068881
v 0.001200000056996942 0.003299999982118606 0.006200000178068881
v -0.0030000000260770334 -0.0017999999690800903 0.006200000178068881
v -0.002199999988079072 -0.002700000070035457 0.006200000178068881
v 0.003400000045076014 0.0006000000284984707 0.006200000178068881
v 0.003400000045076014 -0.0006000000284984707 0.006200000178068881
v -0.001200000056996942 -0.003299999982118606 0.006200000178068881
v -0.001200000056996942 0.003299999982118606 0.006200000178068881
v -0.002199999988079072 0.002700000070035457 0.006200000178068881
v -0.0030000000260770334 0.0017999999690800903 0.006200000178068881
v 0.0 0.0035000001080334182 0.006200000178068881
v -0.003400000045076014 0.0006000000284984707 0.006200000178068881
v -0.010300000198185449 -0.008500000461935995 0.0060000000521540685
v -0.009999999776482587 -0.008299999870359896 0.0
v -0.010800000280141836 -0.00870000012218952 0.0057999999262392556
v -0.010800000280141836 -0.00870000012218952 0.0057999999262392556
v -0.009999999776482587 -0.008299999870359896 0.0
v -0.011400000192224985 -0.008799999952316282 0.0
v -0.010800000280141836 -0.00870000012218952 0.0057999999262392556
v -0.011400000192224985 -0.008799999952316282 0.0
v -0.011300000362098222 -0.008799999952316282 0.0055999998003244435
v -0.011300000362098222 -0.008799999952316282 0.0055999998003244435
v -0.011400000192224985 -0.008799999952316282 0.0
v -0.011699999682605272 -0.008899999782443045 0.005400000140070919
v -0.012400000356137758 -0.008999999612569807 0.0
v -0.012400000356137758 -0.008999999612569807 0.004600000102072958
v -0.011400000192224985 -0.008799999952316282 0.0
v -0.011400000192224985 -0.008799999952316282 0.0
v -0.012400000356137758 -0.008999999612569807 0.004600000102072958
v -0.012099999934434896 -0.008899999782443045 0.0049999998882412945
v -0.011400000192224985 -0.008799999952316282 0.0
v -0.012099999934434896 -0.008899999782443045 0.0049999998882412945
v -0.011699999682605272 -0.008899999782443045 0.005400000140070919
v -0.007400000002235178 -0.004000000189989804 0.0060000000521540685
v -0.007400000002235178 -0.004000000189989804 0.0
v -0.00749999983236194 -0.00499999988824129 0.0060000000521540685
v -0.00749999983236194 -0.00499999988824129 0.0
v -0.00749999983236194 -0.00499999988824129 0.0060000000521540685
v -0.00749999983236194 -0.00499999988824129 0.0
v -0.008000000379979614 -0.006300000008195638 0.0060000000521540685
v -0.008000000379979614 -0.006300000008195638 0.0
v -0.008000000379979614 -0.006300000008195638 0.0060000000521540685
v -0.008000000379979614 -0.006300000008195638 0.0
v -0.00889999978244305 -0.007499999832361936 0.0060000000521540685
v -0.00889999978244305 -0.007499999832361936 0.0
v -0.00889999978244305 -0.007499999832361936 0.0060000000521540685
v -0.00889999978244305 -0.007499999832361936 0.0
v -0.009899999946355825 -0.008200000040233133 0.0060000000521540685
v -0.009899999946355825 -0.008200000040233133 0.0060000000521540685
v -0.00889999978244305 -0.007499999832361936 0.0
v -0.009999999776482587 -0.008299999870359896 0.0
v -0.009899999946355825 -0.008200000040233133 0.0060000000521540685
v -0.009999999776482587 -0.008299999870359896 0.0
v -0.009999999776482587 -0.008299999870359896 0.0060000000521540685
v -0.009999999776482587 -0.008299999870359896 0.0060000000521540685
v -0.009999999776482587 -0.008299999870359896 0.0
v -0.010300000198185449 -0.008500000461935995 0.0060000000521540685
v -0.014800000004470355 -0.008999999612569807 -0.017100000753998767
v -0.014800000004470355 -0.008999999612569807 -0.01679999940097333
v -0.012400000356137758 -0.008999999612569807 0.0
v -0.01499999966472388 -0.008999999612569807 -0.016599999740719806
v -0.014299999922513969 -0.008999999612569807 -0.011400000192224986
v -0.012799999676644807 -0.008999999612569807 0.0037000000011175897
v -0.01250000018626452 -0.008999999612569807 0.004499999806284907
v -0.012400000356137758 -0.008999999612569807 0.004600000102072958
v -0.01569999940693379 -0.008999999612569807 -0.014700000174343596
v -0.015300000086426742 -0.008999999612569807 -0.016499999910593043
v -0.015599999576807029 -0.008999999612569807 -0.016499999910593043
v -0.008100000210106376 -0.008999999612569807 -0.0003000000142492356
v -0.0077999997884035145 -0.008999999612569807 -9.999999747378758e-05
v -0.007400000002235178 -0.008999999612569807 0.0
v -0.015100000426173217 -0.008999999612569807 -0.01759999990463258
v -0.014899999834597118 -0.008999999612569807 -0.017400000244379054
v -0.013399999588727956 -0.008999999612569807 -0.018600000068545355
v -0.008399999700486663 -0.008999999612569807 -0.001000000047497452
v -0.008299999870359901 -0.008999999612569807 -0.0006000000284984712
v -0.018999999389052398 -0.008999999612569807 -0.010400000028312213
v -0.019999999552965175 -0.008999999612569807 -0.009499999694526202
v -0.019700000062584887 -0.008999999612569807 -0.008899999782443052
v -0.01979999989271165 -0.008999999612569807 -0.008299999870359903
v -0.02030000090599061 -0.008999999612569807 -0.007799999788403516
v -0.020500000566244136 -0.008999999612569807 -0.006399999838322405
v -0.020899999886751185 -0.008999999612569807 -0.0076000001281499915
v -0.021400000900030147 -0.008999999612569807 -0.006300000008195643
v -0.021400000900030147 -0.008999999612569807 -0.0076000001281499915
v -0.02239999920129777 -0.008999999612569807 -0.00669999979436398
v -0.02190000005066396 -0.008999999612569807 -0.007899999618530279
v -0.02199999988079072 -0.008999999612569807 -0.009499999694526202
v -0.023000000044703494 -0.008999999612569807 -0.010200000368058688
v -0.022199999541044246 -0.008999999612569807 -0.008999999612569814
v -0.023399999365210544 -0.008999999612569807 -0.009300000034272678
v -0.022199999541044246 -0.008999999612569807 -0.008399999700486665
v -0.023399999365210544 -0.008999999612569807 -0.008299999870359903
v -0.023099999874830256 -0.008999999612569807 -0.007400000002235179
v -0.02160000056028367 -0.008999999612569807 -0.009899999946355827
v -0.02109999954700471 -0.008999999612569807 -0.009999999776482589
v -0.020500000566244136 -0.008999999612569807 -0.009899999946355827
v -0.015799999237060554 -0.008999999612569807 -0.016699999570846568
v -0.015900000929832465 -0.008999999612569807 -0.016899999231100093
v -0.01740000024437905 -0.008999999612569807 -0.018500000238418593
v -0.015900000929832465 -0.008999999612569807 -0.01720000058412553
v -0.015799999237060554 -0.008999999612569807 -0.017400000244379054
v -0.016799999400973327 -0.008999999612569807 -0.019099999219179167
v -0.015599999576807029 -0.008999999612569807 -0.01759999990463258
v -0.015900000929832465 -0.008999999612569807 -0.019500000402331366
v -0.015399999916553504 -0.008999999612569807 -0.01769999973475934
v -0.01499999966472388 -0.008999999612569807 -0.019500000402331366
v -0.014100000262260444 -0.008999999612569807 -0.01920000091195108
v -0.01610000059008599 -0.010700000450015066 -0.017400000244379054
v -0.016400000080466277 -0.010700000450015066 -0.017799999564886104
v -0.015799999237060554 -0.010700000450015066 -0.01769999973475934
v -0.016000000759959228 -0.010700000450015066 -0.018200000748038302
v -0.015499999746680267 -0.010700000450015066 -0.017899999395012866
v -0.015399999916553504 -0.010700000450015066 -0.018300000578165068
v -0.01499999966472388 -0.010700000450015066 -0.017799999564886104
v -0.014899999834597118 -0.010700000450015066 -0.018200000748038302
v -0.014700000174343593 -0.010700000450015066 -0.01759999990463258
v -0.014399999752640731 -0.010700000450015066 -0.017799999564886104
v -0.01460000034421683 -0.010700000450015066 -0.01720000058412553
v -0.014100000262260444 -0.010700000450015066 -0.01720000058412553
v -0.01460000034421683 -0.010700000450015066 -0.01679999940097333
v -0.014200000092387206 -0.010700000450015066 -0.016599999740719806
v -0.014899999834597118 -0.010700000450015066 -0.01640000008046628
v -0.01460000034421683 -0.010700000450015066 -0.016100000590085994
v -0.01520000025629998 -0.010700000450015066 -0.01630000025033952
v -0.01520000025629998 -0.010700000450015066 -0.015799999237060557
v -0.015599999576807029 -0.010700000450015066 -0.01630000025033952
v -0.015799999237060554 -0.010700000450015066 -0.01590000092983247
v -0.016000000759959228 -0.010700000450015066 -0.016599999740719806
v -0.016300000250339515 -0.010700000450015066 -0.016200000420212756
v -0.01610000059008599 -0.010700000450015066 -0.017000000923872004
v -0.01649999991059304 -0.010700000450015066 -0.016699999570846568
v -0.016599999740719802 -0.010700000450015066 -0.01730000041425229
v -0.015799999237060554 -0.010700000450015066 -0.01590000092983247
v -0.015799999237060554 -0.01150000002235174 -0.01590000092983247
v -0.016300000250339515 -0.010700000450015066 -0.016200000420212756
v -0.016300000250339515 -0.01150000002235174 -0.016200000420212756
v -0.016300000250339515 -0.010700000450015066 -0.016200000420212756
v -0.016300000250339515 -0.01150000002235174 -0.016200000420212756
v -0.01649999991059304 -0.010700000450015066 -0.016699999570846568
v -0.01649999991059304 -0.01150000002235174 -0.016699999570846568
v -0.01649999991059304 -0.010700000450015066 -0.016699999570846568
v -0.01649999991059304 -0.01150000002235174 -0.016699999570846568
v -0.016599999740719802 -0.010700000450015066 -0.01730000041425229
v -0.016599999740719802 -0.01150000002235174 -0.01730000041425229
v -0.016599999740719802 -0.010700000450015066 -0.01730000041425229
v -0.016599999740719802 -0.01150000002235174 -0.01730000041425229
v -0.016400000080466277 -0.010700000450015066 -0.017799999564886104
v -0.016400000080466277 -0.01150000002235174 -0.017799999564886104
v -0.016400000080466277 -0.010700000450015066 -0.017799999564886104
v -0.016400000080466277 -0.01150000002235174 -0.017799999564886104
v -0.016000000759959228 -0.010700000450015066 -0.018200000748038302
v -0.016000000759959228 -0.01150000002235174 -0.018200000748038302
v -0.016000000759959228 -0.010700000450015066 -0.018200000748038302
v -0.016000000759959228 -0.01150000002235174 -0.018200000748038302
v -0.015399999916553504 -0.010700000450015066 -0.018300000578165068
v -0.015399999916553504 -0.01150000002235174 -0.018300000578165068
v -0.015399999916553504 -0.010700000450015066 -0.018300000578165068
v -0.015399999916553504 -0.01150000002235174 -0.018300000578165068
v -0.014899999834597118 -0.010700000450015066 -0.018200000748038302
v -0.014899999834597118 -0.01150000002235174 -0.018200000748038302
v -0.016799999400973327 -0.01150000002235174 -0.019099999219179167
v -0.01740000024437905 -0.01150000002235174 -0.018500000238418593
v -0.01740000024437905 -0.008999999612569807 -0.018500000238418593
v -0.01740000024437905 -0.008999999612569807 -0.018500000238418593
v -0.016799999400973327 -0.008999999612569807 -0.019099999219179167
v -0.016799999400973327 -0.01150000002235174 -0.019099999219179167
v -0.016799999400973327 -0.01150000002235174 -0.019099999219179167
v -0.016799999400973327 -0.008999999612569807 -0.019099999219179167
v -0.015900000929832465 -0.008999999612569807 -0.019500000402331366
v -0.016799999400973327 -0.01150000002235174 -0.019099999219179167
v -0.015900000929832465 -0.008999999612569807 -0.019500000402331366
v -0.015900000929832465 -0.01150000002235174 -0.019500000402331366
v -0.015900000929832465 -0.01150000002235174 -0.019500000402331366
v -0.015900000929832465 -0.008999999612569807 -0.019500000402331366
v -0.01499999966472388 -0.008999999612569807 -0.019500000402331366
v -0.015900000929832465 -0.01150000002235174 -0.019500000402331366
v -0.01499999966472388 -0.008999999612569807 -0.019500000402331366
v -0.01499999966472388 -0.01150000002235174 -0.019500000402331366
v -0.01499999966472388 -0.01150000002235174 -0.019500000402331366
v -0.01499999966472388 -0.008999999612569807 -0.019500000402331366
v -0.014100000262260444 -0.008999999612569807 -0.01920000091195108
v -0.01499999966472388 -0.01150000002235174 -0.019500000402331366
v -0.014100000262260444 -0.008999999612569807 -0.01920000091195108
v -0.014100000262260444 -0.01150000002235174 -0.01920000091195108
v -0.014100000262260444 -0.01150000002235174 -0.01920000091195108
v -0.014100000262260444 -0.008999999612569807 -0.01920000091195108
v -0.013399999588727956 -0.008999999612569807 -0.018600000068545355
v -0.014100000262260444 -0.01150000002235174 -0.01920000091195108
v -0.013399999588727956 -0.008999999612569807 -0.018600000068545355
v -0.013399999588727956 -0.01150000002235174 -0.018600000068545355
v -0.023000000044703494 -0.008999999612569807 -0.010200000368058688
v -0.023000000044703494 -0.01150000002235174 -0.010200000368058688
v -0.023399999365210544 -0.01150000002235174 -0.009300000034272678
v -0.023399999365210544 -0.008999999612569807 -0.009300000034272678
v -0.023399999365210544 -0.008999999612569807 -0.009300000034272678
v -0.023399999365210544 -0.01150000002235174 -0.009300000034272678
v -0.023399999365210544 -0.01150000002235174 -0.008299999870359903
v -0.023399999365210544 -0.008999999612569807 -0.008299999870359903
v -0.023399999365210544 -0.008999999612569807 -0.008299999870359903
v -0.023399999365210544 -0.01150000002235174 -0.008299999870359903
v -0.023099999874830256 -0.01150000002235174 -0.007400000002235179
v -0.023099999874830256 -0.008999999612569807 -0.007400000002235179
v -0.023099999874830256 -0.008999999612569807 -0.007400000002235179
v -0.023099999874830256 -0.01150000002235174 -0.007400000002235179
v -0.02239999920129777 -0.01150000002235174 -0.00669999979436398
v -0.02239999920129777 -0.008999999612569807 -0.00669999979436398
v -0.02239999920129777 -0.008999999612569807 -0.00669999979436398
v -0.02239999920129777 -0.01150000002235174 -0.00669999979436398
v -0.021400000900030147 -0.01150000002235174 -0.006300000008195643
v -0.021400000900030147 -0.008999999612569807 -0.006300000008195643
v -0.021400000900030147 -0.008999999612569807 -0.006300000008195643
v -0.021400000900030147 -0.01150000002235174 -0.006300000008195643
v -0.020500000566244136 -0.01150000002235174 -0.006399999838322405
v -0.020500000566244136 -0.008999999612569807 -0.006399999838322405
v -0.02109999954700471 -0.008999999612569807 -0.009999999776482589
v -0.02109999954700471 -0.01150000002235174 -0.009999999776482589
v -0.020500000566244136 -0.008999999612569807 -0.009899999946355827
v -0.020500000566244136 -0.01150000002235174 -0.009899999946355827
v -0.020500000566244136 -0.008999999612569807 -0.009899999946355827
v -0.020500000566244136 -0.01150000002235174 -0.009899999946355827
v -0.019999999552965175 -0.008999999612569807 -0.009499999694526202
v -0.019999999552965175 -0.01150000002235174 -0.009499999694526202
v -0.019999999552965175 -0.008999999612569807 -0.009499999694526202
v -0.019999999552965175 -0.01150000002235174 -0.009499999694526202
v -0.019700000062584887 -0.008999999612569807 -0.008899999782443052
v -0.019700000062584887 -0.01150000002235174 -0.008899999782443052
v -0.019700000062584887 -0.008999999612569807 -0.008899999782443052
v -0.019700000062584887 -0.01150000002235174 -0.008899999782443052
v -0.01979999989271165 -0.008999999612569807 -0.008299999870359903
v -0.01979999989271165 -0.01150000002235174 -0.008299999870359903
v -0.01979999989271165 -0.008999999612569807 -0.008299999870359903
v -0.01979999989271165 -0.01150000002235174 -0.008299999870359903
v -0.02030000090599061 -0.008999999612569807 -0.007799999788403516
v -0.02030000090599061 -0.01150000002235174 -0.007799999788403516
v -0.02030000090599061 -0.008999999612569807 -0.007799999788403516
v -0.02030000090599061 -0.01150000002235174 -0.007799999788403516
v -0.020899999886751185 -0.008999999612569807 -0.0076000001281499915
v -0.020899999886751185 -0.01150000002235174 -0.0076000001281499915
v -0.007400000002235178 0.003400000045076012 0.0
v -0.007400000002235178 0.005900000222027301 0.0
v 0.0043000001460313814 -0.008299999870359896 0.0
v -0.004900000058114531 0.005900000222027301 0.0
v -0.00889999978244305 0.002000000094994902 0.0
v -0.009999999776482587 0.0027999999001622196 0.0
v -0.011400000192224985 0.003299999982118606 0.0
v -0.012400000356137758 0.003400000045076012 0.0
v -0.004600000102072956 -0.011199999600648878 0.0
v -0.005799999926239255 -0.011400000192224978 0.0
v -0.007400000002235178 -0.008999999612569807 0.0
v -0.007000000216066841 -0.01150000002235174 0.0
v -0.007400000002235178 -0.01150000002235174 0.0
v 0.00749999983236194 -0.0015999999595806 0.0
v 0.007000000216066841 -0.0031000000890344377 0.0
v 0.002300000051036478 -0.009300000034272669 0.0
v 9.999999747378756e-05 -0.00999999977648258 0.0
v -0.012400000356137758 -0.008999999612569807 0.0
v -0.011400000192224985 -0.008799999952316282 0.0
v 0.006200000178068879 -0.004499999806284904 0.0
v 0.005100000184029343 -0.005700000096112489 0.0
v 0.004900000058114531 -0.006099999882280826 0.0
v 0.004699999932199718 -0.008000000379979609 0.0
v 0.004800000227987768 -0.007499999832361936 0.0
v 0.004800000227987768 -0.00650000013411045 0.0
v -0.009999999776482587 -0.008299999870359896 0.0
v -0.00889999978244305 -0.007499999832361936 0.0
v -0.0017999999690800914 0.007499999832361936 0.0
v -9.999999747378756e-05 0.007699999958276748 0.0
v 0.006000000052154067 0.004800000227987765 0.0
v -0.008000000379979614 -0.006300000008195638 0.0
v -0.00749999983236194 -0.00499999988824129 0.0
v -0.007400000002235178 -0.004000000189989804 0.0
v 0.006899999920278791 0.003400000045076012 0.0
v 0.00749999983236194 0.001700000022538006 0.0
v 0.007699999958276752 0.0 0.0
v -0.007400000002235178 -0.0015999999595806 0.0
v -0.00749999983236194 -0.0005000000237487255 0.0
v -0.008000000379979614 0.0007999999797903 0.0
v -0.003400000045076014 0.006899999920278787 0.0
v 0.001599999959580601 0.007499999832361936 0.0
v 0.003299999982118608 0.0070000002160668364 0.0
v 0.004800000227987768 0.006000000052154063 0.0
v -0.007000000216066841 -0.01150000002235174 0.0060000000521540685
v -0.007000000216066841 -0.01150000002235174 0.0
v -0.005799999926239255 -0.011400000192224978 0.0060000000521540685
v -0.005799999926239255 -0.011400000192224978 0.0
v -0.005799999926239255 -0.011400000192224978 0.0060000000521540685
v -0.005799999926239255 -0.011400000192224978 0.0
v -0.004600000102072956 -0.011199999600648878 0.0060000000521540685
v -0.004600000102072956 -0.011199999600648878 0.0
v 9.999999747378756e-05 -0.00999999977648258 0.0060000000521540685
v -0.004600000102072956 -0.011199999600648878 0.0060000000521540685
v 9.999999747378756e-05 -0.00999999977648258 0.0
v -0.004600000102072956 -0.011199999600648878 0.0
v 9.999999747378756e-05 -0.00999999977648258 0.0060000000521540685
v 9.999999747378756e-05 -0.00999999977648258 0.0
v 0.002300000051036478 -0.009300000034272669 0.0
v 0.002300000051036478 -0.009300000034272669 0.0060000000521540685
v 0.002300000051036478 -0.009300000034272669 0.0060000000521540685
v 0.002300000051036478 -0.009300000034272669 0.0
v 0.0043000001460313814 -0.008299999870359896 0.0
v 0.0043000001460313814 -0.008299999870359896 0.0060000000521540685
v 0.0043000001460313814 -0.008299999870359896 0.0060000000521540685
v 0.0043000001460313814 -0.008299999870359896 0.0
v 0.004699999932199718 -0.008000000379979609 0.0
v 0.004699999932199718 -0.008000000379979609 0.0060000000521540685
v 0.004699999932199718 -0.008000000379979609 0.0060000000521540685
v 0.004699999932199718 -0.008000000379979609 0.0
v 0.004800000227987768 -0.007499999832361936 0.0
v 0.004800000227987768 -0.007499999832361936 0.0060000000521540685
v 0.004800000227987768 -0.00650000013411045 0.0060000000521540685
v 0.004800000227987768 -0.007499999832361936 0.0060000000521540685
v 0.004800000227987768 -0.00650000013411045 0.0
v 0.004800000227987768 -0.007499999832361936 0.0
v 0.005100000184029343 -0.005700000096112489 0.0
v 0.005100000184029343 -0.005700000096112489 0.0060000000521540685
v 0.004900000058114531 -0.006099999882280826 0.0
v 0.004900000058114531 -0.006099999882280826 0.0060000000521540685
v 0.004900000058114531 -0.006099999882280826 0.0
v 0.004900000058114531 -0.006099999882280826 0.0060000000521540685
v 0.004800000227987768 -0.00650000013411045 0.0
v 0.004800000227987768 -0.00650000013411045 0.0060000000521540685
v -0.004900000058114531 0.005900000222027301 0.0
v -0.004900000058114531 0.005900000222027301 0.0060000000521540685
v -0.003400000045076014 0.006899999920278787 0.0060000000521540685
v -0.003400000045076014 0.006899999920278787 0.0
v -0.003400000045076014 0.006899999920278787 0.0
v -0.003400000045076014 0.006899999920278787 0.0060000000521540685
v -0.0017999999690800914 0.007499999832361936 0.0060000000521540685
v -0.0017999999690800914 0.007499999832361936 0.0
v -0.0017999999690800914 0.007499999832361936 0.0
v -0.0017999999690800914 0.007499999832361936 0.0060000000521540685
v -9.999999747378756e-05 0.007699999958276748 0.0060000000521540685
v -9.999999747378756e-05 0.007699999958276748 0.0
v -9.999999747378756e-05 0.007699999958276748 0.0
v -9.999999747378756e-05 0.007699999958276748 0.0060000000521540685
v 0.001599999959580601 0.007499999832361936 0.0060000000521540685
v 0.001599999959580601 0.007499999832361936 0.0
v 0.001599999959580601 0.007499999832361936 0.0
v 0.001599999959580601 0.007499999832361936 0.0060000000521540685
v 0.003299999982118608 0.0070000002160668364 0.0060000000521540685
v 0.003299999982118608 0.0070000002160668364 0.0
v 0.003299999982118608 0.0070000002160668364 0.0
v 0.003299999982118608 0.0070000002160668364 0.0060000000521540685
v 0.004800000227987768 0.006000000052154063 0.0060000000521540685
v 0.004800000227987768 0.006000000052154063 0.0
v 0.004800000227987768 0.006000000052154063 0.0
v 0.004800000227987768 0.006000000052154063 0.0060000000521540685
v 0.006000000052154067 0.004800000227987765 0.0060000000521540685
v 0.006000000052154067 0.004800000227987765 0.0
v 0.006000000052154067 0.004800000227987765 0.0
v 0.006000000052154067 0.004800000227987765 0.0060000000521540685
v 0.006899999920278791 0.003400000045076012 0.0060000000521540685
v 0.006899999920278791 0.003400000045076012 0.0
v 0.006899999920278791 0.003400000045076012 0.0
v 0.006899999920278791 0.003400000045076012 0.0060000000521540685
v 0.00749999983236194 0.001700000022538006 0.0060000000521540685
v 0.00749999983236194 0.001700000022538006 0.0
v 0.00749999983236194 0.001700000022538006 0.0
v 0.00749999983236194 0.001700000022538006 0.0060000000521540685
v 0.007699999958276752 0.0 0.0060000000521540685
v 0.007699999958276752 0.0 0.0
v -0.01460000034421683 -0.010700000450015066 -0.01679999940097333
v -0.014800000004470355 -0.010499999858438967 -0.01679999940097333
v -0.01460000034421683 -0.010700000450015066 -0.01720000058412553
v -0.014800000004470355 -0.010499999858438967 -0.017100000753998767
v -0.01460000034421683 -0.010700000450015066 -0.01720000058412553
v -0.014800000004470355 -0.010499999858438967 -0.017100000753998767
v -0.014700000174343593 -0.010700000450015066 -0.01759999990463258
v -0.014899999834597118 -0.010499999858438967 -0.017400000244379054
v -0.014700000174343593 -0.010700000450015066 -0.01759999990463258
v -0.014899999834597118 -0.010499999858438967 -0.017400000244379054
v -0.01499999966472388 -0.010700000450015066 -0.017799999564886104
v -0.015100000426173217 -0.010499999858438967 -0.01759999990463258
v -0.01499999966472388 -0.010700000450015066 -0.017799999564886104
v -0.015100000426173217 -0.010499999858438967 -0.01759999990463258
v -0.015499999746680267 -0.010700000450015066 -0.017899999395012866
v -0.015399999916553504 -0.010499999858438967 -0.01769999973475934
v -0.015499999746680267 -0.010700000450015066 -0.017899999395012866
v -0.015399999916553504 -0.010499999858438967 -0.01769999973475934
v -0.015799999237060554 -0.010700000450015066 -0.01769999973475934
v -0.015399999916553504 -0.010499999858438967 -0.01769999973475934
v -0.015599999576807029 -0.010499999858438967 -0.01759999990463258
v -0.015799999237060554 -0.010700000450015066 -0.01769999973475934
v -0.015799999237060554 -0.010700000450015066 -0.01769999973475934
v -0.015599999576807029 -0.010499999858438967 -0.01759999990463258
v -0.01569999940693379 -0.010499999858438967 -0.017500000074505816
v -0.015799999237060554 -0.010700000450015066 -0.01769999973475934
v -0.01569999940693379 -0.010499999858438967 -0.017500000074505816
v -0.01610000059008599 -0.010700000450015066 -0.017400000244379054
v -0.01610000059008599 -0.010700000450015066 -0.017400000244379054
v -0.01569999940693379 -0.010499999858438967 -0.017500000074505816
v -0.015799999237060554 -0.010499999858438967 -0.017400000244379054
v -0.01610000059008599 -0.010700000450015066 -0.017400000244379054
v -0.015799999237060554 -0.010499999858438967 -0.017400000244379054
v -0.015900000929832465 -0.010499999858438967 -0.01730000041425229
v -0.015599999576807029 -0.008999999612569807 -0.016499999910593043
v -0.015599999576807029 -0.010499999858438967 -0.016499999910593043
v -0.015799999237060554 -0.010499999858438967 -0.016699999570846568
v -0.015599999576807029 -0.008999999612569807 -0.016499999910593043
v -0.015799999237060554 -0.010499999858438967 -0.016699999570846568
v -0.015799999237060554 -0.008999999612569807 -0.016699999570846568
v -0.015799999237060554 -0.008999999612569807 -0.016699999570846568
v -0.015799999237060554 -0.010499999858438967 -0.016699999570846568
v -0.015900000929832465 -0.010499999858438967 -0.016899999231100093
v -0.015799999237060554 -0.008999999612569807 -0.016699999570846568
v -0.015900000929832465 -0.010499999858438967 -0.016899999231100093
v -0.015900000929832465 -0.008999999612569807 -0.016899999231100093
v -0.015900000929832465 -0.008999999612569807 -0.016899999231100093
v -0.015900000929832465 -0.010499999858438967 -0.016899999231100093
v -0.015900000929832465 -0.010499999858438967 -0.017000000923872004
v -0.015900000929832465 -0.008999999612569807 -0.016899999231100093
v -0.015900000929832465 -0.010499999858438967 -0.017000000923872004
v -0.015900000929832465 -0.008999999612569807 -0.01720000058412553
v -0.015900000929832465 -0.010499999858438967 -0.017000000923872004
v -0.015900000929832465 -0.010499999858438967 -0.01720000058412553
v -0.015900000929832465 -0.008999999612569807 -0.01720000058412553
v -0.015900000929832465 -0.008999999612569807 -0.01720000058412553
v -0.015900000929832465 -0.010499999858438967 -0.01720000058412553
v -0.015900000929832465 -0.010499999858438967 -0.01730000041425229
v -0.015900000929832465 -0.008999999612569807 -0.01720000058412553
v -0.015900000929832465 -0.010499999858438967 -0.01730000041425229
v -0.015799999237060554 -0.008999999612569807 -0.017400000244379054
v -0.015900000929832465 -0.010499999858438967 -0.01730000041425229
v -0.015799999237060554 -0.010499999858438967 -0.017400000244379054
v -0.015799999237060554 -0.008999999612569807 -0.017400000244379054
v -0.015799999237060554 -0.008999999612569807 -0.017400000244379054
v -0.015799999237060554 -0.010499999858438967 -0.017400000244379054
v -0.01569999940693379 -0.010499999858438967 -0.017500000074505816
v -0.015799999237060554 -0.008999999612569807 -0.017400000244379054
v -0.01569999940693379 -0.010499999858438967 -0.017500000074505816
v -0.015599999576807029 -0.008999999612569807 -0.01759999990463258
v -0.01569999940693379 -0.010499999858438967 -0.017500000074505816
v -0.015599999576807029 -0.010499999858438967 -0.01759999990463258
v -0.015599999576807029 -0.008999999612569807 -0.01759999990463258
v -0.015599999576807029 -0.008999999612569807 -0.01759999990463258
v -0.015599999576807029 -0.010499999858438967 -0.01759999990463258
v -0.015399999916553504 -0.010499999858438967 -0.01769999973475934
v -0.015599999576807029 -0.008999999612569807 -0.01759999990463258
v -0.015399999916553504 -0.010499999858438967 -0.01769999973475934
v -0.015399999916553504 -0.008999999612569807 -0.01769999973475934
v -0.015399999916553504 -0.008999999612569807 -0.01769999973475934
v -0.015399999916553504 -0.010499999858438967 -0.01769999973475934
v -0.015100000426173217 -0.010499999858438967 -0.01759999990463258
v -0.015399999916553504 -0.008999999612569807 -0.01769999973475934
v -0.015100000426173217 -0.010499999858438967 -0.01759999990463258
v -0.015100000426173217 -0.008999999612569807 -0.01759999990463258
v -0.023000000044703494 0.005900000222027301 -0.010200000368058688
v -0.023000000044703494 0.003400000045076012 -0.010200000368058688
v -0.023399999365210544 0.003400000045076012 -0.009300000034272678
v -0.023399999365210544 0.005900000222027301 -0.009300000034272678
v -0.023399999365210544 0.005900000222027301 -0.009300000034272678
v -0.023399999365210544 0.003400000045076012 -0.009300000034272678
v -0.023399999365210544 0.003400000045076012 -0.008299999870359903
v -0.023399999365210544 0.005900000222027301 -0.008299999870359903
v -0.023399999365210544 0.005900000222027301 -0.008299999870359903
v -0.023399999365210544 0.003400000045076012 -0.008299999870359903
v -0.023099999874830256 0.003400000045076012 -0.007400000002235179
v -0.023099999874830256 0.005900000222027301 -0.007400000002235179
v -0.023099999874830256 0.005900000222027301 -0.007400000002235179
v -0.023099999874830256 0.003400000045076012 -0.007400000002235179
v -0.02239999920129777 0.003400000045076012 -0.00669999979436398
v -0.02239999920129777 0.005900000222027301 -0.00669999979436398
v -0.02239999920129777 0.005900000222027301 -0.00669999979436398
v -0.02239999920129777 0.003400000045076012 -0.00669999979436398
v -0.021400000900030147 0.003400000045076012 -0.006300000008195643
v -0.021400000900030147 0.005900000222027301 -0.006300000008195643
v -0.021400000900030147 0.005900000222027301 -0.006300000008195643
v -0.021400000900030147 0.003400000045076012 -0.006300000008195643
v -0.020500000566244136 0.003400000045076012 -0.006399999838322405
v -0.020500000566244136 0.005900000222027301 -0.006399999838322405
v -0.020099999383091937 0.003400000045076012 -0.009700000286102302
v -0.020500000566244136 0.005900000222027301 -0.009899999946355827
v -0.020600000396370898 0.003400000045076012 -0.009999999776482589
v -0.020600000396370898 0.003400000045076012 -0.009999999776482589
v -0.020500000566244136 0.005900000222027301 -0.009899999946355827
v -0.02109999954700471 0.005900000222027301 -0.009999999776482589
v -0.020600000396370898 0.003400000045076012 -0.009999999776482589
v -0.02109999954700471 0.005900000222027301 -0.009999999776482589
v -0.02109999954700471 0.003400000045076012 -0.009999999776482589
v -0.019700000062584887 0.005900000222027301 -0.008899999782443052
v -0.01979999989271165 0.005900000222027301 -0.009200000204145915
v -0.01979999989271165 0.003400000045076012 -0.009200000204145915
v -0.01979999989271165 0.003400000045076012 -0.009200000204145915
v -0.01979999989271165 0.005900000222027301 -0.009200000204145915
v -0.019999999552965175 0.005900000222027301 -0.009499999694526202
v -0.01979999989271165 0.003400000045076012 -0.009200000204145915
v -0.019999999552965175 0.005900000222027301 -0.009499999694526202
v -0.020099999383091937 0.003400000045076012 -0.009700000286102302
v -0.020099999383091937 0.003400000045076012 -0.009700000286102302
v -0.019999999552965175 0.005900000222027301 -0.009499999694526202
v -0.020099999383091937 0.005900000222027301 -0.009700000286102302
v -0.020099999383091937 0.003400000045076012 -0.009700000286102302
v -0.020099999383091937 0.005900000222027301 -0.009700000286102302
v -0.020500000566244136 0.005900000222027301 -0.009899999946355827
v -0.019700000062584887 0.005900000222027301 -0.008899999782443052
v -0.01979999989271165 0.003400000045076012 -0.009200000204145915
v -0.019700000062584887 0.005900000222027301 -0.008600000292062765
v -0.019700000062584887 0.005900000222027301 -0.008600000292062765
v -0.01979999989271165 0.003400000045076012 -0.009200000204145915
v -0.019700000062584887 0.003400000045076012 -0.008600000292062765
v -0.019700000062584887 0.005900000222027301 -0.008600000292062765
v -0.019700000062584887 0.003400000045076012 -0.008600000292062765
v -0.01979999989271165 0.005900000222027301 -0.008299999870359903
v -0.01979999989271165 0.005900000222027301 -0.008299999870359903
v -0.019700000062584887 0.003400000045076012 -0.008600000292062765
v -0.019899999722838412 0.003400000045076012 -0.008100000210106378
v -0.01979999989271165 0.005900000222027301 -0.008299999870359903
v -0.019899999722838412 0.003400000045076012 -0.008100000210106378
v -0.019899999722838412 0.005900000222027301 -0.008100000210106378
v -0.019899999722838412 0.005900000222027301 -0.008100000210106378
v -0.019899999722838412 0.003400000045076012 -0.008100000210106378
v -0.02030000090599061 0.003400000045076012 -0.007699999958276754
v -0.019899999722838412 0.005900000222027301 -0.008100000210106378
v -0.02030000090599061 0.003400000045076012 -0.007699999958276754
v -0.02030000090599061 0.005900000222027301 -0.007799999788403516
v -0.02030000090599061 0.005900000222027301 -0.007799999788403516
v -0.02030000090599061 0.003400000045076012 -0.007699999958276754
v -0.020899999886751185 0.003400000045076012 -0.0076000001281499915
v -0.02030000090599061 0.005900000222027301 -0.007799999788403516
v -0.020899999886751185 0.003400000045076012 -0.0076000001281499915
v -0.020899999886751185 0.005900000222027301 -0.0076000001281499915
v -0.015599999576807029 0.004900000058114528 -0.016499999910593043
v -0.015599999576807029 0.003400000045076012 -0.016499999910593043
v -0.01569999940693379 0.004900000058114528 -0.016599999740719806
v -0.01569999940693379 0.004900000058114528 -0.016599999740719806
v -0.015599999576807029 0.003400000045076012 -0.016499999910593043
v -0.01569999940693379 0.003400000045076012 -0.016599999740719806
v -0.01569999940693379 0.004900000058114528 -0.016599999740719806
v -0.01569999940693379 0.003400000045076012 -0.016599999740719806
v -0.015300000086426742 0.003400000045076012 -0.01769999973475934
v -0.015100000426173217 0.003400000045076012 -0.01759999990463258
v -0.015100000426173217 0.004900000058114528 -0.01759999990463258
v -0.01569999940693379 0.004900000058114528 -0.016599999740719806
v -0.01569999940693379 0.003400000045076012 -0.016599999740719806
v -0.015900000929832465 0.004900000058114528 -0.01679999940097333
v -0.015900000929832465 0.004900000058114528 -0.01679999940097333
v -0.01569999940693379 0.003400000045076012 -0.016599999740719806
v -0.015900000929832465 0.003400000045076012 -0.016899999231100093
v -0.015900000929832465 0.004900000058114528 -0.01679999940097333
v -0.015900000929832465 0.003400000045076012 -0.016899999231100093
v -0.015900000929832465 0.004900000058114528 -0.016899999231100093
v -0.015900000929832465 0.004900000058114528 -0.016899999231100093
v -0.015900000929832465 0.003400000045076012 -0.016899999231100093
v -0.015900000929832465 0.004900000058114528 -0.017100000753998767
v -0.015900000929832465 0.004900000058114528 -0.017100000753998767
v -0.015900000929832465 0.003400000045076012 -0.016899999231100093
v -0.015900000929832465 0.003400000045076012 -0.017100000753998767
v -0.015900000929832465 0.004900000058114528 -0.017100000753998767
v -0.015900000929832465 0.003400000045076012 -0.017100000753998767
v -0.015900000929832465 0.004900000058114528 -0.017100000753998767
v -0.015900000929832465 0.003400000045076012 -0.017100000753998767
v -0.015900000929832465 0.004900000058114528 -0.01730000041425229
v -0.015900000929832465 0.004900000058114528 -0.01730000041425229
v -0.015900000929832465 0.003400000045076012 -0.017100000753998767
v -0.015799999237060554 0.003400000045076012 -0.017400000244379054
v -0.015900000929832465 0.004900000058114528 -0.01730000041425229
v -0.015799999237060554 0.003400000045076012 -0.017400000244379054
v -0.015799999237060554 0.004900000058114528 -0.017400000244379054
v -0.015599999576807029 0.003400000045076012 -0.01759999990463258
v -0.015599999576807029 0.004900000058114528 -0.01759999990463258
v -0.015799999237060554 0.003400000045076012 -0.017400000244379054
v -0.015799999237060554 0.003400000045076012 -0.017400000244379054
v -0.015599999576807029 0.004900000058114528 -0.01759999990463258
v -0.015799999237060554 0.004900000058114528 -0.017500000074505816
v -0.015799999237060554 0.003400000045076012 -0.017400000244379054
v -0.015799999237060554 0.004900000058114528 -0.017500000074505816
v -0.015799999237060554 0.004900000058114528 -0.017400000244379054
v -0.015100000426173217 0.004900000058114528 -0.01759999990463258
v -0.015300000086426742 0.004900000058114528 -0.01769999973475934
v -0.015300000086426742 0.003400000045076012 -0.01769999973475934
v -0.015300000086426742 0.003400000045076012 -0.01769999973475934
v -0.015300000086426742 0.004900000058114528 -0.01769999973475934
v -0.015300000086426742 0.003400000045076012 -0.01769999973475934
v -0.015300000086426742 0.004900000058114528 -0.01769999973475934
v -0.015599999576807029 0.003400000045076012 -0.01759999990463258
v -0.015599999576807029 0.003400000045076012 -0.01759999990463258
v -0.015300000086426742 0.004900000058114528 -0.01769999973475934
v -0.015599999576807029 0.004900000058114528 -0.01759999990463258
v -0.015599999576807029 0.003400000045076012 -0.01759999990463258
v -0.015599999576807029 0.004900000058114528 -0.01759999990463258
v -0.015599999576807029 0.004900000058114528 -0.016499999910593043
v -0.015399999916553504 0.004900000058114528 -0.016499999910593043
v -0.015599999576807029 0.003400000045076012 -0.016499999910593043
v -0.015599999576807029 0.003400000045076012 -0.016499999910593043
v -0.015399999916553504 0.004900000058114528 -0.016499999910593043
v -0.015399999916553504 0.003400000045076012 -0.016499999910593043
v -0.015100000426173217 0.004900000058114528 -0.01759999990463258
v -0.015100000426173217 0.003400000045076012 -0.01759999990463258
v -0.01499999966472388 0.004900000058114528 -0.01759999990463258
v -0.01499999966472388 0.004900000058114528 -0.01759999990463258
v -0.015100000426173217 0.003400000045076012 -0.01759999990463258
v -0.01499999966472388 0.003400000045076012 -0.017500000074505816
v -0.01499999966472388 0.004900000058114528 -0.01759999990463258
v -0.01499999966472388 0.003400000045076012 -0.017500000074505816
v -0.01499999966472388 0.004900000058114528 -0.017500000074505816
v -0.01499999966472388 0.004900000058114528 -0.017500000074505816
v -0.01499999966472388 0.003400000045076012 -0.017500000074505816
v -0.014800000004470355 0.004900000058114528 -0.01730000041425229
v -0.014800000004470355 0.004900000058114528 -0.01730000041425229
v -0.01499999966472388 0.003400000045076012 -0.017500000074505816
v -0.014800000004470355 0.003400000045076012 -0.01730000041425229
v -0.014800000004470355 0.004900000058114528 -0.01730000041425229
v -0.014800000004470355 0.003400000045076012 -0.01730000041425229
v -0.014800000004470355 0.004900000058114528 -0.01730000041425229
v -0.014800000004470355 0.003400000045076012 -0.01730000041425229
v -0.014700000174343593 0.004900000058114528 -0.017000000923872004
v -0.014700000174343593 0.004900000058114528 -0.017000000923872004
v -0.014800000004470355 0.003400000045076012 -0.01730000041425229
v -0.014800000004470355 0.003400000045076012 -0.017000000923872004
v -0.014700000174343593 0.004900000058114528 -0.017000000923872004
v -0.014800000004470355 0.003400000045076012 -0.017000000923872004
v -0.014800000004470355 0.004900000058114528 -0.017000000923872004
v -0.015100000426173217 0.003400000045076012 -0.016499999910593043
v -0.014899999834597118 0.004900000058114528 -0.016699999570846568
v -0.014899999834597118 0.003400000045076012 -0.016699999570846568
v -0.014899999834597118 0.003400000045076012 -0.016699999570846568
v -0.014899999834597118 0.004900000058114528 -0.016699999570846568
v -0.014899999834597118 0.003400000045076012 -0.016699999570846568
v -0.014899999834597118 0.004900000058114528 -0.016699999570846568
v -0.014800000004470355 0.003400000045076012 -0.017000000923872004
v -0.014800000004470355 0.003400000045076012 -0.017000000923872004
v -0.014899999834597118 0.004900000058114528 -0.016699999570846568
v -0.014800000004470355 0.004900000058114528 -0.01679999940097333
v -0.014800000004470355 0.003400000045076012 -0.017000000923872004
v -0.014800000004470355 0.004900000058114528 -0.01679999940097333
v -0.014800000004470355 0.004900000058114528 -0.017000000923872004
v -0.015399999916553504 0.004900000058114528 -0.016499999910593043
v -0.015399999916553504 0.003400000045076012 -0.016499999910593043
v -0.015399999916553504 0.003400000045076012 -0.016499999910593043
v -0.015399999916553504 0.004900000058114528 -0.016499999910593043
v -0.015100000426173217 0.004900000058114528 -0.016499999910593043
v -0.015399999916553504 0.003400000045076012 -0.016499999910593043
v -0.015100000426173217 0.004900000058114528 -0.016499999910593043
v -0.015100000426173217 0.003400000045076012 -0.016499999910593043
v -0.015100000426173217 0.003400000045076012 -0.016499999910593043
v -0.015100000426173217 0.004900000058114528 -0.016499999910593043
v -0.015100000426173217 0.003400000045076012 -0.016499999910593043
v -0.015100000426173217 0.004900000058114528 -0.016499999910593043
v -0.014899999834597118 0.004900000058114528 -0.016699999570846568
v -0.020899999886751185 0.005900000222027301 -0.0076000001281499915
v -0.020899999886751185 0.003400000045076012 -0.0076000001281499915
v -0.021400000900030147 0.005900000222027301 -0.0076000001281499915
v -0.021400000900030147 0.003400000045076012 -0.0076000001281499915
v -0.021400000900030147 0.005900000222027301 -0.0076000001281499915
v -0.021400000900030147 0.003400000045076012 -0.0076000001281499915
v -0.02190000005066396 0.005900000222027301 -0.007899999618530279
v -0.02190000005066396 0.003400000045076012 -0.007899999618530279
v -0.02190000005066396 0.005900000222027301 -0.007899999618530279
v -0.02190000005066396 0.003400000045076012 -0.007899999618530279
v -0.022199999541044246 0.005900000222027301 -0.008399999700486665
v -0.022199999541044246 0.003400000045076012 -0.008399999700486665
v -0.022199999541044246 0.005900000222027301 -0.008399999700486665
v -0.022199999541044246 0.003400000045076012 -0.008399999700486665
v -0.022199999541044246 0.005900000222027301 -0.008999999612569814
v -0.022199999541044246 0.003400000045076012 -0.008999999612569814
v -0.022199999541044246 0.005900000222027301 -0.008999999612569814
v -0.022199999541044246 0.003400000045076012 -0.008999999612569814
v -0.02199999988079072 0.005900000222027301 -0.009499999694526202
v -0.02199999988079072 0.003400000045076012 -0.009499999694526202
v -0.02199999988079072 0.005900000222027301 -0.009499999694526202
v -0.02199999988079072 0.003400000045076012 -0.009499999694526202
v -0.02160000056028367 0.005900000222027301 -0.009899999946355827
v -0.02160000056028367 0.003400000045076012 -0.009899999946355827
v -0.02160000056028367 0.005900000222027301 -0.009899999946355827
v -0.02160000056028367 0.003400000045076012 -0.009899999946355827
v -0.02109999954700471 0.005900000222027301 -0.009999999776482589
v -0.02109999954700471 0.003400000045076012 -0.009999999776482589
v -0.015100000426173217 -0.008999999612569807 -0.01759999990463258
v -0.015100000426173217 -0.010499999858438967 -0.01759999990463258
v -0.014899999834597118 -0.008999999612569807 -0.017400000244379054
v -0.014899999834597118 -0.010499999858438967 -0.017400000244379054
v -0.014899999834597118 -0.008999999612569807 -0.017400000244379054
v -0.014899999834597118 -0.010499999858438967 -0.017400000244379054
v -0.014800000004470355 -0.008999999612569807 -0.017100000753998767
v -0.014800000004470355 -0.010499999858438967 -0.017100000753998767
v -0.014800000004470355 -0.008999999612569807 -0.017100000753998767
v -0.014800000004470355 -0.010499999858438967 -0.017100000753998767
v -0.014800000004470355 -0.008999999612569807 -0.01679999940097333
v -0.014800000004470355 -0.010499999858438967 -0.01679999940097333
v -0.014800000004470355 -0.008999999612569807 -0.01679999940097333
v -0.014800000004470355 -0.010499999858438967 -0.01679999940097333
v -0.01499999966472388 -0.008999999612569807 -0.016599999740719806
v -0.01499999966472388 -0.010499999858438967 -0.016599999740719806
v -0.01499999966472388 -0.008999999612569807 -0.016599999740719806
v -0.01499999966472388 -0.010499999858438967 -0.016599999740719806
v -0.015300000086426742 -0.008999999612569807 -0.016499999910593043
v -0.015300000086426742 -0.010499999858438967 -0.016499999910593043
v -0.015300000086426742 -0.008999999612569807 -0.016499999910593043
v -0.015300000086426742 -0.010499999858438967 -0.016499999910593043
v -0.015599999576807029 -0.008999999612569807 -0.016499999910593043
v -0.015599999576807029 -0.010499999858438967 -0.016499999910593043
v -0.01610000059008599 -0.010700000450015066 -0.017400000244379054
v -0.015900000929832465 -0.010499999858438967 -0.01730000041425229
v -0.015900000929832465 -0.010499999858438967 -0.01720000058412553
v -0.01610000059008599 -0.010700000450015066 -0.017400000244379054
v -0.015900000929832465 -0.010499999858438967 -0.01720000058412553
v -0.01610000059008599 -0.010700000450015066 -0.017000000923872004
v -0.014800000004470355 -0.010499999858438967 -0.01679999940097333
v -0.01460000034421683 -0.010700000450015066 -0.01679999940097333
v -0.01499999966472388 -0.010499999858438967 -0.016599999740719806
v -0.014899999834597118 -0.010700000450015066 -0.01640000008046628
v -0.01499999966472388 -0.010499999858438967 -0.016599999740719806
v -0.014899999834597118 -0.010700000450015066 -0.01640000008046628
v -0.015300000086426742 -0.010499999858438967 -0.016499999910593043
v -0.01520000025629998 -0.010700000450015066 -0.01630000025033952
v -0.015300000086426742 -0.010499999858438967 -0.016499999910593043
v -0.01520000025629998 -0.010700000450015066 -0.01630000025033952
v -0.015599999576807029 -0.010499999858438967 -0.016499999910593043
v -0.015599999576807029 -0.010700000450015066 -0.01630000025033952
v -0.015599999576807029 -0.010499999858438967 -0.016499999910593043
v -0.015599999576807029 -0.010700000450015066 -0.01630000025033952
v -0.015799999237060554 -0.010499999858438967 -0.016699999570846568
v -0.016000000759959228 -0.010700000450015066 -0.016599999740719806
v -0.015799999237060554 -0.010499999858438967 -0.016699999570846568
v -0.016000000759959228 -0.010700000450015066 -0.016599999740719806
v -0.015900000929832465 -0.010499999858438967 -0.016899999231100093
v -0.015900000929832465 -0.010499999858438967 -0.016899999231100093
v -0.016000000759959228 -0.010700000450015066 -0.016599999740719806
v -0.01610000059008599 -0.010700000450015066 -0.017000000923872004
v -0.015900000929832465 -0.010499999858438967 -0.016899999231100093
v -0.01610000059008599 -0.010700000450015066 -0.017000000923872004
v -0.015900000929832465 -0.010499999858438967 -0.017000000923872004
v -0.015900000929832465 -0.010499999858438967 -0.017000000923872004
v -0.01610000059008599 -0.010700000450015066 -0.017000000923872004
v -0.015900000929832465 -0.010499999858438967 -0.01720000058412553
v 0.007699999958276752 0.0 0.0
v 0.007699999958276752 0.0 0.0060000000521540685
v 0.00749999983236194 -0.0015999999595806 0.0060000000521540685
v 0.00749999983236194 -0.0015999999595806 0.0
v 0.00749999983236194 -0.0015999999595806 0.0
v 0.00749999983236194 -0.0015999999595806 0.0060000000521540685
v 0.007000000216066841 -0.0031000000890344377 0.0060000000521540685
v 0.007000000216066841 -0.0031000000890344377 0.0
v 0.007000000216066841 -0.0031000000890344377 0.0
v 0.007000000216066841 -0.0031000000890344377 0.0060000000521540685
v 0.006200000178068879 -0.004499999806284904 0.0060000000521540685
v 0.006200000178068879 -0.004499999806284904 0.0
v 0.006200000178068879 -0.004499999806284904 0.0
v 0.006200000178068879 -0.004499999806284904 0.0060000000521540685
v 0.005100000184029343 -0.005700000096112489 0.0060000000521540685
v 0.005100000184029343 -0.005700000096112489 0.0
v -0.020899999886751185 -0.008999999612569807 -0.0076000001281499915
v -0.020899999886751185 -0.01150000002235174 -0.0076000001281499915
v -0.021400000900030147 -0.008999999612569807 -0.0076000001281499915
v -0.021400000900030147 -0.01150000002235174 -0.0076000001281499915
v -0.021400000900030147 -0.008999999612569807 -0.0076000001281499915
v -0.021400000900030147 -0.01150000002235174 -0.0076000001281499915
v -0.02190000005066396 -0.008999999612569807 -0.007899999618530279
v -0.02190000005066396 -0.01150000002235174 -0.007899999618530279
v -0.02190000005066396 -0.008999999612569807 -0.007899999618530279
v -0.02190000005066396 -0.01150000002235174 -0.007899999618530279
v -0.022199999541044246 -0.008999999612569807 -0.008399999700486665
v -0.022199999541044246 -0.01150000002235174 -0.008399999700486665
v -0.022199999541044246 -0.008999999612569807 -0.008399999700486665
v -0.022199999541044246 -0.01150000002235174 -0.008399999700486665
v -0.022199999541044246 -0.008999999612569807 -0.008999999612569814
v -0.022199999541044246 -0.01150000002235174 -0.008999999612569814
v -0.022199999541044246 -0.008999999612569807 -0.008999999612569814
v -0.022199999541044246 -0.01150000002235174 -0.008999999612569814
v -0.02199999988079072 -0.008999999612569807 -0.009499999694526202
v -0.02199999988079072 -0.01150000002235174 -0.009499999694526202
v -0.02199999988079072 -0.008999999612569807 -0.009499999694526202
v -0.02199999988079072 -0.01150000002235174 -0.009499999694526202
v -0.02160000056028367 -0.008999999612569807 -0.009899999946355827
v -0.02160000056028367 -0.01150000002235174 -0.009899999946355827
v -0.02160000056028367 -0.008999999612569807 -0.009899999946355827
v -0.02160000056028367 -0.01150000002235174 -0.009899999946355827
v -0.02109999954700471 -0.008999999612569807 -0.009999999776482589
v -0.02109999954700471 -0.01150000002235174 -0.009999999776482589
v -0.014899999834597118 -0.010700000450015066 -0.018200000748038302
v -0.014899999834597118 -0.01150000002235174 -0.018200000748038302
v -0.014399999752640731 -0.010700000450015066 -0.017799999564886104
v -0.014399999752640731 -0.01150000002235174 -0.017799999564886104
v -0.014399999752640731 -0.010700000450015066 -0.017799999564886104
v -0.014399999752640731 -0.01150000002235174 -0.017799999564886104
v -0.014100000262260444 -0.010700000450015066 -0.01720000058412553
v -0.014100000262260444 -0.01150000002235174 -0.01720000058412553
v -0.014100000262260444 -0.010700000450015066 -0.01720000058412553
v -0.014100000262260444 -0.01150000002235174 -0.01720000058412553
v -0.014200000092387206 -0.010700000450015066 -0.016599999740719806
v -0.014200000092387206 -0.01150000002235174 -0.016599999740719806
v -0.014200000092387206 -0.010700000450015066 -0.016599999740719806
v -0.014200000092387206 -0.01150000002235174 -0.016599999740719806
v -0.01460000034421683 -0.010700000450015066 -0.016100000590085994
v -0.01460000034421683 -0.01150000002235174 -0.016100000590085994
v -0.01460000034421683 -0.010700000450015066 -0.016100000590085994
v -0.01460000034421683 -0.01150000002235174 -0.016100000590085994
v -0.01520000025629998 -0.010700000450015066 -0.015799999237060557
v -0.01520000025629998 -0.01150000002235174 -0.015799999237060557
v -0.01520000025629998 -0.010700000450015066 -0.015799999237060557
v -0.01520000025629998 -0.01150000002235174 -0.015799999237060557
v -0.015799999237060554 -0.010700000450015066 -0.01590000092983247
v -0.015799999237060554 -0.01150000002235174 -0.01590000092983247
v 0.0 0.0035000001080334182 0.0060000000521540685
v 0.0 0.0035000001080334182 0.006200000178068881
v 0.001200000056996942 0.003299999982118606 0.006200000178068881
v 0.001200000056996942 0.003299999982118606 0.0060000000521540685
v 0.001200000056996942 0.003299999982118606 0.0060000000521540685
v 0.001200000056996942 0.003299999982118606 0.006200000178068881
v 0.002199999988079072 0.002700000070035457 0.006200000178068881
v 0.002199999988079072 0.002700000070035457 0.0060000000521540685
v 0.002199999988079072 0.002700000070035457 0.0060000000521540685
v 0.002199999988079072 0.002700000070035457 0.006200000178068881
v 0.0030000000260770334 0.0017999999690800903 0.006200000178068881
v 0.0030000000260770334 0.001700000022538006 0.0060000000521540685
v 0.0030000000260770334 0.001700000022538006 0.0060000000521540685
v 0.0030000000260770334 0.0017999999690800903 0.006200000178068881
v 0.003400000045076014 0.0006000000284984707 0.006200000178068881
v 0.003400000045076014 0.0006000000284984707 0.0060000000521540685
v 0.003400000045076014 0.0006000000284984707 0.0060000000521540685
v 0.003400000045076014 0.0006000000284984707 0.006200000178068881
v 0.003400000045076014 -0.0006000000284984707 0.006200000178068881
v 0.003400000045076014 -0.0006000000284984707 0.0060000000521540685
v 0.003400000045076014 -0.0006000000284984707 0.0060000000521540685
v 0.003400000045076014 -0.0006000000284984707 0.006200000178068881
v 0.0030000000260770334 -0.0017999999690800903 0.006200000178068881
v 0.0030000000260770334 -0.0017999999690800903 0.0060000000521540685
v 0.0030000000260770334 -0.0017999999690800903 0.0060000000521540685
v 0.0030000000260770334 -0.0017999999690800903 0.006200000178068881
v 0.002199999988079072 -0.002700000070035457 0.006200000178068881
v 0.002199999988079072 -0.002700000070035457 0.0060000000521540685
v 0.002199999988079072 -0.002700000070035457 0.0060000000521540685
v 0.002199999988079072 -0.002700000070035457 0.006200000178068881
v 0.001200000056996942 -0.003299999982118606 0.006200000178068881
v 0.001200000056996942 -0.003299999982118606 0.0060000000521540685
v 0.001200000056996942 -0.003299999982118606 0.0060000000521540685
v 0.001200000056996942 -0.003299999982118606 0.006200000178068881
v 0.0 -0.0035000001080334182 0.006200000178068881
v 0.0 -0.0035000001080334182 0.0060000000521540685
v -0.015900000929832465 0.00510000018402934 -0.01759999990463258
v -0.01610000059008599 0.00510000018402934 -0.017400000244379054
v -0.015900000929832465 0.004900000058114528 -0.01730000041425229
v -0.014800000004470355 0.004900000058114528 -0.01679999940097333
v -0.01460000034421683 0.00510000018402934 -0.01679999940097333
v -0.014800000004470355 0.004900000058114528 -0.017000000923872004
v -0.014800000004470355 0.004900000058114528 -0.017000000923872004
v -0.01460000034421683 0.00510000018402934 -0.01679999940097333
v -0.014499999582767494 0.00510000018402934 -0.017000000923872004
v -0.015900000929832465 0.004900000058114528 -0.01730000041425229
v -0.015799999237060554 0.004900000058114528 -0.017400000244379054
v -0.015900000929832465 0.00510000018402934 -0.01759999990463258
v -0.015900000929832465 0.00510000018402934 -0.01759999990463258
v -0.015799999237060554 0.004900000058114528 -0.017400000244379054
v -0.015799999237060554 0.004900000058114528 -0.017500000074505816
v -0.015900000929832465 0.00510000018402934 -0.01759999990463258
v -0.015799999237060554 0.004900000058114528 -0.017500000074505816
v -0.015599999576807029 0.00510000018402934 -0.017799999564886104
v -0.015799999237060554 0.004900000058114528 -0.017500000074505816
v -0.015599999576807029 0.004900000058114528 -0.01759999990463258
v -0.015599999576807029 0.00510000018402934 -0.017799999564886104
v -0.015599999576807029 0.00510000018402934 -0.017799999564886104
v -0.015599999576807029 0.004900000058114528 -0.01759999990463258
v -0.015599999576807029 0.00510000018402934 -0.017799999564886104
v -0.015599999576807029 0.004900000058114528 -0.01759999990463258
v -0.01520000025629998 0.00510000018402934 -0.017899999395012866
v -0.01520000025629998 0.00510000018402934 -0.017899999395012866
v -0.015599999576807029 0.004900000058114528 -0.01759999990463258
v -0.015300000086426742 0.004900000058114528 -0.01769999973475934
v -0.015300000086426742 0.004900000058114528 -0.01769999973475934
v -0.01520000025629998 0.00510000018402934 -0.017899999395012866
v -0.01520000025629998 0.00510000018402934 -0.017899999395012866
v -0.015300000086426742 0.004900000058114528 -0.01769999973475934
v -0.015100000426173217 0.004900000058114528 -0.01759999990463258
v -0.01520000025629998 0.00510000018402934 -0.017899999395012866
v -0.015100000426173217 0.004900000058114528 -0.01759999990463258
v -0.014899999834597118 0.00510000018402934 -0.01769999973475934
v -0.015100000426173217 0.004900000058114528 -0.01759999990463258
v -0.01499999966472388 0.004900000058114528 -0.01759999990463258
v -0.014899999834597118 0.00510000018402934 -0.01769999973475934
v -0.014899999834597118 0.00510000018402934 -0.01769999973475934
v -0.01499999966472388 0.004900000058114528 -0.01759999990463258
v -0.01499999966472388 0.004900000058114528 -0.017500000074505816
v -0.014899999834597118 0.00510000018402934 -0.01769999973475934
v -0.01499999966472388 0.004900000058114528 -0.017500000074505816
v -0.01460000034421683 0.00510000018402934 -0.017400000244379054
v -0.01499999966472388 0.004900000058114528 -0.017500000074505816
v -0.014800000004470355 0.004900000058114528 -0.01730000041425229
v -0.01460000034421683 0.00510000018402934 -0.017400000244379054
v -0.01460000034421683 0.00510000018402934 -0.017400000244379054
v -0.014800000004470355 0.004900000058114528 -0.01730000041425229
v -0.01460000034421683 0.00510000018402934 -0.017400000244379054
v -0.014800000004470355 0.004900000058114528 -0.01730000041425229
v -0.014499999582767494 0.00510000018402934 -0.017000000923872004
v -0.014499999582767494 0.00510000018402934 -0.017000000923872004
v -0.014800000004470355 0.004900000058114528 -0.01730000041425229
v -0.014700000174343593 0.004900000058114528 -0.017000000923872004
v -0.014499999582767494 0.00510000018402934 -0.017000000923872004
v -0.014700000174343593 0.004900000058114528 -0.017000000923872004
v -0.014800000004470355 0.004900000058114528 -0.017000000923872004
usemtl Purple
f 1 2 3
f 3 2 4
f 3 4 5
f 5 4 6
f 5 6 7
f 7 6 8
f 7 8 9
f 9 8 10
f 9 10 11
f 12 13 14
f 14 13 15
f 14 15 16
f 16 15 17
f 16 17 18
f 18 17 19
f 18 19 1
f 1 19 20
f 1 20 2
f 10 21 11
f 11 21 22
f 11 22 23
f 23 22 24
f 23 24 25
f 25 24 26
f 25 26 27
f 27 26 28
f 27 28 29
f 28 30 29
f 29 30 31
f 29 31 32
f 32 31 33
f 32 33 34
f 34 33 35
f 34 35 36
f 36 35 37
f 36 37 38
f 38 37 39
f 38 39 12
f 12 39 40
f 12 40 13
f 41 42 43
f 41 43 44
f 45 46 47
f 45 47 48
f 49 50 51
f 49 51 52
f 53 54 55
f 53 55 56
f 57 58 59
f 57 59 60
f 61 62 63
f 61 63 64
f 65 66 67
f 65 67 68
f 69 70 71
f 69 71 72
f 73 74 75
f 73 75 76
f 77 78 79
f 77 79 80
f 81 82 83
f 81 83 84
f 85 86 87
f 85 87 88
f 89 90 91
f 89 91 92
f 93 94 95
f 93 95 96
f 97 98 99
f 97 99 100
f 101 102 103
f 101 103 104
f 105 106 107
f 105 107 108
f 109 110 111
f 109 111 112
f 113 114 115
f 113 115 116
f 117 118 119
f 117 119 120
f 121 122 123
f 121 123 124
f 125 126 127
f 125 127 128
f 129 130 131
f 131 130 132
f 131 132 133
f 134 135 136
f 137 138 139
f 134 136 140
f 141 142 132
f 132 142 143
f 132 143 133
f 140 136 131
f 131 136 144
f 131 144 145
f 145 146 131
f 131 146 147
f 131 147 148
f 148 149 131
f 131 149 150
f 131 150 151
f 151 152 131
f 131 152 153
f 131 153 129
f 154 155 156
f 154 156 157
f 158 159 159
f 160 161 162
f 163 164 165
f 166 167 168
f 169 170 171
f 172 173 174
f 175 176 177
f 178 179 180
f 181 182 183
f 184 185 186
f 187 188 189
f 190 191 192
f 193 194 195
f 196 197 198
f 199 200 201
f 202 203 204
f 205 206 207
f 208 209 210
f 211 212 213
f 214 215 216
f 217 218 219
f 220 221 222
f 223 224 225
f 226 227 228
f 229 230 231
f 232 233 234
f 235 236 237
f 238 239 240
f 241 242 243
f 244 245 246
f 247 248 249
f 250 251 252
f 253 254 255
f 256 257 258
f 259 260 261
f 262 263 264
f 265 266 267
f 268 269 270
f 271 272 273
f 274 275 276
f 277 278 279
f 280 281 282
f 283 284 285
f 286 287 288
f 289 290 291
f 292 293 294
f 295 296 295
f 297 298 299
f 300 301 302
f 302 301 303
f 302 303 304
f 304 303 305
f 304 305 306
f 306 305 307
f 306 307 308
f 307 309 308
f 308 309 310
f 308 310 311
f 311 310 312
f 311 312 313
f 313 312 314
f 313 314 315
f 316 317 318
f 318 317 319
f 318 319 320
f 320 319 321
f 320 321 300
f 300 321 322
f 300 322 301
f 314 323 315
f 315 323 324
f 315 324 325
f 325 324 326
f 325 326 327
f 327 326 328
f 327 328 329
f 329 328 330
f 329 330 316
f 316 330 331
f 316 331 317
f 332 333 334
f 332 334 335
f 336 337 338
f 336 338 339
f 340 341 342
f 340 342 343
f 344 345 346
f 344 346 347
f 348 349 350
f 348 350 351
f 352 353 354
f 352 354 355
f 356 357 358
f 356 358 359
f 360 361 362
f 360 362 363
f 364 365 366
f 364 366 367
f 368 369 370
f 368 370 371
f 372 373 374
f 372 374 375
f 376 377 378
f 376 378 379
f 380 381 382
f 380 382 383
f 384 385 386
f 384 386 387
f 388 389 390
f 390 389 391
f 390 391 392
f 392 391 393
f 392 393 394
f 394 393 395
f 394 395 396
f 397 398 399
f 399 398 400
f 399 400 401
f 401 400 402
f 401 402 388
f 388 402 403
f 388 403 389
f 395 404 396
f 396 404 405
f 396 405 406
f 406 405 407
f 406 407 408
f 408 407 409
f 408 409 410
f 409 411 410
f 410 411 412
f 410 412 413
f 413 412 414
f 413 414 415
f 415 414 416
f 415 416 417
f 417 416 418
f 417 418 397
f 397 418 419
f 397 419 398
f 420 421 422
f 420 422 423
f 424 425 426
f 424 426 427
f 428 429 430
f 428 430 431
f 432 433 434
f 432 434 435
f 436 437 438
f 436 438 439
f 440 441 442
f 440 442 443
f 444 445 446
f 444 446 447
f 448 449 450
f 448 450 451
f 452 453 454
f 452 454 455
f 456 457 458
f 456 458 459
f 460 461 462
f 460 462 463
f 464 465 466
f 464 466 467
f 468 469 470
f 468 470 471
f 472 473 474
f 472 474 475
f 476 477 478
f 476 478 479
f 480 481 482
f 480 482 483
f 484 485 486
f 484 486 487
f 488 489 490
f 488 490 491
f 492 493 494
f 495 496 492
f 497 498 499
f 494 493 500
f 500 493 499
f 500 499 501
f 492 494 495
f 495 494 502
f 495 502 503
f 504 497 505
f 505 497 499
f 505 499 506
f 506 499 493
f 503 507 495
f 495 507 508
f 495 508 509
f 510 511 512
f 510 512 513
f 514 515 516
f 514 516 517
f 518 519 520
f 518 520 521
f 522 523 524
f 522 524 525
f 526 527 528
f 526 528 529
f 530 531 532
f 530 533 534
f 535 536 537
f 535 537 538
f 539 540 541
f 539 541 542
f 543 544 545
f 543 545 546
f 547 548 549
f 547 549 550
f 551 552 553
f 551 553 554
f 555 556 557
f 555 557 558
f 559 560 561
f 559 561 562
f 563 564 565
f 563 565 566
f 567 568 569
f 567 569 570
f 571 572 573
f 571 573 574
f 575 576 577
f 575 577 578
f 579 580 581
f 579 581 582
f 583 584 585
f 586 587 588
f 589 590 591
f 592 593 594
f 595 596 597
f 598 599 600
f 601 602 603
f 604 605 606
f 607 608 609
f 610 611 612
f 613 614 615
f 616 617 618
f 619 620 621
f 622 623 624
f 625 626 627
f 628 629 630
f 628 630 631
f 632 633 634
f 635 636 637
f 637 636 638
f 637 638 639
f 640 641 635
f 635 641 642
f 635 642 636
f 643 644 645
f 646 647 648
f 648 647 649
f 649 647 650
f 649 650 651
f 651 650 652
f 652 650 653
f 652 653 654
f 654 653 655
f 654 655 656
f 657 658 659
f 659 658 660
f 659 660 661
f 638 662 639
f 639 662 663
f 639 663 664
f 664 663 665
f 664 665 657
f 657 665 666
f 657 666 658
f 640 667 641
f 641 667 668
f 641 668 669
f 669 670 641
f 641 670 671
f 641 671 672
f 656 655 673
f 673 655 674
f 673 674 675
f 675 674 676
f 675 676 677
f 676 678 677
f 677 678 679
f 677 679 680
f 681 682 683
f 683 682 684
f 685 686 687
f 687 643 685
f 685 643 645
f 685 645 688
f 688 645 689
f 688 689 690
f 690 689 646
f 690 646 691
f 691 646 648
f 692 693 672
f 672 693 694
f 672 694 641
f 680 632 677
f 677 632 634
f 677 634 695
f 695 634 661
f 695 661 696
f 696 661 660
f 683 697 681
f 681 697 698
f 681 698 699
f 699 698 700
f 699 700 701
f 672 702 692
f 692 702 703
f 692 703 704
f 705 706 692
f 692 706 707
f 708 709 710
f 701 711 712
f 713 714 715
f 715 714 716
f 701 717 718
f 719 720 721
f 722 723 724
f 725 726 727
f 728 729 730
f 731 732 733
f 734 735 736
f 736 735 737
f 738 739 740
f 733 732 741
f 741 732 742
f 741 742 743
f 743 742 744
f 745 746 747
f 745 747 748
f 749 750 751
f 749 751 752
f 752 751 753
f 753 751 754
f 753 754 755
f 755 754 756
f 755 756 734
f 734 756 757
f 734 757 758
f 759 735 760
f 760 735 734
f 760 734 761
f 761 734 758
f 762 763 764
f 764 763 765
f 764 765 766
f 737 765 767
f 737 767 736
f 768 769 770
f 770 769 771
f 770 771 762
f 762 771 772
f 762 772 763
f 773 774 775
f 775 774 776
f 777 778 768
f 768 778 779
f 768 779 769
f 780 781 782
f 773 783 784
f 773 784 774
f 785 786 787
f 787 786 786
f 787 786 788
f 788 738 787
f 787 738 740
f 787 740 789
f 789 740 790
f 789 790 791
f 791 790 731
f 791 731 792
f 792 731 733
f 780 793 781
f 781 793 794
f 781 794 795
f 795 796 781
f 781 796 797
f 781 797 798
f 799 800 798
f 798 800 801
f 798 801 781
f 787 802 785
f 785 802 803
f 785 803 804
f 804 805 785
f 785 805 806
f 785 806 807
f 798 808 799
f 799 808 809
f 799 809 810
f 810 811 799
f 799 811 812
f 799 812 813
f 807 814 785
f 815 814 816
f 815 816 817
f 818 819 820
f 820 819 821
f 822 823 824
f 822 824 825
f 826 827 827
f 826 827 826
f 828 829 830
f 830 829 831
f 832 833 834
f 832 834 835
f 836 837 838
f 836 838 839
f 840 841 842
f 842 841 843
f 844 845 846
f 847 848 849
f 850 851 852
f 852 851 853
f 854 855 856
f 856 855 857
f 858 859 860
f 860 859 861
f 862 863 864
f 864 863 865
f 866 867 868
f 868 867 869
f 870 871 872
f 872 871 873
f 874 875 876
f 876 875 877
f 878 879 880
f 880 879 881
f 882 883 884
f 884 883 885
f 886 887 888
f 888 887 889
f 890 891 892
f 892 891 893
f 894 895 896
f 896 895 897
f 898 899 900
f 901 902 903
f 904 905 906
f 907 908 909
f 910 911 912
f 912 911 913
f 914 915 916
f 916 915 917
f 918 919 920
f 920 919 921
f 922 923 924
f 924 923 925
f 926 927 928
f 928 927 929
f 930 931 932
f 932 931 933
f 934 935 936
f 934 936 937
f 938 939 940
f 938 940 941
f 942 943 944
f 944 943 945
f 946 947 948
f 946 948 949
f 950 951 952
f 950 952 953
f 954 955 956
f 954 956 957
f 958 959 960
f 958 960 961
f 962 963 964
f 962 964 965
f 966 967 968
f 966 968 969
f 970 971 972
f 970 972 973
f 974 975 976
f 974 976 977
f 978 979 980
f 978 980 981
f 982 983 984
f 982 984 985
f 986 987 988
f 986 988 989
f 990 991 992
f 990 992 993
f 994 995 996
f 994 996 997
f 998 999 1000
f 998 1000 1001
f 1002 1003 1004
f 1002 1004 1005
f 1006 1007 1008
f 1006 1008 1009
f 1010 1011 1012
f 1010 1012 1013
f 1014 1015 1016
f 1014 1016 1017
f 1018 1019 1020
f 1021 1022 1023
f 1024 1025 1026
f 1027 1028 1029
f 1030 1031 1032
f 1030 1032 1033
f 1034 1035 1036
f 1034 1036 1037
f 1038 1039 1040
f 1038 1040 1041
f 1042 1043 1044
f 1042 1044 1045
f 1046 1047 1048
f 1046 1048 1049
f 1050 1051 1052
f 1050 1052 1053
f 1054 1055 1056
f 1054 1056 1057
f 1058 1059 1060
f 1058 1060 1061
f 1062 1063 1064
f 1062 1064 1065
f 1066 1067 1068
f 1066 1068 1069
f 1070 1071 1072
f 1070 1072 1073
f 1074 1075 1076
f 1074 1076 1077
f 1078 1079 1080
f 1078 1080 1081
f 1082 1083 1084
f 1082 1084 1085
f 1086 1087 1088
f 1086 1088 1089
f 1090 1091 1092
f 1090 1092 1093
f 1094 1095 1096
f 1094 1096 1097
f 1098 1099 1100
f 1098 1100 1101
f 1102 1103 1104
f 1102 1104 1105
f 1106 1107 1108
f 1106 1108 1109
f 1110 1111 1112
f 1110 1112 1113
f 1114 1115 1116
f 1114 1116 1117
f 1118 1119 1120
f 1121 1122 1123
f 1124 1125 1126
f 1127 1128 1129
f 1130 1131 1132
f 1132 1131 1133
f 1134 1135 1136
f 1137 1138 1136
f 1136 1138 1139
f 1140 1141 1142
f 1143 1144 1145
f 1146 1147 1148
f 1149 1150 1151
f 1152 1153 1154
f 1155 1156 1157
f 1158 1159 1160
f 1161 1162 1163
f 1164 1165 1166
f 1167 1168 1167
f 1169 1170 1171
f 1172 1173 1174
f 1175 1176 1177
f 1175 1177 1178
f 1179 1180 1181
f 1179 1181 1182
f 1183 1184 1185
f 1183 1185 1186
f 1187 1188 1189
f 1187 1189 1190
f 1191 1192 1193
f 1191 1193 1194
f 1195 1196 1197
f 1195 1197 1198
f 1199 1200 1201
f 1199 1201 1202
f 1203 1204 1205
f 1203 1205 1206
f 1207 1208 1209
f 1207 1209 1210
f 1211 1212 1213
f 1211 1213 1214
f 1215 1216 1217
f 1215 1217 1218
f 1219 1220 1221
f 1219 1221 1222
f 1223 1224 1225
f 1226 1227 1228
f 1229 1230 1231
f 1231 1230 1232
f 1228 1232 1226
f 1233 1234 1235
f 1236 1237 1231
f 1228 1238 1239
f 1231 1240 1241
f 1231 1242 1236
f 1243 1244 1233
f 1236 1245 1246
f 1247 1233 1235
f 1248 1249 1228
f 1228 1249 1250
f 1228 1250 1251
f 1252 1253 1254
f 1255 1256 1257
f 1252 1254 1257
f 1258 1259 1260
f 1258 1260 1261
f 1262 1263 1257
f 1257 1263 1264
f 1257 1264 1265
f 1266 1267 1268
f 1268 1269 1266
f 1265 1270 1271
f 1266 1272 1273
f 1273 1274 1266
f 1266 1274 1275
f 1266 1275 1257
f 1276 1277 1278
f 1279 1280 1281
f 1282 1283 1284
f 1285 1286 1287
f 1288 1289 1289
f 1290 1291 1292
f 1293 1294 1295
f 1296 1297 1298
f 1299 1300 1299
f 1301 1302 1303
f 1304 1305 1306
f 1307 1308 1309
f 1307 1309 1310
f 1311 1312 1313
f 1311 1313 1314
f 1315 1316 1317
f 1315 1317 1318
f 1319 1320 1321
f 1319 1321 1322
f 1323 1324 1325
f 1323 1325 1326
f 1327 1328 1329
f 1327 1329 1330
f 1331 1332 1333
f 1331 1333 1334
f 1335 1336 1337
f 1335 1337 1338
f 1339 1340 1341
f 1339 1341 1342
f 1343 1344 1345
f 1343 1345 1346
f 1347 1348 1349
f 1347 1349 1350
f 1351 1352 1353
f 1351 1353 1354
f 1355 1356 1357
f 1358 1359 1360
f 1361 1362 1363
f 1360 1364 1365
f 1363 1366 1367
f 1368 1369 1368
f 1370 1371 1371
f 1372 1373 1372
f 1374 1375 1376
f 1371 1377 1370
f 1370 1377 1374
f 1370 1374 1378
f 1378 1374 1379
f 1380 1381 1382
f 1382 1381 1383
f 1384 1384 1385
f 1386 1387 1388
f 1389 1390 1391
f 1392 1393 1394
f 1395 1396 1397
f 1398 1399 1400
f 1401 1402 1403
f 1404 1405 1406
f 1407 1408 1409
f 1410 1411 1412
f 1413 1414 1415
f 1416 1417 1418
f 1419 1420 1421
f 1422 1423 1424
f 1425 1426 1427
f 1428 1429 1430
f 1431 1432 1433
f 1434 1435 1436
f 1437 1438 1439
f 1440 1441 1442
f 1443 1444 1445
f 1446 1447 1448
f 1449 1450 1451
f 1452 1453 1454
f 1455 1456 1457
f 1458 1459 1460
f 1461 1462 1463
f 1464 1465 1466
f 1467 1468 1469
f 1470 1471 1472
f 1473 1474 1475
f 1476 1477 1478
f 1479 1480 1480
f 1481 1482 1483
f 1484 1485 1486
f 1487 1488 1489
f 1490 1491 1492
f 1490 1492 1493
f 1494 1495 1496
f 1496 1495 1497
f 1498 1498 1499
f 1500 1501 1502
f 1503 1504 1505
f 1506 1507 1508
f 1509 1510 1511
f 1512 1513 1514
f 1515 1516 1517
f 1518 1519 1520
f 1521 1522 1523
f 1524 1525 1526
f 1527 1528 1529
f 1530 1531 1532
f 1533 1534 1535
f 1536 1537 1538
f 1539 1540 1541
f 1542 1543 1544
f 1545 1546 1547
f 1548 1549 1550
f 1551 1552 1553
f 1554 1555 1556
f 1557 1558 1559
f 1560 1561 1562
f 1563 1564 1565
f 1566 1567 1568
f 1569 1570 1571
f 1572 1573 1574
f 1575 1576 1577
f 1578 1579 1580
f 1581 1582 1583
f 1584 1585 1585
f 1586 1587 1588
f 1589 1590 1591
f 1592 1593 1593
f 1594 1595 1596
f 1597 1598 1599
f 1600 1601 1600
f 1602 1603 1604
f 1602 1604 1605
f 1606 1607 1608
f 1608 1607 1609
f 1608 1609 1610
f 1610 1609 1611
f 1610 1611 1612
f 1613 1614 1615
f 1615 1614 1616
f 1617 1618 1619
f 1620 1621 1622
f 1622 1621 1623
f 1622 1623 1606
f 1606 1623 1624
f 1606 1624 1607
f 1625 1626 1627
f 1627 1626 1628
f 1627 1628 1629
f 1629 1628 1630
f 1629 1630 1631
f 1611 1632 1612
f 1612 1632 1633
f 1612 1633 1634
f 1634 1633 1635
f 1636 1637 1638
f 1638 1637 1639
f 1638 1639 1626
f 1640 1641 1642
f 1642 1641 1643
f 1642 1643 1644
f 1644 1643 1645
f 1644 1645 1620
f 1620 1645 1646
f 1620 1646 1621
f 1618 1647 1619
f 1619 1647 1648
f 1649 1650 1651
f 1651 1650 1652
f 1651 1652 1653
f 1653 1652 1654
f 1653 1654 1640
f 1640 1654 1655
f 1640 1655 1641
f 1656 1657 1658
f 1658 1657 1659
f 1660 1661 1662
f 1662 1661 1663
f 1662 1663 1613
f 1613 1663 1664
f 1613 1664 1614
f 1630 1665 1631
f 1631 1665 1666
f 1631 1666 1667
f 1667 1666 1668
f 1667 1668 1669
f 1669 1668 1670
f 1669 1670 1671
f 1670 1672 1671
f 1671 1672 1673
f 1671 1673 1674
f 1674 1673 1675
f 1674 1675 1656
f 1656 1675 1676
f 1656 1676 1657
f 1677 1678 1679
f 1677 1679 1680
f 1681 1682 1683
f 1681 1683 1684
f 1685 1686 1687
f 1685 1687 1688
f 1689 1690 1691
f 1692 1693 1694
f 1695 1696 1697
f 1695 1697 1698
f 1699 1700 1701
f 1699 1701 1702
f 1703 1704 1705
f 1706 1707 1708
f 1709 1710 1711
f 1709 1711 1712
f 1713 1714 1715
f 1713 1715 1716
f 1717 1718 1719
f 1717 1719 1720
f 1721 1722 1723
f 1721 1723 1724
f 1725 1726 1727
f 1725 1727 1728
f 1729 1730 1731
f 1729 1731 1732
f 1733 1734 1735
f 1735 1734 1736
f 1735 1736 1737
f 1737 1738 1735
f 1735 1738 1739
f 1735 1739 1740
f 1741 1742 1743
f 1735 1744 1733
f 1733 1744 1745
f 1746 1747 1748
f 1749 1750 1740
f 1740 1751 1752
f 1740 1753 1735
f 1754 1755 1733
f 1733 1755 1756
f 1746 1756 1757
f 1758 1759 1756
f 1756 1759 1760
f 1756 1760 1757
f 1761 1762 1763
f 1764 1765 1766
f 1764 1766 1767
f 1740 1766 1768
f 1740 1768 1749
f 1769 1770 1771
f 1769 1771 1772
f 1773 1774 1775
f 1773 1775 1776
f 1777 1778 1779
f 1777 1779 1780
f 1781 1782 1783
f 1781 1783 1784
f 1785 1786 1787
f 1785 1787 1788
f 1789 1790 1791
f 1789 1791 1792
f 1793 1794 1795
f 1796 1797 1798
f 1799 1800 1801
f 1799 1801 1802
f 1803 1804 1805
f 1803 1805 1806
f 1807 1808 1809
f 1807 1809 1810
f 1811 1812 1813
f 1811 1813 1814
f 1815 1816 1817
f 1815 1817 1818
f 1819 1820 1821
f 1819 1821 1822
f 1823 1824 1825
f 1826 1827 1825
f 1825 1827 1828
f 1825 1828 1823
f 1829 1830 1831
f 1832 1833 1834
f 1835 1836 1837
f 1838 1839 1840
f 1841 1842 1842
f 1843 1844 1845
f 1846 1847 1848
f 1849 1850 1851
f 1852 1853 1852
f 1854 1855 1856
f 1857 1858 1859
f 1860 1861 1862
f 1860 1862 1863
f 1864 1865 1866
f 1864 1866 1867
f 1868 1869 1870
f 1868 1870 1871
f 1872 1873 1874
f 1872 1874 1875
f 1876 1877 1878
f 1876 1878 1879
f 1880 1881 1882
f 1880 1882 1883
f 1884 1885 1886
f 1884 1886 1887
f 1888 1889 1890
f 1888 1890 1891
f 1892 1893 1894
f 1892 1894 1895
f 1896 1897 1898
f 1896 1898 1899
f 1900 1901 1902
f 1900 1902 1903
f 1904 1905 1906
f 1904 1906 1907
f 1908 1909 1910
f 1911 1912 1913
f 1913 1912 1914
f 1913 1914 1915
f 1916 1917 1918
f 1919 1920 1921
f 1916 1918 1922
f 1917 1923 1918
f 1918 1923 1919
f 1918 1919 1924
f 1921 1925 1919
f 1919 1925 1926
f 1919 1926 1924
f 1911 1913 1918
f 1918 1913 1927
f 1918 1927 1922
f 1928 1929 1930
f 1931 1932 1933
f 1928 1930 1933
f 1933 1930 1934
f 1933 1934 1931
f 1935 1932 1936
f 1935 1937 1932
f 1932 1937 1938
f 1932 1938 1933
f 1936 1939 1935
f 1935 1939 1940
f 1935 1941 1942
f 1942 1943 1935
f 1935 1943 1944
f 1945 1946 1947
f 1948 1949 1950
f 1951 1952 1953
f 1954 1955 1956
f 1957 1958 1959
f 1960 1961 1961
f 1962 1963 1964
f 1965 1966 1967
f 1968 1969 1970
f 1971 1972 1971
f 1973 1974 1975
f 1976 1977 1978
f 1979 1980 1981
f 1979 1981 1982
f 1983 1984 1985
f 1983 1985 1986
f 1987 1988 1989
f 1987 1989 1990
f 1991 1992 1993
f 1991 1993 1994
f 1995 1996 1997
f 1995 1997 1998
f 1999 2000 2001
f 1999 2001 2002
f 2003 2004 2005
f 2003 2005 2006
f 2007 2008 2009
f 2007 2009 2010
f 2011 2012 2013
f 2011 2013 2014
f 2015 2016 2017
f 2015 2017 2018
f 2019 2020 2021
f 2019 2021 2022
f 2023 2024 2025
f 2023 2025 2026
f 2027 2028 2029
f 2030 2031 2032
f 2033 2034 2032
f 2032 2034 2035
f 2032 2035 2030
f 2036 2037 2036
f 2036 2037 2037
f 2038 2039 2040
f 2040 2039 2041
f 2037 2042 2036
f 2036 2042 2040
f 2036 2040 2043
f 2043 2040 2041
f 2044 2045 2046
f 2046 2045 2047
f 2048 2048 2049
f 2050 2051 2052
f 2053 2054 2055
f 2056 2057 2058
f 2059 2060 2061
f 2062 2063 2064
f 2065 2066 2067
f 2068 2069 2070
f 2071 2072 2073
f 2074 2075 2076
f 2077 2078 2079
f 2080 2081 2082
f 2083 2084 2085
f 2086 2087 2088
f 2089 2090 2091
f 2092 2093 2094
f 2095 2096 2097
f 2098 2099 2100
f 2101 2102 2103
f 2104 2105 2106
f 2107 2108 2109
f 2110 2111 2112
f 2113 2114 2115
f 2116 2117 2118
f 2119 2120 2121
f 2122 2123 2124
f 2125 2126 2127
f 2128 2129 2130
f 2131 2132 2133
f 2134 2135 2135
f 2136 2137 2138
f 2139 2140 2141
f 2142 2143 2144
f 2145 2146 2147
f 2148 2149 2150
f 2151 2152 2153
f 2154 2155 2156
f 2154 2156 2157
f 2158 2159 2160
f 2160 2159 2161
f 2162 2162 2163
f 2164 2165 2166
f 2167 2168 2169
f 2170 2171 2172
f 2173 2174 2175
f 2176 2177 2178
f 2179 2180 2181
f 2182 2183 2184
f 2185 2186 2187
f 2188 2189 2190
f 2191 2192 2193
f 2194 2195 2196
f 2197 2198 2199
f 2200 2201 2202
f 2203 2204 2205
f 2206 2207 2208
f 2209 2210 2211
f 2212 2213 2214
f 2215 2216 2217
f 2218 2219 2220
f 2221 2222 2223
f 2224 2225 2226
f 2227 2228 2229
f 2230 2231 2232
f 2233 2234 2235
f 2236 2237 2238
f 2239 2240 2241
f 2242 2243 2244
f 2245 2246 2247
f 2248 2249 2249
f 2250 2251 2252
f 2253 2254 2255
f 2256 2257 2257
f 2258 2259 2260
f 2261 2262 2263
f 2264 2265 2264
f 2266 2267 2268
f 2266 2268 2269
f 2270 2271 2272
f 2272 2271 2273
f 2272 2273 2274
f 2274 2273 2275
f 2274 2275 2276
f 2277 2278 2279
f 2279 2278 2280
f 2279 2280 2270
f 2270 2280 2281
f 2270 2281 2271
f 2275 2282 2276
f 2276 2282 2283
f 2276 2283 2284
f 2284 2283 2285
f 2284 2285 2286
f 2286 2285 2287
f 2286 2287 2288
f 2289 2290 2291
f 2291 2290 2292
f 2291 2292 2293
f 2293 2292 2294
f 2293 2294 2295
f 2287 2296 2288
f 2288 2296 2297
f 2288 2297 2298
f 2298 2297 2299
f 2298 2299 2289
f 2289 2299 2300
f 2289 2300 2290
f 2301 2302 2303
f 2303 2302 2304
f 2303 2304 2305
f 2305 2304 2306
f 2305 2306 2277
f 2277 2306 2307
f 2277 2307 2278
f 2308 2309 2310
f 2310 2309 2311
f 2310 2311 2301
f 2301 2311 2312
f 2301 2312 2302
f 2294 2313 2295
f 2295 2313 2314
f 2295 2314 2315
f 2315 2314 2316
f 2315 2316 2317
f 2316 2318 2317
f 2317 2318 2319
f 2317 2319 2320
f 2320 2319 2321
f 2320 2321 2322
f 2322 2321 2323
f 2322 2323 2324
f 2323 2325 2324
f 2324 2325 2326
f 2324 2326 2327
f 2327 2326 2328
f 2327 2328 2329
f 2329 2328 2330
f 2329 2330 2308
f 2308 2330 2331
f 2308 2331 2309
f 2332 2333 2334
f 2332 2334 2335
f 2336 2337 2338
f 2336 2338 2339
f 2340 2341 2342
f 2340 2342 2343
f 2344 2345 2346
f 2344 2346 2347
f 2348 2349 2350
f 2348 2350 2351
f 2352 2353 2354
f 2352 2354 2355
f 2356 2357 2358
f 2356 2358 2359
f 2360 2361 2362
f 2360 2362 2363
f 2364 2365 2366
f 2364 2366 2367
f 2368 2369 2370
f 2368 2370 2371
f 2372 2373 2374
f 2372 2374 2375
f 2376 2377 2378
f 2376 2378 2379
f 2380 2381 2382
f 2380 2382 2383
f 2384 2385 2386
f 2386 2385 2387
f 2388 2389 2390
f 2387 2391 2386
f 2386 2391 2392
f 2386 2392 2393
f 2384 2386 2390
f 2390 2386 2394
f 2390 2394 2388
f 2395 2396 2397
f 2397 2396 2398
f 2397 2398 2399
f 2389 2400 2390
f 2390 2400 2401
f 2390 2401 2402
f 2403 2404 2405
f 2406 2407 2408
f 2402 2409 2390
f 2390 2409 2407
f 2390 2407 2410
f 2411 2404 2403
f 2393 2412 2386
f 2386 2412 2413
f 2386 2414 2415
f 2416 2417 2418
f 2416 2418 2419
f 2420 2421 2422
f 2420 2422 2423
f 2424 2425 2426
f 2424 2426 2427
f 2428 2429 2430
f 2428 2430 2431
f 2432 2433 2434
f 2432 2434 2435
f 2436 2437 2438
f 2436 2438 2439
f 2440 2441 2442
f 2440 2442 2443
f 2444 2445 2446
f 2444 2446 2447
f 2448 2449 2450
f 2448 2450 2451
f 2452 2453 2454
f 2452 2454 2455
f 2456 2457 2458
f 2456 2458 2459
f 2460 2461 2462
f 2460 2462 2463
f 2464 2465 2466
f 2464 2466 2467
f 2468 2469 2470
f 2470 2469 2471
f 2472 2473 2474
f 2474 2473 2475
f 2476 2477 2478
f 2478 2477 2479
f 2480 2481 2482
f 2482 2481 2483
f 2484 2485 2486
f 2486 2485 2487
f 2488 2489 2490
f 2490 2489 2491
f 2492 2493 2494
f 2494 2493 2495
f 2496 2497 2498
f 2498 2497 2499
f 2500 2501 2502
f 2502 2501 2503
f 2504 2505 2506
f 2506 2505 2507
f 2508 2509 2510
f 2510 2509 2511
f 2512 2513 2514
f 2514 2513 2515
f 2516 2517 2518
f 2519 2520 2521
f 2522 2523 2524
f 2525 2526 2527
f 2528 2529 2530
f 2531 2532 2533
f 2534 2535 2536
f 2537 2538 2539
f 2540 2541 2542
f 2543 2544 2545
f 2546 2547 2548
f 2549 2550 2551
f 2552 2553 2554
f 2555 2556 2557
f 2558 2559 2560
f 2561 2562 2563
f 2564 2565 2566
f 2567 2568 2569
f 2570 2571 2572
f 2572 2571 2573
f 2574 2575 2576
f 2577 2578 2579
f 2580 2581 2582
f 2583 2584 2585
f 2586 2587 2588
f 2589 2590 2591
f 2592 2593 2594
f 2595 2596 2597
f 2598 2599 2600
f 2601 2602 2603
f 2604 2605 2606
f 2606 2605 2607
f 2608 2609 2610
f 2610 2609 2611
f 2612 2613 2614
f 2614 2613 2615
f 2616 2617 2618
f 2619 2620 2621
f 2622 2623 2624
f 2625 2626 2627
f 2628 2629 2630
f 2631 2632 2633
f 2634 2635 2636
f 2637 2638 2639
f 2640 2641 2642
f 2643 2644 2645
f 2646 2647 2648
f 2649 2650 2651
f 2652 2653 2654
f 2652 2654 2655
f 2656 2657 2658
f 2659 2660 2658
f 2658 2660 2661
f 2658 2661 2662
f 2663 2662 2664
f 2664 2662 2665
f 2666 2667 2668
f 2669 2670 2658
f 2658 2670 2671
f 2658 2671 2656
f 2672 2673 2674
f 2675 2676 2665
f 2665 2676 2677
f 2665 2677 2664
f 2664 2677 2678
f 2664 2678 2679
f 2674 2680 2672
f 2672 2680 2681
f 2672 2681 2682
f 2682 2681 2683
f 2682 2683 2684
f 2684 2683 2685
f 2684 2685 2686
f 2686 2685 2687
f 2687 2685 2688
f 2687 2688 2665
f 2665 2688 2689
f 2665 2689 2675
f 2679 2690 2664
f 2664 2690 2673
f 2664 2673 2691
f 2691 2673 2672
f 2669 2658 2692
f 2692 2658 2662
f 2692 2662 2693
f 2693 2662 2694
f 2693 2694 2695
f 2696 2663 2697
f 2697 2663 2668
f 2697 2668 2698
f 2698 2668 2667
f 2696 2699 2663
f 2663 2699 2700
f 2663 2700 2662
f 2662 2700 2701
f 2662 2701 2694
f 2668 2702 2666
f 2666 2702 2703
f 2666 2703 2704
f 2704 2703 2705
f 2704 2705 2706
f 2706 2705 2707
f 2706 2707 2708
f 2708 2707 2693
f 2708 2693 2709
f 2709 2693 2695
f 2710 2711 2712
f 2713 2714 2715
f 2716 2717 2718
f 2719 2720 2721
f 2722 2723 2723
f 2724 2725 2726
f 2727 2728 2729
f 2730 2731 2731
f 2732 2733 2734
f 2735 2736 2737
f 2738 2739 2739
f 2740 2741 2742
f 2743 2744 2745
f 2746 2747 2748
f 2749 2750 2750
f 2751 2752 2753
f 2754 2755 2756
f 2757 2758 2759
f 2760 2761 2762
f 2763 2764 2765
f 2766 2767 2767
f 2768 2769 2770
f 2770 2769 2771
f 2770 2771 2772
f 2772 2771 2773
f 2772 2773 2774
f 2774 2773 2775
f 2774 2775 2776
f 2776 2775 2777
f 2776 2777 2778
f 2778 2777 2779
f 2778 2779 2780
f 2780 2779 2781
f 2780 2781 2782
f 2782 2781 2783
f 2782 2783 2784
f 2784 2783 2785
f 2784 2785 2786
f 2786 2785 2787
f 2786 2787 2788
f 2788 2787 2789
f 2788 2789 2790
f 2790 2789 2791
f 2790 2791 2792
f 2792 2791 2793
f 2792 2793 2794
f 2794 2793 2768
f 2794 2768 2770
f 2795 2796 2797
f 2797 2796 2798
f 2799 2800 2801
f 2801 2800 2802
f 2803 2804 2805
f 2805 2804 2806
f 2807 2808 2809
f 2809 2808 2810
f 2811 2812 2813
f 2813 2812 2814
f 2815 2816 2817
f 2817 2816 2818
f 2819 2820 2821
f 2821 2820 2822
f 2823 2824 2825
f 2825 2824 2826
f 2827 2828 2829
f 2829 2828 2830
f 2831 2832 2833
f 2833 2832 2834
f 2835 2836 2837
f 2837 2836 2838
f 2839 2840 2841
f 2841 2840 2842
f 2843 2844 2845
f 2845 2844 2846
f 2847 2848 2849
f 2850 2851 2852
f 2853 2854 2855
f 2855 2856 2853
f 2853 2856 2857
f 2853 2857 2858
f 2858 2857 2849
f 2858 2849 2859
f 2859 2849 2848
f 2849 2860 2847
f 2847 2860 2861
f 2847 2861 2862
f 2862 2861 2852
f 2863 2864 2865
f 2866 2867 2868
f 2869 2870 2871
f 2872 2873 2874
f 2874 2873 2875
f 2874 2875 2876
f 2876 2875 2877
f 2876 2877 2878
f 2851 2879 2852
f 2852 2879 2880
f 2852 2880 2862
f 2862 2880 2881
f 2852 2882 2850
f 2850 2882 2883
f 2850 2883 2884
f 2884 2883 2885
f 2884 2885 2886
f 2886 2885 2887
f 2886 2887 2888
f 2888 2887 2889
f 2872 2890 2873
f 2873 2890 2891
f 2873 2891 2871
f 2871 2891 2892
f 2871 2892 2893
f 2867 2894 2868
f 2868 2894 2895
f 2868 2895 2896
f 2896 2895 2897
f 2896 2897 2898
f 2898 2897 2878
f 2898 2878 2899
f 2899 2878 2877
f 2881 2863 2862
f 2862 2863 2865
f 2862 2865 2868
f 2868 2865 2871
f 2868 2871 2866
f 2866 2871 2870
f 2893 2900 2871
f 2871 2900 2901
f 2871 2901 2869
f 2864 2902 2865
f 2865 2902 2903
f 2865 2903 2889
f 2889 2903 2904
f 2889 2904 2888
f 2905 2906 2907
f 2907 2908 2905
f 2909 2910 2911
f 2909 2911 2912
f 2913 2914 2915
f 2913 2915 2916
f 2917 2918 2919
f 2917 2919 2920
f 2921 2922 2923
f 2921 2923 2924
f 2925 2926 2927
f 2928 2929 2930
f 2930 2929 2931
f 2932 2933 2934
f 2935 2936 2937
f 2938 2939 2940
f 2941 2942 2943
f 2944 2945 2946
f 2947 2948 2949
f 2950 2951 2952
f 2953 2954 2955
f 2956 2957 2958
f 2959 2960 2961
f 2962 2963 2964
f 2965 2966 2967
f 2967 2966 2968
f 2967 2968 2969
f 2970 2971 2972
f 2973 2974 2975
f 2976 2977 2978
f 2968 2979 2969
f 2969 2979 2980
f 2969 2980 2981
f 2981 2980 2982
f 2981 2982 2983
f 2983 2982 2984
f 2973 2975 2985
f 2977 2986 2978
f 2978 2986 2987
f 2978 2987 2984
f 2984 2987 2988
f 2984 2988 2983
f 2977 2989 2986
f 2986 2989 2990
f 2986 2990 2991
f 2991 2990 2992
f 2991 2992 2993
f 2993 2992 2994
f 2971 2985 2972
f 2972 2985 2975
f 2972 2975 2978
f 2978 2975 2964
f 2978 2964 2976
f 2976 2964 2963
f 2995 2996 2997
f 2997 2996 2998
f 2997 2998 2964
f 2964 2998 2999
f 2964 2999 2962
f 2974 3000 2975
f 2975 3000 3001
f 2975 3001 3002
f 2995 2997 3003
f 3003 2997 3004
f 3003 3004 2994
f 2994 3004 3005
f 2994 3005 2993
f 2970 2972 3006
f 3006 2972 3007
f 3006 3007 3008
f 3007 3009 3008
f 3008 3009 3010
f 3008 3010 3011
f 3011 3010 3012
f 3011 3012 3013
f 3013 3012 3014
f 3013 3014 3015
f 3015 3014 3002
f 3015 3002 3016
f 3016 3002 3001
f 3017 3018 3019
f 3020 3021 3022
f 3022 3021 3023
f 3022 3023 3024
f 3024 3023 3025
f 3024 3025 3026
f 3026 3025 3027
f 3025 3028 3029
f 3017 3030 3031
f 3032 3033 3034
f 3034 3033 3021
f 3034 3021 3035
f 3035 3021 3020
f 3019 3036 3017
f 3017 3036 3037
f 3017 3037 3038
f 3038 3037 3039
f 3038 3039 3040
f 3040 3039 3041
f 3033 3042 3021
f 3021 3042 3043
f 3021 3043 3044
f 3044 3043 3045
f 3029 3046 3025
f 3025 3046 3047
f 3025 3047 3027
f 3027 3047 3048
f 3027 3048 3049
f 3031 3050 3017
f 3017 3050 3051
f 3017 3051 3018
f 3018 3051 3052
f 3018 3052 3028
f 3028 3052 3053
f 3028 3053 3029
f 3054 3055 3056
f 3056 3055 3057
f 3056 3057 3058
f 3059 3060 3041
f 3041 3060 3061
f 3041 3061 3040
f 3057 3062 3058
f 3058 3062 3063
f 3058 3063 3064
f 3064 3063 3065
f 3064 3065 3059
f 3059 3065 3066
f 3059 3066 3060
f 3043 3067 3045
f 3045 3067 3068
f 3045 3068 3069
f 3069 3068 3070
f 3069 3070 3054
f 3054 3070 3071
f 3054 3071 3055
f 3072 3073 3074
f 3072 3074 3075
f 3076 3077 3078
f 3076 3078 3079
f 3080 3081 3082
f 3080 3082 3083
f 3084 3085 3086
f 3084 3086 3087
f 3088 3089 3090
f 3088 3090 3091
f 3092 3093 3094
f 3092 3094 3095
f 3096 3097 3098
f 3096 3098 3099
f 3100 3101 3102
f 3100 3102 3103
f 3104 3105 3106
f 3104 3106 3107
f 3108 3109 3110
f 3111 3110 3112
f 3113 3114 3111
f 3111 3114 3115
f 3111 3116 3117
f 3113 3111 3118
f 3118 3111 3112
f 3118 3112 3119
f 3110 3111 3108
f 3108 3111 3117
f 3108 3117 3120
f 3121 3122 3123
f 3115 3124 3111
f 3111 3124 3121
f 3111 3121 3125
f 3125 3121 3123
f 3126 3127 3128
f 3129 3130 3131
f 3132 3133 3134
f 3135 3136 3137
f 3138 3139 3140
f 3141 3142 3143
f 3144 3145 3146
f 3147 3148 3149
f 3149 3148 3150
f 3151 3152 3153
f 3153 3152 3154
f 3155 3156 3157
f 3157 3156 3158
f 3159 3160 3161
f 3162 3163 3164
f 3165 3166 3167
f 3168 3169 3170
f 3171 3172 3173
f 3173 3172 3174
f 3173 3174 3175
f 3175 3176 3173
f 3173 3176 3177
f 3173 3177 3178
f 3179 3180 3181
f 3182 3173 3183
f 3183 3173 3184
f 3185 3186 3187
f 3187 3186 3171
f 3187 3171 3188
f 3188 3171 3173
f 3188 3173 3189
f 3189 3173 3182
f 3190 3191 3192
f 3193 3194 3195
f 3195 3194 3196
f 3195 3196 3197
f 3197 3196 3198
f 3197 3198 3199
f 3199 3198 3200
f 3201 3202 3203
f 3203 3202 3204
f 3203 3204 3205
f 3205 3204 3206
f 3205 3206 3200
f 3200 3206 3207
f 3200 3207 3199
f 3201 3208 3202
f 3202 3208 3209
f 3202 3209 3190
f 3190 3209 3210
f 3190 3210 3191
f 3181 3211 3179
f 3179 3211 3212
f 3179 3212 3213
f 3174 3180 3175
f 3175 3180 3179
f 3175 3179 3195
f 3195 3179 3190
f 3195 3190 3193
f 3193 3190 3192
f 3212 3214 3213
f 3213 3214 3215
f 3213 3215 3216
f 3216 3215 3217
f 3216 3217 3218
f 3218 3217 3219
f 3218 3219 3220
f 3220 3219 3185
f 3220 3185 3221
f 3221 3185 3187
f 3222 3223 3224
f 3224 3223 3225
f 3224 3225 3226
f 3226 3225 3227
f 3226 3227 3228
f 3228 3227 3229
f 3228 3229 3230
f 3230 3229 3231
f 3230 3231 3232
f 3232 3231 3233
f 3232 3233 3234
f 3234 3233 3235
f 3234 3235 3236
f 3236 3235 3237
f 3236 3237 3238
f 3238 3237 3239
f 3238 3239 3240
f 3240 3239 3241
f 3240 3241 3242
f 3242 3241 3243
f 3242 3243 3244
f 3244 3243 3245
f 3244 3245 3222
f 3222 3245 3246
f 3222 3246 3223
f 3247 3248 3249
f 3249 3248 3250
f 3251 3252 3253
f 3253 3252 3254
f 3255 3256 3257
f 3257 3256 3258
f 3259 3260 3261
f 3261 3260 3262
f 3263 3264 3265
f 3265 3264 3266
f 3267 3268 3269
f 3269 3268 3270
f 3271 3272 3273
f 3273 3272 3274
f 3275 3276 3277
f 3278 3279 3280
f 3281 3282 3283
f 3284 3285 3286
f 3287 3288 3289
f 3290 3291 3292
f 3293 3294 3295
f 3296 3297 3298
f 3299 3300 3301
f 3302 3303 3304
f 3305 3306 3307
f 3305 3307 3308
f 3309 3310 3311
f 3309 3311 3312
f 3313 3314 3315
f 3313 3315 3316
f 3317 3318 3319
f 3317 3319 3320
f 3321 3322 3323
f 3321 3323 3324
f 3325 3326 3327
f 3325 3327 3328
f 3329 3330 3331
f 3331 3330 3332
f 3333 3334 3335
f 3335 3334 3336
f 3337 3338 3339
f 3339 3338 3340
f 3341 3342 3343
f 3343 3342 3344
f 3345 3346 3347
f 3347 3346 3348
f 3349 3350 3351
f 3351 3350 3352
f 3353 3354 3355
f 3355 3354 3356
f 3357 3358 3353
f 3353 3358 3359
f 3353 3359 3360
f 3361 3362 3363
f 3363 3362 3364
f 3363 3364 3365
f 3366 3367 3356
f 3355 3368 3363
f 3363 3368 3369
f 3363 3369 3361
f 3363 3370 3371
f 3367 3372 3356
f 3356 3372 3373
f 3356 3373 3374
f 3375 3355 3376
f 3376 3355 3356
f 3376 3356 3377
f 3377 3356 3374
f 3371 3378 3363
f 3363 3378 3379
f 3363 3379 3355
f 3380 3381 3382
f 3379 3383 3355
f 3355 3383 3384
f 3355 3384 3385
f 3386 3387 3356
f 3356 3387 3388
f 3356 3388 3366
f 3385 3389 3355
f 3355 3389 3390
f 3355 3390 3353
f 3353 3390 3391
f 3353 3391 3357
f 3386 3356 3382
f 3382 3356 3392
f 3382 3392 3380
f 3381 3393 3382
f 3382 3393 3394
f 3382 3394 3395
f 3396 3397 3398
f 3398 3397 3399
f 3400 3401 3402
f 3402 3401 3403
f 3404 3405 3406
f 3406 3405 3407
f 3408 3409 3410
f 3408 3410 3411
f 3412 3413 3414
f 3412 3414 3415
f 3416 3417 3418
f 3416 3418 3419
f 3420 3421 3422
f 3420 3422 3423
f 3424 3425 3426
f 3426 3425 3427
f 3428 3429 3430
f 3430 3429 3431
f 3432 3433 3434
f 3434 3433 3435
f 3436 3437 3438
f 3436 3438 3439
f 3440 3441 3442
f 3440 3442 3443
f 3444 3445 3446
f 3444 3446 3447
f 3448 3449 3450
f 3448 3450 3451
f 3452 3453 3454
f 3452 3454 3455
f 3456 3457 3458
f 3456 3458 3459
f 3460 3461 3462
f 3460 3462 3463
f 3464 3465 3466
f 3464 3466 3467
f 3468 3469 3470
f 3468 3470 3471
f 3472 3473 3474
f 3472 3474 3475
f 3476 3477 3478
f 3478 3477 3479
f 3480 3481 3482
f 3482 3481 3483
f 3484 3485 3486
f 3486 3485 3487
f 3488 3489 3490
f 3490 3489 3491
f 3492 3493 3494
f 3495 3496 3497
f 3498 3499 3500
f 3501 3502 3503
f 3504 3505 3506
f 3507 3508 3509
f 3510 3511 3512
f 3513 3514 3515
f 3516 3517 3518
f 3519 3520 3521
f 3522 3523 3524
f 3525 3526 3527
f 3528 3529 3530
f 3531 3532 3533
f 3534 3535 3536
f 3537 3538 3539
f 3540 3541 3542
f 3543 3544 3545
f 3546 3547 3548
f 3549 3550 3551
f 3552 3553 3554
f 3555 3556 3557
f 3558 3559 3560
f 3561 3562 3563
f 3561 3563 3564
f 3565 3566 3567
f 3565 3567 3568
f 3569 3570 3571
f 3569 3571 3572
f 3573 3574 3575
f 3573 3575 3576
f 3577 3578 3579
f 3577 3579 3580
f 3581 3582 3583
f 3581 3583 3584
f 3585 3586 3587
f 3588 3589 3590
f 3591 3592 3593
f 3594 3595 3596
f 3597 3598 3599
f 3600 3601 3602
f 3603 3604 3605
f 3606 3607 3608
f 3609 3610 3611
f 3612 3613 3614
f 3615 3616 3617
f 3618 3619 3620
f 3621 3622 3623
f 3624 3625 3626
f 3627 3628 3629
f 3630 3631 3632
f 3633 3634 3635
f 3636 3637 3638
f 3639 3640 3641
f 3642 3643 3642
f 3644 3645 3646
f 3647 3648 3649
f 3650 3651 3652
f 3653 3654 3655
f 3656 3657 3658
f 3659 3660 3661
f 3662 3663 3662
f 3664 3665 3666
f 3667 3668 3669
f 3670 3671 3672
f 3673 3674 3675
f 3676 3677 3678
f 3679 3680 3681
f 3682 3683 3684
f 3685 3686 3686
f 3687 3688 3689
f 3690 3691 3692
f 3693 3694 3694
f 3695 3696 3697
f 3698 3699 3700
f 3701 3702 3703
f 3704 3705 3706
f 3707 3708 3709
f 3710 3711 3712
f 3713 3714 3715
f 3716 3717 3716
f 3718 3719 3720
f 3721 3722 3723
f 3724 3725 3726
f 3727 3728 3729
f 3730 3731 3731
f 3732 3733 3734
f 3735 3736 3737
f 3738 3739 3740
f 3741 3741 3742
f 3743 3744 3745
f 3746 3747 3748
f 3749 3750 3750
f 3751 3752 3753
f 3754 3755 3756
f 3756 3755 3757
f 3758 3759 3760
f 3760 3759 3761
f 3762 3763 3764
f 3764 3763 3765
f 3766 3767 3768
f 3768 3767 3769
f 3770 3771 3772
f 3772 3771 3773
f 3774 3775 3776
f 3776 3775 3777
f 3778 3779 3780
f 3780 3779 3781
f 3782 3783 3784
f 3784 3783 3785
f 3786 3787 3788
f 3788 3787 3789
f 3790 3791 3792
f 3792 3791 3793
f 3794 3795 3796
f 3796 3795 3797
f 3798 3799 3800
f 3800 3799 3801
f 3802 3803 3804
f 3804 3803 3805
f 3806 3807 3808
f 3809 3810 3811
f 3812 3813 3814
f 3814 3813 3815
f 3816 3817 3818
f 3818 3817 3819
f 3820 3821 3822
f 3822 3821 3823
f 3824 3825 3826
f 3826 3825 3827
f 3828 3829 3830
f 3831 3832 3833
f 3834 3835 3836
f 3837 3838 3839
f 3840 3841 3842
f 3840 3842 3843
f 3844 3845 3846
f 3844 3846 3847
f 3848 3849 3850
f 3848 3850 3851
f 3852 3853 3854
f 3852 3854 3855
f 3856 3857 3858
f 3858 3857 3859
f 3860 3861 3862
f 3862 3861 3863
f 3864 3865 3866
f 3866 3865 3867
f 3868 3869 3870
f 3870 3869 3871
f 3872 3873 3874
f 3874 3873 3875
f 3876 3877 3878
f 3878 3877 3879
f 3880 3881 3882
f 3882 3881 3883
f 3884 3885 3886
f 3886 3885 3887
f 3888 3889 3890
f 3890 3889 3891
f 3892 3893 3894
f 3894 3893 3895
f 3896 3897 3898
f 3898 3897 3899
f 3900 3901 3902
f 3902 3901 3903
f 3904 3905 3906
f 3906 3905 3907
f 3908 3909 3910
f 3908 3910 3911
f 3912 3913 3914
f 3912 3914 3915
f 3916 3917 3918
f 3916 3918 3919
f 3920 3921 3922
f 3920 3922 3923
f 3924 3925 3926
f 3924 3926 3927
f 3928 3929 3930
f 3928 3930 3931
f 3932 3933 3934
f 3932 3934 3935
f 3936 3937 3938
f 3936 3938 3939
f 3940 3941 3942
f 3940 3942 3943
f 3944 3945 3946
f 3947 3948 3949
f 3950 3951 3952
f 3953 3954 3955
f 3956 3957 3958
f 3959 3960 3961
f 3962 3963 3964
f 3965 3966 3966
f 3967 3968 3969
f 3970 3971 3972
f 3973 3973 3974
f 3975 3976 3977
f 3978 3979 3980
f 3981 3982 3983
f 3984 3985 3986
f 3987 3988 3989
f 3990 3991 3992
f 3993 3994 3994
f 3995 3996 3997
f 3998 3999 4000
f 4001 4002 4003
