v 0.0037122757639735946 2.2744861780665815e-05 0.0015003412263467908
v 0.0037122759968042382 -0.00014068509335629642 0.0014933876227587461
v 0.0037122759968042382 9.82720812316984e-05 0.0014967770548537374
v 0.0037122759968042382 0.0006392711075022817 0.0013569580623880029
v 0.003712276229634882 0.0007227104506455362 0.0013144161785021424
v 0.0037122759968042382 0.0006843550363555551 0.0013376347487792373
v 0.0037122759968042382 0.0008033341146074235 0.0012667493429034948
v 0.003712276229634882 0.0008530758786946535 0.0012374809011816978
v 0.0037122757639735946 0.0009548854432068765 0.0011568039190024137
v 0.0037122759968042382 0.001007281243801117 0.0011161615839228034
v 0.003712276229634882 0.0010915593011304736 0.0010288353078067303
v 0.003712276229634882 0.0011443332768976688 0.0009757527150213718
v 0.0037122759968042382 0.0012112220283597708 0.0008848370634950697
v 0.0037122757639735946 0.001261889236047864 0.0008186558843590319
v 0.0037122759968042382 0.0013120184885337949 0.000727055303286761
v 0.003712276229634882 0.0013579289661720395 0.0006475583068095148
v 0.0037122759968042382 0.001366197713650763 0.0006192746222950518
v 0.0037122757639735946 0.001411542878486216 0.0005074885557405651
v 0.0037122759968042382 0.0014308185782283545 0.00046538980677723885
v 0.0037122757639735946 0.0014477599179372191 0.0003924212069250643
v 0.0037122759968042382 0.001479302765801549 0.00027526632766239345
v 0.0037122757639735946 0.0014746116939932108 0.0002748155384324491
v 0.003712276229634882 0.0015001836000010371 -0.00011575495591387153
v 0.0037122759968042382 0.0014858361100777984 -0.0002056596422335133
v 0.0037122757639735946 0.0014722237829118967 -0.0003099616733379662
v 0.003712276229634882 0.001448638504371047 -0.00038915860932320356
v 0.003712276229634882 0.0014191485242918134 -0.0004988572327420115
v 0.0037122759968042382 0.0013888757675886154 -0.0005665935459546745
v 0.0037122759968042382 0.0013418751768767834 -0.0006792097701691091
v 0.0037122759968042382 0.0013074695598334074 -0.0007352016982622445
v 0.003712276229634882 0.001241723308339715 -0.0008479321841150522
v 0.0037122757639735946 0.0012056960258632898 -0.0008923550485633314
v 0.0037122759968042382 0.0011204060865566134 -0.001002138014882803
v 0.003712276229634882 0.001085137715563178 -0.0010356053244322538
v 0.0037122757639735946 0.0009799943072721362 -0.0011391912121325731
v 0.003712276229634882 0.0009476717677898705 -0.001162721193395555
v 0.0037122757639735946 0.0008228998631238937 -0.0012567428639158607
v 0.0037122759968042382 0.000795441388618201 -0.0012717212084680796
v 0.003712276229634882 0.0006518032168969512 -0.0013527852715924382
v 0.0037122759968042382 0.0006308172596618533 -0.0013609082670882344
v 0.0037122759968042382 0.00046963419299572706 -0.0014256724389269948
v 0.0037122757639735946 0.00039404514245688915 -0.0014473176561295986
v 0.003712276229634882 0.00037536455783993006 -0.0014530272455886006
v 0.0037122759968042382 0.0003328471793793142 -0.0014626049669459462
v 0.0037122759968042382 0.00032761020702309906 -0.0014643768081441522
v 0.0037122759968042382 0.00030201851041056216 -0.00146928068716079
v 0.0037122759968042382 0.00027950695948675275 -0.0014741590712219477
v 0.0037122759968042382 0.0002710572152864188 -0.0014753056457266212
v 0.0037122759968042382 0.000146151811350137 -0.0014928624732419848
v 0.0037122759968042382 0.00010449833644088358 0.0014971245545893908
v 0.0037122759968042382 0.000191492959856987 0.0014877264620736241
v 0.003712276229634882 0.000185955737833865 0.0014894569758325815
v 0.0037122759968042382 0.00026687473291531205 0.0014773576986044645
v 0.003712276229634882 0.00028396816924214363 0.0014728754758834839
v 0.0037122757639735946 0.00034701323602348566 0.0014608651399612427
v 0.0037122759968042382 0.00037533818976953626 0.0014522821875289083
v 0.0037122759968042382 0.00046524350182153285 0.001426025410182774
v 0.0037122757639735946 0.0005040004034526646 0.0014149073977023363
v 0.003712276229634882 0.0005954428925178945 0.0013792229583486915
v -0.006956101395189764 0.03905019909143448 -0.0003658545610960573
v -0.005956102628260853 0.0390489287674427 -0.00036597668076865375
v -0.005955949425697328 0.03908465802669525 0.0005233903648331761
v -0.006955947726964952 0.03908592090010643 0.0005235111457295716
v -0.0059553217142820376 0.03950272127985954 0.001309179817326367
v -0.006955321878194811 0.03950399160385132 0.0013093019369989634
v -0.0059543470852077025 0.04022033512592316 0.0018357601948082447
v -0.006954345386475326 0.04022160544991493 0.0018358823144808412
v -0.005953216459602119 0.041095346212387085 0.001998831983655691
v -0.006953214760869743 0.04109661653637886 0.0019989539869129658
v -0.00595215428620577 0.04195446893572807 0.0017660990124568343
v -0.006952152587473394 0.04195573925971985 0.0017662211321294308
v -0.005951370112597944 0.04262752830982208 0.0011836563935503364
v -0.006951370276510717 0.04262879863381386 0.0011837785132229328
v -0.005951021332293751 0.04298122227191925 0.00036686452222056687
v -0.006951021496206524 0.04298248514533043 0.0003669853031169623
v -0.006952775176614525 0.04181108623743057 -0.001834750291891396
v -0.006953905802220108 0.04093606397509575 -0.0019978233613073826
v -0.00695180054754019 0.04252869263291359 -0.0013081716606393456
v -0.006954969838261606 0.040076952427625656 -0.0017650894587859511
v -0.006951174698770048 0.04294676333665848 -0.0005223804037086666
v -0.006955752149224283 0.03940389305353165 -0.0011826468398794532
v -0.005951174534857275 0.0429454930126667 -0.000522502523381263
v -0.005951802246272566 0.042527422308921814 -0.001308293780311942
v -0.005952776875346901 0.0418098159134388 -0.0018348724115639925
v -0.005953907500952484 0.04093480110168457 -0.001997944200411439
v -0.005954969674348833 0.04007568210363388 -0.0017652115784585476
v -0.005955753847956659 0.03940262272953987 -0.0011827689595520496
v -0.00380069692619145 0.012409847229719162 -0.008471374399960041
v -0.005949801299721004 0.012412582524120808 -0.008471111766994
v -0.005957521963864567 0.012666944414377213 -0.008376240730285645
v -0.0037828218191862115 0.013327782042324543 -0.008085791952908039
v -0.005992958787828686 0.013577315025031567 -0.007960253395140171
v -0.0037656526546925315 0.014196733944118023 -0.0075996872037649155
v -0.006010044366121294 0.013927281834185123 -0.007765553425997496
v -0.006037914659827949 0.014425646513700485 -0.00745081901550293
v -0.003749401308596135 0.015005936846137047 -0.0070192404091358185
v -0.006091704126447441 0.015220227651298046 -0.0068433224223554134
v -0.003739813808351756 0.015476173721253872 -0.0066121662966907024
v -0.0037342605646699676 0.015745747834444046 -0.006351006217300892
v -0.006150585133582355 0.015935463830828667 -0.006156569812446833
v -0.003720448352396489 0.016405567526817322 -0.005604494828730822
v -0.0062107928097248095 0.016572413966059685 -0.0053899711929261684
v -0.0037169631104916343 0.016569212079048157 -0.005390283185988665
v -0.003805169602856041 0.012178194709122181 -0.008550196886062622
v -0.005928259808570148 0.01144810114055872 -0.008753955364227295
v -0.0038226193282753238 0.011267424561083317 -0.008793552406132221
v -0.0059177707880735415 0.010525073856115341 -0.008917276747524738
v -0.003841269528493286 0.010281862691044807 -0.008943787775933743
v -0.005916693713515999 0.01028449460864067 -0.008943537250161171
v -0.003843686310574413 0.010154248215258121 -0.008963976055383682
v -0.005909243598580362 0.010032600723206997 -0.008999388664960861
v -0.003846070263534785 0.010030101984739304 -0.00899966899305582
v -0.00588410720229149 0.009772025048732758 -0.009135833941400051
v -0.003847058629617096 0.00997915305197239 -0.009019247256219387
v -0.003852546913549305 0.009702900424599648 -0.009188210591673851
v -0.005840801168233157 0.009550982154905796 -0.009350016713142395
v -0.0038557525258511314 0.009548468515276909 -0.009350116364657879
v -0.005835798103362323 0.009533164091408253 -0.009373950771987438
v -0.0038566950242966422 0.009504668414592743 -0.00941169448196888
v -0.005773718934506179 0.00938713550567627 -0.009659769013524055
v -0.0038599211256951102 0.009365739300847054 -0.009723972529172897
v -0.005735682323575021 0.009346668608486652 -0.009827503934502602
v -0.003860532073304058 0.009344345889985561 -0.009827475994825363
v -0.005693160928785802 0.009334338828921318 -0.010008621960878372
v -0.0038612030912190684 0.009334388189017773 -0.010064361616969109
v -0.005608968902379275 0.009398292750120163 -0.010350450873374939
v -0.003860674798488618 0.009393640793859959 -0.010344292968511581
v -0.005527135450392962 0.009573608636856079 -0.010656540282070637
v -0.0038603972643613824 0.009414462372660637 -0.010397696867585182
v -0.003858049865812064 0.009568820707499981 -0.010653563775122166
v -0.005493693985044957 0.009686463512480259 -0.010773728601634502
v -0.0038561420515179643 0.00968463160097599 -0.010774309746921062
v -0.005461201537400485 0.009832562878727913 -0.010882452130317688
v -0.0038537424989044675 0.009825174696743488 -0.01087939366698265
v -0.005419810302555562 0.010148795321583748 -0.011012190952897072
v -0.003848124062642456 0.010141585022211075 -0.011011078022420406
v -0.0038418401964008817 0.010481773875653744 -0.01103424932807684
v -0.005411469843238593 0.010483723133802414 -0.011034063994884491
v -0.0037916668225079784 0.013113305903971195 -0.010450044646859169
v -0.00554062519222498 0.013115531764924526 -0.010449830442667007
v -0.005510273389518262 0.012657202780246735 -0.010601453483104706
v -0.003812093986198307 0.012050834484398365 -0.010768606327474117
v -0.005473949946463109 0.012026218697428703 -0.010774611495435238
v -0.005451702047139407 0.011576225981116295 -0.010873806662857533
v -0.0038327379152178773 0.01096462644636631 -0.010977374389767647
v -0.005809039808809758 0.01604435034096241 -0.008873898535966873
v -0.005711903795599938 0.015112120658159256 -0.009503517299890518
v -0.003755104262381793 0.014981932006776333 -0.00958020519465208
v -0.005620375275611878 0.014131481759250164 -0.010029762983322144
v -0.003774458076804877 0.013998386450111866 -0.010091377422213554
v -0.0037366221658885488 0.01590808853507042 -0.008973226882517338
v -0.0037191801238805064 0.016768356785178185 -0.008275918662548065
v -0.0059010805562138575 0.016873817890882492 -0.008182451128959656
v -0.003702956484630705 0.01755405031144619 -0.007495537865906954
v -0.005990455392748119 0.017649555578827858 -0.0073918611742556095
v -0.003688117256388069 0.018257008865475655 -0.0066397832706570625
v -0.006063666660338642 0.018260028213262558 -0.006639522034674883
v -0.006208254955708982 0.017813125625252724 -0.0050424267537891865
v -0.003693160368129612 0.017809860408306122 -0.00504281697794795
v -0.0036947804037481555 0.017719294875860214 -0.005010678432881832
v -0.006214797962456943 0.017676647752523422 -0.004997489042580128
v -0.0037006845232099303 0.017397040501236916 -0.004965273197740316
v -0.006225810386240484 0.01733510196208954 -0.004967859480530024
v -0.003702585119754077 0.0172955971211195 -0.004971609450876713
v -0.006228601559996607 0.017003029584884644 -0.005049356259405613
v -0.0036895135417580613 0.018018465489149094 -0.00515722343698144
v -0.006197577342391016 0.017988543957471848 -0.005134717561304569
v -0.003685555886477233 0.01825680024921894 -0.0053901090286672115
v -0.00617523677647114 0.018242247402668 -0.005366124678403139
v -0.003683309769257904 0.018410110846161842 -0.005685986019670963
v -0.0061488044448196905 0.018407171592116356 -0.0056673334911465645
v -0.003682933747768403 0.018445393070578575 -0.005822806619107723
v -0.006135459989309313 0.018448496237397194 -0.005822530947625637
v -0.006120660807937385 0.018466178327798843 -0.005994526203721762
v -0.003682998940348626 0.018463093787431717 -0.006014897022396326
v -0.006091086659580471 0.01841644011437893 -0.006333956494927406
v -0.0036846613511443147 0.01841008849442005 -0.006344138644635677
v -0.0037070580292493114 0.0170612595975399 -0.005025763530284166
v -0.0037119050975888976 0.016814736649394035 -0.005152261815965176
v -0.006221195682883264 0.016715914011001587 -0.005232198629528284
v -0.005073802080005408 0.007201744709163904 -0.01050270814448595
v -0.005093836691230536 0.007202737964689732 -0.01050465740263462
v -0.005024934653192759 0.007208107504993677 -0.010515552945435047
v -0.004943161271512509 0.007571948692202568 -0.011106292717158794
v -0.004946894012391568 0.007235485129058361 -0.010569210164248943
v -0.004363825079053641 0.009227653034031391 -0.012405125424265862
v -0.004371014423668385 0.008764867670834064 -0.012173404917120934
v -0.004589754156768323 0.00861180480569601 -0.012079554609954357
v -0.004377686884254218 0.008326378650963306 -0.011876563541591167
v -0.004777706693857909 0.008050245232880116 -0.011641283519566059
v -0.004383557941764594 0.007930608466267586 -0.01152478251606226
v -0.004902539309114219 0.007684529758989811 -0.011250651441514492
v -0.00438841711729765 0.007591940928250551 -0.011133409105241299
v -0.0045474544167518624 0.007469797506928444 -0.010962792672216892
v -0.005171456839889289 0.0072175320237874985 -0.010519558563828468
v -0.0053217518143355855 0.00728344963863492 -0.010532963089644909
v -0.0050999289378523835 0.007616777438670397 -0.01112157478928566
v -0.005367560777813197 0.007315528113394976 -0.010532021522521973
v -0.005411718040704728 0.007353708613663912 -0.010528088547289371
v -0.005250843707472087 0.007708875462412834 -0.01110012549906969
v -0.005476447753608228 0.007429136894643307 -0.01051495224237442
v -0.005521065555512906 0.007504508830606937 -0.01049672532826662
v -0.0053626149892807016 0.007834624499082565 -0.011041722260415554
v -0.0055678929202258596 0.007657511625438929 -0.010441743768751621
v -0.004923131316900254 0.008095771074295044 -0.011651712469756603
v -0.004716737661510707 0.008656930178403854 -0.012086889706552029
v -0.004540588706731797 0.009310150519013405 -0.012398436665534973
v -0.005405521020293237 0.007995379157364368 -0.011002975516021252
v -0.0052205072715878495 0.008427781984210014 -0.011512295342981815
v -0.005174561869353057 0.008279096335172653 -0.011557882651686668
v -0.004983430728316308 0.00895123090595007 -0.011972086504101753
v -0.004945753142237664 0.008802466094493866 -0.012000813148915768
v -0.004718907643109561 0.009433778934180737 -0.01229588221758604
v -0.004690370988100768 0.009409666061401367 -0.012322556227445602
v -0.004648156464099885 0.009377767331898212 -0.01235307939350605
v -0.004841684829443694 0.008723082952201366 -0.012060440145432949
v -0.005064438097178937 0.008175710216164589 -0.011623671278357506
v 0.0037122759968042382 -0.0005915631772950292 0.001378424814902246
v 0.0037122759968042382 -0.0006622885121032596 0.0013458725297823548
v 0.004052558448165656 -0.0006260097725316882 0.0013631246984004974
v 0.004022733308374883 0.0011421596864238381 0.0009723521070554852
v 0.004027450922876597 0.0008383278036490083 0.0012438667472451925
v 0.004018287174403668 0.0014746241504326463 0.0002747903927229345
v 0.004019607324153186 0.0013602272374555469 0.0006322850822471082
v 0.004020266234874726 0.0013120186049491167 0.000727055361494422
v 0.0040332525968551644 0.0004913868615403771 0.0014172290684655309
v 0.004039841704070569 0.00010042261419584975 0.0014966340968385339
v 0.004046117886900903 -0.00026405364042147994 0.0014765748055651784
v 0.0037122759968042382 -0.00017939272220246494 0.0014892339240759611
v 0.0037122759968042382 -0.00021798168017994612 0.0014840771909803152
v 0.0037122759968042382 -0.00025642194668762386 0.0014779194025322795
v 0.0037122759968042382 -0.000294211960863322 0.001470366958528757
v 0.0037122759968042382 -0.0003706073621287942 0.0014534959336742759
v 0.0037122759968042382 -0.0004455272573977709 0.0014323070645332336
v 0.003712276229634882 -0.0005192433018237352 0.0014072612393647432
v 0.0037122759968042382 -0.0007312282687053084 0.0013096969341859221
v 0.0037122759968042382 -0.0008630199008621275 0.001226865453645587
v 0.004059119150042535 -0.0009800978004932404 0.0011355215683579445
v 0.0037122759968042382 -0.0011974690714851022 0.0009033664828166366
v 0.004063768312335015 -0.001215497963130474 0.0008789562853053212
v 0.003712276229634882 -0.0010974019533023238 0.0010226002195850015
v 0.0037122757639735946 -0.0009855162352323532 0.0011308209504932165
v 0.0037122757639735946 -0.0012056949781253934 0.0008923560963012278
v 0.0037122759968042382 -0.001284638186916709 0.0007744046160951257
v 0.004067624453455211 -0.0014008291764184833 0.0005363571690395474
v 0.0037122757639735946 -0.0013579779770225286 0.0006371026975102723
v 0.0037122759968042382 -0.001416691462509334 0.0004929393180646002
v 0.004070004913955928 -0.0014937740052118897 0.0001365417119814083
v 0.0037122759968042382 -0.0014601473230868578 0.0003434683894738555
v 0.0037122757639735946 -0.0014746105298399925 -0.0002748153929132968
v 0.004070491530001164 -0.0014746247325092554 -0.0002747905964497477
v 0.004069171845912934 -0.001360227819532156 -0.0006322853150777519
v 0.0037122757639735946 -0.0014115417143329978 -0.0005074884393252432
v 0.0037122759968042382 -0.001366200391203165 -0.0006192742148414254
v 0.0040685124695301065 -0.0013120191870257258 -0.0007270555361174047
v 0.003712276229634882 -0.0013120174407958984 -0.0007270542555488646
v 0.00406604539602995 -0.0011421602685004473 -0.0009723523398861289
v 0.003712276229634882 -0.0012112242402508855 -0.0008848385186865926
v 0.0037122759968042382 -0.0010915581369772553 -0.0010288351913914084
v 0.004061328247189523 -0.0008383285603486001 -0.0012438660487532616
v 0.0037122757639735946 -0.0009548842208459973 -0.001156803802587092
v 0.0037122759968042382 -0.0008033367339521646 -0.0012667488772422075
v 0.0040555265732109555 -0.000491387618239969 -0.0014172283699736
v 0.003712276229634882 -0.0006392699433490634 -0.001356957945972681
v 0.003712276229634882 -0.0004652423085644841 -0.0014260251773521304
v 0.004048937465995551 -0.00010042304347734898 -0.0014966351445764303
v 0.004042661283165217 0.00026405323296785355 -0.0014765758533030748
v 0.004036220721900464 0.0006260093650780618 -0.0013631257461383939
v 0.003712276229634882 -9.827072790358216e-05 -0.0014967778697609901
v 0.004025010857731105 0.001215497381053865 -0.000878956459928304
v 0.004029660020023585 0.0009800971020013094 -0.0011355208698660135
v 0.0040187747217714795 0.0014937734231352806 -0.00013654190115630627
v 0.004021155182272197 0.0014008285943418741 -0.0005363573436625302
v 0.0035695594269782313 0.02827133797109127 -0.00798565149307251
v 0.0035673314705491075 0.02837340719997883 -0.007748441770672798
v 0.004228803794831038 0.028938177973031998 -0.007658206392079592
v 0.003558909287676216 0.02877521701157093 -0.0069951629266142845
v 0.003549110610038043 0.0292644239962101 -0.006313762627542019
v 0.0050765383057296285 0.030301954597234726 -0.006792298052459955
v 0.004910513292998076 0.029851501807570457 -0.007145582232624292
v 0.0035393075086176404 0.02976984716951847 -0.005775828845798969
v 0.00482570892199874 0.029659796506166458 -0.007303818129003048
v 0.004540397785604001 0.029298696666955948 -0.007480876054614782
v 0.0035297232680022725 0.03028012253344059 -0.005368378013372421
v 0.0041966279968619355 0.030321313068270683 -0.005916897673159838
v 0.004242015071213246 0.0303239356726408 -0.005956010892987251
v 0.004972953349351884 0.030370257794857025 -0.006614460609853268
v 0.005101768765598536 0.03037932515144348 -0.006736323237419128
v 0.005621388088911773 0.034267667680978775 -0.0038494381587952375
v 0.0055892830714583406 0.033254560083150864 -0.004637959413230419
v 0.005581517703831197 0.03318384662270546 -0.0047043319791555405
v 0.0054437010549008855 0.031869981437921524 -0.0056617544032633305
v 0.0052347658202052125 0.030844993889331818 -0.006400798913091421
v 0.005407256074249745 0.031652167439460754 -0.0058204480446875095
v 0.005567210260778666 0.03293737396597862 -0.004876740742474794
v 0.005512338131666184 0.032375264912843704 -0.005293046589940786
v 0.005458136554807425 0.0319768451154232 -0.005588443484157324
v 0.005409906152635814 0.031667713075876236 -0.005809334572404623
v 0.003837255761027337 0.013108463026583195 -0.010450510308146477
v 0.005586215294897557 0.013108470477163792 -0.010450508445501328
v 0.0038194849621504554 0.014090999960899353 -0.010046622715890408
v 0.005670910701155663 0.014165694825351238 -0.010011257603764534
v 0.0038006932009011516 0.015118613839149475 -0.00949643924832344
v 0.005764013621956111 0.015141619369387627 -0.009482462890446186
v 0.0037845552433282146 0.015986695885658264 -0.008912196382880211
v 0.005853223148733378 0.015988336876034737 -0.00891097355633974
v 0.003769234288483859 0.016794759780168533 -0.008248318918049335
v 0.0059352298267185705 0.016722606495022774 -0.008313019759953022
v 0.0037548840045928964 0.017535334452986717 -0.007511218078434467
v 0.006027561146765949 0.0175189021974802 -0.00752917118370533
v 0.006116251461207868 0.0182522963732481 -0.006640264764428139
v 0.003740701125934721 0.018252255395054817 -0.006640278268605471
v 0.005495446734130383 0.01157853938639164 -0.010872634127736092
v 0.005517798941582442 0.012019287794828415 -0.010775274597108364
v 0.0038564249407500037 0.01204768754541874 -0.010768345557153225
v 0.005551223643124104 0.012588406912982464 -0.010620920918881893
v 0.005453647579997779 0.010476827621459961 -0.011034726165235043
v 0.003875599708408118 0.010959942825138569 -0.01097770407795906
v 0.003884018165990711 0.010476832278072834 -0.011034725233912468
v 0.003894553519785405 0.009830499067902565 -0.010886124335229397
v 0.0038969272281974563 0.009679768234491348 -0.010774671100080013
v 0.005500863306224347 0.009836539626121521 -0.01088977511972189
v 0.003883447963744403 0.010276959277689457 -0.008944259956479073
v 0.005958874244242908 0.010276956483721733 -0.008944259956479073
v 0.0038879227358847865 0.010025139898061752 -0.009000157006084919
v 0.005950996652245523 0.010025165975093842 -0.009000185877084732
v 0.003889245679602028 0.009951520711183548 -0.009029516018927097
v 0.005945854820311071 0.009951346553862095 -0.00902959331870079
v 0.003893257351592184 0.009728001430630684 -0.00916400458663702
v 0.005919707007706167 0.009725160896778107 -0.009166243486106396
v 0.003896679729223252 0.009543613530695438 -0.009350638836622238
v 0.005881991237401964 0.00954345054924488 -0.009350849315524101
v 0.0038976217620074758 0.009495480917394161 -0.009418876841664314
v 0.005867368075996639 0.009494739584624767 -0.009420025162398815
v 0.0039005149155855188 0.009363711811602116 -0.009713893756270409
v 0.005795625504106284 0.009356425143778324 -0.00974223855882883
v 0.0039012180641293534 0.009339402429759502 -0.009827932342886925
v 0.005775962956249715 0.009339384734630585 -0.009828062728047371
v 0.0039019894320517787 0.009329418651759624 -0.010062179528176785
v 0.005714020226150752 0.009331951849162579 -0.010092390701174736
v 0.0039014969952404508 0.009388815611600876 -0.010344721376895905
v 0.005651721265166999 0.009388790465891361 -0.010344660840928555
v 0.005632856395095588 0.00941870454698801 -0.010418867692351341
v 0.0039011358749121436 0.009413415566086769 -0.010406865738332272
v 0.005559041164815427 0.00959752593189478 -0.010693109594285488
v 0.003898301627486945 0.009592997841536999 -0.010688059963285923
v 0.005535352975130082 0.009679486975073814 -0.010774422436952591
v 0.0038896051701158294 0.010142640210688114 -0.011013026349246502
v 0.005464585032314063 0.010113555938005447 -0.011005932465195656
v 0.005452714860439301 0.010431189090013504 -0.01103808730840683
v 0.003849868895485998 0.012173294089734554 -0.008550634607672691
v 0.003845633706077934 0.01240499410778284 -0.008471840992569923
v 0.005994743667542936 0.012405002489686012 -0.008471839129924774
v 0.003866209415718914 0.011261280626058578 -0.008794030174612999
v 0.005972045939415695 0.011455648578703403 -0.00875080842524767
v 0.005960303358733656 0.010526553727686405 -0.008916826918721199
v 0.006006510928273203 0.012767364270985126 -0.008334021084010601
v 0.00604240642860532 0.013630646280944347 -0.007928610779345036
v 0.003829209366813303 0.013312549330294132 -0.008091266267001629
v 0.006056034937500955 0.013901076279580593 -0.007777246180921793
v 0.003814029973000289 0.01414092630147934 -0.007632321212440729
v 0.006088448222726585 0.014465303160250187 -0.007419248577207327
v 0.003799633355811239 0.014912338927388191 -0.00709033478051424
v 0.006140222772955896 0.01521244179457426 -0.00684391288086772
v 0.003767556510865689 0.016564464196562767 -0.005390738602727652
v 0.00626138783991337 0.016564495861530304 -0.005390731617808342
v 0.003773823846131564 0.016248973086476326 -0.005792197771370411
v 0.006200658623129131 0.015928134322166443 -0.006156399846076965
v 0.003786170622333885 0.015617536380887032 -0.006473807152360678
v 0.003789127804338933 0.015464100055396557 -0.006619434803724289
v 0.0062636402435600775 0.016588294878602028 -0.005359773524105549
v 0.0037625483237206945 0.01682472787797451 -0.005142664536833763
v 0.006276608910411598 0.016827983781695366 -0.005140496883541346
v 0.006279845722019674 0.017136316746473312 -0.005001377779990435
v 0.0037583177909255036 0.017056627199053764 -0.005026163998991251
v 0.0062780925072729605 0.01729089766740799 -0.0049721174873411655
v 0.0037542679347097882 0.017290882766246796 -0.0049721188843250275
v 0.006274319719523193 0.017455635592341423 -0.004966593813151121
v 0.0037527508102357396 0.017382360994815826 -0.004965849686414003
v 0.006262056529521944 0.017773505300283432 -0.005031069274991751
v 0.003747355192899705 0.017713671550154686 -0.005010900553315878
v 0.00626045558601618 0.01780511625111103 -0.005043380428105593
v 0.003745855763554574 0.017805105075240135 -0.005043374840170145
v 0.006243478506803514 0.01806981861591339 -0.005200081970542669
v 0.003742336994037033 0.01801443099975586 -0.00515811238437891
v 0.006229327525943519 0.01822236180305481 -0.005352293606847525
v 0.0037384249735623607 0.018243249505758286 -0.005378789734095335
v 0.006221407093107702 0.01828778348863125 -0.0054418668150901794
v 0.0037362503353506335 0.018407750874757767 -0.005693518090993166
v 0.006194678600877525 0.018424607813358307 -0.0057514989748597145
v 0.006188441533595325 0.018440602347254753 -0.005823306739330292
v 0.0037359637208282956 0.018440600484609604 -0.00582329835742712
v 0.006167311687022449 0.01845710165798664 -0.006066611502319574
v 0.0037360310088843116 0.01845831237733364 -0.006007225252687931
v 0.006141795776784422 0.018400713801383972 -0.0063586123287677765
v 0.0037374994717538365 0.018407408148050308 -0.006338593550026417
v -0.0032953496556729087 0.014807662926614285 0.0030897732358425856
v -0.00329582765698433 0.014441111125051975 0.0031390092335641384
v -0.0032955743372440347 0.014784373342990875 0.0018156570149585605
v -0.0032962244004011163 0.014145088382065296 0.0031783494632691145
v -0.0032983201090246448 0.012595695443451405 0.0021416544914245605
v -0.003298986004665495 0.011902377009391785 0.003442710265517235
v -0.0033005063887685546 0.010880719870328903 0.002334152814000845
v -0.00330115668475628 0.010178978554904461 0.0035567646846175194
v -0.003301470074802638 0.010072959586977959 0.002387169748544693
v -0.002294242382049561 0.015788376331329346 0.0020949228201061487
v -0.0022940400522202258 0.015810281038284302 0.003293136600404978
v -0.0023315395228564744 0.015787504613399506 0.0020827120169997215
v -0.0026197768747806553 0.015754587948322296 0.0032063794787973166
v -0.002624937798827887 0.015730539336800575 0.001984437694773078
v -0.002635307610034943 0.015749040991067886 0.0032022478990256786
v -0.0029063723050057892 0.015598896890878677 0.0031315877567976713
v -0.002895601792261005 0.015584591776132584 0.001891434658318758
v -0.003001139499247075 0.015515271574258804 0.0031084278598427773
v -0.003001062897965313 0.015492675825953484 0.0018561042379587889
v -0.0031264906283468017 0.015362400561571121 0.0030816339422017336
v -0.003124183276668192 0.015343070961534977 0.0018182731000706553
v -0.003254716284573079 0.015088222920894623 0.0030681488569825888
v -0.0032566948793828496 0.015058888122439384 0.0017934497445821762
v 0.0033447653986513623 0.01006874069571495 0.0023867664858698845
v 0.0033447290770709523 0.010174756869673729 0.0035563588608056307
v 0.003344765631482006 0.010495358146727085 0.0023618133272975683
v 0.003344974014908076 0.010633034631609917 0.0035365158692002296
v 0.0033447698224335918 0.012189618311822414 0.002194045577198267
v 0.0033446133602410564 0.01238985639065504 0.0033921736758202314
v 0.0033447800669819125 0.014780158177018166 0.0018152514239773154
v 0.003344764932990075 0.014139235019683838 0.003178168088197708
v 0.0033447411842644223 0.014803451485931873 0.003089369274675846
v 0.002700392156839371 0.015740210190415382 0.003198174759745598
v 0.002683057682588697 0.01572439633309841 0.0019814816769212484
v 0.0029693134129047402 0.015562525019049644 0.0018831065390259027
v 0.002344758249819279 0.01578543148934841 0.002094639465212822
v 0.0023751331027597193 0.01580672524869442 0.003284741658717394
v 0.0023447296116501097 0.015807336196303368 0.0032928548753261566
v 0.0033046454191207894 0.015060260891914368 0.001793034840375185
v 0.003302949946373702 0.015089169144630432 0.003067665733397007
v 0.003282099263742567 0.015128309838473797 0.001794399693608284
v 0.0032821183558553466 0.015151425264775753 0.003067577723413706
v 0.003180839121341706 0.015328902751207352 0.0018160314066335559
v 0.003163131186738611 0.015378104522824287 0.003083789488300681
v 0.0029662358574569234 0.015587716363370419 0.003128854325041175
v 2.7758445867220878e-05 0.01964236982166767 0.003219408681616187
v 2.947034590761178e-05 0.02235650084912777 0.0030527054332196712
v 2.0529254470602613e-05 0.020643046125769615 0.0031467366497963667
v 1.876595160865691e-05 0.0188983753323555 0.0032809919212013483
v 1.676135070738383e-05 0.017304427921772003 0.0034309045877307653
v 2.536547071940732e-05 0.015812693163752556 0.003586219158023596
v 1.4886502867739185e-05 0.015812711790204048 0.003586226375773549
v 3.6240875488147146e-05 0.020643027499318123 0.0031467359513044357
v 3.584404475986958e-05 0.018898366019129753 0.0032809909898787737
v 3.589219340938144e-05 0.01730441302061081 0.0034309036564081907
v 3.5843855584971614e-05 0.015812698751688004 0.0035862259101122618
v 0.0015330788446590309 0.015789266675710678 0.002302910666912794
v 0.00204069190658629 0.01580881141126156 0.003367108991369605
v 0.0006168208783492447 0.01579180918633938 0.0024231430143117905
v 0.0010786771308630707 0.015811648219823837 0.0035279570147395134
v 3.584407386370004e-05 0.015791820362210274 0.002444036304950714
v 3.3561209420440725e-05 0.015791822224855423 0.002444034442305565
v 2.5281829948653474e-05 0.015791812911629677 0.0024440300185233355
v 1.4720027138537265e-05 0.015791835263371468 0.0024440381675958633
v -0.0006432479131035508 0.015792177990078926 0.002417359035462141
v -0.001005592988803983 0.015812983736395836 0.003530510002747178
v -0.0014550790656358006 0.015791213139891624 0.00230831908993423
v -0.0019358990248292689 0.015811404213309288 0.003379369620233774
v 2.0016183043480854e-05 0.020276052877306938 0.00200558896176517
v 2.675815267139115e-05 0.021856646984815598 0.0019055474549531937
v 2.61196073552128e-05 0.018648557364940643 0.0021428957115858793
v 1.829812026699074e-05 0.018638834357261658 0.002143816789612174
v 3.3795742638176314e-05 0.019337087869644165 0.002080957405269146
v 3.584463775041514e-05 0.01934245228767395 0.0020804961677640676
v 3.58437973773107e-05 0.01863882690668106 0.002143816091120243
v 3.0962186428951106e-05 0.0226297564804554 0.001869997358880937
v 2.9883583920309327e-05 0.023420261219143867 0.001842554658651352
v 3.4121701901312924e-05 0.02230837382376194 0.0018873497610911727
v 3.584388468880207e-05 0.02185663767158985 0.0019055487355217338
v 7.246865425258876e-05 0.035246677696704865 0.0020102309063076973
v 3.5843251680489636e-05 0.032482318580150604 0.001916853478178382
v 3.760535764740781e-05 0.035246677696704865 0.002010266063734889
v 2.7358078114048116e-06 0.035246919840574265 0.0020102704875171185
v -0.004055468831211329 0.039538055658340454 -0.00027460273122414947
v -4.530068690655754e-05 0.03953296318650246 -0.00027509185019880533
v -4.525431359070354e-05 0.039516836404800415 -0.00016675094957463443
v -0.0040554176084697255 0.039530038833618164 0.00022785157489124686
v -8.122628059936689e-05 0.04248223081231117 0.0002745425153989345
v -0.004051657859236003 0.04248727113008499 0.0002750271523837
v -8.035627979552375e-05 0.04236915707588196 0.0006291312747634947
v -0.0040518208406865605 0.04231375455856323 0.0007466388633474708
v -0.004052402451634408 0.04180468991398811 0.0012740599922835827
v -7.555227784905584e-05 0.04190119355916977 0.001204499276354909
v -7.979317160788925e-05 0.04230869561433792 0.0007461430504918098
v -0.004053261596709491 0.04110648110508919 0.001497274381108582
v -6.774355279048906e-05 0.041214801371097565 0.0014853528700768948
v -7.443355571012945e-05 0.0417996346950531 0.001273564761504531
v -0.0040541933849453935 0.04038587212562561 0.0013629780150949955
v -5.8840512792812674e-05 0.040477775037288666 0.0014030481688678265
v -6.64063118165359e-05 0.041101422160863876 0.0014967976603657007
v -4.6188739361241473e-05 0.03954073414206505 0.0003132752317469567
v -5.01960785186384e-05 0.039809875190258026 0.0009027459309436381
v -0.004054973367601634 0.039814937859773636 0.0009032402304001153
v -5.101819260744379e-05 0.0398702509701252 0.0009776989463716745
v -5.762825821875596e-05 0.04038079455494881 0.0013624945422634482
v -4.616985097527505e-05 0.039646029472351074 -0.000629681977443397
v -0.004055306781083346 0.039711568504571915 -0.0007462144130840898
v -4.6732868213439374e-05 0.03970649838447571 -0.0007466918905265629
v -5.0974686018889783e-05 0.04011400043964386 -0.001205048174597323
v -0.004054723773151637 0.040220633149147034 -0.0012736355420202017
v -5.209248411119917e-05 0.04021555930376053 -0.001274113543331623
v -5.878247975488195e-05 0.040800392627716064 -0.0014859017683193088
v -0.004053865559399129 0.04091884568333626 -0.0014968503965064883
v -6.011972800479272e-05 0.04091377183794975 -0.001497347024269402
v -6.768645835109056e-05 0.04153741896152496 -0.0014035964850336313
v -0.004053097683936358 0.04151514172554016 -0.0014131231000646949
v -6.889776705065743e-05 0.04163439944386482 -0.0013630439061671495
v -0.004052933771163226 0.041639454662799835 -0.0013625540304929018
v -7.550877489848064e-05 0.04214494302868843 -0.0009782478446140885
v -0.004052152857184411 0.04221038892865181 -0.0009028157801367342
v -7.632995402673261e-05 0.0422053188085556 -0.0009032947709783912
v -0.004051709081977607 0.04249528422951698 -0.00022742759028915316
v -8.033730409806596e-05 0.04247446358203888 -0.00031382410088554025
v -8.127172623062508e-05 0.042498357594013214 0.0001662025460973382
v 0.004135843832045794 0.03956669941544533 -0.00016109990247059613
v 0.004135844297707082 0.03966671600937843 -0.0005566547624766827
v 0.004135844297707082 0.039872076362371445 -0.0009139487519860268
v 0.004135843832045794 0.040124595165252686 -0.0011691814288496971
v 0.004135844297707082 0.04047512263059616 -0.0013769594952464104
v 0.004135844297707082 0.0408734455704689 -0.0014834045432507992
v 0.004135844297707082 0.04124040529131889 -0.0014834379544481635
v 0.004135844297707082 0.041632235050201416 -0.0013802868779748678
v 0.004135844297707082 0.041983164846897125 -0.0011753345606848598
v 0.004135844297707082 0.04223771393299103 -0.0009208061383105814
v 0.004135844297707082 0.0424436591565609 -0.000568849965929985
v 0.004135844297707082 0.04254775494337082 -0.0001704446622170508
v 0.004135844297707082 0.042548682540655136 0.0001719052525004372
v 0.004135844297707082 0.04244866222143173 0.0005674605490639806
v 0.004135844297707082 0.04224330186843872 0.0009247540729120374
v 0.004135844297707082 0.04199077934026718 0.001179985818453133
v 0.004135844297707082 0.041640255600214005 0.0013877652818337083
v 0.004135843832045794 0.04124193638563156 0.001494210446253419
v 0.004135844297707082 0.04087497293949127 0.0014942437410354614
v 0.004135844297707082 0.04048313945531845 0.0013910913839936256
v 0.004135844297707082 0.04013220965862274 0.0011861389502882957
v 0.004135844297707082 0.039877668023109436 0.0009316119248978794
v 0.004135844297707082 0.03956761956214905 0.0001812486443668604
v 0.004135844297707082 0.039671722799539566 0.000579655752517283
v 3.5823977668769664e-05 0.032355375587940216 0.0030828637536615133
v 9.846694592852148e-05 0.0370807908475399 0.003244426567107439
v -2.086094173137099e-05 0.0370817705988884 0.0032444836106151342
v 0.00012044963659718635 0.03885714337229729 0.002232219325378537
v 3.983400893048384e-05 0.038857411593198776 0.0022327883634716272
v -4.063109372509644e-05 0.03885786980390549 0.002232565078884363
v 0.003082197858020664 0.038659606128931046 0.0017876476049423218
v 0.0030817228835076102 0.03867398947477341 0.0017797742038965225
v 0.002838409505784512 0.03870444744825363 0.001851639710366726
v 0.0034465175122022637 0.037747226655483246 0.002146943937987089
v 0.003176421858370305 0.03828972578048706 0.0019586083944886923
v 0.0029965220019221315 0.036897193640470505 0.0028012346010655165
v 0.0036297207698225984 0.037418074905872345 0.0022421216126531363
v 0.0038384925574064263 0.03675495833158493 0.0024871367495507
v 0.0038435885217040786 0.03678105026483536 0.002470968058332801
v 0.0038081882521510133 0.03702017292380333 0.0023654568940401077
v 0.0013000601902604105 0.03882819414138794 0.0021561484318226576
v 0.0010998469078913333 0.03705959394574165 0.0031889546662569046
v 0.0019491078564897184 0.03878913074731827 0.0020573518704622984
v 0.002085416112095118 0.03699794411659241 0.003036556299775839
v 0.0025433730334043507 0.03873693570494652 0.0019294399535283446
v 0.0010206972947344186 0.038839757442474365 0.002186121651902795
v 0.007035844027996065 0.039077043533325195 0.0005226592184044421
v 0.007035844027996065 0.039041317999362946 -0.0003667077689897269
v 0.007035844027996065 0.039395011961460114 -0.0011835001641884446
v 0.007035844493657352 0.041946858167648315 0.0017653688555583358
v 0.007035844027996065 0.041087739169597626 0.0019981011282652617
v 0.007035844027996065 0.0402127206325531 0.0018350279424339533
v 0.007035844493657352 0.04006807506084442 -0.0017659422010183334
v 0.007035844027996065 0.040927186608314514 -0.0019986762199550867
v 0.007035844027996065 0.042619913816452026 0.001182925421744585
v 0.007035844493657352 0.039495114237070084 0.0013084501260891557
v 0.007035844493657352 0.04297361522912979 0.00036613349220715463
v 0.007035844027996065 0.042937882244586945 -0.0005232339608483016
v 0.007035844493657352 0.04251981899142265 -0.0013090235879644752
v 0.007035844027996065 0.04180220887064934 -0.0018356031505391002
v 0.006035844329744579 0.04297361150383949 0.0003661329683382064
v 0.006035843864083292 0.04261992126703262 0.0011829262366518378
v 0.006035843864083292 0.041946858167648315 0.0017653682734817266
v 0.006035844329744579 0.041087739169597626 0.0019981004297733307
v 0.006035844329744579 0.0402127243578434 0.001835028757341206
v 0.006035844329744579 0.039495114237070084 0.0013084496604278684
v 0.006035844329744579 0.0390770398080349 0.0005226586945354939
v 0.006035844329744579 0.03904131427407265 -0.0003667082928586751
v 0.006035844329744579 0.039395008236169815 -0.001183500629849732
v 0.006035844329744579 0.04006807133555412 -0.0017659426666796207
v 0.006035844329744579 0.04092719033360481 -0.001998675288632512
v 0.006035844329744579 0.04180220514535904 -0.0018356036162003875
v 0.006035843864083292 0.042519815266132355 -0.0013090240536257625
v 0.006035843864083292 0.04293788596987724 -0.000523233087733388
v 0.006035843864083292 0.03735897317528725 0.000294534198474139
v 0.006035843864083292 0.03681431710720062 0.000603873748332262
v 0.006054762285202743 0.03659738972783089 0.0005573345115408301
v 0.006054085213690998 0.03728725388646126 0.00018155692669097334
v 0.006110081449151041 0.03654460236430168 0.0004429702239576727
v 0.0061074797995388525 0.03722076863050461 7.680985436309129e-05
v 0.006035844329744579 0.036242809146642685 0.0008512865751981735
v 0.006035844329744579 0.03623601794242859 0.0008519836119376123
v 0.006035844329744579 0.036211151629686356 0.0008466862491331995
v 0.006036063656210901 0.03619471937417984 0.0008463780395686626
v 0.006068734917789699 0.03590798377990723 0.0007748091011308134
v 0.006100060883909466 0.03584055230021477 0.0007250297348946333
v 0.006107164081186058 0.03583336994051933 0.0007143766852095723
v 0.0061807776801288145 0.037164315581321716 -0.0009417429682798684
v 0.0062198825180530565 0.036938443779945374 -0.0013303079176694155
v 0.006118870340287687 0.03703591972589493 -0.001384641625918448
v 0.006042446009814741 0.03754036873579025 -0.00011410522711230442
v 0.006035844329744579 0.03756887838244438 4.7077024646569043e-05
v 0.006040876731276514 0.03746066242456436 9.580916230333969e-05
v 0.006035844329744579 0.03740284591913223 0.00026325465296395123
v 0.006105954293161632 0.03591404855251312 -0.0029008621349930763
v 0.006096103228628637 0.03592684492468834 -0.0029126086737960577
v 0.006062015425413849 0.036597732454538345 -0.0022429439704865217
v 0.006042657420039179 0.03604152426123619 -0.0030178751330822706
v 0.006035843864083292 0.036102015525102615 -0.0030733696185052395
v 0.006035844329744579 0.03672390803694725 -0.002340693026781082
v 0.0061624199151992815 0.035857051610946655 -0.0028485460206866264
v 0.006146508734673263 0.03647594153881073 -0.002148586791008711
v 0.006248861551284792 0.03580045700073242 -0.0027965977787971497
v 0.006279083434492351 0.03638477995991707 -0.002077957149595022
v 0.0063126487657427805 0.03577238321304321 -0.0027708341367542744
v 0.006417588330805303 0.03643506392836571 -0.0019180196104571223
v 0.006478059571236374 0.0357360914349556 -0.0027375700883567333
v 0.00634037656709552 0.0368749275803566 -0.001294948160648346
v 0.00641061505302787 0.036486927419900894 -0.0018505863845348358
v 0.006417107768356802 0.036438748240470886 -0.0019132697489112616
v 0.006175662856549026 0.037301696836948395 -0.00035243513411842287
v 0.006248813588172199 0.037173155695199966 -0.0007431464036926627
v 0.006279084831476213 0.03709269315004349 -0.0009134542779065669
v 0.006307625677436592 0.03700140863656998 -0.0010835694847628474
v 0.006046811584383251 0.03752549737691879 -0.0005751390708610415
v 0.006035843864083292 0.03764842450618744 -0.00036312732845544815
v 0.006035844329744579 0.037618931382894516 -9.456214320380241e-05
v 0.0060556461103260534 0.037155233323574066 -0.0014511512126773596
v 0.006035844329744579 0.03749170899391174 -0.0010710567003116012
v 0.006051438394933941 0.03737650066614151 -0.0010255511151626706
v 0.006035844329744579 0.037515830248594284 -0.0010079251369461417
v 0.006035844329744579 0.03762830048799515 -0.0005916841328144073
v 0.006035844329744579 0.03704620525240898 -0.001895196852274239
v 0.006100885570049288 0.037262383848428726 -0.0009804759174585342
v 0.00608133338391781 0.037422601133584976 -0.0005585753824561834
v 0.006137771531939508 0.03732961043715477 -0.0005436096107587218
v 0.006063090171664955 0.037460971623659134 -0.00013385742204263806
v 0.006097198929637672 0.037386082112789154 -0.00015249125135596842
v 0.006056578829884531 0.03740112856030464 5.5950964451767504e-05
v 0.006112755276262762 0.03727692738175392 1.5714675100753084e-05
v 0.006134652998298408 0.037318021059036255 -0.0001275207323487848
v 0.0061641735956072825 0.03478280454874039 -0.0036017114762216806
v 0.006166696548461916 0.034799590706825256 -0.0035891986917704344
v 0.00621576188132167 0.034853044897317886 -0.0035557167138904333
v 0.006080566439777614 0.03462976589798927 -0.0037087679374963045
v 0.00603584246709943 0.03441566601395607 -0.0038792353589087725
v 0.006035842932760717 0.03483760356903076 -0.0035671424120664597
v 0.006100035738199951 0.0348161906003952 -0.003574053291231394
v 0.006194764748215677 0.035694483667612076 -0.0029558890964835882
v 0.006331358570605518 0.035617951303720474 -0.002914906246587634
v 0.006057443562895061 0.03585182875394821 -0.0030717654153704643
v 0.006035843864083292 0.03590455651283264 -0.003115980653092265
v 0.0060667619109153765 0.03565659373998642 -0.003140659537166357
v 0.006035843864083292 0.03570161387324333 -0.0031719307880848646
v 0.006035843864083292 0.03549287095665932 -0.0032429322600364685
v 0.00607132399454713 0.03545628488063812 -0.0032239395659416914
v 0.006107137538492681 0.035610198974609375 -0.003111908445134759
v 0.0060358433984220045 0.03528346121311188 -0.0033288553822785616
v 0.006072078831493856 0.03525056689977646 -0.00332243787124753
v 0.006112769246101381 0.03522297739982605 -0.003316921880468726
v 0.006155672017484905 0.0351974181830883 -0.003315378213301301
v 0.0062001734040677565 0.03517429158091545 -0.0033179044257849455
v 0.006291334051638843 0.03513679280877113 -0.003335061250254512
v 0.006348533090204002 0.035005487501621246 -0.0034592265728861094
v 0.0060918093658983725 0.03579645976424217 -0.003027907805517316
v 0.006138026714324953 0.03574325144290924 -0.0029886788688600063
v 0.00615506758913398 0.03556610271334648 -0.0030884810257703066
v 0.006209388375282289 0.03552568703889847 -0.003071252489462495
v 0.0063311471603810805 0.035460591316223145 -0.0030575115233659744
v 0.006446395069360735 0.03537725284695625 -0.003115004627034068
v 0.005816581193357707 0.03521176055073738 -0.0033253685105592012
v 0.005812143441289664 0.03578823432326317 -0.0031304380390793085
v 0.005820516031235457 0.035787057131528854 -0.003131275065243244
v 0.0058027608320117005 0.035768553614616394 -0.0031347309704869986
v 0.005803657695651055 0.035785697400569916 -0.003130516270175576
v 0.006035844329744579 0.03636540472507477 -0.0030339646618813276
v 0.006035844329744579 0.03623345121741295 -0.0030512497760355473
v 0.005758405663073064 0.03616954758763313 -0.0030566018540412188
v 0.005815826822072268 0.035817913711071014 -0.003123006084933877
v 0.005733309779316188 0.03619096055626869 -0.0030537310522049665
v 0.005718010477721692 0.036216851323843 -0.0030506679322570562
v 0.005876695271581413 0.036291640251874924 -0.0030422592535614967
v 0.0057952222414314756 0.03561036288738251 -0.0031776365358382463
v 0.005785017739981414 0.03575008362531662 -0.003138205036520958
v 0.005794790107756854 0.03577710688114166 -0.0031320652924478054
v 0.005620272364467383 0.03444858267903328 -0.0037091965787112713
v 0.005676125641912223 0.034473102539777756 -0.0037094252184033394
v 0.005723162554204465 0.034526728093624115 -0.0036861805710941553
v 0.0057742889039218434 0.03468489274382591 -0.003595407586544752
v 0.006035839673131706 0.04019827023148537 0.0023929046001285315
v 0.0060358373448252695 0.03976621851325035 0.002267526462674141
v 0.006035836879163982 0.039582379162311554 0.0022023236379027367
v 0.006035838276147844 0.038642410188913345 0.001792863942682743
v 0.006035839207470419 0.03838609158992767 0.0016696002567186952
v 0.006035844329744579 0.03705061227083206 0.0010856346925720572
v 0.006035837810486557 0.03653046861290932 0.0009287229040637612
v 0.006035838276147844 0.035891804844141006 0.0008171504596248269
v 0.006035842001438143 0.04080819711089134 0.002491757972165942
v 0.006035843864083292 0.041750598698854446 0.0023867087438702583
v 0.006035844329744579 0.042622633278369904 0.001907908939756453
v 0.006035844329744579 0.04279577359557152 0.0017466978169977665
v 0.006035844329744579 0.041143935173749924 -0.0024965598713606596
v 0.006035844329744579 0.042063549160957336 -0.002266272669658065
v 0.006035844329744579 0.04286361485719681 -0.0016750122886151075
v 0.006035844329744579 0.043369755148887634 -0.0008185557671822608
v 0.006035844329744579 0.043501827865839005 0.0001674758386798203
v 0.006035844329744579 0.043238911777734756 0.0011269428068771958
v 0.005314530804753304 0.03790890425443649 -0.0028603726532310247
v 0.004135627299547196 0.038772907108068466 -0.0027631933335214853
v 0.004135844297707082 0.04114369675517082 -0.0024965726770460606
v 0.005048607010394336 0.03878876566886902 -0.0027614193968474865
v 0.005066881887614728 0.03878908231854439 -0.0027613842394202948
v 0.00508450297638774 0.038681771606206894 -0.002773451851680875
v 0.004135844297707082 0.041750598698854446 0.0023867092095315456
v 0.004135844297707082 0.040808193385601044 0.002491758204996586
v 0.004135843832045794 0.0426226370036602 0.001907909638248384
v 0.004135844297707082 0.04279576987028122 0.0017466971185058355
v 0.004135844297707082 0.04323890805244446 0.0011269421083852649
v 0.004135844297707082 0.04206354543566704 -0.002266273368149996
v 0.004135844297707082 0.042863618582487106 -0.0016750115901231766
v 0.004135844297707082 0.04336975887417793 -0.0008185551268979907
v 0.004135844297707082 0.0435018315911293 0.00016747649351600558
v 0.00552018964663148 0.03955523669719696 0.002279867185279727
v 0.004969650879502297 0.039522670209407806 0.002347157336771488
v 0.005004341248422862 0.03836536407470703 0.0021186613012105227
v 0.003876490984112025 0.036752019077539444 0.002470636274665594
v 0.004135839641094209 0.03668990731239319 0.002348728012293577
v 0.004425677936524154 0.03832610324025154 0.0022977949120104313
v 0.004402083810418845 0.03947863355278969 0.002397418487817049
v 0.004133540205657483 0.03900117054581642 0.0023955469951033592
v 0.004135868046432734 0.039130158722400665 0.00239933212287724
v 0.004135844297707082 0.03911895677447319 0.002399863675236702
v 0.004951474256813527 0.04015975818037987 0.0024325763806700706
v 0.0055485060438513764 0.038382235914468765 0.0019062712090089917
v 0.005576862022280694 0.03726353868842125 0.001533490139991045
v 0.005591741297394038 0.03670644015073776 0.001397840678691864
v 0.0044493740424513826 0.03736776486039162 0.0022149686701595783
v 0.0044607939198613175 0.03660762310028076 0.00217745010741055
v 0.005057358648627997 0.036850687116384506 0.0018215472809970379
v 0.005258141085505486 0.036337096244096756 0.001639322959817946
v 0.005565086379647256 0.03619305416941643 0.0013655786169692874
v 0.0040899692103266725 0.037543587386608124 0.002376959891989827
v 0.004078893456608058 0.037252459675073624 0.002381479600444436
v 0.004067980218678714 0.03713959455490112 0.00238641700707376
v 0.003995616454631091 0.03686395660042763 0.0024191855918616056
v 0.003925708588212729 0.036774665117263794 0.002449439838528633
v 0.004103845916688443 0.038443613797426224 0.0023835382889956236
v 0.004093186464160682 0.03802638128399849 0.002379231620579958
v 0.00409176852554083 0.037773247808218 0.00237750425003469
v 0.005039111245423556 0.03733231499791145 0.0018990716198459268
v 0.003902478842064739 0.03696191683411598 0.0023665246553719044
v 0.003838824341073633 0.03720298409461975 0.0022795454133301973
v 0.0040410757064819345 0.038357365876436234 0.002261304995045066
v 0.003772236406803132 0.038702592253685 0.0018641470232978463
v 0.0037488392554223546 0.03869542479515076 0.0018513897666707635
v 0.0037922943010926255 0.038234882056713104 0.0020431058946996927
v 0.0034601229708641776 0.038187675178050995 0.0019590030424296856
v 0.003405623836442829 0.03864074498414993 0.0017540811095386744
v 0.003908617887645961 0.03875741735100746 0.001961725065484643
v 0.003911683335900308 0.03720615804195404 0.002285462338477373
v 0.003983571194112302 0.037218715995550156 0.002308866009116173
v 0.0038861006032675513 0.03772806003689766 0.0021815693471580744
v 0.004046504385769368 0.037240128964185715 0.0023487561848014593
v 0.004067089408636094 0.037813700735569 0.002336181001737714
v 0.003646453609690071 0.03769756853580475 0.0021265128161758184
v 0.003767636138945819 0.037705015391111374 0.002139961114153266
v 0.003934157080948354 0.03828899562358856 0.002139513846486807
v 0.004040217492729426 0.038845162838697433 0.0021178838796913624
v 0.0031738881953060636 0.03866512328386307 0.0017561811255291104
v 0.003464990062639118 0.038676176220178604 0.001743050292134285
v 0.0037086985539644965 0.03873143345117569 0.0018057781271636486
v 0.00413040490821004 0.03903390094637871 0.002340866019949317
v 0.004090609960258008 0.03898479416966438 0.002171091502532363
v 0.004053582902997733 0.03890649229288101 0.002113969996571541
v 0.003933104220777751 0.03883570805191994 0.0019485147204250097
v 0.003880959702655674 0.038792822510004044 0.001911540632136166
v 0.003869288135319949 0.037800613790750504 0.00030998422880657017
v 0.004135887138545514 0.03798851743340492 0.000571013952139765
v 0.004133081063628198 0.037726543843746185 0.00016468146350234747
v 0.003335844026878477 0.03712514415383339 -0.00013978251081425697
v 0.0033358442597091207 0.035410087555646896 -0.00010843414202099666
v 0.0033358442597091207 0.037482697516679764 0.0004537816275842488
v 0.003335844026878477 0.03536373749375343 0.0004925138782709837
v 3.892869790433907e-05 0.037482693791389465 0.00045378119102679193
v 3.758593811653555e-05 0.03536373749375343 0.0004925139946863055
v -0.003260668832808734 0.035367924720048904 0.000492915918584913
v -0.0032579838298261174 0.037486884742975235 0.0004541839880403131
v -0.003258509328588844 0.03712933138012886 -0.000139380237669684
v -0.003260683501139284 0.03541427105665207 -0.00010803205077536404
v -0.0038386478554457435 0.037493351846933365 0.00046377634862437844
v -0.00405808910727501 0.03742120787501335 0.00034356239484623075
v -0.0038146385923028 0.037651583552360535 0.0003856158582493663
v -0.004053534474223853 0.03773415833711624 0.00016928174591157585
v -0.003791005117818714 0.037805505096912384 0.0003104601346421987
v -0.0035296033602207908 0.03758635371923447 0.000618696678429842
v -0.003349443431943656 0.03776673600077629 0.0006161914207041264
v -0.002814055653288961 0.03786538541316986 0.0008221835014410317
v -0.00375757901929319 0.03781481459736824 0.0003287775907665491
v -0.003757932921871544 0.037519242614507675 0.0005069117178209126
v -0.00379842589609325 0.037506408989429474 0.00048552732914686203
v -0.0016009814571589236 0.0380021408200264 0.001126346760429442
v -0.001963692950084806 0.03788154944777489 0.0011119914706796408
v -0.002842557849362493 0.03774533048272133 0.0008840891532599926
v -3.917511548934272e-06 0.0380738191306591 0.0012586942175403237
v -2.9127175366738818e-05 0.03799739107489586 0.0013075161259621382
v -0.00020396380568854516 0.03805858641862869 0.0012647355906665325
v -0.0010759461438283326 0.03796251118183136 0.001248374697752297
v -0.0016067213146016006 0.03792019188404083 0.001177027472294867
v -0.0010601937538012864 0.038179911673069 0.00111337227281183
v 3.937519431929105e-05 0.03820415213704109 0.0011765825329348445
v 1.7629095964366574e-05 0.038138654083013535 0.0012176519958302379
v -0.002038112841546536 0.038109999150037766 0.0009483006433583796
v -0.0015908664790913467 0.03814835473895073 0.001037230365909636
v -0.0025311398785561328 0.03805305063724518 0.0008211440872400999
v -0.0027966063935309653 0.03801485523581505 0.0007383886841125786
v -0.002986033447086812 0.03798382356762886 0.0006724142585881054
v -4.0291915865964265e-06 0.037997160106897354 0.0013077562907710671
v -3.9731971810397235e-06 0.038035597652196884 0.001283102435991168
v 3.930757884518244e-05 0.03799717128276825 0.0013078541960567236
v -0.004058508668094874 0.03713034465909004 -0.00013928326370660216
v 0.003835838520899416 0.03751441836357117 0.0005064484430477023
v 0.004135849419981242 0.0374160036444664 0.0003430690267123282
v 0.004135844297707082 0.03712514042854309 -0.00013978265633340925
v 0.003916521556675435 0.0374884307384491 0.00046330189798027277
v 0.003876472124829889 0.03750148415565491 0.0004849746183026582
v 0.00010851030674530196 0.03799702972173691 0.0013075975002720952
v 0.000584823195822537 0.03798842430114746 0.0012935992563143373
v 0.0014845783589407806 0.037936337292194366 0.001207313616760075
v 0.0016855228459462528 0.03791803494095802 0.0011768040712922812
v 0.0023637870326638226 0.0378359854221344 0.0010402845218777657
v 0.0031592205632478007 0.03769241273403168 0.0008019321830943227
v 0.0038927202112972745 0.03764666989445686 0.00038513998151756823
v 0.0038526055868715057 0.03780531883239746 0.0003191713185515255
v 0.0038358413148671397 0.03780999779701233 0.0003283142577856779
v 0.0034279003739357003 0.03776237741112709 0.0006156868766993284
v 0.0030645581427961597 0.037979986518621445 0.0006720435339957476
v 0.002892697229981423 0.03786170855164528 0.000821756140794605
v 0.0028754242230206732 0.03801121562719345 0.0007379577727988362
v 0.0011390361469238999 0.03817850723862648 0.0011132331565022469
v 0.0016699500847607855 0.038146261125802994 0.001036974717862904
v 0.0016798935830593113 0.03800002858042717 0.001126098446547985
v 0.002116790041327477 0.038107361644506454 0.0009480529115535319
v 0.002609779126942158 0.038049787282943726 0.0008208263898268342
v 7.506783003918828e-05 0.038204118609428406 0.0011765023227781057
v 0.00011075865040766078 0.03820404037833214 0.001176288933493197
v 0.0002832968893926591 0.03805825859308243 0.0012646944960579276
v 0.0036148063372820624 0.03850864991545677 0.0014584099408239126
v 0.003889930900186301 0.03877297788858414 0.0018515940755605698
v 0.004027492832392455 0.03890514746308327 0.002048186492174864
v 0.004135861527174712 0.03903566300868988 0.0022458115126937628
v 0.004135844297707082 0.0354788601398468 -0.0028436167631298304
v 0.004135844297707082 0.03541149944067001 -0.0001084596078726463
v 0.004135843832045794 0.03600945323705673 -0.002786055440083146
v 0.004135844297707082 0.037848275154829025 -0.002823104150593281
v 0.004135844297707082 0.03638939559459686 -0.002796074142679572
v 0.003430546959862114 0.03541076183319092 -0.00010845503129530698
v 0.0010966950794681909 0.035251304507255554 0.0019486871315166354
v 0.0034297131933271894 0.03530019894242287 0.0013163015246391296
v 0.002841077977791429 0.03528117388486862 0.0015550884418189526
v 0.0020088925957679753 0.035262539982795715 0.0017930921167135239
v 0.003735661506652833 0.01767314411699772 0.0011082930723205209
v 0.003552660113200546 0.019372938200831413 0.0010338346473872662
v 0.003719751490280033 0.018609121441841125 0.0009928214130923152
v 0.0029718391597270974 0.016717057675123215 0.0017189010977745056
v 0.003552216337993742 0.028281472623348236 0.0008889019372873008
v 0.0028600853402167563 0.03134051710367203 0.0013661101693287492
v 0.0005060131661593915 0.03182027116417885 0.0018836173694580793
v 3.5043303796555854e-05 0.03123587742447853 0.001880275784060359
v 3.426526382099838e-05 0.030003800988197327 0.0018493495881557465
v 0.0005034097121097149 0.02787124738097191 0.00179810612462461
v 3.278843360021711e-05 0.027749761939048767 0.001811155118048191
v 3.144989386782982e-05 0.025570230558514595 0.0018055132823064923
v 0.0005187062779441477 0.02414236217737198 0.001808068249374628
v 3.0637114832643426e-05 0.024482177570462227 0.001818039920181036
v 0.0005602265591733159 0.02071484737098217 0.00195458997040987
v 0.000625014421530068 0.017633000388741493 0.00221995753236115
v 0.0012434752425178888 0.017493819817900658 0.002159633906558156
v 0.002425005426630378 0.01701609417796135 0.001909877872094512
v 0.0018461782019585375 0.017281603068113327 0.002056531375274062
v 0.0037617180496454248 0.016156574711203575 0.001328237704001367
v 0.003478561993688346 0.01640423759818077 0.0014828298008069396
v 0.0038029102142900237 0.013736268505454063 0.0017183941090479493
v 0.0036167462822049865 0.011350586079061031 0.00217050570063293
v 0.0038343206979334363 0.011892146430909634 0.0019908971153199673
v 0.003846174106001855 0.011199277825653553 0.0020738085731863976
v 0.0038613502401858577 0.010317264124751091 0.0021538864821195602
v 0.0038808751851320275 0.009183705784380436 0.002206820994615555
v 0.0038492570165544757 0.009344680234789848 0.002215490210801363
v 0.00374291348271072 0.009518482722342014 0.00225514336489141
v 0.0035713487304747113 0.009642344899475574 0.002319884020835161
v 0.003546284046024085 0.009660721756517887 0.002328934147953987
v 0.0033966479822993287 0.009845214895904064 0.0023776167072355747
v 0.003687489079311491 0.020487071946263313 0.0008241900941357017
v 0.0036090235225856313 0.025020532310009003 0.0007603881531395018
v 0.003652227111160756 0.022521046921610832 0.0007455099257640541
v 0.0033145758789032706 0.02302282303571701 0.0009733339538797736
v 0.003410618286579848 0.021150797605514526 0.0009866426698863506
v 0.003127760952338577 0.01964166946709156 0.0012865547323599458
v 0.002997274277731777 0.021398691460490227 0.0012258501956239343
v 0.002170124556869269 0.02017650566995144 0.0016718636034056544
v 0.0020082332193851475 0.023694807663559914 0.0015489996876567602
v 0.002908089896664024 0.02324826642870903 0.0012002717703580856
v 0.0028349084313958888 0.02718060463666916 0.001239705248735845
v 0.0032393042929470548 0.027001990005373955 0.0010336445411667228
v 0.0009960517054423692 0.027794472873210907 0.0017506289295852184
v 0.0010016615269705655 0.031769491732120514 0.0018392998026683927
v 0.0019641499966382985 0.03158864006400108 0.001660832203924656
v 0.0011114380322396757 0.020593462511897087 0.0018992593977600336
v 0.0010269618360325696 0.02404160611331463 0.0017570189666002989
v 0.0016502080252394084 0.020408298820257187 0.0018051315564662218
v 0.0015251928707584743 0.023887719959020615 0.0016706367023289204
v 0.0019507785327732567 0.027528274804353714 0.0015586009249091148
v 0.003577124560251833 0.026854215189814568 0.0008219626033678651
v 0.0035676208790391692 0.009751728735864162 0.0035000627394765615
v 0.003409736556932331 0.009926107712090015 0.003544215112924576
v 0.0035688905045390138 0.00971546582877636 0.00310881738550961
v 0.003570108441635967 0.009678908623754978 0.0027143515180796385
v 0.0033454922959208497 0.010147090069949627 0.0035570666659623384
v 0.0037194408942013988 0.009618954733014107 0.0031183103565126657
v 0.003877531737089158 0.009271390736103058 0.003151139011606574
v 0.0038397181779146203 0.009446035139262676 0.0031347936019301414
v 0.0038770812097936877 0.009283199906349182 0.003278590040281415
v 0.0036746002733707437 0.009687856771051884 0.0034670880995690823
v 0.0038277378771454105 0.00949710514396429 0.003419154789298773
v 0.003876624861732126 0.009295265190303326 0.0034056019503623247
v 0.005131918471306563 0.007196248508989811 -0.010505281388759613
v 0.005111878272145987 0.0071952794678509235 -0.010503329336643219
v 0.004980699159204961 0.007568209432065487 -0.011110339313745499
v 0.005063015501946212 0.007201703265309334 -0.010516169480979443
v 0.00498501118272543 0.0072291758842766285 -0.01056981086730957
v 0.004572696052491666 0.007473405916243792 -0.010977016761898994
v 0.004426912870258094 0.007586342748254538 -0.011133947409689426
v 0.004814641550183297 0.008050440810620785 -0.011647727340459824
v 0.004422437865287066 0.007925022393465042 -0.011525318957865238
v 0.004417026415467263 0.008320796303451061 -0.011877099983394146
v 0.0046257972717285165 0.008616551756858826 -0.012086939066648483
v 0.004410874564200641 0.00875929556787014 -0.012173940427601337
v 0.0044042421504855165 0.009222088381648064 -0.012405659072101116
v 0.004157314077019692 0.007800013292580843 -0.011275206692516804
v 0.0041531138122081765 0.007672727108001709 -0.010732240043580532
v 0.004067858681082726 0.007806824985891581 -0.010936369188129902
v 0.004072981420904399 0.007878204807639122 -0.011263218708336353
v 0.0040158513002097615 0.007890775799751282 -0.010984138585627079
v 0.003987362142652274 0.008000697009265423 -0.011232441291213036
v 0.003983017522841693 0.007950286380946636 -0.010978507809340954
v 0.003923533018678428 0.008230550214648247 -0.011158119887113571
v 0.003954483661800624 0.008012189529836178 -0.010935844853520393
v 0.0039228736422956 0.008249175734817982 -0.011151882819831371
v 0.0039273928850889215 0.0081026004627347 -0.010784677229821682
v 0.003923634067177773 0.008136983029544353 -0.010686235502362251
v 0.004655586555600167 0.006758471019566059 -0.008498516865074635
v 0.005292326211929322 0.006610414478927851 -0.008560546673834324
v 0.005043092649430037 0.0060867429710924625 -0.00672520138323307
v 0.005370171274989844 0.006039660423994064 -0.006742510944604874
v 0.005135670304298402 0.005931123159825802 -0.0063237822614610195
v 0.0053790993988513955 0.005964548792690039 -0.006521348375827074
v 0.0054278899915516385 0.0054413084872066975 -0.005117357708513737
v 0.005446845199912787 0.0054166256450116634 -0.005060163326561451
v 0.005448105745017529 0.005407411605119705 -0.005037981551140547
v 0.005535119678825141 0.005258898250758648 -0.004699814599007368
v 0.006418791133910419 0.005239828955382109 -0.004784934688359499
v 0.0055417013354599485 0.005247525405138731 -0.0046746083535254
v 0.006764389574527742 0.004591804929077625 -0.003418844426050782
v 0.0058524971827864656 0.00468474393710494 -0.0035397510509938
v 0.007016260176897051 0.004015342332422733 -0.0022522341459989548
v 0.006144497543573381 0.004098074045032263 -0.0024508475326001644
v 0.006190804298967125 0.003995884209871292 -0.002252904698252678
v 0.006089092697948219 0.00578857259824872 -0.006159799173474312
v 0.00590918166562915 0.006063499953597784 -0.006935466546565294
v 0.005579052027314902 0.006531434133648872 -0.00837260764092207
v 0.005215124692767859 0.007005319464951754 -0.009895319119095802
v 0.007035844027996065 -0.0008357241749763489 0.0018170216353610158
v 0.007035844027996065 -0.0015969628002494574 0.001204038388095796
v 0.007035844027996065 -0.001976834377273917 0.0003035192785318941
v 0.007035844027996065 0.0017347928369417787 0.0009952356340363622
v 0.007035844493657352 0.0010560392402112484 0.0016984642716124654
v 0.007035844027996065 0.00012509619409684092 0.0019960845820605755
v 0.007035844493657352 0.001966148382052779 0.00036642063059844077
v 0.007035844027996065 -0.001966147916391492 -0.00036642063059844077
v 0.007035844027996065 0.0019768348429352045 -0.0003035192785318941
v 0.007035844027996065 -0.0017347923712804914 -0.0009952356340363622
v 0.007035844027996065 0.0008357245242223144 -0.001817020820453763
v 0.007035844493657352 0.0015969631494954228 -0.0012040374567732215
v 0.007035844027996065 -0.00012509588850662112 -0.0019960838835686445
v 0.007035844027996065 -0.001056038890965283 -0.0016984633402898908
v 0.006035970058292152 -0.001976835075765848 0.00030351916211657226
v 0.006035910453647377 -0.001966147916391492 -0.00036642063059844077
v 0.006035910919308664 0.001966148382052779 0.00036642063059844077
v 0.006035969592630865 -0.0015969634987413883 0.0012040381552651525
v 0.006035969592630865 -0.0008357249316759408 0.001817021518945694
v 0.006035969592630865 0.0001250954665010795 0.0019960845820605755
v 0.006035969592630865 0.0010560384253039956 0.0016984641551971436
v 0.006035970058292152 0.0017347921384498477 0.0009952355176210403
v 0.006035910919308664 0.0019768348429352045 -0.0003035192785318941
v 0.006035910919308664 0.0015969631494954228 -0.0012040374567732215
v 0.006035910919308664 0.0008357245242223144 -0.0018170207040384412
v 0.006035910919308664 -0.00012509585940279067 -0.0019960838835686445
v 0.006035910453647377 -0.001056038890965283 -0.0016984633402898908
v 0.006035910919308664 -0.0017347923712804914 -0.0009952356340363622
v 0.007071764674037697 0.00385972298681736 -0.001907192636281252
v 0.007062558084726335 0.003872879547998309 -0.0019378357101231813
v 0.007045829668641092 0.003935552202165127 -0.0020787750836461782
v 0.007384282536804678 0.003988957963883877 -0.0018893812084570527
v 0.007406594697386028 0.004009350668638945 -0.0018832663772627711
v 0.007473729550838472 0.0037976037710905075 -0.0013085809769108891
v 0.00746041350066662 0.004071000497788191 -0.0018631105776876211
v 0.00753255980089307 0.0042133573442697525 -0.0018101801397278905
v 0.007570424117147924 0.003952058032155037 -0.0012576091103255749
v 0.007170257624238731 0.003551860572770238 -0.0010845306096598506
v 0.007323649711906912 0.0036871505435556173 -0.0013411629479378462
v 0.007159167900681497 0.003479919396340847 -0.0008062541019171476
v 0.0073165996000170725 0.003501954022794962 -0.0006696615018881857
v 0.00713131530210376 0.0034314109943807125 -0.000539418077096343
v 0.007269003428518774 0.003452674252912402 -0.00030451035127043724
v 0.007096888031810524 0.003409578464925289 -0.00032253743847832084
v 0.0070408685132861155 0.003408628050237894 -6.23692903900519e-05
v 0.007184077054262163 0.003456447971984744 7.868958346080035e-05
v 0.00706635043025017 0.003519867081195116 0.0004399899044074118
v 0.006923168897628786 0.003465034067630768 0.00033096724655479193
v 0.006925757043063642 0.003626217134296894 0.0007632257766090333
v 0.0067311185412108916 0.0036169204395264387 0.0007836850127205253
v 0.006623118184506895 0.0039034350775182247 0.001303080003708601
v 0.0064913448877632635 0.0038499750662595034 0.0012390227057039738
v 0.006339034996926786 0.004174523055553436 0.0017400908982381225
v 0.006310115568339826 0.004046759568154812 0.0015802474226802588
v 0.006207286380231382 0.004253714345395565 0.0019192311447113752
v 0.006149917840957643 0.004188900347799063 0.0018924358300864697
v 0.0060902312397956865 0.004241392482072115 0.0020448716823011637
v 0.0061037694104015845 0.004192492458969355 0.001962859183549881
v 0.006122790277004244 0.004195183515548706 0.0019365940243005753
v 0.006035978440195324 0.003955173771828413 0.0019066132372245193
v 0.006052012555301191 0.004118144977837801 0.0019882789347320795
v 0.006035978905856611 0.004153877962380648 0.002072104485705495
v 0.0060682781040668505 0.0041593206115067005 0.001992411445826292
v 0.006084110122174026 0.004180304240435362 0.0019835212733596563
v 0.006415233481675388 0.0042724646627902985 0.0017772511346265674
v 0.006296986714005472 0.0045429798774421215 0.00197962555103004
v 0.006240049842745067 0.004343263804912567 0.001963971182703972
v 0.006097641773521902 0.004499480128288269 0.002140434691682458
v 0.006076870020478966 0.004306845832616091 0.002108039567247033
v 0.006035988219082357 0.004463513847440481 0.0021858534310013056
v 0.00603598076850176 0.004393221810460091 0.002177901566028595
v 0.00647433288395405 0.004386958200484514 0.001790746464394033
v 0.006859927438199522 0.0041388156823813915 0.0013370504602789879
v 0.0065451515838503855 0.004490958526730537 0.001746268942952156
v 0.006862594280391933 0.004318590275943279 0.001379768131300807
v 0.007190874777734281 0.004088029731065035 0.0008708304376341403
v 0.007196389604359867 0.0038849867414683104 0.0007906302344053984
v 0.007251129020005466 0.004045973066240549 0.0007525249966420233
v 0.0073832985945045965 0.0039613936096429825 0.0004434490401763469
v 0.007338373456150295 0.0037909355014562607 0.0004699318087659776
v 0.007487428374588491 0.003913227003067732 0.00011081434786319733
v 0.0074516846798360365 0.00373684149235487 0.00011932949564652517
v 0.007520244456827642 0.003906667232513428 -2.9268136131577194e-05
v 0.007528126239776613 0.003734910162165761 -0.0002471747575327754
v 0.007592928595840933 0.003946841228753328 -0.0005438131047412753
v 0.007567592430859806 0.0037796287797391415 -0.0006003193557262421
v 0.007604430895298721 0.004076406359672546 -0.001089447527192533
v 0.00755126914009452 0.004326474387198687 -0.0017635631375014782
v 0.007166835013777019 0.003602138487622142 -0.0012452719965949655
v 0.007133213803172113 0.003720946842804551 -0.0015709460712969303
v 0.007241334766149523 0.0039006390143185854 -0.0019101881189271808
v 0.00709770852699876 0.0038002922665327787 -0.0017670899396762252
v 0.006755163427442314 0.004004561807960272 0.0013395699206739664
v 0.007081474643200638 0.0037321820855140686 0.0007962406962178648
v 0.007226361427456142 0.0036295491736382246 0.000470582686830312
v 0.007344878278672697 0.0035694341640919447 0.00010867889068322256
v 0.007426956668496134 0.0035671303048729897 -0.00027311217854730785
v 0.0074702543206512945 0.0036159453447908163 -0.0006375731318257749
v 0.00681186141446233 0.00350931310094893 -0.0012757803779095411
v 0.006741541903465988 0.0033596111461520195 -0.0008331298013217747
v 0.00639205612242222 0.003230111673474312 -0.0013679389376193285
v 0.0065819835290312784 0.0033857582602649927 -0.0013165619457140565
v 0.006752372253686191 0.003482828149572015 -0.0012845227029174566
v 0.006035901140421631 0.0023838470224291086 -0.0016469781985506415
v 0.006119407247751953 0.002817937172949314 -0.0015039958525449038
v 0.00603590812534094 0.0022889403626322746 -0.0013393702683970332
v 0.00610350724309683 0.002649339148774743 -0.0009922347962856293
v 0.006035929080098869 0.0022768613416701555 -0.00037265144055709243
v 0.006035929080098869 0.0022758939303457737 -0.00037799481651745737
v 0.006099050398916008 0.002647120039910078 -0.0003721649991348386
v 0.006035918369889261 0.00223910016939044 -0.0008702941122464836
v 0.006035913713276388 0.002251117257401347 -0.0010815141722559929
v 0.006086117122322323 0.0030268148984760046 0.0006415313109755516
v 0.006035947240889074 0.0026145612355321646 0.0005034797359257936
v 0.0060934526845812815 0.0027906796894967556 0.00018953304970636964
v 0.006035938393324615 0.00239717704243958 6.478683644672856e-05
v 0.006035933271050455 0.0023201373405754566 -0.00017839357315097004
v 0.006035966798663141 0.003458585822954774 0.0014110455522313714
v 0.006035957485437395 0.002976622199639678 0.000960766279604286
v 0.006035951897501947 0.0027595297433435917 0.0007101328228600323
v 0.006058687809854748 0.003894142108038068 0.0016777939163148403
v 0.00606732163578272 0.003605883102864027 0.0013477492611855268
v 0.006271216087043287 0.0033011888153851032 0.0005711558624170721
v 0.006366056855767967 0.003841571742668748 0.001246441388502717
v 0.006184643600136043 0.0037563079968094826 0.0012830935884267092
v 0.006275487598031761 0.004055260214954615 0.0016033289721235633
v 0.006637798622250559 0.0033541577868163586 0.0001258324336959049
v 0.006561983842402698 0.0034751847852021456 0.0005265244981274009
v 0.006695407908409836 0.00330584985204041 -0.0003297739021945745
v 0.0061828703619539755 0.0029518436640501022 -0.0014597938861697912
v 0.006349004805088045 0.0030647015664726496 -0.0008991793147288263
v 0.00632895575836301 0.0030353995971381664 -0.0003471778763923794
v 0.006304159294813873 0.003128451993688941 0.00015135049761738628
v 0.0061097783036530035 0.00313205411657691 -0.0020477259531617165
v 0.006115687545388939 0.0029619045089930296 -0.001790685928426683
v 0.006722472608089449 0.0037190651055425406 -0.001801225240342319
v 0.0063512334600091 0.003483167616650462 -0.0019002817571163177
v 0.0062163718976080435 0.0035467511042952538 -0.0022811847738921642
v 0.006321936380118133 0.0036891947966068983 -0.0022722119465470314
v 0.006419866345822813 0.003785648150369525 -0.0022661350667476654
v 0.006700956728309395 0.003953322768211365 -0.002255569212138653
v 0.00610407628118992 0.0033044817391783 -0.00229644519276917
v 0.006035894155502321 0.0025768131017684937 -0.0019759146962314844
v 0.0060358857735991495 0.002866314724087715 -0.002324041211977601
v 0.006073972675949337 0.0031995321623981 -0.0023030557204037905
v 0.006035991013050081 0.0034604654647409916 0.0022221540566533804
v 0.006035995669662954 0.001594315399415791 0.002368640387430787
v 0.006035998463630678 0.0009112546686083078 0.0024239185731858015
v 0.006035886239260437 0.0002019955136347562 -0.002491837367415428
v 0.006035991013050081 -0.0010028769029304385 0.0022900199983268976
v 0.006035991013050081 -0.0010467865504324436 0.002270282944664359
v 0.006035985425114633 -0.0015024242457002401 0.001998168183490634
v 0.006035970989614727 -0.002150528132915497 0.0012748327571898699
v 0.00603595143184066 -0.0024740747176110744 0.00035909569123759866
v 0.006035930477082731 -0.002424230333417654 -0.0006108381785452366
v 0.006035910919308664 -0.0020085161086171865 -0.0014885845594108105
v 0.00603589601814747 -0.0012896803673356771 -0.002141674282029271
v 0.006035887636244299 -0.00037620108923874795 -0.0024715433828532696
v 0.006035994272679092 4.313607496442273e-05 0.002499592723324895
v 0.006035993807017805 -0.0004911825526505709 0.002451255451887846
v 0.006035993341356518 0.002451962325721979 0.002316680271178484
v 0.003925885539501906 0.0064634601585567 0.003326307749375701
v 0.003935559187084437 0.005913806147873402 0.0032526336144655943
v 0.005003314465284348 0.005830107722431421 0.0028104304801672697
v 0.003938417416065932 0.005752165336161852 0.003225137246772647
v 0.0039251609705388555 0.006505166180431843 0.003330834675580263
v 0.004702892620116473 0.0065234992653131485 0.0030386473517864943
v 0.005402341950684787 0.00654555344954133 0.002688532928004861
v 0.005538409110158683 0.005676912609487772 0.002534786704927683
v 0.005625484976917506 0.00655409786850214 0.0025531428400427103
v 0.006036144215613605 0.004472031258046627 0.0021861582063138485
v 0.006035728845745327 0.004544899333268404 0.0021898571867495775
v 0.005520663224160672 0.004803076386451721 0.0024548526853322983
v 0.0060361111536622065 0.00503293052315712 0.002212072489783168
v 0.004904132336378098 0.005171195138245821 0.0027536158449947834
v 0.006035992410033943 0.006572347600013018 0.0022632647305727005
v 0.004997225012630225 0.003951591905206442 0.0026236961130052805
v 0.003985254094004632 0.0030937439296394587 0.0028420770540833473
v 0.005007929634302855 0.0027791550382971764 0.0025800643488764763
v 0.0039587519131600865 0.004600648768246174 0.0030375823844224215
v 0.0040134876035153874 0.0014868539292365313 0.0026508166920393705
v 0.005026006605476142 0.0015387447783723474 0.0025171104352921247
v 0.005517378915101291 4.294773316360079e-05 0.002500965492799878
v 0.005037452094256879 4.2977531848009676e-05 0.002498411340638995
v 0.00403882283717394 4.240036287228577e-05 0.0025024511851370335
v 0.0040395823307335385 -1.4363299669639673e-06 0.0025026430375874043
v 0.004048823844641448 -0.0005278691533021629 0.0024444088339805603
v 0.0050416234880685815 -0.0004989182925783098 0.002449190244078636
v 0.004057892598211766 -0.0010322227608412504 0.0022769873030483723
v 0.005538650322705508 -0.0004949067370034754 0.0024508663918823004
v 0.005521685350686313 -0.0010105230612680316 0.0022866663057357073
v 0.005046941805630923 -0.0010175715433433652 0.0022835489362478256
v 0.004058025777339936 -0.001039522117935121 0.0022736641112715006
v 0.004058158025145532 -0.0010467779356986284 0.0022703318390995264
v 0.004045782610774041 0.00019714247900992632 -0.0024921856820583344
v 0.004054904449731112 -0.00033045143936760724 -0.0024781322572380304
v 0.004063600208610297 -0.0008458737866021693 -0.002352544106543064
v 0.004071399103850127 -0.0013212747871875763 -0.0021223959047347307
v 0.004077997524291278 -0.0017379641067236662 -0.0017974022775888443
v 0.004082812927663327 -0.0020576920360326767 -0.0014197760028764606
v 0.004086296074092389 -0.0023101994302123785 -0.0009561252663843334
v 0.004087607376277448 -0.002424238482490182 -0.0006107990047894418
v 0.004085307475179435 -0.0024266706313937902 0.0006021737935952842
v 0.004086600150913001 -0.002474151086062193 0.0003591477870941162
v 0.004087570123374463 -0.0024988434743136168 7.830025424482301e-05
v 0.004087907727807761 -0.0024596937000751495 -0.000447925238404423
v 0.004081518389284612 -0.002260110806673765 0.0010686336318030953
v 0.004079223144799472 -0.002150700893253088 0.00127498060464859
v 0.004060691222548486 -0.001185158034786582 0.0022013583220541477
v 0.004068816080689431 -0.0016205564606934786 0.0019036531448364258
v 0.004075884819030763 -0.00198543444275856 0.0015195574378594756
v 0.0039768535643816 0.0041444250382483006 -0.0022435931023210287
v 0.006189135834574701 0.004183660261332989 -0.002241074573248625
v 0.006169463973492386 0.004226273857057095 -0.002327407244592905
v 0.003960302099585534 0.00537400646135211 -0.004714303184300661
v 0.005530414171516896 0.005401234608143568 -0.004711269401013851
v 0.005544209852814675 0.005375182721763849 -0.004658434074372053
v 0.005884830374270679 0.004762211814522743 -0.003414512611925602
v 0.005221499130129815 0.005879685748368502 -0.005957227665930986
v 0.004964215215295554 0.006308714859187603 -0.0070736040361225605
v 0.004498212132602931 0.007148870266973972 -0.009258090518414974
v 0.003934918437153102 0.007426104508340359 -0.00999798346310854
v 0.004340251442044974 0.007433132268488407 -0.009997200220823288
v 0.004192196298390628 0.007663323078304529 -0.01059777569025755
v 0.0039353370666503915 0.007922499440610409 -0.011253532022237778
v 0.003991063218563796 0.007875652052462101 -0.011150786653161049
v 0.004155688919126988 0.0077095841988921165 -0.010717368684709072
v 0.004097784403711558 0.007918226532638073 -0.010718229226768017
v 0.003924638032913209 0.008104605600237846 -0.01079369056969881
v 0.00415579415857792 0.007668339181691408 -0.010723288170993328
v 0.004158429801464082 0.007663988508284092 -0.010714327916502953
v 0.004165037069469691 0.0076529355719685555 -0.010691183619201183
v 0.004161769524216653 0.007658428978174925 -0.010702753439545631
v 0.004189718980342151 0.0076112947426736355 -0.010602625086903572
v 0.0043217972852289685 0.007378776557743549 -0.010071009397506714
v 0.004338090773671866 0.007348892278969288 -0.009999659843742847
v 0.004352197516709567 0.007322853431105614 -0.00993697252124548
v 0.004251847509294749 0.007726427633315325 -0.011260220780968666
v 0.004212836734950543 0.00923419464379549 -0.012369422242045403
v 0.004230088088661433 0.008774162270128727 -0.01214343961328268
v 0.004059163387864829 0.008827951736748219 -0.012046536430716515
v 0.004050597548484803 0.009274049662053585 -0.012268494814634323
v 0.003946625161916018 0.008912180550396442 -0.011899112723767757
v 0.0039422488771379 0.009335577487945557 -0.012118258513510227
v 0.0039144069887697705 0.008788182400166988 -0.011607551947236061
v 0.0039043189026415357 0.009407605044543743 -0.011945934034883976
v 0.004071299917995931 0.008025025948882103 -0.011421558447182178
v 0.003958650864660741 0.008144735358655453 -0.011302031576633453
v 0.004241976886987687 0.007947671227157116 -0.01150028221309185
v 0.0042364136315882215 0.008339731954038143 -0.011849048547446728
v 0.004065621178597213 0.008405899628996849 -0.011760452762246132
v 0.003953023348003627 0.008508790284395218 -0.011625821702182293
v 0.0022815535776317124 0.01791617088019848 -0.011456673964858055
v 0.002280079293996096 0.017928099259734154 -0.010803996585309505
v 0.0019965195097029213 0.017915263772010803 -0.011506399139761925
v 0.0017801781650632624 0.017926694825291634 -0.010880781337618828
v 0.0017101495759561662 0.017914507538080215 -0.011547739617526531
v 0.0013736251275986435 0.017925813794136047 -0.010923191905021667
v 0.0008759868796914818 0.017913077026605606 -0.011625973507761955
v 0.0007012352580204607 0.017925037071108818 -0.010963439010083675
v 3.58437464456074e-05 0.01791263371706009 -0.011650332249701023
v 3.5844666854245595e-05 0.017924975603818893 -0.010975037701427937
v 3.077690780628473e-05 0.01791263371706009 -0.011650331318378448
v 2.5818080757744617e-05 0.017924977466464043 -0.010975048877298832
v 2.576873703219463e-05 0.01791263185441494 -0.011650330387055874
v 0.0037806304171681413 0.016448097303509712 -0.01111703459173441
v 0.0037770166527479896 0.016477471217513084 -0.009509267285466194
v 0.0037323355209082374 0.01680087484419346 -0.01106373779475689
v 0.0037739237304776916 0.01655217446386814 -0.009572632610797882
v 0.0035959144588559875 0.01714412309229374 -0.011078022420406342
v 0.0036907633766531953 0.016948606818914413 -0.009913846850395203
v 0.003524856874719263 0.017273809760808945 -0.010194879956543446
v 0.003515150165185333 0.01727456972002983 -0.011099348776042461
v 0.003434569342061878 0.017393559217453003 -0.010298875160515308
v 0.00336307822726667 0.01746043935418129 -0.011145352385938168
v 0.0032592222560197124 0.01756996475160122 -0.010452699847519398
v 0.00304155144840479 0.017724065110087395 -0.010588445700705051
v 0.003100507194176317 0.01767670549452305 -0.01122721005231142
v 0.0029436443001031884 0.01777620241045952 -0.010634751059114933
v 0.0030461244750767955 0.017710290849208832 -0.011243845336139202
v 0.0025962165091186766 0.017895452678203583 -0.010743066668510437
v 0.0026749724056571726 0.017865445464849472 -0.011352124623954296
v 0.0028453888371586804 0.017808811739087105 -0.011303628794848919
v 0.0024129981175065045 0.027305688709020615 -0.009095937944948673
v 0.0025155355688184504 0.026222368702292442 -0.009400971233844757
v 0.0025604555848985915 0.02737523801624775 -0.00903034582734108
v 0.0028804179746657614 0.026932939887046814 -0.00902214553207159
v 0.002891951007768512 0.027545087039470673 -0.008807964622974396
v 0.003179920371621848 0.027710754424333572 -0.008498463779687881
v 0.003271075431257487 0.026834720745682716 -0.00869202520698309
v 0.0032420475035905847 0.027748720720410347 -0.008410194888710976
v 0.003384941257536412 0.027838392183184624 -0.008156887255609035
v 0.0035204661544412383 0.02669992856681347 -0.008255121298134327
v 0.003494272707030178 0.027907345443964005 -0.007874418050050735
v 0.0035292664542794236 0.02792789228260517 -0.007741797715425491
v 0.0035990774631500253 0.02654918096959591 -0.007806732784956694
v 0.0035740614403039226 0.027941010892391205 -0.007350600324571133
v 0.003624362638220192 0.02513132616877556 -0.008168182335793972
v 0.003556267824023963 0.02521299198269844 -0.008605489507317543
v 0.0033391735050827273 0.025289926677942276 -0.009031723253428936
v 0.0029953769408166417 0.025347596034407616 -0.009368174709379673
v 0.0025940572377294306 0.025378601625561714 -0.009569262154400349
v 0.0030585594940930614 0.020937638357281685 -0.010015576146543026
v 0.00264920573681593 0.02090040221810341 -0.010224179364740849
v 0.003051921725273133 0.023103954270482063 -0.009693860076367855
v 0.0026513149496167903 0.02388213761150837 -0.009794688783586025
v 0.0036318504717201003 0.02083502896130085 -0.009242209605872631
v 0.003701181849464775 0.020771339535713196 -0.008796817623078823
v 0.0036639238242059955 0.02288738079369068 -0.008504616096615791
v 0.003409857628867031 0.020894303917884827 -0.009675763547420502
v 0.003386315656825901 0.023064279928803444 -0.009355774149298668
v 0.003596915164962412 0.0230107381939888 -0.008930946700274944
v 3.584392106859014e-05 0.019717620685696602 -0.010730345733463764
v 0.0006869002245366574 0.02494960092008114 -0.010034275241196156
v 0.0007709056953899565 0.023603640496730804 -0.010235696099698544
v 0.001515502575784922 0.023690206930041313 -0.010123816318809986
v 3.0317058190121322e-05 0.024924924597144127 -0.010064585134387016
v 3.0020126359886497e-05 0.02443232759833336 -0.010150237940251827
v 2.964630220958498e-05 0.02388477325439453 -0.010230610147118568
v 3.619557901402005e-05 0.023294365033507347 -0.010307109914720058
v 0.0024579935707151894 0.025325119495391846 -0.009623878635466099
v 0.0022833268158137803 0.02526276372373104 -0.00968844536691904
v 0.0022302411962300543 0.02384582720696926 -0.009935482405126095
v 0.00199367105960846 0.025173630565404892 -0.009782655164599419
v 0.001349955680780113 0.02503059245646 -0.009939969517290592
v 0.0021600860636681323 0.022064469754695892 -0.010197375901043415
v 3.584421210689471e-05 0.02268070913851261 -0.010380481369793415
v 3.5850207495968796e-05 0.02200753428041935 -0.010457778349518776
v 0.0007482695509679618 0.021895624697208405 -0.010444003157317638
v 3.584381920518354e-05 0.021297156810760498 -0.010538991540670395
v 3.2964355341391645e-05 0.02052311785519123 -0.010630052536725998
v 0.00146929977927357 0.021955810487270355 -0.01035305205732584
v 3.275045673944988e-05 0.02330472320318222 -0.010305824689567089
v 2.863394183805213e-05 0.021183382719755173 -0.01055214460939169
v 2.5796625777729794e-05 0.02330472506582737 -0.010305824689567089
v 2.0870891603408385e-05 0.0218777097761631 -0.010472564958035946
v 2.190214763686527e-05 0.022680718451738358 -0.01038048043847084
v 2.233952909591608e-05 0.02329432964324951 -0.010307114571332932
v 1.5791694750078026e-05 0.017924988642334938 -0.010975035838782787
v 1.809802415664308e-05 0.019717633724212646 -0.01073034480214119
v 2.012651566474233e-05 0.021297167986631393 -0.010538989678025246
v -0.002228415803983808 0.01793096214532852 -0.01080372091382742
v -0.0022299855481833224 0.017919037491083145 -0.011456398293375969
v -0.001728526316583157 0.017928920686244965 -0.010880567133426666
v -0.001944958465173841 0.01791776530444622 -0.011506158858537674
v -0.0013370193773880603 0.017927680164575577 -0.01092169526964426
v -0.0016585949342697863 0.017916645854711533 -0.011547533795237541
v -0.0006495863781310619 0.0179260466247797 -0.010963300243020058
v -0.000824444927275181 0.01791415922343731 -0.011625869199633598
v 2.076159580610693e-05 0.017912639304995537 -0.011650331318378448
v 1.5693927707616243e-05 0.017912646755576134 -0.011650330387055874
v -0.0022672943305224185 0.017956996336579323 -0.011653032153844833
v -0.0023214041721075778 0.018499527126550674 -0.011950348503887653
v -0.0017215899424627428 0.018493585288524628 -0.012046598829329014
v -0.0023206833284348254 0.01829601638019085 -0.01194150373339653
v -0.0017210087971761827 0.018290841951966286 -0.012036483734846115
v -0.002301663160324097 0.018091782927513123 -0.011836656369268894
v -0.0017078900709748272 0.01808798871934414 -0.011930229142308235
v -0.001684262766502798 0.017954280599951744 -0.011745358817279339
v -0.0012789916945621373 0.018489928916096687 -0.012096191756427288
v 1.571736902405974e-05 0.0179497841745615 -0.011848775669932365
v 1.586186408530921e-05 0.018081821501255035 -0.01203444879502058
v 1.5969035302987326e-05 0.01817258819937706 -0.012098116800189018
v 1.610409708519001e-05 0.018282530829310417 -0.012142262421548367
v 1.6358178982045505e-05 0.018484046682715416 -0.012154338881373405
v 2.9715312848566107e-05 0.02410934679210186 -0.01144787110388279
v 3.584428122849204e-05 0.022853558883070946 -0.011603082530200481
v 2.9077948056510656e-05 0.02330116182565689 -0.011550221592187881
v 3.584383739507758e-05 0.022151239216327667 -0.011684020981192589
v 2.733695873757825e-05 0.02154008485376835 -0.011754748411476612
v 3.5843891964759684e-05 0.021411797031760216 -0.011769739910960197
v 3.58440011041239e-05 0.02060503140091896 -0.01186687033623457
v 3.58438992407173e-05 0.01976713165640831 -0.011974746361374855
v 2.6101173716597266e-05 0.01848401315510273 -0.012154332362115383
v 3.5843877412844456e-05 0.018484031781554222 -0.012154340744018555
v 2.1972060494590554e-05 0.022853566333651543 -0.011603081598877907
v 2.1070958609925586e-05 0.022151248529553413 -0.011684020049870014
v 1.8008608094532977e-05 0.019767144694924355 -0.011974744498729706
v 1.9538380001904446e-05 0.02104632928967476 -0.011813121847808361
v 2.0121931811445396e-05 0.02141180820763111 -0.011769738979637623
v 2.049035902018659e-05 0.017949461936950684 -0.011847993358969688
v 2.5764878955669708e-05 0.017950773239135742 -0.011851200833916664
v 2.0841574951191436e-05 0.01806623302400112 -0.012020105496048927
v 2.586393929959741e-05 0.018081797286868095 -0.012034434825181961
v 2.1183692297199744e-05 0.01817256584763527 -0.012098108418285847
v 2.5932096832548275e-05 0.018172575160861015 -0.012098114937543869
v 2.6003770472016192e-05 0.018279951065778732 -0.01214156299829483
v 2.1774072592961605e-05 0.018297286704182625 -0.012145999819040298
v 3.468430077191443e-05 0.01833662949502468 -0.01215367205440998
v 3.068324076593854e-05 0.018172578886151314 -0.012098118662834167
v 3.0715586035512395e-05 0.017942721024155617 -0.011830523610115051
v 3.4953187423525385e-05 0.018033815547823906 -0.011985907331109047
v 3.584377554943786e-05 0.018341107293963432 -0.012154338881373405
v 3.584407386370004e-05 0.018282514065504074 -0.012142264284193516
v 3.584388468880207e-05 0.017942721024155617 -0.011830524541437626
v 3.584408841561527e-05 0.018030842766165733 -0.011982426047325134
v 3.584406294976362e-05 0.01808181032538414 -0.012034449726343155
v 3.584413934731857e-05 0.018172577023506165 -0.012098117731511593
v 0.0013178845401853325 0.018488189205527306 -0.012097586877644062
v 0.001772979623638094 0.01828862354159355 -0.012036696076393127
v 0.0013316493714228275 0.01848827302455902 -0.012096310034394264
v 0.0017738160677254204 0.018491365015506744 -0.0120468121021986
v 0.001735841622576118 0.01795210875570774 -0.011745566502213478
v 0.0017596158431842928 0.01808578334748745 -0.011930440552532673
v 0.0023188872728496794 0.017954085022211075 -0.011653311550617218
v 0.002353404881432653 0.018088826909661293 -0.011836940422654152
v 0.002372670685872436 0.01829303801059723 -0.011941789649426937
v 0.0023736492730677132 0.018496545031666756 -0.011950635351240635
v 0.004002563189715148 0.01681894063949585 -0.011510125361382961
v 0.003998585510998965 0.01652783900499344 -0.011522718705236912
v 0.003925213124603034 0.016515344381332397 -0.011462855152785778
v 0.003718685358762742 0.017777007073163986 -0.011654394678771496
v 0.003423454938456417 0.01799621246755123 -0.011721747927367687
v 0.003770898561924697 0.01802382431924343 -0.011640183627605438
v 0.003343336749821902 0.01828576624393463 -0.01174493320286274
v 0.0030942766461521396 0.018158303573727608 -0.011794740334153175
v 0.0027394557837396864 0.01825868897140026 -0.011869248002767563
v 0.0028693969361484055 0.018445579335093498 -0.011850710026919842
v 0.002900187857449055 0.01783239282667637 -0.011509048752486706
v 0.0026158546097576623 0.017921123653650284 -0.01158182229846716
v 0.003160084830597044 0.01769222877919674 -0.011438693851232529
v 0.003388379933312536 0.017505399882793427 -0.011375193484127522
v 0.0035746791400015363 0.017281481996178627 -0.011325827799737453
v 0.003713996149599553 0.017030492424964905 -0.011299029923975468
v 0.0036705376114696273 0.01701839081943035 -0.011176597326993942
v 0.0042218281887471685 0.01654704660177231 -0.01160426251590252
v 0.004141483455896378 0.016851680353283882 -0.011559578590095043
v 0.004280538763850928 0.01654868572950363 -0.011607465334236622
v 0.004282556474208833 0.01688227988779545 -0.011564989574253559
v 0.004436014685779811 0.016546806320548058 -0.011582612060010433
v 0.004507495090365411 0.016925610601902008 -0.011480461806058884
v 0.004560852888971568 0.016537725925445557 -0.01152207050472498
v 0.0026793044526129965 0.018053177744150162 -0.01176794059574604
v 0.002992297289893032 0.017957638949155807 -0.011698268353939056
v 0.003279610304161907 0.01780691184103489 -0.01163160428404808
v 0.003625985700637103 0.017687249928712845 -0.011630796827375889
v 0.0032136072404682645 0.017736846581101418 -0.01154373399913311
v 0.0034516649320721635 0.017543910071253777 -0.011483447626233101
v 0.0035335535649210223 0.017606394365429878 -0.011572295799851418
v 0.0036461248528212318 0.017313936725258827 -0.01143756601959467
v 0.0037932631094008693 0.016468960791826248 -0.011227366514503956
v 0.003758300095796586 0.01674700528383255 -0.011180249974131584
v 0.0038429214619100103 0.01649370789527893 -0.011354990303516388
v 0.003802380058914424 0.016763810068368912 -0.011304435320198536
v 0.0038849611300975093 0.016788391396403313 -0.011420384980738163
v 0.0037919189780950555 0.017057934775948524 -0.01141376607120037
v 0.0039008024614304313 0.017100133001804352 -0.011503944173455238
v 0.003742606844753028 0.01736699789762497 -0.011527289636433125
v 0.004028447903692723 0.01715252920985222 -0.01155618391931057
v 0.0038539583329111346 0.017435485497117043 -0.01158280298113823
v 0.004158055409789086 0.017208080738782883 -0.011566408909857273
v 0.0039666187949478635 0.01751069910824299 -0.011599723249673843
v 0.004366491921246053 0.01730240322649479 -0.01149268914014101
v 0.0041274414397776136 0.017673250287771225 -0.011548184789717197
v 0.004595281090587378 0.01499028317630291 -0.011797783896327019
v 0.00459944223985076 0.014812014065682888 -0.011827659793198109
v 0.00437039788812399 0.014822530560195446 -0.0119151771068573
v 0.004734146874397994 0.010124416090548038 -0.01229237113147974
v 0.0047595780342817315 0.009427761659026146 -0.012296482920646667
v 0.004611309152096511 0.009426632896065712 -0.012399885803461075
v 0.003811022965237499 0.014729967340826988 -0.011427068151533604
v 0.003871051827445627 0.014770548790693283 -0.01166135910898447
v 0.0038733119145035752 0.011187611147761345 -0.011873415671288967
v 0.0039115017279982576 0.009409035556018353 -0.012029535137116909
v 0.003937495406717063 0.01120554655790329 -0.012117250822484493
v 0.004704101011157037 0.01099203247576952 -0.012264696881175041
v 0.0045991307124495515 0.011230881325900555 -0.012316928245127201
v 0.0044683036394417295 0.011231689713895321 -0.012361809611320496
v 0.004402688704431058 0.009423482231795788 -0.012444848194718361
v 0.004316712263971568 0.011229458265006542 -0.012367894873023033
v 0.00417038006708026 0.009418939240276814 -0.01238679513335228
v 0.004163209814578296 0.011223827488720417 -0.012325122021138668
v 0.0040728235617280015 0.00941622257232666 -0.012319291010499
v 0.004031065851449967 0.0112153934314847 -0.01223628968000412
v 0.0039924592711031446 0.009413452818989754 -0.012228463776409626
v 0.003972501493990422 0.009412632323801517 -0.012197073549032211
v 0.003958017099648715 0.014791475608944893 -0.011776030994951725
v 0.0040808706544339666 0.01480859611183405 -0.01186419278383255
v 0.004225035663694144 0.014819269999861717 -0.011911755427718163
v 0.0038484621327370414 0.012605804949998856 -0.011740253306925297
v 0.0039037864189594993 0.012994359247386456 -0.01193422731012106
v 0.003993212245404721 0.01301113422960043 -0.012050696648657322
v 0.004119525663554669 0.013024920597672462 -0.012139271013438702
v 0.004267198499292136 0.013033512979745865 -0.012185197323560715
v 0.00441496865823865 0.013036110438406467 -0.0121851721778512
v 0.0045449729077517995 0.013033482246100903 -0.01214752160012722
v 0.004644463304430247 0.013006297871470451 -0.012092038989067078
v 0.004365484230220319 0.009409630671143532 -0.01244335900992155
v 0.00446134526282549 0.00940525159239769 -0.012441514059901237
v 0.004279366694390775 0.00937058124691248 -0.012426902540028095
v 0.004731028806418181 0.009403685107827187 -0.01232313085347414
v 0.004600508604198695 0.009315360337495804 -0.012393568642437458
v 0.0045428513549268254 0.009358547627925873 -0.012421831488609314
v 0.004581111483275891 0.009304361417889595 -0.012398992665112019
v 0.004072407260537148 0.009391793049871922 -0.012318119406700134
v 0.004224640782922507 0.009297922253608704 -0.012396280653774738
v 0.004981042817234994 0.00880605261772871 -0.012008571065962315
v 0.004877050407230855 0.008727231994271278 -0.012067928910255432
v 0.0052377195097506055 0.008473549038171768 -0.011565146967768669
v 0.005289998371154071 0.008350362069904804 -0.011439654044806957
v 0.005211425945162774 0.008278335444629192 -0.011564291082322598
v 0.005583598278462888 0.007693718187510967 -0.010527458041906357
v 0.005605992395430804 0.007651569787412882 -0.01044453028589487
v 0.005541722755879165 0.007463985588401556 -0.010506082326173782
v 0.005172837059944869 0.007202472072094679 -0.010513713583350182
v 0.005209839902818204 0.007210955489426851 -0.010520121082663536
v 0.005137459374964238 0.007612842600792646 -0.011125604622066021
v 0.005295066162943841 0.007241442333906889 -0.010530298575758934
v 0.0052884453907608995 0.007704674731940031 -0.011104117147624493
v 0.00539160380139947 0.007297905627638102 -0.01053304597735405
v 0.0054003805853426465 0.007830154150724411 -0.01104565616697073
v 0.005427482537925244 0.008027545176446438 -0.011056712828576565
v 0.005027326289564372 0.008937203325331211 -0.0119668273255229
v 0.004752404987812043 0.008661496452987194 -0.012094249948859215
v 0.004959943238645793 0.008095781318843365 -0.011658127419650555
v 0.00510120252147317 0.008175378665328026 -0.011630074121057987
v 0.005750521086156369 0.007478589192032814 -0.009880120866000652
v 0.005702205002307893 0.007303319405764341 -0.00992235541343689
v 0.005576693918555976 0.007138242479413748 -0.009942715056240559
v 0.0053970515727996835 0.007033195812255144 -0.009931301698088646
v 0.007413689978420736 0.004709579050540924 -0.0026120732072740793
v 0.006675389595329763 0.005126770585775375 -0.004475955851376057
v 0.006966367829591038 0.004564231727272272 -0.0033044456504285336
v 0.006387097761034967 0.005624400917440653 -0.005665688309818506
v 0.00599387474358082 0.006535048130899668 -0.00805154349654913
v 0.00583860231563449 0.0064482614398002625 -0.008044296875596046
v 0.0063409237191081064 0.00667486060410738 -0.007292855530977249
v 0.00616209674626589 0.006773649714887142 -0.008013466373085976
v 0.006706353742629291 0.005944820120930672 -0.0056144162081182
v 0.0060788462869823 0.006620893254876137 -0.008043325506150723
v 0.006623935885727407 0.005795864388346672 -0.005653465166687965
v 0.006990110967308285 0.005440052133053541 -0.004408323206007481
v 0.006908316165208818 0.0052956934086978436 -0.00445457361638546
v 0.006708547007292511 0.006101381964981556 -0.005671915598213673
v 0.007048043422400953 0.005492547992616892 -0.004225976765155792
v 0.007271856069564821 0.004870747681707144 -0.0032183886505663395
v 0.007192726247012617 0.0047309319488704205 -0.0032711124513298273
v 0.006540163885802032 0.005711443722248077 -0.005667052697390318
v 0.00682584196329117 0.005213283933699131 -0.004472438246011734
v 0.007112811785191299 0.004650471732020378 -0.0032937638461589813
v 0.007256244309246542 0.006084989290684462 0.0007358944276347756
v 0.00741948699578643 0.006001535337418318 0.00027816041256301105
v 0.007333124522119762 0.007432665675878525 0.00034405646147206426
v 0.004920800216495992 0.013332671485841274 0.0024505502078682184
v 0.004049805458635093 0.013806827366352081 0.0029092857148498297
v 0.004269793163985015 0.012156340293586254 0.00302862748503685
v 0.006774657871574165 0.010658985935151577 0.000843461137264967
v 0.0069470764137804526 0.01056758128106594 0.00041725137270987034
v 0.006654889322817327 0.012310309335589409 0.0004287280316930264
v 0.006453990470618011 0.01642605848610401 -0.0020500323735177517
v 0.006419123616069557 0.0162395928055048 -0.0011584670282900333
v 0.006900212261825802 0.012385837733745575 -0.0014278081944212317
v 0.005969867575913669 0.01797027327120304 -0.008053284138441086
v 0.005599817261099816 0.01489268895238638 -0.010210081934928894
v 0.006259399931877853 0.02164854295551777 -0.005577423609793186
v 0.004925731103867293 0.00987011007964611 -0.012094017118215561
v 0.005156714469194413 0.009741066955029964 -0.011742152273654938
v 0.004796863067895175 0.012439984828233719 -0.012038123793900013
v 0.0050688590854406365 0.012331492267549038 -0.011734463274478912
v 0.004344569984823466 0.017816763371229172 -0.011402557604014874
v 0.0006495305569842459 0.022085465490818024 -0.011673343367874622
v 0.006663465406745674 0.03512181341648102 -0.00045027604210190475
v 0.006407038308680059 0.030887261033058167 -0.000565990514587611
v 0.006587212905287744 0.03075491450726986 -0.0011956134112551808
v 3.352422936586664e-05 0.028815982863307 0.0029982568230479956
v 3.2025502150645486e-05 0.02640809491276741 0.002976697636768222
v 0.0006871888763271273 0.0272706039249897 0.0029550164472311735
v 0.002702521160244942 0.017901472747325897 0.002942817285656929
v 0.0056011523120105275 0.007253529038280249 0.0025817668065428734
v 0.0067493431270122545 0.006431332789361477 0.0015632123686373234
v 0.005697385873645545 0.00921211764216423 -0.01015861053019762
v 0.004626292269676925 0.007889963686466217 0.0031109226401895285
v 0.0038858253974467525 0.00876476801931858 0.0034059053286910057
v 0.0045603783801198014 0.009216883219778538 0.003131476929411292
v 0.0033829626627266416 0.011154071427881718 0.00349239818751812
v 0.004445166792720557 0.010630217380821705 0.0031073379795998335
v 0.0035665659233927735 0.017511319369077682 0.002630055183544755
v 0.0017800065688788895 0.0182254109531641 0.0031616436317563057
v 0.0008198827854357662 0.018437547609210014 0.003285869723185897
v 3.5152141208527616e-05 0.03130125254392624 0.0030527787748724222
v 3.548712629708462e-05 0.031827256083488464 0.0030673700384795666
v 0.0006856869440525771 0.03235572576522827 0.0030602107290178537
v 0.001485810382291675 0.032275184988975525 0.002967539709061384
v 0.0022647387813776736 0.03214754909276962 0.0028069824911653996
v 0.003010716987773777 0.031985942274332047 0.0025814324617385864
v 0.0037119900807738313 0.031803518533706665 0.0022937848698347807
v 0.005837448406964541 0.031124761328101158 0.0005803059902973473
v 0.006206809543073179 0.03574357181787491 0.000558773404918611
v 0.006160120014101269 0.03100508078932762 2.761669020401314e-05
v 0.006321148946881296 0.03562627360224724 0.0003594736917875707
v 0.004356801044195891 0.03161340206861496 0.0019469291437417269
v 0.004933395888656379 0.0314287506043911 0.0015437613474205136
v 0.005430018063634635 0.03126268833875656 0.001087173935957253
v 0.006489497609436514 0.03541554883122444 1.2247471204318572e-05
v 0.006938049569725992 0.03419627994298935 -0.0017698723822832108
v 0.006773592438548805 0.034863509237766266 -0.0008382003288716078
v 0.006767028011381628 0.0348813533782959 -0.0008119273115880787
v 0.006709604989737274 0.03059167042374611 -0.0018563540652394295
v 0.006782952230423691 0.03038124367594719 -0.002543344395235181
v 0.006967000663280489 0.03397286310791969 -0.00206194119527936
v 0.006815928965806963 0.030107349157333374 -0.003251727670431137
v 0.00700781447812915 0.03318897262215614 -0.0030204378999769688
v 0.0067370939068496245 0.02879376709461212 -0.005450537893921137
v 0.006978518795222046 0.03212045133113861 -0.004191302694380283
v 0.006792680360376837 0.029310543090105057 -0.004712473135441542
v 0.006817209068685772 0.029753725975751877 -0.003976644482463598
v 0.006642418913543226 0.02822577767074108 -0.006181403994560242
v 0.006704842671751978 0.030014649033546448 -0.006261101923882961
v 0.0068766730837523955 0.031027184799313545 -0.005289597902446985
v 0.006500625517219307 0.027628984302282333 -0.006895632017403841
v 0.006303681991994383 0.027025777846574783 -0.007583786733448505
v 0.006472610868513586 0.029123971238732338 -0.007098714355379343
v 0.0060435575433075445 0.026438558474183083 -0.008236429654061794
v 0.006162748672068121 0.028300447389483452 -0.007871945388615131
v 0.0057122218422591695 0.025889717042446136 -0.008844124153256416
v 0.005812633316963912 0.027635660022497177 -0.008505720645189285
v 0.005301647353917361 0.025401636958122253 -0.009397436864674091
v 0.005402579437941314 0.027072204276919365 -0.0090609947219491
v 0.005660952534526587 0.027405209839344025 -0.008729944936931133
v 0.004807990044355393 0.0249905064702034 -0.009888782165944576
v 0.004239880479872228 0.02465394325554371 -0.010316100902855396
v 0.004153425339609385 0.026073269546031952 -0.010135089047253132
v 0.00458586122840643 0.026340803131461143 -0.00983264297246933
v 0.004983813501894475 0.026650607585906982 -0.009497128427028656
v 0.005073466338217259 0.026731228455901146 -0.009412044659256935
v 0.0030194262508302936 0.025597279891371727 -0.010713293217122555
v 0.0032007782720029363 0.025656402111053467 -0.010637870989739895
v 0.0036082637961953887 0.024386150762438774 -0.01067835558205843
v 0.003669376252219082 0.025836726650595665 -0.01041479129344225
v 0.004112866707146169 0.026051154360175133 -0.010160712525248528
v 0.0029240841977298264 0.0241813063621521 -0.010974514298141003
v 0.0021982868202030663 0.02403360791504383 -0.011203538626432419
v 0.002157216658815742 0.02538268454372883 -0.010999678634107113
v 0.0014418169157579543 0.023937251418828964 -0.011364392004907131
v 0.0016512497095391159 0.02529952861368656 -0.011117973364889622
v 0.000665618688799441 0.0238864216953516 -0.011456041596829891
v 0.0008466612780466678 0.025219909846782684 -0.011237879283726215
v 0.0010540856746956708 0.02523481473326683 -0.011214706115424633
v 3.0414554203161977e-05 0.02519502118229866 -0.011277955956757069
v 0.0013626937288790943 0.02003663033246994 -0.011867061257362366
v 0.0006304474663920702 0.020021365955471992 -0.0119269834831357
v 0.003980521112680436 0.0202765055000782 -0.011128288693726063
v 0.0033949441276490697 0.020183898508548737 -0.011391527950763702
v 0.002756045432761312 0.020114988088607788 -0.011601175181567669
v 0.002074928022921086 0.020066870376467705 -0.011759072542190552
v 0.004772334825247527 0.017851384356617928 -0.011097529903054237
v 0.0049507818184793 0.015100596472620964 -0.011462279595434666
v 0.004612159449607135 0.015149022452533245 -0.011755474843084812
v 0.0053540230728685865 0.009591554291546345 -0.011309310793876648
v 0.006217620801180603 0.02165856584906578 -0.006332980468869209
v 0.006295165978372099 0.02155723236501217 -0.00479124765843153
v 0.0062920772470533865 0.01724369265139103 -0.004817518405616283
v 0.006318625062704088 0.021403947845101357 -0.003985373303294182
v 0.0063784564845263975 0.013589884154498577 -0.0055849188938736916
v 0.006089752074331047 0.014203021302819252 -0.007470746990293264
v 0.006084106862545015 0.0111821498721838 -0.008173382841050625
v 0.006055357400327923 0.00869383942335844 -0.008557749912142754
v 0.00547265773639083 0.01206361223012209 -0.010913700796663761
v 0.006048807874321939 0.017878197133541107 -0.007333841640502214
v 0.00511841243132949 0.017897604033350945 -0.010736716911196709
v 0.005219687242060901 0.015046489425003529 -0.011110559105873108
v 0.005389812868088485 0.01794753223657608 -0.010318590328097343
v 0.005431741476058961 0.014979562722146511 -0.010694948956370354
v 0.005598596297204495 0.017990468069911003 -0.009842167608439922
v 0.005756824743002654 0.018015703186392784 -0.009306464344263077
v 0.0058765611611306685 0.01801253855228424 -0.008710497990250587
v 0.005289782769978047 0.012207728810608387 -0.011362572200596333
v 0.007340002804994585 0.008931174874305725 -0.0005788400303572416
v 0.006860220339149238 0.012269270606338978 -0.0004579706001095474
v 0.006286493968218567 0.016152558848261833 -0.000317077268846333
v 0.006474853027611973 0.010511398315429688 -0.0061645833775401115
v 0.006926431786268951 0.009761280380189419 -0.0039075398817658424
v 0.004351280629634858 0.01710052415728569 0.0022240199614316225
v 0.005035805050283671 0.016714656725525856 0.0017253734404221177
v 0.005663167219609023 0.012889561243355274 0.0018844130681827664
v 0.005180470645427705 0.011648019775748253 0.002546262228861451
v 0.006426360923796894 0.016676871106028557 -0.0029705390334129333
v 0.006826157215982677 0.012616693042218685 -0.0024528491776436567
v 0.007308220956474544 0.00910132471472025 -0.001639668713323772
v 0.007473169825971128 0.007527908775955439 -0.0011786550749093294
v 0.007479054387658836 0.007442519534379244 -0.0006470186053775251
v 0.007557107601314785 0.006042909808456898 -0.000721330230589956
v 0.007545234169811012 0.006152414251118898 -0.0012567676603794098
v 0.007491169963032009 0.006307097617536783 -0.0018111231038346887
v 0.0074259759858250635 0.007655186112970114 -0.0017292243428528309
v 0.0072414493188262 0.008000132627785206 -0.0028717501554638147
v 0.007149048615247013 0.009397674351930618 -0.002759640570729971
v 0.006689362227916719 0.012918503023684025 -0.0035051549784839153
v 0.007291282061487438 0.00670988392084837 -0.0029619531705975533
v 0.007027067709714176 0.007167037110775709 -0.004144548904150724
v 0.006993049755692484 0.008406815119087696 -0.00404377980157733
v 0.006758892443031074 0.007606011349707842 -0.005328953731805086
v 0.006504203192889692 0.00800852570682764 -0.006482008378952742
v 0.0072881383821368235 0.008911848068237305 -8.035842620301992e-05
v 0.007435183040797712 0.007407842203974724 -0.00013816507998853922
v 0.007518087513744833 0.005989115685224533 -0.00020846996631007642
v 0.007031458895653488 0.0062314956448972225 0.0011642903555184603
v 0.006942756474018099 0.007665131241083145 0.001219923491589725
v 0.0071679730899631994 0.00752085167914629 0.0007968726567924023
v 0.007012342568486931 0.00903715193271637 0.0008343551307916641
v 0.007180461660027506 0.008946157060563564 0.00039163726614788175
v 0.0064141112379729765 0.006674767006188631 0.001932523213326931
v 0.006328576244413854 0.00808684155344963 0.0019766076002269983
v 0.006661586463451387 0.007856722921133041 0.001613178406842053
v 0.006507444661110641 0.00936135370284319 0.0016310954233631492
v 0.006786690559238197 0.009178201667964458 0.001247495412826538
v 0.0065485304221510904 0.010795543901622295 0.001241042511537671
v 0.006476954091340305 0.012400043196976185 0.0008331696735695004
v 0.006020844448357822 0.016200024634599686 0.00045290542766451836
v 0.005829104688018561 0.016282303258776665 0.0008052124758251011
v 0.00559928035363555 0.01639930158853531 0.001134781283326447
v 0.006250123493373396 0.012530950829386711 0.0012105716159567237
v 0.0059777451679110544 0.012696350924670696 0.0015609742840752006
v 0.006272370461374523 0.010969984345138073 0.0016100544016808271
v 0.005949855782091619 0.011175056919455528 0.0019505565287545323
v 0.006178542971611025 0.009578651748597622 0.0019851941615343094
v 0.0053875306621193894 0.01008386816829443 0.002605039393529296
v 0.005523483734577895 0.008627519942820072 0.0026138729881495237
v 0.006308583077043297 0.023386385291814804 -0.002053382107988
v 0.006376132834702732 0.0258363988250494 -0.001748963026329875
v 0.006195521447807552 0.023256545886397362 -0.001317109097726643
v 0.006232643965631725 0.025773433968424797 -0.0010573460021987557
v 0.006018774583935739 0.02316129021346569 -0.000613648327998817
v 0.006024603731930258 0.025730282068252563 -0.00039970249054022133
v 0.0057622790336608895 0.023128431290388107 4.615051147993654e-05
v 0.005739470478147269 0.0257318913936615 0.00021565733186434954
v 0.006039127241820099 0.01831863634288311 -0.0002222866751253605
v 0.00621805200353265 0.01839209906756878 -0.0009971726685762405
v 0.006306725088506939 0.01855512708425522 -0.0018197549507021904
v 0.006332749500870706 0.01877524144947529 -0.002672554925084114
v 0.005857939366251231 0.020644983276724815 -0.00010229032341158018
v 0.0060789580456912535 0.020701508969068527 -0.0008154265233315527
v 0.006215891800820829 0.020835384726524353 -0.0015740384114906192
v 0.006289787590503694 0.021016400307416916 -0.002364206360653043
v 0.005409975070506335 0.02318580448627472 0.0006514432607218623
v 0.005364704877138139 0.025803212076425552 0.000780424103140831
v 0.004952414892613889 0.02334793284535408 0.0011932561174035072
v 0.004893345292657615 0.025957807898521423 0.0012875284301117063
v 0.004399891011416913 0.023589788004755974 0.0016682165442034602
v 0.004335073288530112 0.02617526613175869 0.001733606681227684
v 0.0037663630209863195 0.023878969252109528 0.0020739934407174587
v 0.0037026661448180684 0.026428885757923126 0.0021159860771149397
v 0.0030657893512398013 0.024183064699172974 0.002408250467851758
v 0.0030088983476161965 0.026691943407058716 0.002431991510093212
v 0.002312130061909557 0.024469690397381783 0.0026686585042625666
v 0.0022665457800030713 0.02693772129714489 0.0026789463590830564
v 0.0015193436993286018 0.024706434458494186 0.0028528820257633924
v 0.0014883843250572686 0.027139516547322273 0.0028541800566017628
v 0.0007013899739831687 0.024860896170139313 0.002958587370812893
v 3.0644609068986035e-05 0.024333033710718155 0.002993714762851596
v 0.0007280178833752872 0.0225739274173975 0.0030140457674860954
v 0.0015777671942487363 0.02239811420440674 0.002902816515415907
v 0.0023991963826119904 0.02212919108569622 0.002708296524360776
v 0.003176598809659482 0.02180454321205616 0.0024323505349457264
v 0.003894267138093711 0.021461529657244682 0.0020768330432474613
v 0.004536493681371213 0.021137524396181107 0.0016436048317700624
v 0.005087571218609811 0.020869892090559006 0.0011345224920660257
v 0.00553179206326604 0.0206960067152977 0.0005514465738087893
v 0.005742354784160853 0.018367191776633263 0.0004874263540841639
v 0.005310197826474906 0.018553903326392174 0.0011180615983903408
v 0.004755143076181413 0.018846148625016212 0.0016663606511428952
v 0.0040952563285827645 0.019202252849936485 0.002131048124283552
v 0.0033486026804894218 0.0195805374532938 0.002510844497010112
v 0.0025332476943731312 0.01993933506309986 0.0028044739738106728
v 0.0016672569327056412 0.020236967131495476 0.0030106587801128626
v 0.0007686951430514457 0.020431753247976303 0.003128122305497527
v 0.006781423930078747 0.012267383746802807 -2.484850938344607e-06
v 0.006172497291117908 0.01615729182958603 7.816613651812077e-05
v 0.0014055733336135747 0.02211870439350605 -0.01159585639834404
v 0.002141642384231091 0.022182444110512733 -0.011458531022071838
v 0.0028466540388762955 0.02228112705051899 -0.011261058039963245
v 0.003509527537971736 0.02241920866072178 -0.011003127321600914
v 0.004119180608540774 0.02260112762451172 -0.010684429667890072
v 0.004501672927290202 0.020395716652274132 -0.010809616185724735
v 0.004664531908929349 0.02283133752644062 -0.010304654948413372
v 0.004947296809405089 0.020544443279504776 -0.01043366827070713
v 0.00513449963182211 0.0231142807751894 -0.009863493032753468
v 0.005308957770466805 0.0207233689725399 -0.009999247267842293
v 0.005520482081919909 0.0234514232724905 -0.009361534379422665
v 0.005592602770775557 0.020921209827065468 -0.009508629329502583
v 0.0058272499591112146 0.02382814697921276 -0.00880421418696642
v 0.005809002090245486 0.02112266607582569 -0.00896525289863348
v 0.006064058281481268 0.024224435910582542 -0.008198597468435764
v 0.005968929734081032 0.021312430500984192 -0.008372560143470764
v 0.006240163929760458 0.024620279669761658 -0.00755174458026886
v 0.006083159241825344 0.021475207060575485 -0.007733989041298628
v 0.006364825647324325 0.024995651096105576 -0.006870722863823175
v 0.00616246508434415 0.021595684811472893 -0.007052983157336712
v 0.006447301711887123 0.02533053793013096 -0.00616259453818202
v 0.006496849935501816 0.02560492232441902 -0.005434422753751278
v 0.006522728130221369 0.025798780843615532 -0.004693273454904556
v 0.006531093735247852 0.025899412110447884 -0.00394634623080492
v 0.006515690591186287 0.02592333033680916 -0.003201392712071538
v 0.006467157043516638 0.02589438296854496 -0.00246630166657269
v 0.006423062644898893 0.03630203753709793 -0.00011049306340282783
v 0.005168672651052476 0.02840953879058361 -0.00898748729377985
v 0.00658024847507477 0.03665586933493614 -0.0008433820330537856
v 0.006724268663674595 0.03583172708749771 -0.000893102609552443
v 0.006906681228429081 0.035250306129455566 -0.0017444000113755465
v 0.006325382739305498 0.037014029920101166 -0.0002780476934276521
v 0.006399563513696195 0.036926817148923874 -0.0004212715430185199
v 0.006938863079994919 0.03518998250365257 -0.002668576082214713
v 0.0068596485070884245 0.03582264482975006 -0.0019572502933442593
v 0.006833537481725218 0.03595152869820595 -0.0018000013660639524
v 0.006957524456083776 0.034876082092523575 -0.0029901915695518255
v 0.006992578506469728 0.034537989646196365 -0.002658242592588067
v 0.006967858877032997 0.03456023335456848 -0.0032970549073070288
v 0.007004166021943094 0.033675167709589005 -0.0036284427624195814
v 0.00696748308837414 0.03387219458818436 -0.003928435500711203
v 0.006935405079275371 0.033125244081020355 -0.0045859371311962605
v 0.006950831040740015 0.03266686946153641 -0.004641491454094648
v 0.006814622785896065 0.031570762395858765 -0.0056682457216084
v 0.006799328606575729 0.031881410628557205 -0.005662236362695694
v 0.006631874013692142 0.0310390442609787 -0.006406468339264393
v 0.006574076600372793 0.030451292172074318 -0.006677551660686731
v 0.006466859485954048 0.030465595424175262 -0.006931846495717764
v 0.005697121378034354 0.028993960469961166 -0.00838762428611517
v 0.006014093756675722 0.029453083872795105 -0.007912092842161655
v 0.006355735007673504 0.030160486698150635 -0.007220002356916666
v 0.006210448220372202 0.029817722737789154 -0.007545500062406063
v 0.006063438486307861 0.029537133872509003 -0.007826306857168674
v 0.005500865634530784 0.02875778079032898 -0.008632621727883816
v 0.00566315045580268 0.028951022773981094 -0.008432306349277496
v 0.004595562350004912 0.027913019061088562 -0.009480947628617287
v 0.004846206400543452 0.028116365894675255 -0.009280073456466198
v 0.0050187474116683015 0.028268447145819664 -0.009128881618380547
v 0.00399499572813511 0.027501270174980164 -0.009887265972793102
v 0.003282894380390645 0.027129480615258217 -0.010261936113238335
v 0.0032290208619087943 0.02710586041212082 -0.01028630044311285
v 0.002547543495893479 0.02685670740902424 -0.010550932958722115
v 0.002177149755880237 0.02675631456077099 -0.010663269087672234
v 0.0017936272779479627 0.02667488157749176 -0.010758502408862114
v 0.001010469160974026 0.026568254455924034 -0.010892150923609734
v 3.160773485433311e-05 0.025914056226611137 -0.011121071875095367
v 3.265297709731386e-05 0.02652714028954506 -0.010949833318591118
v 0.0002024537388933823 0.02652820758521557 -0.01094819325953722
v -0.006097554229199888 0.028308164328336716 -0.007871211506426334
v -0.006378774996846916 0.029045525938272476 -0.00717901298776269
v -0.006225205026566984 0.030008992180228233 -0.007367695216089487
v -0.006288109812885525 0.030168496072292328 -0.007219221442937851
v -0.006505949422717096 0.0304593313485384 -0.006676957476884127
v -0.006539818830788137 0.03095483034849167 -0.006489192601293325
v -0.006744980346411468 0.03157913684844971 -0.005667600780725479
v -0.0067414487712085264 0.031969618052244186 -0.005592162720859051
v -0.006879689637571575 0.032675452530384064 -0.004640803672373295
v -0.006855525542050602 0.03301465883851051 -0.004688664805144072
v -0.006931632757186891 0.03368385508656502 -0.0036277181934565306
v -0.006898039951920511 0.03424480929970741 -0.003598442766815424
v -0.006918840110301973 0.034546710550785065 -0.002657485194504261
v -0.00687147304415703 0.03509879112243652 -0.0027721214573830366
v -0.006831930484622719 0.0352589376270771 -0.0017436238704249263
v -0.006795146502554418 0.03577055782079697 -0.0020289092790335417
v -0.006662991829216482 0.036301176995038986 -0.0013582351384684443
v -0.006648678798228504 0.03584015741944313 -0.0008923212299123406
v -0.00655977660790086 0.03655495494604111 -0.001003418117761612
v -0.0064710397273302096 0.03672078996896744 -0.0007570414454676211
v -0.006346778478473427 0.0363100990653038 -0.00010972240124829113
v -0.006214750465005638 0.037057943642139435 -0.0002170548541471362
v -0.006033407524228098 0.036552295088768005 0.00044372378033585846
v -0.006029990036040546 0.037228457629680634 7.757345156278461e-05
v -0.006414320319890978 0.03542368859052658 1.3021935956203379e-05
v -0.006242170464247467 0.035638049244880676 0.0003666862321551889
v -0.006031360477209093 0.035841044038534164 0.0007151218014769256
v -0.006511246319860222 0.03527326136827469 -0.00022701153648085892
v -0.006716205272823574 0.03482415899634361 -0.0009074611007235944
v -0.006864627823233606 0.034204959869384766 -0.0017690365202724934
v -0.006932204123586418 0.03339378908276558 -0.0027888305485248566
v -0.006932730320841076 0.03337442874908447 -0.0028118721675127745
v -0.0069325407966971415 0.03274841979146004 -0.003528424073010683
v -0.006903918925672771 0.03205987066030502 -0.00426239101216197
v -0.006877129431813957 0.0316917859017849 -0.004638356156647205
v -0.00684190494939685 0.03132505342364311 -0.005004637874662876
v -0.0067193610593676584 0.030449185520410538 -0.005855131894350052
v -0.006584055256098511 0.029785074293613434 -0.006484976038336754
v -0.006142308469861748 0.02982347458600998 -0.00754677876830101
v -0.005926528479903938 0.029426174238324165 -0.007946695201098919
v -0.0058501744642853746 0.027815595269203186 -0.00833899900317192
v -0.005630318075418473 0.029000114649534225 -0.008387996815145016
v -0.005513800308108331 0.02885627932846546 -0.008537348359823227
v -0.005477975122630597 0.02724996954202652 -0.008889277465641499
v -0.0049945926293730744 0.028312431648373604 -0.009090693667531013
v -0.005025704391300679 0.026751788333058357 -0.009396545588970184
v -0.004779314622282983 0.028120670467615128 -0.00928126834332943
v -0.004489487502723933 0.02632317878305912 -0.009857949800789356
v -0.004122595768421889 0.027627184987068176 -0.009767310693860054
v -0.003870841348543764 0.025963174179196358 -0.010268994607031345
v -0.0044280579313635835 0.027840688824653625 -0.009557228535413742
v -0.004555830731987954 0.02793806791305542 -0.009461430832743645
v -0.004003579262644053 0.027550945058465004 -0.00984258484095335
v -0.0038129789754748353 0.027436384931206703 -0.009956201538443565
v -0.003173054428771139 0.02567206509411335 -0.010622793808579445
v -0.0031567094847559938 0.027106042951345444 -0.010289904661476612
v -0.0024544592015445237 0.026850847527384758 -0.010560538619756699
v -0.0024033593945205216 0.025450754910707474 -0.010910196229815483
v -0.00211386987939477 0.026758944615721703 -0.010663116350769997
v -0.002095736097544432 0.025385286659002304 -0.010999524965882301
v -0.0016826846404001121 0.026668284088373184 -0.0107688307762146
v -0.0015902672894299035 0.025301557034254074 -0.011117781512439251
v -0.001000688527710736 0.026574475690722466 -0.010885501280426979
v -0.000992777990177274 0.025236066430807114 -0.011214644648134708
v -0.0008384793763980272 0.02656014822423458 -0.01090441644191742
v -0.0008519942639395597 0.025225376710295677 -0.011230955831706524
v -0.00597801059484482 0.03660501167178154 0.0005580783472396433
v -0.005976503714919092 0.03729487583041191 0.0001822981721488759
v -0.00597159890457988 0.03602640703320503 0.0008147989283315837
v -0.00595979066565633 0.0362023264169693 0.0008470972534269094
v -0.005959815345704557 0.03621724247932434 0.000846782757434994
v -0.005959518719464542 0.036243632435798645 0.0008527107420377433
v -0.005958158057183029 0.0373665913939476 0.0002952657814603299
v -0.005958810448646547 0.03682193532586098 0.0006046055350452662
v -0.005959506612271072 0.03625042364001274 0.0008520173141732812
v -0.006005837116390468 0.03587917983531952 0.0007542379316873848
v -0.006019530817866327 0.03739377111196518 -0.00015173204883467406
v -0.00598532520234585 0.037468619644641876 -0.0001331001694779843
v -0.006003668531775476 0.03743027150630951 -0.0005578194977715611
v -0.006030873861163856 0.03725123777985573 5.934143337071873e-05
v -0.005958686582744123 0.03714725747704506 -0.0017500169342383742
v -0.005959285423159601 0.036731522530317307 -0.0023399563506245613
v -0.005985605530440809 0.036605384200811386 -0.0022422033362090588
v -0.006202922202646734 0.0363927036523819 -0.0020771909039467573
v -0.006237350869923832 0.03578035160899162 -0.0027700653299689293
v -0.006402803119271995 0.03574427217245102 -0.0027367842849344015
v -0.0060870232991874235 0.035864830017089844 -0.0028477944433689117
v -0.006173534318804743 0.035808343440294266 -0.0027958364225924015
v -0.0060206390917301195 0.03593452647328377 -0.0029118508100509644
v -0.006030493415892126 0.03592175245285034 -0.0029001161456108093
v -0.006070239935070278 0.03648369759321213 -0.002147836610674858
v -0.006041798274964096 0.03704363852739334 -0.0013838886516168714
v -0.00596002768725157 0.03620709851384163 -0.0029653548263013363
v -0.005960164126008751 0.03610962629318237 -0.0030726389959454536
v -0.005967020057141783 0.03604915365576744 -0.0030171333346515894
v -0.005978431086987259 0.03716287761926651 -0.0014504046412184834
v -0.0059584826231002825 0.03728451579809189 -0.0015182218048721552
v -0.005973891355097296 0.037384141236543655 -0.001024800818413496
v -0.005958032794296743 0.03757487237453461 -0.0008535796077921987
v -0.005969019606709482 0.03753313049674034 -0.0005743844085372984
v -0.005957922898232939 0.037635914981365204 -0.0005909298197366297
v -0.005964578129351141 0.03754797950387001 -0.0001133496334659867
v -0.005957862827926876 0.03764787316322327 -0.00021040986757725477
v -0.005963085219264032 0.03746827319264412 9.65641374932602e-05
v -0.0059579680673778074 0.03753164783120155 0.00012884712486993521
v -0.005978866945952179 0.03740875422954559 5.670405880664475e-05
v -0.006043221801519396 0.037309590727090836 -4.147422077949159e-05
v -0.006061289459466936 0.03732743859291077 -0.00015118587180040777
v -0.006334842182695867 0.036491088569164276 -0.001854963251389563
v -0.0062512937001884 0.03693274408578873 -0.001213512266986072
v -0.0061429273337125796 0.03694630041718483 -0.0013295419048517942
v -0.0061634033918380755 0.037199780344963074 -0.0006983581697568297
v -0.006103486754000189 0.03717212378978729 -0.0009409781778231263
v -0.006132058799266817 0.03726214915513992 -0.0005307167302817106
v -0.0060602235607802885 0.03733736276626587 -0.0005428462172858417
v -0.0060830693691968935 0.03732223063707352 -0.0002714063448365778
v -0.006023476831614973 0.03727008402347565 -0.0009797209640964866
v -0.005997520405799152 0.03526319935917854 -0.0033191675320267677
v -0.005961232353001835 0.035291075706481934 -0.003328124526888132
v -0.0059618237428367155 0.03484785556793213 -0.003564751474186778
v -0.006149790715426208 0.03487155959010124 -0.003547809086740017
v -0.006217582616955044 0.03514871746301651 -0.0033310307189822197
v -0.006126018706709148 0.035186443477869034 -0.0033140869345515966
v -0.0062742643058300036 0.03501340001821518 -0.003458542749285698
v -0.0060929236933589 0.034809671342372894 -0.003586726263165474
v -0.006026130169630052 0.03482634946703911 -0.0035716050770133734
v -0.0060902312397956865 0.034790243953466415 -0.003601183881983161
v -0.006005751900374891 0.03463290259242058 -0.003711536293849349
v -0.0059624002315104025 0.03442327678203583 -0.0038785056676715612
v -0.005961857270449402 0.03482215479016304 -0.00358106498606503
v -0.006038309540599586 0.0352354422211647 -0.003313442226499319
v -0.005996396765112879 0.03546999767422676 -0.0032205048482865095
v -0.005960947368294002 0.035506803542375565 -0.003239844925701618
v -0.005960409063845875 0.035920534282922745 -0.0031132129952311516
v -0.00596053618937731 0.03582235053181648 -0.003138463944196701
v -0.0059815659187734144 0.035867512226104736 -0.0030684741213917732
v -0.006015637423843147 0.03581180050969124 -0.0030239587649703026
v -0.006061766296625139 0.03575827181339264 -0.0029840038623660803
v -0.006118610035628082 0.035709235817193985 -0.0029504711274057627
v -0.006388301495462658 0.03547775000333786 -0.003020036267116666
v -0.0062558944337070006 0.03563245013356209 -0.00290814065374434
v -0.006081348750740291 0.03520970791578293 -0.003311716951429844
v -0.0060385609976947325 0.035432711243629456 -0.003204457927495241
v -0.005991397425532343 0.03567132726311684 -0.003137211548164487
v -0.005960674025118353 0.03571658954024315 -0.0031689496245235205
v -0.006256557535380127 0.035474248230457306 -0.003051685867831111
v -0.0061341705732047575 0.03553963825106621 -0.0030662701465189457
v -0.006079676095396282 0.03558029234409332 -0.003083994844928384
v -0.006031693890690805 0.035624660551548004 -0.003107942407950759
v -0.005556947086006404 0.03042461723089218 -0.0072520398534834385
v -0.005568400956690312 0.030430754646658897 -0.00725714024156332
v -0.0055643338710069665 0.030442189425230026 -0.007238501217216253
v -0.005569349508732558 0.030435383319854736 -0.007252504583448172
v -0.005570826586335898 0.030459169298410416 -0.00722502963617444
v -0.006356459110975267 0.03227732330560684 -0.005826471373438835
v -0.006472175009548666 0.03224433586001396 -0.005805256310850382
v -0.006602403707802297 0.03321225941181183 -0.004983746912330389
v -0.006575133651494982 0.03219481185078621 -0.005761860869824886
v -0.006657810416072609 0.03213410824537277 -0.005701551679521799
v -0.006775680463761093 0.0331026092171669 -0.004867567215114832
v -0.006283225957304241 0.03708553686738014 -0.0005381205701269209
v -0.005751593969762326 0.030452052131295204 -0.007344870828092098
v -0.00583537993952632 0.03131469339132309 -0.006535245105624199
v -0.005648290272802115 0.03067779541015625 -0.007047160528600216
v -0.006469152867794039 0.03517831489443779 -0.003310087602585554
v -0.0062373322434723395 0.033990029245615005 -0.004369309172034264
v -0.0064508160576224344 0.034227799624204636 -0.004192302469164133
v -0.006126885768026115 0.03286171332001686 -0.0053009698167443275
v -0.006375500932335855 0.033261463046073914 -0.005023723468184471
v -0.0060378815978765505 0.032274600118398666 -0.005771112162619829
v -0.0062385019846260565 0.03229235112667084 -0.005825469270348549
v -0.006409730296581985 0.036076031625270844 -0.002356619108468294
v -0.006379802711308004 0.03683996945619583 -0.0012251222506165504
v -0.006163459271192552 0.037205345928668976 -0.0006761959521099925
v -0.006506446748971941 0.036720652133226395 -0.0010950881987810135
v -0.006652219220995905 0.03632364049553871 -0.0016393563710153103
v -0.006742186844348909 0.035905927419662476 -0.002157301176339388
v -0.006822193972766401 0.035014182329177856 -0.0031248091254383326
v -0.006827747449278833 0.03406767174601555 -0.004016713704913855
v -0.00590157136321068 0.031588587909936905 -0.006316915154457092
v -0.0060288221575319784 0.031334295868873596 -0.006610061973333359
v -0.006145875900983812 0.03131996467709541 -0.006623759400099516
v -0.0059666400775313395 0.030406134203076363 -0.007377061527222395
v -0.006263124756515028 0.03128736466169357 -0.006615491583943367
v -0.006074890028685333 0.030357463285326958 -0.007361660245805979
v -0.0063701490871608275 0.031237870454788208 -0.006584164220839739
v -0.006165822036564352 0.030298976227641106 -0.007327491883188486
v -0.006458927411586048 0.031176846474409103 -0.006534100044518709
v -0.006523639895021917 0.03111046366393566 -0.00647122273221612
v -0.006519871298223736 0.036441098898649216 -0.0017640969017520547
v -0.006604539696127178 0.03602106496691704 -0.002279035747051239
v -0.006673641037195923 0.035124897956848145 -0.0032454526517540216
v -0.00666716927662492 0.03417682275176048 -0.004137961659580469
v -0.0009418075205758216 0.026913069188594818 -0.010539392940700054
v -0.0008140328573063018 0.02691786177456379 -0.010394703596830368
v 2.885654794226867e-05 0.026839476078748703 -0.010670633055269718
v -0.00014940762775950137 0.026881564408540726 -0.010438941419124603
v 3.281197859905661e-05 0.026879874989390373 -0.010441131889820099
v -0.002205145545303822 0.027195680886507034 -0.01010142732411623
v -0.0018824432045221333 0.027101784944534302 -0.010195322334766388
v -0.001929193153046072 0.027087228372693062 -0.010348256677389145
v -0.0015391876222565774 0.02702323906123638 -0.010277243331074715
v -0.0011616790434345605 0.02695888839662075 -0.010347520932555199
v -0.002776374807581306 0.027417298406362534 -0.00989037100225687
v -0.002836453961208463 0.027400150895118713 -0.01004052348434925
v -0.0033515351824462422 0.027723250910639763 -0.009612436406314373
v -0.0036588599905371675 0.02785256877541542 -0.009626433253288269
v -0.003457629121840001 0.027789847925305367 -0.00955317635089159
v -0.004368087276816369 0.028411714360117912 -0.009131100960075855
v -0.0040195947512984284 0.028206249698996544 -0.009186155162751675
v -0.0038004827219992885 0.028030220419168472 -0.00934071559458971
v -0.0049131419509649285 0.029171176254749298 -0.008337756618857384
v -0.0044683930464088925 0.02863144688308239 -0.008814073167741299
v -0.004253042861819268 0.028415463864803314 -0.00900332536548376
v -0.004961623344570399 0.029052352532744408 -0.008564569056034088
v -0.0054249605163931855 0.029750540852546692 -0.007941883988678455
v -0.005259311757981778 0.02973339520394802 -0.007838266901671886
v -0.0057309865951538095 0.029650617390871048 -0.008003722876310349
v -0.005630536936223508 0.02970001846551895 -0.00800186675041914
v -0.0051375129260122785 0.028997957706451416 -0.008648950606584549
v -0.0053079305216670045 0.028890714049339294 -0.008670828305184841
v -0.005820548161864282 0.02959004044532776 -0.00798703357577324
v -0.004662170074880124 0.028247101232409477 -0.009286548011004925
v -0.003901605959981681 0.02768051065504551 -0.009822272695600986
v -0.0030222139321267614 0.02721814066171646 -0.010272069834172726
v -0.0020515772048383956 0.026897117495536804 -0.010607579723000526
v 3.5843953810399405e-05 0.026791755110025406 -0.010756545700132847
v 3.3717686164891354e-05 0.02662014029920101 -0.010910704731941223
v -0.000998872332274914 0.0267194677144289 -0.01081493217498064
v -0.004514764528721572 0.028353586792945862 -0.00923510268330574
v -0.0037785335443913945 0.027790069580078125 -0.009747128933668137
v -0.0029274953994899993 0.0273329745978117 -0.010176493786275387
v -0.00198920862749219 0.027016503736376762 -0.010496307164430618
v -0.0009699834045022728 0.026840833947062492 -0.010694493539631367
v 3.620060306275264e-05 0.026838991791009903 -0.010671904310584068
v 0.005574854090809823 0.030280139297246933 -0.007363941986113787
v 0.005624942481517793 0.03041752614080906 -0.007252758368849754
v 0.005819591227918864 0.03044634684920311 -0.0073439995758235455
v 0.006142613012343647 0.030351774767041206 -0.007361152209341526
v 0.006236107088625433 0.03029073029756546 -0.007326112594455481
v 0.005887939594686033 0.029584335163235664 -0.007986404933035374
v 0.0010667665628716352 0.02671893499791622 -0.010814221575856209
v 0.0021189309190958743 0.02689579501748085 -0.010606486350297928
v 0.0030891462229192266 0.02721603773534298 -0.01027077715843916
v 0.00472893100231886 0.0282431710511446 -0.009285378269851208
v 0.003968356177210809 0.02767753228545189 -0.009820966050028801
v 0.00537494756281376 0.028885869309306145 -0.008669848553836346
v 0.005798209458589555 0.029645094648003578 -0.008003073744475842
v 0.005258028395473958 0.02960183657705784 -0.007948997430503368
v 0.004434425849467517 0.028408076614141464 -0.009129377081990242
v 0.004843232221901418 0.028982440009713173 -0.008501951582729816
v 0.005028096958994866 0.02904784120619297 -0.008563058450818062
v 0.005491701420396567 0.029745174571871758 -0.00794073287397623
v 0.0033389776945114144 0.027672525495290756 -0.009656807407736778
v 0.0036332306917756805 0.027858654037117958 -0.009489313699305058
v 0.0037252744659781465 0.027849821373820305 -0.009624557569622993
v 0.003849226515740157 0.02801368571817875 -0.009350300766527653
v 0.0043675568886101255 0.028457168489694595 -0.008962752297520638
v 0.002809097291901708 0.027399662882089615 -0.00990440882742405
v 0.00290311616845429 0.02739821746945381 -0.010038638487458229
v 0.002215478336438537 0.027176013216376305 -0.010117548517882824
v 0.001996340928599239 0.027086010202765465 -0.010346527211368084
v 0.0019497630419209604 0.027100373059511185 -0.010194222442805767
v 0.0015369777102023367 0.027008621022105217 -0.01029178686439991
v 0.0010095848701894285 0.02691258117556572 -0.010537990368902683
v 0.0009874680545181038 0.026927931234240532 -0.010383032262325287
v 0.0007989816367626192 0.0269099622964859 -0.010404431261122227
v 0.0060347705148160475 0.030400540679693222 -0.007376212161034346
v 0.005697567015886308 0.02969462424516678 -0.008001110516488552
v 0.005204228218644858 0.028993410989642143 -0.008647806942462921
v 0.004581287968903781 0.028349924832582474 -0.009233730845153332
v 0.003845093538984657 0.027787327766418457 -0.009745592251420021
v 0.0029942793771624574 0.027331072837114334 -0.010174944996833801
v 0.00205645919777453 0.027015361934900284 -0.010494922287762165
v 0.001037833862937987 0.02684045024216175 -0.010693454183638096
v 0.006360454484820368 0.037077512592077255 -0.0005389060243032873
v 0.006332263350486757 0.03127936273813248 -0.006616260856389999
v 0.006098046433180572 0.03132659196853638 -0.0066108135506510735
v 0.006215069908648731 0.03131210803985596 -0.006624517496675253
v 0.005633922293782235 0.030422423034906387 -0.007256617303937674
v 0.005635886453092099 0.030424287542700768 -0.007256515324115753
v 0.005637498106807471 0.03042692132294178 -0.007255068048834801
v 0.0069007128477096575 0.034058962017297745 -0.004017562605440617
v 0.006847316399216654 0.03309396281838417 -0.004868410062044859
v 0.006728115025907757 0.03212561458349228 -0.005702378693968058
v 0.006592545192688705 0.031102152541279793 -0.006472039967775345
v 0.006896471139043571 0.03500547632575035 -0.003125657793134451
v 0.00681771617382765 0.03589731827378273 -0.002158141229301691
v 0.006728341337293388 0.03631514310836792 -0.0016401869943365455
v 0.0065831411629915255 0.03671234846115112 -0.0010958993807435036
v 0.0065961438231170195 0.036432765424251556 -0.0017648960929363966
v 0.006456647533923389 0.0368318073451519 -0.0012259052600711584
v 0.006680215708911421 0.03601262345910072 -0.00227984506636858
v 0.006485491525381805 0.036067843437194824 -0.0023574023507535458
v 0.00654365820810199 0.035170044749975204 -0.003310881555080414
v 0.00630904082208872 0.03228437900543213 -0.005826242733746767
v 0.00614487659186125 0.032487429678440094 -0.005595861002802849
v 0.006286182906478645 0.03366441652178764 -0.004637842997908592
v 0.005638123955577613 0.03043149597942829 -0.00725013529881835
v 0.005638834089040757 0.030451994389295578 -0.007225794717669487
v 0.005912563297897579 0.03133850172162056 -0.006511026062071323
v 0.00652791326865554 0.031168600544333458 -0.00653490237891674
v 0.006439216434955599 0.031229738146066666 -0.006584947928786278
v 0.006645515095442535 0.032186418771743774 -0.005762670189142227
v 0.006542628165334465 0.03223606199026108 -0.005806050729006529
v 0.006674185395240785 0.033203817903995514 -0.004984556697309017
v 0.006748060230165722 0.03511636704206467 -0.0032462705858051777
v 0.006740278098732235 0.0341683104634285 -0.004138777032494545
v 0.006426965817809107 0.0322691984474659 -0.0058272527530789375
v 0.006447366438806059 0.03325331583619118 -0.005024510435760021
v 0.006524008233100178 0.03421955555677414 -0.004193095490336418
v 0.006345078814774753 0.03475305438041687 -0.0036930846981704235
v 0.0056318771094083795 0.030434779822826385 -0.007239316124469042
v 0.005541720427572728 0.03040851466357708 -0.00717149768024683
v 0.005647808313369752 0.030603831633925438 -0.0070540690794587135
v 0.005617221351712943 0.030831070616841316 -0.006770648527890444
v 0.005561025347560645 0.030901720747351646 -0.006643481086939573
v 0.00550534250214696 0.030905110761523247 -0.006588465068489313
v 0.005330118816345931 0.030396632850170135 -0.006956118158996105
v 0.005319248884916306 0.03223879635334015 -0.005296299234032631
v 0.005249257199466229 0.031267374753952026 -0.006029363255947828
v 0.0052604973316192636 0.03417922556400299 -0.0038067668210715055
v 0.0053245164453983316 0.03321685269474983 -0.004561811685562134
v 0.005201946943998338 0.034665267914533615 -0.003435554914176464
v 0.005423499736934901 0.035812169313430786 -0.0030660079792141914
v 0.005518037825822831 0.03522132337093353 -0.003246844746172428
v 0.004312884528189898 0.03822727128863335 -0.0028122153598815203
v 0.004987135995179416 0.03764064610004425 -0.0028759557753801346
v 0.005014671944081784 0.03579767420887947 -0.002972738118842244
v 0.00488022854551673 0.03641021251678467 -0.002912062918767333
v 0.003440057858824731 0.03515811637043953 -0.0027652529533952475
v 0.0034344380255788573 0.03547535464167595 -0.0027038997504860163
v 0.004322353750467301 0.03518267348408699 -0.002961177611723542
v 0.004190224688500167 0.03577261045575142 -0.0028100144118070602
v 0.003444351488724352 0.03491843864321709 -0.002836419502273202
v 0.004426144529134036 0.034640636295080185 -0.003223224077373743
v 0.0034543285146355638 0.03437076136469841 -0.003084928495809436
v 0.004510118160396815 0.03415491059422493 -0.00356596102938056
v 0.004626660142093898 0.03318989649415016 -0.004259706940501928
v 0.0034770218189805755 0.033140018582344055 -0.0037849238142371178
v 0.004675443284213544 0.0322088785469532 -0.00493299076333642
v 0.0034948750399053105 0.03216816112399101 -0.004302937537431717
v 0.004672404844313861 0.031236369162797928 -0.005606178659945726
v 0.003513030009344221 0.031179744750261307 -0.004828581586480141
v 0.004644312895834447 0.030766291543841362 -0.005953540559858084
v 0.0035216803662478932 0.030711252242326736 -0.005101234186440706
v 0.0035217688418924817 0.030706478282809258 -0.0051040612161159515
v 0.005304715596139432 0.03642267733812332 -0.002992680063471198
v 0.004522247705608607 0.037626396864652634 -0.0028469585813581944
v 0.005121533293277026 0.0352080799639225 -0.003148405347019434
v 0.0035747019574046144 0.027990350499749184 -0.00812552496790886
v 0.004177347291260959 0.02859501540660858 -0.00782864261418581
v 0.004314000718295575 0.02877102605998516 -0.00774196395650506
v 0.004823340103030206 0.02965354174375534 -0.007307510357350111
v 0.004524653777480126 0.02909734472632408 -0.007797040045261383
v 0.004465013276785613 0.029003223404288292 -0.007848495617508888
v 0.0041758855804801 0.02860933542251587 -0.00808286014944315
v 0.004070445429533721 0.028486600145697594 -0.008162758313119411
v 0.003565426915884019 0.02800699695944786 -0.008515091612935066
v 0.003362236078828574 0.027851782739162445 -0.008641849271953106
v 0.0030135975684970626 0.027621367946267128 -0.008832300081849098
v 0.0035669729113578805 0.028082283213734627 -0.008491689339280128
v 0.00301692239008844 0.027653608471155167 -0.008820968680083752
v 0.0030138641595840463 0.02765154466032982 -0.008822574280202389
v 0.003843373619019986 0.028341708704829216 -0.00829999428242445
v 0.0013862034538760783 0.026956796646118164 -0.009393644519150257
v 0.0019909201655536894 0.027129974216222763 -0.009242147207260132
v 0.0007661898853257301 0.0268591046333313 -0.009486651048064232
v 3.155606100335718e-05 0.0268236193805933 -0.009523032233119011
v 3.081721661146731e-05 0.02583099529147148 -0.009850080125033855
v 0.0006966572254896165 0.026009224355220795 -0.009774520993232727
v 0.0013695032102987172 0.02610555849969387 -0.00967523641884327
v 0.0020224177278578286 0.02627262845635414 -0.009510722011327744
v -0.0035517632495611915 0.0257379412651062 -0.008038520812988281
v -0.003563233185559512 0.025135882198810577 -0.008167745545506477
v -0.0034950708504766234 0.02521747536957264 -0.008605113252997398
v -0.0032078458461910495 0.02683883346617222 -0.008691633120179176
v -0.003177443053573371 0.027752913534641266 -0.008410060778260231
v -0.0034573555458337077 0.02670435793697834 -0.008254697546362877
v -0.0033047127071768054 0.027833033353090286 -0.008189229294657707
v -0.003355720546096564 0.02786555141210556 -0.008078391663730145
v -0.003429794684052468 0.027911987155675888 -0.007873320952057838
v -0.0034660836681723603 0.02793322317302227 -0.007734518963843584
v -0.0028171022422611718 0.026936551555991173 -0.009021800942718983
v -0.002415982307866216 0.02655906043946743 -0.009317388758063316
v -0.0023492171894758944 0.027308721095323563 -0.009095647372305393
v -0.0024820643011480574 0.02737082727253437 -0.009037754498422146
v -0.0028272375930100684 0.02754836715757847 -0.008808090351521969
v -0.003124381648376585 0.027720315381884575 -0.008486420847475529
v -0.0035359426401555547 0.026562083512544632 -0.007803633343428373
v -0.0025327645707875495 0.02538185380399227 -0.009568956680595875
v -0.002933972980827094 0.025351377204060555 -0.00936791580170393
v -0.0032778766471892604 0.025294139981269836 -0.009031416848301888
v -0.003509265137836338 0.027945511043071747 -0.007350167725235224
v -0.001959988381713629 0.026275161653757095 -0.009510480798780918
v -0.002396788448095322 0.025328202173113823 -0.009623585268855095
v -0.002222190378233791 0.025265617296099663 -0.009688179939985275
v -0.0017321347258985047 0.02706676349043846 -0.009297999553382397
v -0.0013073114678263666 0.026107266545295715 -0.009675072506070137
v -0.0010935813188552859 0.026913689449429512 -0.009434863924980164
v -0.0006346062291413547 0.026010077446699142 -0.009774438105523586
v -0.00038044253597036015 0.02683468721807003 -0.009511918760836124
v -0.0006262253737077118 0.024950429797172546 -0.010034197010099888
v -0.0019326696638017897 0.025176122784614563 -0.009782420471310616
v -0.0012891608057543638 0.02503226324915886 -0.009939811192452908
v -0.0006915192352607847 0.021896548569202423 -0.01044391468167305
v -0.002560817869380117 0.024929454550147057 -0.009642446413636208
v -0.002600203966721893 0.023246297612786293 -0.009883454069495201
v -0.0021709348075091843 0.02384861744940281 -0.009935221634805202
v -0.0014564249431714418 0.023692097514867783 -0.01012363750487566
v -0.0007119611254893244 0.023604590445756912 -0.010235604830086231
v -0.0014124528970569374 0.0219576433300972 -0.010352877900004387
v -0.0021030739881098275 0.022067178040742874 -0.010197121649980545
v -0.0025961562059819703 0.02113187685608864 -0.010188556276261806
v -0.002544559538364411 0.01789872534573078 -0.010742755606770515
v -0.003002961166203023 0.020941486582159996 -0.010015219449996948
v -0.002891236217692495 0.017780393362045288 -0.010634276084601879
v -0.0029898276552557954 0.017728090286254883 -0.010587567463517189
v -0.003207624889910222 0.017574550583958626 -0.010452448390424252
v -0.0037270367611199626 0.016482235863804817 -0.009508810006082058
v -0.0037235105410218248 0.016561852768063545 -0.009576807729899883
v -0.003696933155879379 0.018069220706820488 -0.009232020005583763
v -0.003646485973149539 0.016935693100094795 -0.009898138232529163
v -0.003576303832232953 0.02083960548043251 -0.00924177747219801
v -0.0034713223576545724 0.017282411456108093 -0.010197553783655167
v -0.0033542821183800706 0.020898599177598953 -0.009675363078713417
v -0.003383327741175891 0.017398156225681305 -0.010298519395291805
v -0.003281283425167204 0.017507711425423622 -0.010394100099802017
v -0.0036150235682725915 0.022397490218281746 -0.008570822887122631
v -0.0029935345519334087 0.02310779131948948 -0.009693504311144352
v -0.0035385687369853267 0.02301526814699173 -0.008930518291890621
v -0.0033279466442763814 0.023068545386195183 -0.009355376474559307
v -0.003320588031783701 0.01745579019188881 -0.011142282746732235
v -0.003464491805061699 0.01727907359600067 -0.011099105700850487
v -0.003540756646543742 0.017156967893242836 -0.011078886687755585
v -0.00368117867037654 0.016809415072202682 -0.011063162237405777
v -0.003730882890522481 0.016452865675091743 -0.011116576381027699
v -0.003029942512512208 0.01769283600151539 -0.011232930235564709
v -0.0026850504800677304 0.017851073294878006 -0.011334436945617199
v -0.0025172636378556494 0.017892975360155106 -0.01138121448457241
v -0.0022700401023030285 0.01791873574256897 -0.011446217074990273
v -0.0037081812042742976 0.016751743853092194 -0.011179794557392597
v -0.0037522551137954005 0.01676860637962818 -0.011303974315524101
v -0.0036635315045714387 0.01703517697751522 -0.011298580095171928
v -0.002400038298219443 0.018498972058296204 -0.011935149319469929
v -0.0036200741305947312 0.01702301949262619 -0.011176152154803276
v -0.0028487318195402627 0.017836039885878563 -0.01150869857519865
v -0.0025642951950430874 0.017924409359693527 -0.011581506580114365
v -0.0028698719106614594 0.018437165766954422 -0.011839131824672222
v -0.002687502652406693 0.01826213300228119 -0.011868917383253574
v -0.003042442025616766 0.0181622002273798 -0.01179436594247818
v -0.003337778616696597 0.018267711624503136 -0.011733566410839558
v -0.003371816361323 0.018000528216362 -0.011721333488821983
v -0.003667317098006607 0.01778169348835945 -0.011653943918645382
v -0.0037491130642592916 0.018004940822720528 -0.011632107198238373
v -0.003915581386536361 0.017515704035758972 -0.011599241755902767
v -0.00407952954992652 0.01767434924840927 -0.011546828784048557
v -0.0041073979809880265 0.017213325947523117 -0.011565905064344406
v -0.004315730184316636 0.01730792224407196 -0.011492143385112286
v -0.0042323130182921895 0.016887683421373367 -0.011564470827579498
v -0.004455787595361472 0.016936829313635826 -0.011479721404612064
v -0.003948738798499108 0.016532879322767258 -0.011522200889885426
v -0.004171964712440968 0.01655237376689911 -0.011603745631873608
v -0.0040912781842052945 0.016856905072927475 -0.011559076607227325
v -0.0045110764913260945 0.01654348149895668 -0.011521494016051292
v -0.004386221989989282 0.016552401706576347 -0.011582067236304283
v -0.004230723250657321 0.0165540874004364 -0.011606946587562561
v -0.003952392842620612 0.016823988407850266 -0.011509640142321587
v -0.00397786032408476 0.01715761050581932 -0.011555696837604046
v -0.003850274486467243 0.01710505038499832 -0.011503471992909908
v -0.0038030140567570933 0.017440347000956535 -0.011582336388528347
v -0.0036917426623404035 0.01737171784043312 -0.011526836082339287
v -0.0035747280344367036 0.017691822722554207 -0.01163035724312067
v -0.003482392057776452 0.01761084608733654 -0.011571868322789669
v -0.0033373222686350354 0.017509669065475464 -0.01137478370219469
v -0.0031622764654457578 0.017740892246365547 -0.011543345637619495
v -0.0031087980605661878 0.017696205526590347 -0.011438312008976936
v -0.0029407055117189893 0.0179614070802927 -0.011697906069457531
v -0.0037932072300463924 0.01649857684969902 -0.01135463360697031
v -0.0037435030099004516 0.016473744064569473 -0.011226906441152096
v -0.003523899707943202 0.017285987734794617 -0.011325394734740257
v -0.0038754232227802285 0.016520295292139053 -0.011462380178272724
v -0.003834819421172143 0.01679329387843609 -0.011419913731515408
v -0.0037414340768009433 0.0170627199113369 -0.011413306929171085
v -0.0035953179467469462 0.01731853559613228 -0.011437124572694302
v -0.0034005716443061837 0.017548255622386932 -0.011483030393719673
v -0.0032282012980431327 0.017811045050621033 -0.01163120660930872
v -0.0026276004500687127 0.01805654913187027 -0.011767616495490074
v -0.0038945290725678214 0.011210608296096325 -0.012116777710616589
v -0.003830333473160864 0.011192590929567814 -0.011872939765453339
v -0.0039275684393942365 0.009417415596544743 -0.012189175933599472
v -0.003853827016428114 0.009936952032148838 -0.011933854781091213
v -0.003863610327243806 0.009412533603608608 -0.011945460923016071
v -0.003763493848964573 0.014734804630279541 -0.011426602490246296
v -0.0038235052488744268 0.014775464311242104 -0.011660895310342312
v -0.0039104665629565724 0.014796501025557518 -0.011775558814406395
v -0.0040333177894353875 0.01481377612799406 -0.011863705702126026
v -0.0041774832643568524 0.014824635349214077 -0.011911243200302124
v -0.004322845488786698 0.014828079380095005 -0.011914637871086597
v -0.004540696274489165 0.015275828540325165 -0.011749345809221268
v -0.004596586339175702 0.013107418082654476 -0.01207968033850193
v -0.004699147772043944 0.00995463877916336 -0.012294252403080463
v -0.004651153925806285 0.011301168240606785 -0.012247979640960693
v -0.004556183703243733 0.011236781254410744 -0.012316347099840641
v -0.0044997185468673715 0.013039279729127884 -0.012146946974098682
v -0.00398810999467969 0.011220571584999561 -0.012235808186233044
v -0.004066662397235633 0.009422391653060913 -0.012346661649644375
v -0.004120264202356339 0.011229176074266434 -0.0123246219009161
v -0.0037973439320921907 0.01294593047350645 -0.011698296293616295
v -0.003858527401462198 0.012999345548450947 -0.011933756992220879
v -0.003947954624891282 0.013016236014664173 -0.01205021794885397
v -0.004074270371347667 0.01303018257021904 -0.012138775549829006
v -0.004221946466714145 0.013038961216807365 -0.01218467764556408
v -0.0042737722396850595 0.011235004290938377 -0.0123673677444458
v -0.004369716625660659 0.013041744939982891 -0.012184623628854752
v -0.004425363149493934 0.011237422935664654 -0.012361254543066025
v -0.004571267403662206 0.009432587772607803 -0.012399032711982727
v -0.004363574087619782 0.009429401718080044 -0.012444313615560532
v -0.004288131836801768 0.009427911601960659 -0.0124385766685009
v -0.0041739093139767655 0.009425302967429161 -0.012407012283802032
v -0.004422768484801055 0.009410284459590912 -0.012440716847777367
v -0.00432638917118311 0.009415439330041409 -0.01244295109063387
v -0.004504148848354817 0.00936244335025549 -0.012420500628650188
v -0.004010098520666362 0.009279168210923672 -0.012268003076314926
v -0.004172399640083314 0.009239517152309418 -0.012368910945951939
v -0.004184272605925799 0.009303626604378223 -0.012395922094583511
v -0.004032035358250142 0.009397614747285843 -0.012317909859120846
v -0.004239527042955161 0.009376590140163898 -0.01242663711309433
v -0.003901652758941055 0.009340555407106876 -0.01211778074502945
v -0.004118565004318953 0.007805269677191973 -0.011274701915681362
v -0.004210993647575379 0.007733341306447983 -0.011260340921580791
v -0.004203066229820252 0.007953032851219177 -0.011499767191708088
v -0.004034055396914483 0.007883254438638687 -0.011262668296694756
v -0.0038852023426443347 0.008220910094678402 -0.011162903159856796
v -0.00395071366801858 0.008001142181456089 -0.01123332604765892
v -0.003919467329978944 0.008149734698235989 -0.011301551014184952
v -0.004032281693071128 0.008030167780816555 -0.011421063914895058
v -0.0038744432386010894 0.008793123997747898 -0.011607077904045582
v -0.003906539175659419 0.008917164988815784 -0.01189863309264183
v -0.004019202198833228 0.008833080530166626 -0.012046042829751968
v -0.004190206527709962 0.008779505267739296 -0.012142926454544067
v -0.004197048023343087 0.008345086127519608 -0.011848533526062965
v -0.004026160575449468 0.008411037735641003 -0.011759958229959011
v -0.003913416992872954 0.008513783104717731 -0.011625342071056366
v -0.0038835394661873588 0.008254130370914936 -0.011151407845318317
v -0.004028154071420432 0.007813360542058945 -0.010937224142253399
v -0.004114460200071336 0.0076779769733548164 -0.010731734335422516
v -0.003978077787905932 0.007893790490925312 -0.01098344661295414
v -0.0039450288750231275 0.007953374646604061 -0.010978730395436287
v -0.003916125744581223 0.008015464060008526 -0.010937068611383438
v -0.0038891888689249763 0.00810224935412407 -0.010796420276165009
v -0.003884618869051338 0.008141579106450081 -0.010686025023460388
v -0.004116985481232406 0.007714003790169954 -0.01071681547909975
v -0.004119784571230412 0.007669242564588785 -0.010713823139667511
v -0.004117142409086228 0.007673595566302538 -0.010722792707383633
v -0.004106780048459769 0.007781483698636293 -0.010719542391598225
v -0.00402556173503399 0.007984121330082417 -0.010713123716413975
v -0.004058939870446921 0.00792322214692831 -0.010717637836933136
v -0.00388593995012343 0.008092018775641918 -0.010851263999938965
v -0.003887249855324627 0.00804001186043024 -0.011017917655408382
v -0.003895079717040063 0.007927975617349148 -0.01125292107462883
v -0.00698094302788377 0.004024207592010498 -0.0022513559088110924
v -0.006992857903242113 0.003944614436477423 -0.0020792074501514435
v -0.007011892274022104 0.0039437604136765 -0.0020762800704687834
v -0.007036869414150717 0.0038686725310981274 -0.0019063157960772514
v -0.0060034221969544905 0.001742435502819717 0.000995970331132412
v -0.006003146525472404 0.0019737875554710627 0.00036715460009872913
v -0.007003079634159805 0.0019750569481402636 0.00036727660335600376
v -0.007008092477917673 -0.001967919059097767 0.0003043755714315921
v -0.007008159533143045 -0.0019572314340621233 -0.00036556419217959046
v -0.006008227355778219 -0.001958501059561968 -0.00036568616633303463
v -0.007003295700997116 0.0017437044298276305 0.0009960911702364683
v -0.007004071492701771 0.0010649500181898475 0.0016993196913972497
v -0.006004197988659145 0.0010636813240125775 0.0016991968732327223
v -0.00700521655380726 0.00013400721945799887 0.0019969402346760035
v -0.0060053439810872095 0.00013273856893647462 0.001996817300096154
v -0.00700645847246051 -0.0008268116507679224 0.0018178774043917656
v -0.006006585434079172 -0.0008280802867375314 0.00181775470264256
v -0.007007499225437643 -0.0015880513237789273 0.0012048938078805804
v -0.006007626187056305 -0.0015893200179561973 0.0012047711061313748
v -0.00600821850821376 -0.001969191711395979 0.0003042539756279439
v -0.007003738079220058 0.0016058768378570676 -0.001203181454911828
v -0.00700478069484234 0.0008446371648460627 -0.0018161650514230132
v -0.00700602261349559 -0.00011618170537985861 -0.0019952277652919292
v -0.0070031466893851774 0.001985744573175907 -0.0003026631602551788
v -0.0070079434663057345 -0.0017258787993341684 -0.0009943797485902905
v -0.00700716767460108 -0.0010471245041117072 -0.0016976072220131755
v -0.006008009891957046 -0.001727148424834013 -0.0009945016354322433
v -0.006007234100252392 -0.00104839401319623 -0.0016977292252704501
v -0.006006089039146902 -0.00011745130905183032 -0.001995349768549204
v -0.0060048475861549395 0.0008433675393462181 -0.001816286938264966
v -0.006003805901855232 0.001604607212357223 -0.0012033034581691027
v -0.006003214512020351 0.0019844749476760626 -0.000302785134408623
v -0.005999467801302673 0.004552539438009262 0.002190591301769018
v -0.0059999767690897005 0.004479669034481049 0.002186891855672002
v -0.005484067369252444 0.004809712991118431 0.0024555097334086895
v -0.004965324420481921 0.0058357249945402145 0.002810954349115491
v -0.003890870837494732 0.006295761559158564 0.00330468756146729
v -0.0038862740620970735 0.0065101273357868195 0.0033313122112303972
v -0.0050419988110661515 0.005074219778180122 0.0026707437355071306
v -0.0039004997815936812 0.005757125560194254 0.0032256145495921373
v -0.005500657949596644 0.005683036521077156 0.0025353915989398956
v -0.005586672108620406 0.006561217363923788 0.00255380105227232
v -0.005997170694172384 0.006579986307770014 0.0022639816161245108
v -0.005999197717756035 0.005040586926043034 0.0022128287237137556
v -0.004819909110665322 0.0065339975990355015 0.0029695217963308096
v -0.005509111098945142 0.006558054126799107 0.0026024002581834793
v -0.004060831386595965 -0.0024930578656494617 -9.353326458949596e-05
v -0.004059028811752797 -0.0024555197451263666 0.0004421450139489025
v -0.006008824799209835 -0.002466430189087987 0.00035982689587399364
v -0.006007425487041475 -0.0014947830932214856 0.001998900668695569
v -0.004036480095237494 -0.001421923516318202 0.0020532042253762484
v -0.0060068191960454004 -0.0010391426039859653 0.0022710177581757307
v -0.0040289885364472875 -0.0010416584555059671 0.0022708179894834757
v -0.006006761454045774 -0.000995237031020224 0.002290752250701189
v -0.005017732270061971 -0.001011184765957296 0.0022841612808406353
v -0.004542998038232327 -0.0010188273154199123 0.0022809654474258423
v -0.004028845578432084 -0.0010343885514885187 0.0022741565480828285
v -0.004028703551739455 -0.0010270924540236592 0.0022774774115532637
v -0.0060083218850195425 -0.0021428861655294895 0.0012755634961649776
v -0.004055186640471221 -0.002304574241861701 0.0009571458213031292
v -0.004050103947520257 -0.0020795853342860937 0.0013803285546600819
v -0.004044163506478072 -0.0018006099853664637 0.0017294641584157944
v -0.004060479812324048 -0.002413678914308548 -0.000631274888291955
v -0.006008858326822521 -0.002416582079604268 -0.000610105344094336
v -0.0040582017973065385 -0.0022412126418203115 -0.001096636289730668
v -0.006008418276906015 -0.0020008704159408808 -0.0014878512592986226
v -0.004054066725075246 -0.0019717782270163298 -0.0015297367936000228
v -0.004048392642289401 -0.0016252142377197742 -0.0018947032513096929
v -0.006007570773363115 -0.001282034907490015 -0.002140941098332405
v -0.0040412195958197126 -0.0012097626458853483 -0.002184422453865409
v -0.004033877048641444 -0.0007987975841388106 -0.0023666853085160255
v -0.0060064424760639685 -0.00036855973303318024 -0.0024708088021725416
v -0.004025079309940339 -0.00031124684028327465 -0.002479376271367073
v -0.006005709990859033 0.0002096382959280163 -0.0024911027867347
v -0.00401561800390482 0.00020204931206535548 -0.0024917081464082003
v -0.0050117354840040216 -0.0004925400717183948 0.002449803054332733
v -0.004018964711576701 -0.0005224941996857524 0.002445012563839555
v -0.0040090465918183335 4.248581717547495e-06 0.0025031263940036297
v -0.005508756265044213 -0.0004878989711869508 0.0024515395052731037
v -0.005486794281750918 4.993060065316968e-05 0.0025016358122229576
v -0.006005410104990007 5.0780028686858714e-05 0.00250032776966691
v -0.00600609462708235 -0.0004835403524339199 0.002451987937092781
v -0.005006868857890368 4.935529068461619e-05 0.0024990239180624485
v -0.004008241929113866 4.7510373406112194e-05 0.0025029375683516264
v -0.004987437278032304 0.0015447998885065317 0.002518441528081894
v -0.006003460846841337 0.0016019523609429598 0.0023693738039582968
v -0.003987175412476064 0.0011685402132570744 0.0026094617787748575
v -0.003981054294854403 0.0014919196255505085 0.002651302143931389
v -0.003950757905840875 0.003098783316090703 0.002842559479176998
v -0.004976140800863505 0.002784810960292816 0.002580112311989069
v -0.0060023781843483465 0.002459603361785412 0.0023174146190285683
v -0.0059998314827680605 0.004471151623874903 0.0021865852177143097
v -0.006001110654324295 0.0034680981189012527 0.0022228830493986607
v -0.004961665719747544 0.003957910928875208 0.0026243035681545734
v -0.003925633616745473 0.0044304379262030125 0.0030121079180389643
v -0.003908085636794568 0.005356109235435724 0.0031655956991016865
v -0.006002306472510101 0.0028739573899656534 -0.0023233075626194477
v -0.00600278237834573 0.0024567286018282175 -0.0017789884004741907
v -0.006002875510603191 0.0023685225751250982 -0.0015892988303676248
v -0.006002626847475769 0.0024283172097057104 0.00012703664833679795
v -0.006002793088555338 0.0023230784572660923 -0.00019379612058401108
v -0.006002825219184162 0.002304394729435444 -0.00027348639559932053
v -0.006002965383231642 0.0022565412800759077 -0.0010634376667439938
v -0.00600011181086302 0.004249895457178354 0.0021272185258567333
v -0.006000259425491096 0.004138939082622528 0.0020565008744597435
v -0.006000470370054247 0.0039828806184232235 0.0019259435357525945
v -0.006000503432005646 0.003959191031754017 0.0019052227726206183
v -0.006000880617648365 0.0036854567006230354 0.0016146177658811212
v -0.006002004258334638 0.0028630190063267946 0.0008272494305856526
v -0.00600209226831794 0.0028001826722174883 0.000752007239498198
v -0.006731178611516954 0.004387547727674246 0.0015005064196884632
v -0.006883722729980947 0.004289042670279741 0.0013042252976447344
v -0.0068221688270568865 0.0041493941098451614 0.001340892049483955
v -0.00742518436163664 0.00408041151240468 -0.0018623040523380041
v -0.007349041756242515 0.003998194355517626 -0.0018886023899540305
v -0.007439266890287401 0.0038072154857218266 -0.0013067887630313635
v -0.0060647251084446924 0.004198968876153231 0.0019675600342452526
v -0.006045304238796236 0.004184916149824858 0.0019866127986460924
v -0.006052658893167974 0.004248117562383413 0.002047318732365966
v -0.006014627870172264 0.004119392484426498 0.0019871946424245834
v -0.006030072923749687 0.004162425175309181 0.00199363986030221
v -0.006301642861217262 0.004184544552117586 0.0017439821967855096
v -0.0062235579825937765 0.004108869004994631 0.0016815693816170096
v -0.0061038299463689345 0.004200195427983999 0.0019106686813756824
v -0.0065913107246160525 0.0037221836391836405 0.0009895955445244908
v -0.006567713338881733 0.0037450490053743124 0.0010339395375922322
v -0.006586530245840551 0.00391398835927248 0.0013071043649688363
v -0.00631342548877001 0.004011951386928558 0.0015054274117574096
v -0.006228341720998289 0.00410392927005887 0.0016720410203561187
v -0.006890089251101019 0.0036365261767059565 0.0007673022337257862
v -0.007031223736703398 0.0035299069713801146 0.00044399822945706546
v -0.006827839184552433 0.0035164346918463707 0.0004899722989648581
v -0.007149459328502418 0.003466147230938077 8.253024134319276e-05
v -0.0069784126244485396 0.003425518749281764 4.404620995046571e-05
v -0.007234795019030573 0.003462070832028985 -0.0003011732769664377
v -0.007044405210763218 0.0034149610437452793 -0.00023195499670691788
v -0.007099123205989601 0.00344341853633523 -0.0005595445400103927
v -0.0072826016694307345 0.0035112379118800163 -0.0006669166614301503
v -0.007120667956769468 0.0034793694503605366 -0.0007608577725477517
v -0.007133686915040018 0.003595667891204357 -0.0011967065511271358
v -0.007289695087820293 0.0036965205799788237 -0.0013394233537837863
v -0.007128361612558367 0.003631033468991518 -0.0013028929242864251
v -0.007206141017377378 0.003909743390977383 -0.0019093970768153667
v -0.007515767589211466 0.004336042795330286 -0.0017626420594751835
v -0.00749718025326729 0.004222877789288759 -0.0018093608086928725
v -0.0075262021273374575 0.004299800843000412 -0.0016738144913688302
v -0.007479452993720772 0.004174388013780117 -0.0018282132223248482
v -0.0075712008401751536 0.004058093298226595 -0.0009942726464942098
v -0.007416088134050371 0.0037467610090970993 0.00012293078179936856
v -0.007470305077731611 0.003918277565389872 3.788816320593469e-05
v -0.007492933422327043 0.003744562389329076 -0.00024401074915658683
v -0.0075474651530385035 0.0039396281354129314 -0.00042844764539040625
v -0.007532611489295961 0.0037891631945967674 -0.0005976538523100317
v -0.007535466458648445 0.003961639013141394 -0.0012558604357764125
v -0.007159737870097162 0.003895426634699106 0.000794489576946944
v -0.007104730699211361 0.004133094567805529 0.000963297497946769
v -0.007214236538857223 0.004056141711771488 0.0007563630933873355
v -0.007302276324480774 0.0038011441938579082 0.00047369973617605865
v -0.007321520242840053 0.003986346069723368 0.0005133627564646304
v -0.007451571058481933 0.0039229015819728374 0.00011425059346947819
v -0.006038483697921039 0.004312901291996241 0.002110769273713231
v -0.006195404566824438 0.004546693991869688 0.002035535639151931
v -0.0064269988797605055 0.004526427946984768 0.0018285011174157262
v -0.00643528997898102 0.00439670542255044 0.001794688869267702
v -0.006201308686286213 0.004351847805082798 0.001967613585293293
v -0.00616952031850815 0.004262582864612341 0.0019227768061682582
v -0.006089041009545328 0.00420281570404768 0.0019342383602634072
v -0.006376977078616621 0.004282457288354635 0.001781068742275238
v -0.006717963609844448 0.004015270154923201 0.0013434262946248055
v -0.007045292761176826 0.003742714412510395 0.0008001844980753958
v -0.007190732285380365 0.0036398412194103003 0.00047447788529098034
v -0.007309758104383947 0.0035794058348983526 0.0001124338450608775
v -0.007392253261059524 0.003576805116608739 -0.00026981704286299646
v -0.0074357646517455595 0.0036254969891160727 -0.0006348248571157455
v -0.006123016588389875 0.00394078716635704 0.0015287934802472591
v -0.006181803066283466 0.003625198733061552 0.0010781423188745975
v -0.006042670458555223 0.0034463799092918634 0.0011485032737255096
v -0.006521429400891067 0.0034992534201592207 0.0005644849152304232
v -0.006240015849471094 0.003335668472573161 0.0006082959589548409
v -0.006307528819888832 0.0031458756420761347 6.724559352733195e-05
v -0.006056805141270162 0.003075144486501813 0.000678184034768492
v -0.0061638816259801405 0.002971515292301774 8.17560066934675e-05
v -0.006073491182178261 0.00279799266718328 9.621128992876038e-05
v -0.006067540962249042 0.002782774856314063 9.747917647473514e-05
v -0.006008363328874113 0.002535626059398055 0.00011808686394942924
v -0.006617940030992033 0.0033491358626633883 5.0359347369521856e-05
v -0.006510319188237192 0.003296447917819023 5.4732558055548e-05
v -0.006664333399385216 0.0033671618439257145 4.8863548727240413e-05
v -0.00639317696914077 0.0037293205969035625 0.0010372477117925882
v -0.006265077274292709 0.004001958761364222 0.001500969403423369
v -0.00602860748767853 0.003828005399554968 0.0015801986446604133
v -0.0067423931322991865 0.00335371820256114 -0.0005732328281737864
v -0.0063253790140151995 0.0030884956941008568 -0.00024853419745340943
v -0.006077970843762161 0.002707438776269555 -0.0002606657799333334
v -0.006082113832235338 0.002675325144082308 -0.0006741111283190548
v -0.00605204049497843 0.0032534764613956213 -0.002299665007740259
v -0.006076153367757799 0.0031296242959797382 -0.002032635500654578
v -0.00608242489397526 0.0029532380867749453 -0.001762297237291932
v -0.00608600862324238 0.0028052679263055325 -0.0014494520146399736
v -0.006085230503231289 0.002711495151743293 -0.0010823622578755021
v -0.0063181794248521345 0.0034830456133931875 -0.0018850502092391253
v -0.006287284195423128 0.0036971508525311947 -0.002271429169923067
v -0.006190383341163399 0.0035675347317010164 -0.002279479056596756
v -0.006658047437667848 0.003958391025662422 -0.0022543054074048996
v -0.006639224942773582 0.003840169869363308 -0.0020418239291757345
v -0.006690754089504482 0.00372089771553874 -0.0017858160426840186
v -0.006779262330383064 0.003501751460134983 -0.0012266082921996713
v -0.006342191714793445 0.0030812518671154976 -0.0006137302261777222
v -0.0063552111387252825 0.0031296294182538986 -0.0009793981444090605
v -0.0063765225932002085 0.003786011366173625 -0.002265719696879387
v -0.006358761806041004 0.0032202196307480335 -0.0013166433200240135
v -0.0047246525064110765 0.006724232342094183 -0.008512943983078003
v -0.004617820493876935 0.0067643579095602036 -0.008497951552271843
v -0.004956719465553761 0.0061761317774653435 -0.006941386964172125
v -0.0052547622472047814 0.006617110688239336 -0.00855990406125784
v -0.0053433189168572435 0.005958700552582741 -0.006483850535005331
v -0.005185591988265515 0.005792764946818352 -0.0059552667662501335
v -0.005411631893366576 0.005414307117462158 -0.0050373198464512825
v -0.005851957481354476 0.004625195171684027 -0.0034140758216381073
v -0.006155782844871284 0.00400371802970767 -0.002252151258289814
v -0.005760209169238807 0.006233930122107267 -0.007420697715133429
v -0.005177191458642484 0.007011916022747755 -0.009894677437841892
v -0.0063683376647532 0.0052726478315889835 -0.004841029644012451
v -0.006239393725991251 0.005492888391017914 -0.005369358696043491
v -0.006099025253206493 0.005722234025597572 -0.005959773901849985
v -0.005872075445950033 0.006070985924452543 -0.006934755947440863
v -0.005498783662915231 0.005265916232019663 -0.0046991752460598946
v -0.00550538580864668 0.005254540126770735 -0.004673933610320091
v -0.00646048365160823 0.005109549034386873 -0.004473423585295677
v -0.0055083148181438455 0.005249479319900274 -0.004662752617150545
v -0.006779263261705639 0.004496310837566853 -0.003211426781490445
v -0.00682035554200411 0.0044084214605391026 -0.0030370065942406654
v -0.006153873167932035 0.0041914950124919415 -0.0022403220646083355
v -0.0039416439831256875 0.004149448126554489 -0.002243110677227378
v -0.0061206594109535235 0.0042626745998859406 -0.002384277293458581
v -0.005849024746567012 0.00476972246542573 -0.0034138860646635294
v -0.0039238324388861665 0.005379009991884232 -0.0047138226218521595
v -0.0055077141150832185 0.00538221187889576 -0.0046577733010053635
v -0.005493908189237119 0.0054082307033240795 -0.004710597451776266
v -0.005183387082070113 0.005888108164072037 -0.005961385555565357
v -0.0047323484905064115 0.00665598688647151 -0.007960556074976921
v -0.0038964878767728814 0.007431076839566231 -0.009997505694627762
v -0.004459887742996217 0.007154844701290131 -0.009258299134671688
v -0.004301812034100295 0.007438618689775467 -0.009996673092246056
v -0.004153535701334477 0.007668622769415379 -0.010597272776067257
v -0.004126403015106917 0.007658196613192558 -0.010690679773688316
v -0.004123123828321696 0.007663700729608536 -0.01070227101445198
v -0.004151106346398593 0.007616628892719746 -0.010602135211229324
v -0.004283436108380557 0.007384237367659807 -0.010070485062897205
v -0.004313890356570483 0.007328352425247431 -0.009936444461345673
v -0.004299757536500693 0.007354374974966049 -0.00999913364648819
v -0.0057120039127767095 0.007485703565180302 -0.009879433549940586
v -0.005685593001544476 0.007362547796219587 -0.009910870343446732
v -0.005663574673235417 0.007309787441045046 -0.009921777993440628
v -0.005599447060376407 0.007209161762148142 -0.009937171824276447
v -0.005538193508982659 0.007144904229789972 -0.009942037053406239
v -0.005512431263923646 0.007123534567654133 -0.009942336939275265
v -0.005354857072234155 0.007038555108010769 -0.009930050931870937
v -0.006632006727159025 0.006174681708216667 -0.005842093378305435
v -0.006194870918989183 0.0068384697660803795 -0.007773509714752436
v -0.006187632679939272 0.006692228373140097 -0.007731399033218622
v -0.005864960141479971 0.006366468500345945 -0.007763700094074011
v -0.006019933149218561 0.0064535439014434814 -0.007770502474159002
v -0.006104748696088793 0.006539542227983475 -0.0077618928626179695
v -0.006975996773689987 0.005568911787122488 -0.004372655879706144
v -0.006756989751011135 0.0059645227156579494 -0.005300124641507864
v -0.0067322775721550005 0.005846427287906408 -0.005341834854334593
v -0.007368132472038271 0.004742474295198917 -0.002659941092133522
v -0.007277060300111772 0.004953588359057903 -0.0030912961810827255
v -0.0072528631426394 0.004842614755034447 -0.0031418197322636843
v -0.0069482959806919115 0.0045357984490692616 -0.003228928195312619
v -0.007174169179052116 0.004702809266746044 -0.0031948040705174208
v -0.007094438187777998 0.004622211679816246 -0.003217747202143073
v -0.006413904018700125 0.005526752211153507 -0.005396305117756128
v -0.0066501004621386545 0.005698134191334248 -0.005382327362895012
v -0.006566510535776617 0.005613863933831453 -0.005396764725446701
v -0.006235837936401369 0.01616051234304905 -0.00031646000570617616
v -0.0063684391789138334 0.016247736290097237 -0.0011578606208786368
v -0.0068544326350092905 0.012394602410495281 -0.0014271684922277927
v -0.005428385455161334 0.012070590630173683 -0.010913223959505558
v -0.005551875103265048 0.01489980798214674 -0.010209601372480392
v -0.006238149944692852 0.02156522311270237 -0.0047907158732414246
v -0.006240527145564558 0.017251722514629364 -0.004817001521587372
v -0.0007658877293579283 0.0184385497123003 0.0032859635539352894
v -0.001726311864331365 0.018227621912956238 0.003161848522722721
v -0.0005758320912718774 0.020022127777338028 -0.011926931329071522
v -0.0048843463882803926 0.009876387193799019 -0.012093551456928253
v -0.007507338654249908 0.0061620199121534824 -0.001256056479178369
v -0.007453129626810552 0.006316651124507189 -0.0018104359041899443
v -0.0072528468444943445 0.0067192139104008675 -0.002961321035400033
v -0.006988185457885267 0.00717603974044323 -0.004143974743783474
v -0.0067195957526564615 0.007614676374942064 -0.00532842893153429
v -0.00646453630179167 0.008016863837838173 -0.006481524091213942
v -0.006015079095959665 0.008701594546437263 -0.008557301014661789
v -0.005656648427248002 0.009219401516020298 -0.010158154182136059
v -0.005115471780300141 0.00974764209240675 -0.011741683818399906
v -0.005312931258231402 0.00959838554263115 -0.011308843269944191
v -0.0045639663003385076 0.015154869295656681 -0.011755036190152168
v -0.004720626398921014 0.017857393249869347 -0.011097102425992489
v -0.004292897880077363 0.017822232097387314 -0.011402163654565811
v -0.00392564106732607 0.0202814731746912 -0.011127949692308903
v -0.0033401742111891517 0.020188134163618088 -0.011391237378120422
v -0.0013080736389383676 0.020038316026329994 -0.011866945773363113
v -0.002020282438024879 0.02006944641470909 -0.011758895590901375
v -0.002701352117583156 0.02011842094361782 -0.011600939556956291
v -0.0005922502605244518 0.022086240351200104 -0.011673295870423317
v -0.0006060143932700158 0.023887207731604576 -0.01145599689334631
v -0.001382158254273236 0.02393900230526924 -0.011364291422069073
v -0.0021385140717029576 0.024036293849349022 -0.011203381232917309
v -0.0028641279786825184 0.024184884503483772 -0.010974301025271416
v -0.0035480486694723376 0.0243905670940876 -0.01067808922380209
v -0.004179321229457856 0.024659138172864914 -0.010315782390534878
v -0.004746994934976102 0.02499639056622982 -0.009888418950140476
v -0.005240116268396378 0.025408120825886726 -0.009397033601999283
v -0.005650048609822989 0.025896698236465454 -0.008843687362968922
v -0.005980650428682567 0.026445947587490082 -0.008235962130129337
v -0.006239982787519695 0.027033498510718346 -0.007583291735500097
v -0.006436103489249946 0.02763696387410164 -0.006895112805068493
v -0.006577074062079193 0.028233954682946205 -0.0061808619648218155
v -0.006670955102890732 0.028802085667848587 -0.005449975375086069
v -0.006725808139890434 0.02931896783411503 -0.00471189059317112
v -0.00674969330430031 0.02976221591234207 -0.003976043313741684
v -0.006747885607182981 0.030115868896245956 -0.003251109505072236
v -0.0067144827917218226 0.03038974478840828 -0.0025427117943763733
v -0.006337718572467567 0.030895322561264038 -0.0005653465050272644
v -0.006518127396702768 0.030763201415538788 -0.0011949660256505013
v -0.006640795152634384 0.03060010075569153 -0.0018557105213403702
v -0.006090587936341764 0.03101283125579357 2.8249260140000843e-05
v -0.005959949921816589 0.035899415612220764 0.0008178827702067792
v -0.005767707712948323 0.031132103875279427 0.0005809172289445996
v -0.004286284558475018 0.0316188707947731 0.0019474099390208721
v -0.005035597365349532 0.036402370780706406 0.0017541383858770132
v -0.004863163921982051 0.03143493831157684 0.0015442960429936647
v -0.005539814941585065 0.03617291525006294 0.001315408619120717
v -0.005360047332942487 0.031269513070583344 0.0010877533350139856
v -0.0006140460609458388 0.03235654532909393 0.0030602882616221905
v -0.0010205380385741594 0.037061434239149094 0.0031889884267002344
v -0.001414295635186136 0.03227702155709267 0.002967710141092539
v -0.002006284194067121 0.037000928074121475 0.003036963287740946
v -0.0021934178657829766 0.03215036541223526 0.0028072409331798553
v -0.0029176548123359685 0.03690122440457344 0.0028019847813993692
v -0.002939638914540411 0.03198970481753349 0.0025817733258008957
v -0.003759993705898524 0.03675999119877815 0.002488202415406704
v -0.0036411858163774022 0.03180816397070885 0.0022941988427191973
v -0.004058753140270711 0.03669508174061775 0.002349226037040353
v -0.004455748014152051 0.03659328073263168 0.0021369154565036297
v -0.0026492779143154625 0.017904845997691154 0.0029431255534291267
v -0.003513866104185582 0.01751578040421009 0.002630455419421196
v -0.00400178274139762 0.013811894692480564 0.0029097392689436674
v -0.003844481427222491 0.008751525543630123 0.0034062585327774286
v -0.0038341868203133353 0.00930016115307808 0.0034060708712786436
v -0.004518163856118918 0.009222595021128654 0.003131990088149905
v -0.0038004929665476092 0.009465777315199375 0.0034149212297052145
v -0.003693999722599984 0.009635813534259796 0.003447970375418663
v -0.004585766233503819 0.007895756512880325 0.0031114432495087385
v -0.005561501719057561 0.007260549813508987 0.002582383807748556
v -0.006710845511406662 0.006439813878387213 0.0015639308840036392
v -0.0063752667047083395 0.0066828178241848946 0.0019332146039232612
v -0.006993254646658899 0.006240348797291517 0.0011650270316749811
v -0.007218263577669861 0.006094140466302633 0.0007366421050392091
v -0.007480308413505556 0.005998644512146711 -0.00020772578136529773
v -0.0073816506192088144 0.006010914221405983 0.0002789098070934415
v -0.007519303355365993 0.006052511278539896 -0.0007206000736914575
v -0.0063316193409264105 0.013598042540252209 -0.005584418307989836
v -0.006261711474508049 0.02141197957098484 -0.003984827548265457
v -0.00620236247777939 0.021656466647982597 -0.005576903000473976
v -0.006160659249871971 0.02166641317307949 -0.006332468241453171
v -0.0059967567212879675 0.017885882407426834 -0.007333353627473116
v -0.005917783826589586 0.017977839335799217 -0.008052797988057137
v -0.005824494641274215 0.01801997609436512 -0.008710012771189213
v -0.005704812705516816 0.018022973090410233 -0.009305981919169426
v -0.006040629930794241 0.011189941316843033 -0.008172922767698765
v -0.006042368710041048 0.014210806228220463 -0.007470273412764072
v -0.005383730400353671 0.014986460097134113 -0.010694469325244427
v -0.0055466615594923505 0.01799752749502659 -0.00984169077128172
v -0.00517161749303341 0.01505310833454132 -0.011110086925327778
v -0.005337963346391917 0.017954323440790176 -0.010318123735487461
v -0.004902654793113471 0.015106875449419022 -0.011461819522082806
v -0.005066642537713052 0.017904048785567284 -0.010736266151070595
v -0.005245367530733348 0.01221446879208088 -0.011362094432115555
v -0.005024309270083905 0.012337948195636272 -0.011733989231288433
v -0.004752183333039285 0.012446088716387749 -0.012037661857903004
v -0.006403163075447084 0.016434265300631523 -0.0020494465716183186
v -0.006780190393328668 0.012625387869775295 -0.002452246379107237
v -0.006375316064804794 0.016685059294104576 -0.002969977678731084
v -0.006643129512667658 0.012927043251693249 -0.0035045903641730547
v -0.0064319786615669745 0.010519688948988914 -0.006164092570543289
v -0.006884237285703422 0.009770138189196587 -0.0039069694466888905
v -0.005970055703073742 0.01620761677622795 0.0004535189364105463
v -0.006609033327549698 0.012318705208599567 0.0004294012614991516
v -0.00577817764133215 0.016289640218019485 0.0008058163220994174
v -0.0064309481531381624 0.012408201582729816 0.0008338366751559079
v -0.005548170767724515 0.016406338661909103 0.0011353699956089258
v -0.004873439669609071 0.013338838703930378 0.0024510922376066446
v -0.004299156367778779 0.01710597053170204 0.002224498661234975
v -0.005616433452814818 0.01289666909724474 0.0018850235501304269
v -0.00498423120006919 0.016720974817872047 0.0017259169835597277
v -0.005931293126195671 0.012703862972557545 0.0015616099117323756
v -0.0062039154581725615 0.01253881398588419 0.0012112271506339312
v -0.006735660601407291 0.012275958433747292 -1.8124743519365438e-06
v -0.007246635854244234 0.008921070024371147 -7.963928510434926e-05
v -0.006903431843966247 0.01057635247707367 0.0004179537936579436
v -0.007138876710087063 0.00895522627979517 0.0003923620970454067
v -0.006730860564857723 0.010667524300515652 0.0008441591053269804
v -0.0069706030189991015 0.00904599018394947 0.0008350768475793302
v -0.006504521239548923 0.010803783312439919 0.0012417281977832317
v -0.0067447354085743445 0.009186746552586555 0.0012482068268582225
v -0.006228103302419187 0.010977868922054768 0.0016107213450595737
v -0.0064652184955775755 0.009369535371661186 0.001631788443773985
v -0.005905293393880131 0.011182527989149094 0.0019511976279318333
v -0.006136005744338037 0.009586411528289318 0.001985859591513872
v -0.005135239567607642 0.011654514819383621 0.002546832198277116
v -0.0053442814387381085 0.010090622119605541 0.0026056331116706133
v -0.004223854281008244 0.012161685153841972 0.003029108280315995
v -0.004401159472763539 0.01063578575849533 0.0031078376341611147
v -0.003338232636451722 0.011158302426338196 0.003492784919217229
v -0.0035245928447693595 0.009756231680512428 0.003500496270135045
v -0.003508766647428275 0.009767694398760796 0.003505237866193056
v -0.0071071861311793345 0.0094067994505167 -0.002759018214419484
v -0.006952584721148016 0.008415762335062027 -0.004043206572532654
v -0.007201367989182474 0.008009383454918861 -0.0028711222112178802
v -0.00726662063971162 0.00911062490195036 -0.0016389982774853706
v -0.007386216893792154 0.007664643693715334 -0.0017285437788814306
v -0.007433521561324598 0.00753741106018424 -0.0011779519263654947
v -0.006814497523009779 0.012277957051992416 -0.0004573047044686973
v -0.007298519834876062 0.008940481580793858 -0.0005781316431239247
v -0.007439466193318369 0.007452014833688736 -0.0006462958990596235
v -0.005482083652168513 0.008634442463517189 0.002614480908960104
v -0.0062879342585802096 0.008094788528978825 0.0019772909581661224
v -0.0066212746314704436 0.007865098305046558 0.001613886677660048
v -0.00690272403880954 0.007673871703445911 0.001220650621689856
v -0.007128164172172548 0.007529890164732933 0.000797610729932785
v -0.007293465547263624 0.007441934198141098 0.000344797590514645
v -0.007395595312118532 0.007417259272187948 -0.00013743033923674375
v -0.006248941645026209 0.0233943909406662 -0.0020527923479676247
v -0.006135964766144754 0.02326439879834652 -0.0013165143318474293
v -0.006169868167489769 0.025781316682696342 -0.0010567371500656009
v -0.00596181256696582 0.02573789469897747 -0.00039909835322760046
v -0.005959264468401672 0.023168906569480896 -0.0006130540859885514
v -0.005676613189280034 0.025739137083292007 0.00021624790679197758
v -0.005702742841094733 0.023135708644986153 4.67355566797778e-05
v -0.005301698110997678 0.025809966027736664 0.0007809882517904043
v -0.005801567807793618 0.02065238729119301 -0.00010170351015403867
v -0.006022587884217502 0.020709209144115448 -0.0008148354827426374
v -0.006159432232379915 0.020843273028731346 -0.0015734530752524734
v -0.0062331832014024275 0.021024396643042564 -0.0023636312689632177
v -0.006279017776250841 0.01878330297768116 -0.002671989379450679
v -0.006253178697079422 0.01856314204633236 -0.0018191717099398375
v -0.006164626218378546 0.018399985507130623 -0.0009965762728825212
v -0.005985716357827188 0.018326271325349808 -0.00022168784926179796
v -0.0053503038361668595 0.023192618042230606 0.000652007176540792
v -0.004830086138099433 0.025963950902223587 0.0012880531139671803
v -0.0048924796283245095 0.023354152217507362 0.0011937833623960614
v -0.0042714844457805165 0.026180705055594444 0.001734080258756876
v -0.004339592531323434 0.023595303297042847 0.001668695011176169
v -0.003638705704361201 0.026433518156409264 0.0021163965575397015
v -0.003705645678564907 0.023883676156401634 0.002074409509077668
v -0.002944558626040817 0.026695692911744118 0.0024323284160345793
v -0.0030046384781599053 0.02418689616024494 0.0024085959885269403
v -0.002201854949817062 0.026940539479255676 0.002679204335436225
v -0.002250573597848416 0.024472566321492195 0.002668920671567321
v -0.0014234032714739444 0.027141349390149117 0.0028543502558022738
v -0.0014574525412172081 0.024708308279514313 0.002853055251762271
v -0.0006220164359547199 0.027271432802081108 0.002955094212666154
v -0.0006392761715687812 0.024861739948391914 0.0029586658347398043
v -0.0006688020657747985 0.022574806585907936 0.0030141279567033052
v -0.001518802135251463 0.022400062531232834 0.002902996027842164
v -0.0023406085092574362 0.022132182493805885 0.0027085701003670692
v -0.0031184658873826274 0.02180851250886917 0.0024327074643224478
v -0.003836619434878231 0.02146640047430992 0.0020772621501237154
v -0.004479311872273684 0.02114321105182171 0.0016440959880128503
v -0.00503078754991293 0.020876280963420868 0.0011350613785907626
v -0.005475291050970555 0.020702974870800972 0.0005520177073776722
v -0.005688813980668784 0.018374428153038025 0.0004880153283011168
v -0.005256355274468661 0.01856057532131672 0.0011186208575963974
v -0.004700868390500546 0.0188521109521389 0.0016668749740347266
v -0.004040472675114871 0.01920737698674202 0.0021314993500709534
v -0.0032932865433394918 0.019584722816944122 0.002511219587177038
v -0.0024774307385087018 0.019942492246627808 0.0028047619853168726
v -0.0016110239084810023 0.020239034667611122 0.0030108510982245207
v -0.000712186098098755 0.020432688295841217 0.0031282093841582537
v -0.006121797487139704 0.01616508699953556 7.878330507082865e-05
v -0.003354886546730996 0.00995237473398447 0.003547503612935543
v -0.004061283543705941 0.022606218233704567 -0.010684103704988956
v -0.0034518593456596145 0.02242354489862919 -0.011002850718796253
v -0.0027891569770872597 0.022284643724560738 -0.011260835453867912
v -0.0020842622034251694 0.022185081616044044 -0.011458365246653557
v -0.0013482637004926803 0.02212042547762394 -0.01159574929624796
v -0.006313350051641466 0.02584446594119072 -0.0017483560368418694
v -0.006404378917068245 0.025902561843395233 -0.002465702360495925
v -0.006452954839915039 0.025931566953659058 -0.00320080341771245
v -0.006468471605330707 0.025907645002007484 -0.003945771139115095
v -0.006460319273173811 0.025806974619627 -0.004692712798714638
v -0.006434771232306959 0.025613047182559967 -0.005433876533061266
v -0.006105663720518352 0.02160343900322914 -0.007052477914839983
v -0.00638564955443144 0.02533857896924019 -0.006162060424685478
v -0.006026582326740028 0.021482838317751884 -0.0077334921807050705
v -0.006303671281784775 0.02500356361269951 -0.006870203651487827
v -0.005912619177252056 0.021319903433322906 -0.008372071199119091
v -0.006179549265652897 0.024628011509776115 -0.007551242597401142
v -0.0057529821060597905 0.021129924803972244 -0.008964776992797852
v -0.006003999151289465 0.024231936782598495 -0.008198113180696964
v -0.005536876153200866 0.020928189158439636 -0.009508168324828148
v -0.005767737515270711 0.02383534051477909 -0.00880375225096941
v -0.005253505893051625 0.02072998881340027 -0.0099988067522645
v -0.005461478140205146 0.023458236828446388 -0.00936109758913517
v -0.004892080556601287 0.02055061236023903 -0.010433253832161427
v -0.005075939930975438 0.023120619356632233 -0.00986308604478836
v -0.004446645267307759 0.02040133625268936 -0.010809235274791718
v -0.00460634008049965 0.022837098687887192 -0.01030428521335125
v -0.00383467460051179 0.009288095869123936 0.003279062919318676
v -0.0038351553957909354 0.009276286698877811 0.0031515948940068483
v -0.003797174897044898 0.009450754150748253 0.0031352597288787365
v -0.003676817286759616 0.009623474441468716 0.0031187792774289846
v -0.0035259556025266656 0.009719968773424625 0.0031092551071196795
v -0.0035272687673568734 0.009683413431048393 0.0027147855143994093
v -0.0035286033526062974 0.00964684970676899 0.002320318017154932
v -0.003369589103385807 0.009819377213716507 0.0023734343703836203
v -0.0033026805613189944 0.010038784705102444 0.002388366498053074
v -0.0033260160125792035 0.009918052703142166 0.00238522095605731
v -0.003640975337475539 0.009578453376889229 0.0022782052401453257
v -0.0037931608967483052 0.009382979944348335 0.0022207293659448624
v -0.003838725620880724 0.00918860174715519 0.0022072901483625174
v -0.0014633807586506011 0.023889997974038124 0.0016710441559553146
v -0.0009647250990383329 0.02404319867491722 0.001757314894348383
v -0.0010534542379900815 0.020595232024788857 0.0018995816353708506
v -0.003254761453717948 0.023027129471302032 0.0009738892549648881
v -0.003174431389197708 0.02700616791844368 0.0010341748129576445
v -0.002769605023786426 0.027184344828128815 0.0012402413412928581
v -0.002371945651248098 0.017019646242260933 0.0019104706589132547
v -0.002919447841122747 0.016721228137612343 0.0017195590771734715
v -0.0038092201575636872 0.010787706822156906 0.002116135088726878
v -0.0038014794699847707 0.011204292997717857 0.0020742560736835003
v -0.00357096758671105 0.011355691589415073 0.002171298023313284
v -0.00092963402858004 0.03177088499069214 0.0018395684892311692
v -0.00043371121864765893 0.03182096779346466 0.0018837596289813519
v -0.0018927939236164097 0.03159128502011299 0.001661278191022575
v -0.0019758327398449187 0.03526673465967178 0.0017835975158959627
v -0.0010059920605272057 0.035252589732408524 0.0019509348785504699
v -0.0027894787490367894 0.03134423866868019 0.0013666331069543958
v -0.002835186896845699 0.03528730943799019 0.0015310453018173575
v -0.003471847390756012 0.02904258295893669 0.0009295603958889842
v -0.0033545182086527356 0.03530450910329819 0.0013167153811082244
v -0.003426842391490937 0.01640893891453743 0.0014835147885605693
v -0.003709797281771899 0.01621776446700096 0.0013199400855228305
v -0.0037007471546530732 0.016710199415683746 0.0012452156515792012
v -0.0030719952192157516 0.01964588090777397 0.0012871691724285483
v -0.0037531289272010335 0.013847357593476772 0.001701794913969934
v -0.0037739500403404245 0.012706724926829338 0.0018786373548209667
v -0.0037584456149488696 0.013552884571254253 0.0017488313606008887
v -0.0005703153437934817 0.017634039744734764 0.002220145659521222
v -0.0005018469528295101 0.020715761929750443 0.00195475947111845
v -0.0004561219539027662 0.024143189191818237 0.0018082259921357036
v -0.0019469009712338452 0.023697685450315475 0.0015494887484237552
v -0.002113180467858911 0.020179666578769684 0.0016723966691643
v -0.0029393001459538945 0.021402712911367416 0.0012264357646927238
v -0.0034974629525095233 0.01937757432460785 0.0010344362817704678
v -0.0036595526617020377 0.01895148679614067 0.0009564119973219931
v -0.0035369598772376784 0.025559749454259872 0.0007752986857667565
v -0.0035849579144269237 0.022975489497184753 0.0007410129182972014
v -0.003624304663389922 0.020863620564341545 0.0008023485424928367
v -0.00335317524150014 0.02115524187684059 0.0009872178779914975
v -0.0028477795422077183 0.023252153769135475 0.0012008353369310498
v -0.0018845968879759316 0.027530992403626442 0.0015590618131682277
v -0.000436139845987782 0.02787199430167675 0.0017982538556680083
v -0.000929089786950499 0.0277959443628788 0.0017509080935269594
v -0.0015927123604342346 0.02041080966591835 0.001805574051104486
v -0.0017924878047779207 0.017284434288740158 0.002057023113593459
v -0.0011892269831150772 0.017495818436145782 0.0021599894389510155
v -0.0033553848043084153 0.03541507199406624 -0.00010804022895172238
v -0.004060680512338878 0.035416699945926666 -0.00010796040442073718
v -0.005952328443527223 0.041758209466934204 0.0023874398320913315
v -0.0059535088948905485 0.0408158116042614 0.00249248999170959
v -0.0040535125881433496 0.0408133938908577 0.0024922576267272234
v -0.004052499309182168 0.04206875339150429 -0.0022657690569758415
v -0.004053695127367974 0.04114890843629837 -0.0024960716255009174
v -0.005953692365437748 0.04115154221653938 -0.00249582901597023
v -0.005952497944235803 0.04207116365432739 -0.002265538088977337
v -0.0059514101594686526 0.042871229350566864 -0.0016742751467972994
v -0.00405141105875373 0.04286881908774376 -0.0016745062312111259
v -0.005950661841779949 0.04337736964225769 -0.0008178182179108262
v -0.004050664603710175 0.043374959379434586 -0.0008180492441169918
v -0.005950375460088255 0.043509434908628464 0.00016821178724057972
v -0.004050376359373332 0.04350702464580536 0.00016798076103441417
v -0.0059505915269255655 0.043246518820524216 0.0011276761069893837
v -0.004050593357533217 0.04324410855770111 0.0011274450225755572
v -0.004051079973578454 0.042800966650247574 0.0017471971223130822
v -0.005951078142970802 0.042803384363651276 0.0017474294872954488
v -0.004051280673593284 0.042627833783626556 0.001908408710733056
v -0.004052329342812301 0.0417557954788208 0.0023872072342783213
v -0.005951277911663057 0.04263024777173996 0.0019086410757154226
v -0.004060035571455956 0.036393918097019196 -0.002794385189190507
v -0.0040607196278870114 0.03596898540854454 -0.0027851781342178583
v -0.004060928709805013 0.035484060645103455 -0.002843117108568549
v -0.004059263039380313 0.03680695965886116 -0.002807850716635585
v -0.0040592444129288205 0.03682999312877655 -0.0028085627127438784
v -0.0040599056519567975 0.03688681125640869 -0.002810359001159668
v -0.00405652029439807 0.03877810761332512 -0.002762693213298917
v -0.004058062098920346 0.037746090441942215 -0.0028246669098734856
v -0.004055678378790618 0.039135344326496124 0.0023998296819627285
v -0.004055792465806008 0.039040714502334595 0.002246416173875332
v -0.00405736779794097 0.03799371421337128 0.0005715038278140128
v -0.003947628196328879 0.038910217583179474 0.00204868265427649
v -0.0035355156287550935 0.038513194769620895 0.0014588534832000732
v -0.0038102567195892343 0.038777876645326614 0.0018520740559324622
v -0.004051078576594592 0.03908723220229149 0.0023223720490932465
v -0.003967170137912036 0.03893508017063141 0.002086389809846878
v -0.0038059963844716558 0.03881259262561798 0.0019087441032752395
v -0.0035685698967427024 0.03871764987707138 0.0017835611943155527
v -0.003276741364970804 0.03866920247673988 0.001737978309392929
v -0.003002188866958023 0.03867785260081291 0.001780143822543323
v -0.0029580669943243274 0.03868357464671135 0.0017937152879312634
v -0.002463825745508075 0.03874017298221588 0.0019298340193927288
v -0.0020411564037203793 0.03877850994467735 0.0020246217027306557
v -0.0010230774059891703 0.03883823752403259 0.0021785651333630085
v -0.0008639610605314376 0.03798341006040573 0.0026827252004295588
v -0.0037328156176954517 0.036989547312259674 0.002383533166721463
v -0.0030026305466890344 0.038663480430841446 0.0017880331724882126
v -0.0030289175920188436 0.038484688848257065 0.0018784947460517287
v -0.0031245837453752765 0.03821142390370369 0.0019942154176533222
v -0.003044732380658389 0.037812553346157074 0.0022496506571769714
v -0.003175610676407815 0.03810233995318413 0.0020345498342067003
v -0.003567375475540758 0.03739006444811821 0.00225272960960865
v -0.0023494176566600804 0.037891071289777756 0.0024431929923594
v -0.0016171758761629467 0.03794819116592407 0.0025890814140439034
v -0.003988204523921014 0.037818554788827896 0.0023361225612461567
v -0.003961367066949607 0.038362156599760056 0.0022609990555793047
v -0.004024979658424855 0.03845736011862755 0.0023844174575060606
v -0.0035650490317493686 0.037702180445194244 0.002126946346834302
v -0.003759291488677264 0.03720777481794357 0.00228008977137506
v -0.003280366538092495 0.03864374756813049 0.0017521320842206478
v -0.003710802411660553 0.038239069283008575 0.00204226141795516
v -0.0038014447782188663 0.03874921426177025 0.0019387126667425036
v -0.0038536845240741977 0.038293398916721344 0.0021387464366853237
v -0.003973810467869044 0.03886307775974274 0.0021409904584288597
v -0.0033768764697015294 0.03819207847118378 0.0019592621829360723
v -0.0035546079743653545 0.03867209702730179 0.0018019918352365494
v -0.0037872176617383966 0.0367557629942894 0.0024763760156929493
v -0.0038236419204622516 0.036966752260923386 0.0023671044036746025
v -0.003840314457193018 0.03677397966384888 0.002453356748446822
v -0.0039047400932759055 0.03722339868545532 0.002308858325704932
v -0.003968116361647845 0.03724488243460655 0.0023487515281885862
v -0.003913649823516608 0.03685978427529335 0.0024218743201345205
v -0.003982696682214738 0.03709017112851143 0.0023904747795313597
v -0.004011533688753844 0.037520233541727066 0.0023778353352099657
v -0.003985084127634765 0.03710589185357094 0.0023893394973129034
v -0.0038059211801737556 0.037732500582933426 0.002181154675781727
v -0.004013322293758393 0.037683434784412384 0.002378166187554598
v -0.003832431277260185 0.0372108519077301 0.002285654190927744
v -0.0036867402959615 0.03770947456359863 0.0021398423705250025
v -0.00405040429905057 0.0389905720949173 0.0023677104618400335
v -0.004053545650094748 0.039006903767585754 0.0023964985739439726
v -0.0038012489676475534 0.03879769518971443 0.0019120004726573825
v -0.003973707091063262 0.03891158103942871 0.0021144491620361805
v -0.004050343297421933 0.03903908655047417 0.0023413540329784155
v -0.004055668134242297 0.03912415727972984 0.002400364028289914
v -0.004979643039405347 0.03685540333390236 0.0018223413499072194
v -0.004320611245930196 0.03948342427611351 0.002397959353402257
v -0.004345667082816363 0.03833045810461044 0.0022984673269093037
v -0.0043705771677196035 0.037372004240751266 0.0022158392239362
v -0.004960764199495316 0.037337131798267365 0.0018997438019141555
v -0.005959131289273502 0.036535587161779404 0.0009289071313105524
v -0.005514567717909814 0.036711450666189194 0.0013983723474666476
v -0.005498948972672225 0.037268806248903275 0.0015338825760409236
v -0.005958516616374256 0.037004921585321426 0.0010679310653358698
v -0.005956990178674461 0.03816172480583191 0.001558756805025041
v -0.005469100084155799 0.03838800638914108 0.001906619407236576
v -0.005956682376563551 0.038392432034015656 0.0016697067767381668
v -0.005439226049929858 0.03956153243780136 0.0022804001346230507
v -0.005955098662525417 0.039589349180459976 0.002202810486778617
v -0.005954293999820949 0.04020556062459946 0.002393559319898486
v -0.0048884348943829545 0.039528243243694305 0.0023477119393646717
v -0.004869431722909213 0.04016562178730965 0.0024331528693437576
v -0.00492463679984212 0.03837047144770622 0.0021191982086747885
v -0.0059549282304942625 0.03972012922167778 0.0022498781327158213
v -0.005959994625300171 0.036240965127944946 -0.003050532890483737
v -0.005959824193269016 0.036373019218444824 -0.003033233107998967
v -0.005800771526992322 0.03629905730485916 -0.0030415463261306286
v -0.004987753462046386 0.03879546374082565 -0.002760770497843623
v -0.004969478119164706 0.038795121014118195 -0.0027608091477304697
v -0.005642181728035212 0.036224059760570526 -0.0030499757267534733
v -0.005280436016619206 0.037732355296611786 -0.0028803390450775623
v -0.005005512852221728 0.03868817910552025 -0.002772836945950985
v -0.005657655186951161 0.0361979603767395 -0.003053064690902829
v -0.005682638380676509 0.036176811903715134 -0.003055903594940901
v -0.005715281236916781 0.035984452813863754 -0.003084987634792924
v -0.005745294503867627 0.03579440712928772 -0.0031305719166994095
v -0.005734403152018786 0.035795312374830246 -0.003129635937511921
v -0.00572555372491479 0.0357910692691803 -0.003130110213533044
v -0.005726348608732224 0.03575832024216652 -0.0031384106259793043
v -0.005716131068766118 0.03577842563390732 -0.003132628509774804
v -0.005707418080419303 0.03572238236665726 -0.0031464211642742157
v -0.0057216351851820954 0.035608962178230286 -0.0031796807888895273
v -0.005700577050447465 0.0346929132938385 -0.0035942464601248503
v -0.0057412292808294305 0.035208579152822495 -0.0033290982246398926
v -0.005546769127249719 0.034455668181180954 -0.003708516014739871
v -0.005548107903450728 0.03427474945783615 -0.0038487541023641825
v -0.005602590739727021 0.034480269998311996 -0.003708739299327135
v -0.005649543832987548 0.034533917903900146 -0.0036854997742921114
v -0.005366635508835317 0.031839217990636826 -0.005691144615411758
v -0.005372691899538041 0.031870611011981964 -0.005665445234626532
v -0.0055012968368828305 0.03306638076901436 -0.004797555506229401
v -0.0054970947094261655 0.03296322748064995 -0.004861769266426563
v -0.005166168324649335 0.030851591378450394 -0.006400167476385832
v -0.005256397649645806 0.031236086040735245 -0.006123758852481842
v -0.0053383437916636476 0.03166361525654793 -0.005816488526761532
v -0.005339096300303937 0.031668052077293396 -0.005813314113765955
v -0.005301381926983596 0.030889231711626053 -0.006486491300165653
v -0.005463238339871169 0.030914640054106712 -0.006609706208109856
v -0.005506659857928754 0.03090045042335987 -0.0066646854393184185
v -0.005569171626120807 0.030767768621444702 -0.006866026669740677
v -0.005579593591392041 0.030610958114266396 -0.007053384557366371
v -0.0054737767204642305 0.030415521934628487 -0.007170816883444786
v -0.0049045849591493615 0.03001178428530693 -0.007018828298896551
v -0.004888165742158891 0.029987402260303497 -0.007031370420008898
v -0.004759307485073806 0.02966558188199997 -0.007303654681891203
v -0.005008306819945575 0.03030681610107422 -0.006792637053877115
v -0.0034057104494422683 0.028002560138702393 -0.008555468171834946
v -0.003502114675939084 0.02808663621544838 -0.00849121529608965
v -0.003500686027109624 0.028011471033096313 -0.008514664135873318
v -0.0032985773868858823 0.027856767177581787 -0.008640849962830544
v -0.0030193785205483445 0.0276686642318964 -0.008795925416052341
v -0.0029175735544413333 0.027633842080831528 -0.008838783018290997
v -0.0037707018200308093 0.028339151293039322 -0.008304698392748833
v -0.004458530340343715 0.029103059321641922 -0.007796195335686207
v -0.004396771080791951 0.029005330055952072 -0.007849873043596745
v -0.004111193586140872 0.028615495190024376 -0.008081898093223572
v -0.004001234658062459 0.02848733775317669 -0.008165324106812477
v -0.00503374356776476 0.030385568737983704 -0.006735855247825384
v -0.004402286838740111 0.02900043874979019 -0.0076321265660226345
v -0.0035099380183964976 0.027994846925139427 -0.008125092834234238
v -0.004112172406166793 0.028600789606571198 -0.00782836601138115
v -0.004011009354144336 0.028481267392635345 -0.00788696575909853
v -0.0041306810453534135 0.028909625485539436 -0.007672200910747051
v -0.0035044215619564065 0.028275826945900917 -0.007985220290720463
v -0.004473535809665919 0.02930413745343685 -0.007480158470571041
v -0.003495796350762249 0.028653424233198166 -0.007207001559436321
v -0.003485626773908735 0.02912173792719841 -0.006498720031231642
v -0.0034825815819203862 0.0292653925716877 -0.0063174692913889885
v -0.00347163062542677 0.029792174696922302 -0.005758698098361492
v -0.0034746183082461366 0.0296469833701849 -0.005897958762943745
v -0.004517811350524426 0.030348092317581177 -0.006260893773287535
v -0.0034617159981280574 0.030284561216831207 -0.005367950536310673
v -0.0034644319675862798 0.030146542936563492 -0.005464419722557068
v -0.003789882408455015 0.030304457992315292 -0.005633600056171417
v -0.005443825852125884 0.03522760793566704 -0.0032465204130858183
v -0.005047575570642949 0.03521386533975601 -0.00314818206243217
v -0.005128685850650073 0.0346711128950119 -0.0034355188254266977
v -0.004235079512000085 0.038232605904340744 -0.0028117094188928604
v -0.004445230588316918 0.03763187304139137 -0.002846456365659833
v -0.004116052761673928 0.03577730059623718 -0.002809779951348901
v -0.0037129854317754516 0.03548186644911766 -0.0027731982991099358
v -0.003359511028975249 0.03547966480255127 -0.002703485544770956
v -0.0033647839445620784 0.03516186773777008 -0.002765357494354248
v -0.004576269071549178 0.030770743265748024 -0.005954533815383911
v -0.00518027599900961 0.03127266839146614 -0.006030048709362745
v -0.0046038548462092885 0.03124094568192959 -0.005607082508504391
v -0.003445341484621168 0.031186284497380257 -0.004827911965548992
v -0.0034486313816159972 0.03094261698424816 -0.004968218971043825
v -0.0034287585876882085 0.031927283853292465 -0.004427258390933275
v -0.004605717957019807 0.032213613390922546 -0.004933657590299845
v -0.0034245899878442296 0.032158419489860535 -0.0043065813370049
v -0.004555725026875735 0.03319477662444115 -0.004260192159563303
v -0.003405806841328741 0.03314291313290596 -0.0037854439578950405
v -0.004437976051121951 0.03415985777974129 -0.003566273022443056
v -0.0033825263381004342 0.0341193713247776 -0.0032361813355237246
v -0.0043533830903470525 0.03464552015066147 -0.0032233730889856815
v -0.003376050619408489 0.034392453730106354 -0.003074320498853922
v -0.004248911514878274 0.035187456756830215 -0.002961123827844858
v -0.003367844969034196 0.03492838516831398 -0.0028349997010082006
v -0.004804754164069892 0.036415886133909225 -0.002911591436713934
v -0.004909818060696126 0.03764669597148895 -0.0028753895312547684
v -0.00534852920100093 0.03581840917468071 -0.0030655362643301487
v -0.005228969734162093 0.03642887994647026 -0.0029921228997409344
v -0.005187867209315301 0.03418510779738426 -0.0038068871945142746
v -0.0052531189285218724 0.03322260454297066 -0.004562091082334518
v -0.005249075591564179 0.032244328409433365 -0.00529674906283617
v -0.0049399659037590036 0.035803407430648804 -0.002972361398860812
v -0.00400862516835332 0.00013806798961013556 0.0014947598101571202
v -0.004001375753432513 0.0005377313354983926 0.00140299869235605
v -0.003996616695076228 0.0008084307191893458 0.0012672406155616045
v -0.003995839040726424 0.0008535142405889928 0.0012374924262985587
v -0.003990776371210814 0.0011558266123756766 0.0009628089610487223
v -0.0039874385111033925 0.0013735166285187006 0.000615210214164108
v -0.0039861598052084455 0.0014797054463997483 0.00027527791098691523
v -0.003986633382737637 0.0014992303913459182 -0.0001321854506386444
v -0.003989165648818017 0.0014073093188926578 -0.0005327659891918302
v -0.003992886282503606 0.0012421620776876807 -0.0008478314848616719
v -0.003998606000095607 0.0009681040537543595 -0.001149775111116469
v -0.004005522932857276 0.000620521605014801 -0.0013677333481609821
v -0.004012079443782569 0.00027994601987302303 -0.0014741161139681935
v -0.004019708838313819 -0.00012784016143996269 -0.0014937774976715446
v -0.004026958253234626 -0.0005275033181533217 -0.001402017311193049
v -0.004032495897263289 -0.0008432863978669047 -0.001236510113812983
v -0.0040375576354563245 -0.001145595102570951 -0.0009618259500712156
v -0.004022812005132438 -0.0006102900952100754 0.0013687163591384888
v -0.004016255494207145 -0.0002697145100682974 0.0014750991249457002
v -0.004029728006571532 -0.0009578763856552541 0.0011507583549246192
v -0.004041701555252076 -0.001489002606831491 0.00013316780677996576
v -0.004042174667119981 -0.0014694738201797009 -0.0002742957731243223
v -0.004040895961225034 -0.0013632850022986531 -0.000614228134509176
v -0.004035447724163533 -0.0012319342931732535 0.0008488138555549085
v -0.004039168357849122 -0.0013970775762572885 0.0005337481270544231
v -0.0036839593667536983 -0.0014699139865115285 -0.00027436454547569156
v -0.0036839148961007604 -0.001481139101088047 0.0002061114355456084
v -0.0036837891675531873 -0.0014097620733082294 0.0004997595096938312
v -0.0036834755446761855 -0.0012010011123493314 0.0008928064489737153
v -0.003683153074234725 -0.0009706086711958051 0.0011400923831388354
v -0.003682688809931279 -0.0006261214730329812 0.0013613587943837047
v -0.0036822229158133277 -0.00027012263308279216 0.001475060940720141
v -0.0036820541135966786 -0.00013872445560991764 0.001493576797656715
v -0.0036817463114857682 0.00010296539403498173 0.001497227349318564
v -0.003681248053908349 0.0005040033138357103 0.0014149079797789454
v -0.0036808797158300885 0.0008080271072685719 0.0012671995209529996
v -0.0036802999675273904 0.0013167113065719604 0.0007275054813362658
v -0.0036801483947783717 0.0014793023001402617 0.0002752662403509021
v -0.0036804880946874627 0.001144337235018611 0.0009757534717209637
v -0.003680200781673194 0.0014868560247123241 -0.00023018517822492868
v -0.0036803195253014573 0.0014191502705216408 -0.0004988568834960461
v -0.0036806496791541585 0.0011978986440226436 -0.0009085386991500854
v -0.003680954687297345 0.00097999710123986 -0.0011391915613785386
v -0.0036814392078667888 0.0006206288817338645 -0.0013672556960955262
v -0.0036818848457187423 0.00027950730873271823 -0.0014741600025445223
v -0.0036820536479353913 0.00014810929133091122 -0.0014926767908036709
v -0.0036823763512074956 -0.00010546437988523394 -0.001495497184805572
v -0.0036828606389462957 -0.0004946149419993162 -0.0014140063431113958
v -0.0036832361947745093 -0.0008049395401030779 -0.0012622795766219497
v -0.0036836196668446073 -0.0011349490378051996 -0.0009748508455231786
v -0.003683809423819185 -0.0013087872648611665 -0.0007239521946758032
v 0.003712276229634882 -0.001469915732741356 -0.00027436393429525197
v 0.0037122759968042382 -0.001409765100106597 0.0004997589276172221
v 0.003712276229634882 -0.0013324879109859467 0.000680111232213676
v 0.0037122759968042382 -0.0012323360424488783 0.00084883370436728
v 0.0037122757639735946 -0.0011110190534964204 0.0010030403500422835
v 0.0037122759968042382 -0.0010430566035211086 0.0010738644050434232
v 0.0037122759968042382 -0.0009706070413812995 0.001140092615969479
v 0.0037122759968042382 -0.000813512597233057 0.0012576442677527666
v 0.0037122757639735946 -0.0007295360555872321 0.0013084661914035678
v 0.0037122759968042382 -0.0006424158345907927 0.0013536857441067696
v 0.0037122759968042382 -0.0005525221349671483 0.0013931128196418285
v 0.0037122757639735946 -0.0005066577577963471 0.0014105977024883032
v 0.0037122757639735946 -0.00046024698531255126 0.0014265739591792226
v 0.0037122759968042382 -0.0003659773210529238 0.0014539286494255066
v 0.003712276229634882 -0.00031822299933992326 0.0014652782119810581
v 0.0037122759968042382 -0.0002701235644053668 0.001475060824304819
v 0.0037122759968042382 -0.00023791911371517926 0.0014806988183408976
v 0.003712276229634882 -0.0002056029625236988 0.0014856357593089342
v 0.0037122759968042382 -0.0004946131957694888 -0.0014140059938654304
v 0.0037122757639735946 -0.000674968003295362 -0.0013367322972044349
v 0.0037122759968042382 -0.0008436886710114777 -0.00123657938092947
v 0.003712276229634882 -0.000997894094325602 -0.0011152601800858974
v 0.0037122759968042382 -0.0011349498527124524 -0.0009748510201461613
v 0.0037122759968042382 -0.001252502086572349 -0.000817754422314465
v 0.0037122759968042382 -0.0013485417002812028 -0.0006466568447649479
v 0.0037122759968042382 -0.0013879684265702963 -0.0005567658809013665
v 0.003712276229634882 -0.0014214313123375177 -0.000464488344732672
f 1 2 3
f 4 5 6
f 6 5 7
f 6 7 8
f 8 7 9
f 8 9 10
f 10 9 11
f 10 11 12
f 12 11 13
f 12 13 14
f 14 13 15
f 14 15 16
f 15 17 16
f 16 17 18
f 16 18 19
f 19 18 20
f 19 20 21
f 21 20 22
f 21 22 23
f 23 22 24
f 23 24 25
f 25 24 26
f 25 26 27
f 27 26 28
f 27 28 29
f 29 28 30
f 29 30 31
f 31 30 32
f 31 32 33
f 33 32 34
f 33 34 35
f 35 34 36
f 35 36 37
f 37 36 38
f 37 38 39
f 39 38 40
f 39 40 41
f 41 40 42
f 41 42 43
f 43 42 44
f 43 44 45
f 45 44 46
f 45 46 47
f 47 46 48
f 47 48 49
f 1 3 50
f 50 3 51
f 50 51 52
f 52 51 53
f 53 51 54
f 53 54 55
f 54 56 55
f 55 56 57
f 55 57 58
f 58 57 4
f 58 4 59
f 59 4 6
f 60 61 62
f 60 62 63
f 63 62 64
f 63 64 65
f 65 64 66
f 65 66 67
f 67 66 68
f 67 68 69
f 69 68 70
f 69 70 71
f 71 70 72
f 71 72 73
f 73 72 74
f 73 74 75
f 76 77 78
f 78 77 79
f 78 79 80
f 80 79 81
f 80 81 63
f 63 81 60
f 67 69 65
f 65 69 71
f 65 71 63
f 63 71 73
f 63 73 80
f 80 73 75
f 75 74 82
f 75 82 80
f 80 82 83
f 80 83 78
f 78 83 84
f 78 84 76
f 76 84 85
f 76 85 77
f 77 85 86
f 77 86 79
f 79 86 87
f 79 87 81
f 81 87 61
f 81 61 60
f 88 89 90
f 88 90 91
f 91 90 92
f 91 92 93
f 92 94 93
f 93 94 95
f 93 95 96
f 96 95 97
f 96 97 98
f 98 97 99
f 99 97 100
f 99 100 101
f 101 100 102
f 101 102 103
f 89 88 104
f 89 104 105
f 105 104 106
f 105 106 107
f 107 106 108
f 107 108 109
f 109 108 110
f 109 110 111
f 111 110 112
f 111 112 113
f 112 114 113
f 113 114 115
f 113 115 116
f 116 115 117
f 116 117 118
f 118 117 119
f 118 119 120
f 120 119 121
f 120 121 122
f 122 121 123
f 122 123 124
f 124 123 125
f 124 125 126
f 126 125 127
f 126 127 128
f 127 129 128
f 128 129 130
f 128 130 131
f 131 130 132
f 131 132 133
f 133 132 134
f 133 134 135
f 134 136 135
f 135 136 137
f 135 137 138
f 139 140 141
f 139 141 142
f 141 143 142
f 142 143 144
f 142 144 145
f 145 144 138
f 145 138 137
f 146 147 148
f 148 147 149
f 148 149 150
f 150 149 140
f 150 140 139
f 148 151 146
f 146 151 152
f 146 152 153
f 153 152 154
f 153 154 155
f 155 154 156
f 155 156 157
f 158 159 160
f 158 160 161
f 161 160 162
f 161 162 163
f 163 162 164
f 163 164 165
f 159 158 166
f 166 158 167
f 166 167 168
f 168 167 169
f 168 169 170
f 170 169 171
f 170 171 172
f 171 173 172
f 172 173 174
f 172 174 175
f 175 174 176
f 175 176 177
f 177 176 157
f 177 157 156
f 164 178 165
f 165 178 179
f 165 179 180
f 180 179 103
f 180 103 102
f 181 182 183
f 183 182 184
f 183 184 185
f 186 187 188
f 188 187 189
f 188 189 190
f 190 189 191
f 190 191 192
f 192 191 193
f 192 193 184
f 184 193 194
f 184 194 185
f 195 196 197
f 198 199 200
f 201 202 203
f 203 202 204
f 182 195 184
f 184 195 197
f 184 197 192
f 192 197 190
f 197 205 190
f 190 205 206
f 190 206 188
f 188 206 207
f 188 207 186
f 204 208 203
f 203 208 209
f 203 209 210
f 210 209 211
f 210 211 212
f 212 211 213
f 212 213 214
f 215 207 216
f 216 207 206
f 216 206 217
f 217 206 205
f 217 205 200
f 200 205 197
f 200 197 198
f 198 197 196
f 214 215 212
f 212 215 216
f 212 216 210
f 210 216 217
f 210 217 203
f 203 217 200
f 203 200 201
f 201 200 199
f 218 219 220
f 221 11 222
f 222 11 9
f 222 9 7
f 22 20 223
f 223 20 18
f 223 18 224
f 224 18 17
f 224 17 225
f 225 17 15
f 225 15 221
f 221 15 13
f 221 13 11
f 56 54 226
f 226 54 227
f 7 5 222
f 222 5 4
f 222 4 226
f 226 4 57
f 226 57 56
f 54 51 227
f 227 51 3
f 227 3 228
f 228 3 2
f 228 2 229
f 229 230 228
f 228 230 231
f 228 231 232
f 232 233 228
f 228 233 234
f 228 234 220
f 220 234 235
f 220 235 218
f 219 236 220
f 220 236 237
f 220 237 238
f 239 240 241
f 241 240 238
f 241 238 242
f 242 238 237
f 239 243 240
f 240 243 244
f 240 244 245
f 244 246 245
f 245 246 247
f 245 247 248
f 247 249 248
f 248 249 250
f 248 250 251
f 252 251 250
f 250 253 252
f 252 253 254
f 252 254 255
f 255 254 256
f 255 256 257
f 256 258 257
f 257 258 259
f 257 259 260
f 259 261 260
f 260 261 262
f 260 262 263
f 262 264 263
f 263 264 265
f 263 265 266
f 46 44 267
f 267 44 42
f 267 42 268
f 265 269 266
f 266 269 49
f 266 49 267
f 267 49 48
f 267 48 46
f 270 271 34
f 42 40 268
f 268 40 38
f 268 38 271
f 271 38 36
f 271 36 34
f 272 273 26
f 34 32 270
f 270 32 30
f 270 30 273
f 273 30 28
f 273 28 26
f 26 24 272
f 272 24 22
f 272 22 223
f 274 275 276
f 276 275 277
f 276 277 278
f 279 280 281
f 281 280 282
f 281 282 278
f 278 282 283
f 278 283 276
f 284 285 281
f 281 285 286
f 281 286 279
f 279 286 287
f 279 287 288
f 289 290 291
f 292 293 294
f 290 295 291
f 291 295 296
f 291 296 297
f 297 296 292
f 297 292 298
f 298 292 294
f 299 300 301
f 301 300 302
f 301 302 303
f 303 302 304
f 303 304 305
f 305 304 306
f 305 306 307
f 307 306 308
f 307 308 309
f 308 310 309
f 309 310 311
f 309 311 312
f 313 314 315
f 315 314 299
f 299 314 316
f 299 316 300
f 313 315 317
f 317 315 318
f 317 318 319
f 320 321 322
f 323 324 325
f 325 324 326
f 325 326 327
f 327 326 328
f 327 328 329
f 329 328 330
f 329 330 331
f 331 330 332
f 331 332 333
f 333 332 334
f 333 334 335
f 335 334 336
f 335 336 337
f 337 336 338
f 337 338 339
f 339 338 340
f 339 340 341
f 340 342 341
f 341 342 343
f 341 343 344
f 344 343 345
f 344 345 346
f 346 345 321
f 321 345 347
f 321 347 322
f 320 322 348
f 348 322 349
f 348 349 319
f 319 349 350
f 319 350 317
f 351 352 353
f 351 353 354
f 354 353 355
f 354 355 323
f 323 355 356
f 323 356 324
f 357 353 352
f 357 352 358
f 358 352 359
f 358 359 360
f 360 359 361
f 360 361 362
f 362 361 363
f 362 363 364
f 365 366 367
f 367 366 368
f 367 368 369
f 369 368 364
f 369 364 370
f 370 364 363
f 366 365 371
f 371 365 372
f 371 372 373
f 373 372 374
f 374 372 375
f 374 375 376
f 376 375 377
f 376 377 378
f 378 377 379
f 378 379 380
f 380 379 381
f 380 381 382
f 382 381 383
f 382 383 384
f 384 383 385
f 384 385 386
f 386 385 387
f 386 387 388
f 388 387 389
f 388 389 390
f 390 389 391
f 391 389 392
f 391 392 393
f 393 392 394
f 393 394 395
f 394 396 395
f 395 396 312
f 395 312 311
f 397 398 399
f 399 398 400
f 399 400 401
f 401 400 402
f 401 402 403
f 403 402 404
f 403 404 405
f 406 407 408
f 408 407 409
f 408 409 410
f 409 411 410
f 410 411 412
f 410 412 413
f 413 412 414
f 413 414 415
f 415 414 416
f 415 416 417
f 417 416 418
f 417 418 419
f 419 418 397
f 419 397 399
f 420 421 422
f 422 421 423
f 422 423 424
f 424 423 425
f 424 425 426
f 426 425 427
f 426 427 428
f 429 430 431
f 430 429 432
f 432 429 433
f 432 433 434
f 426 428 435
f 435 428 436
f 435 436 437
f 437 436 438
f 437 438 439
f 439 438 440
f 439 440 431
f 431 440 441
f 431 441 429
f 442 443 444
f 444 445 442
f 442 445 446
f 442 446 447
f 447 446 448
f 443 442 449
f 449 442 450
f 450 442 451
f 451 442 447
f 451 447 452
f 432 434 453
f 453 434 454
f 453 454 455
f 455 454 456
f 455 456 457
f 457 456 452
f 457 452 458
f 458 452 447
f 458 447 459
f 459 447 460
f 460 447 448
f 460 448 461
f 461 448 462
f 461 462 463
f 463 462 464
f 463 464 406
f 406 464 407
f 465 466 467
f 465 467 468
f 468 467 459
f 468 459 460
f 467 469 459
f 459 469 470
f 459 470 458
f 458 470 471
f 458 471 457
f 472 473 474
f 467 466 469
f 469 466 472
f 469 472 470
f 470 472 474
f 470 474 475
f 476 477 478
f 478 477 479
f 480 481 482
f 480 482 483
f 484 485 486
f 486 485 487
f 488 489 487
f 487 489 490
f 487 490 486
f 491 492 488
f 488 492 493
f 488 493 489
f 494 495 491
f 491 495 496
f 491 496 492
f 482 497 483
f 483 497 498
f 483 498 499
f 499 498 500
f 499 500 494
f 494 500 501
f 494 501 495
f 481 480 502
f 502 480 503
f 502 503 504
f 504 503 505
f 505 503 506
f 505 506 507
f 507 506 508
f 508 506 509
f 508 509 510
f 510 509 511
f 511 509 512
f 511 512 513
f 513 512 514
f 513 514 515
f 515 514 516
f 515 516 517
f 517 516 518
f 517 518 519
f 519 518 520
f 520 518 485
f 520 485 484
f 521 482 481
f 521 481 522
f 522 481 502
f 522 502 523
f 523 502 504
f 523 504 524
f 524 504 505
f 524 505 525
f 525 505 507
f 525 507 526
f 507 508 526
f 526 508 510
f 526 510 527
f 527 510 511
f 527 511 528
f 528 511 513
f 528 513 529
f 529 513 515
f 529 515 530
f 530 515 517
f 530 517 531
f 531 517 519
f 531 519 532
f 532 519 520
f 532 520 533
f 497 482 521
f 533 520 484
f 533 484 534
f 484 486 534
f 534 486 490
f 534 490 535
f 535 490 489
f 535 489 536
f 536 489 493
f 536 493 537
f 537 493 492
f 537 492 538
f 538 492 496
f 538 496 539
f 539 496 540
f 540 496 495
f 540 495 541
f 541 495 501
f 541 501 542
f 521 543 497
f 497 543 544
f 497 544 498
f 498 544 542
f 498 542 500
f 500 542 501
f 545 546 547
f 546 548 547
f 547 548 549
f 547 549 550
f 551 552 553
f 554 555 556
f 554 556 557
f 558 559 556
f 556 559 560
f 556 560 557
f 561 562 563
f 563 562 564
f 563 564 565
f 565 564 556
f 565 556 553
f 553 556 555
f 553 555 551
f 561 566 562
f 562 566 548
f 562 548 546
f 567 568 569
f 570 571 572
f 569 573 574
f 569 575 567
f 567 575 570
f 567 570 576
f 576 570 572
f 577 575 578
f 578 575 569
f 578 569 579
f 579 569 574
f 579 574 580
f 577 581 582
f 577 582 575
f 575 582 583
f 575 583 570
f 570 583 584
f 570 584 571
f 571 584 585
f 571 585 572
f 572 585 586
f 572 586 576
f 576 586 587
f 576 587 567
f 567 587 588
f 567 588 568
f 568 588 589
f 568 589 569
f 569 589 590
f 569 590 573
f 573 590 591
f 573 591 574
f 574 591 592
f 574 592 580
f 580 592 593
f 580 593 579
f 579 593 594
f 579 594 578
f 578 594 581
f 578 581 577
f 595 596 597
f 595 597 598
f 598 597 599
f 598 599 600
f 596 601 597
f 597 601 602
f 597 602 603
f 603 604 597
f 597 604 605
f 597 605 599
f 599 605 606
f 599 606 607
f 608 609 610
f 611 612 613
f 613 612 614
f 615 616 617
f 618 619 620
f 615 617 621
f 621 622 623
f 623 622 624
f 623 624 625
f 625 624 626
f 625 626 627
f 628 629 624
f 624 629 630
f 624 630 626
f 631 632 608
f 608 632 633
f 608 633 609
f 609 633 634
f 609 634 628
f 635 636 611
f 611 636 637
f 611 637 612
f 638 639 640
f 640 639 641
f 640 641 635
f 635 641 642
f 635 642 636
f 643 617 620
f 620 617 616
f 620 616 618
f 644 645 646
f 646 645 647
f 646 647 648
f 648 647 649
f 648 649 650
f 650 649 598
f 650 598 600
f 650 651 648
f 648 651 631
f 648 631 646
f 646 631 608
f 646 608 644
f 644 608 610
f 622 621 617
f 622 617 638
f 638 617 643
f 638 643 639
f 628 624 609
f 609 624 622
f 609 622 610
f 610 622 638
f 610 638 644
f 644 638 640
f 644 640 645
f 645 640 635
f 645 635 647
f 647 635 611
f 647 611 649
f 649 611 613
f 649 613 598
f 598 613 614
f 598 614 595
f 652 653 654
f 655 656 657
f 653 652 658
f 659 623 660
f 660 623 625
f 660 625 627
f 661 662 619
f 663 664 662
f 665 664 666
f 666 664 663
f 666 663 667
f 668 669 657
f 657 669 658
f 657 658 655
f 655 658 652
f 669 670 658
f 658 670 671
f 658 671 653
f 653 671 672
f 653 672 654
f 654 672 673
f 654 673 674
f 619 618 661
f 661 618 616
f 661 616 675
f 675 616 615
f 675 615 676
f 676 615 621
f 676 621 659
f 659 621 623
f 662 661 663
f 663 661 675
f 663 675 667
f 667 675 676
f 667 676 677
f 677 676 659
f 677 659 678
f 678 659 660
f 678 660 679
f 679 660 627
f 679 627 680
f 668 665 669
f 669 665 666
f 669 666 670
f 670 666 667
f 670 667 671
f 671 667 677
f 671 677 672
f 672 677 678
f 672 678 673
f 673 678 679
f 673 679 674
f 674 679 680
f 681 668 657
f 682 683 684
f 682 684 685
f 686 687 688
f 688 687 619
f 688 619 689
f 689 619 662
f 689 662 683
f 683 662 664
f 683 664 684
f 690 691 688
f 688 691 692
f 688 692 686
f 668 681 665
f 665 681 693
f 665 693 664
f 664 693 694
f 664 694 684
f 684 694 695
f 684 695 685
f 656 289 696
f 696 697 656
f 656 697 698
f 656 698 657
f 657 698 699
f 657 699 681
f 590 589 686
f 639 643 589
f 589 643 620
f 700 701 585
f 585 701 702
f 585 702 586
f 586 702 703
f 586 703 587
f 587 703 704
f 587 704 705
f 588 642 589
f 589 642 641
f 589 641 639
f 686 589 687
f 687 589 620
f 687 620 619
f 603 602 604
f 604 602 706
f 604 706 707
f 614 612 587
f 587 612 637
f 587 637 588
f 588 637 636
f 588 636 642
f 700 585 708
f 708 585 584
f 708 584 709
f 709 584 583
f 709 583 710
f 710 583 582
f 710 582 711
f 590 686 591
f 591 686 712
f 591 712 592
f 592 712 713
f 592 713 593
f 593 713 714
f 593 714 594
f 594 714 715
f 594 715 581
f 581 715 716
f 581 716 582
f 582 716 717
f 582 717 711
f 602 601 706
f 706 601 596
f 706 596 705
f 705 596 587
f 587 596 595
f 587 595 614
f 692 691 718
f 719 720 721
f 721 720 712
f 721 712 722
f 722 712 723
f 723 712 718
f 718 712 686
f 718 686 692
f 713 712 720
f 724 725 708
f 708 709 724
f 724 709 710
f 724 710 726
f 726 710 727
f 727 710 711
f 727 711 728
f 720 729 713
f 713 729 730
f 713 730 714
f 714 730 731
f 714 731 715
f 715 731 732
f 715 732 716
f 716 732 728
f 716 728 717
f 717 728 711
f 733 734 735
f 736 558 737
f 703 702 733
f 738 739 740
f 725 741 739
f 739 741 742
f 739 742 740
f 743 734 700
f 700 734 733
f 700 733 701
f 701 733 702
f 703 744 704
f 704 744 745
f 704 745 705
f 705 745 746
f 705 746 706
f 747 748 749
f 749 748 750
f 749 750 751
f 752 753 747
f 747 753 754
f 747 754 748
f 748 754 755
f 748 755 737
f 737 755 756
f 737 756 736
f 740 757 738
f 738 757 758
f 738 758 747
f 747 758 759
f 747 759 752
f 703 733 744
f 744 733 735
f 744 735 745
f 745 735 760
f 745 760 746
f 707 706 751
f 751 706 746
f 751 746 749
f 749 746 760
f 749 760 747
f 747 760 735
f 747 735 738
f 738 735 734
f 738 734 739
f 739 734 743
f 739 743 725
f 725 743 700
f 725 700 708
f 560 761 762
f 758 757 763
f 764 765 766
f 767 768 551
f 764 766 769
f 758 763 759
f 770 771 772
f 772 771 773
f 770 755 771
f 771 755 754
f 771 754 773
f 773 754 753
f 773 753 772
f 772 753 752
f 772 752 774
f 774 752 759
f 558 736 559
f 559 736 756
f 559 756 560
f 551 555 767
f 767 555 554
f 767 554 775
f 775 554 557
f 765 768 766
f 766 768 767
f 766 767 776
f 776 767 775
f 776 775 762
f 762 775 557
f 762 557 560
f 759 763 774
f 774 763 777
f 774 777 772
f 560 756 761
f 761 756 755
f 761 755 762
f 762 755 770
f 762 770 776
f 776 770 772
f 776 772 766
f 766 772 777
f 766 777 769
f 769 777 763
f 769 763 778
f 778 763 757
f 778 757 740
f 552 551 779
f 779 551 768
f 779 768 780
f 780 768 765
f 780 765 781
f 782 783 784
f 784 783 785
f 784 785 786
f 786 785 781
f 786 781 764
f 764 781 765
f 764 769 786
f 786 769 778
f 786 778 784
f 784 778 740
f 784 740 782
f 782 740 742
f 782 742 783
f 783 742 741
f 787 788 789
f 790 791 792
f 792 791 793
f 792 793 794
f 794 793 795
f 796 797 795
f 795 797 794
f 797 796 798
f 798 796 799
f 800 801 802
f 802 801 803
f 802 803 804
f 805 806 807
f 802 804 808
f 805 809 802
f 802 809 810
f 802 810 800
f 811 812 807
f 807 812 813
f 807 813 805
f 814 815 816
f 816 815 817
f 816 817 811
f 811 817 818
f 811 818 812
f 819 820 821
f 822 823 811
f 811 823 819
f 811 819 816
f 816 819 821
f 816 821 814
f 822 811 824
f 824 811 807
f 824 807 825
f 805 802 806
f 806 802 808
f 806 808 807
f 807 808 826
f 807 826 825
f 827 815 828
f 828 815 814
f 827 829 794
f 812 818 794
f 830 801 798
f 798 801 800
f 818 817 794
f 794 817 815
f 794 815 827
f 800 810 798
f 798 810 809
f 798 809 797
f 797 809 805
f 797 805 794
f 794 805 813
f 794 813 812
f 790 792 831
f 832 833 834
f 834 833 790
f 834 790 835
f 835 790 831
f 829 836 794
f 794 836 837
f 794 837 838
f 838 839 794
f 794 839 840
f 794 840 792
f 792 840 841
f 792 841 831
f 832 834 789
f 789 834 842
f 789 842 787
f 843 787 842
f 843 842 844
f 844 842 845
f 844 845 846
f 846 845 847
f 846 847 848
f 849 850 851
f 851 850 852
f 851 852 847
f 847 852 853
f 847 853 848
f 820 854 821
f 821 854 814
f 827 828 829
f 829 828 836
f 854 855 814
f 814 855 856
f 814 856 828
f 828 856 837
f 828 837 836
f 855 849 856
f 856 849 851
f 856 851 837
f 837 851 838
f 834 835 842
f 842 835 831
f 842 831 845
f 845 831 841
f 845 841 847
f 847 841 840
f 847 840 851
f 851 840 839
f 851 839 838
f 787 843 788
f 788 843 844
f 788 844 846
f 779 780 857
f 857 780 781
f 857 781 858
f 858 781 785
f 788 859 860
f 860 859 783
f 860 783 741
f 852 553 853
f 853 553 552
f 853 552 848
f 848 552 779
f 848 779 846
f 846 779 857
f 846 857 788
f 788 857 858
f 788 858 859
f 859 858 785
f 859 785 783
f 820 549 854
f 854 549 548
f 854 548 855
f 855 548 566
f 855 566 849
f 849 566 561
f 849 561 850
f 850 561 563
f 850 563 852
f 852 563 565
f 852 565 553
f 833 832 789
f 861 862 833
f 524 525 719
f 542 544 789
f 789 544 543
f 789 543 833
f 543 521 833
f 833 521 522
f 833 522 861
f 861 522 863
f 719 525 720
f 788 540 789
f 789 540 541
f 789 541 542
f 524 719 523
f 523 719 864
f 523 864 522
f 522 864 865
f 522 865 863
f 732 533 728
f 728 533 534
f 728 534 727
f 727 534 535
f 727 535 726
f 726 535 536
f 726 536 724
f 536 537 724
f 724 537 538
f 724 538 725
f 725 538 539
f 725 539 741
f 741 539 540
f 741 540 860
f 860 540 788
f 525 526 720
f 720 526 527
f 720 527 729
f 729 527 528
f 729 528 730
f 528 529 730
f 730 529 530
f 730 530 731
f 731 530 531
f 731 531 732
f 732 531 532
f 732 532 533
f 833 862 790
f 790 862 866
f 790 866 791
f 793 791 866
f 476 478 795
f 476 795 867
f 866 868 793
f 793 868 869
f 793 869 795
f 795 869 870
f 795 870 867
f 871 872 873
f 437 439 874
f 868 875 876
f 476 867 477
f 477 867 877
f 477 877 878
f 878 877 879
f 879 877 880
f 879 880 881
f 881 880 882
f 882 880 883
f 882 883 884
f 885 475 474
f 885 474 883
f 883 474 473
f 883 473 884
f 886 471 885
f 885 471 470
f 885 470 475
f 887 453 455
f 431 430 888
f 888 430 432
f 888 432 889
f 889 432 453
f 871 890 891
f 891 890 892
f 891 892 435
f 420 422 893
f 893 422 424
f 893 424 426
f 435 892 426
f 426 892 894
f 426 894 893
f 893 894 895
f 893 895 896
f 897 898 896
f 896 898 899
f 896 899 893
f 893 899 900
f 893 900 420
f 420 900 901
f 420 901 902
f 873 872 903
f 904 905 906
f 906 905 903
f 906 903 907
f 907 903 872
f 871 891 872
f 872 891 908
f 872 908 907
f 907 908 909
f 907 909 906
f 910 911 912
f 912 911 913
f 912 913 914
f 915 916 917
f 917 916 870
f 917 870 869
f 886 885 918
f 918 885 883
f 918 883 919
f 919 883 880
f 919 880 915
f 915 880 877
f 915 877 916
f 916 877 867
f 916 867 870
f 439 431 874
f 874 431 888
f 874 888 910
f 910 888 889
f 457 471 455
f 455 471 886
f 455 886 887
f 887 886 918
f 887 918 920
f 920 918 919
f 920 919 921
f 921 919 915
f 921 915 922
f 922 915 917
f 922 917 876
f 876 917 869
f 876 869 868
f 453 887 889
f 889 887 920
f 889 920 910
f 910 920 921
f 910 921 911
f 911 921 922
f 911 922 913
f 913 922 876
f 913 876 914
f 914 876 875
f 914 875 923
f 435 437 891
f 891 437 874
f 891 874 908
f 908 874 910
f 908 910 909
f 909 910 912
f 909 912 906
f 906 912 914
f 906 914 904
f 904 914 923
f 924 925 926
f 926 925 927
f 421 420 928
f 928 420 902
f 928 902 925
f 925 902 901
f 925 901 927
f 927 901 900
f 929 926 927
f 898 897 930
f 930 931 898
f 898 931 929
f 898 929 899
f 899 929 927
f 899 927 900
f 924 926 929
f 931 930 932
f 924 929 933
f 933 929 931
f 933 931 934
f 934 931 932
f 934 932 935
f 936 937 938
f 938 937 939
f 938 939 940
f 940 941 938
f 938 941 942
f 938 942 943
f 942 944 943
f 943 944 945
f 943 945 946
f 946 945 947
f 946 947 948
f 949 950 951
f 949 951 952
f 952 951 953
f 952 953 954
f 954 953 955
f 954 955 956
f 956 955 957
f 956 957 958
f 958 957 959
f 958 959 960
f 961 962 963
f 963 962 964
f 963 964 965
f 965 964 966
f 965 966 967
f 967 966 968
f 967 968 969
f 970 971 972
f 972 971 973
f 972 973 974
f 974 973 975
f 974 975 976
f 976 975 977
f 970 969 971
f 971 969 968
f 971 968 978
f 978 968 966
f 978 966 979
f 979 966 964
f 979 964 980
f 980 964 962
f 980 962 981
f 982 983 984
f 985 986 987
f 987 982 985
f 985 982 984
f 985 984 988
f 988 984 989
f 988 989 990
f 990 989 991
f 992 993 994
f 994 993 990
f 994 990 995
f 995 990 991
f 996 997 989
f 985 988 998
f 989 984 996
f 996 984 983
f 996 983 999
f 999 983 982
f 999 982 1000
f 1000 982 987
f 1000 987 1001
f 1001 987 986
f 1001 986 1002
f 1002 986 985
f 1002 985 1003
f 1003 985 998
f 1004 998 988
f 991 989 997
f 988 990 1004
f 1004 990 993
f 1004 993 1005
f 1005 993 992
f 1005 992 1006
f 1006 992 994
f 1006 994 1007
f 1007 994 995
f 1007 995 1008
f 1008 995 991
f 1008 991 1009
f 1009 991 997
f 1010 1011 1012
f 1012 1011 975
f 1013 1014 1015
f 1016 1017 1018
f 1019 1020 1021
f 1021 1020 1022
f 1021 1022 1023
f 1023 1022 1024
f 1023 1024 1025
f 1025 1024 1026
f 1024 1027 1026
f 1026 1027 1028
f 1026 1028 1029
f 1029 1028 1030
f 1029 1030 1031
f 1031 1030 1032
f 1031 1032 1033
f 1033 1032 1034
f 1033 1034 1035
f 1035 1034 1036
f 1035 1036 1037
f 1038 1039 1036
f 1036 1039 1040
f 1036 1040 1037
f 1041 1042 1043
f 1043 1042 1044
f 1043 1044 1038
f 1038 1044 1045
f 1038 1045 1039
f 1046 1047 1048
f 1048 1047 1049
f 1048 1049 1050
f 1050 1049 1051
f 1050 1051 1052
f 1053 1054 1055
f 1055 1054 1056
f 1056 1054 1057
f 1057 1054 1058
f 1057 1058 1059
f 1059 1058 1060
f 1060 1058 1061
f 1060 1061 1062
f 1062 1061 1063
f 1062 1063 1064
f 1064 1063 1065
f 1064 1065 1066
f 1065 1067 1066
f 1066 1067 1018
f 1066 1018 1068
f 1068 1018 1017
f 1068 1017 1069
f 1019 1070 1020
f 1020 1070 1071
f 1020 1071 1072
f 1072 1071 1073
f 1072 1073 1010
f 1052 1043 1050
f 1050 1043 1038
f 1050 1038 1048
f 1048 1038 1036
f 1048 1036 1046
f 1046 1036 1034
f 1046 1034 1074
f 1074 1034 1032
f 1074 1032 1075
f 1075 1032 1030
f 1075 1030 1076
f 1076 1030 1028
f 1076 1028 1077
f 1077 1028 1027
f 1077 1027 1078
f 1078 1027 1024
f 1078 1024 1079
f 1079 1024 1022
f 1079 1022 1015
f 1015 1022 1020
f 1015 1020 1013
f 1013 1020 1072
f 1055 1047 1053
f 1053 1047 1046
f 1053 1046 1054
f 1054 1046 1074
f 1054 1074 1058
f 1058 1074 1075
f 1058 1075 1061
f 1061 1075 1076
f 1061 1076 1063
f 1063 1076 1077
f 1063 1077 1065
f 1065 1077 1078
f 1065 1078 1067
f 1067 1078 1079
f 1067 1079 1018
f 1018 1079 1015
f 1018 1015 1016
f 1016 1015 1014
f 1080 1070 1019
f 1080 1019 1081
f 1082 1083 1081
f 1081 1083 1084
f 1081 1084 1080
f 1085 1086 1087
f 1087 1086 1088
f 1089 1090 1091
f 1091 1090 1092
f 1091 1092 1088
f 1088 1092 1093
f 1088 1093 1087
f 1094 1095 1096
f 1096 1095 1097
f 1096 1097 1091
f 1091 1097 1098
f 1091 1098 1089
f 1099 1100 1094
f 1094 1100 1101
f 1094 1101 1095
f 1042 1041 1102
f 1102 1041 1099
f 1102 1099 1103
f 1103 1099 1094
f 1039 1045 1102
f 1102 1045 1044
f 1102 1044 1042
f 1104 1105 1106
f 1106 1105 1107
f 1040 1106 1037
f 1037 1106 1107
f 1037 1107 1035
f 1035 1107 1105
f 1108 1031 1109
f 1109 1031 1033
f 1110 1026 1108
f 1108 1026 1029
f 1108 1029 1031
f 1019 1021 1081
f 1081 1021 1023
f 1081 1023 1110
f 1110 1023 1025
f 1110 1025 1026
f 1111 1082 1112
f 1112 1082 1081
f 1112 1081 1113
f 1113 1081 1110
f 1113 1110 1114
f 1114 1110 1108
f 1114 1108 1104
f 1104 1108 1109
f 1104 1109 1105
f 1105 1109 1033
f 1105 1033 1035
f 1086 1111 1088
f 1088 1111 1112
f 1088 1112 1091
f 1091 1112 1113
f 1091 1113 1096
f 1096 1113 1114
f 1096 1114 1094
f 1094 1114 1104
f 1094 1104 1103
f 1103 1104 1106
f 1103 1106 1102
f 1102 1106 1040
f 1102 1040 1039
f 1082 1111 1115
f 1115 1111 1116
f 1116 1111 1086
f 1116 1086 1085
f 1084 1083 1117
f 1117 1083 1118
f 1084 1117 1080
f 1080 1117 1071
f 1080 1071 1070
f 975 1011 1117
f 1011 1010 1117
f 1117 1010 1073
f 1117 1073 1071
f 1119 1120 1118
f 1118 1120 1121
f 1118 1121 1117
f 1117 1121 1122
f 1117 1122 975
f 1123 1119 1115
f 1115 1119 1118
f 1115 1118 1082
f 1082 1118 1083
f 1085 1124 1116
f 1116 1124 1125
f 1116 1125 1115
f 1115 1125 1126
f 1115 1126 1123
f 1052 1051 1127
f 1004 1089 1098
f 1006 1124 1005
f 1005 1124 1085
f 1005 1085 1087
f 1004 1098 998
f 1002 1128 1129
f 1087 1093 1005
f 1005 1093 1092
f 1005 1092 1004
f 1004 1092 1090
f 1004 1090 1089
f 1007 1130 1006
f 1006 1130 1125
f 1006 1125 1124
f 1131 1132 1000
f 1000 1132 1133
f 1000 1133 999
f 999 1133 1134
f 999 1134 996
f 996 1134 1135
f 996 1135 997
f 997 1135 1136
f 997 1136 1009
f 1009 1136 1137
f 1009 1137 1008
f 1008 1137 1138
f 1008 1138 1007
f 1007 1138 1139
f 1007 1139 1130
f 1002 1129 1001
f 1001 1129 1140
f 1001 1140 1000
f 1000 1140 1141
f 1000 1141 1131
f 1099 1041 1127
f 1127 1041 1043
f 1127 1043 1052
f 1098 1097 998
f 998 1097 1095
f 998 1095 1003
f 1003 1095 1101
f 1003 1101 1100
f 1128 1002 1142
f 1142 1002 1003
f 1142 1003 1127
f 1127 1003 1100
f 1127 1100 1099
f 1143 1144 1145
f 1145 1144 1146
f 1147 1143 1148
f 1148 1143 1145
f 1148 1145 1149
f 1149 1145 1150
f 1149 1150 1151
f 1152 1153 1154
f 1154 1153 1155
f 1146 1156 1145
f 1145 1156 1154
f 1145 1154 1150
f 1150 1154 1155
f 1150 1155 1151
f 1151 1155 1157
f 1154 1156 1158
f 1159 1160 1158
f 1159 1158 1161
f 1161 1158 1156
f 1161 1156 1146
f 1152 1154 1051
f 1051 1154 1158
f 1051 1158 1127
f 1127 1158 1160
f 1127 1160 1142
f 1160 1159 1162
f 1162 1163 1160
f 1160 1163 1128
f 1160 1128 1142
f 1129 1128 1163
f 1140 1129 1164
f 1164 1129 1163
f 1164 1163 1165
f 1165 1163 1162
f 1165 1162 1166
f 1167 1168 1169
f 1169 1168 1170
f 1165 1166 1167
f 1167 1169 1165
f 1165 1169 1171
f 1165 1171 1164
f 1172 1131 1141
f 1170 1173 1169
f 1169 1173 1172
f 1169 1172 1171
f 1171 1172 1141
f 1171 1141 1164
f 1164 1141 1140
f 1173 1170 1174
f 1173 1174 1172
f 1172 1174 1175
f 1172 1175 1131
f 1176 1130 1177
f 1177 1130 1139
f 1177 1139 1178
f 1178 1139 1179
f 1179 1139 1138
f 1179 1138 1180
f 1180 1138 1137
f 1180 1137 1181
f 1181 1137 1182
f 1182 1137 1136
f 1182 1136 1183
f 1184 1185 1135
f 1135 1185 1186
f 1135 1186 1136
f 1136 1186 1187
f 1136 1187 1183
f 1184 1135 1188
f 1188 1135 1134
f 1188 1134 1189
f 1131 1175 1132
f 1132 1175 1190
f 1132 1190 1133
f 1133 1190 1191
f 1133 1191 1134
f 1134 1191 1192
f 1134 1192 1189
f 1125 1130 1176
f 1193 1194 1176
f 1176 1194 977
f 975 1122 977
f 977 1122 1121
f 977 1121 1120
f 1120 1119 977
f 977 1119 1123
f 977 1123 1176
f 1176 1123 1126
f 1176 1126 1125
f 1195 1194 1193
f 1196 1197 1198
f 1196 1198 1193
f 1193 1198 1199
f 1193 1199 1195
f 1200 1197 1196
f 1200 1196 1201
f 1201 1196 1202
f 1202 1196 1203
f 1202 1203 1204
f 1205 1204 1203
f 1206 1207 1203
f 1203 1207 1208
f 1203 1208 1205
f 1209 1208 1207
f 1207 1206 1209
f 1209 1206 1210
f 1209 1210 960
f 957 955 953
f 1209 960 959
f 1211 1212 1208
f 1211 1208 950
f 959 957 1209
f 1209 957 953
f 1209 953 1208
f 1208 953 951
f 1208 951 950
f 1213 1205 1214
f 1214 1205 1208
f 1214 1208 1212
f 1213 1215 1205
f 1198 972 974
f 1205 1215 1204
f 1204 1215 1216
f 1216 1217 1204
f 1204 1217 1218
f 1204 1218 1202
f 1202 1218 961
f 1202 961 1201
f 1201 961 963
f 1201 963 1200
f 963 965 1200
f 1200 965 967
f 1200 967 1197
f 1197 967 969
f 1197 969 1198
f 1198 969 970
f 1198 970 972
f 977 1194 976
f 976 1194 1195
f 976 1195 974
f 974 1195 1199
f 974 1199 1198
f 981 962 961
f 1216 941 1217
f 1217 941 1218
f 1216 1215 941
f 941 1215 1213
f 941 1213 1214
f 1214 1212 941
f 941 1212 1211
f 941 1211 942
f 942 1211 950
f 942 950 1219
f 1219 950 949
f 1218 941 961
f 961 941 940
f 961 940 981
f 944 942 1219
f 1220 948 947
f 947 1221 1220
f 1220 1221 1222
f 1220 1222 1223
f 1223 1222 1224
f 1223 1224 1225
f 1225 1224 1226
f 1225 1226 1227
f 1228 954 1229
f 1229 954 956
f 1229 956 958
f 944 1219 1230
f 1230 1219 949
f 1230 949 1228
f 1228 949 952
f 1228 952 954
f 947 945 1221
f 1221 945 1231
f 1221 1231 1222
f 1222 1231 1232
f 1222 1232 1224
f 1224 1232 1233
f 1224 1233 1226
f 945 944 1231
f 1231 944 1230
f 1231 1230 1232
f 1232 1230 1228
f 1232 1228 1233
f 1233 1228 1229
f 1233 1229 1226
f 1226 1229 958
f 1234 1235 1236
f 1236 1235 1237
f 1236 1237 1238
f 1238 1237 1239
f 1238 1239 1240
f 1240 1239 1241
f 1240 1241 1242
f 1242 1241 1243
f 1242 1243 1244
f 1244 1243 1245
f 1244 1245 1246
f 1247 1248 1249
f 1249 1248 1250
f 1249 1250 1251
f 1250 1252 1251
f 1251 1252 1253
f 1251 1253 1254
f 1254 1253 1255
f 1254 1255 1256
f 1255 1257 1256
f 1256 1257 1258
f 1256 1258 1259
f 1259 1258 1260
f 1259 1260 1261
f 1235 1234 1262
f 1262 1234 1263
f 1262 1263 1260
f 1260 1263 1264
f 1260 1264 1261
f 1265 1266 1267
f 1267 1266 1268
f 1267 1268 1269
f 1269 1268 1270
f 1270 1268 1271
f 1270 1271 1272
f 1272 1271 1273
f 1273 1271 1274
f 1273 1274 1275
f 1275 1274 1276
f 1276 1274 1277
f 1276 1277 1278
f 1279 1277 1280
f 1280 1277 1274
f 1280 1274 1281
f 1281 1274 1271
f 1281 1271 1282
f 1282 1271 1268
f 1282 1268 1283
f 1283 1268 1266
f 1284 1285 1262
f 1286 1287 1285
f 1288 1289 1290
f 1288 1291 1255
f 1255 1253 1288
f 1288 1253 1252
f 1288 1252 1289
f 1289 1252 1250
f 1289 1250 1248
f 1262 1260 1284
f 1284 1260 1258
f 1284 1258 1291
f 1291 1258 1257
f 1291 1257 1255
f 1283 1287 1282
f 1282 1287 1286
f 1282 1286 1281
f 1281 1286 1292
f 1281 1292 1280
f 1280 1292 1293
f 1280 1293 1279
f 1285 1284 1286
f 1286 1284 1291
f 1286 1291 1292
f 1292 1291 1288
f 1292 1288 1293
f 1293 1288 1290
f 1293 1290 1279
f 1294 1243 1241
f 1295 1296 1297
f 1295 1298 1299
f 1295 1299 1296
f 1296 1299 1300
f 1296 1300 1301
f 1302 1303 1304
f 1304 1303 1305
f 1304 1305 1297
f 1297 1305 1306
f 1297 1306 1295
f 1307 1285 1287
f 1308 1309 1310
f 1310 1309 1311
f 1310 1311 1312
f 1262 1285 1235
f 1235 1285 1307
f 1235 1307 1237
f 1237 1307 1313
f 1237 1313 1239
f 1239 1313 1310
f 1239 1310 1241
f 1241 1310 1312
f 1241 1312 1294
f 1283 1302 1287
f 1287 1302 1304
f 1287 1304 1307
f 1307 1304 1297
f 1307 1297 1313
f 1313 1297 1296
f 1313 1296 1310
f 1310 1296 1301
f 1310 1301 1308
f 1314 1300 1315
f 1315 1309 1308
f 1315 1308 1314
f 1314 1308 1301
f 1314 1301 1300
f 1243 1294 1245
f 1245 1294 1312
f 1245 1312 1315
f 1315 1312 1311
f 1315 1311 1309
f 1315 1300 1316
f 1317 1315 1318
f 1318 1315 1316
f 1318 1316 1319
f 1319 1316 1300
f 1320 1245 1321
f 1321 1245 1315
f 1321 1315 1322
f 1322 1315 1317
f 1323 1324 1325
f 1325 1324 1326
f 1325 1326 1327
f 1327 1326 1328
f 1327 1328 1329
f 1329 1328 1330
f 1329 1330 1320
f 1246 1245 1331
f 1331 1245 1320
f 1331 1320 1332
f 1332 1320 1330
f 1326 1324 1333
f 1326 1333 1328
f 1334 1335 1336
f 1336 1335 1337
f 1336 1337 1338
f 1338 1337 1339
f 1338 1339 1333
f 1333 1339 1340
f 1333 1340 1328
f 1330 1328 1340
f 1337 1335 1341
f 1332 1330 1342
f 1342 1330 1340
f 1342 1340 1343
f 1343 1340 1339
f 1343 1339 1344
f 1344 1339 1337
f 1344 1337 1345
f 1345 1337 1341
f 1345 1341 1346
f 1347 1348 1349
f 1349 1348 1350
f 1349 1350 1351
f 1351 1350 1352
f 1352 1353 1351
f 1351 1353 1354
f 1351 1354 1355
f 1355 1354 1356
f 1357 1349 1358
f 1358 1349 1351
f 1346 1359 1355
f 1355 1359 1360
f 1355 1360 1351
f 1351 1360 1361
f 1351 1361 1358
f 1246 1331 1362
f 1246 1362 1363
f 1363 1362 1364
f 1363 1364 1365
f 1365 1364 1366
f 1365 1366 1367
f 1367 1366 1368
f 1368 1366 1369
f 1368 1369 1355
f 1331 1332 1362
f 1362 1332 1342
f 1362 1342 1364
f 1364 1342 1343
f 1364 1343 1366
f 1366 1343 1344
f 1366 1344 1369
f 1369 1344 1345
f 1369 1345 1355
f 1355 1345 1346
f 1368 1370 1371
f 1370 1368 1355
f 1244 1246 1372
f 1372 1246 1363
f 1372 1363 1373
f 1373 1363 1365
f 1373 1365 1371
f 1371 1365 1367
f 1371 1367 1368
f 1355 1356 1374
f 1355 1374 1370
f 1370 1374 1375
f 1370 1375 1371
f 1242 1244 1376
f 1376 1244 1372
f 1376 1372 1377
f 1377 1372 1373
f 1377 1373 1378
f 1378 1373 1371
f 1378 1371 1379
f 1379 1371 1375
f 1240 1242 1376
f 1374 1356 1380
f 1374 1380 1381
f 1381 1380 1382
f 1381 1382 1383
f 1384 1238 1240
f 1240 1376 1384
f 1384 1376 1377
f 1384 1377 1385
f 1377 1378 1385
f 1385 1378 1379
f 1385 1379 1381
f 1381 1379 1375
f 1381 1375 1374
f 1236 1238 1384
f 1234 1236 1386
f 1386 1236 1384
f 1386 1384 1387
f 1387 1384 1385
f 1387 1385 1388
f 1388 1385 1381
f 1388 1381 1389
f 1389 1381 1383
f 1390 1391 1392
f 1393 1394 1395
f 1395 1394 1396
f 1394 1397 1396
f 1396 1397 1398
f 1396 1398 1399
f 1399 1398 1388
f 1399 1388 1389
f 1261 1264 1400
f 1400 1264 1263
f 1400 1263 1401
f 1401 1263 1234
f 1401 1234 1386
f 1402 1259 1261
f 1259 1403 1256
f 1256 1403 1404
f 1256 1404 1254
f 1405 1406 1404
f 1404 1406 1251
f 1404 1251 1254
f 1391 1390 1407
f 1407 1390 1408
f 1407 1408 1409
f 1409 1408 1410
f 1409 1410 1411
f 1411 1410 1412
f 1411 1412 1413
f 1387 1388 1414
f 1414 1388 1398
f 1414 1398 1415
f 1415 1398 1397
f 1415 1397 1416
f 1416 1397 1394
f 1416 1394 1417
f 1417 1394 1393
f 1261 1400 1402
f 1402 1400 1418
f 1402 1418 1419
f 1419 1418 1420
f 1419 1420 1421
f 1247 1249 1422
f 1422 1249 1423
f 1422 1423 1424
f 1424 1423 1425
f 1424 1425 1426
f 1426 1425 1427
f 1426 1427 1428
f 1428 1427 1429
f 1428 1429 1430
f 1430 1429 1431
f 1430 1431 1432
f 1432 1431 1433
f 1432 1433 1434
f 1434 1433 1435
f 1259 1402 1403
f 1403 1402 1419
f 1403 1419 1404
f 1404 1419 1421
f 1404 1421 1405
f 1434 1412 1432
f 1432 1412 1410
f 1432 1410 1430
f 1430 1410 1408
f 1430 1408 1428
f 1428 1408 1390
f 1428 1390 1426
f 1426 1390 1392
f 1426 1392 1424
f 1386 1387 1401
f 1401 1387 1414
f 1401 1414 1400
f 1400 1414 1415
f 1400 1415 1418
f 1418 1415 1416
f 1418 1416 1420
f 1420 1416 1417
f 1249 1251 1423
f 1423 1251 1406
f 1423 1406 1425
f 1425 1406 1405
f 1425 1405 1427
f 1427 1405 1421
f 1427 1421 1429
f 1429 1421 1420
f 1429 1420 1431
f 1431 1420 1417
f 1431 1417 1433
f 1433 1417 1393
f 1433 1393 1435
f 1435 1393 1395
f 1436 1437 1438
f 1439 1440 1441
f 1247 1422 1442
f 1442 1422 1443
f 1227 1444 1445
f 1445 1444 1446
f 1447 1439 1448
f 1448 1439 1441
f 1448 1441 1449
f 1449 1441 1450
f 1449 1450 1451
f 1451 1450 1452
f 1451 1452 1453
f 1453 1452 1454
f 1453 1454 1455
f 1455 1454 1456
f 1455 1456 1446
f 1446 1456 1457
f 1446 1457 1445
f 1436 1438 1413
f 1422 1424 1443
f 1443 1424 1392
f 1443 1392 1458
f 1458 1392 1391
f 1458 1391 1459
f 1459 1391 1407
f 1459 1407 1460
f 1460 1407 1409
f 1460 1409 1438
f 1438 1409 1411
f 1438 1411 1413
f 1444 1461 1446
f 1446 1461 1462
f 1446 1462 1455
f 1455 1462 1463
f 1455 1463 1453
f 1453 1463 1464
f 1453 1464 1451
f 1451 1464 1465
f 1451 1465 1449
f 1449 1465 1466
f 1449 1466 1448
f 1448 1466 1467
f 1448 1467 1447
f 1447 1467 1468
f 1461 1442 1462
f 1462 1442 1443
f 1462 1443 1463
f 1463 1443 1458
f 1463 1458 1464
f 1464 1458 1459
f 1464 1459 1465
f 1465 1459 1460
f 1465 1460 1466
f 1466 1460 1438
f 1466 1438 1467
f 1467 1438 1437
f 1467 1437 1468
f 948 1469 1470
f 1471 1469 948
f 1472 1473 1474
f 1474 1473 1475
f 1474 1475 948
f 1471 1452 1469
f 1469 1452 1450
f 1469 1450 1470
f 1470 1450 1441
f 1456 1454 1476
f 1476 1454 1452
f 1476 1452 1477
f 1477 1452 1471
f 1477 1471 948
f 1227 1445 1225
f 1225 1445 1457
f 1225 1457 1223
f 1457 1456 1223
f 1223 1456 1476
f 1223 1476 1220
f 1220 1476 1477
f 1220 1477 948
f 1440 1472 1441
f 1441 1472 1474
f 1441 1474 1470
f 1470 1474 948
f 1472 1478 1479
f 1480 1481 1482
f 1483 1484 1485
f 1486 936 938
f 1486 938 1487
f 1487 938 1488
f 1487 1488 1489
f 1489 1488 1490
f 1489 1490 1491
f 1491 1490 1492
f 1491 1492 1485
f 1485 1492 1493
f 1485 1493 1483
f 1480 1482 1494
f 1472 1479 1473
f 1473 1479 1495
f 1473 1495 1475
f 1475 1495 946
f 1475 946 948
f 938 943 1488
f 1488 943 1496
f 1488 1496 1490
f 1490 1496 1497
f 1490 1497 1492
f 1492 1497 1482
f 1492 1482 1493
f 1493 1482 1481
f 943 946 1496
f 1496 946 1495
f 1496 1495 1497
f 1497 1495 1479
f 1497 1479 1482
f 1482 1479 1478
f 1482 1478 1494
f 1494 1478 1472
f 1494 1472 1440
f 1484 1498 1485
f 1485 1498 1499
f 1485 1499 1500
f 1501 1489 1500
f 1500 1489 1491
f 1500 1491 1485
f 937 981 939
f 939 981 940
f 937 936 981
f 981 936 1486
f 981 1486 1501
f 1501 1486 1487
f 1501 1487 1489
f 1502 1069 1017
f 971 1503 1504
f 1503 971 1505
f 1506 1500 1499
f 1507 1501 1500
f 981 1501 980
f 980 1501 1507
f 980 1507 979
f 979 1507 1505
f 979 1505 978
f 978 1505 971
f 1010 1012 1072
f 1072 1012 975
f 1072 975 1504
f 1504 975 973
f 1504 973 971
f 1498 1508 1509
f 1509 1508 1510
f 1509 1510 1511
f 1511 1510 1512
f 1512 1510 1513
f 1512 1513 1514
f 1508 1515 1510
f 1510 1515 1516
f 1510 1516 1513
f 1513 1516 1517
f 1513 1517 1514
f 1514 1517 1518
f 1516 1502 1517
f 1517 1502 1017
f 1517 1017 1518
f 1518 1017 1016
f 1518 1016 1014
f 1498 1509 1499
f 1499 1509 1511
f 1499 1511 1506
f 1506 1511 1512
f 1506 1512 1519
f 1519 1512 1514
f 1519 1514 1520
f 1520 1514 1518
f 1520 1518 1521
f 1521 1518 1014
f 1521 1014 1013
f 1500 1506 1507
f 1507 1506 1519
f 1507 1519 1505
f 1505 1519 1520
f 1505 1520 1503
f 1503 1520 1521
f 1503 1521 1504
f 1504 1521 1013
f 1504 1013 1072
f 1522 1523 1524
f 1525 1526 1527
f 1528 1529 1530
f 1531 1532 1533
f 308 306 1534
f 304 302 1535
f 393 395 1536
f 1440 1537 1538
f 1447 1539 1540
f 1434 1435 1541
f 1541 1435 1395
f 1352 1350 1542
f 1543 1544 1545
f 605 604 707
f 1546 1547 1548
f 451 452 456
f 429 441 1549
f 1149 1151 1550
f 1155 1049 1047
f 1055 1056 1551
f 1498 1484 1552
f 1059 1060 1522
f 1522 1060 1062
f 1522 1062 1523
f 1523 1062 1064
f 1523 1064 1066
f 1055 1551 1047
f 1155 1153 1049
f 1049 1153 1152
f 1049 1152 1051
f 1553 1554 1148
f 1148 1554 1147
f 1555 934 935
f 1556 925 1557
f 1557 925 924
f 1557 924 933
f 1549 441 1558
f 1558 441 440
f 1558 440 438
f 425 1527 427
f 427 1527 1526
f 427 1526 428
f 428 1526 436
f 454 434 1549
f 1549 434 433
f 1549 433 429
f 1549 1559 454
f 454 1559 1560
f 454 1560 456
f 456 1560 450
f 456 450 451
f 1546 1548 1561
f 1562 1563 545
f 545 1563 562
f 545 562 546
f 1563 1564 562
f 562 1564 1565
f 562 1565 564
f 564 1565 1566
f 564 1566 556
f 556 1566 1567
f 556 1567 558
f 607 606 1568
f 607 1568 1569
f 1569 1568 1570
f 1569 1570 1571
f 558 1567 737
f 737 1567 1572
f 737 1572 748
f 748 1572 1573
f 748 1573 750
f 750 1573 1574
f 750 1574 751
f 751 1574 1568
f 751 1568 707
f 707 1568 606
f 707 606 605
f 1544 1543 1570
f 1570 1543 1575
f 1570 1575 1571
f 1576 1577 1545
f 1545 1577 1578
f 1545 1578 1543
f 1545 1579 1576
f 1576 1579 1580
f 1576 1580 1581
f 1581 1580 1582
f 1581 1582 1583
f 1584 1585 1586
f 1586 1585 1583
f 1586 1583 1587
f 1587 1583 1582
f 1588 1589 1584
f 1584 1589 1590
f 1584 1590 1585
f 1588 1591 1589
f 1589 1591 1592
f 1589 1592 1593
f 1593 1592 1594
f 1593 1594 1595
f 1595 1594 1596
f 1595 1596 1597
f 1598 1599 1596
f 1596 1599 1600
f 1596 1600 1597
f 1601 1602 1603
f 1603 1604 1601
f 1601 1604 1605
f 1601 1605 1598
f 1598 1605 1606
f 1598 1606 1599
f 1607 1608 1609
f 1609 1608 1610
f 1609 1610 1602
f 1602 1610 1611
f 1602 1611 1603
f 1609 1612 1607
f 1607 1612 1613
f 1607 1613 1614
f 1614 1613 1615
f 1614 1615 1616
f 1617 1618 1615
f 1615 1618 1619
f 1615 1619 1616
f 1620 1618 1347
f 1347 1618 1617
f 1347 1617 1348
f 1352 1542 1353
f 1621 1380 1622
f 1622 1380 1356
f 1622 1356 1354
f 1623 1396 1624
f 1624 1396 1399
f 1624 1399 1625
f 1625 1399 1389
f 1625 1389 1626
f 1626 1389 1383
f 1626 1383 1621
f 1621 1383 1382
f 1621 1382 1380
f 1434 1541 1412
f 1412 1541 1627
f 1412 1627 1413
f 1468 1437 1628
f 1628 1437 1436
f 1628 1436 1629
f 1447 1540 1439
f 1630 1480 1538
f 1538 1480 1494
f 1538 1494 1440
f 1484 1483 1552
f 1552 1483 1493
f 1552 1493 1630
f 1630 1493 1481
f 1630 1481 1480
f 1536 395 1631
f 1632 390 1536
f 1536 390 391
f 1536 391 393
f 1633 374 376
f 378 380 1634
f 1634 380 382
f 382 384 1634
f 1634 384 386
f 1634 386 1632
f 1632 386 388
f 1632 388 390
f 368 366 1635
f 1635 366 371
f 1635 371 373
f 358 360 1636
f 1636 360 362
f 1636 362 1635
f 1635 362 364
f 1635 364 368
f 353 357 1637
f 340 338 1638
f 1638 338 336
f 1638 336 334
f 334 332 1638
f 1638 332 330
f 1638 330 328
f 326 324 1637
f 324 356 1637
f 1637 356 355
f 1637 355 353
f 317 350 1630
f 350 349 1630
f 1630 349 322
f 1630 322 347
f 342 1552 343
f 343 1552 1630
f 343 1630 345
f 345 1630 347
f 300 316 1639
f 1639 316 314
f 1639 314 313
f 304 1535 306
f 308 1534 310
f 310 1534 1640
f 310 1640 311
f 1436 1413 1629
f 1629 1413 1627
f 1629 1627 1628
f 1628 1627 1641
f 1628 1641 1642
f 1642 1641 1643
f 1642 1643 1644
f 1644 1643 1645
f 1644 1645 1535
f 1535 1645 1646
f 1535 1646 306
f 306 1646 1647
f 306 1647 1534
f 302 300 1535
f 1535 300 1639
f 1535 1639 1644
f 1644 1639 1648
f 1644 1648 1642
f 1642 1648 1540
f 1642 1540 1628
f 1628 1540 1539
f 1628 1539 1468
f 1468 1539 1447
f 313 317 1639
f 1639 317 1630
f 1639 1630 1648
f 1648 1630 1538
f 1648 1538 1540
f 1540 1538 1537
f 1540 1537 1439
f 1439 1537 1440
f 1649 1533 1650
f 1650 1533 1532
f 1650 1532 1651
f 357 358 1637
f 1637 358 1636
f 1637 1636 1652
f 1652 1636 1635
f 1652 1635 1653
f 438 436 1558
f 1558 436 1526
f 1558 1526 1654
f 1654 1526 1525
f 1654 1525 1655
f 1655 1525 1656
f 1656 1525 1657
f 1657 1525 1527
f 1657 1527 1557
f 1557 1527 425
f 1557 425 1556
f 1556 425 423
f 1556 423 925
f 925 423 421
f 925 421 928
f 1658 1531 1659
f 1659 1531 1533
f 1659 1533 1660
f 1660 1533 1649
f 1660 1649 1661
f 1661 1649 1662
f 1661 1662 1663
f 1664 1665 1666
f 1666 1665 1667
f 1666 1667 1668
f 1668 1667 1653
f 1668 1653 1669
f 1669 1653 1635
f 1669 1635 1633
f 1633 1635 373
f 1633 373 374
f 1670 1671 1672
f 1672 1671 1673
f 328 326 1638
f 1638 326 1637
f 1638 1637 1674
f 1674 1637 1652
f 1674 1652 1673
f 1673 1652 1653
f 1673 1653 1672
f 1672 1653 1667
f 1672 1667 1670
f 1670 1667 1665
f 1675 1524 1676
f 1676 1524 1523
f 1676 1523 1677
f 1677 1523 1066
f 1677 1066 1068
f 1056 1057 1551
f 1551 1057 1678
f 1551 1678 1679
f 1679 1678 1680
f 1679 1680 1681
f 1681 1680 1682
f 1681 1682 1529
f 1151 1157 1550
f 1550 1157 1683
f 1550 1683 1684
f 1684 1683 1685
f 1684 1685 1686
f 1686 1685 1687
f 1686 1687 1688
f 1688 1687 1528
f 1688 1528 1689
f 1689 1528 1530
f 1689 1530 1690
f 1529 1528 1681
f 1681 1528 1687
f 1681 1687 1679
f 1679 1687 1685
f 1679 1685 1551
f 1551 1685 1683
f 1551 1683 1047
f 1047 1683 1157
f 1047 1157 1155
f 1691 1692 1693
f 1693 1692 1694
f 1693 1694 1695
f 1695 1694 1696
f 1695 1696 1697
f 1697 1696 1698
f 1697 1698 1699
f 1699 1698 1555
f 1699 1555 1553
f 1553 1555 935
f 1553 935 1554
f 1690 1691 1689
f 1689 1691 1693
f 1689 1693 1688
f 1688 1693 1695
f 1688 1695 1686
f 1686 1695 1697
f 1686 1697 1684
f 1684 1697 1699
f 1684 1699 1550
f 1550 1699 1553
f 1550 1553 1149
f 1149 1553 1148
f 1700 1701 1702
f 1702 1701 1703
f 1702 1703 1704
f 1704 1703 1705
f 1704 1705 1706
f 1706 1705 1707
f 1708 1651 1709
f 1709 1651 1532
f 1709 1532 1710
f 1710 1532 1531
f 1710 1531 1711
f 1711 1531 1658
f 1706 1712 1704
f 1704 1712 1713
f 1704 1713 1702
f 1702 1713 1714
f 1702 1714 1700
f 1700 1714 1715
f 1700 1715 1634
f 1634 1715 1633
f 1634 1633 378
f 378 1633 376
f 1663 1664 1661
f 1661 1664 1666
f 1661 1666 1660
f 1660 1666 1668
f 1660 1668 1659
f 1659 1668 1669
f 1659 1669 1658
f 1658 1669 1633
f 1658 1633 1711
f 1711 1633 1715
f 1711 1715 1710
f 1710 1715 1714
f 1710 1714 1709
f 1709 1714 1713
f 1709 1713 1708
f 1708 1713 1712
f 1716 1717 1718
f 1718 1717 1719
f 1718 1719 1720
f 1720 1719 1721
f 1720 1721 1722
f 1722 1721 1723
f 1722 1723 1724
f 1724 1723 1725
f 1724 1725 1726
f 1726 1725 1727
f 1726 1727 1728
f 1728 1727 1729
f 1728 1729 1730
f 1730 1729 1548
f 1730 1548 1731
f 1731 1548 1547
f 1731 443 1730
f 1730 443 1732
f 1730 1732 1728
f 1728 1732 1733
f 1728 1733 1726
f 1726 1733 1734
f 1726 1734 1724
f 1724 1734 1735
f 1724 1735 1722
f 1722 1735 1736
f 1722 1736 1720
f 1720 1736 1737
f 1720 1737 1718
f 1718 1737 1738
f 1718 1738 1716
f 1716 1738 1739
f 1740 1739 1741
f 1741 1739 1738
f 1741 1738 1742
f 1742 1738 1737
f 1742 1737 1743
f 1743 1737 1736
f 1743 1736 1744
f 1744 1736 1735
f 1744 1735 1745
f 1745 1735 1734
f 1745 1734 1746
f 1746 1734 1733
f 1746 1733 1747
f 1747 1733 1732
f 1747 1732 449
f 449 1732 443
f 449 450 1747
f 1747 450 1560
f 1747 1560 1746
f 1746 1560 1559
f 1746 1559 1745
f 1745 1559 1549
f 1745 1549 1744
f 1744 1549 1558
f 1744 1558 1743
f 1743 1558 1654
f 1743 1654 1742
f 1742 1654 1655
f 1742 1655 1741
f 1057 1059 1678
f 1678 1059 1522
f 1678 1522 1680
f 1680 1522 1524
f 1680 1524 1682
f 1682 1524 1675
f 1682 1675 1529
f 1529 1675 1748
f 1529 1748 1530
f 1530 1748 1749
f 1530 1749 1690
f 1690 1749 1740
f 1690 1740 1691
f 1691 1740 1741
f 1691 1741 1692
f 1692 1741 1655
f 1692 1655 1694
f 1694 1655 1656
f 1694 1656 1696
f 1696 1656 1657
f 1696 1657 1698
f 1698 1657 1557
f 1698 1557 1555
f 1555 1557 933
f 1555 933 934
f 342 340 1552
f 1552 340 1638
f 1552 1638 1498
f 1498 1638 1674
f 1498 1674 1508
f 1508 1674 1673
f 1508 1673 1515
f 1515 1673 1671
f 1515 1671 1516
f 1516 1671 1670
f 1516 1670 1502
f 1502 1670 1665
f 1502 1665 1069
f 1069 1665 1664
f 1069 1664 1068
f 1068 1664 1663
f 1068 1663 1677
f 1677 1663 1662
f 1677 1662 1676
f 1676 1662 1649
f 1676 1649 1675
f 1675 1649 1650
f 1675 1650 1748
f 1748 1650 1651
f 1748 1651 1749
f 1749 1651 1708
f 1749 1708 1740
f 1740 1708 1712
f 1740 1712 1739
f 1739 1712 1706
f 1739 1706 1716
f 1716 1706 1707
f 1716 1707 1717
f 1354 1353 1622
f 1622 1353 1542
f 1622 1542 1621
f 1621 1542 1750
f 1621 1750 1626
f 1626 1750 1751
f 1626 1751 1625
f 1625 1751 1752
f 1625 1752 1624
f 1624 1752 1753
f 1624 1753 1623
f 1623 1753 1754
f 1623 1754 1755
f 1755 1754 1756
f 1755 1756 1757
f 1757 1756 1758
f 1757 1758 1759
f 1759 1758 1760
f 1759 1760 1761
f 1761 1760 1762
f 1761 1762 1763
f 1763 1762 1764
f 1763 1764 1765
f 1765 1764 1766
f 1765 1766 1767
f 1767 1766 1768
f 1767 1768 1769
f 1769 1768 1770
f 1769 1770 1631
f 1631 1770 1771
f 1631 1771 1536
f 1536 1771 1772
f 1536 1772 1632
f 1632 1772 1773
f 1632 1773 1634
f 1634 1773 1774
f 1634 1774 1700
f 1700 1774 1775
f 1700 1775 1701
f 395 311 1631
f 1631 311 1640
f 1631 1640 1769
f 1769 1640 1534
f 1769 1534 1767
f 1767 1534 1647
f 1767 1647 1765
f 1765 1647 1646
f 1765 1646 1763
f 1763 1646 1645
f 1763 1645 1761
f 1761 1645 1643
f 1761 1643 1759
f 1759 1643 1641
f 1759 1641 1757
f 1757 1641 1627
f 1757 1627 1755
f 1755 1627 1541
f 1755 1541 1623
f 1623 1541 1395
f 1623 1395 1396
f 1562 1561 1563
f 1563 1561 1548
f 1563 1548 1564
f 1564 1548 1729
f 1564 1729 1565
f 1565 1729 1727
f 1565 1727 1566
f 1566 1727 1725
f 1566 1725 1567
f 1567 1725 1723
f 1567 1723 1572
f 1572 1723 1721
f 1572 1721 1573
f 1573 1721 1719
f 1573 1719 1574
f 1574 1719 1717
f 1574 1717 1568
f 1568 1717 1707
f 1568 1707 1570
f 1570 1707 1705
f 1570 1705 1544
f 1544 1705 1703
f 1544 1703 1545
f 1545 1703 1701
f 1545 1701 1579
f 1579 1701 1775
f 1579 1775 1580
f 1580 1775 1774
f 1580 1774 1582
f 1582 1774 1773
f 1582 1773 1587
f 1587 1773 1772
f 1587 1772 1586
f 1586 1772 1771
f 1586 1771 1584
f 1584 1771 1770
f 1584 1770 1588
f 1588 1770 1768
f 1588 1768 1591
f 1591 1768 1766
f 1591 1766 1592
f 1592 1766 1764
f 1592 1764 1594
f 1594 1764 1762
f 1594 1762 1596
f 1596 1762 1760
f 1596 1760 1598
f 1598 1760 1758
f 1598 1758 1601
f 1601 1758 1756
f 1601 1756 1602
f 1602 1756 1754
f 1602 1754 1609
f 1609 1754 1753
f 1609 1753 1612
f 1612 1753 1752
f 1612 1752 1613
f 1613 1752 1751
f 1613 1751 1615
f 1615 1751 1750
f 1615 1750 1617
f 1617 1750 1542
f 1617 1542 1348
f 1348 1542 1350
f 1571 1575 1776
f 1777 1606 1605
f 1778 1779 1780
f 599 1776 600
f 600 1776 1781
f 1779 1778 1776
f 1776 1778 1782
f 1776 1782 1781
f 1783 1784 1780
f 1780 1784 1785
f 1780 1785 1778
f 1786 1787 1788
f 1788 1787 1789
f 1788 1789 1790
f 1790 1789 1791
f 1789 1792 1791
f 1791 1792 1793
f 1791 1793 1794
f 1794 1793 1795
f 1795 1793 1796
f 1795 1796 1797
f 1798 1799 1595
f 1800 1593 1801
f 1801 1593 1595
f 1801 1595 1802
f 1802 1595 1799
f 1803 1600 1777
f 1777 1600 1599
f 1777 1599 1606
f 1595 1597 1798
f 1798 1597 1600
f 1798 1600 1804
f 1804 1600 1803
f 1805 1806 1605
f 1605 1806 1807
f 1605 1807 1777
f 1605 1604 1805
f 1805 1604 1603
f 1805 1603 1808
f 1808 1603 1611
f 1808 1611 1809
f 1809 1611 1610
f 1809 1610 1810
f 1810 1610 1608
f 1810 1608 1811
f 1811 1608 1607
f 1811 1607 1812
f 1812 1607 1614
f 1812 1614 1813
f 1813 1614 1616
f 1813 1616 1814
f 1815 1816 1817
f 1616 1619 1814
f 1814 1619 1618
f 1814 1618 1817
f 1817 1618 1620
f 1817 1620 1815
f 1787 1585 1789
f 1789 1585 1590
f 1789 1590 1792
f 1792 1590 1589
f 1792 1589 1793
f 1793 1589 1593
f 1793 1593 1796
f 1796 1593 1800
f 1796 1800 1797
f 1576 1581 1787
f 1787 1581 1583
f 1787 1583 1585
f 1578 1577 1779
f 1779 1577 1576
f 1779 1576 1780
f 1780 1576 1787
f 1780 1787 1783
f 1783 1787 1786
f 1776 1575 1779
f 1779 1575 1543
f 1779 1543 1578
f 1571 1776 1569
f 1569 1776 599
f 1569 599 607
f 1818 1819 1820
f 1821 1822 1823
f 1823 1822 1824
f 1823 1824 1825
f 1825 1824 1826
f 1825 1826 1827
f 1827 1826 1828
f 1827 1828 1829
f 1829 1828 1830
f 1829 1830 1831
f 1831 1830 1832
f 1831 1832 1833
f 1833 1832 1834
f 1834 1832 1835
f 1834 1835 1836
f 1836 1835 1837
f 1837 1835 1838
f 1837 1838 1839
f 1840 1841 1839
f 1838 1842 1843
f 1839 1838 1840
f 1840 1838 1843
f 1840 1843 1844
f 1842 1838 1845
f 1845 1838 1835
f 1845 1835 1846
f 1846 1835 1832
f 1846 1832 1847
f 1847 1832 1830
f 1847 1830 1848
f 1848 1830 1849
f 1849 1830 1828
f 1849 1828 1850
f 1850 1828 1851
f 1851 1828 1826
f 1851 1826 1852
f 1852 1826 1853
f 1853 1826 1824
f 1853 1824 1854
f 1854 1824 1855
f 1855 1824 1822
f 1855 1822 1819
f 1819 1822 1821
f 1819 1821 1820
f 1820 1856 1818
f 1818 1856 1857
f 1818 1857 1858
f 1857 1859 1858
f 1858 1859 1860
f 1858 1860 1861
f 1861 1860 1862
f 1861 1862 1863
f 1863 1862 1864
f 1863 1864 1865
f 1866 1867 1868
f 1868 1867 1865
f 1868 1865 1869
f 1869 1865 1864
f 1866 1870 1867
f 1867 1870 1871
f 1867 1871 1872
f 1871 1873 1872
f 1872 1873 1874
f 1872 1874 1875
f 1875 1874 1876
f 1875 1876 1877
f 1877 1876 1878
f 1877 1878 1879
f 1879 1878 1880
f 1879 1880 1881
f 1881 1880 1882
f 1882 1816 1881
f 1881 1816 1815
f 1881 1815 1883
f 1883 1815 1620
f 1840 1884 1841
f 1841 1884 1885
f 1886 1887 1884
f 1884 1887 1888
f 1884 1888 1889
f 1890 1885 1891
f 1891 1885 1884
f 1891 1884 1892
f 1892 1884 1889
f 1886 1884 1893
f 1893 1884 1840
f 1893 1840 1844
f 1894 1895 1896
f 1897 1841 1885
f 1898 1899 1900
f 1901 1902 1903
f 1901 1904 1905
f 1901 1905 1902
f 1906 1907 1900
f 1900 1907 1908
f 1900 1908 1909
f 1910 1911 1912
f 1906 1900 1912
f 1912 1900 1899
f 1912 1899 1910
f 1898 1913 1914
f 1914 1913 1915
f 1914 1915 1916
f 1916 1915 1917
f 1916 1917 1918
f 1918 1917 1919
f 1918 1919 1920
f 1920 1919 1921
f 1920 1921 1922
f 1922 1921 1885
f 1922 1885 1890
f 1923 1895 1924
f 1924 1895 1894
f 1924 1894 1925
f 1903 1926 1901
f 1901 1926 1927
f 1901 1927 1928
f 1928 1927 1929
f 1928 1929 1930
f 1930 1929 1931
f 1930 1931 1932
f 1932 1931 1933
f 1907 1904 1908
f 1908 1904 1901
f 1908 1901 1909
f 1909 1901 1928
f 1909 1928 1934
f 1934 1928 1930
f 1934 1930 1896
f 1896 1930 1932
f 1896 1932 1894
f 1894 1932 1933
f 1894 1933 1925
f 1898 1900 1913
f 1913 1900 1909
f 1913 1909 1915
f 1915 1909 1934
f 1915 1934 1917
f 1917 1934 1896
f 1917 1896 1919
f 1919 1896 1895
f 1919 1895 1921
f 1921 1895 1923
f 1921 1923 1885
f 1885 1923 1924
f 1885 1924 1897
f 1935 1936 1937
f 1938 1939 1940
f 1939 1938 1941
f 1942 1943 1944
f 1944 1943 1945
f 1946 1945 1947
f 1947 1945 1943
f 1947 1943 1937
f 1937 1943 1948
f 1937 1948 1935
f 1935 1948 1949
f 1935 1949 1936
f 1936 1949 1950
f 1951 1952 1953
f 1953 1952 1954
f 1912 1911 1951
f 1951 1953 1912
f 1912 1953 1954
f 1912 1954 1906
f 1906 1954 1955
f 1906 1955 1907
f 1956 1904 1955
f 1955 1904 1907
f 1957 1903 1958
f 1958 1903 1902
f 1958 1902 1956
f 1956 1902 1905
f 1956 1905 1904
f 1944 1938 1942
f 1942 1938 1940
f 1942 1940 1943
f 1943 1940 1959
f 1943 1959 1948
f 1948 1959 1960
f 1948 1960 1949
f 1949 1960 1961
f 1949 1961 1950
f 1950 1961 1962
f 1957 1958 1963
f 1963 1958 1956
f 1963 1956 1964
f 1964 1956 1955
f 1964 1955 1965
f 1965 1955 1954
f 1965 1954 1966
f 1952 1962 1954
f 1954 1962 1961
f 1954 1961 1966
f 1966 1961 1960
f 1966 1960 1965
f 1965 1960 1959
f 1965 1959 1964
f 1964 1959 1940
f 1964 1940 1963
f 1963 1940 1939
f 1963 1939 1957
f 1957 1939 1941
f 1967 1968 1969
f 1969 1968 1970
f 1969 1970 1971
f 1972 1973 1974
f 1975 1976 1977
f 1837 1839 1978
f 1968 1967 1979
f 1980 1981 1979
f 1981 1971 1979
f 1979 1971 1970
f 1979 1970 1968
f 1957 1941 1982
f 1982 1941 1983
f 1982 1983 1984
f 1984 1983 1985
f 1984 1985 1986
f 1986 1985 1987
f 1986 1987 1988
f 1957 1982 1903
f 1903 1982 1989
f 1903 1989 1926
f 1990 1927 1926
f 1929 1991 1931
f 1931 1991 1978
f 1931 1978 1933
f 1841 1897 1839
f 1839 1897 1924
f 1839 1924 1978
f 1978 1924 1925
f 1978 1925 1933
f 1992 1836 1837
f 1836 1993 1834
f 1834 1993 1994
f 1834 1994 1833
f 1833 1994 1995
f 1833 1995 1831
f 1831 1995 1996
f 1831 1996 1829
f 1829 1996 1977
f 1829 1977 1827
f 1827 1977 1976
f 1827 1976 1825
f 1997 1980 1998
f 1998 1980 1979
f 1998 1979 1999
f 1999 1979 2000
f 1999 2000 2001
f 2001 2000 2002
f 2001 2002 2003
f 2003 2002 2004
f 2003 2004 2005
f 2005 2004 1821
f 2005 1821 2006
f 1837 1978 1992
f 1992 1978 1991
f 1992 1991 1990
f 1990 1991 1929
f 1990 1929 1927
f 1993 2007 1994
f 1994 2007 2008
f 1994 2008 1995
f 1995 2008 2009
f 1995 2009 1996
f 1996 2009 2010
f 1996 2010 1977
f 1977 2010 1974
f 1977 1974 1975
f 1975 1974 1973
f 1821 1823 2006
f 2006 1823 1825
f 2006 1825 2005
f 2005 1825 1976
f 2005 1976 2003
f 2003 1976 1975
f 2003 1975 2001
f 2001 1975 1973
f 2001 1973 1999
f 1999 1973 1972
f 1999 1972 1998
f 1836 1992 1993
f 1993 1992 1990
f 1993 1990 2007
f 2007 1990 1926
f 2007 1926 2008
f 2008 1926 1989
f 2008 1989 2009
f 2009 1989 1982
f 2009 1982 2010
f 2010 1982 1984
f 2010 1984 1974
f 1974 1984 1986
f 1974 1986 1972
f 1972 1986 1988
f 1972 1988 1998
f 1998 1988 1987
f 1998 1987 1997
f 1820 1821 2004
f 2011 2012 2013
f 2013 2012 2014
f 2013 2014 2015
f 2016 2017 2018
f 2018 2017 2019
f 2018 2019 2011
f 2011 2019 2020
f 2011 2020 2012
f 2016 2018 2021
f 2021 2018 2022
f 2021 2022 2023
f 2023 2022 2024
f 2023 2024 2025
f 2026 2027 2024
f 2024 2027 2028
f 2024 2028 2025
f 2029 2030 2026
f 2026 2030 2031
f 2026 2031 2027
f 2026 2032 2029
f 2029 2032 2033
f 2029 2033 2034
f 2034 2033 1979
f 2034 1979 1967
f 2002 2000 2035
f 2035 2000 2036
f 2035 2036 2037
f 2038 1859 2039
f 2039 1859 1857
f 2039 1857 2004
f 2004 1857 1856
f 2004 1856 1820
f 1869 1864 2040
f 2040 1864 1862
f 2040 1862 2038
f 2038 1862 1860
f 2038 1860 1859
f 1871 1870 2041
f 2041 1870 1866
f 2041 1866 2040
f 2040 1866 1868
f 2040 1868 1869
f 1871 2041 1873
f 1873 2041 2042
f 1873 2042 1874
f 1874 2042 2043
f 1874 2043 1876
f 2044 2045 2046
f 2046 2045 1816
f 1816 1882 2046
f 2046 1882 1880
f 2046 1880 2043
f 2043 1880 1878
f 2043 1878 1876
f 2004 2002 2039
f 2039 2002 2035
f 2039 2035 2038
f 2038 2035 2037
f 2038 2037 2040
f 2040 2037 2047
f 2040 2047 2041
f 2041 2047 2048
f 2041 2048 2042
f 2042 2048 2049
f 2042 2049 2043
f 2043 2049 2050
f 2043 2050 2046
f 2046 2050 2051
f 2046 2051 2044
f 2000 1979 2036
f 2036 1979 2033
f 2036 2033 2037
f 2037 2033 2032
f 2037 2032 2047
f 2047 2032 2026
f 2047 2026 2048
f 2048 2026 2024
f 2048 2024 2049
f 2049 2024 2022
f 2049 2022 2050
f 2050 2022 2018
f 2050 2018 2051
f 2051 2018 2011
f 2051 2011 2044
f 2044 2011 2013
f 2013 2052 2044
f 2052 2013 2015
f 2053 2054 2055
f 2056 2057 2058
f 1802 1799 2058
f 1817 1816 2045
f 1817 2045 1814
f 1814 2045 2059
f 1814 2059 1813
f 1813 2059 2060
f 1813 2060 1812
f 2061 1810 2060
f 2060 1810 1811
f 2060 1811 1812
f 1807 1806 2062
f 2062 1806 1805
f 2062 1805 2063
f 2063 1805 1808
f 2063 1808 2061
f 2061 1808 1809
f 2061 1809 1810
f 1798 1804 2064
f 2064 1804 1803
f 2064 1803 2062
f 2062 1803 1777
f 2062 1777 1807
f 1802 2058 1801
f 1801 2058 2057
f 1801 2057 1800
f 2065 2056 2058
f 2065 2058 2064
f 2064 2058 1799
f 2064 1799 1798
f 2053 2055 2066
f 2067 2068 2069
f 2069 2068 2066
f 2069 2066 2070
f 2070 2066 2055
f 2071 2072 2073
f 2073 2072 2074
f 2073 2074 2067
f 2067 2074 2075
f 2067 2075 2068
f 2071 2073 2076
f 2076 2073 2077
f 2076 2077 2078
f 2078 2077 2079
f 2078 2079 2080
f 2080 2079 2081
f 2081 2079 2082
f 2081 2082 2083
f 2052 2015 2082
f 2082 2015 2084
f 2082 2084 2083
f 2085 2056 2086
f 2086 2056 2065
f 2086 2065 2087
f 2087 2065 2064
f 2087 2064 2088
f 2088 2064 2062
f 2088 2062 2089
f 2089 2062 2063
f 2089 2063 2090
f 2090 2063 2061
f 2090 2061 2091
f 2091 2061 2060
f 2091 2060 2092
f 2092 2060 2059
f 2092 2059 2044
f 2044 2059 2045
f 2055 2085 2070
f 2070 2085 2086
f 2070 2086 2069
f 2069 2086 2087
f 2069 2087 2067
f 2067 2087 2088
f 2067 2088 2073
f 2073 2088 2089
f 2073 2089 2077
f 2077 2089 2090
f 2077 2090 2079
f 2079 2090 2091
f 2079 2091 2082
f 2082 2091 2092
f 2082 2092 2052
f 2052 2092 2044
f 651 2093 631
f 2056 2085 2094
f 2055 2095 2096
f 2054 2097 2055
f 2055 2097 2098
f 2055 2098 2099
f 2100 1791 2101
f 2101 1791 1794
f 2101 1794 2102
f 2102 1794 1795
f 2102 1795 2103
f 2103 1795 1797
f 2103 1797 1800
f 2104 1788 2100
f 2100 1788 1790
f 2100 1790 1791
f 1784 1783 2104
f 2104 1783 1786
f 2104 1786 1788
f 2104 2105 1784
f 1784 2105 2106
f 1784 2106 1785
f 1785 2106 2107
f 1785 2107 1778
f 1781 1782 2093
f 2093 1782 1778
f 2093 651 1781
f 1781 651 650
f 1781 650 600
f 1778 2107 2093
f 2093 2107 632
f 2093 632 631
f 2108 628 2109
f 2109 628 634
f 2109 634 633
f 2110 630 2108
f 2108 630 629
f 2108 629 628
f 626 2111 627
f 627 2111 2112
f 627 2112 680
f 2096 2095 2113
f 2113 2095 2114
f 2113 2114 2115
f 2099 2116 2055
f 2055 2116 2117
f 2055 2117 2095
f 2095 2117 2118
f 2095 2118 2114
f 2057 2056 2119
f 2119 2056 2120
f 2119 2120 2121
f 2121 2120 2122
f 2121 2122 2123
f 633 632 2109
f 2109 632 2107
f 2109 2107 2108
f 2108 2107 2106
f 2108 2106 2110
f 2110 2106 2105
f 2110 2105 2124
f 2124 2105 2104
f 2124 2104 2125
f 2125 2104 2100
f 2125 2100 2123
f 2123 2100 2101
f 2123 2101 2121
f 2121 2101 2102
f 2121 2102 2119
f 2119 2102 2103
f 2119 2103 2057
f 2057 2103 1800
f 2085 2055 2094
f 2094 2055 2096
f 2094 2096 2126
f 2126 2096 2113
f 2126 2113 2127
f 2127 2113 2115
f 2127 2115 2128
f 2128 2115 2129
f 2128 2129 2112
f 2112 2129 674
f 2112 674 680
f 626 630 2111
f 2111 630 2110
f 2111 2110 2112
f 2112 2110 2124
f 2112 2124 2128
f 2128 2124 2125
f 2128 2125 2127
f 2127 2125 2123
f 2127 2123 2126
f 2126 2123 2122
f 2126 2122 2094
f 2094 2122 2120
f 2094 2120 2056
f 2130 2117 2116
f 2097 2054 2130
f 2116 2099 2130
f 2130 2099 2098
f 2130 2098 2097
f 2130 2054 2131
f 2130 2131 2117
f 2117 2131 2132
f 2117 2132 2118
f 2132 2133 2118
f 2118 2133 2134
f 2118 2134 2135
f 2135 293 2118
f 2118 293 292
f 2118 292 2114
f 2114 292 296
f 296 295 2114
f 2114 295 290
f 2114 290 2115
f 654 674 2129
f 654 2129 652
f 290 289 2115
f 2115 289 656
f 2115 656 2129
f 2129 656 655
f 2129 655 652
f 2132 2131 2133
f 2133 2131 2136
f 2137 294 2138
f 2138 294 293
f 2138 293 288
f 288 293 2135
f 288 2135 2136
f 2136 2135 2134
f 2136 2134 2133
f 2139 291 2140
f 2140 291 297
f 2140 297 2137
f 2137 297 298
f 2137 298 294
f 698 697 696
f 699 698 2141
f 2141 698 696
f 2141 696 2139
f 2139 696 289
f 2139 289 291
f 683 682 689
f 689 682 685
f 689 685 2142
f 2142 685 695
f 695 694 2142
f 2142 694 693
f 2142 693 2143
f 2143 693 681
f 2143 681 699
f 2144 723 2145
f 2145 723 718
f 2145 718 691
f 2146 863 2147
f 2147 863 865
f 2147 865 864
f 2148 2149 2150
f 2150 2149 861
f 2150 861 2151
f 2148 2150 2152
f 2152 2150 2153
f 2152 2153 2154
f 2153 2155 2154
f 2154 2155 2156
f 2154 2156 2157
f 2157 2156 2158
f 2157 2158 2159
f 2159 2158 2160
f 2159 2160 2161
f 2161 2160 2162
f 2161 2162 2163
f 287 286 2162
f 2162 286 285
f 285 284 2162
f 2162 284 2164
f 2162 2164 2163
f 688 689 690
f 690 689 2142
f 690 2142 691
f 691 2142 2165
f 691 2165 2145
f 2145 2165 2166
f 2145 2166 2144
f 699 2141 2143
f 2143 2141 2167
f 2143 2167 2142
f 2142 2167 2146
f 2142 2146 2165
f 2165 2146 2147
f 2165 2147 2166
f 2166 2147 864
f 2166 864 2144
f 2144 864 719
f 2144 719 723
f 723 719 721
f 723 721 722
f 861 863 2151
f 2151 863 2146
f 2151 2146 2150
f 2150 2146 2167
f 2150 2167 2153
f 2153 2167 2141
f 2153 2141 2155
f 2155 2141 2139
f 2155 2139 2156
f 2156 2139 2140
f 2156 2140 2158
f 2158 2140 2137
f 2158 2137 2160
f 2160 2137 2138
f 2160 2138 2162
f 2162 2138 288
f 2162 288 287
f 862 861 866
f 866 861 2149
f 1206 1203 1210
f 1210 1203 960
f 866 2149 2148
f 320 348 1227
f 866 2148 868
f 868 2148 2152
f 868 2152 2154
f 278 1278 281
f 281 1278 868
f 281 868 284
f 274 2168 275
f 275 2168 1278
f 275 1278 277
f 277 1278 278
f 1187 1186 251
f 251 1186 248
f 309 312 1289
f 1227 348 1444
f 1176 268 1193
f 1193 268 271
f 1193 271 270
f 1289 312 1290
f 1290 312 396
f 1290 396 1279
f 904 923 387
f 1442 301 303
f 2154 2157 868
f 868 2157 2159
f 868 2159 2161
f 2161 2163 868
f 868 2163 2164
f 868 2164 284
f 1187 251 1183
f 1183 251 252
f 1183 252 1182
f 1175 220 1190
f 1190 220 238
f 1186 1185 248
f 248 1185 1184
f 248 1184 245
f 1279 396 1277
f 1277 396 394
f 1277 394 1278
f 320 1227 321
f 321 1227 1226
f 321 1226 346
f 1442 303 1247
f 1182 252 1181
f 1181 252 255
f 1181 255 1180
f 1180 255 257
f 1180 257 1179
f 1179 257 260
f 1179 260 1178
f 1178 260 263
f 1178 263 1177
f 1177 263 266
f 1177 266 1176
f 1176 266 267
f 1176 267 268
f 1184 1188 245
f 245 1188 1189
f 245 1189 240
f 240 1189 1192
f 240 1192 238
f 238 1192 1191
f 238 1191 1190
f 1247 303 1248
f 1248 303 305
f 1248 305 1289
f 1289 305 307
f 1289 307 309
f 1278 394 868
f 868 394 392
f 868 392 389
f 387 923 389
f 389 923 875
f 389 875 868
f 346 1226 344
f 344 1226 958
f 344 958 341
f 341 958 960
f 341 960 339
f 339 960 1203
f 339 1203 337
f 348 319 1444
f 1444 319 318
f 1444 318 1461
f 1461 318 315
f 1461 315 1442
f 1442 315 299
f 1442 299 301
f 228 1167 227
f 227 1167 1166
f 227 1166 226
f 226 1166 1162
f 226 1162 222
f 270 273 1193
f 1193 273 897
f 1193 897 325
f 1196 333 1203
f 1203 333 335
f 1203 335 337
f 935 932 1554
f 1554 932 930
f 1554 930 897
f 222 1162 221
f 221 1162 1159
f 221 1159 225
f 325 327 1193
f 1193 327 329
f 1193 329 1196
f 1196 329 331
f 1196 331 333
f 273 272 897
f 897 272 223
f 897 223 1554
f 1554 223 224
f 1554 224 1147
f 1147 224 1143
f 1175 1174 220
f 220 1174 1170
f 220 1170 228
f 228 1170 1168
f 228 1168 1167
f 904 387 905
f 905 387 385
f 905 385 903
f 903 385 383
f 903 383 873
f 873 383 381
f 873 381 871
f 871 381 379
f 871 379 890
f 890 379 377
f 890 377 892
f 892 377 375
f 892 375 894
f 894 375 372
f 894 372 895
f 895 372 365
f 895 365 896
f 1159 1161 225
f 225 1161 1146
f 225 1146 224
f 224 1146 1144
f 224 1144 1143
f 896 365 897
f 897 365 367
f 897 367 369
f 351 354 897
f 897 354 323
f 897 323 325
f 369 370 897
f 897 370 363
f 897 363 361
f 361 359 897
f 897 359 352
f 897 352 351
f 2168 274 2169
f 2169 274 276
f 2169 276 2170
f 2170 276 283
f 2170 283 2171
f 2171 283 282
f 2171 2172 2170
f 2170 2172 2173
f 2170 2173 2169
f 1276 1278 2168
f 2173 2174 2169
f 2169 2174 2175
f 2169 2175 2168
f 2168 2175 2176
f 2168 2176 2177
f 1265 1267 2178
f 2178 1267 1269
f 2178 1269 2177
f 2177 1269 1270
f 1270 1272 2177
f 2177 1272 1273
f 2177 1273 2168
f 2168 1273 1275
f 2168 1275 1276
f 2176 2179 2177
f 2177 2179 2180
f 2177 2180 2178
f 2178 2180 2181
f 2178 2181 1265
f 2173 2172 2182
f 2173 2182 2174
f 2179 2176 2182
f 2182 2176 2175
f 2182 2175 2174
f 1265 2181 2071
f 2071 2181 2180
f 2071 2180 2072
f 2072 2180 2179
f 2072 2179 2074
f 2074 2179 2182
f 2074 2182 2075
f 2075 2182 2172
f 2075 2172 2068
f 2081 2183 2080
f 2080 2183 2184
f 2080 2184 2078
f 2078 2184 1265
f 2078 1265 2076
f 2076 1265 2071
f 2081 2083 2183
f 2183 2083 2084
f 2183 2084 2185
f 2185 2084 2015
f 2185 2015 2186
f 2068 2172 2066
f 2066 2172 2171
f 2066 2171 282
f 288 2136 279
f 279 2136 2131
f 279 2131 280
f 282 280 2066
f 2066 280 2131
f 2066 2131 2053
f 2053 2131 2054
f 2186 2187 2188
f 2186 2188 2185
f 2185 2188 2189
f 2185 2189 2183
f 2183 2189 2190
f 2183 2190 2184
f 1266 1265 2184
f 1303 1302 2190
f 2184 2190 1266
f 1266 2190 1302
f 1266 1302 1283
f 1303 2190 1305
f 1305 2190 2189
f 1305 2189 1306
f 1306 2189 2188
f 1306 2188 1295
f 1295 2188 2187
f 1295 2187 1298
f 2191 2192 2193
f 2194 2195 2196
f 2196 2195 2197
f 2197 2198 2196
f 2196 2198 2199
f 2196 2199 2200
f 2201 2202 2203
f 2203 2204 2201
f 2201 2204 2205
f 2201 2205 2194
f 2194 2205 2206
f 2194 2206 2195
f 2191 2193 2207
f 2208 2202 2209
f 2209 2202 2201
f 2209 2201 2210
f 2210 2201 2194
f 2210 2194 2193
f 2193 2194 2196
f 2193 2196 2207
f 2207 2196 2200
f 2207 2200 2211
f 2202 2208 2212
f 2212 2208 2213
f 2212 2213 2214
f 2215 2203 2202
f 2202 2212 2215
f 2215 2212 2216
f 2215 2216 2217
f 2217 2216 2218
f 2217 2218 2219
f 2220 1298 2187
f 2214 2221 2212
f 2212 2221 2222
f 2212 2222 2216
f 2216 2222 2220
f 2216 2220 2218
f 2218 2220 2187
f 2218 2187 2219
f 2219 2187 2186
f 1322 1317 2223
f 2224 2225 2226
f 2222 2221 2226
f 2226 2221 2214
f 2226 2214 2224
f 2224 2214 2213
f 2224 2213 2208
f 2226 2227 2222
f 2222 2227 2228
f 2222 2228 2220
f 1318 1319 2228
f 2228 1319 1300
f 2228 1300 2220
f 2220 1300 1299
f 2220 1299 1298
f 1329 1320 1321
f 1322 2223 1321
f 1321 2223 1329
f 1329 2223 2229
f 1329 2229 1327
f 1327 2229 2230
f 1327 2230 1325
f 2231 2232 2230
f 2230 2232 1323
f 2230 1323 1325
f 1317 1318 2223
f 2223 1318 2228
f 2223 2228 2229
f 2229 2228 2227
f 2229 2227 2230
f 2230 2227 2226
f 2230 2226 2231
f 2231 2226 2225
f 2224 2208 2209
f 2224 2209 2225
f 2233 2231 2225
f 2232 2231 2234
f 2234 2231 2233
f 2234 2233 2235
f 2235 2233 2236
f 2237 2238 2239
f 2239 2238 2240
f 2239 2240 2241
f 2241 2240 2242
f 2241 2242 2243
f 2243 2242 2244
f 2243 2244 2245
f 2193 2192 2246
f 2225 2247 2233
f 2233 2247 2243
f 2233 2243 2236
f 2236 2243 2245
f 2246 2248 2193
f 2193 2248 2249
f 2193 2249 2210
f 2210 2249 2209
f 2225 2209 2247
f 2247 2209 2249
f 2247 2249 2243
f 2243 2249 2248
f 2243 2248 2241
f 2241 2248 2246
f 2241 2246 2239
f 2234 2235 2250
f 2235 2236 2250
f 2250 2236 2245
f 2250 2245 2251
f 2251 2245 2244
f 2251 2244 2252
f 2252 2244 2242
f 2252 2242 2253
f 2253 2242 2240
f 2253 2240 2254
f 2254 2240 2238
f 2254 2238 2237
f 2250 2255 2234
f 2234 2255 2256
f 2234 2256 2232
f 2232 2256 2257
f 2232 2257 1323
f 1323 2257 2258
f 1323 2258 1324
f 2259 2260 2261
f 2262 1334 1336
f 2263 2252 2253
f 2255 2264 2256
f 2256 2264 2265
f 2256 2265 2257
f 2257 2265 2258
f 2258 2265 1333
f 2258 1333 1324
f 2262 1336 2266
f 1336 2267 2266
f 2266 2267 2268
f 2266 2268 2269
f 2268 2270 2269
f 2269 2270 2271
f 2269 2271 2272
f 2272 2271 2273
f 2272 2273 2274
f 2274 2273 2275
f 2274 2275 2276
f 2276 2275 2277
f 2276 2277 2278
f 2279 2280 2281
f 2282 2278 2283
f 2283 2278 2277
f 2283 2277 2284
f 2284 2277 2280
f 2279 2281 2285
f 2285 2281 2286
f 2285 2286 2287
f 2287 2286 2288
f 2287 2288 2289
f 2289 2288 2290
f 2289 2290 2291
f 2280 2277 2281
f 2281 2277 2275
f 2281 2275 2286
f 2286 2275 2273
f 2286 2273 2288
f 2288 2273 2271
f 2288 2271 2290
f 2290 2271 2270
f 2290 2270 2291
f 2292 2293 2294
f 2294 2293 2295
f 2296 2260 2297
f 2297 2260 2259
f 2297 2259 2254
f 2294 2250 2292
f 2292 2250 2251
f 2292 2251 2298
f 2298 2251 2252
f 2298 2252 2261
f 2261 2252 2263
f 2261 2263 2259
f 2259 2263 2253
f 2259 2253 2254
f 2296 2299 2260
f 2260 2299 2300
f 2260 2300 2261
f 2261 2300 2301
f 2261 2301 2298
f 2298 2301 2302
f 2298 2302 2292
f 2292 2302 2303
f 2292 2303 2293
f 2293 2303 2304
f 2293 2304 2295
f 1338 1333 2305
f 2305 1333 2265
f 2305 2265 2295
f 2295 2265 2264
f 2295 2264 2294
f 2294 2264 2255
f 2294 2255 2250
f 1336 1338 2267
f 2267 1338 2305
f 2267 2305 2268
f 2268 2305 2295
f 2268 2295 2270
f 2270 2295 2304
f 2270 2304 2291
f 2291 2304 2303
f 2291 2303 2289
f 2289 2303 2302
f 2289 2302 2287
f 2287 2302 2301
f 2287 2301 2285
f 2285 2301 2300
f 2285 2300 2279
f 2279 2300 2299
f 2306 2307 2308
f 2308 2307 2309
f 2308 2309 2310
f 2254 2311 2297
f 2297 2311 2312
f 2297 2312 2296
f 2296 2312 2313
f 2296 2313 2299
f 2299 2313 2314
f 2299 2314 2279
f 2279 2314 2315
f 2279 2315 2280
f 2280 2315 2284
f 2284 2315 2316
f 2284 2316 2283
f 2282 2283 2317
f 2317 2283 2316
f 2317 2316 2318
f 2319 2320 2321
f 2321 2320 2318
f 2321 2318 2322
f 2322 2318 2316
f 2306 2308 2323
f 2323 2308 2324
f 2323 2324 2325
f 2326 2307 2327
f 2327 2307 2306
f 2327 2306 2328
f 2328 2306 2323
f 2328 2323 2329
f 2329 2323 2325
f 2329 2325 2330
f 2330 2325 2331
f 2330 2331 2332
f 2332 2331 2333
f 2334 2333 2335
f 2335 2333 2331
f 2335 2331 2336
f 2336 2331 2325
f 2336 2325 2337
f 2337 2325 2324
f 2311 2326 2312
f 2312 2326 2327
f 2312 2327 2313
f 2313 2327 2328
f 2313 2328 2314
f 2314 2328 2329
f 2314 2329 2315
f 2315 2329 2330
f 2315 2330 2316
f 2316 2330 2332
f 2316 2332 2322
f 2322 2332 2333
f 2322 2333 2321
f 2321 2333 2334
f 2321 2334 2319
f 2319 2334 213
f 186 2338 2339
f 2340 2338 186
f 2341 2342 2343
f 207 2340 186
f 2334 214 213
f 214 2334 215
f 2308 2344 2324
f 186 2345 2343
f 2343 2345 2337
f 2342 186 2343
f 207 215 2340
f 2340 215 2334
f 2340 2334 2338
f 2338 2334 2335
f 2338 2335 2339
f 2339 2335 2336
f 2339 2336 2337
f 2337 2345 2339
f 2339 2345 186
f 2310 2346 2308
f 2308 2346 2341
f 2308 2341 2344
f 2344 2341 2343
f 2344 2343 2324
f 2324 2343 2337
f 2347 2348 2349
f 2347 2349 2350
f 2351 2352 2353
f 2353 2352 2350
f 2353 2350 2354
f 2354 2350 2349
f 2346 2310 2355
f 2355 2356 2346
f 2346 2356 2357
f 2346 2357 2341
f 2341 2357 2358
f 2341 2358 2342
f 2359 189 187
f 2348 193 2349
f 2349 193 191
f 2349 191 189
f 189 2359 2349
f 2349 2359 2360
f 2349 2360 2354
f 2354 2360 2361
f 2354 2361 2353
f 2353 2361 2362
f 2353 2362 2351
f 186 2342 187
f 187 2342 2358
f 187 2358 2359
f 2359 2358 2357
f 2359 2357 2360
f 2360 2357 2356
f 2360 2356 2361
f 2361 2356 2355
f 2361 2355 2362
f 2363 2364 2347
f 2363 2347 2365
f 2365 2347 2350
f 2365 2350 2366
f 2366 2350 2352
f 2366 2352 2367
f 2367 2352 2351
f 2367 2351 2368
f 2368 2351 2362
f 2368 2362 2369
f 2370 2371 2372
f 2372 2364 2370
f 2370 2364 2363
f 2370 2363 2373
f 2368 2369 2374
f 2368 2374 2367
f 2373 2363 2375
f 2375 2363 2365
f 2375 2365 2374
f 2374 2365 2366
f 2374 2366 2367
f 2369 2376 2374
f 2374 2376 2377
f 2374 2377 2378
f 2370 2373 2378
f 2378 2373 2375
f 2378 2375 2374
f 2379 2380 2381
f 2381 2380 2382
f 2383 2384 2385
f 2386 2387 2388
f 2385 2389 2383
f 2383 2389 2390
f 2383 2390 2391
f 2391 2390 2392
f 2391 2392 2393
f 2393 2392 2394
f 2393 2394 2395
f 2395 2394 2396
f 2395 2396 2397
f 2397 2396 2386
f 2397 2386 2398
f 2398 2386 2388
f 2399 2400 2401
f 2394 2392 2396
f 2396 2392 2390
f 2396 2390 2386
f 2390 2389 2386
f 2386 2389 2385
f 2386 2385 2387
f 2387 2385 2402
f 2387 2402 2403
f 2403 2402 2399
f 2403 2399 2404
f 2404 2399 2401
f 2405 2388 2387
f 2402 2385 2384
f 2387 2403 2405
f 2405 2403 2404
f 2405 2404 2406
f 2406 2404 2401
f 2406 2401 2407
f 2407 2401 2400
f 2407 2400 2408
f 2408 2400 2399
f 2408 2399 2409
f 2409 2399 2402
f 2409 2402 2410
f 2410 2402 2384
f 2411 2412 2413
f 2414 2415 2416
f 2417 2418 2415
f 2415 2414 2417
f 2417 2414 2419
f 2417 2419 2413
f 2420 2421 2422
f 2416 2423 2414
f 2414 2423 2424
f 2414 2424 2419
f 2419 2424 2420
f 2419 2420 2413
f 2413 2420 2422
f 2413 2422 2411
f 2425 2426 2427
f 2428 2429 2430
f 2430 2429 2431
f 2430 2431 2432
f 2432 2431 2433
f 2433 2431 2434
f 2434 2431 2435
f 2434 2435 2436
f 2427 2426 2437
f 2426 2438 2437
f 2437 2438 2439
f 2437 2439 2428
f 2428 2439 2440
f 2428 2440 2429
f 2425 2427 2441
f 2441 2427 2442
f 2441 2442 2443
f 2443 2442 2444
f 2443 2444 2445
f 2445 2444 2446
f 2446 2444 2447
f 2446 2447 2448
f 2448 2447 2449
f 2449 2447 2450
f 2449 2450 2451
f 2451 2450 2452
f 2451 2452 2453
f 2454 2455 2456
f 2436 2455 2434
f 2434 2455 2454
f 2434 2454 2433
f 2433 2454 2457
f 2458 2459 2460
f 2432 2433 2460
f 2460 2433 2457
f 2460 2457 2458
f 2458 2457 2454
f 2458 2454 2461
f 2461 2454 2456
f 2461 2456 2462
f 2461 2463 2458
f 2458 2463 2464
f 2458 2464 2459
f 2461 2462 2463
f 2463 2462 2465
f 2463 2465 2466
f 2463 2466 2467
f 2467 2468 2463
f 2463 2468 2469
f 2463 2469 2464
f 2470 2471 2472
f 2472 2473 2474
f 2468 2467 2473
f 2473 2472 2468
f 2468 2472 2471
f 2468 2471 2469
f 2412 2470 2413
f 2413 2470 2472
f 2413 2472 2417
f 2417 2472 2474
f 2417 2474 2418
f 2407 2408 2475
f 2475 2408 2476
f 2476 2408 2409
f 2476 2409 2477
f 2475 2452 2407
f 2407 2452 2450
f 2407 2450 2406
f 2406 2450 2447
f 2406 2447 2405
f 2405 2447 2444
f 2405 2444 2388
f 2388 2444 2442
f 2388 2442 2398
f 2398 2442 2427
f 2398 2427 2397
f 2397 2427 2437
f 2397 2437 2395
f 2395 2437 2428
f 2395 2428 2430
f 2410 2384 2478
f 2430 2432 2395
f 2395 2432 2460
f 2395 2460 2393
f 2393 2460 2459
f 2393 2459 2391
f 2391 2459 2464
f 2391 2464 2383
f 2383 2464 2469
f 2383 2469 2471
f 2478 2479 2410
f 2410 2479 2480
f 2410 2480 2409
f 2409 2480 2481
f 2409 2481 2477
f 2470 2482 2471
f 2471 2482 2483
f 2471 2483 2484
f 2484 2485 2471
f 2471 2485 2486
f 2471 2486 2383
f 2383 2486 2487
f 2383 2487 2384
f 2384 2487 2488
f 2384 2488 2478
f 2489 2490 2491
f 2492 2493 2494
f 2495 2496 2497
f 2485 2484 2498
f 2498 2484 2483
f 2498 2483 2499
f 2499 2483 2496
f 2500 2501 2502
f 2503 2504 2505
f 2505 2504 2506
f 2505 2506 2500
f 2500 2506 2507
f 2500 2507 2501
f 2505 2508 2503
f 2503 2508 2509
f 2503 2509 2510
f 2510 2509 2511
f 2510 2511 2512
f 2512 2511 2513
f 2512 2513 2514
f 2514 2513 2515
f 2515 2513 2516
f 2515 2516 2517
f 2517 2516 2518
f 2518 2516 2519
f 2518 2519 2520
f 2520 2519 2521
f 2520 2521 2382
f 2522 2523 2524
f 2524 2523 2525
f 2524 2525 2526
f 2527 2528 2529
f 2529 2528 2530
f 2529 2530 2531
f 2531 2530 2526
f 2531 2526 2532
f 2532 2526 2525
f 2491 2490 2533
f 2490 2534 2533
f 2533 2534 2535
f 2533 2535 2536
f 2536 2535 2537
f 2536 2537 2527
f 2527 2537 2538
f 2527 2538 2528
f 2496 2483 2497
f 2497 2483 2482
f 2497 2482 2539
f 2539 2482 2470
f 2539 2470 2540
f 2489 2491 2541
f 2541 2491 2542
f 2541 2542 2540
f 2540 2542 2543
f 2540 2543 2539
f 2539 2543 2544
f 2539 2544 2497
f 2497 2544 2545
f 2497 2545 2495
f 2500 2546 2505
f 2505 2546 2547
f 2505 2547 2508
f 2508 2547 2548
f 2508 2548 2509
f 2509 2548 2549
f 2509 2549 2511
f 2511 2549 2550
f 2511 2550 2513
f 2513 2550 2551
f 2513 2551 2516
f 2516 2551 2552
f 2516 2552 2519
f 2519 2552 2494
f 2519 2494 2521
f 2521 2494 2493
f 2525 2492 2532
f 2532 2492 2494
f 2532 2494 2531
f 2531 2494 2552
f 2531 2552 2529
f 2529 2552 2551
f 2529 2551 2527
f 2527 2551 2550
f 2527 2550 2536
f 2536 2550 2549
f 2536 2549 2533
f 2533 2549 2548
f 2533 2548 2491
f 2491 2548 2547
f 2491 2547 2542
f 2542 2547 2546
f 2542 2546 2543
f 2543 2546 2500
f 2543 2500 2544
f 2544 2500 2502
f 2544 2502 2545
f 2553 2554 2555
f 2503 2510 2556
f 2557 2558 2559
f 2559 2558 2560
f 2560 2561 2559
f 2559 2561 2562
f 2559 2562 2488
f 2488 2562 2563
f 2488 2563 2478
f 2556 2564 2565
f 2510 2512 2556
f 2556 2512 2566
f 2556 2566 2564
f 2567 2568 2504
f 2504 2568 2506
f 2545 2502 2553
f 2553 2502 2501
f 2553 2501 2507
f 2496 2495 2569
f 2569 2486 2485
f 2496 2569 2499
f 2499 2569 2485
f 2499 2485 2498
f 2487 2486 2555
f 2555 2486 2569
f 2555 2569 2553
f 2553 2569 2495
f 2553 2495 2545
f 2504 2503 2567
f 2567 2503 2556
f 2567 2556 2557
f 2557 2556 2565
f 2557 2565 2558
f 2488 2487 2559
f 2559 2487 2555
f 2559 2555 2557
f 2557 2555 2554
f 2557 2554 2567
f 2567 2554 2553
f 2567 2553 2568
f 2568 2553 2507
f 2568 2507 2506
f 2512 2514 2570
f 2565 2564 2570
f 2570 2564 2566
f 2570 2566 2512
f 2561 2560 2571
f 2563 2562 2572
f 2478 2563 2479
f 2479 2563 2480
f 2563 2572 2480
f 2480 2572 2573
f 2480 2573 2481
f 2574 2475 2575
f 2575 2475 2476
f 2575 2476 2576
f 2576 2476 2477
f 2576 2477 2577
f 2577 2477 2481
f 2577 2481 2578
f 2578 2481 2573
f 2579 2580 2581
f 2379 2582 2380
f 2380 2582 2583
f 2380 2583 2382
f 2382 2583 2584
f 2382 2584 2520
f 2520 2584 2585
f 2514 2515 2570
f 2570 2515 2517
f 2570 2517 2585
f 2585 2517 2518
f 2585 2518 2520
f 2560 2558 2571
f 2571 2558 2565
f 2571 2565 2586
f 2586 2565 2570
f 2586 2570 2587
f 2587 2570 2585
f 2582 2588 2583
f 2583 2588 2580
f 2583 2580 2584
f 2584 2580 2579
f 2584 2579 2585
f 2585 2579 2589
f 2585 2589 2587
f 2562 2561 2572
f 2572 2561 2571
f 2572 2571 2573
f 2573 2571 2586
f 2573 2586 2578
f 2578 2586 2587
f 2578 2587 2577
f 2577 2587 2589
f 2577 2589 2576
f 2576 2589 2579
f 2576 2579 2575
f 2575 2579 2581
f 2575 2581 2574
f 2590 2591 2592
f 2590 2592 2593
f 2593 2592 2594
f 2594 2592 2595
f 2594 2595 2596
f 2379 2597 2598
f 2594 2599 2593
f 2593 2599 2600
f 2601 2602 2596
f 2596 2602 2603
f 2596 2603 2594
f 2594 2603 2604
f 2594 2604 2599
f 2596 2605 2601
f 2601 2605 2606
f 2601 2606 2607
f 2607 2606 2608
f 2607 2608 2609
f 2609 2608 2597
f 2609 2597 2610
f 2610 2597 2379
f 2611 2612 2598
f 2598 2612 2453
f 2580 2588 2598
f 2598 2588 2582
f 2598 2582 2379
f 2452 2475 2453
f 2453 2475 2574
f 2453 2574 2598
f 2598 2574 2581
f 2598 2581 2580
f 2611 2613 2612
f 2612 2613 2614
f 2612 2614 2615
f 2615 2614 2616
f 2615 2616 2617
f 2617 2618 2615
f 2615 2618 2619
f 2615 2619 2620
f 2620 2619 2621
f 2620 2621 2622
f 2622 2623 2620
f 2620 2623 2370
f 2620 2370 2378
f 2623 2624 2370
f 2370 2624 2625
f 2370 2625 2371
f 2624 2623 2626
f 2613 2611 2598
f 2626 2623 2627
f 2627 2623 2622
f 2618 2592 2619
f 2619 2592 2591
f 2619 2591 2621
f 2621 2591 2628
f 2621 2628 2622
f 2622 2628 2629
f 2622 2629 2627
f 2616 2605 2617
f 2617 2605 2596
f 2617 2596 2618
f 2618 2596 2595
f 2618 2595 2592
f 2613 2598 2614
f 2598 2597 2614
f 2614 2597 2608
f 2614 2608 2616
f 2616 2608 2606
f 2616 2606 2605
f 2628 2591 2590
f 2348 2347 193
f 193 2347 2364
f 193 2364 194
f 194 2364 2372
f 194 2372 2371
f 2371 2625 194
f 194 2625 2624
f 194 2624 2626
f 2626 2627 194
f 194 2627 2629
f 194 2629 2628
f 2590 2593 2600
f 2628 2590 194
f 194 2590 2600
f 194 2600 185
f 2630 204 2631
f 2631 204 202
f 2631 202 2632
f 2632 202 2633
f 2633 202 201
f 2633 201 2634
f 201 199 2634
f 2634 199 198
f 2634 198 2635
f 2635 198 196
f 2635 196 2636
f 2636 196 195
f 2636 195 2600
f 2600 195 182
f 182 181 2600
f 2600 181 183
f 2600 183 185
f 2381 2382 2521
f 2637 2638 2639
f 2640 2641 2636
f 2636 2641 2635
f 2635 2641 2634
f 2634 2641 2642
f 2634 2642 2633
f 2633 2642 2632
f 2632 2642 2639
f 2632 2639 2631
f 2631 2639 2638
f 2631 2638 2630
f 2643 2644 2645
f 2645 2644 2637
f 2646 2647 2648
f 2648 2647 2643
f 2649 2609 2610
f 2381 2521 2379
f 2522 2646 2523
f 2523 2646 2648
f 2523 2648 2525
f 2525 2648 2650
f 2525 2650 2492
f 2492 2650 2651
f 2492 2651 2493
f 2493 2651 2649
f 2493 2649 2521
f 2521 2649 2610
f 2521 2610 2379
f 2603 2602 2652
f 2652 2602 2601
f 2652 2601 2607
f 2636 2600 2640
f 2640 2600 2599
f 2640 2599 2604
f 2643 2645 2648
f 2648 2645 2653
f 2648 2653 2650
f 2650 2653 2654
f 2650 2654 2651
f 2651 2654 2652
f 2651 2652 2649
f 2649 2652 2607
f 2649 2607 2609
f 2637 2639 2645
f 2645 2639 2642
f 2645 2642 2653
f 2653 2642 2641
f 2653 2641 2654
f 2654 2641 2640
f 2654 2640 2652
f 2652 2640 2604
f 2652 2604 2603
f 2655 2656 2657
f 144 143 2658
f 140 149 2659
f 171 169 2660
f 161 163 2661
f 462 2662 2663
f 1360 1359 2664
f 2320 2319 2665
f 2666 2667 2522
f 2522 2667 2668
f 2522 2668 2646
f 2669 2670 2637
f 2637 2670 2671
f 2637 2671 2672
f 2637 2644 2669
f 2669 2644 2643
f 2669 2643 2668
f 2668 2643 2647
f 2668 2647 2646
f 208 204 2673
f 2673 204 2630
f 2673 2630 2672
f 2672 2630 2638
f 2672 2638 2637
f 2319 213 2665
f 2665 213 211
f 2665 211 2674
f 2674 211 209
f 2674 209 2675
f 2675 209 208
f 2318 2676 2317
f 2317 2676 2677
f 2317 2677 2282
f 2272 2274 2678
f 2678 2274 2276
f 2678 2276 2677
f 2677 2276 2278
f 2677 2278 2282
f 2678 2679 2272
f 2272 2679 2680
f 2272 2680 2269
f 1359 1346 2664
f 2664 1346 1341
f 2664 1341 2681
f 2681 1341 1335
f 2681 1335 2682
f 2682 1335 1334
f 2682 1334 2683
f 2683 1334 2262
f 2683 2262 2680
f 2680 2262 2266
f 2680 2266 2269
f 1349 1357 2684
f 2684 1357 1358
f 2684 1358 1361
f 1620 1347 1883
f 1883 1347 2685
f 1883 2685 1881
f 1881 2685 2686
f 1881 2686 1879
f 1879 2686 1877
f 1877 2686 2687
f 1877 2687 1875
f 1875 2687 2688
f 1875 2688 1872
f 1872 2688 2689
f 1872 2689 1867
f 1867 2689 2690
f 1867 2690 1865
f 1865 2690 2691
f 1865 2691 1863
f 1863 2691 2692
f 1863 2692 1861
f 1861 2692 2693
f 1861 2693 1858
f 1858 2693 2694
f 1858 2694 1818
f 1818 2694 2695
f 1818 2695 1819
f 1819 2695 2696
f 1819 2696 1855
f 1855 2696 2697
f 1855 2697 1854
f 1854 2697 2698
f 1854 2698 1853
f 1853 2698 1852
f 1852 2698 2699
f 1852 2699 1851
f 1851 2699 2700
f 1851 2700 1850
f 1850 2700 2701
f 1850 2701 1849
f 1849 2701 1848
f 1848 2701 2702
f 1848 2702 1847
f 2703 1846 2704
f 2704 1846 1847
f 2704 1847 2705
f 2705 1847 2702
f 2706 1842 2703
f 2703 1842 1845
f 2703 1845 1846
f 1893 2707 1886
f 1886 2707 1887
f 2708 1844 2706
f 2706 1844 1843
f 2706 1843 1842
f 2709 2710 2711
f 2711 2710 2712
f 2711 2712 2713
f 2713 2712 2707
f 2713 2707 2708
f 2708 2707 1893
f 2708 1893 1844
f 2714 2715 2716
f 2716 2715 2717
f 2716 2717 2718
f 2718 2717 2719
f 2718 2719 2720
f 2720 2719 2721
f 2720 2721 2722
f 2722 2721 2723
f 2722 2723 2709
f 2709 2723 2724
f 2709 2724 2710
f 1546 1561 2714
f 547 2715 545
f 545 2715 2714
f 545 2714 1562
f 1562 2714 1561
f 462 448 2662
f 2662 448 446
f 2662 446 445
f 411 409 2725
f 2725 409 407
f 2725 407 2663
f 2663 407 464
f 2663 464 462
f 418 416 2726
f 2726 416 414
f 2726 414 2725
f 2725 414 412
f 2725 412 411
f 402 400 2727
f 2727 400 398
f 2727 398 397
f 2728 2729 2730
f 2730 2729 2731
f 2730 2731 2732
f 2423 2733 2424
f 2424 2733 2734
f 2541 2540 2421
f 2540 2470 2412
f 2412 2411 2540
f 2540 2411 2422
f 2540 2422 2421
f 2735 2541 2736
f 2736 2541 2421
f 2736 2421 2734
f 2734 2421 2420
f 2734 2420 2424
f 2737 2490 2735
f 2735 2490 2489
f 2735 2489 2541
f 2738 2535 2737
f 2737 2535 2534
f 2737 2534 2490
f 2739 2528 2740
f 2740 2528 2538
f 2740 2538 2738
f 2738 2538 2537
f 2738 2537 2535
f 2522 2524 2666
f 2666 2524 2526
f 2666 2526 2741
f 2741 2526 2530
f 165 180 2742
f 2742 180 102
f 2660 169 2743
f 2743 169 167
f 2743 167 158
f 171 2660 173
f 173 2660 2744
f 173 2744 174
f 2745 157 2744
f 2744 157 176
f 2744 176 174
f 155 2746 153
f 153 2746 2747
f 153 2747 146
f 2747 2748 146
f 146 2748 2749
f 146 2749 147
f 140 2659 141
f 208 2673 2675
f 2675 2673 126
f 2675 126 128
f 128 131 2675
f 2675 131 133
f 2675 133 135
f 144 2658 138
f 109 111 2672
f 111 113 2672
f 2672 113 116
f 2672 116 118
f 118 120 2672
f 2672 120 122
f 2672 122 2673
f 2673 122 124
f 2673 124 126
f 92 90 2750
f 90 89 2750
f 2750 89 105
f 2750 105 107
f 102 100 2742
f 2742 100 97
f 2742 97 2751
f 2751 97 95
f 2751 95 94
f 149 147 2659
f 2659 147 2749
f 2659 2749 2752
f 2752 2749 2753
f 2752 2753 2754
f 2754 2753 2755
f 2754 2755 2756
f 2756 2755 2757
f 143 141 2658
f 2658 141 2659
f 2658 2659 2758
f 2758 2659 2752
f 2758 2752 2759
f 2759 2752 2754
f 2759 2754 2760
f 2760 2754 2756
f 135 138 2675
f 2675 138 2658
f 2675 2658 2674
f 2674 2658 2758
f 2674 2758 2665
f 2665 2758 2759
f 2665 2759 2320
f 2320 2759 2760
f 2320 2760 2318
f 2318 2760 2756
f 2318 2756 2676
f 2676 2756 2757
f 2676 2757 2677
f 2656 2761 2762
f 163 165 2661
f 2661 165 2742
f 2661 2742 2763
f 2763 2742 2764
f 2763 2764 2761
f 94 92 2751
f 2751 92 2750
f 2751 2750 2742
f 2742 2750 2765
f 2742 2765 2764
f 2764 2765 2766
f 2767 2768 2769
f 2769 2768 2770
f 2769 2770 2771
f 397 418 2727
f 2727 418 2726
f 2727 2726 2772
f 2772 2726 2773
f 2772 2773 2774
f 2774 2773 2775
f 2774 2775 2776
f 2776 2775 2771
f 2776 2771 2777
f 2777 2771 2770
f 2778 2779 2780
f 2780 2779 2781
f 2780 2781 2782
f 2782 2781 2783
f 2782 2783 2784
f 2784 2783 2785
f 2784 2785 2786
f 2786 2785 2787
f 2786 2787 2788
f 2788 2787 2789
f 2788 2789 2790
f 2790 2789 2791
f 2790 2791 2792
f 2792 2791 2793
f 2792 2793 2794
f 2794 2793 2795
f 2794 2795 2796
f 2761 2764 2762
f 2762 2764 2766
f 2762 2766 2797
f 2797 2766 2798
f 2797 2798 2799
f 2800 2801 2802
f 2655 2657 2803
f 2803 2657 2800
f 2803 2800 2804
f 2804 2800 2802
f 2804 2802 2805
f 2656 2762 2657
f 2657 2762 2797
f 2657 2797 2800
f 2800 2797 2799
f 2800 2799 2801
f 107 109 2750
f 2750 109 2672
f 2750 2672 2765
f 2765 2672 2671
f 2765 2671 2766
f 2766 2671 2670
f 2766 2670 2798
f 2798 2670 2669
f 2798 2669 2799
f 2799 2669 2668
f 2799 2668 2801
f 2801 2668 2667
f 2801 2667 2802
f 2802 2667 2666
f 2802 2666 2805
f 2805 2666 2741
f 2732 2795 2730
f 2730 2795 2793
f 2730 2793 2806
f 2806 2793 2791
f 2806 2791 2807
f 2807 2791 2789
f 2807 2789 2808
f 2808 2789 2787
f 2808 2787 2809
f 2809 2787 2785
f 2809 2785 2810
f 2810 2785 2783
f 2810 2783 2811
f 2811 2783 2781
f 2811 2781 2812
f 2812 2781 2779
f 2812 2739 2811
f 2811 2739 2740
f 2811 2740 2810
f 2810 2740 2738
f 2810 2738 2809
f 2809 2738 2737
f 2809 2737 2808
f 2808 2737 2735
f 2808 2735 2807
f 2807 2735 2736
f 2807 2736 2806
f 2806 2736 2734
f 2806 2734 2730
f 2730 2734 2733
f 2730 2733 2728
f 2728 2733 2423
f 2728 2423 2416
f 2813 2814 2815
f 2815 2814 2816
f 2816 2814 2817
f 2816 2817 2818
f 2818 2817 2819
f 2818 2819 2820
f 2821 2819 2822
f 2822 2819 2817
f 2822 2817 2823
f 2823 2817 2814
f 2823 2814 2824
f 2824 2814 2813
f 2813 2743 2824
f 2824 2743 2825
f 2824 2825 2823
f 2823 2825 2826
f 2823 2826 2822
f 2822 2826 2827
f 2822 2827 2821
f 2821 2827 2828
f 2820 2829 2830
f 2830 2829 2831
f 2830 2831 2832
f 2832 2831 2833
f 2832 2833 2834
f 2834 2833 2835
f 2834 2835 2836
f 2836 2835 2837
f 2836 2837 2838
f 2838 2837 2839
f 2838 2839 2840
f 2840 2839 2841
f 2840 2841 2842
f 2842 2841 2843
f 2842 2843 1547
f 1547 2843 1731
f 443 1731 2844
f 2844 1731 2843
f 2844 2843 2845
f 2845 2843 2841
f 2845 2841 2846
f 2846 2841 2839
f 2846 2839 2847
f 2847 2839 2837
f 2847 2837 2848
f 2848 2837 2835
f 2848 2835 2849
f 2849 2835 2833
f 2849 2833 2850
f 2850 2833 2831
f 2850 2831 2851
f 2851 2831 2829
f 2851 2852 2850
f 2850 2852 2853
f 2850 2853 2849
f 2849 2853 2854
f 2849 2854 2848
f 2848 2854 2855
f 2848 2855 2847
f 2847 2855 2856
f 2847 2856 2846
f 2846 2856 2857
f 2846 2857 2845
f 2845 2857 2858
f 2845 2858 2844
f 2844 2858 2859
f 2844 2859 443
f 443 2859 444
f 445 444 2662
f 2662 444 2859
f 2662 2859 2663
f 2663 2859 2858
f 2663 2858 2725
f 2725 2858 2857
f 2725 2857 2726
f 2726 2857 2856
f 2726 2856 2773
f 2773 2856 2855
f 2773 2855 2775
f 2775 2855 2854
f 2775 2854 2771
f 2771 2854 2853
f 2771 2853 2769
f 2769 2853 2852
f 2769 2852 2767
f 158 161 2743
f 2743 161 2661
f 2743 2661 2825
f 2825 2661 2763
f 2825 2763 2826
f 2826 2763 2761
f 2826 2761 2827
f 2827 2761 2656
f 2827 2656 2828
f 2828 2656 2655
f 2828 2655 2860
f 2860 2655 2803
f 2860 2803 2778
f 2778 2803 2804
f 2778 2804 2779
f 2779 2804 2805
f 2779 2805 2812
f 2812 2805 2741
f 2812 2741 2739
f 2739 2741 2530
f 2739 2530 2528
f 2820 2819 2829
f 2829 2819 2821
f 2829 2821 2851
f 2851 2821 2828
f 2851 2828 2852
f 2852 2828 2860
f 2852 2860 2767
f 2767 2860 2778
f 2767 2778 2768
f 2768 2778 2780
f 2768 2780 2770
f 2770 2780 2782
f 2770 2782 2777
f 2777 2782 2784
f 2777 2784 2776
f 2776 2784 2786
f 2776 2786 2774
f 2774 2786 2788
f 2774 2788 2772
f 2772 2788 2790
f 2772 2790 2727
f 2727 2790 2792
f 2727 2792 402
f 402 2792 2794
f 402 2794 404
f 404 2794 2796
f 404 2796 2861
f 2679 2862 2680
f 2680 2862 2863
f 2680 2863 2683
f 2683 2863 2864
f 2683 2864 2682
f 2682 2864 2865
f 2682 2865 2681
f 2681 2865 2866
f 2681 2866 2664
f 2664 2866 2684
f 2664 2684 1360
f 1360 2684 1361
f 2815 2867 2813
f 2813 2867 2868
f 2813 2868 2743
f 2743 2868 2869
f 2743 2869 2660
f 2660 2869 2870
f 2660 2870 2744
f 2744 2870 2871
f 2744 2871 2745
f 2745 2871 2872
f 2745 2872 2873
f 2873 2872 2874
f 2873 2874 2875
f 2875 2874 2876
f 2875 2876 2877
f 2877 2876 2878
f 2877 2878 2879
f 2879 2878 2880
f 2879 2880 2881
f 2881 2880 2882
f 2881 2882 2883
f 2883 2882 2884
f 2883 2884 2885
f 2885 2884 2886
f 2885 2886 2887
f 2887 2886 2888
f 155 157 2746
f 2746 157 2745
f 2746 2745 2747
f 2747 2745 2873
f 2747 2873 2748
f 2748 2873 2875
f 2748 2875 2749
f 2749 2875 2877
f 2749 2877 2753
f 2753 2877 2879
f 2753 2879 2755
f 2755 2879 2881
f 2755 2881 2757
f 2757 2881 2883
f 2757 2883 2677
f 2677 2883 2885
f 2677 2885 2678
f 2678 2885 2887
f 2678 2887 2679
f 2679 2887 2888
f 2679 2888 2862
f 1547 1546 2842
f 2842 1546 2714
f 2842 2714 2840
f 2840 2714 2716
f 2840 2716 2838
f 2838 2716 2718
f 2838 2718 2836
f 2836 2718 2720
f 2836 2720 2834
f 2834 2720 2722
f 2834 2722 2832
f 2832 2722 2709
f 2832 2709 2830
f 2830 2709 2711
f 2830 2711 2820
f 2820 2711 2713
f 2820 2713 2818
f 2818 2713 2708
f 2818 2708 2816
f 2816 2708 2706
f 2816 2706 2815
f 2815 2706 2703
f 2815 2703 2867
f 2867 2703 2704
f 2867 2704 2868
f 2868 2704 2705
f 2868 2705 2869
f 2869 2705 2702
f 2869 2702 2870
f 2870 2702 2701
f 2870 2701 2871
f 2871 2701 2700
f 2871 2700 2872
f 2872 2700 2699
f 2872 2699 2874
f 2874 2699 2698
f 2874 2698 2876
f 2876 2698 2697
f 2876 2697 2878
f 2878 2697 2696
f 2878 2696 2880
f 2880 2696 2695
f 2880 2695 2882
f 2882 2695 2694
f 2882 2694 2884
f 2884 2694 2693
f 2884 2693 2886
f 2886 2693 2692
f 2886 2692 2888
f 2888 2692 2691
f 2888 2691 2862
f 2862 2691 2690
f 2862 2690 2863
f 2863 2690 2689
f 2863 2689 2864
f 2864 2689 2688
f 2864 2688 2865
f 2865 2688 2687
f 2865 2687 2866
f 2866 2687 2686
f 2866 2686 2684
f 2684 2686 2685
f 2684 2685 1349
f 1349 2685 1347
f 2889 2890 2891
f 2889 2891 2729
f 2729 2891 2731
f 2731 2891 2892
f 2731 2892 2732
f 2732 2892 2893
f 2732 2893 2795
f 2894 2895 2896
f 2796 2795 2893
f 2894 2896 2893
f 2893 2896 2861
f 2893 2861 2796
f 405 404 2897
f 2897 404 2861
f 2897 2861 2898
f 2898 2861 2896
f 2894 2893 2892
f 2894 2892 2895
f 2895 2892 2899
f 2899 2892 2891
f 2899 2891 2900
f 2900 2891 2890
f 2900 2890 2901
f 2902 2903 2904
f 2905 2906 2907
f 408 410 2908
f 415 417 2909
f 2910 2911 2912
f 2913 477 2914
f 2914 477 878
f 2915 2916 2917
f 2916 2918 2919
f 2919 2918 2920
f 2919 2920 2921
f 2922 2923 2924
f 2922 2924 2925
f 2923 2922 2926
f 2926 2922 419
f 2926 419 399
f 401 2927 399
f 399 2927 2928
f 399 2928 2926
f 2901 2910 2900
f 2900 2910 2912
f 2900 2912 2899
f 405 2899 403
f 403 2899 2912
f 403 2912 401
f 401 2912 2911
f 401 2911 2927
f 405 2897 2899
f 2899 2897 2898
f 2899 2898 2895
f 2895 2898 2896
f 2908 410 2909
f 2909 410 413
f 2909 413 415
f 2929 461 463
f 460 461 468
f 468 461 2929
f 468 2929 465
f 466 2930 472
f 472 2930 2931
f 472 2931 473
f 881 882 2931
f 2931 882 884
f 2931 884 473
f 2932 2933 2934
f 2934 2933 2925
f 2934 2925 2935
f 2935 2925 2924
f 2935 2924 2936
f 2916 2915 2918
f 2918 2915 2907
f 2918 2907 2920
f 2920 2907 2906
f 2920 2906 2937
f 2937 2906 2905
f 2937 2905 2938
f 2936 2939 2935
f 2935 2939 2940
f 2935 2940 2934
f 2934 2940 2941
f 2934 2941 2932
f 2932 2941 2942
f 479 477 2917
f 2917 477 2913
f 2917 2913 2915
f 2915 2913 2942
f 2915 2942 2907
f 2907 2942 2941
f 2907 2941 2905
f 2905 2941 2940
f 2905 2940 2938
f 2938 2940 2939
f 878 879 2914
f 2914 879 2943
f 2914 2943 2913
f 2913 2943 2944
f 2913 2944 2942
f 2902 2904 2945
f 2945 2904 2946
f 2945 2946 2908
f 466 465 2930
f 2930 465 2929
f 2930 2929 2947
f 2947 2929 463
f 2947 463 406
f 408 2908 406
f 406 2908 2946
f 406 2946 2947
f 2947 2946 2904
f 2947 2904 2930
f 2930 2904 2903
f 2930 2903 2931
f 879 881 2943
f 2943 881 2931
f 2943 2931 2944
f 2944 2931 2903
f 2944 2903 2942
f 2942 2903 2902
f 2942 2902 2932
f 2932 2902 2945
f 2932 2945 2933
f 2933 2945 2908
f 2933 2908 2925
f 2925 2908 2909
f 2925 2909 2922
f 2922 2909 417
f 2922 417 419
f 2921 2948 796
f 796 2948 799
f 795 478 479
f 479 2917 795
f 795 2917 2916
f 795 2916 796
f 796 2916 2919
f 796 2919 2921
f 2949 830 2948
f 2948 830 798
f 2948 798 799
f 2950 2951 2952
f 2953 2954 2955
f 2955 2956 2953
f 2953 2956 2957
f 2953 2957 2958
f 2958 2957 2959
f 2958 2959 2960
f 2960 2959 2961
f 2960 2961 2962
f 2962 2961 2963
f 2962 2963 2964
f 2964 2963 2965
f 2965 2963 2966
f 2965 2966 2967
f 2952 2968 2950
f 2950 2968 2967
f 2950 2967 2969
f 2969 2967 2966
f 491 488 2967
f 2967 488 2965
f 2965 488 487
f 2965 487 2964
f 2970 830 2971
f 2971 830 2949
f 2971 2949 2972
f 2970 2973 830
f 830 2973 2974
f 830 2974 2975
f 2964 487 2962
f 2962 487 485
f 2962 485 2960
f 2960 485 518
f 2960 518 2958
f 2958 518 516
f 2958 516 2953
f 803 801 2976
f 2976 801 830
f 2976 830 2977
f 2977 830 2975
f 516 514 2953
f 2953 514 512
f 2953 512 2954
f 2954 512 509
f 2954 509 2976
f 2967 2968 491
f 491 2968 2952
f 491 2952 494
f 494 2952 2978
f 494 2978 499
f 499 2978 2979
f 499 2979 483
f 483 2979 2980
f 483 2980 480
f 480 2980 803
f 480 803 503
f 503 803 2976
f 503 2976 506
f 506 2976 509
f 804 803 2980
f 808 804 2980
f 2980 2979 2981
f 826 808 2982
f 2982 808 2980
f 2982 2980 2983
f 2978 2984 2979
f 2979 2984 2985
f 2979 2985 2981
f 2981 2985 2986
f 2980 2981 2983
f 2983 2981 2986
f 2983 2986 2982
f 2982 2986 2987
f 2982 2987 826
f 826 2987 2988
f 826 2988 825
f 825 2988 2989
f 825 2989 824
f 824 2989 2990
f 824 2990 822
f 822 2990 2991
f 822 2991 823
f 823 2991 2992
f 823 2992 819
f 549 820 550
f 550 820 819
f 550 819 2993
f 2993 819 2992
f 547 2994 2715
f 2995 2721 2719
f 2990 2989 2996
f 2997 2998 2999
f 2999 2998 3000
f 2999 3000 3001
f 2996 2997 2990
f 2990 2997 2999
f 2990 2999 2991
f 2991 2999 3002
f 2991 3002 2992
f 2717 2715 3003
f 3003 2715 2994
f 3003 2994 2993
f 2993 2994 547
f 2993 547 550
f 2993 2992 3003
f 3003 2992 3002
f 3003 3002 2717
f 2717 3002 2999
f 2717 2999 2719
f 2719 2999 3001
f 2719 3001 2995
f 3004 3005 3006
f 3001 3007 3008
f 2997 2996 3009
f 3010 3011 3012
f 3012 3011 3013
f 2998 2997 3014
f 3014 2997 3009
f 3014 3009 3015
f 3007 3001 3014
f 3014 3001 3000
f 3014 3000 2998
f 2721 2995 3016
f 3016 2995 3017
f 3016 3017 3018
f 3019 3020 3021
f 3021 3020 3022
f 3019 3023 3020
f 3020 3023 3024
f 3020 3024 3022
f 3019 3025 3023
f 3023 3025 3004
f 3023 3004 3026
f 3026 3004 3006
f 2995 3001 3017
f 3017 3001 3008
f 3017 3008 3027
f 3027 3008 3007
f 3027 3007 3028
f 3028 3007 3014
f 3028 3014 3010
f 3010 3014 3015
f 3010 3015 3011
f 3018 3017 3021
f 3021 3017 3027
f 3021 3027 3019
f 3019 3027 3028
f 3019 3028 3025
f 3025 3028 3010
f 3025 3010 3004
f 3004 3010 3012
f 3004 3012 3005
f 3005 3012 3013
f 3005 3013 3006
f 3006 3013 3029
f 3006 3029 3030
f 2996 2989 2988
f 2996 2988 3009
f 3009 2988 2987
f 3009 2987 3015
f 3015 2987 3031
f 3015 3031 3011
f 3011 3031 3032
f 3011 3032 3013
f 3013 3032 3033
f 3013 3033 3029
f 2984 2978 3034
f 2987 2986 3031
f 3031 2986 2985
f 3031 2985 3032
f 3032 2985 2984
f 3032 2984 3033
f 3033 2984 3034
f 3033 3034 3029
f 3029 3034 3030
f 3035 2710 2724
f 3030 3036 3006
f 3006 3036 3037
f 3030 3034 3036
f 3036 3034 2978
f 3036 2978 2952
f 3022 3024 3038
f 3038 3024 3023
f 3038 3023 3037
f 3037 3023 3026
f 3037 3026 3006
f 2723 2721 3016
f 3016 3018 2723
f 2723 3018 3021
f 2723 3021 2724
f 3035 2724 3039
f 3040 2707 2712
f 2712 3041 3040
f 3040 3041 3042
f 3040 3042 3043
f 3043 3042 3044
f 3044 3042 3045
f 3044 3045 3046
f 3047 3048 3046
f 2952 2951 3049
f 3046 3045 3047
f 3047 3045 3050
f 3047 3050 3051
f 2712 2710 3041
f 3041 2710 3035
f 3041 3035 3042
f 3042 3035 3039
f 3042 3039 3045
f 3045 3039 3052
f 3045 3052 3050
f 3021 3022 2724
f 2724 3022 3038
f 2724 3038 3039
f 3039 3038 3037
f 3039 3037 3052
f 3052 3037 3036
f 3052 3036 3050
f 3050 3036 2952
f 3050 2952 3051
f 3051 2952 3049
f 3051 3049 3047
f 3047 3049 3053
f 3047 3053 3048
f 1922 62 1920
f 1920 62 61
f 87 1916 61
f 61 1916 1918
f 61 1918 1920
f 2969 72 2950
f 2950 72 70
f 2950 70 2951
f 2951 70 68
f 2951 68 3049
f 3049 68 66
f 1899 1898 87
f 87 1898 1914
f 87 1914 1916
f 2707 3040 1887
f 1887 3040 1889
f 1887 1889 1888
f 1911 1910 3054
f 3054 1910 3055
f 2969 2966 72
f 72 2966 2963
f 72 2963 74
f 74 2963 2961
f 74 2961 82
f 82 2961 2959
f 82 2959 83
f 83 2959 2957
f 83 2957 84
f 84 2957 2956
f 84 2956 85
f 85 2956 2955
f 85 2955 86
f 86 2955 3055
f 86 3055 87
f 87 3055 1910
f 87 1910 1899
f 3046 3048 66
f 66 3048 3053
f 66 3053 3049
f 3044 1890 3043
f 3043 1890 1891
f 3043 1891 3040
f 3040 1891 1892
f 3040 1892 1889
f 3044 3046 1890
f 1890 3046 66
f 1890 66 1922
f 1922 66 64
f 1922 64 62
f 3056 3055 2955
f 3057 2955 3058
f 3058 2955 2954
f 3058 2954 2976
f 3059 3056 3060
f 3060 3056 2955
f 3060 2955 3061
f 3061 2955 3057
f 3059 3062 3056
f 3056 3062 3063
f 3056 3063 3055
f 3064 3065 1952
f 1952 1951 3064
f 3064 1951 1911
f 3064 1911 3063
f 3063 1911 3054
f 3063 3054 3055
f 3066 3067 3068
f 3068 3067 3069
f 3068 3069 3070
f 3071 1962 3070
f 3070 1962 1952
f 3070 1952 3068
f 3068 1952 3065
f 3068 3065 3066
f 1946 1947 3072
f 3072 1947 1937
f 3072 1937 3073
f 3073 1937 1936
f 3073 1936 3071
f 3071 1936 1950
f 3071 1950 1962
f 3074 3075 3076
f 3076 3075 1946
f 3076 1946 3077
f 3077 1946 3072
f 3078 3079 3080
f 3080 3079 3081
f 3080 3081 3075
f 3082 3083 3084
f 3084 3083 3079
f 3084 3079 3085
f 3085 3079 3078
f 3086 3087 1997
f 1997 3087 1980
f 3087 3088 1980
f 1980 3088 3089
f 1980 3089 1981
f 1981 3089 3090
f 1981 3090 1971
f 1971 3090 3091
f 1971 3091 1969
f 1969 3091 1967
f 3082 3086 3083
f 3083 3086 1997
f 3083 1997 3079
f 3079 1997 1987
f 3079 1987 3081
f 1987 1985 3081
f 3081 1985 1983
f 3081 1983 3075
f 1941 1938 1983
f 1983 1938 1944
f 1944 1945 1983
f 1983 1945 1946
f 1983 1946 3075
f 3092 3093 3094
f 3093 3092 3095
f 3096 3097 3098
f 3098 3099 3096
f 3096 3099 3100
f 3096 3100 3101
f 3101 3100 2203
f 3098 3097 3102
f 3102 3103 3104
f 3104 3105 3102
f 3102 3105 3106
f 3102 3106 3098
f 2031 3102 3097
f 2034 3103 2029
f 2029 3103 3102
f 2029 3102 2030
f 2030 3102 2031
f 2034 1967 3091
f 3107 3095 3091
f 3091 3095 3092
f 3091 3092 2034
f 2034 3092 3094
f 2034 3094 3103
f 2017 2016 2215
f 2215 2016 2021
f 2215 2021 2203
f 2203 2021 2023
f 2203 2023 3101
f 3101 2023 2025
f 3101 2025 3096
f 3096 2025 2028
f 3096 2028 3097
f 3097 2028 2027
f 3097 2027 2031
f 2017 2215 2019
f 2019 2215 2217
f 2019 2217 2020
f 2020 2217 2219
f 2020 2219 2012
f 2012 2219 2014
f 2014 2219 2186
f 2014 2186 2015
f 3104 3103 3108
f 3108 3103 3094
f 2211 2200 3109
f 3109 2200 2199
f 3109 2199 2198
f 3104 3108 3105
f 3105 3108 3110
f 3105 3110 3106
f 3106 3110 3111
f 3106 3111 3098
f 3098 3111 3109
f 3098 3109 3099
f 3099 3109 2198
f 3099 2198 2197
f 2204 2203 3100
f 2197 2195 3099
f 3099 2195 2206
f 3099 2206 3100
f 3100 2206 2205
f 3100 2205 2204
f 3112 3113 3109
f 3109 3111 3112
f 3112 3111 3110
f 3112 3110 3114
f 3114 3110 3108
f 3114 3108 3094
f 3113 3112 3115
f 3115 3112 3116
f 3116 3112 3114
f 3116 3114 3117
f 3093 3118 3119
f 3117 3114 3119
f 3119 3114 3094
f 3119 3094 3093
f 3095 3107 3120
f 3121 3122 3123
f 3123 3122 3118
f 3123 3118 3120
f 3120 3118 3093
f 3120 3093 3095
f 3124 3125 3126
f 3066 3065 3064
f 3058 2976 3127
f 3127 2976 2977
f 3127 2977 3128
f 2972 3129 2971
f 3130 3131 3132
f 3123 3120 3133
f 3133 3120 3107
f 3133 3107 3134
f 3135 3136 3137
f 3136 3135 3138
f 3138 3135 3139
f 3138 3139 3140
f 3140 3139 3141
f 3140 3141 3142
f 3142 3141 3143
f 3142 3143 3144
f 3144 3143 3145
f 3144 3145 3146
f 3129 2972 3147
f 3146 3145 3148
f 3148 3145 3147
f 3148 3147 3132
f 3132 3147 2972
f 3132 2972 3130
f 2973 3149 2974
f 2974 3149 2975
f 3057 3058 3061
f 3061 3058 3127
f 3061 3127 3150
f 3150 3127 3128
f 3150 3128 3149
f 3149 3128 2977
f 3149 2977 2975
f 3064 3063 3151
f 3151 3063 3062
f 3151 3062 3152
f 3152 3062 3059
f 3152 3059 3060
f 3066 3064 3067
f 3067 3064 3069
f 3069 3064 3151
f 3069 3151 3070
f 3075 3074 3126
f 3126 3074 3076
f 3076 3077 3126
f 3126 3077 3072
f 3126 3072 3124
f 3124 3072 3073
f 3124 3073 3151
f 3151 3073 3071
f 3151 3071 3070
f 3126 3153 3075
f 3075 3153 3154
f 3075 3154 3080
f 3080 3154 3155
f 3080 3155 3078
f 3078 3155 3085
f 3085 3155 3084
f 3084 3155 3134
f 3084 3134 3082
f 3082 3134 3107
f 3082 3107 3086
f 3091 3090 3107
f 3107 3090 3089
f 3089 3088 3107
f 3107 3088 3087
f 3107 3087 3086
f 3125 3124 3156
f 3156 3124 3151
f 3156 3151 3149
f 3149 3151 3152
f 3149 3152 3150
f 3150 3152 3060
f 3150 3060 3061
f 3121 3123 3137
f 3137 3123 3133
f 3137 3133 3135
f 3135 3133 3134
f 3135 3134 3139
f 3139 3134 3155
f 3139 3155 3141
f 3141 3155 3154
f 3141 3154 3143
f 3143 3154 3153
f 3143 3153 3145
f 3145 3153 3126
f 3145 3126 3147
f 3147 3126 3125
f 3147 3125 3129
f 3129 3125 3156
f 3129 3156 2971
f 2971 3156 3149
f 2971 3149 2970
f 2970 3149 2973
f 2948 3131 2949
f 2949 3131 3130
f 2949 3130 2972
f 2620 2378 2377
f 3118 3122 172
f 3109 3113 2211
f 2211 3113 3115
f 2211 3115 3116
f 2911 3157 3158
f 3118 172 2211
f 2211 172 175
f 2211 175 2207
f 152 2237 154
f 154 2237 156
f 3122 3121 172
f 172 3121 3137
f 172 3137 3136
f 3116 3117 2211
f 2211 3117 3119
f 2211 3119 3118
f 3158 3159 2911
f 2911 3159 3160
f 2911 3160 3161
f 3161 3162 2911
f 2911 3162 3163
f 2911 3163 2612
f 2612 3163 3164
f 2612 3164 3165
f 2237 2239 156
f 156 2239 2246
f 156 2246 177
f 177 2246 2192
f 177 2192 175
f 175 2192 2191
f 175 2191 2207
f 3165 3166 2612
f 2612 3166 3167
f 2612 3167 2453
f 3167 3168 2453
f 2453 3168 3169
f 2453 3169 2451
f 2451 3169 3170
f 2451 3170 2449
f 2449 3170 3171
f 2449 3171 2448
f 2448 3171 3172
f 2448 3172 2446
f 2446 3172 3173
f 103 179 2911
f 3136 3138 172
f 172 3138 3140
f 172 3140 3142
f 2436 3174 2455
f 2455 3174 3175
f 2455 3175 2456
f 2436 2435 3174
f 3174 2435 2431
f 3174 2431 3176
f 2911 179 2927
f 3142 3144 172
f 172 3144 3146
f 172 3146 170
f 3177 2425 3178
f 3178 2425 2441
f 3178 2441 3179
f 3179 2441 2443
f 3179 2443 3173
f 3173 2443 2445
f 3173 2445 2446
f 2431 2429 3176
f 3176 2429 2440
f 3176 2440 3180
f 3180 2440 2439
f 3180 2439 3181
f 3181 2439 2438
f 3181 2438 3177
f 3177 2438 2426
f 3177 2426 2425
f 2466 2465 3175
f 3175 2465 2462
f 3175 2462 2456
f 152 151 2237
f 2237 151 148
f 2237 148 2254
f 2326 142 2307
f 2307 142 145
f 2307 145 2309
f 3146 3148 2921
f 2921 3148 3132
f 2921 3132 2948
f 2948 3132 3131
f 2416 2889 2728
f 2728 2889 2729
f 2254 148 2311
f 2311 148 150
f 2311 150 2326
f 2326 150 139
f 2326 139 142
f 2369 125 123
f 2615 121 119
f 2415 2418 2901
f 2911 2910 3157
f 3157 2910 2901
f 3157 2901 3175
f 3175 2901 2467
f 3175 2467 2466
f 145 137 2309
f 2309 137 136
f 2309 136 2310
f 2310 136 134
f 2310 134 2355
f 2377 2376 2620
f 2620 2376 2369
f 2620 2369 2615
f 2615 2369 123
f 2615 123 121
f 2418 2474 2901
f 2901 2474 2473
f 2901 2473 2467
f 119 117 2615
f 2615 117 115
f 2615 115 2612
f 115 114 2612
f 2612 114 112
f 2612 112 2911
f 2911 112 110
f 2911 110 108
f 96 98 2911
f 3146 2921 170
f 170 2921 2920
f 170 2920 168
f 168 2920 2937
f 168 2937 166
f 166 2937 2938
f 166 2938 159
f 159 2938 2939
f 159 2939 160
f 160 2939 2936
f 160 2936 162
f 162 2936 2924
f 162 2924 164
f 164 2924 2923
f 164 2923 178
f 178 2923 2926
f 178 2926 179
f 179 2926 2928
f 179 2928 2927
f 2415 2901 2416
f 2416 2901 2890
f 2416 2890 2889
f 134 132 2355
f 2355 132 130
f 2355 130 2362
f 2362 130 129
f 2362 129 2369
f 2369 129 127
f 2369 127 125
f 108 106 2911
f 2911 106 104
f 2911 104 88
f 98 99 2911
f 2911 99 101
f 2911 101 103
f 88 91 2911
f 2911 91 93
f 2911 93 96
f 3178 3182 3177
f 3177 3182 3183
f 3177 3183 3181
f 3181 3183 3184
f 3181 3184 3180
f 3180 3184 3185
f 3180 3185 3176
f 3176 3185 3186
f 3176 3186 3174
f 3174 3186 3187
f 3174 3187 3175
f 3187 3188 3175
f 3175 3188 3189
f 3175 3189 3157
f 3157 3189 3190
f 3157 3190 3158
f 3158 3190 3191
f 3158 3191 3159
f 3159 3191 3192
f 3159 3192 3160
f 3160 3192 3161
f 3193 3194 3163
f 3192 3195 3161
f 3161 3195 3193
f 3161 3193 3162
f 3162 3193 3163
f 3163 3194 3164
f 3164 3194 3196
f 3164 3196 3165
f 3165 3196 3197
f 3165 3197 3166
f 3166 3197 3198
f 3166 3198 3167
f 3167 3198 3199
f 3167 3199 3168
f 3168 3199 3200
f 3168 3200 3169
f 3200 3201 3169
f 3169 3201 3202
f 3169 3202 3170
f 3170 3202 3203
f 3170 3203 3171
f 3171 3203 3204
f 3171 3204 3172
f 3204 3205 3172
f 3172 3205 3206
f 3172 3206 3173
f 3173 3206 3207
f 3173 3207 3179
f 3179 3207 3182
f 3179 3182 3178
f 3182 3208 3183
f 3183 3208 3209
f 3183 3209 3184
f 3184 3209 3210
f 3184 3210 3185
f 3210 3211 3185
f 3185 3211 3212
f 3185 3212 3186
f 3186 3212 3213
f 3186 3213 3214
f 3214 3215 3186
f 3186 3215 3216
f 3186 3216 3187
f 3187 3216 3217
f 3187 3217 3218
f 3218 3219 3187
f 3187 3219 3220
f 3187 3220 3188
f 3188 3220 3221
f 3188 3221 3222
f 50 52 3190
f 3190 52 53
f 3190 53 3191
f 3191 53 55
f 3191 55 58
f 3222 232 3188
f 3188 232 3223
f 3188 3223 3189
f 3189 3223 3224
f 3224 3225 3189
f 3189 3225 2
f 3189 2 3190
f 3190 2 1
f 3190 1 50
f 58 59 3191
f 3191 59 6
f 3191 6 3192
f 3192 6 8
f 3192 8 3195
f 3194 3193 16
f 8 10 3195
f 3195 10 12
f 3195 12 3193
f 3193 12 14
f 3193 14 16
f 3197 3196 25
f 16 19 3194
f 3194 19 21
f 3194 21 3196
f 3196 21 23
f 3196 23 25
f 3199 3198 33
f 25 27 3197
f 3197 27 29
f 3197 29 3198
f 3198 29 31
f 3198 31 33
f 43 3201 41
f 41 3201 3200
f 33 35 3199
f 3199 35 37
f 3199 37 3200
f 3200 37 39
f 3200 39 41
f 43 45 3201
f 3201 45 47
f 3201 47 3202
f 3202 47 49
f 3202 49 3203
f 3203 49 3226
f 3203 3226 3204
f 3204 3226 3205
f 3226 3227 3205
f 3205 3227 3228
f 3205 3228 3206
f 3228 3229 3206
f 3206 3229 3230
f 3206 3230 3207
f 3207 3230 3231
f 3231 3232 3207
f 3207 3232 3233
f 3207 3233 3182
f 3182 3233 3234
f 3182 3234 3208
f 49 269 265
f 3209 246 3210
f 3210 246 244
f 3210 244 3211
f 3215 3214 242
f 242 3214 3213
f 242 3213 241
f 241 3213 3212
f 241 3212 239
f 239 3212 3211
f 239 3211 243
f 243 3211 244
f 232 3222 233
f 233 3222 3221
f 233 3221 234
f 234 3221 3220
f 234 3220 235
f 3220 3219 235
f 235 3219 3218
f 235 3218 218
f 218 3218 3217
f 218 3217 219
f 219 3217 3216
f 219 3216 236
f 236 3216 3215
f 236 3215 237
f 237 3215 242
f 49 265 3226
f 3226 265 264
f 3226 264 3227
f 3227 264 262
f 3227 262 3228
f 3228 262 261
f 3228 261 3229
f 3229 261 259
f 3229 259 3230
f 3230 259 258
f 3230 258 3231
f 3231 258 256
f 3231 256 3232
f 3232 256 254
f 3232 254 3233
f 3233 254 253
f 3233 253 3234
f 3234 253 250
f 3234 250 3208
f 3208 250 249
f 3208 249 3209
f 3209 249 247
f 3209 247 246
f 3223 232 231
f 3223 231 3224
f 3224 231 230
f 3224 230 3225
f 3225 230 229
f 3225 229 2
