mtllib hand2_link_5_1_visuals.mtl
v 0.006999999284744262 -0.0011996530229225753 0.0016002588672563434
v 0.006999999284744262 -0.0014466856373474 0.0013809798983857036
v 0.006999999750405549 -0.0009835804812610147 -0.0017414282774552703
v 0.0069999988190829745 -0.0006835364038124679 -0.0018795693758875132
v 0.006999997422099113 -0.00036484716110862786 -0.001966440351679921
v 0.006999996956437825 -0.000615048047620803 0.0019030794501304626
v 0.0069999978877604 -3.620508869062177e-05 -0.0019996711052954197
v 0.0070000002160668364 0.0002934237127192318 -0.0019783570896834135
v 0.006999996956437825 -0.00029342292691580946 0.0019783582538366318
v 0.0070000002160668364 0.0006150484550744294 -0.0019030820112675428
v 0.006999999284744262 3.620495408540591e-05 0.001999672269448638
v 0.006999999284744262 -0.0009198976913467049 0.001775891985744238
v 0.006999999750405549 0.00036484704469330603 0.0019664415158331394
v 0.0069999978877604 0.0009198975167237221 -0.0017758909380063415
v 0.006999998353421687 0.0011996533721685407 -0.0016002615448087454
v 0.0070000002160668364 -0.0019958319608122106 -0.0001290493382839486
v 0.006999999750405549 -0.001947370241396129 -0.0004557942447718233
v 0.006999999284744262 -0.0019898528698831792 0.0002012139157159254
v 0.0069999978877604 -0.0018457901896908877 -0.0007701033027842641
v 0.006999999284744262 -0.0019295950187370179 0.0005259873578324914
v 0.006999996956437825 -0.0018167027737945316 0.0008364140521734953
v 0.0069999978877604 -0.0016938614426180718 -0.0010634056525304914
v 0.006999998353421687 -0.0014957282692193983 -0.0013277026591822505
v 0.006999999284744262 -0.0016542561352252958 0.0011240275343880057
v 0.0069999988190829745 -0.0012567954836413262 -0.0015557828592136502
v 0.0069999978877604 0.0014466855209320781 -0.001380978967063129
v 0.0069999978877604 0.001654256018809974 -0.0011240264866501093
v 0.0070000002160668364 0.001816703123040497 -0.0008364167297258973
v 0.006999996490776538 0.001995831727981567 0.00012905037146992981
v 0.006999997422099113 0.0019473705906420944 0.0004557915963232517
v 0.0069999988190829745 0.0014957281528040765 0.001327703706920147
v 0.0069999988190829745 0.0018457900732755659 0.0007701042923144996
v 0.006999999284744262 0.00169386132620275 0.0010634067002683878
v 0.006999997422099113 0.0019898526370525356 -0.00020121288252994418
v 0.0069999978877604 0.0012567953672260044 0.0015557837905362248
v 0.006999997422099113 0.0009835808305069802 0.00174142571631819
v 0.0069999978877604 0.001929594902321696 -0.000525986310094595
v 0.006999998353421687 0.0006835362291894852 0.0018795704236254096
v 0.005999999120831489 -0.00029342406196519727 0.0019783589523285627
v 0.005999999120831489 -0.0006150492117740213 0.0019030801486223936
v 0.005999997723847627 -0.0009198975167237221 0.0017758924514055252
v 0.005999997723847627 -0.0011996529065072534 0.0016002593329176307
v 0.005999998189508914 -0.001446684938855469 0.0013809767551720142
v 0.005999997723847627 -0.001654256018809974 0.0011240278836339712
v 0.005999999120831489 -0.0018167030066251753 0.000836414925288409
v 0.005999997723847627 -0.001929594902321696 0.0005259878234937787
v 0.005999998189508914 -0.0019898526370525356 0.00020121436682529747
v 0.005999998655170201 -0.0019958326593041416 -0.00012904901814181358
v 0.005999998189508914 -0.0019473709398880599 -0.00045579392462968826
v 0.005999996792525052 -0.0018457900732755659 -0.0007701028371229768
v 0.006000000517815351 -0.0016938610933721063 -0.0010634084464982152
v 0.0059999972581863395 -0.0014957275707274673 -0.0013277059188112617
v 0.005999997723847627 -0.001256794901564717 -0.0015557860024273396
v 0.005999998655170201 -0.000983580248430371 -0.001741427811793983
v 0.0059999972581863395 -0.0006835362291894852 -0.0018795689102262259
v 0.005999999586492776 -0.0003648473939392715 -0.00196643965318799
v 0.006000000052154063 -3.6206223740009584e-05 -0.0019996704068034887
v 0.005999998655170201 0.0002934229560196399 -0.00197835685685277
v 0.005999999120831489 0.0006150485714897512 -0.0019030816620215774
v 0.006000000052154063 0.0009198964107781648 -0.0017758902395144105
v 0.006000000517815351 0.001199653139337897 -0.0016002607299014926
v 0.006000000052154063 0.0014466852881014345 -0.0013809780357405543
v 0.006000000052154063 0.0016542557859793303 -0.0011240256717428565
v 0.005999999120831489 0.0018167033558711407 -0.00083641626406461
v 0.006000000517815351 0.0019295952515676615 -0.0005259891622699797
v 0.005999999586492776 0.0019898526370525356 -0.00020121203851886094
v 0.005999999120831489 0.0019958314951509233 0.00012905121548101306
v 0.005999999586492776 0.0019473703578114507 0.00045579244033433497
v 0.0059999972581863395 0.0018457901896908877 0.0007701047579757869
v 0.005999997723847627 0.0016938614426180718 0.0010634070495143533
v 0.0059999972581863395 0.0014957282692193983 0.0013277041725814342
v 0.006000000517815351 0.0012567951343953607 0.0015557847218587995
v 0.005999999586492776 0.0009835805976763365 0.0017414265312254429
v 0.0059999972581863395 0.0006835369276814162 0.0018795671639963984
v 0.005999998189508914 0.00036484628799371416 0.001966441748663783
v 0.005999997723847627 3.620511779445223e-05 0.0019996727351099253
v -0.006000001449137925 3.620545248850248e-05 0.001999672269448638
v -0.0060000019147992125 -0.00029342353809624905 0.0019783584866672754
v -0.006000000983476638 -3.620569987106136e-05 -0.001999670872464776
v -0.0060000019147992125 -0.0006150486879050731 0.0019030796829611063
v -0.006000001449137925 -0.0003648468700703233 -0.0019664401188492775
v -0.0060000019147992125 -0.0006835358799435197 -0.0018795691430568695
v -0.006000001449137925 0.0009835810633376239 0.0017414260655641556
v -0.0060000023804605 0.000683536345604807 0.001879566814750433
v -0.006000000983476638 0.0003648466081358492 0.0019664415158331394
v -0.006000000517815351 0.0006150489207357167 -0.001903081894852221
v -0.006000000983476638 0.000919896934647113 -0.0017758907051756978
v -0.006000000983476638 0.0012567957164719699 0.0015557842561975121
v -0.006000000983476638 0.0011996527900919316 -0.0016002613119781017
v -0.006000000983476638 0.0014466857537627218 -0.0013809785014018416
v -0.006000001449137925 -0.001199652557261288 0.001600259100086987
v -0.006000001449137925 -0.0014466859865933655 0.0013809800148010254
v -0.006000000983476638 -0.0009835808305069802 -0.0017414282774552703
v -0.006000001449137925 -0.0016542566008865831 0.0011240275343880057
v -0.0060000019147992125 -0.001816702540963888 0.0008364144596271217
v -0.006000001449137925 -0.0019295945530757306 0.0005259875324554741
v -0.006000001449137925 -0.001989852404221892 0.00020121409033890814
v -0.0060000023804605 0.00029342347988858814 -0.001978357322514057
v -0.006000000983476638 0.0016542563680559395 -0.001124026020988822
v -0.0060000023804605 0.0018167028902098534 -0.0008364168461412191
v -0.006000000517815351 0.0019295947859063742 -0.0005259897443465889
v -0.006000001449137925 -0.0009198971674777566 0.0017758922185748816
v -0.0060000019147992125 0.0016938608605414627 0.0010634067002683878
v -0.0060000023804605 0.0019958321936428543 0.00012905074981972575
v -0.0060000019147992125 0.0018457896076142786 0.0007701043505221605
v -0.006000001449137925 0.001947370823472738 0.00045579197467304766
v -0.006000001449137925 0.0019898521713912483 -0.0002012126351473853
v -0.0060000019147992125 0.0014957276871427891 0.001327703706920147
v -0.0060000023804605 -0.0019958321936428543 -0.00012904948380310088
v -0.006000000983476638 -0.0019473705906420944 -0.0004557941865641624
v -0.006000000983476638 -0.001845789956860244 -0.0007701028953306377
v -0.006000000983476638 -0.0016938610933721063 -0.001063405186869204
v -0.006000000517815351 -0.0014957279199734328 -0.001327702309936285
v -0.006000001449137925 -0.0012567954836413262 -0.0015557864680886269
v -0.007000001147389411 -0.0009198972256854175 0.0017758928006514907
v -0.007000001613050698 -0.0006150486879050731 0.0019030802650377154
v -0.007000002078711986 -0.0016938605112954972 -0.0010634084464982152
v -0.007000001613050698 -0.0002934235672000795 0.0019783591851592064
v -0.007000001147389411 3.620542702265083e-05 0.001999672967940569
v -0.007000001613050698 0.0006150490953586995 -0.0019030814291909337
v -0.007000002078711986 -3.620502684498205e-05 -0.001999674132093787
v -0.007000001147389411 -0.00036484689917415375 -0.0019664394203573465
v -0.007000001613050698 -0.0006835358799435197 -0.0018795685609802604
v -0.007000002078711986 -0.0009835807140916584 -0.001741427811793983
v -0.007000001147389411 -0.001199652557261288 0.0016002596821635962
v -0.007000001613050698 0.0002934239746537059 -0.0019783603493124247
v -0.007000001147389411 -0.0012567954836413262 -0.001555785769596696
v -0.007000001613050698 -0.0014957273378968237 -0.0013277054531499743
v -0.0070000002160668364 0.00036484710290096695 0.001966438489034772
v -0.007000001613050698 0.0006835362873971461 0.001879567396827042
v -0.007000000681728124 0.000919896934647113 -0.0017758901230990887
v -0.007000001147389411 0.0009835801320150492 0.0017414265312254429
v -0.007000002078711986 0.001256795017980039 0.0015557844890281558
v -0.007000001613050698 0.0014957276871427891 0.001327704405412078
v -0.007000001147389411 0.0016938608605414627 0.0010634073987603188
v -0.007000001613050698 0.0018457896076142786 0.0007701049908064306
v -0.007000000681728124 -0.001989852404221892 0.0002012147451750934
v -0.007000001147389411 -0.0019295945530757306 0.0005259881727397442
v -0.007000001613050698 -0.001816702540963888 0.0008364150999113917
v -0.007000001613050698 0.0018167028902098534 -0.0008364162058569491
v -0.007000002078711986 0.0019295950187370179 -0.0005259892786853015
v -0.007000001147389411 0.0019898521713912483 -0.00020121199486311525
v -0.007000000681728124 -0.0019473705906420944 -0.0004557935462798923
v -0.007000002078711986 -0.0019958321936428543 -0.00012904884351883084
v -0.007000000681728124 -0.0014466855209320781 0.0013809769880026579
v -0.007000001147389411 -0.0016542566008865831 0.0011240282328799367
v -0.007000000681728124 0.001947370823472738 0.00045579264406114817
v -0.007000001613050698 0.0019958321936428543 0.0001290513901039958
v -0.007000000681728124 0.0016542554367333648 -0.0011240255553275347
v -0.007000000681728124 0.0014466848224401472 -0.0013809780357405543
v -0.007000002078711986 0.0011996529065072534 -0.0016002608463168144
v -0.007000002078711986 -0.0018457897240296004 -0.0007701024296693504
v -0.0070000002160668364 0.0019194778287783263 0.03136944770812988
v -0.007000002078711986 0.0015079625882208345 0.030617443844676018
v -0.007000000681728124 0.0008194139809347688 0.0301068015396595
v -0.007000000681728124 -0.0019194777123630045 0.032493025064468384
v -0.007000000681728124 -0.001507962238974869 0.0332450307905674
v -0.007000001613050698 -0.0008194136898964642 0.033755671232938766
v -0.007000001147389411 -0.0010617201915010808 0.030236318707466125
v -0.007000001147389411 -0.0016737885307520626 0.03083650954067707
v -0.007000001147389411 -0.00025459987227804953 0.029947511851787567
v -0.007000000681728124 -0.001978358486667275 0.03163781762123108
v -0.007000001613050698 0.0010617204243317244 0.03362615406513214
v -0.007000002544373273 0.0016737878322601316 0.03302597254514694
v -0.007000002544373273 0.00025459917378611857 0.033914972096681595
v -0.007000000681728124 0.001978358486667275 0.032224662601947784
v -0.007000001147389411 0.00029342368361540133 0.0299528781324625
v -0.007000001613050698 -0.0002934238291345536 0.033909596502780914
v -0.006000054068863391 -0.0013166405260562895 0.0033357935026288033
v -0.005999964661896228 -0.0016248263418674467 0.003512744093313813
v -0.006041822489351033 -0.0015061724698171017 0.0037195556797087193
v -0.006041671615093946 -0.001199242193251848 0.0035421012435108423
v -0.0062043615616858 -0.0013788171345368026 0.003941528499126434
v -0.00620280997827649 -0.0010722515871748326 0.0037634491454809904
v -0.006441109348088502 -0.0013011669507250188 0.004076870158314705
v -0.006456411443650722 -0.000990812201052904 0.0039053692016750574
v -0.006459862459450959 -0.0012976072030141947 0.004083076026290655
v -0.006698323413729667 -0.001276475843042135 0.004119908437132835
v -0.006698323413729667 -0.0009689703583717345 0.003943420015275478
v -0.00416107615455985 0.011599166318774222 0.008201002143323421
v -0.004084755666553973 0.011544362641870974 0.008188125677406788
v -0.004403055179864167 0.011225653812289236 0.007869916036725044
v -0.004727973137050866 0.010797409340739248 0.0075875394977629185
v -0.004752399865537881 0.010890020988881586 0.007614919915795326
v -0.0050393305718898765 0.01058932952582836 0.0074499682523310184
v -0.0051255887374281875 0.01054644864052534 0.007425135467201471
v -0.003936349414288997 0.011664646677672861 0.008353419601917267
v -0.003937078639864921 0.01143049821257591 0.00824467558413744
v -0.004017017781734466 0.011478136293590067 0.008192582055926323
v -0.004298343788832425 0.011134802363812922 0.00788329727947712
v -0.004351230338215827 0.011178172193467615 0.00786839984357357
v -0.004099909681826829 0.011812360025942324 0.008437762036919594
v -0.004512981977313756 0.011301203630864618 0.007902906276285648
v -0.0045749908313155166 0.011227251030504702 0.007842122577130795
v -0.004997745156288146 0.010759344324469565 0.007526113651692867
v -0.005172257311642169 0.010615420527756212 0.007449354976415634
v -0.003935124725103377 0.011915978044271467 0.008585656993091106
v -0.005214082542806863 0.010587820783257483 0.007435602601617575
v -0.0051879631355404845 0.0105100329965353 0.00740700913593173
v -0.005254266317933797 0.008443710394203661 0.006767200771719217
v -0.004662366583943366 0.008385518565773962 0.006897020153701305
v -0.004705389961600303 0.008214464411139486 0.00682645570486784
v -0.004849030636250972 0.00795153435319662 0.006692642346024513
v -0.004886165261268615 0.007808733265846967 0.006635925266891718
v -0.005322640296071767 0.006868023891001939 0.006242719944566488
v -0.005004434380680322 0.007142646238207816 0.00638691708445549
v -0.005388488993048667 0.005368220154196023 0.005674766376614571
v -0.006000001449137925 -0.0009525800705887376 -0.001158876926638186
v -0.0060000019147992125 0.0006222160882316529 0.0013648641761392355
v -0.006000000983476638 -0.0006222163210622965 -0.0013648627791553736
v -0.006000000983476638 0.0009525803616270422 0.0011588747147470713
v -0.006000001449137925 -0.0012200433993712065 -0.0008729523979127407
v -0.006000000983476638 -0.0014039522502571342 -0.0005279420875012875
v -0.006000000983476638 -0.001492807059548795 -0.00014849717263132334
v -0.006000000983476638 -0.0014802983496338127 0.00024325808044523
v -0.0060000019147992125 -0.0013688330072909591 0.0006134863360784948
v -0.006000001449137925 0.00024950117222033436 0.0014792876318097115
v -0.006000000983476638 0.0012200436322018502 0.000872950186021626
v -0.006000001449137925 0.0014039524830877779 0.0005279398756101727
v -0.0060000019147992125 0.0014928068267181514 0.00014849862782284617
v -0.0060000019147992125 0.001480298116803169 -0.00024325662525370717
v -0.0060000019147992125 0.001368834404274821 -0.0006134886061772704
v -0.006000000983476638 -0.000249501405050978 -0.0014792861184105277
v -0.006000000517815351 -0.0011614585528150199 0.0009494500118307769
v -0.006000001449137925 -0.0008757803007028996 0.0012177929747849703
v -0.006000001449137925 0.0011614589020609853 -0.0009494522237218916
v -0.006000000983476638 0.0008757800678722559 -0.0012177914613857865
v -0.005999984219670295 -0.0005271557020023464 0.0014042771654203534
v -0.0060000019147992125 -0.00014199048746377227 0.001493179239332676
v -0.005999982822686433 0.0005271559348329901 -0.0014042750699445605
v -0.006000000983476638 0.0001419902400812134 -0.001493177842348814
v -0.005999736487865447 0.0016676029190421102 0.0030308146961033344
v -0.005999851040542125 0.0016688597388565538 0.0030273348093032837
v -0.005999853834509849 0.0010012924904003737 0.002876634942367673
v -0.00669967709109187 0.001281312317587435 0.003642834722995758
v -0.0066996635869145385 0.0014185275649651883 0.0036821539979428053
v -0.0066819656640291205 0.001426206901669502 0.0036843905691057444
v -0.006698465440422296 -0.0008680764585733413 0.0038881415966898203
v -0.006699021439999341 -0.00035703883622772986 0.0036778992507606745
v -0.006456345785409211 -0.00047866426757536823 0.0036716072354465723
v -0.006699380464851855 0.0001838375173974782 0.0035649645142257214
v -0.006202742923051118 -0.0005325770471245049 0.0035171236377209425
v -0.006041597109287976 -0.0006166318198665975 0.0032761788461357355
v -0.006000121124088763 -0.0006948140799067913 0.003052030922845006
v -0.0059999972581863395 0.0001429970870958641 0.0028652860783040524
v -0.006051634438335895 0.0015787217998877166 0.003276195377111435
v -0.006041345186531543 0.0009706465643830596 0.0031120413914322853
v -0.006202509626746177 0.0009377255919389426 0.0033650798723101616
v -0.006197671405971049 0.0015012242365628479 0.0034857983700931072
v -0.006456125061959027 0.0009166453965008258 0.003527318825945258
v -0.006408131215721368 0.0014499623794108627 0.003625411307439208
v -0.006041480693966149 0.0001674214290687814 0.003101420821622014
v -0.006202633958309888 0.0001936954504344612 0.00335524114780128
v -0.006456243805587291 0.0002105647727148607 0.003517981618642807
v -0.00669958209618926 0.0007362025789916514 0.0035531329922378063
v -0.006664121989160775 0.0014290438266471026 0.0036845046561211348
v 0.006000000517815351 -0.00122302770614624 -0.0008687201770953834
v 0.006000000052154063 0.0014052693732082842 0.000524429720826447
v 0.005999998189508914 -0.0014052690239623187 -0.000524431059602648
v 0.005999997723847627 0.0012230280553922055 0.0008687188383191824
v 0.005999998655170201 0.00013734136882703749 -0.0014936777297407389
v 0.0059999790973961345 0.0005271562258712946 -0.0014042755356058478
v 0.005999999586492776 0.0008749205735512077 -0.0012183334911242127
v 0.005999998189508914 0.0011609630892053244 -0.0009501070599071681
v 0.005999997723847627 0.0013668206520378587 -0.0006179462652653456
v 0.0059999972581863395 -0.0006324980058707296 -0.0013601365499198437
v 0.006000000052154063 0.0014798365300521252 -0.00024588321684859693
v 0.005999999120831489 -0.00013734155800193545 0.0014936800580471754
v 0.005999981425702571 -0.0005271558184176682 0.0014042771654203534
v 0.005999998189508914 -0.0008749211556278168 0.001218331977725029
v 0.006000000052154063 -0.001160962739959359 0.0009501057211309671
v 0.006000000052154063 -0.0013668216997757552 0.0006179484771564603
v 0.005999996792525052 0.0006324978312477468 0.0013601346872746944
v 0.005999998189508914 -0.0014798361808061598 0.0002458818780723959
v 0.0059999972581863395 -0.000956052099354565 -0.0011560452403500676
v 0.005999997723847627 0.0014931028708815572 0.00014578674745280296
v 0.0059999972581863395 0.0009560518665239214 0.0011560433777049184
v 0.005999996792525052 -0.0014931021723896263 -0.0001457884645787999
v 0.005999998655170201 -0.00025472059496678407 -0.0014783687656745315
v 0.005999999586492776 0.0002547209151089191 0.0014783673686906695
v -0.0061353608034551135 -0.00027761032106354827 0.02862357348203659
v -0.006033862940967082 -0.0003632074513006955 0.028971746563911438
v -0.0061289267614483825 -0.00022363549214787779 0.028633572161197662
v -0.006027791649103164 -0.0003101285838056355 0.028982587158679962
v -0.006114052142947911 -0.00017301176558248696 0.02863934077322483
v -0.0061206361278891555 -0.00038019838393665845 0.028593536466360092
v -0.006104317493736743 -0.0003851468209177255 0.028642157092690468
v -0.006089284550398587 -0.00039010171894915397 0.02869131974875927
v -0.00600697100162506 -0.0004338579601608216 0.02915196120738983
v -0.006000001449137925 -0.00045083748409524555 0.02933945506811142
v -0.0060000019147992125 0.0002934241201728582 0.02995287999510765
v -0.006000000983476638 -0.0008194143883883952 0.033755674958229065
v -0.0060000023804605 -0.00029342339257709677 0.03390960022807121
v -0.0060000019147992125 -0.0015079627046361563 0.0332450345158577
v -0.006000001449137925 -0.0019194772467017172 0.03249302878975868
v -0.006000000983476638 -0.0019783580210059877 0.03163781389594078
v -0.0060000019147992125 -0.0016737880650907753 0.03083651140332222
v -0.0060000019147992125 -0.001061720657162368 0.030236322432756424
v -0.006000000983476638 -0.0002545993484091013 0.02994750812649727
v -0.0060000019147992125 0.0008194135152734815 0.0301068052649498
v -0.006000000983476638 0.0015079618897289036 0.030617447569966316
v -0.006000000983476638 0.001919477363117039 0.03136945143342018
v -0.006000000983476638 0.0019783589523285623 0.032224658876657486
v -0.006000000517815351 0.001673788181506097 0.033025968819856644
v -0.006000000517815351 0.0010617197258397935 0.03362615779042244
v -0.006000000517815351 0.00025459952303208405 0.033914964646101
v -0.006000001449137925 -0.0007329615182243286 0.028922107070684433
v 0.006456407252699136 -0.0009908123174682257 0.003905368270352483
v 0.00669832108542323 -0.0009689705912023782 0.003943420480936766
v 0.006698319222778081 -0.001276475843042135 0.004119908437132835
v 0.006459875032305717 -0.0012976039433851836 0.00408308207988739
v 0.006441103294491767 -0.0013011682312935589 0.004076872020959854
v 0.006202803459018468 -0.0010722525184974072 0.003763447515666485
v 0.0062043908983469 -0.001378801302053034 0.003941556438803673
v 0.006041844841092824 -0.0015061394078657029 0.0037196141202002764
v 0.006041665095835923 -0.0011992438230663536 0.0035421003121882677
v 0.005999962799251079 -0.0016248273896053431 0.003512746887281537
v 0.006000053137540816 -0.0013170735910534857 0.003336091758683324
v 0.006000118795782327 -0.0006948224618099629 0.003052024869248271
v 0.006041591987013816 -0.0006166393286548554 0.0032761781476438046
v 0.006202735938131808 -0.0005325833917595445 0.00351712410338223
v 0.006456343457102775 -0.0004786704084835946 0.0036716090980917215
v 0.006456241011619567 0.0002105510211549699 0.003517984412610531
v 0.006699314806610345 6.969745300011708e-05 0.0035802111960947514
v 0.006698920857161283 -0.0004664903681259602 0.0037138399202376604
v 0.006456120871007442 0.0009166244999505578 0.0035273146349936724
v 0.006699650548398494 0.0011194978142157195 0.003605315927416086
v 0.006699546240270137 0.0006214306340552865 0.003547199070453644
v 0.0063950703479349605 0.001452581491321325 0.003619533497840166
v 0.006664123386144637 0.0014290034305304287 0.0036844892892986536
v 0.006682009901851415 0.0014262199401855467 0.003684258321300149
v 0.00669968407601118 0.0014185212785378096 0.0036821512039750814
v 0.006202504970133304 0.0009377042879350482 0.0033650759141892195
v 0.006180944386869668 0.0015076096169650552 0.0034687225706875324
v 0.006041342858225106 0.0009706242126412689 0.003112031612545252
v 0.006046272814273833 0.001583229750394821 0.0032627000473439693
v 0.005999847315251826 0.0016688304021954534 0.003027321770787239
v 0.0059998519718646995 0.0010012682760134337 0.0028766270261257887
v 0.005999994929879903 0.00014298080350272355 0.0028652832843363285
v 0.006041478365659713 0.00016740620776545254 0.00310141802765429
v 0.006202631630003451 0.00019368155335541812 0.0033552416134625673
v 0.005004422273486852 0.007142694201320409 0.00638693617656827
v 0.005320051219314336 0.006925432011485099 0.006262825336307287
v 0.005388484802097081 0.005368220154196023 0.005674766376614571
v 0.0052542625926434985 0.008443710394203661 0.006767202168703079
v 0.0047852741554379455 0.008094113320112227 0.006758836563676596
v 0.004705386236310004 0.008214464411139486 0.006826456636190414
v 0.0046623609960079184 0.008385530672967432 0.006897025275975466
v 0.0048861647956073275 0.007808731403201818 0.006635934114456177
v 0.004805000498890876 0.00840499624609947 0.006848701275885105
v 0.005148787982761859 0.010581798851490019 0.007435058243572712
v 0.005125586409121751 0.01054644864052534 0.0074251326732337475
v 0.005028228275477885 0.010596247389912604 0.007453921716660261
v 0.004752331878989934 0.010890082456171511 0.007614960893988609
v 0.0048202495090663424 0.010944442823529242 0.007638123352080584
v 0.005172253120690583 0.010615420527756212 0.007449354976415634
v 0.004084589891135692 0.011544534005224703 0.008188317529857159
v 0.0042812712490558616 0.01158347353339195 0.008169800043106079
v 0.00440293364226818 0.011225776746869085 0.007870020344853401
v 0.004512873478233813 0.01130133122205734 0.007903013378381729
v 0.004798762500286101 0.010968267917633055 0.007653707638382912
v 0.004160921089351176 0.011599343270063399 0.008201195858418941
v 0.003935200162231921 0.011916415765881537 0.008585961535573006
v 0.004099905025213956 0.011812360957264898 0.00843775924295187
v 0.00393632287159562 0.011675324290990828 0.008360818959772587
v 0.004632569383829831 0.010870016179978846 0.007642753422260284
v 0.004227101802825927 0.01119272969663143 0.007945253513753414
v 0.00435110181570053 0.011178289540112017 0.007868505083024502
v 0.0039370632730424395 0.011430834420025347 0.008244767785072327
v 0.0040168464183807364 0.011478299275040625 0.008192778564989567
v 0.004688079003244638 0.010827657766640185 0.007609962020069361
v 0.005214082077145576 0.010587821714580057 0.007435601670295
v 0.005187949165701865 0.010510029271245001 0.007407010067254305
v -0.0060955220833420745 -0.002141204662621021 0.004422684665769339
v -0.006148340180516242 -0.0017927004955708978 0.004149800166487694
v -0.006064596120268106 -0.0018815050134435294 0.004045021254569292
v -0.006244555115699767 -0.0020893341861665245 0.0047853682190179825
v -0.006174566224217414 -0.0021276047918945547 0.0046402388252317905
v -0.006165563128888606 -0.0021483944728970523 0.00467030331492424
v -0.006298333406448363 -0.0020232882816344495 0.004677390679717064
v -0.006369229871779679 -0.0019172109896317122 0.004562206566333771
v -0.006217983551323413 -0.002010588534176349 0.00450535723939538
v -0.006446752231568097 -0.0017869439907371996 0.004451095126569271
v -0.006267942488193511 -0.0018625489901751278 0.004382849670946598
v -0.006530560553073882 -0.0016321892617270348 0.00433918135240674
v -0.0059999655932188025 -0.00207133125513792 0.0038210554048419
v -0.00599534623324871 -0.0022496462333947416 0.003972899168729782
v -0.00603550300002098 -0.0022272141650319095 0.004311638418585062
v -0.006059809587895869 -0.0022149176802486177 0.0044085923582315445
v -0.006086294073611497 -0.0022000009194016452 0.004492562729865313
v -0.006273185368627309 -0.0017126384191215036 0.0042442637495696545
v -0.00688301958143711 -0.0009684934047982096 0.003943709656596184
v -0.006841605063527822 -0.0010443079518154261 0.003987095784395933
v -0.006381500046700238 -0.0015032632509246466 0.004171313252300024
v -0.006614421028643846 -0.0014629039214923976 0.004230212885886431
v -0.0059999655932188025 -0.0018556111026555298 0.003657054156064987
v -0.007269402965903281 0.0011471053585410116 0.003611448220908642
v -0.0072651603259146205 0.0005964312586002051 0.0035471622832119465
v -0.0072036166675388804 3.8844424125272774e-05 0.003585943253710866
v -0.007072891574352979 -0.000491955259349197 0.0037236830685287714
v -0.007100290618836879 -0.0010455346200615165 0.004239524248987436
v -0.007145631127059459 -0.00096276868134737 0.004196712747216225
v -0.007064900361001491 -0.0010729022324085233 0.004156866110861301
v -0.007110434118658303 -0.0009917682036757467 0.00411347346380353
v -0.007003828417509793 -0.0010828215163201092 0.00407943082973361
v -0.007048561703413724 -0.0010036075254902241 0.004035532474517822
v -0.006924969144165515 -0.0010722393635660408 0.004020319320261478
v -0.006968139205127954 -0.00099486974067986 0.003976384177803993
v -0.0051768110133707515 0.010726026259362696 0.007507676258683205
v -0.0051051322370767585 0.01097581349313259 0.007659013848751783
v -0.00492249522358179 0.011508534662425516 0.008093087933957577
v -0.004863545764237641 0.011647538281977175 0.008239507675170898
v -0.004707103595137595 0.01194350980222225 0.008619831874966621
v -0.0039340429939329616 0.011971190571784971 0.008661307394504547
v -0.004580243956297635 0.012118417769670485 0.00890873372554779
v -0.003929490689188241 0.012241396121680735 0.009158766828477383
v -0.004374169278889894 0.012312133796513079 0.00933039840310812
v -0.0042680869810283175 0.012381017208099363 0.009529318660497665
v -0.003924687393009662 0.012435627169907091 0.009723622351884842
v -0.004099911078810691 0.012461439706385134 0.009834092110395432
v -0.004061573650687932 0.012487361207604407 0.009978070855140686
v -0.004023450892418622 0.012507230043411253 0.01012225542217493
v -0.003919890150427817 0.012530941516160963 0.010312758386135101
v -0.005311642307788133 0.010602823458611963 0.007462434004992247
v -0.005296085495501756 0.010535850189626215 0.007423618342727423
v -0.005405085626989602 0.01059956010431051 0.007523917593061924
v -0.005403590854257344 0.010546518489718435 0.00748629542067647
v -0.005471953190863132 0.010576214641332625 0.007610554341226816
v -0.005479667801409959 0.010536455549299715 0.007584838196635246
v -0.005501821171492337 0.010540060698986052 0.007701460272073746
v -0.005510194692760705 0.01051109842956066 0.007689978461712599
v -0.006775167305022477 0.0023439300712198015 0.02636200189590454
v -0.0068582254461944095 0.002305120229721069 0.026313887909054756
v -0.0067659690976142875 0.001329958322457969 0.02701111137866974
v -0.006870222743600606 0.00325867417268455 0.025641845539212227
v -0.0065352427773177615 0.00039528065826743836 0.02774784341454506
v -0.006364864297211169 -6.292456237133591e-05 0.028122829273343086
v -0.006350267212837934 -3.680821919260779e-06 0.028157152235507965
v -0.006242846604436635 -0.0002733252185862511 0.028328850865364075
v -0.006466778460890054 5.257238808553665e-05 0.02787790633738041
v -0.006565165240317582 0.00033542051096446807 0.027699755504727364
v -0.006615126505494117 0.00038255722029134626 0.027551433071494102
v -0.006713951937854289 0.0007935464964248239 0.02731294184923172
v -0.006717447191476821 0.0006950940005481242 0.02728451043367386
v -0.006827899254858493 0.0011799412313848732 0.02690754272043705
v -0.006815200671553611 0.0012735675554722545 0.02694815956056118
v -0.0068879849277436725 0.0015849197516217826 0.026609189808368683
v -0.0069153779186308375 0.0022529079578816886 0.026245133951306343
v -0.006932082120329141 0.0020758183673024173 0.026257365942001343
v -0.00691832136362791 0.003218809841200709 0.02559080719947815
v -0.006953935138881206 0.0031503068748861547 0.02550121583044529
v -0.006955241784453391 0.0030627958476543422 0.025562159717082977
v -0.006946572102606296 0.0023599939886480566 0.02605598419904709
v -0.0066998996771872035 0.003311096923425793 0.025711510330438614
v -0.006758210249245166 0.0033026088494807477 0.02569931373000145
v -0.00681818090379238 0.0032847300171852107 0.02567545510828495
v -0.006692520808428525 0.0013766735792160032 0.027055712416768074
v -0.006609529256820678 0.001406997558660805 0.02707650512456894
v -0.006690273527055978 0.0025508606340736146 0.026249974966049194
v -0.00655455095693469 0.0010439591715112326 0.027351902797818184
v -0.00660914834588766 0.0009035047260113059 0.02741149626672268
v -0.006426985841244458 0.0004965256666764616 0.027804182842373848
v -0.006486602127552032 0.000451227679150179 0.027783825993537903
v -0.006321822758764028 0.00019639308447949586 0.028097253292798996
v -0.0063213822431862346 5.432275065686553e-05 0.028183655813336372
v -0.006282095331698655 0.00010543727694312109 0.02820027433335781
v -0.006672582123428582 0.0008519842522218822 0.027370093390345573
v -0.0062428698875010005 -0.000163427073857747 0.02838209457695484
v -0.006198314018547534 -0.00031830847728997464 0.028421495109796524
v -0.006694890093058347 0.0033114969264715906 0.025712091475725174
v 0.006999997422099113 -0.0016737878322601316 0.03083650767803192
v 0.006999997422099113 -0.0010617194930091498 0.030236318707466125
v 0.006999999284744262 -0.0002545994357205927 0.029947509989142418
v 0.006999999750405549 0.0010617192601785062 0.03362616151571274
v 0.006999996490776538 0.000819413166027516 0.030106807127594948
v 0.0070000002160668364 0.0015079623553901909 0.030617443844676018
v 0.006999997422099113 -0.00150796165689826 0.0332450307905674
v 0.006999999750405549 -0.0019194772467017172 0.032493025064468384
v 0.006999999284744262 -0.0019783589523285623 0.03163781762123108
v 0.0070000002160668364 -0.0008194134570658206 0.033755671232938766
v 0.006999999750405549 0.00029342292691580946 0.02995288372039795
v 0.006999996956437825 -0.00029342318885028357 0.033909596502780914
v 0.0069999978877604 0.00025459917378611857 0.033914968371391296
v 0.006999998353421687 0.00191947806160897 0.03136944770812988
v 0.0069999978877604 0.0019783587194979186 0.032224662601947784
v 0.006999999750405549 0.001673787599429488 0.03302597254514694
v -0.006652941927313804 0.0034666596911847587 0.025594044476747513
v -0.0067552514374256125 0.0034581867512315507 0.025578001514077187
v -0.006685712840408086 0.0033104913309216495 0.025714369490742683
v -0.006669313181191682 0.0033012221101671453 0.025724031031131744
v -0.006655756849795579 0.003287455532699823 0.025736628100275993
v -0.006853001657873391 0.0034262661356478925 0.025528928264975548
v -0.006921893917024135 0.0033752119634300466 0.025453895330429077
v -0.006951040122658013 0.0033182331826537843 0.025372041389346123
v 0.0069539318792521945 0.0031503115314990278 0.025501208379864693
v 0.006951036863029002 0.003318240866065025 0.025372054427862167
v 0.006911537609994411 0.0032261288724839683 0.025599876418709755
v 0.006921886932104825 0.0033752173185348506 0.025453906506299973
v 0.00687021855264902 0.003258578013628721 0.025641927495598793
v 0.006852992344647645 0.003426268463954329 0.025528933852910995
v 0.006824614014476537 0.0032819276675581928 0.025672240182757378
v 0.0067552453838288775 0.003458187216892838 0.025578001514077187
v 0.006652938202023505 0.003466659458354115 0.025594046339392662
v 0.006655753124505281 0.0032874550670385356 0.025736629962921143
v 0.006669356022030114 0.0033012563362717624 0.025723982602357864
v 0.00668572075664997 0.003310492960736155 0.02571435645222664
v 0.006694886833429336 0.003311496693640947 0.025712091475725174
v 0.006758208852261304 0.003302428405731916 0.025699472054839134
v -0.005060577299445867 0.0067872367799282065 0.006444777827709913
v -0.004883402492851018 0.007791236508637666 0.006804713513702154
v -0.004703421145677566 0.008201479911804197 0.006950825452804565
v -0.004780410788953303 0.0080832177773118 0.006908929441124201
v -0.0043148999102413646 0.00979902036488056 0.007504700683057308
v -0.0043241619132459155 0.009758841246366499 0.007508161477744579
v -0.004268379881978034 0.009983192197978495 0.00758848711848259
v -0.004547970835119485 0.009975147433578966 0.0074256304651498795
v -0.0041345981881022445 0.011100973002612589 0.007989801466464996
v -0.0039376458153128615 0.011077531613409517 0.008159165270626545
v -0.0059999655932188025 0.0022517000325024124 0.003290747292339802
v -0.006050448399037122 0.002229903824627399 0.0035716472193598747
v -0.006193719338625669 0.00221137935295701 0.003810395020991564
v -0.0064025409519672385 0.0021988255903124805 0.003972185775637627
v -0.00665198266506195 0.002193373395130038 0.004042459651827812
v -0.006685432977974414 0.002193248830735683 0.004044066648930311
v -0.005682984832674264 0.0085467342287302 0.00676355604082346
v -0.006496357731521129 0.005053841043263673 0.005469410214573145
v -0.0062869666144251815 0.0059332363307476035 0.005833893548697233
v -0.005433722399175166 0.005172428209334611 0.005590362474322319
v -0.005725832190364598 0.003989889286458491 0.005026814062148333
v -0.006611939519643783 0.004580806475132703 0.005257095210254192
v -0.007024414837360381 0.0029067813884466882 0.004414412193000317
v -0.006150037515908479 0.00235895300284028 0.004121582955121994
v -0.007142043206840753 0.0023409118875861164 0.004127045627683401
v -0.006192667875438928 0.0021940993610769506 0.004032481927424669
v -0.007217583712190389 0.0018859652336686847 0.00391067611053586
v -0.007285854313522576 0.0011439223308116195 0.0036112372763454914
v -0.005413911305367946 0.005130306351929902 0.005851299501955509
v -0.0059623299166560164 0.002976981922984123 0.004702255129814148
v -0.005961811635643243 0.002946449443697929 0.004759696312248707
v -0.005961234681308269 0.002910075476393103 0.004823716823011637
v -0.006114397197961806 0.0023056392092257734 0.004528334364295006
v -0.006149023305624723 0.002159677213057875 0.004476734437048435
v -0.0059134350158274165 0.0017137606628239153 0.010223700664937496
v -0.006074042059481143 0.0019094350282102821 0.007701852358877659
v -0.005919276271015405 0.002042908454313874 0.009578186087310314
v -0.005926997866481542 0.002348041627556085 0.008714419789612293
v -0.006097497418522834 0.0019556456245481964 0.007106297183781862
v -0.005936659406870603 0.002602216554805636 0.007623749319463968
v -0.005948012694716453 0.0027847823221236463 0.0063329655677080154
v -0.005965527612715959 0.0021755036432296033 0.004272757563740015
v -0.0059999609366059295 -0.0022020677570253606 -0.0011835242621600628
v -0.005999905988574027 -0.0023002673406153913 0.00332549586892128
v -0.005999961867928504 -0.0015493243699893353 -0.001961980015039444
v -0.005999961867928504 -0.0006407337496057152 -0.002416434232145548
v -0.005999964196234941 0.002488543046638369 0.00023814960150048137
v -0.005999952554702758 -0.0024456817191094156 -0.000518175249453634
v -0.005999964661896228 -0.0025410566013306375 0.00017429169383831322
v -0.005999964661896228 -0.002540025627240538 0.001063417992554605
v -0.0059999655932188025 -0.0024490526411682363 0.0020135208033025265
v -0.005999965127557515 -0.002396200550720095 0.002445512218400836
v -0.0059999609366059295 0.0003736613725777715 -0.0024718421045690775
v -0.005999964196234941 0.0008785565150901674 -0.0023404546082019806
v -0.005999964661896228 0.0013263436267152426 -0.0021190475672483444
v -0.00599996605888009 0.0018676026957109568 -0.0016617999644950032
v -0.00599996605888009 0.0022297985851764675 -0.0011302665807306767
v -0.0059999655932188025 0.002466538222506642 -0.0004070498689543456
v -0.003325987141579389 0.008433361537754534 0.02116239443421364
v -0.0027278959751129146 0.008749703876674174 0.020896485075354576
v -0.00264258193783462 0.008757149800658224 0.020962150767445564
v -0.002450585830956697 0.008866955526173113 0.0207974873483181
v -0.0019602319225668903 0.008986425586044787 0.020817233249545097
v -0.0006626193644478916 0.009288622066378592 0.020438866689801216
v -0.0004858926404267549 0.009233390912413595 0.020658668130636215
v -0.0010450565023347733 0.009241330437362192 0.020479373633861542
v -0.001235849456861615 0.00914660934358835 0.020714612677693367
v -0.0013870903057977555 0.009180405177175997 0.020531410351395607
v -0.0015949640655890105 0.009077092632651327 0.020759280771017075
v -0.0019460135372355578 0.009040599688887594 0.020650377497076988
v -0.0020805746316909786 0.008998958393931387 0.020685715600848198
v -0.00036068525514565403 0.009310870431363581 0.020419755950570107
v -0.0003318868984933942 0.009312304668128489 0.020418522879481316
v -5.6072767620207735e-05 0.009248961694538592 0.02064867876470089
v -0.00012967138900421557 0.009319021366536616 0.020412735641002655
v -4.7290344809880473e-05 0.009320067241787909 0.02041185460984707
v -1.4397420272871385e-05 0.009249146096408365 0.02064855583012104
v -1.684416201896965e-05 0.009320221841335295 0.02041166089475155
v -6.029976248100865e-06 0.009320244193077086 0.020411625504493713
v -3.5219266010244606e-06 0.009320324286818503 0.020411383360624313
v -3.576339622668456e-06 0.009249155409634112 0.020648550242185593
v -1.36145285978273e-06 0.009320301935076712 0.020411336794495583
v -1.177393301077245e-06 0.009249155409634112 0.020648548379540443
v 0.0033259855117648836 0.008433361537754534 0.02116239257156849
v 0.003078795969486236 0.00856291316449642 0.021083032712340355
v 0.0027282086666673418 0.008749563246965407 0.02089659497141838
v 0.0026625464670360084 0.00874864775687456 0.020967474207282066
v 0.0019210472237318752 0.008996445685625075 0.020810367539525032
v 0.002080918056890368 0.008998852223157881 0.020685791969299316
v 0.0015949687222018836 0.009076460264623163 0.020759234204888344
v 0.0013874551514163611 0.009180338121950625 0.02053144946694374
v 0.0011122274445369837 0.00916590169072151 0.02070191130042076
v 0.0010450589470565317 0.009241338819265364 0.020479341968894005
v 0.0003488915390335023 0.009241051040589808 0.020653754472732544
v 0.0006629968993365764 0.009288595989346502 0.02043886110186577
v 0.005913430824875831 0.001713760895654559 0.010223698802292347
v 0.005914007313549518 0.0017515850486233828 0.010160811245441437
v 0.006080326624214648 0.001920810551382601 0.0075552440248429775
v 0.005919517017900943 0.0020546030718833204 0.009551208466291428
v 0.005926385521888732 0.002327885944396257 0.008783007971942425
v 0.005935493856668471 0.0025773313827812667 0.007755187340080738
v 0.00594587018713355 0.002757674781605601 0.006576908752322197
v 0.005961232353001832 0.002910075476393103 0.004823716357350349
v 0.006115536671131848 0.0023065002169460054 0.00452870549634099
v 0.006149020977318286 0.002159676747396588 0.0044767349027097225
v 0.005999962333589791 0.002251699566841125 0.003290746593847871
v 0.006000818219035863 0.00224876869469881 0.003328521503135562
v 0.006046182475984096 0.002230811165645718 0.0035599570255726576
v 0.006063777953386306 0.002227324061095714 0.0036049033515155315
v 0.006218530703336 0.002209289232268929 0.003837327938526869
v 0.006435441318899392 0.002197617199271917 0.003987756557762623
v 0.00668543018400669 0.0021932485979050394 0.004044067580252886
v 0.0059999609366059295 0.0024885470047593112 0.00023810751736164093
v 0.005999963730573653 -0.0018556114519014952 0.0036570574156939983
v 0.006000683177262544 -0.002280507935211062 0.0035802011843770742
v 0.005999962333589791 -0.0020713307894766326 0.003821054706349969
v 0.0059943986125290385 -0.0022503403015434738 0.003974768798798323
v 0.005999961402267217 0.0024665298406034704 -0.0004071048169862479
v 0.005999961402267217 0.0022297878749668594 -0.0011302876519039273
v 0.005999963730573653 0.0018676019972190259 -0.0016618005465716124
v 0.005999963264912366 0.0013263390865176914 -0.002119052689522505
v 0.005999963264912366 0.0008785564568825065 -0.0023404513485729694
v 0.005999963264912366 0.00037364775198511774 -0.002471841173246503
v 0.005999961867928504 -0.0006407542969100176 -0.0024164305068552494
v 0.005999961867928504 -0.001549348118714988 -0.0019619616214185953
v 0.005999963264912366 -0.0022020854521542783 -0.0011834899196401238
v 0.005999810993671416 -0.002422701800242066 0.002231005812063813
v 0.006000022869557141 -0.0025416829157620664 0.0010334016988053918
v 0.005999986082315444 -0.0025421511381864543 0.00019551196601241827
v 0.005999962333589791 -0.0024456903338432308 -0.0005181331653147936
v 0.00596552388742566 0.0021755036432296033 0.004272758029401302
v 0.0059623285196721545 0.002976981922984123 0.004702255595475435
v 0.004314856138080358 0.009799192659556864 0.007504780311137438
v 0.004268383607268333 0.009983171708881853 0.007588480599224567
v 0.00454795965924859 0.009975318796932696 0.007425685413181782
v 0.005161319393664598 0.010025249794125555 0.007266658823937178
v 0.003937646280974149 0.011077531613409517 0.008159163407981396
v 0.004134595859795808 0.011100972071290014 0.007989802397787571
v 0.004324156325310468 0.009758841246366499 0.007508162874728441
v 0.004703421145677566 0.00820147432386875 0.0069508240558207035
v 0.004848699551075696 0.007927749305963515 0.006853560917079449
v 0.004883402027189731 0.007791236974298953 0.0068047125823795795
v 0.0050605740398168555 0.006787237245589494 0.0064447782933712006
v 0.005413907580077647 0.005130305886268615 0.005851298570632935
v 0.00543855782598257 0.005152315367013215 0.005581590346992016
v 0.006148274056613444 0.002366054337471723 0.004125142004340887
v 0.006192663684487342 0.002194099128246307 0.004032484255731106
v 0.0054970942437648765 0.004905571229755878 0.005471781361848116
v 0.00575316185131669 0.003882609540596604 0.004970393609255552
v -0.0060435282066464415 0.0026618831325322385 0.026822978630661964
v -0.006155806593596934 0.002760927658528089 0.026490990072488785
v -0.0060000019147992125 0.002621073508635163 0.027170425280928612
v -0.0063670510426163665 0.0029665543697774406 0.02610296942293644
v -0.006607221439480781 0.003230183850973844 0.025789877399802208
v -0.006000001449137925 -0.0012372198980301616 0.028148792684078217
v -0.0060000023804605 -0.001589532592333853 0.027461381629109383
v -0.0059997900389134875 -0.001750610186718404 0.028256313875317574
v -0.006000005174428224 0.0024991945829242464 0.03199436888098717
v -0.006000001449137925 0.002620887709781527 0.027177313342690468
v -0.005999998189508914 -0.0024768328294157978 0.0322703942656517
v -0.006000005640089511 -0.0024795860517770048 0.032250549644231796
v -0.005999978631734847 -0.002517227781936526 0.03160865604877472
v -0.005999990738928317 -0.0024730695877224203 0.032296422868967056
v -0.005999981891363858 -0.0023104897700250144 0.03288573771715164
v -0.005999982357025146 -0.0017326943343505261 0.03373325988650322
v -0.005999993998557328 -0.0008785403333604335 0.03427170217037201
v -0.006000008899718522 -0.000863190391100943 0.034277401864528656
v -0.006000008434057235 0.00015164077922236172 0.034426573663949966
v -0.006000008434057235 0.0011409514117985962 0.03415565565228462
v -0.006000008434057235 0.0019381926394999025 0.03351025655865669
v -0.006000008899718522 0.0024091484956443305 0.032599031925201416
v -0.005999890621751546 -0.002452868269756436 0.030935319140553474
v -0.006000223569571971 -0.0022580076474696393 0.03008919395506382
v -0.006137279327958821 -0.0009229562710970639 0.027676966041326523
v -0.006029672920703887 -0.0014854138717055319 0.027067117393016815
v -0.006035036873072385 -0.0013453236315399406 0.027365466579794884
v -0.006034796591848134 -0.0011082157725468276 0.027847344055771828
v -0.006134436465799808 -0.0012981789186596868 0.02680904045701027
v -0.0061318622902035705 -0.0013036887394264338 0.026811374351382256
v -0.006136468145996331 -0.0012219244381412862 0.027023863047361374
v -0.006067932117730378 -0.0014095811638981102 0.026916472241282463
v 0.006177129223942756 -0.002139980904757976 0.004690911620855331
v 0.006166004110127687 -0.0021478515118360515 0.0046712057664990425
v 0.006174575071781873 -0.00212759175337851 0.0046402402222156525
v 0.006143610924482345 -0.002163272118195891 0.004627920687198639
v 0.006064174231141805 -0.0022127269767224784 0.004424379672855139
v 0.006041395477950572 -0.002224346855655312 0.004334926139563322
v 0.006095539312809705 -0.0021411734633147712 0.00442270515486598
v 0.006063789594918489 -0.001882513635791838 0.004043835215270519
v 0.006244549993425607 -0.0020893346518278118 0.004785369150340557
v 0.006298331543803214 -0.0020232882816344495 0.004677392076700926
v 0.006217994261533021 -0.002010576659813523 0.004505367483943701
v 0.006086458452045917 -0.002199923852458596 0.00449289008975029
v 0.006267955992370843 -0.0018625388620421288 0.004382858518511057
v 0.006446748506277799 -0.0017869441071525214 0.004451096057891846
v 0.006369223818182944 -0.0019172113388776777 0.004562204238027334
v 0.0065305549651384345 -0.0016321896109730003 0.004339182749390602
v 0.006270535755902528 -0.00171390688046813 0.004242768511176109
v 0.006148335058242082 -0.0017927009612321851 0.0041497997008264065
v 0.006841602269560098 -0.0010443069040775297 0.003987092990428209
v 0.006883016321808099 -0.0009684927063062786 0.0039437091909348965
v 0.006614418234676122 -0.001462904270738363 0.004230212420225143
v 0.0063814958557486525 -0.0015032639494165776 0.004171312786638737
v 0.007269398309290408 0.0011471059406176207 0.003611446125432849
v 0.007265155669301747 0.0005964293377473949 0.0035471629817038774
v 0.007072885986417531 -0.0004919609636999666 0.003723685396835208
v 0.007203611079603433 3.884016041411086e-05 0.003585943952202797
v 0.0069239605218172065 -0.0010719927959144113 0.004019756801426411
v 0.0069671161472797385 -0.0009946472709998486 0.003975830506533384
v 0.007003822829574346 -0.001082820235751569 0.00407942570745945
v 0.00704856589436531 -0.0010036072926595805 0.004035541322082281
v 0.007065481040626763 -0.001072664395906031 0.004157853778451681
v 0.007145626470446586 -0.0009627749677747487 0.0041967169381678104
v 0.007100289221853017 -0.00104553229175508 0.004239523317664862
v 0.007111027371138333 -0.0009915059199556706 0.004114481154829264
v 0.007263022940605878 0.00150190619751811 0.0037452620454132557
v 0.005533188581466674 0.009183395653963087 0.006973241921514273
v 0.005682962946593761 0.008546848781406878 0.0067632016725838184
v 0.006061305291950702 0.00690406747162342 0.006200077012181282
v 0.0062873614951968184 0.00593331828713417 0.0058339182287454605
v 0.006411351729184388 0.005409758538007735 0.00562124140560627
v 0.006490750238299369 0.0050787017680704585 0.005480186548084021
v 0.006611905526369809 0.004580799955874681 0.005257094744592905
v 0.0069567086175084105 0.0031978015322238203 0.004565889481455088
v 0.007162055000662803 0.0022330097854137416 0.00407417630776763
v 0.007217746227979659 0.0018859878182411192 0.0039106737822294235
v 0.007285847328603267 0.0011439225636422632 0.0036112379748374224
v 0.003920642659068107 0.01252271234989166 0.010219867341220379
v 0.003919885493814944 0.012530941516160963 0.010312759317457676
v 0.004022320732474326 0.012507499195635317 0.010124887339770794
v 0.003925250377506017 0.012419891543686388 0.009663181379437447
v 0.004099905025213956 0.012461442500352858 0.00983409769833088
v 0.004377698991447686 0.012309202924370764 0.009323151782155037
v 0.003930106759071349 0.012215612456202505 0.009101876989006996
v 0.004620368126779794 0.012069058604538439 0.008820267394185066
v 0.004824865143746137 0.011729533784091471 0.00833446066826582
v 0.004997415002435445 0.01130517106503248 0.007906325161457062
v 0.00513749849051237 0.010863926261663435 0.007587468717247248
v 0.005471953190863132 0.010576212778687475 0.007610559929162264
v 0.00550182070583105 0.010540056973695753 0.007701469119638205
v 0.005510192830115556 0.01051109656691551 0.007689984515309334
v 0.005296067800372838 0.010535848326981066 0.007423610892146826
v 0.005311633460223674 0.010602822527289389 0.007462433073669672
v 0.005403585731983184 0.01054651755839586 0.007486293558031321
v 0.005405080504715442 0.010599561035633085 0.007523917593061924
v 0.0054796687327325335 0.01053645461797714 0.007584846578538418
v 0.005500631406903266 0.01052482984960079 0.007639234885573387
v -0.00601158570498228 -0.0022682710550725456 0.0046526528894901276
v -0.00599957164376974 -0.002264406997710466 0.004432925023138523
v -0.0059998505748808375 -0.002276969840750098 0.004650526214390993
v -0.006683618295937776 -0.001641309238038957 0.004549406003206968
v -0.0066485563293099395 -0.0016569963190704582 0.004470142535865307
v -0.006624847184866666 -0.001657989341765642 0.0044333660043776035
v -0.006594305858016013 -0.001653739367611706 0.004395667463541031
v -0.007379014045000075 0.0011418592184782026 0.0036315869074314833
v -0.007374576292932033 0.0005893831839784979 0.003567882813513279
v -0.007422517985105514 0.0011375759495422242 0.00365250650793314
v -0.007477747742086648 0.000581585511099547 0.0036359045188874006
v -0.007491791155189275 0.0011248008813709018 0.003707555588334799
v -0.0075446455739438525 0.0005751078133471309 0.0037399020511657
v -0.007541453000158071 0.0011069335741922257 0.0037802192382514477
v -0.007560545112937688 0.0005149270873516797 0.0038486612029373646
v -0.007571151014417409 0.0010269080521538851 0.0038962834514677525
v -0.007565656211227178 0.0010869629913941024 0.003855461720377207
v -0.007569771260023116 0.001073395484127104 0.0039050213526934385
v -0.007308780215680598 2.2314392481348474e-05 0.0036088619381189346
v -0.007408379111438989 1.4088538591749964e-05 0.0036758624482899904
v -0.00747496448457241 1.7666949133854356e-05 0.0037760152481496334
v -0.007494198624044656 1.2887928278360048e-05 0.0038843301590532064
v -0.007168606389313935 -0.0005164177273400127 0.003751350799575448
v -0.007260155864059924 -0.0005262241465970873 0.0038156132213771343
v -0.007325389422476291 -0.0005169855430722236 0.003906535916030407
v -0.00735499383881688 -0.0004905488458462058 0.004001273773610592
v -0.0069726528599858275 0.0043090982362627974 0.005433994345366955
v -0.006920380983501672 0.004526004195213317 0.0055356938391923904
v -0.0069119520485401145 0.004545902367681264 0.005488253198564053
v -0.00732129719108343 0.0018882446456700561 0.003936280030757189
v -0.007514950353652238 0.0017270772950723765 0.00415808754041791
v -0.007499742787331342 0.0018183204811066387 0.004142808727920055
v -0.007483392022550105 0.0018387840827926991 0.004092959687113762
v -0.007418535649776458 0.0018720726948231456 0.0040005710907280445
v -0.007357007823884486 0.002658726647496223 0.004601175896823406
v -0.007313466165214776 0.0028507325332611795 0.004642163403332233
v -0.007295176852494477 0.002872176934033632 0.00459327595308423
v -0.007227048743516206 0.002904583932831883 0.0045026191510260105
v -0.007128068711608647 0.0029160464182496067 0.004439519718289375
v -0.006718077231198548 0.004595892969518899 0.005279495846480131
v -0.006821080110967158 0.0045912088826298705 0.005343059077858925
v -0.006892631761729716 0.004564871080219745 0.005437179002910852
v -0.006599091459065675 0.005893451161682605 0.006117425858974457
v -0.006571080535650252 0.005927700549364089 0.006014314945787191
v -0.006499246228486299 0.0059488294646143905 0.005918750073760748
v -0.006395850330591201 0.0059500355273485175 0.0058551374822855
v -0.005793006625026464 0.008565526455640791 0.006782590411603451
v -0.005898054689168929 0.0085685309022665 0.006845956668257713
v -0.00597113650292158 0.008553013205528258 0.006943315267562866
v -0.006590463686734437 0.0059115844778716556 0.006066463887691498
v -0.005999520421028136 0.00852449983358383 0.007049162872135639
v -0.0059908092953264705 0.008539821952581404 0.006996797863394022
v -0.005199233070015906 0.010988241992890833 0.007686828728765249
v -0.0050784596242010585 0.011342909187078474 0.007958421483635902
v -0.004946923349052667 0.011656027287244795 0.008268596604466438
v -0.004797182511538266 0.011925814673304556 0.008612760342657566
v -0.004623299930244683 0.012147752568125723 0.008981463499367237
v -0.004424462094902991 0.012316497974097727 0.009357308968901634
v -0.004475018009543418 0.012309992685914038 0.009388481266796589
v -0.0042377570644021026 0.012433384545147417 0.00992403645068407
v -0.004301028791815042 0.012408059090375899 0.009832127951085567
v -0.004741409327834844 0.012112819589674471 0.009059690870344639
v -0.004932077135890721 0.011881076730787752 0.008705834858119488
v -0.004974167328327893 0.011835152283310888 0.008756912313401699
v -0.004854797851294278 0.01199583802372217 0.008977429009974003
v -0.0048008840531110755 0.012057374231517313 0.009071512147784233
v -0.004521588794887065 0.012292443774640558 0.009421569295227528
v -0.0046045035123825065 0.012234694324433802 0.00938788615167141
v -0.0045607397332787505 0.012265929020941256 0.009453837759792805
v -0.005248249508440494 0.01129610277712345 0.008194508031010628
v -0.005208563525229692 0.011391513049602507 0.008278417401015759
v -0.005231372546404599 0.01129611488431692 0.008081357926130295
v -0.0050929542630910865 0.011607030406594275 0.008376842364668846
v -0.005061012692749499 0.011693155393004416 0.008585729636251926
v -0.00503023900091648 0.011746203526854513 0.008647412061691284
v -0.0052675497718155375 0.01124741695821285 0.008153876289725304
v -0.004686131607741117 0.012138175778090952 0.00901840440928936
v -0.004870687145739793 0.011913335882127283 0.008655275218188763
v -0.00502825854346156 0.011642555706202982 0.008316487073898315
v -0.005165175534784793 0.011330837383866308 0.008011441677808762
v -0.0052898144349455825 0.010979726910591124 0.0077444626949727535
v -0.006066594272851943 -0.0014020421076565979 0.026857005432248116
v -0.006983607076108455 0.0031565949320793148 0.02500823140144348
v -0.0069356225430965415 0.0036905370652675624 0.025113198906183243
v -0.006921429187059402 0.004220415838062762 0.02432730421423912
v -0.006980811245739459 0.002138294512405991 0.02562296949326992
v -0.006934775505214929 0.002083133906126022 0.026230691000819206
v -0.006849511992186307 0.0011771649587899444 0.02674235962331295
v -0.006671702489256858 0.00033831433393061156 0.027189884334802628
v -0.006380284670740365 -0.00042977739940397436 0.027577213943004608
v -0.006413440685719251 -0.0007846899679861962 0.026565657928586006
v -0.006451697554439305 -0.0005248937522992491 0.0270382147282362
v -0.0065037114545702926 -0.0005772135918959974 0.02646486833691597
v -0.006572284270077943 -0.0003997650928795337 0.02637752890586853
v -0.0067775752395391456 0.00029715584241785104 0.026024285703897476
v -0.006736786570399999 0.00029183307196944947 0.02663310617208481
v -0.006885361392050981 0.000867424125317484 0.025722894817590714
v -0.006905818823724984 0.0011814482277259228 0.026163000613451004
v -0.00693374266847968 0.0012453248491510747 0.025516916066408157
v -0.006971915252506732 0.0016948847332969306 0.025265265256166458
v -0.00699552847072482 0.002256852108985185 0.024940362200140953
v -0.006995102390646934 0.0030076194088906045 0.024487877264618874
v -0.00697376811876893 0.0036187276709824796 0.024104103446006775
v -0.006914600264281034 0.004424476064741611 0.02358107455074787
v -0.006902306806296109 0.004544898867607116 0.023501554504036903
v -0.006776103284209966 0.00529618514701724 0.023611770942807198
v -0.006748024374246596 0.0056033353321254245 0.022791234776377678
v -0.006526914425194263 0.00634856754913926 0.02289552055299282
v -0.006507604848593473 0.0066000926308333865 0.02210960164666176
v -0.0065264240838587275 0.00619411515071988 0.023410042747855186
v -0.006286786869168281 0.0068724765442311755 0.022961001843214035
v -0.006170872133225202 0.0071374853141605845 0.02278686687350273
v -0.006391302216798066 0.006959189660847186 0.02186262607574463
v -0.006156056653708219 0.00716917123645544 0.02276609092950821
v -0.006171320565044879 0.007514649536460637 0.021480700001120567
v -0.005744088441133498 0.007900882512331007 0.022288525477051735
v -0.005838748533278703 0.008156048133969305 0.02104244753718376
v -0.006130818743258714 0.007603578735142945 0.021419677883386612
v -0.004959316924214362 0.008817789144814013 0.021688269451260567
v -0.0047199809923768035 0.009448256343603132 0.020192047581076622
v -0.005076481495052575 0.00870629772543907 0.02176199108362198
v -0.005226556677371263 0.008974867872893809 0.020495852455496788
v -0.005319896154105662 0.008450756780803202 0.021930010989308357
v -0.005419092252850532 0.008754377253353594 0.02064076066017151
v -0.005647128447890281 0.008452444337308405 0.020842211320996284
v -0.004559310618788003 0.009154110215604304 0.021464167162775993
v -0.004126776009798049 0.009456468746066092 0.021260755136609077
v -0.0041253846138715735 0.009869351983070372 0.01993132382631302
v -0.004038687795400619 0.009511668235063551 0.02122345007956028
v -0.003727619536221027 0.00969169847667217 0.02110142447054386
v -0.003442441346123814 0.010232592001557348 0.019715066999197006
v -0.0031725084409117694 0.009961711242794989 0.020917396992444992
v -0.0031498570460826154 0.010358043946325777 0.019642600789666176
v -0.0027930047363042827 0.010113717988133429 0.020813291892409325
v -0.003043390111997723 0.010399824008345602 0.01961875706911087
v -0.0023194737732410427 0.010271118022501467 0.020705129951238632
v -0.0010243866126984356 0.010541748255491255 0.02051825448870659
v -0.0010163845727220175 0.010880115441977976 0.019358467310667038
v -0.001425053342245519 0.010481325909495352 0.02056008018553257
v -0.0018298669019713996 0.010752138681709765 0.019424689933657646
v -0.0021282071247696872 0.01032522041350603 0.020667865872383118
v -0.0021121234167367216 0.01068872958421707 0.019458534196019173
v -0.002674282062798738 0.0105300135910511 0.019545475021004677
v 1.1254017717732265e-09 0.010605383664369581 0.020474106073379517
v 2.545041288826155e-09 0.010773354209959505 0.01989830657839775
v -0.000926006061490625 0.01088960003107786 0.019353706389665604
v 3.048007846118139e-09 0.010935443453490732 0.019331220537424088
v -0.0066142529249191276 0.005879124626517295 0.023620344698429108
v -0.006906916853040456 0.004102252889424562 0.024828463792800903
v -0.006854809820652007 0.00459792511537671 0.024487942457199097
v -0.006711076479405164 0.0054647200740873805 0.023898886516690254
v 0.005999999586492776 -0.0004508371057454496 0.02933945506811142
v 0.0059999972581863395 -0.0007328235660679637 0.02892201580107212
v 0.006004841998219489 -0.00043727012234739954 0.029184948652982712
v 0.006089325994253158 -0.00039002436096779997 0.02869126945734024
v 0.005999998189508914 -0.0002545987663324922 0.02994750812649727
v 0.005999999120831489 0.00029342359630390996 0.0299528818577528
v 0.005999999120831489 -0.0010617201915010808 0.030236322432756424
v 0.005999999120831489 -0.0016737886471673844 0.03083651326596737
v 0.005999998189508914 -0.0019783582538366313 0.03163781389594078
v 0.005999997723847627 -0.0019194775959476826 0.03249302878975868
v 0.005999999586492776 -0.0015079623553901909 0.0332450345158577
v 0.005999998655170201 -0.0008194138063117861 0.033755674958229065
v 0.005999999120831489 -0.000293423916446045 0.03390960022807121
v 0.005999999586492776 0.0008194134570658206 0.0301068052649498
v 0.005999998655170201 0.0015079620061442254 0.030617447569966316
v 0.006000000052154063 0.0019194772467017172 0.03136945143342018
v 0.006000000517815351 0.0019783589523285623 0.032224658876657486
v 0.005999998655170201 0.001673788297921419 0.033025968819856644
v 0.005999998655170201 0.0010617199586704371 0.03362615779042244
v 0.006000000517815351 0.00025459946482442314 0.033914968371391296
v 0.006120633799582719 -0.00038019884959794576 0.028593530878424644
v 0.00613535800948739 -0.00027761032106354827 0.02862357161939144
v 0.006033879239112138 -0.0003646404948085546 0.028971420601010323
v 0.006014988757669925 -0.0003484738117549568 0.029076730832457542
v 0.006128923501819371 -0.00022363582684192804 0.02863357588648796
v 0.006114050280302762 -0.00017301092157140371 0.028639337047934532
v 0.006827877834439277 0.0011798416962847111 0.02690761536359787
v 0.006887982599437236 0.00158492277842015 0.026609186083078384
v 0.006815198808908462 0.0012735660420730708 0.02694815769791603
v 0.006775163579732179 0.002343930304050445 0.02636200189590454
v 0.006684144958853721 0.0023638119455426927 0.02638307400047779
v 0.006608093623071908 0.0013957511400803921 0.02708487957715988
v 0.006858223117887973 0.0023051197640597816 0.026313887909054756
v 0.00691537745296955 0.002252907026559114 0.026245132088661194
v 0.006932072807103395 0.0020757333841174837 0.02625741995871067
v 0.0069466051645576945 0.0023609136696904893 0.02605533041059971
v 0.006955237593501805 0.0030627856031060214 0.025562163442373276
v 0.006717446260154246 0.0006950964452698826 0.02728450484573841
v 0.006713949609547853 0.0007935452158562838 0.02731294184923172
v 0.006565161980688571 0.0003354196087457239 0.027699753642082214
v 0.006615096237510442 0.0003824855666607618 0.027551492676138878
v 0.0063648615032434455 -6.292497710091992e-05 0.028122827410697937
v 0.006466778926551341 5.257329030428081e-05 0.02787790447473526
v 0.006242842879146337 -0.00027332638273946935 0.028328850865364075
v 0.006198310293257236 -0.00031830888474360103 0.028421493247151375
v 0.006242865230888127 -0.00016342721937689927 0.028382088989019394
v 0.006350263487547635 -3.6811140944337235e-06 0.028157152235507965
v 0.006765967234969138 0.0013299577403813598 0.02701110951602459
v 0.006672580260783433 0.0008519833791069685 0.027370093390345573
v 0.006535239983350038 0.000395279552321881 0.02774784527719021
v 0.006218929775059222 -1.856309427239466e-05 0.028360681608319283
v 0.006321379449218511 5.4322306823451065e-05 0.028183655813336372
v 0.0062820911407470694 0.00010543700045673175 0.02820027433335781
v 0.006486600264906882 0.000451227679150179 0.027783825993537903
v 0.00642547383904457 0.0004914756282232701 0.027808725833892822
v 0.006609144620597362 0.0009035047260113059 0.02741149440407753
v 0.006692517083138227 0.0013766735792160032 0.027055710554122925
v -0.006660015322268008 0.0047166901640594 0.024690330028533936
v -0.004859963431954383 0.008827459067106245 0.021775739267468452
v -0.005392996128648519 0.008328037336468695 0.02207256108522415
v -1.6383554513055285e-09 0.01049060747027397 0.020634537562727928
v -3.0348261681467643e-09 0.010561559349298475 0.02056402526795864
v -0.0002944754087366163 0.010485253296792505 0.020638320595026016
v -0.0007774774567224084 0.010524593293666838 0.020590007305145264
v -0.0049557448364794246 0.00859059579670429 0.021976109594106674
v -0.004224576521664857 0.009216981939971445 0.021533828228712082
v -0.004300690721720456 0.00927471090108156 0.021464696153998375
v -0.004019527230411767 0.009356864728033541 0.021435055881738663
v -0.0036751080770045515 0.009661775082349775 0.02119459956884384
v -0.0036142598837614055 0.009599618613719938 0.02126365154981613
v -0.003003864316269755 0.009979975409805773 0.020972011610865593
v -0.0028977266047149892 0.009938647039234636 0.021024268120527267
v -0.002288674004375934 0.010231860913336275 0.020795496180653572
v -0.0022537373006343837 0.01016409322619438 0.02086508646607399
v -0.0015407340833917258 0.010414310730993746 0.02066746912896633
v -0.0016106829280033705 0.010326118208467959 0.020750682801008224
v -0.0007658825488761066 0.010454018600285052 0.02066037245094776
v -0.006753406953066587 0.004693270195275544 0.024640770629048347
v -0.006509132217615842 0.0059531587176024905 0.02376307174563408
v -0.006422515027225017 0.0059653059579432 0.02381148748099804
v -0.006317109335213899 0.00657364772632718 0.023332897573709488
v -0.0062357974238693705 0.006579034030437469 0.02338002249598503
v -0.006067124661058187 0.007179836742579936 0.022913753986358643
v -0.005992625374346971 0.007178007625043391 0.022959208115935326
v -0.005747296847403049 0.007766524795442819 0.022508861497044563
v -0.005681297276169061 0.007757344283163547 0.02255239523947239
v -0.005343478173017501 0.008324209600687025 0.02212410233914852
v -0.005803839769214391 0.007761336863040923 0.022453080862760544
v -0.006128736305981874 0.007165432441979646 0.02285362407565117
v -0.00638200482353568 0.006550594232976436 0.023268723860383034
v -0.006575962994247674 0.005922376178205012 0.02369539625942707
v -0.006821642164140939 0.004650575574487447 0.024568332359194756
v -0.006560334470123052 0.004718382842838763 0.024710221216082573
v -0.006486625876277684 0.005220922175794839 0.024355387315154076
v -0.006330951116979121 0.005958382971584796 0.023834677413105965
v -0.006145571824163198 0.006581228226423263 0.02339489385485649
v -0.005914904177188872 0.007161132525652646 0.02298543229699135
v -0.00528749544173479 0.008308103308081625 0.0221656896173954
v -0.0052298959344625464 0.008281538262963293 0.022194329649209976
v -0.005663899704813956 0.007649405859410762 0.022640667855739594
v 0.00665881298482418 0.004716834053397178 0.024690750986337662
v 0.006560331210494041 0.004718380980193614 0.024710223078727722
v 0.006483105476945638 0.0052413884550333014 0.024340936914086342
v 0.006421411409974097 0.005965329241007566 0.02381191961467266
v 0.006330948788672685 0.005958381108939647 0.023834677413105965
v 0.00623477017506957 0.006578987464308738 0.023380456492304802
v 0.0060993656516075126 0.006710981018841266 0.023303275927901268
v 0.005991690792143344 0.007177886553108691 0.022959642112255096
v 0.005914902314543723 0.007161131128668784 0.022985434159636497
v 0.005680474452674388 0.007757149636745452 0.022552823647856712
v 0.005623448640108108 0.007717985659837722 0.022592244669795036
v 0.005286800675094127 0.008307839743793009 0.022166114300489426
v 0.0052298945374786845 0.008281538262963293 0.022194329649209976
v 0.0048599611036479464 0.00882745813578367 0.021775739267468452
v 0.0049195392057299605 0.008627602830529211 0.021949980407953262
v 0.004766375292092561 0.008776037953794 0.021845171228051186
v 0.004300687927752732 0.009274709969758986 0.021464696153998375
v 0.00393799366429448 0.009409106336534022 0.02139817178249359
v 0.0036751073785126205 0.009661774151027201 0.02119460143148899
v 0.0036142584867775436 0.009599617682397364 0.02126365341246128
v 0.0030038638506084676 0.009979975409805773 0.020972011610865593
v 0.0027351966127753253 0.010001998394727705 0.020979538559913635
v 0.0022886723745614286 0.0102318599820137 0.020795496180653572
v 0.0022537366021424528 0.01016409322619438 0.02086508646607399
v 0.0015407301252707837 0.010414310730993746 0.02066746912896633
v 0.0013977014459669588 0.010367219336330889 0.020721662789583206
v 0.0007774747791700064 0.010524593293666838 0.020590007305145264
v 0.0007658791728317736 0.010454018600285052 0.02066037245094776
v 0.000851487973704934 0.01056123524904251 0.02050473913550377
v 0.003186354180797934 0.009955553337931631 0.020921844989061356
v 0.0023988822940737005 0.010247123427689074 0.020721549168229103
v 0.002128156134858727 0.01032526884227991 0.020667847245931625
v 0.0016356483101844785 0.010441363789141176 0.02058781310915947
v 0.0010242648422718046 0.01054145861417055 0.02051844261586666
v 0.004455739632248878 0.009231747128069399 0.021411731839179993
v 0.004127019550651311 0.009456452913582323 0.02126075141131878
v 0.0038581232074648138 0.009618884883821009 0.02115105651319027
v 0.004977508913725614 0.008800783194601534 0.02169899456202984
v 0.00539353210479021 0.008328006602823733 0.022071901708841324
v 0.005418705753982066 0.008335986174643038 0.022005226463079453
v 0.005804436281323432 0.007761188317090272 0.02245236188173294
v 0.005794888362288474 0.007823579944670199 0.022339003160595894
v 0.006129364483058452 0.007165167480707168 0.02285284548997879
v 0.006153500173240899 0.00717449327930808 0.022762782871723175
v 0.0063826427794992915 0.0065502231009304515 0.02326788939535618
v 0.006429717876017093 0.006493580993264913 0.023211540654301643
v 0.006576599553227424 0.0059219133108854285 0.023694515228271484
v 0.0066803889349102965 0.0056053129956126204 0.0238044336438179
v 0.006822249386459588 0.004649979062378406 0.024567382410168648
v 0.0068482840433716765 0.0046485625207424155 0.024453971534967422
v 0.006943638436496257 0.0035251125227659936 0.02522812783718109
v 0.00675340462476015 0.004693267866969108 0.024640772491693497
v 0.006509131286293267 0.005953156854957341 0.02376307174563408
v 0.006317106541246175 0.006573645863682031 0.023332901298999786
v 0.006067123264074325 0.007179834879934787 0.02291375771164894
v 0.005747295916080474 0.007766523864120244 0.022508861497044563
v 0.005343475379049777 0.00832420866936445 0.02212410233914852
v 0.003698700107634067 0.008205450139939783 0.021298399195075035
v 0.0036994512192904945 0.009417978115379809 0.021391836926341057
v 0.0030336033087223764 0.00974869169294834 0.021158376708626747
v 0.0027111775707453485 0.009876998141407965 0.0210677869617939
v 0.002316665137186646 0.010009841062128542 0.020973987877368927
v 0.0007428578683175145 0.01031595654785633 0.020757850259542465
v -4.662005892441811e-09 0.010349809192121027 0.020733950659632683
v 0.0015978231094777582 0.010191234759986399 0.020845908671617508
v 0.001548048574477434 0.010201110504567621 0.020838936790823936
v -0.003699456108734011 0.009417978115379809 0.021391838788986206
v -0.0036987024359405036 0.008205450139939783 0.021298399195075035
v -0.0031486966181546445 0.009698208421468733 0.02119402401149273
v -0.0024129415396600957 0.009979736991226671 0.02099524438381195
v -0.0016306381439790127 0.010184543207287787 0.020850637927651405
v -0.0008214134140871464 0.01030838768929243 0.02076319418847561
v -0.006411100272089242 0.005075368098914622 0.01665557734668255
v -0.0038596699014306064 0.005075368098914622 0.016655579209327698
v -0.006406796630471944 0.005123116075992583 0.016621343791484833
v -0.0038656073156744237 0.005841781385242938 0.01604354940354824
v -0.006336050573736428 0.00582981202751398 0.016054218634963036
v -0.006259206216782331 0.006492634303867816 0.0153990238904953
v -0.003871639026328921 0.006478047464042901 0.015414997935295105
v -0.0061873970553278914 0.0070491903461515895 0.01472414005547762
v -0.0038781263865530487 0.007049392908811568 0.014723867177963257
v -0.006118456833064555 0.00754557130858302 0.013983236625790596
v -0.003884969279170036 0.007548910100013017 0.013977661728858948
v -0.006051998585462569 0.008002748712897299 0.013115711510181427
v -0.0038920999504625793 0.00797101855278015 0.013184153474867344
v -0.006004335358738898 0.00832422077655792 0.01231388095766306
v -0.0038994702044874425 0.008311109617352484 0.01235154364258051
v -0.005965419579297303 0.008587168529629706 0.011396204121410847
v -0.003916041925549506 0.008749588392674921 0.010461481288075447
v -0.0059413211420178405 0.008749588392674921 0.010461479425430298
v -0.003914786968380212 0.008731338195502756 0.010604621842503548
v -0.003907043952494859 0.008565504103899 0.011488436721265316
v -0.00593383191153407 0.0087913004681468 0.010268481448292732
v -0.003918701317161321 0.008836049586534498 0.010151894763112068
v -0.005905445665121078 0.008934132754802702 0.009980625472962856
v -0.0039210161194205275 0.009012411348521708 0.009882618673145771
v -0.005858740769326686 0.009157767519354819 0.009749096818268299
v -0.003922422416508197 0.009186627343297003 0.00972797442227602
v -0.003922898788005113 0.00926263630390167 0.009679066017270088
v -0.0057970769703388205 0.00943819712847471 0.009597192518413067
v -0.003924220334738492 0.009562141261994837 0.00956121739000082
v -0.003924733493477105 0.01002408657222986 0.00956154614686966
v -0.0056593362241983405 0.01002408657222986 0.009561548940837383
v -0.003924780990928411 0.009852890856564043 0.009537411853671074
v -0.005728348158299922 0.009737081825733183 0.009537123143672943
v -0.00575313763692975 0.009631150402128695 0.009548114612698555
v -0.003915286157280206 0.010835166089236735 0.010710212402045727
v -0.0054317694157361976 0.010835166089236735 0.010710211470723152
v -0.003917376045137643 0.010835444554686545 0.010463835671544075
v -0.005436975043267011 0.010823619551956652 0.010387317277491093
v -0.003923682030290364 0.010342003777623175 0.00969097763299942
v -0.003922033589333295 0.010577001608908175 0.009887817315757275
v -0.00547172175720334 0.010714079253375529 0.010082516819238663
v -0.003919959068298339 0.010745361447334288 0.01014460064470768
v -0.003918179310858249 0.010819181799888609 0.010365508496761322
v -0.005523574538528918 0.010538760572671889 0.009847071021795273
v -0.005577391944825648 0.010343426838517187 0.009691855870187283
v -0.005592822097241878 0.010285424068570135 0.009658602066338062
v -0.003846202045679092 0.006379577331244945 0.01830470561981201
v -0.0038456043694168325 0.006293557118624448 0.018366578966379166
v -0.006418088451027869 0.006293556187301873 0.018366578966379166
v -0.0038523175753653045 0.0071679302491247645 0.017674656584858894
v -0.006298697087913751 0.007128235884010791 0.017709314823150635
v -0.0038588331080973144 0.007873518392443655 0.016997797414660454
v -0.006163970567286014 0.007851934060454367 0.017020367085933685
v -0.0038658671546727415 0.008522565476596354 0.016252946108579636
v -0.006009752396494149 0.008541123010218142 0.016229543834924698
v -0.003869261825457215 0.008800634182989596 0.015887906774878502
v -0.005947011988610028 0.008800548501312731 0.015888024121522903
v -0.0038733277469873424 0.009106528945267199 0.015446186996996403
v -0.005865497980266809 0.009126402437686918 0.015415826812386513
v -0.00388114177621901 0.009618124924600123 0.014584263786673546
v -0.005478528328239917 0.0106646167114377 0.011729893274605274
v -0.0039062278810888524 0.010661580599844454 0.011743906885385513
v -0.005549040623009204 0.01038201618939638 0.012782408855855465
v -0.0038976310752332206 0.010400420054793356 0.012724784202873707
v -0.0056341495364904395 0.010037426836788653 0.013706972822546959
v -0.0038892563898116346 0.010051151737570761 0.013674515299499035
v -0.005684186238795518 0.009838228113949297 0.014148681424558163
v -0.005741039291024207 0.009614319540560244 0.014591388404369354
v -0.003858591197058558 0.004951850045472383 0.016758646816015244
v -0.006431992631405591 0.004840060602873563 0.016886690631508827
v -0.003856186289340257 0.004763525910675525 0.017006348818540573
v -0.006447005085647105 0.004688386805355548 0.01717834733426571
v -0.0038536326028406616 0.004655491560697555 0.017301088199019432
v -0.006454148329794406 0.0046414416283369056 0.01738866977393627
v -0.0038529012817889448 0.004641441162675618 0.01738867536187172
v -0.0064559467136859885 0.00463598221540451 0.017451366409659386
v -0.0038509487640112634 0.004640248138457536 0.017622852697968483
v -0.006463924422860145 0.004670505877584218 0.017784515395760536
v -0.0038485054392367597 0.004714166279882192 0.01791282556951046
v -0.006466265302151441 0.004709127359092235 0.017900435253977776
v -0.0038462115917354818 0.004887884948402642 0.01819543167948723
v -0.006469723768532275 0.004805751144886016 0.018086181953549385
v -0.003845229279249906 0.0050124810077249995 0.018318118527531624
v -0.006473311223089694 0.005020474083721637 0.0183247122913599
v -0.0038444984238594766 0.005141306202858686 0.018409887328743935
v -0.006473275832831859 0.005296155344694852 0.018486833199858665
v -0.003843567334115505 0.00545272696763277 0.018535368144512177
v -0.006470699794590472 0.005478217732161283 0.01854080893099308
v -0.0038440942298620935 0.005678837187588214 0.018561242148280144
v -0.006467258557677268 0.00560845760628581 0.018558504059910774
v -0.0038448497653007503 0.006001644767820834 0.018512213602662086
v -0.006424088031053542 0.006241428200155496 0.01840139739215374
v -0.006450636778026818 0.0059379860758781424 0.01853019744157791
v -0.0030993896070867773 0.009476726874709128 0.018095791339874268
v -0.0031295255757868286 0.009463417343795298 0.01810108684003353
v -0.003418574575334787 0.009435522370040415 0.01778160035610199
v -0.002286043250933289 0.009617473930120466 0.018478823825716972
v -0.00207365327514708 0.00965726003050804 0.018512658774852753
v -0.0020514852367341514 0.00946440640836954 0.01918460987508297
v -0.0016695189988240597 0.00956127233803272 0.019112974405288696
v -0.0022075667511671777 0.009417606517672537 0.01921955496072769
v -0.0029956747312098737 0.009105511009693144 0.019456937909126282
v -0.002708735410124063 0.009541095234453676 0.018336821347475052
v -0.0035665826871991153 0.009213630110025404 0.018281294032931328
v -0.0038550386670976873 0.009281822480261324 0.017510289326310158
v -0.0036572115495800968 0.009427972137928007 0.017408158630132675
v -0.00380396912805736 0.009464064612984656 0.017008548602461815
v -0.0034275148063898082 0.008867391385138033 0.01964208111166954
v -0.0038078092038631435 0.008603189140558241 0.01985088363289833
v -0.003834075294435024 0.008582781068980692 0.019866911694407463
v -0.0008993464871309697 0.00983043573796749 0.01852366141974926
v 6.527941381895274e-12 0.009868702851235865 0.018523989245295525
v -1.7980672506467952e-09 0.009804384782910345 0.018753767013549805
v -0.0018638708861544726 0.00969734415411949 0.01852373033761978
v -0.0010317906271666286 0.009673021733760832 0.01903182454407215
v -2.736170845452079e-09 0.009738806635141371 0.018985293805599213
v -0.003816047683358192 0.009472178295254706 0.01695740967988968
v -0.0038636997342109676 0.009571403264999388 0.016540968790650368
v -0.003814595518633723 0.010892833583056925 0.016970086842775345
v -0.0038646482862532134 0.010998625308275221 0.016542969271540642
v -0.003676018444821238 0.010831194929778574 0.017373161390423775
v -0.003446314018219709 0.010809424333274363 0.017749302089214325
v -0.0032725771889090534 0.010813712142407892 0.017945732921361923
v -0.003151143435388803 0.010821945033967493 0.018056603148579597
v -0.002767592435702681 0.010863189585506914 0.0183099415153265
v -0.0023876237682998176 0.010916912928223608 0.018455874174833298
v -0.0020745329093188043 0.010966539382934569 0.018514491617679596
v -0.0018647253746166823 0.011001955717802046 0.01852557435631752
v -0.00393915083259344 0.01110110431909561 0.007988103665411472
v -0.0039538214914500705 0.005131291691213845 0.0058385939337313175
v -0.003965603653341531 0.0021768540609627958 0.00425535487011075
v -0.0040008053183555594 0.0024889253545552488 0.00023371915449388325
v -0.00401689251884818 0.0018659883644431827 -0.0016636137152090669
v -0.004016624763607978 0.0018884541932493446 -0.0016380657907575369
v -0.004004760179668664 0.0024852266069501634 -0.0002704643411561847
v -0.004008714575320481 0.0023804074153304096 -0.0007636509253643453
v -0.004012670833617448 0.002178751630708575 -0.0012257829075679183
v -0.004006723873317241 -0.0023583502043038602 -0.00082947569899261
v -0.0040040542371571055 -0.0024445760063827033 -0.0005233583506196737
v -0.004010592121630906 -0.0021479395218193527 -0.0012791313929483294
v -0.004014105536043643 -0.001845911028794944 -0.001685944851487875
v -0.004016562830656766 -0.0015493244864046571 -0.0019619797822088003
v -0.004021134693175553 -0.000640733866021037 -0.0024164358619600534
v -0.004019686020910739 -0.0010094428434967993 -0.0022870830725878477
v -0.004017136059701442 -0.0014667081413790581 -0.0020244813058525324
v -0.004022767301648854 0.0003829897905234247 -0.0024704134557396173
v -0.004022446926683187 -9.295281051890923e-05 -0.0024982013273984194
v -0.004021280910819768 -0.0005948608741164206 -0.002428133739158511
v -0.004022113047540187 0.0008785541867837309 -0.0023404520470649004
v -0.004021253436803817 0.0010613912018015979 -0.0022634081542491913
v -0.004019071348011493 0.0014942202251404522 -0.002004209440201521
v -0.005765119101852178 -0.0024421906564384695 0.004627365153282881
v -0.005444137845188378 -0.0026417025364935394 0.00460584182292223
v -0.005012334324419498 -0.0027947821654379363 0.003303204197436571
v -0.004651599097996949 -0.0030367746949195857 0.004569604527205229
v -0.004805060569196939 -0.002969282446429133 0.0045759668573737144
v -0.003959393594413995 -0.003298639319837093 0.004544142168015242
v -0.00397087913006544 -0.0031685007270425554 0.0032959405798465014
v -0.005002063233405351 -0.002747205318883061 0.0020070187747478485
v -0.004985946230590343 -0.0025628826115280385 8.673723641550168e-05
v -0.00399358570575714 -0.0027112211100757118 0.000728636747226119
v -0.004991441033780574 -0.002653044648468494 0.0007253609946928918
v -0.003983930684626102 -0.0029311352409422393 0.0018403538269922137
v -0.00398245034739375 -0.0029619333799928422 0.0020078762900084257
v -0.0055067362263798705 -0.0026071791071444745 0.0007251468487083912
v -0.005515846889466046 -0.0026070962194353338 0.002009533578529954
v -0.0055243964307010165 -0.0025611950550228353 0.0033138624858111143
v -0.0041000358760356894 0.0029685152694582935 0.026100093498826027
v -0.003776072524487972 0.00296851503662765 0.026100093498826027
v -0.004676603712141513 0.0031301209237426515 0.025893837213516235
v -0.0037790716160088773 0.003263069316744804 0.025758789852261543
v -0.00566971069201827 0.003466649446636438 0.02559405378997326
v -0.00378081202507019 0.003466644091531634 0.025594055652618408
v -0.0037965024821460243 0.0057678408920764914 0.023969173431396484
v -0.005680648144334554 0.005767848342657088 0.023969188332557678
v -0.0056852628476917735 0.005698928609490394 0.024017853662371635
v -0.0056872572749853125 0.005651162471622228 0.02405158057808876
v -0.0057125953026115886 0.004324120935052632 0.02498859167098999
v -0.005681642331182956 0.003617720445618033 0.02548738196492195
v -0.0056454422883689395 0.006137655116617679 0.023708052933216095
v -0.005002667661756276 0.008128178305923937 0.02230256423354149
v -0.005289309658110141 0.007559779565781354 0.022703904658555984
v -0.005505027249455451 0.006915427278727292 0.023158876225352287
v -0.0038209066260606046 0.00934532657265663 0.021443169564008713
v -0.004224950447678565 0.009050644934177397 0.021651217713952065
v -0.004633875563740729 0.008642041124403475 0.021939730271697044
v -0.003820895683020353 0.008120536804199217 0.021348100155591965
v -0.0038286980707198377 0.008404785767197607 0.020444385707378387
v -2.4153570848284286e-05 0.009320280514657496 0.020411429926753044
v -8.92837852006778e-06 0.009320316836237906 0.020411398261785507
v -0.003917099442332982 -0.0035703703761100765 0.009384147822856903
v -0.003916912712156772 -0.002361798426136374 0.009499268606305122
v -0.003895247587934136 -0.0035802100319415327 0.009525749832391739
v -0.0038741624448448415 -0.0023798902984708543 0.009696412831544876
v -0.003882109653204679 -0.003585299244150519 0.00956297479569912
v -0.003741121385246515 -0.002436222974210977 0.009870183654129505
v -0.0037859373260289426 -0.003620353993028402 0.009714133106172085
v -0.0036129441577941175 -0.002487844787538051 0.009944954887032509
v -0.0036130247171968217 -0.003678655950352549 0.0098315654322505
v -0.0034888249356299634 -0.003717942396178841 0.009904029779136181
v -0.003436090657487511 -0.0025539523921906944 0.01006599422544241
v -0.0034609811846166845 -0.0037265555001795288 0.009928335435688496
v -0.003329901490360498 -0.002590649994090199 0.010253016836941242
v -0.003354640211910009 -0.0037593494635075326 0.0100759482011199
v -0.0033088373020291324 -0.0025965610984712835 0.010396701283752918
v -0.003308802610263228 -0.003774080658331513 0.010284623131155968
v -0.0033088568598031993 -0.002333685755729675 0.01472890842705965
v -0.003308808663859963 -0.0035798077005892988 0.014727188274264336
v -0.0033088412601500745 -0.0025139520876109596 0.012414418160915375
v -0.0033088037744164463 -0.0037366021424531932 0.012085910886526108
v -0.0032646651379764076 -0.0035746647045016284 0.015021032653748989
v -0.0032687173224985595 -0.002326800255104899 0.015009395778179169
v -0.003248734166845679 -0.003576828399673104 0.015068575739860535
v -0.003164477180689573 -0.002351688919588923 0.015246494673192501
v -0.0031284878496080633 -0.00360084930434823 0.015299980528652668
v -0.002966323401778936 -0.002412976231426 0.015482291579246521
v -0.0023088767193257804 -0.002611996373161673 0.015728522092103958
v -0.0023088308516889806 -0.0038033789023756977 0.015726855024695396
v -0.0023955693468451496 -0.0025875535793602462 0.015724793076515198
v -0.0026229594368487592 -0.003727257018908858 0.015676340088248253
v -0.002708845073357224 -0.00249429908581078 0.015645211562514305
v -0.0029003974050283428 -0.003657363355159759 0.015533310361206532
v -0.0030155691783875223 -0.003628114471212029 0.01543456595391035
v 0.004014210775494575 0.00022012458066456017 -0.0014837241033092141
v -0.004014191217720508 0.0002200821763835847 -0.0014837310882285237
v 0.004013729281723498 0.0005269806133583187 -0.0014043417759239674
v -0.00401373067870736 0.0005271885893307625 -0.001404265989549458
v 0.004012207500636577 0.0008634986588731407 -0.0012264801189303398
v -0.004012292250990867 0.0008500448311679064 -0.001235846197232604
v 0.004010290373116731 0.0011111239437013862 -0.0010076140752062201
v -0.004009916447103023 0.0011494958307594059 -0.0009636101895011961
v 0.004008957184851169 0.0012361566768959162 -0.000849592499434948
v -0.004008958581835031 0.0012361566768959162 -0.0008495922666043043
v 0.004007704090327024 0.0013280636630952356 -0.0006972335395403206
v -0.004007115960121154 0.0013636143412441013 -0.0006248528370633721
v 0.004004779271781444 0.0014621517620980737 -0.0003346604062244296
v -0.004004076588898896 0.0014794747112318871 -0.0002470662584528327
v 0.004003318957984447 0.0014920844696462152 -0.00015352826449088752
v -0.0040033203549683085 0.0014920842368155716 -0.00015352659102063626
v 0.004002008587121963 0.0014999465784057973 6.9544325924653094e-06
v -0.004000824410468339 0.0014925240539014337 0.00014919308887328953
v 0.003999088890850543 0.00145846139639616 0.0003503971383906901
v -0.003997699823230504 0.0014112074859440325 0.0005083140567876399
v 0.003997066523879766 0.0013832603581249712 0.0005800655926577747
v -0.003997071646153926 0.0013832605909556148 0.0005800675717182457
v 0.003996036946773528 0.0013278181431815026 0.0006977019947953522
v -0.003994886297732591 0.001249172957614064 0.0008303329232148826
v 0.003993196878582238 0.0011000609956681726 0.0010196823859587312
v -0.003992384765297174 0.001007153303362429 0.0011115449015051126
v 0.003991801757365464 0.0009362860000692307 0.0011718585155904293
v -0.0039918278343975535 0.0009362860000692307 0.0011718608438968658
v 0.00399098778143525 0.0008177034324035047 0.0012574783759191632
v -0.0039905370213091365 0.0007367669022642075 0.0013065449893474579
v 0.003989307209849357 0.00048612058162689204 0.00141900556627661
v -0.003989028744399547 0.0003974668798036873 0.0014463437255471945
v 0.003988351672887801 0.00016082859656307844 0.0014913148479536176
v -0.003988204058259725 3.870984437526203e-05 0.0014994618250057101
v 0.0039880978874862185 -0.00022012340195942667 0.0014837252674624324
v -0.003988109063357114 -0.00022008187079336491 0.0014837317867204547
v 0.003988583106547593 -0.0005269807879813014 0.0014043432893231511
v -0.003988587297499179 -0.0005272062262520193 0.0014042583061382174
v 0.003989036194980144 -0.0006598519394174217 0.0013470281846821308
v 0.0039892145432531825 -0.0007004451472312211 0.001326371799223125
v -0.003990027587860822 -0.000850085460115224 0.0012358160456642509
v 0.003990906756371259 -0.0009796697413548825 0.0011358405463397503
v -0.003992402926087379 -0.0011494837235659359 0.0009636253234930336
v 0.003993347752839326 -0.001235539326444268 0.0008504885481670499
v -0.003993503283709287 -0.0012478117132559417 0.0008323779911734164
v 0.003996131941676139 -0.001410988508723676 0.000508921395521611
v -0.003995200153440236 -0.0013635872164741156 0.0006249120342545211
v 0.003999128006398677 -0.0014937102096155284 0.00013681153359357268
v -0.003998238593339919 -0.0014794605085626242 0.0002471540938131511
v -0.00399912754073739 -0.0014936698134988544 0.0001372578408336267
v 0.0040023215115070334 -0.0014794464223086832 -0.00024723491515032947
v -0.004001489840447902 -0.001492535346187651 -0.00014908594312146306
v -0.004004613496363162 -0.0014113307697698472 -0.0005079685361124575
v 0.0040054083801805964 -0.0013751920778304336 -0.0005989465862512589
v -0.0040053403936326495 -0.0013786110794171689 -0.0005910313921049237
v 0.00400835508480668 -0.0011724736541509626 -0.0009355187648907304
v -0.004007420502603053 -0.001249758177436888 -0.0008294518920592964
v 0.004010869190096854 -0.0008832138846628367 -0.0012123616179451346
v -0.004009919706732034 -0.0010077491169795392 -0.0011110019404441118
v -0.004010521341115235 -0.0009304395643994211 -0.0011765062808990479
v 0.004012659192085265 -0.0005605009500868617 -0.0013913048896938562
v -0.00401175720617175 -0.0007382617332041262 -0.0013057005126029253
v 0.004013884812593459 -0.0001793298288248479 -0.0014892054023221135
v -0.00401408178731799 -3.956900036428123e-05 -0.0014994415687397122
v -0.004013259429484605 -0.00039875257061794395 -0.0014459886588156223
v 0.0006682571256533264 0.009711570106446741 0.01900436170399189
v 0.0010317864362150429 0.009673029184341429 0.019031796604394913
v 0.0011136757675558326 0.009661918506026266 0.01903977058827877
v 0.0014161409344524143 0.00961276516318321 0.019075311720371246
v 0.0020514866337180133 0.009464424103498457 0.019184546545147896
v 0.0021070805378258224 0.009448259137570856 0.019196592271327972
v 0.0038286994677036996 0.008404798805713652 0.020444337278604507
v 0.003820894984528422 0.008120535872876642 0.021348100155591965
v 0.0027356338687241073 0.0092239324003458 0.019366005435585976
v 0.0032994879875332113 0.008944062516093252 0.01958206109702587
v 0.0038078066427260633 0.008603226393461226 0.01985076069831848
v 0.003820904996246099 0.00934532657265663 0.021443169564008713
v 0.0037964989896863695 0.0057678408920764914 0.023969175294041634
v 0.005680643022060393 0.005767850205302238 0.023969188332557678
v 0.005566155072301625 0.0066441516391932956 0.023350419476628304
v 0.005374413449317216 0.007341186981648206 0.02285825088620186
v 0.005112084094434976 0.007935711182653902 0.02243846282362938
v 0.004829382523894309 0.008392101153731344 0.02211620844900608
v 0.004442112985998391 0.008849672041833399 0.021793125197291374
v 0.004033217206597327 0.009203383699059485 0.021543370559811592
v 0.003780809929594397 0.0034666429273784156 0.025594057515263557
v 0.005669708363711833 0.0034666496794670816 0.02559405378997326
v 0.0056816372089087954 0.003617720445618033 0.02548738196492195
v 0.005685258656740188 0.005698930006474256 0.024017853662371635
v 0.005687254015356301 0.005651162471622228 0.02405158057808876
v 0.005712886806577443 0.004803196992725133 0.024650312960147858
v 0.004017746075987815 0.0017281866166740654 -0.0018063485622406006
v 0.004016889259219169 0.0018659916240721939 -0.0016636119689792395
v 0.00401993142440915 0.0013303196756169198 -0.002116552786901593
v 0.004022113047540187 0.0008785620448179542 -0.002340457169339061
v 0.004022758919745683 0.00042116953409276897 -0.0024641910567879677
v 0.004022771026939153 0.00037364775198511774 -0.0024718446657061577
v 0.004019692074507474 -0.0010099178180098531 -0.002286875154823065
v 0.004021141678094863 -0.0006407549371942877 -0.002416428178548813
v 0.004021423403173684 -0.0005505329463630914 -0.0024385638535022736
v 0.0040225051343441 -5.5560572945978486e-05 -0.0024993130937218666
v 0.004017646424472331 -0.0013896465534344313 -0.0020781331695616245
v 0.004016574006527661 -0.0015493482351303098 -0.001961960457265377
v 0.004004056565463542 -0.0024445834569633003 -0.0005233250558376312
v 0.004008203744888305 -0.002291457029059529 -0.0009995308937504888
v 0.004011469427496194 -0.002084631938487291 -0.0013798995641991496
v 0.00401475466787815 -0.0017768591642379759 -0.0017585665918886662
v 0.004001066554337739 0.002491902559995651 0.00019983178935945034
v 0.004000800661742686 0.0024889276828616853 0.00023370237613562495
v 0.004005024675279855 0.00248131132684648 -0.00030428587342612445
v 0.004008978139609098 0.0023697812575846906 -0.000796015199739486
v 0.0040129334665834895 0.00216185487806797 -0.0012553451815620065
v 0.00396560039371252 0.0021768540609627958 0.004255357198417187
v 0.003953821025788783 0.005131291691213845 0.0058385939337313175
v 0.003939146175980567 0.01110110431909561 0.007988101802766323
v 0.003863695310428738 0.009571405127644537 0.016540970653295517
v 0.0038550351746380325 0.009281810373067854 0.01751033402979374
v 0.003861972130835056 0.009551699273288248 0.01660793647170067
v 0.003803952364251017 0.009464052505791186 0.017008613795042038
v 0.003741325112059712 0.009439694695174692 0.017212672159075737
v 0.0031295053195208307 0.009463415481150149 0.01810111664235592
v 0.003272884292528033 0.009452052414417265 0.017942752689123154
v 0.0035665617324411865 0.009213631972670553 0.018281323835253716
v 0.003551036119461059 0.009426819160580633 0.01759689301252365
v 0.0025145143736153837 0.009575800038874148 0.018414705991744995
v 0.0029247873462736602 0.00950441602617502 0.018218863755464554
v 0.002073657931759953 0.00965726003050804 0.018512655049562454
v 0.0018638727487996218 0.009697343222796915 0.01852373220026493
v 0.0010284064337611196 0.009818428196012972 0.018523644655942917
v 0.0038210756611078973 0.008592943660914896 0.01985878311097622
v 0.0038340706378221508 0.008582780137658117 0.01986691728234291
v -0.004100035410374402 -0.0001483887172071263 0.025468945503234863
v -0.003779459279030561 -0.0001483889791416004 0.025468945503234863
v -0.004100034944713115 0.002722888952121138 0.026595350354909897
v -0.005505736451596021 0.0026208874769508834 0.027177315205335617
v -0.0041000358760356894 0.0026208879426121707 0.02717731148004532
v -0.004100036341696977 0.002499194117262959 0.031994372606277466
v -0.004100035410374402 0.0026104571297764774 0.027590200304985046
v -0.005459398496896028 -0.002473072381690144 0.03229643031954765
v -0.004100036341696977 -0.002473065862432122 0.03229643777012825
v -0.004100036341696977 -0.0023104904685169454 0.03288574516773224
v -0.0041000358760356894 -0.0017326939851045606 0.03373325988650322
v -0.004100036341696977 -0.0008785402751527726 0.03427170217037201
v -0.004100036341696977 0.0024091484956443305 0.032599035650491714
v -0.0041000358760356894 0.0019381925230845807 0.03351026028394699
v -0.0041000358760356894 0.0011409514117985962 0.03415565937757492
v -0.0041000358760356894 0.00015164070646278557 0.034426573663949966
v -0.004100036341696977 -0.0008631900418549775 0.034277405589818954
v -0.004100036341696977 -0.0030429768376052375 0.02757273241877556
v -0.0038138455711305137 -0.0031778973061591382 0.02762741781771183
v -0.0038372369017451997 -0.0031677109654992814 0.027626801282167435
v -0.003895650617778301 -0.0031436800491064783 0.0276524368673563
v -0.003940545953810214 -0.003125961404293775 0.02769889310002327
v -0.004547079559415578 -0.0027985528577119108 0.027471883222460747
v -0.0039597530849277965 -0.0031183089595288034 0.02772742696106434
v -0.004034808371216058 -0.0030844723805785175 0.02792953886091709
v -0.004473042674362659 -0.002850817050784826 0.028076494112610817
v -0.0040476666763424865 -0.0030765288975089784 0.027994614094495773
v -0.0040694139897823325 -0.0030566065106540914 0.02817096933722496
v -0.005589614156633615 -0.0019885846413671966 0.02712290920317173
v -0.005106146913021802 -0.002418050309643149 0.02731063775718212
v -0.00561497127637267 -0.0020973645150661464 0.028396518900990486
v -0.0050831413827836505 -0.0024668029509484764 0.0279244352132082
v -0.005999969784170388 -0.0014980839332565663 0.02690144069492817
v -0.005479028914123773 -0.0025369662325829263 0.03165911138057709
v -0.005505862645804881 -0.0025251959450542922 0.030992453917860985
v -0.004076404497027396 -0.00304553797468543 0.02826962247490883
v -0.004081846680492162 -0.0030324819963425394 0.02838360145688057
v -0.0044632130302488795 -0.002815902233123779 0.028687337413430214
v -0.004089770838618278 -0.0029891526792198415 0.028725797310471535
v -0.004427276551723479 -0.0027325120754539962 0.029893334954977036
v -0.004100035410374402 -0.002870363183319568 0.029555121436715126
v -0.004100035410374402 -0.002596128964796662 0.031498249620199203
v -0.0055369376204907885 -0.002443771110847592 0.03033663146197796
v -0.005568217951804399 -0.002327203750610351 0.029690474271774292
v -0.005015901289880275 -0.002548955380916595 0.029801778495311737
v -0.005066121462732553 -0.0024851846974343057 0.028556622564792633
v -0.004954674281179904 -0.0025903375353664155 0.031052526086568832
v -0.004927456378936767 -0.0025525921955704685 0.03168833255767822
v -0.004384887404739856 -0.0026362075004726644 0.031102506443858147
v -0.0041000358760356894 -0.00248103286139667 0.03224436193704605
v -0.003813665127381682 -0.0031611497979611154 0.027661137282848358
v 0.002308872295543551 -0.002611995907500386 0.015728522092103958
v 0.0023088294547051187 -0.0038033791352063413 0.015726855024695396
v 0.0014948460739105938 -0.0027903923764824863 0.015728462487459183
v 0.001987227471545338 -0.003872356144711375 0.01572684571146965
v 0.0006101028411649166 -0.002890648320317268 0.01572837308049202
v 0.0010658644605427978 -0.004008195362985133 0.015726575627923012
v -2.0186063931504346e-09 -0.0029101101681590076 0.01572808437049389
v -2.010276167752067e-09 -0.004061480052769183 0.015726493671536446
v -0.000584458524826914 -0.002892287448048591 0.01572813279926777
v -0.0010450780391693113 -0.004010954406112432 0.015726566314697266
v -0.0014453720068559048 -0.002798354951664805 0.015728263184428215
v -0.0020494293421506877 -0.003860063152387738 0.01572677493095398
v 0.003308851737529039 -0.0023336852900683876 0.014728905633091927
v 0.003308805869892239 -0.003579807467758655 0.014727186411619186
v 0.003261735429987311 -0.003574386471882462 0.015030616894364357
v 0.0026227049529552455 -0.0037275915965437885 0.015676667913794518
v 0.002400925382971763 -0.0025860506575554605 0.015724480152130127
v 0.002673060400411486 -0.002505293115973472 0.015660174190998077
v 0.0029011475853621955 -0.0036570669617503877 0.015532977879047394
v 0.0029581158887594934 -0.0024154549464583393 0.015489588491618633
v 0.0030156592838466163 -0.0036280697677284475 0.015434511937201023
v 0.003015639260411262 -0.002397164003923535 0.015436342917382717
v 0.0031173361930996175 -0.003603241173550486 0.015315740369260311
v 0.0031616974156349893 -0.002352420706301927 0.015251226723194122
v 0.0032684672623872753 -0.0023267869837582107 0.015010437928140163
v 0.0033088352065533395 -0.002596561564132571 0.010396702215075493
v 0.003308798419311642 -0.0037740804255008693 0.010284623131155968
v 0.00330884288996458 -0.0025166703853756185 0.012371262535452843
v 0.003308921121060848 -0.003729580901563167 0.012254094704985619
v 0.003328968537971377 -0.002591241151094436 0.010254163295030594
v 0.003355663968250155 -0.0037594926543533798 0.010072966106235981
v 0.0034351607318967576 -0.0025547845289111133 0.010066583752632141
v 0.003460734616965055 -0.0037270602770149703 0.00992798525840044
v 0.0034916291479021306 -0.003717396408319473 0.009901181794703007
v 0.0036129399668425317 -0.0024878452531993385 0.009944955818355083
v 0.003613021923229098 -0.0036786561831831928 0.00983156356960535
v 0.003916910383850335 -0.0023617979604750867 0.009499269537627697
v 0.003917096648365258 -0.0035703703761100765 0.009384146891534328
v 0.003897845512256026 -0.0035791234113276 0.009518246166408062
v 0.003874314716085791 -0.0023797790054231878 0.00969646591693163
v 0.003791993716731667 -0.003618141636252403 0.009708000347018242
v 0.003765042638406157 -0.00242609204724431 0.009850138798356056
v 0.003741394262760877 -0.002435923088341951 0.009870837442576885
v 0.0054944334551692 -0.002612182637676596 0.0046084304340183735
v 0.005999837536364793 -0.0022651897743344303 0.004451143089681864
v 0.005999848246574401 -0.002276969142258167 0.004650540184229612
v 0.0049853408709168425 -0.0025628181174397464 8.62841698108241e-05
v 0.004990835674107074 -0.0026530490722507234 0.0007249753689393401
v 0.003992942627519368 -0.0027111633680760856 0.0007282508304342628
v 0.003986093215644359 -0.0028663519769906993 0.0014991171192377806
v 0.005001457873731851 -0.0027473436202853914 0.002006763592362404
v 0.0039815851487219325 -0.002962039085105061 0.0020076236687600613
v 0.005011727567762136 -0.002795029198750853 0.0033030712511390448
v 0.003970885183662175 -0.003158615436404943 0.0032224233727902174
v 0.005505839362740516 -0.0026072482578456397 0.0007247612811625004
v 0.005514957476407289 -0.002607368631288409 0.0020092716440558434
v 0.005523514933884143 -0.0025616341736167665 0.0033137162681668997
v 0.004816558677703141 -0.0029640211723744865 0.004575890488922596
v 0.003959392197430133 -0.003298639319837093 0.004544142633676529
v 0.006011583376675843 -0.0022682710550725456 0.004652653820812702
v 0.006683617830276488 -0.0016413095872849224 0.004549408331513405
v 0.006649359595030545 -0.0016568711725994942 0.0044715492986142635
v 0.006624844390898942 -0.0016579894581809638 0.004433365538716316
v 0.006595043465495109 -0.001653899438679218 0.004396485630422831
v 0.0075714527629315844 0.0010154030751436947 0.003894207766279578
v 0.007560979109257459 0.0005212266114540397 0.003848927328363061
v 0.007544648833572864 0.0005751051357947289 0.003739922773092985
v 0.007325394079089164 -0.0005169895011931657 0.003906555939465761
v 0.007353218272328376 -0.0004954749019816517 0.0040028952062129974
v 0.00753653235733509 0.00027375580975785846 0.0038564526475965977
v 0.007494973484426736 1.6743031665100713e-05 0.003883764613419771
v 0.007474969141185283 1.7664689949015152e-05 0.003776031546294689
v 0.007440054323524236 -0.00021949599613435564 0.003928042948246002
v 0.007477752398699521 0.0005815831245854496 0.0036359166260808706
v 0.0075219934806227675 0.0011147718178108332 0.0037458797451108694
v 0.007549721747636794 0.0011014877818524835 0.0037987856194376945
v 0.007567939814180135 0.0010824707569554446 0.0038714618422091007
v 0.007569771260023116 0.0010733375092968343 0.003905045799911022
v 0.007336808368563651 0.0011436776258051393 0.003618601942434907
v 0.007379026152193545 0.001141392858698964 0.003631484927609563
v 0.007374579552561044 0.0005893804482184349 0.0035678870044648647
v 0.007416396401822566 0.0011377108749002216 0.0036489309277385473
v 0.0074881832115352145 0.001125051639974117 0.0037036207504570484
v 0.00730878161266446 2.2309801352093924e-05 0.003608867060393095
v 0.007168604526668786 -0.0005164243048056959 0.003751356154680252
v 0.007260161917656659 -0.0005262301419861614 0.003815624862909317
v 0.007408383768051862 1.4084115719015243e-05 0.0036758724600076675
v 0.007499746978282928 0.0018183060456067322 0.004142843186855316
v 0.007499641273170709 0.0018426864407956598 0.004209249746054411
v 0.0067180502228438846 0.0045958920381963244 0.005279483739286661
v 0.007074397057294845 0.0029134843498468395 0.004422210622578859
v 0.0072677978314459315 0.0018890844658017156 0.003918638918548822
v 0.007483400404453277 0.0018387751188129184 0.004092982038855553
v 0.007418539375066756 0.0018720709485933182 0.004000573884695768
v 0.007321279030293225 0.0018882448785006998 0.00393627630546689
v 0.0072974967770278445 0.002937868935987353 0.004743510857224464
v 0.007313469424843787 0.0028507185634225603 0.004642194602638483
v 0.007295186631381511 0.0028721669223159547 0.004593301098793745
v 0.007227051071822642 0.0029045830015093084 0.004502621479332447
v 0.007128052413463592 0.0029160452540963884 0.0044395155273377895
v 0.006920380052179097 0.0045259883627295485 0.005535731092095375
v 0.006911949254572391 0.004545903299003839 0.005488251801580191
v 0.006892626173794269 0.004564872477203607 0.005437172949314117
v 0.0068210652098059646 0.004591211210936307 0.00534304603934288
v 0.006130779162049293 0.007947067730128763 0.006857370492070913
v 0.006590318866074084 0.00593138625845313 0.006131601985543966
v 0.00659095961600542 0.005910948384553193 0.006068369839340448
v 0.006394507363438605 0.005949927959591149 0.005854625254869461
v 0.005675275344401597 0.009895808063447474 0.007494114339351654
v 0.0059994389303028575 0.008524520322680472 0.007049045525491238
v 0.0059913117438554755 0.008539290167391298 0.006998754572123289
v 0.005595840048044919 0.010202186182141302 0.0075919171795248985
v 0.0057916445657610885 0.008565379306674002 0.006782096344977617
v 0.005898056086152791 0.008568529970943926 0.006845962721854448
v 0.0059717539697885505 0.008552726358175276 0.00694461353123188
v 0.006571688223630189 0.0059273424558341494 0.006015579216182232
v 0.006499247625470161 0.005948828533291816 0.005918755196034908
v 0.004472872242331504 0.012310948222875593 0.009389531798660755
v 0.004237767774611711 0.012433378025889395 0.009924023412168026
v 0.004422364756464957 0.012317191809415816 0.009358475916087627
v 0.004621186759322881 0.012148554436862467 0.008982241153717041
v 0.0047950446605682364 0.01192663889378309 0.00861312635242939
v 0.004944775253534316 0.01165675465017557 0.008268548175692558
v 0.005076308269053697 0.011343437246978281 0.007958010770380497
v 0.005197091493755578 0.010988470166921614 0.007686115801334381
v 0.004301026929169892 0.01240805722773075 0.009832133539021015
v 0.004559609573334455 0.012266699224710463 0.009455530904233456
v 0.004519482143223285 0.012293684296309946 0.009422537870705128
v 0.004581345710903405 0.012251531705260275 0.009422934614121914
v 0.004739452153444289 0.012114377692341803 0.009060155600309372
v 0.005208563525229692 0.011391508392989634 0.00827842764556408
v 0.00522996624931693 0.011297637596726416 0.008080105297267437
v 0.0050491602160036555 0.011713952757418154 0.008609618991613388
v 0.005091381724923848 0.011608743108808993 0.008376138284802437
v 0.005030266009271144 0.011746155098080633 0.008647366426885128
v 0.004930307157337665 0.011882812716066836 0.00870573054999113
v 0.004684023093432187 0.012139351107180117 0.009018995799124241
v 0.0048686256632208815 0.011914624832570551 0.008655354380607605
v 0.005026256199926137 0.011643797159194945 0.00831603817641735
v 0.005163227207958697 0.01133188884705305 0.008010506629943848
v 0.005287921987473964 0.010980456136167048 0.007743114605545998
v 0.005267346277832984 0.011247930116951464 0.0081543093547225
v 0.005240058060735463 0.01131631154567003 0.00821180734783411
v 0.0048008826561272136 0.012057372368872164 0.00907151959836483
v 0.0048391097225248805 0.01201438996940851 0.00900515541434288
v 0.004973617382347583 0.011835976503789423 0.00875797402113676
v 0.0038139619864523406 0.010891759768128393 0.01697411946952343
v 0.003864643163979053 0.010998625308275221 0.016542969271540642
v 0.0036727208644151683 0.010830367915332316 0.01738033816218376
v 0.0034475626889616247 0.010809181258082388 0.01774849370121956
v 0.003272563451901078 0.010813680477440355 0.01794574409723282
v 0.003140458138659596 0.010822689160704611 0.01806572452187538
v 0.0027780311647802587 0.010861807502806185 0.01830487884581089
v 0.0023655602708458896 0.010920206084847449 0.018461860716342926
v 0.0019438075833022592 0.010988407768309115 0.018524017184972763
v 0.001864722929894924 0.011001955717802046 0.01852557063102722
v -0.0008319525513797997 0.011128335259854792 0.018525749444961548
v 0.0014184803003445266 0.011069040745496748 0.018525568768382072
v 0.0008182474994100629 0.011129165999591349 0.018525579944252968
v -3.980467622177741e-10 0.011158588342368601 0.01852579414844513
v -0.0074125383980572215 6.463361933128907e-05 0.007642128970474005
v -0.0073221144266426555 -0.00041768400114960963 0.007651477120816708
v -0.007170468103140592 -0.0005292904097586869 0.009342053905129433
v -0.007268609944730996 -5.651394167216494e-05 0.009315306320786476
v -0.007314118556678294 0.0004409279790706932 0.009334073401987553
v -0.00744787324219942 0.0005714071448892354 0.00768691161647439
v -0.0070026256144046775 0.0023930079769343133 0.011368121020495892
v -0.006830485071986913 0.003492325777187943 0.011579152196645737
v -0.006906765047460794 0.003736938582733273 0.010044573806226254
v -2.168945023584001e-09 -0.0038966536521911617 0.01863512396812439
v -0.0010302985319867728 -0.003948892001062631 0.016786489635705948
v -0.006720012519508599 0.00041510746814310545 0.025092076510190964
v -0.006660295650362968 0.0006919474690221249 0.023915840312838554
v -0.0064884340390563 2.0628558559110385e-05 0.024193618446588516
v -0.004005889408290385 0.012436218559741972 0.010797921568155289
v -0.003912904299795627 0.012427642010152338 0.01110590435564518
v -0.005069936625659465 0.011676684953272341 0.008643663488328457
v -0.005625529214739799 0.01011297758668661 0.008208047598600388
v -0.003935765009373426 -0.003480922197923064 0.0072463336400687695
v -0.006231470499187707 0.006700676400214433 0.01488589309155941
v -0.0060551115311682216 0.008203481324017046 0.009997042827308178
v -0.006088464055210351 0.007943811826407908 0.011172108352184296
v -0.006127047818154096 0.007597078103572129 0.012381712906062603
v -0.006452319212257861 0.0048587536439299575 0.014908019453287125
v -0.006500296760350465 0.003922151867300271 0.01786063052713871
v -0.006649791728705167 0.0029699834994971748 0.020698517560958862
v -0.006622706074267625 0.004591540899127721 0.020056478679180145
v -0.00651134643703699 0.006157256662845611 0.0193428173661232
v -0.0062723373994231215 0.007607189938426017 0.018615202978253365
v -0.006008595693856477 0.008563428185880182 0.01654699817299843
v -0.005831379909068345 0.009158245287835596 0.016323845833539963
v -0.0055964882485568515 0.010042936541140078 0.01444519218057394
v -0.005270157475024461 0.011249463073909281 0.00852852314710617
v -0.00599775044247508 0.008530085906386374 0.007722720969468355
v -0.004671956412494182 -0.0032578408718109127 0.009266877546906471
v -0.004777940455824136 -0.003105823183432221 0.006459619849920273
v -0.005725739523768424 -0.002544338814914226 0.00579792819917202
v -0.006140024866908788 -0.002220361493527889 0.00549167999997735
v -0.006509083323180675 -0.0018681735964491961 0.005215595010668039
v -0.0068288049660623065 -0.0014882358955219386 0.004980003926903009
v -0.007095077540725469 -0.0010810090461745856 0.004795226734131575
v -0.0075602796860039225 0.0008081794949248432 0.004741040989756584
v -0.00753419380635023 0.0002993805683217942 0.004645334091037512
v -0.007450832519680261 -0.00018652672588359562 0.004619423765689135
v -0.007303789723664521 -0.0006469525396823882 0.004671591334044933
v -0.007537594996392726 0.0013368536019697783 0.004894554615020752
v -0.007474646903574466 0.0018823845311999319 0.0050938865169882774
v -0.007261985912919044 0.00301195029169321 0.005582018755376339
v -0.006990348454564809 0.004172740969806909 0.006109494715929031
v -0.006717200390994548 0.005338817369192838 0.006596443708986044
v -0.005216135643422603 0.01135615725070238 0.010648227296769619
v -0.004994827788323163 0.01171794719994068 0.01068989746272564
v -0.004726964980363845 0.012012328952550886 0.010723075829446316
v -0.004400243051350116 0.012248805724084376 0.01075678039342165
v -0.003889021230861544 0.011819347739219664 0.013832471333444118
v -0.004334595054388045 0.011531613767147062 0.01411022525280714
v -0.0039016494993120428 0.012186325155198572 0.012406018562614918
v -0.004166283644735812 0.012050531804561613 0.01251569390296936
v -0.003656215267255902 0.01055268570780754 0.018352823331952095
v -0.004145129118114709 0.010723987594246863 0.017025668174028397
v -0.002986836247146129 0.010826844722032545 0.01821736991405487
v 3.928431357991257e-09 0.010995134711265562 0.0191186536103487
v 4.773571316007973e-09 0.011053808033466337 0.018907619640231133
v 2.820497391198273e-09 0.011106571182608603 0.018716121092438698
v -0.004829995799809693 0.009798938408493994 0.018763139843940735
v -0.004274039063602685 0.010210868902504442 0.018532970920205116
v -0.005313777364790439 0.009314438328146933 0.019048655405640602
v -0.0057180183939635745 0.008757108822464941 0.019391980022192
v -0.006509562488645314 0.006742338184267282 0.02066723071038723
v -0.006308537442237138 0.007460322231054305 0.020213140174746513
v -0.00604714686051011 0.008135491050779818 0.019784096628427505
v -0.006851108744740485 0.004833130165934562 0.0226423479616642
v -0.006596331950277089 0.00637008249759674 0.02163936011493206
v -0.006945797242224216 0.0032791902776807542 0.023594219237565994
v -0.0068436930887401095 0.0010879425099119542 0.024769317358732224
v -0.00691709667444229 0.0017922699917107818 0.024413079023361206
v -0.006250113248825072 -0.0006112564587965607 0.024443011730909348
v -0.005936368368566035 -0.0011979474220424888 0.024665268138051033
v -0.005538232158869504 -0.001733685261569917 0.0248616561293602
v -0.005050174891948699 -0.002213387051597237 0.025033285841345787
v -0.004480428993701934 -0.002634670119732618 0.02518071047961712
v -0.0038406662642955776 -0.0029958249069750305 0.025304334238171577
v -0.0031425519846379753 -0.0032951445318758483 0.025404568761587143
v -0.003205244895070791 -0.003418975509703159 0.027723165228962898
v -0.0023977577220648523 -0.0035309211816638704 0.025481820106506348
v -0.0025253156200051303 -0.0036264674272388215 0.027803320437669754
v -0.0016179549274966119 -0.0037014484405517574 0.025536494329571724
v -0.0018089660443365572 -0.0037851880770176645 0.0278629157692194
v -0.0008148148772306739 -0.0038050161674618717 0.025569003075361252
v -0.0010710154892876742 -0.0038913048338145013 0.02790164388716221
v -1.7245838090929053e-09 -0.0038399191107600923 0.025579752400517464
v 6.776723071588718e-10 -0.003948161844164132 0.027921803295612335
v -0.0020383333321660753 -0.0038040387444198127 0.01663241535425186
v -0.003001842880621552 -0.003561672521755099 0.016406694427132607
v -0.0033713763114064928 -0.0036749190185219045 0.01293347217142582
v -0.0038985621649771924 -0.003221021499484777 0.01613476313650608
v -0.004364933352917432 -0.003289584536105394 0.012524828314781189
v -0.0035169371403753753 -0.0036964518949389453 0.011305106803774834
v -0.0045487373135983935 -0.003291935427114367 0.010828044265508652
v -0.004755327943712472 0.011246212758123873 0.014164946973323822
v -0.004571324680000543 0.011824836954474447 0.012514764443039894
v -0.005100185982882976 0.010905046015977858 0.014242869801819324
v -0.004903925582766532 0.011547914706170557 0.012529508210718632
v -0.005376840941607951 0.010504942387342451 0.014338687993586063
v -0.005172666627913713 0.011213119141757487 0.01255317497998476
v -0.005389743484556674 0.01081344950944185 0.012576818466186523
v -0.005403198767453431 0.010917457751929758 0.010589049197733402
v -0.005298580974340438 0.011119320988655089 0.011623971164226532
v -0.005080210976302623 0.011496409773826597 0.011635088361799717
v -0.004812804982066154 0.011807275004684923 0.011641566641628742
v -0.004483975935727357 0.012060394510626791 0.011652743443846703
v -0.006647761445492505 0.0028664285782724615 0.014881453476846218
v -0.006710216868668794 0.0018670293502509592 0.014876699075102806
v -0.006710994988679885 0.0008965267916209995 0.014898313209414482
v -0.006472124718129634 0.006191146094352006 0.009390748105943203
v -0.006470420397818088 0.005962112452834844 0.010665884241461754
v -0.006462139543145894 0.005655219312757253 0.012023765593767166
v -0.0071215727366507045 0.002603559754788875 0.00973646342754364
v -0.007277589291334151 0.0014950506156310437 0.009482585825026035
v -0.0071152839809656135 0.0013189162127673624 0.011205960065126419
v -0.007314582355320453 0.0009593457798473536 0.00939196441322565
v -0.007436207961291074 0.001099039684049785 0.007777684833854437
v -0.007385637145489453 0.0016439384780824182 0.007906309328973293
v -0.007200140506029128 0.0027711531147360797 0.008244541473686695
v -0.006956115830689668 0.003924296703189611 0.008636477403342724
v -0.007113868370652198 0.0002989339991472661 0.011131190694868565
v -0.007053323090076446 -0.00018174170691054312 0.011138620786368847
v -0.0069437860511243335 -0.0006380582926794886 0.011182344518601894
v -0.006372282281517982 -0.0008601241279393433 0.015093380585312843
v -0.006511622574180364 -0.00045163559843786055 0.01501995138823986
v -0.006611287593841552 -2.066317756543867e-05 0.014964481815695763
v -0.0052468585781753055 -0.0027935153339058156 0.012100317515432835
v -0.004706228151917457 -0.0027813133783638473 0.01584203913807869
v -0.0059892493300139895 -0.0021864282898604866 0.01170501671731472
v -0.005402579903602599 -0.002241774927824735 0.01555395033210516
v -0.006299396976828574 -0.0018411639612168071 0.011532405391335487
v -0.005702054593712091 -0.0019343295134603975 0.015419592149555683
v -0.006564192939549684 -0.0014680371386930344 0.011383998207747936
v -0.005965351592749356 -0.001601636526174843 0.015295922756195068
v -0.006780152674764394 -0.0010670138290151952 0.011265434324741364
v -0.007013998925685882 -0.0009743180708028375 0.009418490342795849
v -0.007170517463237046 -0.0008725251536816357 0.007720389869064093
v -0.0068010762333869925 -0.0013909473782405255 0.009539945051074028
v -0.006959686055779456 -0.0012991604162380097 0.007843486964702606
v -0.006535459775477647 -0.001779135316610336 0.009699523448944092
v -0.006693572271615266 -0.0016974315512925384 0.008012676611542702
v -0.006220917683094739 -0.002138838171958923 0.009890333749353886
v -0.005460101179778575 -0.0027726162225008007 0.010338075459003448
v -0.005603016354143619 -0.0027204954531043764 0.00871590431779623
v -0.006011289544403552 -0.00240825698710978 0.008456976152956486
v -0.0063761239871382705 -0.0020671824458986516 0.008219869807362556
v -0.006457682698965072 0.006477033253759145 0.0070272949524223804
v -0.006774587556719779 0.0013969523133710025 0.02360842004418373
v -0.0068398904986679545 0.0021299323998391624 0.02327018603682518
v -0.0065202685073018065 0.0021301561500877138 0.01821153797209263
v -0.006471476983278989 0.0012509112711995838 0.018377376720309258
v -0.006358631420880555 0.0004056412726640701 0.01854284666478634
v -0.006158446893095969 -0.00038796669105067844 0.01871338300406933
v -0.005409603938460349 -0.001752456650137901 0.019088812172412872
v -0.005847642198204993 -0.0011122236028313635 0.018894409760832787
v -0.006189688574522733 -0.0012436007382348178 0.015186128206551075
v -0.0034594407770782705 -0.0031548724509775634 0.01966897025704384
v -0.00330821331590414 -0.003154726698994636 0.021274451166391373
v -0.004198763985186814 -0.0027733864262700077 0.019485950469970703
v -0.004025241825729608 -0.002798895118758082 0.021129505708813667
v -0.004854398313909768 -0.0023060459643602367 0.019289277493953705
v -0.004668919369578361 -0.002364140003919601 0.020965678617358208
v -0.005224576219916343 -0.001850514090619981 0.020787833258509636
v -0.005677541252225637 -0.0012580739567056296 0.02060084417462349
v -0.006018501240760087 -0.0005892326007597147 0.020408377051353455
v -0.006259562913328408 0.00014415093755815175 0.020209353417158127
v -0.006418184842914342 0.0009278617799282073 0.020001491531729698
v -0.00651183072477579 0.0017476810608059166 0.019782524555921555
v -0.0066173337399959556 0.0021626562811434265 0.02098873071372509
v -0.0026531640905886884 -0.0034508963581174608 0.019828476011753082
v -0.003212630748748779 -0.0031821746379137035 0.02274858020246029
v -0.003916799556463956 -0.0028485308866947885 0.0226290225982666
v -0.004554974846541881 -0.002442410914227366 0.022487852722406387
v -0.0051139569841325274 -0.0019644245039671655 0.0223268810659647
v -0.005580549128353595 -0.001415180624462664 0.022147919982671738
v -0.005945973098278045 -0.0007970151491463183 0.0219523124396801
v -0.006219117902219295 -0.00011917907249880953 0.021739551797509193
v -0.006413297727704047 0.000607350724749267 0.021508660167455673
v -0.006541821639984845 0.0013715933309867976 0.02125866711139679
v -9.591466509917266e-12 -0.0038301472086459394 0.020067362114787102
v -9.540859213785777e-10 -0.0037842921447008844 0.023474451154470444
v -0.0009067048667930066 -0.0037881399039179082 0.020037531852722168
v -0.0008361549698747693 -0.00374217121861875 0.022959508001804352
v -0.0017966727027669547 -0.0036618537269532676 0.019954616203904152
v -0.0016591090243309734 -0.00362960435450077 0.022915633395314217
v -0.0024556696880608793 -0.0034427358768880363 0.022844722494482994
v -0.006760021205991506 0.005220879334956407 0.021603059023618698
v -0.0068575204350054255 0.0036570159718394275 0.022496575489640236
v -0.006084055639803409 0.008271495811641215 0.018267888575792313
v -0.005602120421826839 0.009695978835225104 0.01611603982746601
v -0.0058387676253914824 0.008886164985597132 0.017943158745765686
v -0.0053110579028725615 0.010174705646932123 0.01593000628054142
v -0.005528113339096307 0.009444301947951315 0.01764969900250435
v -0.004948427900671958 0.010592504404485224 0.015772167593240738
v -0.005143723916262387 0.009939008392393587 0.01739620603621006
v -0.004680343903601169 0.010365068912506102 0.017189087346196175
v 0.006380279548466205 -0.00042977867997251446 0.027577213943004608
v 0.00314985797740519 0.010358041152358053 0.019642604514956474
v 0.004719987511634826 0.009448250755667685 0.02019204944372177
v 0.004125389736145734 0.009869347326457499 0.01993132382631302
v 0.006983604747802018 0.0031565916724503036 0.02500823326408863
v 0.006921426858752965 0.004220412578433751 0.02432730607688427
v 0.006776102352887391 0.0052961818873882285 0.023611770942807198
v 0.006526913959532975 0.006348564289510249 0.02289552055299282
v 0.006507603917270898 0.006600089371204375 0.022109603509306908
v 0.006391300819814204 0.006959190592169761 0.02186262421309948
v 0.006149383727461099 0.00756324641406536 0.02144734561443329
v 0.006130817811936139 0.007603575475513934 0.02141967974603176
v 0.005838744807988404 0.008156048133969305 0.02104244753718376
v 0.0052265580743551246 0.00897486228495836 0.020495856180787086
v 0.005647130776196717 0.008452437818050383 0.020842213183641434
v 0.003442449495196342 0.010232587344944475 0.019715070724487305
v 0.0009260172373615204 0.010889599099755285 0.019353708252310753
v 0.002674288814887404 0.010530010797083376 0.019545475021004677
v 0.0022029771935194726 0.010666084475815294 0.019470753148198128
v 0.002112129935994744 0.01068872772157192 0.019458534196019173
v 0.001829874003306031 0.010752136819064615 0.019424689933657646
v 0.006748019251972436 0.005603337194770574 0.02279123105108738
v 0.006914599332958459 0.004424473736435174 0.02358107455074787
v 0.006900317501276731 0.004563518799841403 0.023489229381084442
v 0.006995527539402246 0.0022568504791706796 0.024940362200140953
v 0.006995098199695348 0.0030076161492615934 0.024487880989909172
v 0.006973764859139918 0.0036187316291034217 0.024104099720716476
v 0.006971911527216434 0.001694889855571091 0.02526526153087616
v 0.006980806589126586 0.002138291951268911 0.02562296763062477
v 0.0069337370805442325 0.0012453238014131782 0.025516914203763008
v 0.0069058146327733985 0.0011814462486654518 0.026162998750805855
v 0.006881708744913339 0.0008433703333139418 0.02573583275079727
v 0.006777572911232709 0.0002971614594571292 0.026024283841252327
v 0.006736781913787126 0.0002918319078162312 0.02663310244679451
v 0.0064516947604715815 -0.0005248950328677892 0.02703821286559105
v 0.006559081841260194 -0.0004354756674729287 0.026395190507173538
v 0.006138057447969913 -0.0010334483813494442 0.02745816856622696
v 0.006134435068815946 -0.0012981803156435487 0.02680904231965542
v 0.0064134388230741015 -0.0007846840890124439 0.026565654203295708
v 0.006128885317593812 -0.0005864531267434358 0.02826147899031639
v 0.006136905401945113 -0.0008949377224780618 0.027729667723178864
v 0.00667169690132141 0.00033831232576631004 0.027189884334802628
v 0.0069347736425697795 0.0020831315778195854 0.026230691000819206
v 0.006849507801234721 0.0011771634453907607 0.02674235962331295
v 0.003915283828973769 0.010835166089236735 0.010710209608078003
v 0.005431767553091048 0.010835166089236735 0.010710210539400578
v 0.005435943137854337 0.010821428149938582 0.010820982046425343
v 0.003906874451786279 0.010677463375031946 0.01166960597038269
v 0.0054824845865368834 0.010650966316461561 0.01179417222738266
v 0.003897469490766525 0.01039472036063671 0.012742748484015465
v 0.005547585897147655 0.01038858015090227 0.012761496938765049
v 0.003889192827045917 0.010048250667750834 0.013681398704648018
v 0.00563101703301072 0.010049996897578238 0.013677256181836128
v 0.0038852116558700796 0.009847582317888735 0.014129051938652992
v 0.005681862123310565 0.009847257286310194 0.014129242859780788
v 0.003881136421114206 0.00961810816079378 0.014584291726350784
v 0.00573755707591772 0.009627816267311571 0.014565025456249714
v 0.0038733459077775474 0.009108033962547777 0.0154438940808177
v 0.005865842569619416 0.009124781936407087 0.015417829155921936
v 0.005942140240222215 0.00882026646286249 0.015860896557569504
v 0.0038658645935356613 0.008522517047822474 0.01625300757586956
v 0.006003954447805881 0.008566161617636679 0.016197705641388893
v 0.0038587637245655055 0.007866818457841871 0.017004815861582756
v 0.0061656483449041835 0.007842942140996454 0.017029685899615288
v 0.0038521401584148403 0.007147283293306827 0.017692726105451584
v 0.006303914822638034 0.007097765803337096 0.017735593020915985
v 0.0038456025067716833 0.006293556187301873 0.018366578966379166
v 0.00641808658838272 0.006293556187301873 0.018366578966379166
v 0.0039202398620545855 0.010728181339800356 0.010109245777130127
v 0.003922365605831145 0.010538863018155096 0.009847174398601055
v 0.005525141488760709 0.010533033870160578 0.009841161780059338
v 0.003923671785742044 0.010343573987483977 0.00969194620847702
v 0.005577356554567813 0.010343438014388083 0.00969175435602665
v 0.003923839889466762 0.010309997014701365 0.009672092273831367
v 0.005597804207354783 0.010266107507050036 0.00964838545769453
v 0.003924729768186807 0.01002408657222986 0.009561548009514809
v 0.005659333895891904 0.01002408657222986 0.009561548940837383
v 0.005470604635775088 0.010717393830418585 0.010088227689266205
v 0.005436217878013848 0.010824383236467837 0.010392090305685997
v 0.003917972557246684 0.01082422863692045 0.010390502400696278
v 0.003916038200259208 0.008749588392674921 0.010461481288075447
v 0.005941317882388829 0.008749588392674921 0.010461480356752872
v 0.00391695275902748 0.008767494931817053 0.010356731712818146
v 0.005937499925494193 0.00877221394330263 0.010335994884371758
v 0.003919450566172599 0.00888123922049999 0.010063634254038334
v 0.00591897265985608 0.008868644945323466 0.010086462832987309
v 0.005913256667554378 0.008897152729332445 0.010036933235824108
v 0.003921692259609698 0.009088337421417235 0.009806611575186253
v 0.005869879852980374 0.009105741046369074 0.009791124612092972
v 0.003922419622540473 0.009186627343297003 0.009727975353598595
v 0.005852472968399524 0.009186896495521067 0.00972786545753479
v 0.003923445940017699 0.009366389364004133 0.009625943377614021
v 0.0058100009337067595 0.009380530565977095 0.009619569405913353
v 0.003924548625946044 0.009687625803053377 0.009540903382003307
v 0.00573775079101324 0.009697522036731241 0.009539851918816566
v 0.005753171630203723 0.009631128050386904 0.009548100642859936
v 0.0038596666418015953 0.005075356923043727 0.016655584797263145
v 0.006411097478121518 0.00507536856457591 0.01665557734668255
v 0.0038610291667282577 0.005267709959298371 0.016514714807271957
v 0.0063896970823407164 0.005306588485836982 0.016485223546624184
v 0.0038663842715322967 0.0059307850897312156 0.01596297137439251
v 0.006321001332253217 0.005966820288449525 0.01592940278351307
v 0.003872350556775927 0.0065462631173431865 0.01533961109817028
v 0.0062495837919414035 0.0065688351169228545 0.015315002761781216
v 0.0038788036908954378 0.007103353273123502 0.014650675468146801
v 0.006176684983074664 0.007127142511308192 0.014616835862398148
v 0.0038856435567140575 0.007593070622533559 0.013903072103857994
v 0.006107997149229049 0.007617623079568147 0.013861503452062607
v 0.003892805892974138 0.008007871918380259 0.013104516081511974
v 0.006060539744794368 0.00794371124356985 0.013243399560451508
v 0.006049431394785642 0.008019173517823218 0.01308033149689436
v 0.0039002432022243734 0.008341498672962187 0.012263392098248005
v 0.006000997964292764 0.008346881717443464 0.0122453011572361
v 0.0059651732444763175 0.008589206263422964 0.0113897155970335
v 0.003907909151166677 0.008588753640651701 0.011389276944100857
v 0.0038441747892647977 0.005215493496507405 0.018450729548931122
v 0.00384356640279293 0.0054527721367776385 0.018535379320383072
v 0.006471212022006511 0.005458803381770848 0.018536986783146858
v 0.006466132123023271 0.005641198717057704 0.018560368567705154
v 0.003844321239739656 0.005778275430202483 0.01855706050992012
v 0.006449376232922076 0.0059604188427329055 0.018524430692195892
v 0.003845075378194451 0.006094992160797118 0.01847769133746624
v 0.006423164624720811 0.006249905563890933 0.018396053463220596
v 0.006472984328866004 0.005347499623894691 0.01850607432425022
v 0.006473725661635398 0.005056873429566621 0.018353350460529327
v 0.0038456358015537258 0.004955317825078963 0.018266873434185982
v 0.006473228335380553 0.004997176583856343 0.01830551214516163
v 0.0038476935587823387 0.004761239979416131 0.01801161654293537
v 0.006470333319157361 0.004829210694879293 0.018120519816875458
v 0.003848757361993193 0.004701963160187005 0.017881983891129494
v 0.006464730482548474 0.004683608654886483 0.017829565331339836
v 0.0038502025417983528 0.004653427749872207 0.01771068572998047
v 0.006457283627241849 0.004634128883481025 0.017503337934613228
v 0.0038530030287802215 0.0046429834328591815 0.01737617887556553
v 0.006453542504459619 0.0046438262797892085 0.01736900582909584
v 0.003853063099086284 0.004643932916224002 0.017369037494063377
v 0.0038553674239665266 0.0047189793549478045 0.017097897827625275
v 0.0064467904157936564 0.004690330941230058 0.01717241480946541
v 0.003857667557895183 0.004869211930781602 0.016849078238010406
v 0.006431899964809417 0.004842398222535848 0.01688353344798088
v 0.006034792866557836 -0.001108216121792793 0.02784734033048153
v 0.006132112815976142 -0.0013032986316829918 0.02681119367480278
v 0.006067906972020864 -0.001409622956998646 0.0269165001809597
v 0.0060350331477820865 -0.001345323980785906 0.027365464717149734
v 0.006024561822414397 -0.0014971836935728786 0.02709827944636345
v 0.005999999120831489 -0.0015895322430878875 0.027461381629109383
v 0.006000000052154063 -0.0012302048271521924 0.02816063165664673
v 0.006066592410206794 -0.0014020785456523297 0.026857247576117516
v 0.0059999972581863395 -0.0017480099340900777 0.028245896100997925
v 0.005999999120831489 -0.0024447743780910964 0.030891623347997665
v 0.005999999586492776 -0.002259763423353433 0.030095970258116722
v 0.005999996792525052 -0.001833527232520282 0.028594929724931717
v 0.005999987013638019 -0.002473070519044995 0.032296426594257355
v 0.006000000983476638 -0.0024772183969616886 0.03226757049560547
v 0.0060000033117830745 -0.0024795862846076484 0.032250553369522095
v 0.006000000052154063 -0.0025169092696160074 0.03159994259476662
v 0.00600000750273466 0.00012940196029376236 0.03442782908678055
v 0.006000005174428224 0.0011156093096360562 0.03416847437620163
v 0.006000005640089511 0.0019162022508680818 0.0335368737578392
v 0.006000005640089511 0.002397972624748945 0.03263811394572258
v 0.006000001449137925 0.0024991943500936027 0.031994372606277466
v 0.005999997723847627 0.0026208872441202398 0.027177315205335617
v 0.006000008434057235 -0.000878326711244881 0.03427177667617798
v 0.005999980028718709 -0.0017399042844772337 0.033726293593645096
v 0.005999978631734847 -0.0023119749967008825 0.03288213536143303
v 0.0059999972581863395 0.0026210737414658065 0.027170425280928612
v 0.006408692803233861 0.00301001314073801 0.026041625067591667
v 0.0061943833716213694 0.0027966606430709358 0.026406563818454742
v 0.006000685971230268 0.002622723346576094 0.02712869457900524
v 0.006055355537682771 0.0026720599271357055 0.026776466518640518
v 0.0037778087425976987 0.0031300201080739494 0.02589395083487034
v 0.0037760708946734662 0.002968514803797006 0.026100095361471176
v 0.004100032616406678 0.002968514803797006 0.026100095361471176
v 0.00509314052760601 0.003262964310124516 0.025758886709809303
v 0.004390370100736617 0.0030465130694210525 0.025993581861257553
v -0.0036000504624098535 -0.0010715532116591928 0.02788715995848179
v -0.0033071157522499557 -0.00126036477740854 0.02788238786160946
v -0.003600048832595348 -0.00021002982975915072 0.027908924967050552
v -0.0033439558465033765 -0.00021002901485189793 0.027908923104405403
v -0.0038906661793589588 -0.002234297804534435 0.01252569817006588
v -0.003907468169927596 -0.0023447049316018815 0.010586117394268513
v -0.0038649025373160835 -0.0019533401355147357 0.015508705750107765
v -0.0037811042275279756 -0.0016613854095339773 0.025162577629089355
v -0.0038003048393875356 -0.0015060832956805823 0.022967815399169922
v -0.003834105329588055 -0.0015935588162392376 0.01907631941139698
v -0.0038185468874871726 -0.0014903394039720295 0.020872196182608604
v -0.003814782481640577 -0.0014813371235504744 0.02130579575896263
v -0.0018309745937585829 -0.0025344626046717163 0.018456775695085526
v -0.0012336502550169823 -0.002639631042256951 0.018561093136668205
v -0.003714472753927111 -0.002397122327238321 0.011432605795562267
v -0.003451367141678929 -0.001950023928657174 0.01799939200282097
v -0.001582993660122156 -0.0024865092709660526 0.02499493956565857
v -0.0010468037799000738 -0.0025705781299620862 0.02497817948460579
v -0.002066344721242785 -0.002338562626391649 0.02394019439816475
v -1.2416978556473166e-09 -0.002620510524138808 0.024544397369027138
v -1.043572450676322e-09 -0.002591008553281426 0.022394316270947456
v -0.0010809871600940821 -0.002520163776353001 0.022357352077960968
v -0.000698082149028778 -0.002606133464723825 0.02497113309800625
v -1.1559136287031534e-10 -0.002634312957525253 0.024965569376945496
v -2.44407882821207e-10 -0.002627151552587747 0.024755539372563362
v -0.0029875021427869792 -0.002069124951958656 0.0250795166939497
v -0.002400940982624888 -0.0022823831532150503 0.025036094710230827
v -0.0020550771150737997 -0.0023807364050298925 0.025016194209456444
v -0.003494014265015721 -0.0017000378575175998 0.02198941633105278
v -0.0029476331546902652 -0.002190807834267616 0.01816857047379017
v -0.0034808081109076734 -0.00235037924721837 0.013624457642436028
v -0.002404902363196015 -0.0023852377198636527 0.01832347922027111
v -0.0006207229453139006 -0.0027018908876925703 0.018629079684615135
v -2.585748948291666e-09 -0.00263027218170464 0.02050747722387314
v -0.0030005562584847208 -0.0020007498096674676 0.023811660706996918
v -0.0034256028011441226 -0.0017803733935579655 0.023728370666503906
v -0.0032118337694555517 -0.001920291921123862 0.0201654564589262
v -0.003649312304332852 -0.0016577284550294278 0.020034341141581535
v -0.0030665390659123655 -0.0019398152362555263 0.022089801728725433
v -0.0026059879455715414 -0.0021411504130810495 0.022177960723638535
v -0.0027356552891433235 -0.0021399401593953367 0.02028599940240383
v -0.002117869677022099 -0.0023046087007969614 0.022252721711993217
v -0.003133000340312719 -0.0020058741793036457 0.02509242668747902
v -0.002227224642410874 -0.0023175925016403194 0.02039247378706932
v -0.001692995661869645 -0.0024541663005948062 0.020481374114751816
v -0.001139413099735975 -0.002550582634285092 0.020549209788441658
v -0.0005729345139116048 -0.0026077581569552417 0.020592477172613144
v 0.002066321205347776 -0.002338568679988384 0.023940198123455048
v 0.002117844298481941 -0.002304615685716271 0.022252727299928665
v 0.0010809750529006121 -0.002520165871828794 0.022357355803251266
v 0.001830951659940183 -0.0025344672612845893 0.018456779420375824
v 0.0012336324434727428 -0.0026396329049021 0.018561096861958504
v 0.0006207142141647636 -0.002701890422031283 0.018629079684615135
v 0.0024048755876719947 -0.0023852461017668243 0.018323488533496857
v 0.0029476019553840156 -0.002190819708630442 0.018168576061725616
v 0.00371443317271769 -0.0023971386253833766 0.011432628147304058
v 0.003480770625174045 -0.00235039391554892 0.013624477200210094
v 0.0034513338468968864 -0.001950041973032057 0.017999405041337013
v 0.003907222300767898 -0.0023407484404742713 0.010691573843359947
v 0.0038894123863428827 -0.0022215745411813255 0.012691606767475605
v 0.003862852463498711 -0.0019268908072263 0.015761440619826317
v 0.00384467514231801 -0.001706840470433235 0.01785004511475563
v 0.00384010374546051 -0.0016550333239138124 0.018381744623184204
v 0.0033889594487845893 -0.0018830079352483151 0.025117509067058563
v 0.0037810995709151025 -0.0016613857587799428 0.025162577629089355
v 0.0038004764355719085 -0.0015050304355099795 0.022942764684557915
v 0.001819823635742068 -0.0024373575579375024 0.025004792958498
v 0.00205505802296102 -0.0023807410616427656 0.025016194209456444
v 0.0026502741966396566 -0.002199376700446009 0.025052964687347412
v 0.003000525059178471 -0.002000763081014156 0.023811668157577515
v 0.0034255681093782182 -0.0017803916707634924 0.023728378117084503
v 0.0038147496525198217 -0.0014813417801633475 0.02129950560629368
v 0.0009258205536752938 -0.002584573114290833 0.024975406005978584
v 0.002735625952482223 -0.002139951335266232 0.02028600499033928
v 0.0032118021044880147 -0.0019203075207769869 0.02016546204686165
v 0.003649277379736304 -0.0016577497590333221 0.02003435045480728
v 0.0038339078892022367 -0.0015925084007903931 0.0190893467515707
v 0.0026059581432491537 -0.002141160890460014 0.02217796817421913
v 0.003066506469622254 -0.001939830253832042 0.02208980917930603
v 0.003493979340419173 -0.0017000582301989196 0.021989423781633377
v 0.0038185436278581615 -0.0014903399860486386 0.020872198045253754
v 0.0005729238619096576 -0.0026077581569552417 0.020592479035258293
v 0.0011393980821594594 -0.00255058379843831 0.020549209788441658
v 0.0016929748235270379 -0.0024541702587157484 0.020481377840042114
v 0.0022271978668868537 -0.0023175992537289854 0.02039247751235962
v 0.003779455320909619 -0.00014838865899946538 0.025468947365880013
v 0.003906705882400273 0.01230792701244354 0.011817585676908493
v 0.003900639014318585 0.012159898877143858 0.012522782199084759
v 0.003895541420206427 0.01201733388006687 0.013106809929013252
v 0.0038795284926891323 0.011513723060488699 0.01485487911850214
v 0.00395058887079358 -0.0033690228592604394 0.005568424705415964
v 0.003936222754418849 -0.003478026948869228 0.007198796141892672
v 0.003886752994731068 0.011747901327908037 0.014078926295042038
v 0.003307113423943519 -0.0012603588402271269 0.027882391586899757
v 0.003600043943151831 -0.0010715505341067908 0.02788715809583664
v 0.0033439544495195146 -0.00021002949506510046 0.027908923104405403
v 0.0036000469699501987 -0.00021002917492296544 0.027908923104405403
v -0.0036483027506619688 -0.00021008812473155555 0.02791125699877739
v -0.0036482927389442916 -0.001057594548910856 0.02788982167840004
v -0.004100035410374402 -0.00021782150724902746 0.028217365965247154
v -0.004100036341696977 -0.0005088833859190344 0.02840152382850647
v -0.0040604514069855204 -0.0002177331334678456 0.02821383811533451
v -0.0040264097042381755 -0.00021606127847917375 0.028147676959633827
v -0.0038426439277827735 -0.00021161550830584017 0.027971701696515083
v -0.0033451539929956193 -0.00017385593673679975 0.026477036997675896
v -0.0033459980040788646 -0.0001483888190705329 0.025468945503234863
v -0.004037135746330022 -0.0030145426280796524 0.028154345229268074
v -0.0040889065712690345 -0.0026810818817466493 0.029712190851569176
v -0.004100036807358264 -0.0027709864079952236 0.029766570776700974
v -0.0037888137158006425 -0.002571780467405915 0.02909063920378685
v -0.0036731087602674957 -0.002551139565184712 0.029079586267471313
v -0.0038438895717263217 -0.002402656944468617 0.029529433697462082
v -0.0036177549045532937 -0.002354517579078674 0.029485248029232025
v -0.0038579429965466257 -0.002939599100500345 0.028115451335906982
v -0.0037458606529980894 -0.0029593412764370437 0.02812569960951805
v -0.003604056546464562 -0.002773851621896028 0.02861236222088337
v -0.003985171671956777 -0.00297493627294898 0.02813379466533661
v -0.00392306363210082 -0.0029492946341633792 0.028120486065745354
v -0.003898236900568008 -0.0026198010891675945 0.02911636419594288
v -0.004007290583103894 -0.0025241281837224956 0.029612984508275986
v -0.003989422228187322 -0.0026915546040982004 0.029154794290661812
v -0.004054099787026643 -0.0027786125428974624 0.02920142188668251
v -0.004063730128109454 -0.002925541484728455 0.028692839667201042
v -0.0040125036612153045 -0.002857271814718842 0.028656622394919395
v -0.0039402726106345645 -0.002801298396661877 0.02862692065536976
v -0.0038537543732672925 -0.0027643828652799125 0.028607338666915894
v -0.0037626079283654685 -0.002749346429482102 0.028599360957741737
v -0.0034701072145253416 -0.002579038962721824 0.029094532132148743
v -0.0034183999523520465 -0.0023892901372164484 0.02949203923344612
v -0.004100035410374402 0.0009466962656006216 0.03309470787644386
v -0.004100036341696977 0.0013849852839484809 0.03250717744231224
v -0.004100035410374402 0.00028233043849468226 0.0334043875336647
v -0.004100034944713115 -0.00022006242943461982 0.033414971083402634
v -0.0041000358760356894 -0.0012436428805813191 0.032769836485385895
v -0.004100035410374402 -0.001492529874667525 0.03208037465810776
v -0.004100035410374402 -0.0003309489402454346 0.03339423984289169
v -0.004100036807358264 -0.0006977601442486047 0.03325902670621872
v -0.004100035410374402 -0.00051414460176602 0.02840527519583702
v -0.0041000358760356894 -0.0005124109447933732 0.02840327098965645
v -0.0041000358760356894 0.000697777373716235 0.030603459104895592
v -0.004100036341696977 0.001243649749085307 0.031092654913663864
v -0.004100036807358264 0.0014925304567441342 0.031782109290361404
v -0.004100036807358264 0.00033094856189563865 0.030468245968222618
v -0.004100035410374402 0.00022007180086802689 0.03044750541448593
v -0.004100020509213208 -0.0005173944518901407 0.02840680442750454
v -0.0041000358760356894 -0.0002823162067215889 0.030458081513643265
v -0.004100034944713115 -0.0011466430732980368 0.02879542112350464
v -0.004100034944713115 -0.00138498458545655 0.031355299055576324
v -0.004100035410374402 -0.0009466914925724267 0.030767768621444702
v -0.0041000358760356894 -0.001991383964195847 0.029304005205631256
v -0.004100035410374402 -0.001401289249770343 0.0289499219506979
v -7.762270270994519e-10 -0.002971226349472999 0.029717672616243362
v -0.0010106110712513325 -0.0029220171272754665 0.02970021590590477
v -0.0017075162613764403 -0.0028308236505836244 0.029666613787412643
v -0.0023849464487284418 -0.002695520874112844 0.02961493469774723
v -0.0030292598530650135 -0.002520123496651649 0.02954544499516487
v 0.006740229669958352 -0.0011510914191603658 0.01128692552447319
v 0.006916586309671401 -0.0007225882727652787 0.011195286177098751
v 0.00634058890864253 -0.0009357316885143517 0.015109723433852196
v 0.005286632571369409 0.011143965646624563 0.011624937877058983
v 0.005472232587635516 0.010691046714782713 0.01160054188221693
v 0.005394818261265754 0.010940410196781157 0.010592423379421234
v 0.0062314681708812705 0.006700671277940272 0.014885896816849709
v 0.005377952940762042 0.010839383117854593 0.012575564906001091
v 0.006849114317446946 0.004851856268942355 0.022630419582128525
v 0.006587774027138948 0.006405971944332122 0.02161550335586071
v 0.006945794448256492 0.0032791846897453065 0.023594224825501442
v 0.0008458396769128739 -0.003964669071137904 0.016804656013846397
v 0.005621348973363637 0.010129088535904883 0.00821276381611824
v 0.005057070404291152 0.011699668131768702 0.00864983256906271
v 0.004977242089807986 0.011741278693079947 0.01069246232509613
v 0.004701956640928983 0.01203428581357002 0.01072576642036438
v 0.004365334752947091 0.012268808670341967 0.010760373435914516
v 0.0060258014127612105 0.008182158693671225 0.019754495471715927
v 0.0035705890040844675 0.010592693462967871 0.018332503736019135
v 0.004202967043966054 0.010255536064505575 0.018508821725845337
v 0.004773248452693223 0.009846874512732027 0.018735714256763458
v 0.0052707530558109275 0.009364160709083079 0.01901870407164097
v 0.005687056574970483 0.008806541562080382 0.01936110109090805
v 0.00428482424467802 0.011559261940419672 0.014105642214417458
v 0.003959415946155786 0.012453792616724966 0.010802789591252804
v 0.005261068232357501 0.011271949857473372 0.008534633554518223
v 0.00755953462794423 0.0007212279015220701 0.004720594268292189
v 0.007543998304754495 0.0012531912652775643 0.004867286421358585
v 0.0074858665466308585 0.0018029008060693739 0.005062814801931381
v 0.00727708451449871 0.002943051746115088 0.00555066391825676
v 0.007003719452768563 0.004116664640605449 0.006084701046347618
v 0.00752365868538618 0.00021013809600844977 0.004635170102119446
v 0.007266083266586064 -0.0007376580033451318 0.0046913474798202515
v 0.007427574135363101 -0.0002769547281786799 0.004623414482921362
v 0.007042292039841413 -0.0011712587438523767 0.004830317106097937
v 0.0067604612559080115 -0.001577281975187361 0.005029620602726936
v 0.006424848921597003 -0.001955247716978192 0.005278553813695908
v 0.006039720028638839 -0.002304680878296494 0.005566418636590242
v 0.005609335377812385 -0.0026251045055687423 0.0058825137093663216
v 0.004629845265299081 -0.003177014179527759 0.006556578446179628
v 0.004526730626821517 -0.0033255927264690395 0.009346932172775269
v 0.0044068717397749415 -0.0033572700340300794 0.010898835957050323
v 0.0033470622729510065 -0.0037491826806217428 0.011374794878065586
v 0.002855362137779593 -0.0036059315316379066 0.016445599496364594
v 0.0037743949797004457 -0.0032761623151600357 0.016175806522369385
v 0.004228081088513135 -0.0033518911805003877 0.01258571445941925
v 0.001871487940661609 -0.003835167502984404 0.01666400209069252
v 0.0010708998888731 -0.003891315776854753 0.027901649475097656
v 0.0037515992298722263 -0.0030389146413654085 0.025318901985883713
v 0.0032051494345068927 -0.0034190085716545577 0.027723178267478943
v 0.0030378990340977903 -0.0033330537844449277 0.025417108088731766
v 0.0025252110790461297 -0.0036264937371015544 0.02780332788825035
v 0.0022781142033636566 -0.003561863442882895 0.025491833686828613
v 0.001808854518458247 -0.003785206470638513 0.027862917631864548
v 0.0014843378448858855 -0.0037235736381262536 0.025543497875332832
v 0.0006686652777716516 -0.0038164160214364524 0.025572534650564194
v 0.005906293168663978 -0.0012449915520846842 0.024682747200131416
v 0.005589073989540338 -0.001989144599065184 0.027123160660266876
v 0.005495241843163966 -0.0017822267254814503 0.024879198521375656
v 0.005093070212751626 -0.0024281709920614953 0.027314988896250725
v 0.004992366768419742 -0.002261731773614883 0.025050373747944832
v 0.00451216660439968 -0.002819322515279054 0.027480538934469223
v 0.004407121799886226 -0.0026812183205038305 0.025196800008416176
v 0.004100031685084104 -0.0030429763719439502 0.027572723105549812
v 0.0038138274103403087 -0.003177905455231666 0.02762741968035698
v 0.005999968387186526 -0.001498087542131543 0.02690146677196026
v 0.006230146158486604 -0.0006550787365995346 0.02445991151034832
v 0.006476095411926507 -1.845717633841559e-05 0.02420937642455101
v 0.00671266671270132 0.00038366942317225034 0.02510675974190235
v 0.006840159185230731 0.001063146162778139 0.024781513959169388
v 0.006915857084095477 0.0017750242259353397 0.024422040209174156
v 0.006294627208262681 0.007502140477299689 0.02018657885491848
v 0.0060551115311682216 0.008203476667404173 0.009997043758630753
v 0.006088462192565202 0.00794380623847246 0.01117210928350687
v 0.005997748114168643 0.0085300812497735 0.007722719572484493
v 0.005584713071584701 0.010072452016174792 0.014438634738326073
v 0.006001131143420934 0.00859324913471937 0.016536036506295204
v 0.006622701883316039 0.004591534379869699 0.02005648799240589
v 0.006509365513920783 0.006175446324050426 0.019334034994244576
v 0.006264478899538516 0.007640101481229066 0.018598152324557304
v 0.006649443414062261 0.002950492780655622 0.020705725997686386
v 0.006454946007579564 0.004835395142436027 0.014907832257449627
v 0.00650120573118329 0.0039007575251162048 0.017865069210529327
v 0.0061270459555089465 0.007597072981297969 0.012381712906062603
v 0.0044487244449555865 0.012081965804100035 0.011654403060674667
v 0.0041183871217072 0.012072066776454447 0.012516683898866177
v 0.0053589572198688975 0.01053577847778797 0.014331350103020668
v 0.004718225914984941 0.011275969445705412 0.014158674515783787
v 0.004535588901489972 0.011848631314933298 0.012514146976172924
v 0.004878611303865909 0.01157330349087715 0.012527802027761936
v 0.004787719342857598 0.011830638162791727 0.011642197147011757
v 0.005062740296125411 0.01152090076357126 0.011635598726570606
v 0.005203946027904748 0.011379935778677462 0.010651132091879845
v 0.0050739957951009265 0.010935926809906958 0.014235539361834526
v 0.005155188031494617 0.01123930513858795 0.012551364488899708
v 0.006917512509971856 0.003682402893900871 0.010029304772615433
v 0.006839292589575051 0.0034394073300063606 0.011568481102585793
v 0.0071331923827528945 0.002536049578338861 0.009719193913042545
v 0.007011603098362683 0.0023275592830032106 0.01135663129389286
v 0.00728493183851242 0.0014169801725074647 0.009467766620218754
v 0.007119642570614814 0.0012433219235390423 0.011197199113667011
v 0.007317164447158574 0.0008772385772317647 0.009380616247653961
v 0.007106825709342956 0.00021662906510755417 0.011130114085972309
v 0.007309825159609317 0.00035578830284066493 0.009328012354671955
v 0.006489604711532592 -0.0005269143148325383 0.01503178384155035
v 0.007037415634840726 -0.00026578296092338855 0.01114367414265871
v 0.0065971040166914454 -9.451087680645286e-05 0.014972648583352566
v 0.006707632448524236 0.0008284124196507036 0.014901378192007542
v 0.006712385918945073 0.0018077372806146739 0.014877073466777802
v 0.006651590578258037 0.0028181560337543483 0.014880894683301449
v 0.0072550447657704345 -0.00014354431186802683 0.009316579438745975
v 0.007144977804273366 -0.0006169381667859851 0.009352917782962322
v 0.006975018884986638 -0.0010616200743243096 0.009439841844141483
v 0.006748031359165906 -0.0014772074064239857 0.00957142747938633
v 0.0069682011380791655 0.003868776140734553 0.008617404848337173
v 0.007213564123958348 0.002702498575672507 0.008222085423767567
v 0.007395004853606223 0.0015645419480279086 0.007885767146945
v 0.007440791465342044 0.0010154978372156618 0.007760829292237759
v 0.007445437833666801 0.0004847107629757374 0.007675954606384039
v 0.007400561124086379 -2.409552325843833e-05 0.007639583200216293
v 0.007297783624380826 -0.0005071960040368139 0.007660128176212311
v 0.007132183294743299 -0.0009618560434319078 0.007741367910057306
v 0.006906746421009301 -0.001387595199048519 0.007876410149037838
v 0.006625566631555556 -0.0017842528177425263 0.008056867867708206
v 0.00646646600216627 0.005630156956613063 0.012018688023090363
v 0.006475425325334071 0.00593639863654971 0.01065885741263628
v 0.006477619055658578 0.00616496056318283 0.009382372722029686
v 0.006463714409619569 0.006450306624174117 0.0070176078006625175
v 0.00672682374715805 0.005297107622027396 0.0065798889845609665
v 0.006138559896498918 -0.002220924478024244 0.009940012358129025
v 0.005912340246140956 -0.0024896652903407808 0.008520490489900112
v 0.006292731035500764 -0.0021516634151339527 0.008274354040622711
v 0.005488479509949683 -0.0027980969753116365 0.008786888793110847
v 0.005347772501409053 -0.002847732044756412 0.01040152832865715
v 0.005908446852117776 -0.0022651511244475837 0.01174942310899496
v 0.005137831438332795 -0.002865351270884275 0.01215566135942936
v 0.005325625650584697 -0.002311817137524485 0.015587441623210907
v 0.004605506546795367 -0.002845056820660829 0.015880966559052467
v 0.00665342854335904 0.0006589054246433078 0.023929845541715622
v 0.006771370768547057 0.0013710487401112912 0.02362002059817314
v 0.006838826928287744 0.0021120521705597635 0.023278679698705673
v 0.0068575204350054255 0.003657010151073336 0.022496584802865982
v 0.006508558522909879 0.0017077113734558223 0.019793329760432243
v 0.006615416146814822 0.002133828122168779 0.02099880389869213
v 0.006536953151226043 0.0013342067832127211 0.021271124482154846
v 0.006410669069737195 0.0008796753827482461 0.020014261826872826
v 0.006403627805411815 0.0005625817575491964 0.02152305096387863
v 0.006245163269340991 8.949362381827085e-05 0.02022395469248295
v 0.006202243268489837 -0.00016974340542219577 0.021755468100309372
v 0.005993942730128764 -0.0006480987649410962 0.020424770191311836
v 0.005919008515775203 -0.0008513915818184613 0.021969394758343697
v 0.00563891278579831 -0.0013183692935854194 0.020619066432118416
v 0.005540125537663697 -0.0014709847746416924 0.02216583490371704
v 0.005169246345758437 -0.0019097854383289812 0.020807575434446335
v 0.005057798232883214 -0.002019492210820317 0.022345172241330147
v 0.0045960298739373675 -0.0024204771034419532 0.020986178889870644
v 0.004482311196625232 -0.002494953107088804 0.022505877539515495
v 0.003934473730623721 -0.002850387711077928 0.021149829030036926
v 0.0038273406680673356 -0.0028967375401407476 0.022646084427833557
v 0.003199780825525522 -0.0031994627788662906 0.02129349112510681
v 0.0031065680086612697 -0.003224214538931846 0.022763915359973907
v 0.002333674114197492 -0.0034767540637403722 0.02285749465227127
v 0.00581113202497363 -0.0011774590238928793 0.01891254633665085
v 0.005354983732104301 -0.0018164127832278607 0.01911035366356373
v 0.006147218402475118 -0.0013187035219743846 0.01520724967122078
v 0.005911679007112979 -0.0016756426775828002 0.015321575105190277
v 0.0065110092982649794 -0.0015509956283494828 0.011413725093007088
v 0.006467911880463361 -0.0018636583117768166 0.00974053144454956
v 0.006232542917132377 -0.0019223358249291775 0.011569835245609283
v 0.005636852700263261 -0.002006646711379289 0.01544940285384655
v 0.004780692048370837 -0.0023666743654757734 0.019313277676701546
v 0.0006862360751256346 -0.003754495875909924 0.022964399307966232
v 0.0007442465866915881 -0.0038019092753529544 0.020047107711434364
v 0.0015223366208374498 -0.0036537244450300928 0.02292494662106037
v 0.0016490402631461618 -0.0036889770999550815 0.01997184008359909
v 0.0025224289856851097 -0.0034893960691988464 0.019850606098771095
v 0.0033470650669187303 -0.0032027575653046365 0.01969362236559391
v 0.004105600994080304 -0.0028286527376621957 0.019511107355356216
v 0.006136914249509572 -0.0004517202614806592 0.018728116527199745
v 0.006347409449517726 0.00034656142815947527 0.018554896116256714
v 0.0064667416736483565 0.0011990567436441777 0.018387265503406525
v 0.006519041955471038 0.0020874345209449525 0.018219593912363052
v 0.006758038420230149 0.005239553749561309 0.021591896191239357
v 0.006501181051135062 0.006777613889425992 0.02064504474401474
v 0.005819187965244054 0.009192132391035555 0.016310885548591614
v 0.005583343561738729 0.009732436388731001 0.01610184647142887
v 0.005283488426357507 0.010212167166173456 0.015915576368570328
v 0.00490949535742402 0.010629333555698393 0.015758736059069633
v 0.0060710269026458255 0.008309838362038134 0.018247688189148903
v 0.0058186836540699 0.008928316645324228 0.01792088709771633
v 0.0054987785406410685 0.009488387964665888 0.017626753076910973
v 0.005102640483528375 0.009982906281948088 0.017374295741319656
v 0.0046258196234703055 0.010407005436718462 0.017169423401355743
v 0.004076566081494092 0.010762693360447882 0.017008762806653976
v 0.0038534374907612796 -0.003160769352689385 0.027630401775240898
v 0.0038959253579378124 -0.0031434593256562944 0.027653135359287262
v 0.003813535906374454 -0.0031612042803317304 0.027661161497235298
v 0.0056149610318243495 -0.0020973884966224428 0.02839665859937668
v 0.005568206310272216 -0.0023272242397069927 0.029690571129322052
v 0.00407545082271099 -0.003047107486054301 0.028257101774215698
v 0.004070496652275323 -0.0030551676172763105 0.02818395383656025
v 0.004463192541152238 -0.0028158985078334804 0.02868746593594551
v 0.004100032616406678 -0.002870364114642143 0.029555127024650574
v 0.004096912685781716 -0.00291165173985064 0.029275204986333847
v 0.0040897298604249946 -0.002989850006997585 0.02872144989669323
v 0.004100032150745391 -0.0024995531421154733 0.032124534249305725
v 0.0043848711065948 -0.002636204473674297 0.031102556735277176
v 0.004100031685084104 -0.0024739555083215232 0.03229052573442459
v 0.004100032616406678 -0.0024730646982789035 0.03229643404483795
v 0.005459391046315431 -0.0024730733130127187 0.03229643404483795
v 0.005536929704248904 -0.0024437834508717056 0.030336696654558182
v 0.005505853798240422 -0.0025251996703445907 0.030992496758699417
v 0.005479018669575452 -0.0025369648355990644 0.03165913373231888
v 0.005083128344267606 -0.0024668134283274408 0.027924591675400734
v 0.004473027773201465 -0.002850817749276757 0.028076646849513054
v 0.004008304327726363 -0.0030977069400250907 0.027834981679916382
v 0.003920143470168113 -0.003133925143629312 0.02767496183514595
v 0.005066105164587497 -0.002485194010660052 0.028556758537888527
v 0.0044272574596107 -0.002732508815824985 0.0298934206366539
v 0.004100031685084104 -0.0026505070272833105 0.031124012544751167
v 0.004927445668727159 -0.002552589168772101 0.031688351184129715
v 0.004954660311341285 -0.002590337302535772 0.03105257637798786
v 0.005015885923057794 -0.002548963529989123 0.029801873490214348
v 0.004100032616406678 -0.0008785396930761634 0.03427169844508171
v 0.004100033082067966 -0.0017399046337231992 0.033726293593645096
v 0.004100032150745391 -0.002311975229531526 0.03288213536143303
v 0.004100032616406678 0.0024991945829242464 0.03199436888098717
v 0.004100031219422816 0.00012940241140313444 0.03442782536149025
v 0.004100032616406678 0.0011156097752973435 0.03416847437620163
v 0.004100033082067966 0.0019162023672834037 0.033536870032548904
v 0.004100033082067966 0.002397972624748945 0.03263811022043228
v 0.0055057345889508716 0.0026208872441202398 0.027177313342690468
v 0.004100032616406678 0.0026208874769508834 0.027177313342690468
v 0.004100033082067966 0.0026104571297764774 0.027590205892920494
v 0.004100033547729253 0.002722888952121138 0.026595352217555046
v 0.004100031219422816 -0.0001483889209339395 0.025468947365880013
v 0.004100033082067966 -0.000220069196075201 0.033414967358112335
v 0.004100032150745391 0.0002200848393840715 0.03044751286506653
v 0.004100033082067966 0.0003310090687591582 0.030468259006738663
v 0.004100032150745391 0.0006977765006013214 0.03060346469283104
v 0.004100032616406678 0.001243650331161916 0.031092653051018715
v 0.004100032150745391 0.0014925310388207433 0.031782109290361404
v 0.0041000344790518275 0.001384985167533159 0.03250717371702194
v 0.004100031685084104 0.0009466965566389262 0.033094704151153564
v 0.004100032616406678 0.0002823300019372254 0.0334043949842453
v 0.004100034944713115 -0.0003310080501250922 0.0333942212164402
v 0.004100032150745391 -0.0006977600278332828 0.03325902670621872
v 0.004100031219422816 -0.0012436425313353536 0.032769836485385895
v 0.004100030753761529 -0.001492530573159456 0.032080378383398056
v 0.004100033082067966 -0.0013849855167791245 0.03135530278086662
v 0.004100033547729253 -0.0009466904448345302 0.030767766758799553
v 0.004100032150745391 -0.0002823171089403331 0.030458087101578712
v 0.0036483043804764743 -0.0010575907072052357 0.02788982354104519
v 0.0036483001895248886 -0.00021008797921240327 0.02791125513613224
v 0.0036244213115423913 -0.0010646248701959846 0.027887912467122078
v 0.0033451498020440336 -0.00017385612591169772 0.026477035135030746
v 0.004060450941324233 -0.0002177327260142192 0.02821383625268936
v 0.004100033082067966 -0.00021782190015073863 0.028217367827892303
v 0.004026409238576888 -0.00021606178779620675 0.028147684410214424
v 0.003842650214210152 -0.00021161601762287316 0.027971705421805382
v 0.003345996374264359 -0.00014838849892839787 0.025468945503234863
v 0.0041000344790518275 -0.0005088862380944191 0.02840152010321617
v 0.0040997620671987525 -0.0004829949175473302 0.02838541939854622
v -0.003302782773971557 -0.0013801309978589413 0.025219528004527092
v -0.003302783006802201 -0.0013814608100801704 0.026168350130319595
v -0.0033027904573827978 -0.0013838980812579391 0.027897942811250687
v 0.0033027825411409135 -0.0013801315799355505 0.025219526141881943
v -2.497349438357332e-09 -0.0013801133027300236 0.02521953172981739
v 0.0033027820754796262 -0.0013814609264954922 0.026168351992964745
v 0.003302789526060223 -0.0013838983140885828 0.027897942811250687
v -0.0037561079952865835 -0.0010225609876215456 0.02791338786482811
v -0.0036743117962032552 -0.0010496292961761353 0.02789325825870037
v -0.0040699830278754226 -0.0008695541182532905 0.028221623972058296
v -0.004029318690299987 -0.0008993692463263868 0.028135227039456367
v -0.00389025779440999 -0.0009707194403745233 0.027982579544186592
v -0.003875927301123738 -0.000976780313067138 0.027972577139735222
v -0.004098404198884963 -0.0008341601351276039 0.028352925553917885
v -0.004099944606423377 -0.0008272167178802191 0.02838391624391079
v -0.004065275192260741 -0.0007954798056744038 0.028577465564012527
v -0.0038354767020791765 -0.0010257456451654432 0.02870149537920952
v -0.003681707195937633 -0.0011054060887545345 0.028739197179675102
v -0.003861850826069712 -0.0010170857422053812 0.028686057776212692
v -0.003713130950927734 -0.0012034481624141333 0.028532804921269417
v -0.003912091720849275 -0.0010110758012160657 0.028637725859880447
v -0.0039380406960844985 -0.0010210494510829447 0.028589358553290367
v -0.003745937719941139 -0.0013072142610326407 0.028316566720604897
v -0.0037532539572566743 -0.0013021635822951792 0.028316615149378777
v -0.003737694816663861 -0.001281026401557028 0.028371252119541168
v -0.003870017128065228 -0.001199598773382604 0.02835599146783352
v -0.003729446558281779 -0.0012548936065286396 0.028425687924027443
v -0.003940752707421779 -0.0010940998326987026 0.02845693938434124
v -0.003946624696254729 -0.001031690859235823 0.028560305014252663
v -0.0019805461633950468 -0.001694026053883135 0.029002666473388672
v -0.0028937798924744125 -0.0014401602093130348 0.028893321752548218
v -0.003534053917974233 -0.001178850303404033 0.028773872181773186
v -0.004000826738774776 -0.0009120156173594295 0.028644196689128876
v -0.0009957768488675354 -0.0018506060587242244 0.029065756127238274
v -1.66364499953886e-09 -0.001902676071040332 0.029085513204336166
v 0.0034842297900468107 -0.002605160931125283 0.02903374843299389
v 0.003418391570448875 -0.002389291068539023 0.02949203923344612
v 0.003029168583452701 -0.002520151203498244 0.029545454308390617
v 0.0037583983503282066 -0.0029802424833178516 0.028072981163859367
v 0.0010105019900947807 -0.0029220273718237873 0.02970021776854992
v 0.0017074120696634052 -0.002830840880051255 0.02966662496328354
v 0.0023848512209951873 -0.002695543225854635 0.029614942148327827
v 0.00376238371245563 -0.0027493354864418502 0.02859935164451599
v 0.003672822611406445 -0.0025511218700557943 0.029079575091600418
v 0.004100032616406678 -0.002770985476672649 0.029766568914055824
v 0.004091594368219375 -0.002690830966457724 0.029718562960624695
v 0.0040636942721903315 -0.0029254839755594726 0.028692808002233505
v 0.004054055083543061 -0.002778538735583424 0.029201382771134377
v 0.0040505100041627875 -0.0025851137470453973 0.029652902856469154
v 0.003940135706216096 -0.0028012215625494714 0.028626883402466774
v 0.0039850715547800055 -0.002974880393594503 0.028133761137723923
v 0.0040370775386691085 -0.0030144874472171064 0.028154319152235985
v 0.003857780713587999 -0.0029395944438874717 0.028115447610616684
v 0.0036394491326063867 -0.002355136210098862 0.02948666922748089
v 0.0038552125915884967 -0.0024080488365143533 0.02953343838453293
v 0.004017571918666362 -0.0025364153552800413 0.029621578752994537
v 0.003881884971633553 -0.002421725774183869 0.029543500393629074
v 0.003898064605891704 -0.0026197002734988924 0.029116306453943253
v 0.003922926262021064 -0.002949257846921682 0.028120461851358414
v 0.004100031685084104 -0.0005121250287629663 0.028403032571077347
v 0.004100032616406678 -0.0005138767301104962 0.028405047953128815
v 0.0041000177152454844 -0.0005173910176381468 0.028406793251633644
v 0.004100033082067966 -0.0011238760780543087 0.0287815909832716
v 0.004100033082067966 -0.0014073366764932869 0.028953570872545242
v 0.0041001555509865275 -0.0019669388420879837 0.02928946726024151
v 0.004099978134036063 -0.0008277383749373256 0.02838614210486412
v 0.004065272863954305 -0.0007954802713356911 0.028577467426657677
v 0.004070149734616279 -0.0008704959182068704 0.028222067281603813
v 0.004053173586726188 -0.0008838082430884241 0.028180493041872978
v 0.003931554034352302 -0.0009519385057501494 0.02801578864455223
v 0.004026378504931926 -0.0009016175172291695 0.028129953891038895
v 0.003738865721970796 -0.001028449856676161 0.02790788933634758
v 0.003756056539714336 -0.0010225826408714054 0.027913369238376617
v 0.0038428728003054853 -0.0009902749443426726 0.02795216627418995
v -0.0030865087173879142 -0.0013838532613590358 0.027879267930984497
v -4.4356651685006904e-10 -0.0013838385930284856 0.027879267930984497
v 0.00308650080114603 -0.0013838539598509667 0.027879271656274796
v -0.003926884848624467 -0.001188086695037782 0.028257600963115692
v -0.004004815127700566 -0.0010647352319210766 0.028402119874954224
v -0.003917361609637736 -0.0010115890763700006 0.028007030487060547
v -0.004076273646205663 -0.0009042175952345132 0.02824714221060276
v -0.004090890754014253 -0.0008931781048886477 0.028422165662050247
v -0.004076316952705382 -0.000940694415476173 0.02827657200396061
v -0.0036370558664202686 -0.0011247808579355476 0.02789294719696045
v -0.003986703231930732 -0.000977603020146489 0.0285926703363657
v -0.0040181130170822135 -0.0010702614672482012 0.028233397752046585
v -0.0039554815739393226 -0.0011368575505912302 0.028142541646957397
v -0.004025868140161037 -0.0010347701609134672 0.02818940207362175
v -0.0039530559442937365 -0.0010987864807248113 0.028088994324207306
v -0.0040240790694952 -0.0009959884919226167 0.028148986399173737
v -0.003939698915928601 -0.0010559341171756385 0.02804306335747242
v -0.00401355605572462 -0.0009561265469528734 0.028113914653658867
v -0.00405433028936386 -0.0010098154889419673 0.028340185061097145
v -0.004056541714817285 -0.0008596249972470104 0.028579331934452057
v -0.004028026945888995 -0.0009220265201292931 0.02858940325677395
v -0.00406049471348524 -0.0009583376231603323 0.02846037596464157
v -0.004032590892165898 -0.0010396273573860524 0.02837197482585907
v -0.003946412354707717 -0.0011672377586364744 0.02820012904703617
v -0.003791129449382424 -0.0010687196627259252 0.02793009579181671
v -0.0036774531472474332 -0.0011833276366814969 0.027916599065065384
v -0.003824570914730429 -0.0011191448429599402 0.027962196618318558
v -0.0037155239842832084 -0.0012390599586069582 0.027961039915680885
v -0.0038507718127220865 -0.001167478156276047 0.02800963819026947
v -0.0037461835891008373 -0.001284644706174731 0.028024563565850258
v -0.0038662231527268882 -0.001208838541060686 0.028070079162716866
v -0.0037653914187103506 -0.0013141231611371038 0.028100818395614624
v -0.0037716494407504793 -0.001325117074884474 0.028180629014968872
v -0.003766283160075545 -0.0013193021295592187 0.028255172073841095
v -0.002779407193884253 -0.00182918319478631 0.02831757254898548
v -0.0020315397996455427 -0.002037237165495753 0.028407832607626915
v -0.0025268392637372013 -0.00192914018407464 0.02831769548356533
v -0.0019466019002720711 -0.002114947652444243 0.028318015858530998
v -0.0016902334755286572 -0.0021796370856463905 0.028317930176854134
v -0.0010215172078460453 -0.0022052838467061515 0.02847740799188614
v -0.0008192110690288245 -0.002327755559235811 0.028317464515566826
v -0.0007257345714606344 -0.002232842845842242 0.028488395735621452
v -8.0811685121418e-10 -0.0022609082516282793 0.028499362990260124
v -2.108940799772085e-09 -0.0023722816258668895 0.028317593038082123
v 1.6663727342436372e-10 -0.0021791118197143074 0.028632404282689095
v -0.003423657966777682 -0.0015102165052667258 0.028317056596279144
v -0.0028797655832022424 -0.0017858567880466578 0.02831752970814705
v 0.004002336412668227 -0.0009101509349420666 0.028643248602747917
v 0.0038354727439582344 -0.0010257456451654432 0.028701500967144966
v 0.0036817067302763458 -0.0011054069036617873 0.028739191591739655
v 0.0035340522881597276 -0.001178850885480642 0.028773872181773186
v 0.003496012650430202 -0.0011968537000939248 0.028782298788428307
v 0.002987472806125879 -0.0014069131575524805 0.028878483921289444
v 0.0024355899076908822 -0.0015823396388441322 0.028955478221178055
v 0.001849120366387069 -0.0017213766695931552 0.029013972729444504
v 0.0012368148891255257 -0.0018222733633592723 0.0290546715259552
v 0.0006074207485653459 -0.0018832747591659425 0.029078280553221703
v 0.0037532504647970195 -0.0013021639315411446 0.028316613286733627
v 0.0037461684551089998 -0.0013070523273199795 0.028316562995314598
v 0.003929493017494678 -0.0010162924882024524 0.028607912361621857
v 0.003951202612370252 -0.0010469882981851695 0.028527766466140747
v 0.0038891541771590705 -0.0010116770863533018 0.028663646429777145
v 0.003938967362046241 -0.0010979698272421954 0.028452245518565178
v 0.003825387684628367 -0.0012444653548300264 0.028330903500318527
v 0.003923890646547078 -0.0011280287289991973 0.028417283669114113
v 0.0038662399165332313 -0.0012089187512174247 0.028070226311683655
v 0.0037461805623024698 -0.0012846428435295818 0.02802455984055996
v 0.0037653881590813394 -0.0013141236267983911 0.028100818395614624
v 0.0037155197933316226 -0.001239057397469878 0.027961038053035736
v 0.0039865574799478045 -0.0009777573868632314 0.0285926703363657
v 0.004004627931863069 -0.0010648717870935796 0.02840229868888855
v 0.003766281064599752 -0.0013193027116358278 0.028255173936486244
v 0.003926735371351241 -0.0011881813406944273 0.02825794368982315
v 0.003771645715460181 -0.0013251168420538304 0.02818063087761402
v 0.003790999529883265 -0.001068538171239197 0.027930010110139847
v 0.0036370498128235336 -0.0011247773654758928 0.0278929453343153
v 0.0040135025046765796 -0.0009559810278005897 0.028113797307014465
v 0.004076260142028331 -0.0009040844161063432 0.028247039765119553
v 0.004025864880532025 -0.0010347788920626042 0.028189418837428093
v 0.004024066496640443 -0.000995920388959348 0.028148921206593513
v 0.003939668647944926 -0.0010558596113696692 0.028042998164892197
v 0.003917264286428689 -0.0010114278411492703 0.02800692245364189
v 0.003946348559111356 -0.0011673447443172333 0.02820037119090557
v 0.004018083214759826 -0.0010703344596549866 0.028233500197529793
v 0.003955470398068427 -0.0011369333369657395 0.028142670169472694
v 0.003953055478632449 -0.0010987966088578103 0.0280890092253685
v 0.0038507739081978794 -0.001167488866485655 0.028009651228785515
v 0.0038245189934968944 -0.0011190599761903284 0.027962129563093185
v 0.0036774496547877784 -0.001183324260637164 0.027916599065065384
v 0.00407632254064083 -0.0009406312601640819 0.02827652171254158
v 0.004054287914186715 -0.001009884290397167 0.028340257704257965
v 0.004090905655175447 -0.0008931196061894297 0.02842213585972786
v 0.004056555684655904 -0.0008595701656304299 0.02857932820916176
v 0.004060444887727498 -0.0009584038052707909 0.028460418805480003
v 0.004027982708066701 -0.0009220910724252461 0.028589412569999695
v 0.00403248332440853 -0.001039742026478052 0.028372110798954964
v -0.0027728728018701072 -0.0015367384767159817 0.02787541039288044
v -6.585993528318567e-09 -0.002108912449330091 0.02786095254123211
v 0.0009481110610067843 -0.0020466642454266544 0.02786252461373806
v 0.0018785042921081183 -0.0018571363762021063 0.027867313474416733
v 0.0027728665154427286 -0.0015367357991635797 0.02787540666759014
v -0.0018785099964588878 -0.00185713788960129 0.027867311611771584
v -0.0009481185115873813 -0.00204666587524116 0.02786252461373806
v -0.0009853863157331941 -0.0023367027752101417 0.02825651690363884
v -0.0028904690407216545 -0.001808133325539529 0.028256068006157875
v -0.0009569240501150488 -0.0021133101545274253 0.027868494391441345
v -0.001954178093001246 -0.0021408081520348783 0.028256647288799286
v -0.002799851587042212 -0.0015969442902132867 0.027881277725100517
v -0.0028293740469962354 -0.001663281116634607 0.027905771508812904
v -0.0028571223374456163 -0.0017262214096263049 0.02795213647186756
v -0.0028791541699320074 -0.0017769421683624385 0.028018521144986153
v -0.0028923684731125827 -0.0018083658069372175 0.028097914531826973
v -0.002895735669881105 -0.0018179425969719885 0.02818024344742298
v -0.0018962506437674163 -0.0019214854110032318 0.027873249724507332
v -0.001915691536851227 -0.0019924775697290893 0.02789834700524807
v -0.001933933584950864 -0.002059694146737456 0.027946069836616516
v -0.0019482673378661273 -0.002113299677148461 0.028014464303851128
v -0.001956588355824351 -0.0021454789675772186 0.028096025809645653
v -0.001958253793418407 -0.002153624081984162 0.028180044144392014
v -0.000987540232017636 -0.002351312199607491 0.028179526329040527
v -0.0009868288179859517 -0.0023440909571945663 0.02809460647404194
v -0.0009827645262703297 -0.002311595948413014 0.0280118677765131
v -0.0009756640647538005 -0.0022564474493265148 0.02794237621128559
v -0.0009665937395766376 -0.0021868797484785314 0.0278939176350832
v -4.191098135208903e-09 -0.0021762019023299213 0.02786693349480629
v -6.536537089374405e-09 -0.002250502118840813 0.027892455458641052
v -5.287198234782408e-09 -0.002320749452337622 0.02794114127755165
v -6.560670229305287e-09 -0.0023763531353324647 0.028010964393615723
v -6.728608781259026e-09 -0.0024089526850730176 0.028094058856368065
v -4.001830866684485e-09 -0.002415919210761785 0.028179241344332695
v -4.596947267287987e-09 -0.002400807803496718 0.028256339952349663
v 0.0007300610304810106 -0.002232508268207311 0.028488263487815857
v 0.0008801060612313448 -0.0023213708773255344 0.028317773714661598
v 0.001021598814986646 -0.00220527802594006 0.02847740240395069
v 0.0017431041924282906 -0.002167221857234835 0.0283180121332407
v 0.0014475515345111487 -0.0021487749181687828 0.028454426676034927
v 0.0021398910321295257 -0.0020119103137403722 0.028397049754858017
v 0.002573302714154124 -0.001911742961965501 0.028317682445049286
v 0.002779423259198665 -0.0018291786545887587 0.028317565098404884
v 0.0034761403221637006 -0.0014793588779866693 0.028317205607891083
v 0.0028797620907425876 -0.0017858623759821055 0.028317518532276154
v 0.002890463918447494 -0.0018081336747854946 0.028256062418222427
v 0.0027998473960906263 -0.0015969410305842755 0.027881275862455368
v 0.0028293686918914314 -0.0016632776241749523 0.027905769646167755
v 0.0009569189860485493 -0.002113306196406483 0.027868494391441345
v 0.000966583436820656 -0.0021868757903575893 0.0278939176350832
v 0.0009756573126651346 -0.002256445353850722 0.027942374348640442
v 0.0009827575413510201 -0.0023115957155823703 0.0280118677765131
v 0.0009868238121271131 -0.00234409119002521 0.02809460647404194
v 0.0009875354589894412 -0.0023513133637607093 0.028179530054330826
v 0.0009853779338300226 -0.0023367034737020727 0.02825651504099369
v 0.0019541732035577293 -0.0021408088505268093 0.028256643563508987
v 0.001958249835297465 -0.00215362524613738 0.028180047869682312
v 0.001956582767888903 -0.0021454792004078622 0.028096027672290802
v 0.001948262797668576 -0.00211329897865653 0.02801446244120598
v 0.0019339267164468763 -0.0020596922840923067 0.027946067973971367
v 0.001915684901177883 -0.001992473611608147 0.02789834514260292
v 0.0018962428439408539 -0.0019214818021282552 0.027873247861862183
v 0.0028957319445908065 -0.0018179431790485976 0.02818024344742298
v 0.002892363583669066 -0.0018083662725985048 0.028097914531826973
v 0.0028791492804884906 -0.001776941120624542 0.028018521144986153
v 0.0028571162838488813 -0.0017262195469811557 0.027952132746577263
usemtl Purple
f 1 2 3
f 4 5 6
f 5 7 6
f 6 7 8
f 6 8 9
f 9 8 10
f 9 10 11
f 4 6 3
f 3 6 12
f 3 12 1
f 11 10 13
f 13 10 14
f 13 14 15
f 16 17 18
f 18 17 19
f 18 19 20
f 20 19 21
f 21 19 22
f 21 22 23
f 2 24 3
f 3 24 21
f 3 21 25
f 25 21 23
f 15 26 13
f 13 26 27
f 13 27 28
f 29 30 31
f 31 30 32
f 31 32 33
f 29 31 34
f 34 31 35
f 34 35 36
f 28 37 13
f 13 37 34
f 13 34 38
f 38 34 36
f 9 39 40
f 9 40 6
f 6 40 41
f 6 41 12
f 12 41 42
f 12 42 1
f 1 42 43
f 1 43 2
f 2 43 44
f 2 44 24
f 24 44 45
f 24 45 21
f 21 45 46
f 21 46 20
f 20 46 47
f 20 47 18
f 18 47 48
f 18 48 16
f 16 48 49
f 16 49 17
f 17 49 50
f 17 50 19
f 19 50 51
f 19 51 22
f 22 51 52
f 22 52 23
f 23 52 53
f 23 53 25
f 25 53 54
f 25 54 3
f 3 54 55
f 3 55 4
f 4 55 56
f 4 56 5
f 5 56 57
f 5 57 7
f 7 57 58
f 7 58 8
f 8 58 59
f 8 59 10
f 10 59 60
f 10 60 14
f 14 60 61
f 14 61 15
f 15 61 62
f 15 62 26
f 26 62 63
f 26 63 27
f 27 63 64
f 27 64 28
f 28 64 65
f 28 65 37
f 37 65 66
f 37 66 34
f 34 66 67
f 34 67 29
f 29 67 68
f 29 68 30
f 30 68 69
f 30 69 32
f 32 69 70
f 32 70 33
f 33 70 71
f 33 71 31
f 31 71 72
f 31 72 35
f 35 72 73
f 35 73 36
f 36 73 74
f 36 74 38
f 38 74 75
f 38 75 13
f 13 75 76
f 13 76 11
f 11 76 39
f 11 39 9
f 40 39 57
f 57 39 76
f 57 76 58
f 61 60 76
f 76 60 59
f 76 59 58
f 40 57 41
f 41 57 56
f 41 56 55
f 55 54 41
f 41 54 53
f 41 53 52
f 74 64 63
f 68 73 69
f 69 73 72
f 69 72 70
f 70 72 71
f 68 67 73
f 73 67 66
f 73 66 74
f 74 66 65
f 74 65 64
f 76 75 61
f 61 75 74
f 61 74 62
f 62 74 63
f 46 45 44
f 44 43 46
f 46 43 42
f 46 42 41
f 52 51 41
f 41 51 50
f 41 50 49
f 49 48 41
f 41 48 47
f 41 47 46
f 77 78 79
f 79 78 80
f 79 80 81
f 81 80 82
f 83 84 79
f 79 84 85
f 79 85 77
f 86 87 88
f 88 87 89
f 88 89 90
f 91 92 93
f 93 92 94
f 94 95 93
f 93 95 96
f 93 96 97
f 83 79 88
f 88 79 98
f 88 98 86
f 90 99 88
f 88 99 100
f 88 100 101
f 82 80 93
f 93 80 102
f 93 102 91
f 103 104 105
f 105 104 106
f 101 107 88
f 88 107 104
f 88 104 108
f 108 104 103
f 97 109 93
f 93 109 110
f 93 110 111
f 111 112 93
f 93 112 113
f 93 113 114
f 115 116 117
f 118 119 120
f 121 122 116
f 116 122 123
f 116 123 124
f 115 117 125
f 118 120 116
f 116 120 126
f 116 126 121
f 124 127 116
f 116 127 128
f 116 128 117
f 119 129 120
f 120 129 130
f 120 130 131
f 131 130 132
f 131 132 133
f 133 134 131
f 131 134 135
f 131 135 136
f 137 138 139
f 140 131 141
f 141 131 142
f 143 144 145
f 145 144 137
f 145 137 146
f 146 137 139
f 136 147 131
f 131 147 148
f 131 148 142
f 140 149 131
f 131 149 150
f 131 150 151
f 125 117 145
f 145 117 152
f 145 152 143
f 126 98 79
f 126 79 121
f 121 79 81
f 121 81 122
f 122 81 82
f 122 82 123
f 123 82 93
f 123 93 124
f 124 93 114
f 124 114 127
f 127 114 113
f 127 113 128
f 128 113 112
f 128 112 117
f 117 112 111
f 117 111 152
f 152 111 110
f 152 110 143
f 143 110 109
f 143 109 144
f 144 109 97
f 144 97 137
f 137 97 96
f 137 96 138
f 138 96 95
f 138 95 139
f 139 95 94
f 139 94 146
f 146 94 92
f 146 92 145
f 145 92 91
f 145 91 125
f 125 91 102
f 125 102 115
f 115 102 80
f 115 80 116
f 116 80 78
f 116 78 118
f 118 78 77
f 118 77 119
f 119 77 85
f 119 85 129
f 129 85 84
f 129 84 130
f 130 84 83
f 130 83 132
f 132 83 88
f 132 88 133
f 133 88 108
f 133 108 134
f 134 108 103
f 134 103 135
f 135 103 105
f 135 105 136
f 136 105 106
f 136 106 147
f 147 106 104
f 147 104 148
f 148 104 107
f 148 107 142
f 142 107 101
f 142 101 141
f 141 101 100
f 141 100 140
f 140 100 99
f 140 99 149
f 149 99 90
f 149 90 150
f 150 90 89
f 150 89 151
f 151 89 87
f 151 87 131
f 131 87 86
f 131 86 120
f 120 86 98
f 120 98 126
f 153 154 155
f 156 157 158
f 159 160 161
f 161 160 162
f 163 164 165
f 165 164 166
f 162 156 161
f 161 156 158
f 161 158 167
f 167 158 168
f 167 168 155
f 155 168 165
f 155 165 153
f 153 165 166
f 169 170 171
f 169 171 172
f 172 171 173
f 172 173 174
f 174 173 175
f 174 175 176
f 175 177 176
f 176 177 178
f 176 178 179
f 180 181 182
f 182 183 184
f 184 183 185
f 184 185 186
f 187 188 189
f 189 188 190
f 189 190 191
f 192 180 193
f 193 180 182
f 193 182 194
f 194 182 184
f 194 184 195
f 195 184 186
f 195 186 196
f 190 183 191
f 191 183 182
f 191 182 189
f 189 182 181
f 189 181 187
f 187 181 180
f 187 180 197
f 197 180 192
f 196 186 198
f 198 186 199
f 200 201 202
f 202 203 200
f 200 203 204
f 200 204 205
f 205 204 206
f 205 206 207
f 208 209 210
f 210 209 211
f 208 212 209
f 209 212 213
f 209 213 214
f 214 215 209
f 209 215 216
f 209 216 217
f 211 218 210
f 210 218 219
f 210 219 220
f 220 221 210
f 210 221 222
f 210 222 223
f 216 224 225
f 222 226 227
f 225 228 216
f 216 228 229
f 216 229 217
f 227 230 222
f 222 230 231
f 222 231 223
f 232 233 234
f 235 236 237
f 238 239 240
f 240 239 241
f 176 179 238
f 238 240 176
f 176 240 242
f 176 242 174
f 174 242 243
f 174 243 172
f 169 172 244
f 244 172 243
f 244 243 245
f 232 234 246
f 234 247 246
f 246 247 248
f 246 248 249
f 249 248 250
f 249 250 251
f 245 243 252
f 252 243 242
f 252 242 253
f 253 242 240
f 253 240 254
f 254 240 241
f 254 241 255
f 237 256 235
f 235 256 251
f 235 251 255
f 255 251 250
f 255 250 254
f 254 250 248
f 254 248 253
f 253 248 247
f 253 247 252
f 252 247 234
f 252 234 245
f 257 258 259
f 259 258 260
f 261 262 263
f 264 265 266
f 266 265 267
f 268 269 270
f 271 272 273
f 273 272 274
f 257 275 258
f 258 275 266
f 258 266 276
f 276 266 267
f 260 277 259
f 259 277 273
f 259 273 278
f 278 273 274
f 264 266 263
f 263 266 279
f 263 279 261
f 271 273 270
f 270 273 280
f 270 280 268
f 281 282 283
f 283 282 284
f 283 284 285
f 286 287 281
f 281 287 288
f 281 288 282
f 282 288 289
f 282 289 284
f 284 289 290
f 161 167 291
f 292 293 168
f 168 158 292
f 292 158 157
f 292 157 294
f 294 157 156
f 294 156 295
f 295 156 162
f 295 162 296
f 296 162 160
f 296 160 297
f 297 160 159
f 297 159 298
f 298 159 161
f 298 161 299
f 299 161 291
f 165 168 293
f 300 291 167
f 167 155 300
f 300 155 154
f 300 154 301
f 301 154 153
f 301 153 302
f 302 153 166
f 302 166 303
f 303 166 164
f 303 164 304
f 304 164 163
f 304 163 305
f 305 163 165
f 305 165 306
f 306 165 293
f 288 307 289
f 289 307 290
f 308 309 310
f 310 311 308
f 308 311 312
f 308 312 313
f 312 314 313
f 313 314 315
f 313 315 316
f 316 315 317
f 316 317 318
f 318 319 320
f 318 320 316
f 316 320 321
f 316 321 313
f 313 321 322
f 313 322 308
f 323 324 325
f 326 327 328
f 329 330 327
f 327 330 331
f 327 331 332
f 327 326 329
f 329 326 333
f 329 333 334
f 334 333 335
f 334 335 336
f 337 336 338
f 338 336 335
f 338 335 339
f 339 335 340
f 340 335 333
f 340 333 341
f 341 333 326
f 341 326 323
f 323 326 328
f 323 328 324
f 309 308 325
f 325 308 322
f 325 322 323
f 323 322 321
f 323 321 341
f 341 321 320
f 341 320 340
f 340 320 319
f 340 319 339
f 342 343 344
f 343 342 345
f 346 347 348
f 342 349 345
f 345 349 346
f 345 346 350
f 350 346 348
f 351 352 353
f 353 354 351
f 351 354 355
f 351 355 356
f 357 358 359
f 359 358 360
f 359 360 354
f 354 360 361
f 354 361 355
f 362 363 364
f 364 358 362
f 362 358 357
f 362 357 363
f 363 357 365
f 366 367 368
f 368 367 369
f 368 369 370
f 353 371 354
f 354 371 366
f 354 366 359
f 359 366 368
f 359 368 357
f 357 368 370
f 357 370 365
f 365 370 369
f 356 372 351
f 351 372 373
f 351 373 352
f 374 375 376
f 377 378 379
f 377 380 378
f 378 380 381
f 378 381 382
f 382 381 383
f 382 383 384
f 384 383 385
f 386 387 376
f 376 387 388
f 376 388 374
f 374 388 389
f 374 389 390
f 385 391 384
f 384 391 375
f 384 375 382
f 382 375 374
f 382 374 378
f 378 374 390
f 378 390 379
f 392 179 393
f 393 179 178
f 394 175 173
f 173 171 376
f 395 178 394
f 394 178 177
f 394 177 175
f 171 170 376
f 376 170 396
f 376 396 386
f 376 375 173
f 173 375 391
f 173 391 394
f 394 391 385
f 394 385 395
f 238 179 392
f 397 236 235
f 397 235 398
f 398 235 255
f 398 255 399
f 399 255 241
f 399 241 239
f 238 392 239
f 239 392 400
f 239 400 399
f 401 402 403
f 403 402 404
f 403 404 405
f 405 404 406
f 405 406 407
f 407 406 408
f 407 408 393
f 393 408 392
f 198 409 196
f 196 409 195
f 195 409 194
f 194 409 410
f 194 410 411
f 412 413 192
f 192 413 197
f 412 192 411
f 411 192 193
f 411 193 194
f 197 413 414
f 414 413 415
f 414 415 416
f 415 417 416
f 416 417 418
f 416 418 419
f 419 418 420
f 420 421 419
f 419 421 422
f 419 422 423
f 198 199 424
f 424 199 425
f 424 425 426
f 426 425 427
f 426 427 428
f 428 427 429
f 428 429 430
f 430 429 431
f 432 433 434
f 433 432 435
f 436 437 438
f 438 437 439
f 440 441 442
f 442 441 443
f 442 443 444
f 444 443 445
f 445 443 446
f 445 446 447
f 447 446 448
f 447 448 449
f 450 451 452
f 450 452 448
f 448 452 453
f 448 453 449
f 454 455 432
f 432 455 456
f 432 456 435
f 457 458 459
f 458 457 460
f 460 457 461
f 460 461 462
f 462 461 463
f 462 463 464
f 464 463 465
f 464 465 466
f 283 285 466
f 435 450 433
f 433 450 448
f 433 448 434
f 434 448 446
f 434 446 467
f 467 446 443
f 467 443 436
f 436 443 441
f 436 441 437
f 437 441 440
f 437 440 439
f 466 465 283
f 283 465 468
f 283 468 281
f 281 468 469
f 281 469 286
f 470 454 459
f 459 454 432
f 459 432 457
f 457 432 434
f 457 434 461
f 461 434 467
f 461 467 463
f 463 467 436
f 463 436 465
f 465 436 438
f 465 438 468
f 468 438 439
f 468 439 469
f 471 472 473
f 474 475 476
f 477 478 479
f 479 471 477
f 477 471 473
f 477 473 480
f 480 473 481
f 480 481 482
f 482 481 475
f 482 475 483
f 483 475 474
f 476 484 474
f 474 484 485
f 474 485 486
f 470 487 454
f 454 487 488
f 454 488 455
f 470 489 487
f 487 489 490
f 487 490 491
f 455 488 456
f 456 488 492
f 456 492 435
f 435 492 493
f 435 493 450
f 450 493 494
f 450 494 451
f 495 496 497
f 497 496 498
f 497 498 499
f 499 498 500
f 499 500 501
f 501 500 502
f 503 504 505
f 505 506 503
f 503 506 507
f 503 507 502
f 502 507 508
f 502 508 501
f 206 204 509
f 509 204 510
f 202 511 512
f 202 512 203
f 203 512 510
f 203 510 204
f 202 201 511
f 511 201 513
f 511 513 514
f 514 513 515
f 186 185 516
f 516 185 183
f 516 183 515
f 515 183 190
f 515 190 517
f 517 190 188
f 517 188 518
f 200 186 201
f 201 186 516
f 201 516 513
f 513 516 515
f 519 233 232
f 519 232 520
f 232 246 520
f 520 246 249
f 520 249 521
f 521 249 251
f 521 251 522
f 522 251 523
f 523 251 256
f 523 256 524
f 199 186 525
f 525 186 200
f 525 200 205
f 207 526 205
f 205 526 527
f 205 527 525
f 207 528 526
f 526 528 529
f 526 529 530
f 530 529 531
f 531 529 532
f 531 532 533
f 532 534 533
f 533 534 524
f 533 524 535
f 535 524 256
f 535 256 237
f 237 236 535
f 535 236 397
f 535 397 536
f 206 509 207
f 207 509 537
f 207 537 528
f 528 537 529
f 529 537 538
f 529 538 532
f 539 540 541
f 542 534 541
f 541 534 532
f 541 532 539
f 539 532 538
f 543 544 545
f 545 544 546
f 547 542 541
f 546 544 548
f 548 544 547
f 548 547 549
f 549 547 541
f 549 541 540
f 548 549 550
f 549 540 550
f 550 540 539
f 550 539 538
f 543 545 550
f 550 545 546
f 550 546 548
f 213 212 551
f 396 552 386
f 386 552 387
f 551 212 553
f 553 212 208
f 553 208 554
f 228 225 169
f 169 225 552
f 169 552 170
f 170 552 396
f 519 555 219
f 219 218 519
f 519 218 211
f 519 211 233
f 233 211 209
f 213 551 214
f 214 551 556
f 214 556 215
f 215 556 557
f 215 557 216
f 216 557 558
f 216 558 224
f 224 558 559
f 224 559 225
f 225 559 560
f 225 560 552
f 208 210 554
f 554 210 223
f 554 223 561
f 561 223 231
f 561 231 562
f 562 231 230
f 562 230 563
f 563 230 227
f 563 227 564
f 564 227 226
f 564 226 565
f 565 226 222
f 565 222 566
f 566 222 221
f 566 221 555
f 555 221 220
f 555 220 219
f 228 169 229
f 229 169 244
f 229 244 217
f 217 244 245
f 217 245 209
f 209 245 234
f 209 234 233
f 567 568 569
f 569 568 570
f 569 570 571
f 572 573 574
f 574 573 575
f 574 575 576
f 576 575 577
f 576 577 578
f 578 577 571
f 578 571 579
f 579 571 570
f 572 580 573
f 573 580 581
f 573 581 582
f 581 583 582
f 582 583 584
f 582 584 585
f 584 586 585
f 585 586 587
f 585 587 588
f 585 588 589
f 589 588 590
f 589 590 591
f 592 593 594
f 593 595 594
f 594 595 596
f 594 596 597
f 597 596 598
f 597 598 599
f 599 598 600
f 599 600 601
f 601 600 602
f 601 602 603
f 603 602 591
f 603 591 590
f 604 605 606
f 606 605 607
f 607 608 606
f 606 608 609
f 606 609 610
f 610 611 606
f 606 611 612
f 606 612 613
f 614 615 337
f 337 615 336
f 615 616 336
f 336 616 617
f 336 617 334
f 617 618 334
f 334 618 619
f 334 619 329
f 329 619 620
f 329 620 330
f 273 277 614
f 614 277 260
f 614 260 621
f 614 337 273
f 273 337 338
f 273 338 280
f 280 338 339
f 280 339 268
f 268 339 319
f 268 319 269
f 269 319 318
f 269 318 270
f 317 622 623
f 623 622 624
f 623 624 625
f 260 258 621
f 621 258 276
f 621 276 626
f 626 276 267
f 626 267 627
f 627 267 265
f 627 265 628
f 628 265 264
f 628 264 629
f 629 264 263
f 629 263 630
f 630 263 262
f 630 262 631
f 631 262 261
f 631 261 632
f 261 279 632
f 632 279 266
f 632 266 633
f 633 266 275
f 633 275 634
f 318 317 270
f 270 317 623
f 270 623 271
f 271 623 635
f 271 635 272
f 272 635 636
f 272 636 274
f 274 636 637
f 274 637 278
f 278 637 638
f 278 638 259
f 259 638 634
f 259 634 257
f 257 634 275
f 639 640 611
f 611 610 639
f 639 610 609
f 639 609 608
f 608 607 639
f 639 607 605
f 639 605 604
f 641 642 643
f 345 350 643
f 643 350 348
f 643 348 641
f 345 643 644
f 644 643 353
f 644 353 352
f 645 369 646
f 646 369 367
f 646 367 642
f 642 367 366
f 642 366 643
f 643 366 371
f 643 371 353
f 647 642 641
f 347 648 348
f 348 648 647
f 348 647 641
f 648 347 649
f 649 347 346
f 649 346 650
f 650 346 349
f 651 650 342
f 342 650 349
f 651 342 652
f 652 342 344
f 652 344 653
f 612 611 640
f 654 655 613
f 653 656 652
f 652 656 657
f 652 657 640
f 640 657 654
f 640 654 612
f 612 654 613
f 658 659 466
f 290 660 284
f 284 660 658
f 284 658 285
f 285 658 466
f 458 661 459
f 459 661 662
f 458 460 661
f 661 460 462
f 661 462 659
f 659 462 464
f 659 464 466
f 489 470 490
f 490 470 459
f 490 459 491
f 491 459 662
f 663 664 665
f 290 298 299
f 290 299 660
f 303 666 302
f 302 666 667
f 299 291 660
f 660 291 300
f 660 300 667
f 667 300 301
f 667 301 302
f 668 295 669
f 669 295 296
f 669 296 670
f 668 671 295
f 295 671 672
f 295 672 294
f 294 672 673
f 294 673 292
f 292 673 674
f 292 674 293
f 293 674 675
f 293 675 306
f 306 675 676
f 306 676 305
f 305 676 677
f 305 677 304
f 304 677 678
f 304 678 303
f 303 678 679
f 303 679 666
f 670 296 680
f 680 296 297
f 680 297 681
f 663 665 307
f 307 665 681
f 307 681 290
f 290 681 297
f 290 297 298
f 287 286 682
f 683 664 684
f 684 664 663
f 684 663 685
f 685 663 307
f 685 307 288
f 686 687 688
f 688 687 689
f 288 287 685
f 685 287 682
f 685 682 684
f 684 682 688
f 684 688 683
f 683 688 689
f 690 691 692
f 692 691 693
f 694 695 696
f 625 624 697
f 698 690 699
f 699 690 692
f 699 692 700
f 700 692 693
f 700 693 696
f 696 693 701
f 696 701 694
f 702 703 704
f 705 703 706
f 706 703 702
f 706 702 707
f 625 697 695
f 695 697 707
f 695 707 696
f 696 707 702
f 696 702 700
f 700 702 704
f 700 704 699
f 310 309 708
f 708 309 709
f 622 317 315
f 710 705 706
f 311 310 710
f 311 710 711
f 711 710 706
f 711 706 707
f 624 622 697
f 697 622 315
f 697 315 707
f 707 315 314
f 707 314 711
f 711 314 312
f 711 312 311
f 332 712 327
f 327 712 713
f 709 309 714
f 714 309 325
f 714 325 715
f 715 325 324
f 715 324 713
f 713 324 328
f 713 328 327
f 708 709 716
f 716 709 717
f 716 717 718
f 718 717 719
f 718 719 720
f 721 722 723
f 723 722 720
f 723 720 719
f 331 330 724
f 352 373 644
f 644 373 725
f 644 725 345
f 345 725 726
f 345 726 343
f 343 726 727
f 343 727 344
f 344 727 728
f 344 728 653
f 653 728 729
f 653 729 656
f 656 729 730
f 656 730 657
f 657 730 731
f 731 732 657
f 657 732 733
f 657 733 654
f 655 654 620
f 620 654 733
f 620 733 330
f 330 733 734
f 330 734 724
f 735 712 724
f 724 712 332
f 724 332 331
f 736 737 738
f 736 738 739
f 738 740 739
f 739 740 741
f 739 741 742
f 742 741 743
f 742 743 363
f 363 743 364
f 364 743 744
f 364 744 358
f 358 744 745
f 358 745 360
f 372 356 746
f 746 356 355
f 746 355 745
f 745 355 361
f 745 361 360
f 747 748 749
f 373 372 750
f 750 372 751
f 750 751 752
f 752 751 753
f 752 753 754
f 754 753 747
f 754 747 755
f 755 747 749
f 756 757 758
f 377 759 380
f 380 759 760
f 380 760 381
f 760 761 381
f 381 761 762
f 381 762 383
f 383 762 385
f 405 407 385
f 393 178 407
f 407 178 395
f 407 395 385
f 759 401 760
f 760 401 403
f 760 403 761
f 761 403 405
f 761 405 762
f 762 405 385
f 536 397 398
f 536 398 763
f 763 398 764
f 763 764 765
f 765 764 766
f 765 766 767
f 767 766 768
f 767 768 769
f 768 770 769
f 769 770 771
f 769 771 772
f 772 771 773
f 398 399 764
f 764 399 774
f 764 774 766
f 766 774 775
f 766 775 768
f 768 775 776
f 768 776 770
f 770 776 777
f 399 400 774
f 774 400 778
f 774 778 775
f 775 778 779
f 775 779 776
f 776 779 780
f 776 780 777
f 777 780 781
f 402 781 404
f 404 781 780
f 404 780 406
f 406 780 779
f 406 779 408
f 408 779 778
f 408 778 392
f 392 778 400
f 782 783 784
f 533 535 785
f 773 786 787
f 773 787 772
f 772 787 788
f 772 788 769
f 769 788 789
f 769 789 767
f 767 789 765
f 765 789 785
f 765 785 763
f 763 785 535
f 763 535 536
f 786 790 787
f 787 790 791
f 787 791 788
f 788 791 792
f 788 792 789
f 789 792 793
f 789 793 785
f 785 793 794
f 785 794 533
f 533 794 531
f 530 531 795
f 795 531 794
f 795 794 796
f 796 794 793
f 796 793 797
f 797 793 792
f 797 792 784
f 784 792 791
f 784 791 782
f 782 791 790
f 526 530 795
f 784 783 798
f 797 799 796
f 796 799 800
f 796 800 795
f 795 800 801
f 795 801 526
f 526 801 527
f 525 527 802
f 802 527 801
f 802 801 803
f 803 801 800
f 803 800 804
f 804 800 799
f 784 798 805
f 805 798 806
f 805 806 807
f 807 806 431
f 807 431 429
f 199 525 425
f 425 525 802
f 425 802 427
f 427 802 803
f 427 803 429
f 429 803 804
f 429 804 807
f 807 804 799
f 807 799 805
f 805 799 797
f 805 797 784
f 409 198 424
f 409 424 410
f 424 808 410
f 410 808 809
f 410 809 411
f 411 809 810
f 411 810 412
f 412 810 413
f 413 810 811
f 413 811 415
f 811 812 415
f 415 812 813
f 415 813 417
f 417 813 418
f 418 813 421
f 418 421 420
f 422 814 815
f 815 814 816
f 817 818 819
f 819 820 817
f 817 820 821
f 817 821 822
f 822 821 823
f 822 823 824
f 825 826 827
f 827 826 828
f 828 826 829
f 828 829 818
f 818 829 830
f 818 830 819
f 825 827 831
f 831 827 428
f 831 428 430
f 824 816 822
f 822 816 814
f 822 814 817
f 817 814 832
f 817 832 818
f 818 832 833
f 818 833 828
f 828 833 834
f 828 834 827
f 827 834 835
f 827 835 428
f 428 835 836
f 428 836 426
f 424 426 808
f 808 426 836
f 808 836 809
f 809 836 835
f 809 835 810
f 810 835 834
f 810 834 811
f 811 834 833
f 811 833 812
f 812 833 832
f 812 832 813
f 813 832 814
f 813 814 421
f 421 814 422
f 837 689 687
f 451 494 838
f 838 494 839
f 838 839 840
f 841 453 838
f 838 453 452
f 838 452 451
f 449 842 447
f 447 842 843
f 447 843 445
f 445 843 444
f 444 843 844
f 444 844 442
f 442 844 440
f 440 844 845
f 440 845 439
f 439 845 469
f 469 845 682
f 469 682 286
f 686 688 846
f 846 688 847
f 846 847 848
f 848 847 849
f 849 847 850
f 850 847 851
f 850 851 852
f 852 851 853
f 852 853 854
f 854 853 855
f 855 853 841
f 855 841 856
f 856 841 857
f 857 841 838
f 857 838 858
f 858 838 840
f 858 840 859
f 859 840 860
f 860 840 861
f 860 861 862
f 863 864 862
f 863 865 866
f 863 866 864
f 864 866 867
f 864 867 868
f 868 867 869
f 868 869 870
f 871 872 869
f 869 872 873
f 869 873 870
f 874 875 876
f 876 875 877
f 876 877 878
f 878 877 879
f 878 879 871
f 871 879 880
f 871 880 872
f 874 881 875
f 875 881 882
f 875 882 883
f 882 884 883
f 883 884 885
f 883 885 886
f 886 885 887
f 886 887 888
f 888 887 889
f 888 889 890
f 890 889 891
f 892 893 894
f 894 893 895
f 894 895 896
f 896 895 897
f 896 897 891
f 891 897 898
f 891 898 890
f 892 899 893
f 893 899 900
f 893 900 901
f 901 900 902
f 862 861 863
f 863 861 903
f 863 903 865
f 839 904 840
f 840 904 905
f 840 905 861
f 861 905 906
f 861 906 903
f 688 682 847
f 847 682 845
f 847 845 851
f 851 845 844
f 851 844 853
f 853 844 843
f 853 843 841
f 841 843 842
f 841 842 453
f 453 842 449
f 907 908 909
f 909 908 910
f 911 912 481
f 481 473 911
f 911 473 472
f 911 472 913
f 913 472 471
f 913 471 914
f 914 471 479
f 914 479 915
f 915 479 478
f 915 478 916
f 916 478 477
f 916 477 917
f 917 477 480
f 917 480 918
f 918 480 482
f 918 482 919
f 475 481 912
f 912 920 475
f 475 920 921
f 475 921 476
f 476 921 922
f 476 922 484
f 484 922 923
f 484 923 485
f 485 923 924
f 485 924 486
f 486 924 925
f 486 925 474
f 474 925 926
f 474 926 483
f 483 926 919
f 483 919 482
f 910 927 928
f 929 930 909
f 909 930 907
f 909 910 929
f 929 910 928
f 929 928 930
f 930 928 931
f 930 931 932
f 933 934 935
f 936 937 938
f 507 937 508
f 508 937 936
f 508 936 501
f 939 940 499
f 499 940 497
f 934 941 940
f 940 941 942
f 940 942 497
f 497 942 943
f 497 943 495
f 933 935 944
f 935 945 944
f 944 945 946
f 944 946 947
f 947 946 948
f 947 948 949
f 949 948 950
f 927 951 952
f 951 950 952
f 952 950 948
f 952 948 953
f 953 948 946
f 935 954 945
f 945 954 955
f 945 955 946
f 946 955 956
f 946 956 953
f 957 958 959
f 959 958 960
f 959 960 961
f 961 960 962
f 961 962 938
f 938 962 963
f 938 963 936
f 936 963 939
f 936 939 501
f 501 939 499
f 928 958 931
f 931 958 957
f 931 957 932
f 934 940 935
f 935 940 939
f 935 939 954
f 954 939 963
f 954 963 955
f 955 963 962
f 955 962 956
f 956 962 960
f 956 960 953
f 953 960 958
f 953 958 952
f 952 958 928
f 952 928 927
f 964 488 487
f 881 874 965
f 966 878 871
f 967 968 969
f 969 968 970
f 971 972 973
f 973 972 974
f 973 974 975
f 975 974 976
f 975 976 977
f 977 976 978
f 977 978 979
f 979 978 980
f 979 980 981
f 981 980 982
f 981 982 970
f 970 982 983
f 970 983 969
f 492 488 984
f 984 488 964
f 984 964 985
f 985 964 986
f 985 986 987
f 987 986 988
f 987 988 989
f 989 988 990
f 989 990 991
f 991 990 992
f 991 992 993
f 966 871 994
f 994 871 869
f 994 869 995
f 869 867 995
f 995 867 866
f 995 866 996
f 996 866 865
f 996 865 997
f 865 903 997
f 997 903 906
f 997 906 998
f 906 905 998
f 998 905 904
f 998 904 493
f 493 904 839
f 493 839 494
f 968 899 970
f 970 899 892
f 970 892 981
f 981 892 894
f 981 894 979
f 977 887 975
f 975 887 885
f 975 885 973
f 973 885 884
f 973 884 882
f 894 896 979
f 979 896 891
f 979 891 977
f 977 891 889
f 977 889 887
f 487 999 964
f 964 999 1000
f 964 1000 986
f 986 1000 1001
f 986 1001 988
f 988 1001 1002
f 988 1002 990
f 990 1002 1003
f 990 1003 992
f 882 881 973
f 973 881 965
f 973 965 971
f 971 965 1004
f 971 1004 1005
f 1005 1004 1006
f 874 876 965
f 965 876 993
f 965 993 1004
f 1004 993 992
f 1004 992 1006
f 1006 992 1003
f 493 492 998
f 998 492 984
f 998 984 997
f 997 984 985
f 997 985 996
f 996 985 987
f 996 987 995
f 995 987 989
f 995 989 994
f 994 989 991
f 994 991 966
f 966 991 993
f 966 993 878
f 878 993 876
f 502 1007 503
f 503 1007 1008
f 1008 1007 1009
f 1009 1007 1010
f 1009 1010 1011
f 1011 1010 1012
f 1011 1012 1013
f 1013 1012 1014
f 1013 1014 1015
f 1015 1014 1016
f 1015 1016 1017
f 1017 1016 1018
f 1017 1018 1019
f 1019 1018 1020
f 1019 1020 1021
f 1021 1020 1022
f 1022 1020 1023
f 1022 1023 1024
f 1024 1023 1025
f 1024 1025 1026
f 1026 1025 1027
f 1026 1027 1028
f 1028 1027 1029
f 1028 1029 1030
f 1030 1029 1031
f 1030 1031 1032
f 1032 1031 1033
f 1032 1033 1034
f 967 1034 968
f 968 1034 1033
f 968 1033 899
f 899 1033 1035
f 1025 1036 1027
f 1027 1036 1037
f 1027 1037 1029
f 1029 1037 1038
f 1029 1038 1031
f 1031 1038 1039
f 1031 1039 1033
f 1033 1039 1040
f 1033 1040 1035
f 1020 1041 1023
f 1023 1041 1042
f 1023 1042 1025
f 1025 1042 1043
f 1025 1043 1036
f 1044 1045 1046
f 1046 1045 1047
f 1046 1047 1048
f 1048 1047 1049
f 1048 1049 1050
f 1050 1049 1051
f 1050 1051 1052
f 1052 1051 1053
f 1052 1053 1054
f 1054 1053 1055
f 1054 1055 1056
f 1056 1055 1057
f 1057 1055 498
f 1057 498 496
f 502 500 1007
f 1007 500 1058
f 1007 1058 1010
f 1010 1058 1059
f 1010 1059 1012
f 1012 1059 1060
f 1012 1060 1014
f 1014 1060 1061
f 1014 1061 1016
f 1016 1061 1062
f 1016 1062 1018
f 1018 1062 1063
f 1018 1063 1020
f 500 498 1058
f 1058 498 1055
f 1058 1055 1059
f 1059 1055 1053
f 1059 1053 1060
f 1060 1053 1051
f 1060 1051 1061
f 1061 1051 1049
f 1061 1049 1062
f 1062 1049 1047
f 1062 1047 1063
f 1063 1047 1045
f 1063 1045 1020
f 1020 1045 1044
f 1020 1044 1041
f 1064 1065 592
f 592 1065 1066
f 592 1066 593
f 593 1066 595
f 595 1066 1067
f 595 1067 596
f 596 1067 1068
f 596 1068 598
f 1069 1070 591
f 1068 1071 598
f 598 1071 1072
f 598 1072 600
f 600 1072 1069
f 600 1069 602
f 602 1069 591
f 1073 1074 567
f 1073 567 1075
f 1075 567 569
f 1075 569 1076
f 1076 569 571
f 1076 571 1077
f 571 577 1077
f 1077 577 575
f 1077 575 1078
f 1078 575 573
f 1078 573 1070
f 1070 573 582
f 1070 582 585
f 589 591 1070
f 589 1070 585
f 1079 1080 1081
f 1081 1080 1082
f 1081 1082 1083
f 1083 1082 1084
f 1084 1082 1085
f 1084 1085 1086
f 1086 1085 1087
f 1086 1087 1088
f 1088 1087 1089
f 1088 1089 1090
f 1090 1089 1091
f 1090 1091 1092
f 1092 1091 1093
f 1092 1093 1094
f 1095 1096 1097
f 1097 1096 1094
f 1097 1094 1098
f 1098 1094 1093
f 1096 1095 1099
f 1099 1095 1100
f 1099 1100 1101
f 1101 1100 1102
f 1101 1102 1103
f 1102 1104 1103
f 1103 1104 1105
f 1103 1105 1106
f 1106 1105 1107
f 1108 1109 1110
f 1110 1109 1111
f 1110 1111 1107
f 1107 1111 1112
f 1107 1112 1106
f 1113 1114 1115
f 1115 1114 1116
f 1117 1118 1119
f 1119 1118 1120
f 1119 1120 1116
f 1116 1120 1121
f 1116 1121 1115
f 1119 1122 1117
f 1117 1122 1123
f 1117 1123 1108
f 1108 1123 1124
f 1108 1124 1109
f 1125 1126 1127
f 1125 1127 1128
f 1128 1127 1129
f 1128 1129 1130
f 1130 1129 1131
f 1130 1131 1132
f 1132 1131 1133
f 1132 1133 1134
f 1134 1133 1135
f 1134 1135 1136
f 1136 1135 1137
f 1136 1137 1138
f 1114 1113 1139
f 1139 1113 1140
f 1139 1140 1141
f 1141 1140 1142
f 1141 1142 1143
f 1143 1142 1144
f 1143 1144 1145
f 1145 1144 1138
f 1145 1138 1146
f 1146 1138 1137
f 1080 1079 1147
f 1147 1079 1148
f 1147 1148 1149
f 1149 1148 1150
f 1149 1150 1151
f 1151 1150 1152
f 1151 1152 1153
f 1153 1152 1154
f 1153 1154 1155
f 1155 1154 1156
f 1155 1156 1157
f 1157 1156 1158
f 1157 1158 1159
f 1159 1158 1160
f 1159 1160 1161
f 1161 1160 1162
f 1161 1162 1163
f 1163 1162 1164
f 1163 1164 1165
f 1165 1164 1166
f 1165 1166 1167
f 1167 1166 1168
f 1167 1168 1169
f 1127 1126 1170
f 1170 1126 1169
f 1170 1169 1171
f 1171 1169 1168
f 1172 1173 1174
f 1175 1176 1177
f 1177 1176 1178
f 1177 1179 1175
f 1175 1179 1180
f 1175 1180 1181
f 1173 1182 1174
f 1174 1182 1183
f 1174 1183 1184
f 1184 1183 1185
f 1181 1180 1172
f 1172 1180 1186
f 1172 1186 1173
f 1173 1186 1187
f 1173 1187 1182
f 1182 1187 1188
f 1182 1188 1183
f 1189 1190 1191
f 1176 1192 1178
f 1178 1192 1189
f 1178 1189 1193
f 1193 1189 1191
f 1193 1191 1194
f 1185 1183 1195
f 1195 1183 1196
f 1185 1195 1197
f 1197 1195 1196
f 1197 1196 1198
f 1185 1197 1184
f 1184 1197 1199
f 1184 1199 1174
f 1174 1199 1200
f 1174 1200 1172
f 1200 1201 1172
f 1172 1201 1202
f 1172 1202 1181
f 1181 1202 1203
f 1181 1203 1175
f 1175 1203 1204
f 1175 1204 1176
f 1176 1204 1205
f 1176 1205 1192
f 1192 1205 1206
f 517 518 1207
f 537 509 1208
f 1208 509 510
f 517 1207 515
f 515 1207 1208
f 515 1208 514
f 510 512 1208
f 1208 512 511
f 1208 511 514
f 537 1208 538
f 538 1208 1209
f 538 1209 550
f 1209 1210 555
f 542 547 550
f 550 547 544
f 550 544 543
f 534 520 521
f 521 522 534
f 534 522 523
f 534 523 524
f 555 519 1209
f 1209 519 520
f 1209 520 550
f 550 520 534
f 550 534 542
f 566 555 1210
f 1211 564 1212
f 1212 564 565
f 1210 1213 566
f 566 1213 1214
f 566 1214 565
f 565 1214 1215
f 565 1215 1212
f 1216 1217 556
f 1216 556 1218
f 1218 556 551
f 1218 551 1219
f 1219 551 553
f 1219 553 1220
f 554 1221 1222
f 554 1222 553
f 553 1222 1223
f 553 1223 1220
f 561 1224 1225
f 561 1225 554
f 554 1225 1226
f 554 1226 1221
f 1224 561 1227
f 1227 561 562
f 1227 562 1228
f 1228 562 563
f 1228 563 1229
f 1229 563 564
f 1229 564 1211
f 1230 758 757
f 757 387 1230
f 1230 387 552
f 1230 552 1231
f 1232 1233 1234
f 1235 1233 1236
f 1236 1233 1232
f 1236 1232 1237
f 1238 1239 1240
f 1240 1239 1241
f 1240 1241 1237
f 1237 1241 1242
f 1237 1242 1236
f 557 556 1217
f 557 1243 558
f 558 1243 1244
f 558 1244 559
f 1234 1231 1245
f 1245 1231 552
f 1245 552 1244
f 1244 552 560
f 1244 560 559
f 1234 1245 1232
f 1232 1245 1244
f 1232 1244 1237
f 1237 1244 1243
f 1237 1243 1240
f 1240 1243 557
f 1240 557 1238
f 1238 557 1217
f 1238 1217 1239
f 1246 1247 1248
f 1248 1247 1249
f 1248 1249 1250
f 1250 1249 1251
f 1252 1253 1254
f 1254 1255 1252
f 1252 1255 1256
f 1252 1256 1251
f 1251 1256 1257
f 1251 1257 1250
f 1258 1253 1252
f 1259 1260 1252
f 1252 1260 1261
f 1252 1261 1258
f 1262 1263 1252
f 1252 1263 1264
f 1252 1264 1259
f 1074 1073 1265
f 1265 1073 1262
f 1074 1265 1266
f 1193 1194 590
f 581 580 1193
f 1193 590 1267
f 1267 590 1268
f 1268 590 588
f 588 587 1268
f 1268 587 586
f 1268 586 1267
f 1267 586 584
f 1267 584 1193
f 1193 584 583
f 1193 583 581
f 580 572 1193
f 1193 572 574
f 1193 574 1178
f 1178 574 576
f 1178 576 1177
f 576 578 1177
f 1177 578 579
f 1177 579 1179
f 1179 579 570
f 1179 570 1180
f 1074 1266 567
f 570 568 1180
f 1180 568 567
f 1180 567 1186
f 1186 567 1266
f 1186 1266 1187
f 1188 1187 1266
f 1269 1270 1271
f 1271 1270 1272
f 1271 1272 1273
f 1273 1272 1274
f 1273 1274 1275
f 1275 1274 1276
f 1275 1276 1277
f 1277 1276 1278
f 1278 1276 1279
f 1278 1279 1280
f 1280 1279 1281
f 1280 1281 1282
f 1282 1281 1283
f 1282 1283 1284
f 1285 1286 1287
f 1287 1286 1288
f 1287 1288 1283
f 1283 1288 1284
f 1286 1285 1289
f 1289 1285 1290
f 1289 1290 1291
f 1291 1290 1292
f 1291 1292 1293
f 1293 1292 1294
f 1295 1296 1297
f 1297 1296 1298
f 1297 1298 1299
f 1299 1298 1300
f 1299 1300 1294
f 1294 1300 1301
f 1294 1301 1293
f 1302 1303 1304
f 1304 1303 1305
f 1304 1305 1306
f 1306 1305 1307
f 1306 1307 1308
f 1308 1307 1309
f 1308 1309 1310
f 1310 1309 1311
f 1310 1311 1312
f 1312 1311 1313
f 1312 1313 1314
f 1314 1313 1315
f 1314 1315 1316
f 1316 1315 1317
f 1316 1317 1318
f 1318 1317 1319
f 1318 1319 1320
f 1320 1319 1321
f 1320 1321 1322
f 1322 1321 1323
f 1322 1323 1324
f 1324 1323 1325
f 1324 1325 1326
f 1326 1325 1327
f 1326 1327 1328
f 1328 1327 1329
f 1328 1329 1330
f 1330 1329 1331
f 1330 1331 1332
f 1332 1331 1333
f 1332 1333 1334
f 1334 1333 1335
f 1334 1335 1336
f 1336 1335 1337
f 1336 1337 1338
f 1338 1337 1339
f 1338 1339 1340
f 1340 1339 1341
f 1341 1339 1342
f 1341 1342 1343
f 1343 1342 1344
f 1343 1344 1345
f 1345 1344 1346
f 1345 1346 1347
f 1347 1346 1348
f 1347 1348 1349
f 1348 1350 1349
f 1349 1350 1351
f 1349 1351 1352
f 1351 1353 1352
f 1352 1353 1354
f 1352 1354 1355
f 1355 1354 1356
f 1355 1356 1357
f 1357 1356 1358
f 1357 1358 1359
f 1358 1360 1359
f 1359 1360 1361
f 1359 1361 1362
f 1362 1361 1363
f 1362 1363 1364
f 1303 1302 1365
f 1365 1302 1364
f 1365 1364 1366
f 1366 1364 1363
f 590 1194 603
f 603 1194 1367
f 603 1367 601
f 1367 1368 601
f 601 1368 1369
f 601 1369 599
f 599 1369 1370
f 599 1370 597
f 1370 1371 597
f 597 1371 1372
f 597 1372 594
f 592 1373 1064
f 1064 1373 1374
f 1372 1375 594
f 594 1375 1376
f 594 1376 592
f 592 1376 1377
f 592 1377 1373
f 1374 1378 1064
f 1064 1378 1065
f 1379 1380 1381
f 1381 1382 1379
f 1379 1382 1383
f 1379 1383 1384
f 1384 1385 1379
f 1379 1385 1386
f 1379 1386 1378
f 1387 1388 1389
f 1380 1379 1390
f 1390 1379 1391
f 1387 1389 1379
f 1379 1389 1392
f 1379 1392 1391
f 1393 1394 628
f 1393 628 1395
f 1395 628 629
f 1395 629 1396
f 1396 629 630
f 1396 630 1397
f 1397 630 631
f 1397 631 1398
f 1399 1400 632
f 632 1400 1401
f 632 1401 631
f 631 1401 1402
f 631 1402 1398
f 1399 632 1403
f 1403 632 633
f 1403 633 1404
f 634 638 1405
f 1405 1406 634
f 634 1406 1407
f 634 1407 633
f 633 1407 1408
f 633 1408 1404
f 1409 1410 621
f 1409 621 1411
f 1411 621 626
f 1411 626 1412
f 1412 626 627
f 1412 627 1413
f 1413 627 628
f 1413 628 1394
f 639 604 606
f 606 613 639
f 639 613 655
f 639 655 1414
f 620 619 655
f 655 619 618
f 621 1410 614
f 614 1410 1414
f 618 617 655
f 655 617 616
f 655 616 1414
f 1414 616 615
f 1414 615 614
f 639 1414 640
f 640 1414 1415
f 640 1415 652
f 651 652 1415
f 1416 646 642
f 1416 642 1415
f 1415 642 647
f 1415 647 648
f 648 649 1415
f 1415 649 650
f 1415 650 651
f 645 646 1416
f 1417 1418 1419
f 1419 1418 1420
f 1421 1420 1418
f 1422 1423 1424
f 1424 1423 1425
f 1424 1425 1421
f 1426 1427 1376
f 1376 1375 1426
f 1426 1375 1372
f 1426 1372 1428
f 1428 1372 1371
f 1428 1371 1429
f 1371 1370 1429
f 1429 1370 1369
f 1429 1369 1430
f 1430 1369 1368
f 1430 1368 1367
f 1367 1194 1430
f 1430 1194 1191
f 1430 1191 1190
f 1431 1377 1424
f 1424 1377 1376
f 1424 1376 1422
f 1422 1376 1427
f 1422 1427 1423
f 1421 1418 1424
f 1424 1418 1432
f 1424 1432 1431
f 1432 1373 1431
f 1431 1373 1377
f 1246 1433 1247
f 1247 1433 1434
f 1435 1246 1248
f 667 1436 660
f 660 1436 1437
f 660 1437 658
f 658 1437 1435
f 658 1435 659
f 659 1435 1248
f 487 491 1250
f 1250 491 662
f 1250 662 1248
f 1248 662 661
f 1248 661 659
f 666 1438 667
f 667 1438 1439
f 667 1439 1436
f 1436 1439 1437
f 1440 1441 1442
f 672 671 1440
f 1440 1442 672
f 672 1442 1443
f 672 1443 673
f 673 1443 674
f 674 1443 1444
f 674 1444 675
f 1445 1438 666
f 666 679 1445
f 1445 679 678
f 1445 678 1446
f 1446 678 677
f 1446 677 1447
f 1447 677 676
f 1447 676 1448
f 1448 676 675
f 1448 675 1449
f 1449 675 1444
f 1450 1451 1452
f 1452 1453 1450
f 1450 1453 1454
f 1450 1454 1455
f 1454 1456 1455
f 1455 1456 1457
f 1455 1457 1458
f 1458 1457 1459
f 1458 1459 1460
f 1461 1462 1463
f 1463 1462 1464
f 683 689 837
f 665 664 1461
f 1461 664 683
f 1461 683 1465
f 1465 683 837
f 1466 680 1467
f 1467 680 681
f 671 668 1440
f 1440 668 669
f 1440 669 1466
f 1466 669 670
f 1466 670 680
f 1460 1468 1458
f 1458 1468 1469
f 1458 1469 1470
f 1470 1469 1471
f 1470 1471 1472
f 1472 1471 1473
f 1472 1473 1474
f 1475 1476 1477
f 1477 1476 1463
f 1477 1463 1478
f 1478 1463 1464
f 1467 1479 1466
f 1466 1479 1480
f 1466 1480 1440
f 1440 1480 1441
f 1461 1463 665
f 665 1463 1476
f 665 1476 681
f 681 1476 1475
f 681 1475 1467
f 1467 1475 1477
f 1467 1477 1479
f 1479 1477 1481
f 1479 1481 1480
f 1462 1455 1464
f 1464 1455 1458
f 1464 1458 1478
f 1478 1458 1470
f 1478 1470 1477
f 1477 1470 1472
f 1477 1472 1481
f 1481 1472 1474
f 1481 1474 1480
f 1480 1474 1482
f 1480 1482 1441
f 1483 1453 1451
f 1451 1453 1452
f 1484 1485 1486
f 1486 1485 1487
f 1486 1487 1488
f 1488 1487 1489
f 1488 1489 1490
f 1490 1489 1491
f 1490 1491 1492
f 1492 1491 1493
f 1492 1493 1494
f 1494 1493 1495
f 1494 1495 1295
f 1295 1495 1296
f 1496 1497 1498
f 1499 1485 1484
f 1484 1500 1499
f 1499 1500 1501
f 1499 1501 1502
f 1502 1501 1503
f 1502 1503 1504
f 1504 1503 1505
f 1504 1505 1506
f 1506 1505 1507
f 1506 1507 1498
f 1498 1507 1508
f 1498 1508 1496
f 1509 1510 1511
f 1511 1510 1512
f 1511 1512 1496
f 1496 1512 1497
f 1510 1509 1513
f 1510 1513 1514
f 1514 1513 1515
f 1514 1515 1516
f 1516 1515 1517
f 1517 1515 1518
f 1517 1518 1519
f 1520 1521 1522
f 1520 1522 1523
f 1523 1522 1524
f 1523 1524 1525
f 1525 1524 1526
f 1526 1524 1519
f 1526 1519 1518
f 623 625 1527
f 1527 625 1528
f 1527 1528 1529
f 1530 1531 1405
f 1405 1531 1532
f 1532 1531 1533
f 1533 1531 1534
f 1533 1534 1535
f 1535 1534 1536
f 1535 1536 1537
f 637 636 1538
f 1538 636 635
f 1538 635 1539
f 1539 635 623
f 1539 623 1540
f 1540 623 1527
f 1540 1527 1541
f 1542 1537 1541
f 1541 1537 1536
f 1541 1536 1540
f 1540 1536 1534
f 1540 1534 1539
f 1539 1534 1531
f 1539 1531 1538
f 1538 1531 1530
f 1538 1530 637
f 637 1530 1405
f 637 1405 638
f 1543 1529 1528
f 1544 698 1545
f 1545 698 699
f 1545 699 1546
f 1546 699 704
f 1546 704 1547
f 1547 704 703
f 1547 703 705
f 705 716 718
f 720 722 1544
f 705 710 716
f 716 710 310
f 716 310 708
f 1544 1545 720
f 720 1545 1546
f 720 1546 718
f 718 1546 1547
f 718 1547 705
f 1548 1549 1550
f 1551 1552 721
f 1553 1554 1555
f 1555 1554 1556
f 1557 1558 1550
f 1550 1558 1559
f 1550 1559 1548
f 1548 1559 1560
f 1548 1560 1561
f 1562 1563 1564
f 1564 1563 1565
f 1564 1565 1557
f 1557 1565 1566
f 1557 1566 1558
f 713 712 735
f 1567 715 713
f 1568 714 715
f 709 714 717
f 717 714 1568
f 717 1568 719
f 719 1568 1569
f 719 1569 723
f 723 1569 1551
f 723 1551 721
f 715 1567 1568
f 1568 1567 1570
f 1568 1570 1569
f 1569 1570 1555
f 1569 1555 1551
f 1551 1555 1556
f 1551 1556 1552
f 735 1562 713
f 713 1562 1564
f 713 1564 1567
f 1567 1564 1557
f 1567 1557 1570
f 1570 1557 1550
f 1570 1550 1555
f 1555 1550 1549
f 1555 1549 1553
f 1571 1572 1561
f 731 1573 732
f 732 1573 1574
f 732 1574 733
f 733 1574 1575
f 733 1575 734
f 734 1575 724
f 724 1575 1562
f 724 1562 735
f 1576 1566 1577
f 1577 1566 1565
f 1577 1565 1578
f 1578 1565 1563
f 1561 1560 1571
f 1571 1560 1559
f 1571 1559 1576
f 1576 1559 1558
f 1576 1558 1566
f 1579 1572 1580
f 1580 1572 1571
f 1580 1571 1581
f 1581 1571 1576
f 1581 1576 1582
f 1582 1576 1577
f 1582 1577 1583
f 1583 1577 1578
f 1584 1579 1585
f 1585 1579 1580
f 1585 1580 1586
f 1586 1580 1581
f 1586 1581 1587
f 1587 1581 1582
f 1587 1582 1573
f 1573 1582 1583
f 1573 1583 1574
f 1574 1583 1578
f 1574 1578 1575
f 1575 1578 1563
f 1575 1563 1562
f 1588 1589 1590
f 725 373 750
f 729 728 1591
f 1591 728 727
f 1573 731 730
f 1592 1593 1594
f 1594 1593 1588
f 755 749 1595
f 726 725 1596
f 1596 725 750
f 1596 750 1597
f 1597 750 752
f 1597 752 1598
f 1598 752 754
f 1598 754 1594
f 1594 754 755
f 1594 755 1592
f 1592 755 1595
f 1588 1590 1594
f 1594 1590 1599
f 1594 1599 1598
f 1598 1599 1600
f 1598 1600 1597
f 1597 1600 1591
f 1597 1591 1596
f 1596 1591 727
f 1596 727 726
f 730 729 1573
f 1573 729 1591
f 1573 1591 1587
f 1587 1591 1600
f 1587 1600 1586
f 1586 1600 1599
f 1586 1599 1585
f 1585 1599 1590
f 1585 1590 1584
f 1584 1590 1589
f 1601 738 1602
f 740 1603 741
f 741 1603 1604
f 741 1604 743
f 743 1604 1605
f 743 1605 744
f 1605 1606 744
f 744 1606 1607
f 744 1607 745
f 745 1607 1608
f 745 1608 746
f 746 1608 751
f 746 751 372
f 1609 1610 1611
f 1611 1610 1612
f 1611 1612 1613
f 1614 1615 1616
f 1616 1615 1617
f 1616 1617 1618
f 1618 1617 1619
f 1602 1609 1601
f 1601 1609 1611
f 1601 1611 1620
f 1620 1611 1613
f 1620 1613 1621
f 1621 1613 1619
f 1621 1619 1622
f 1622 1619 1617
f 1622 1617 1623
f 1623 1617 1615
f 1623 1615 1624
f 1624 1615 747
f 1624 747 753
f 748 747 1625
f 1625 747 1615
f 1625 1615 1626
f 1626 1615 1614
f 1612 1627 1613
f 1613 1627 1628
f 1613 1628 1619
f 1619 1628 1629
f 1619 1629 1618
f 753 751 1624
f 1624 751 1608
f 1624 1608 1623
f 1623 1608 1607
f 1623 1607 1622
f 1622 1607 1606
f 1622 1606 1621
f 1621 1606 1605
f 1621 1605 1620
f 1620 1605 1604
f 1620 1604 1601
f 1601 1604 1603
f 1601 1603 738
f 738 1603 740
f 1630 1631 1417
f 1417 1419 1630
f 1630 1419 1420
f 1630 1420 1632
f 1632 1420 1421
f 1632 1421 1633
f 1633 1421 1425
f 1633 1425 1634
f 1634 1425 1423
f 1634 1423 1635
f 1635 1423 1427
f 1635 1427 1636
f 1636 1427 1426
f 1636 1426 1637
f 1637 1426 1428
f 1637 1428 1638
f 1638 1428 1429
f 1638 1429 1639
f 1192 1206 1189
f 1189 1206 1640
f 1189 1640 1190
f 1639 1429 1641
f 1641 1429 1430
f 1641 1430 1642
f 1642 1430 1190
f 1642 1190 1643
f 1643 1190 1640
f 1644 1645 1646
f 1647 1648 1649
f 1650 1651 1652
f 1491 1653 1654
f 1655 1656 1657
f 423 1658 1659
f 819 830 1660
f 430 431 1661
f 1233 1235 1662
f 1111 1109 1661
f 1086 1663 1084
f 1096 1664 1094
f 1094 1664 1665
f 1094 1665 1092
f 1092 1665 1666
f 1092 1666 1090
f 1663 1086 1666
f 1666 1086 1088
f 1666 1088 1090
f 1148 1667 1150
f 1150 1667 1668
f 1150 1668 1152
f 1152 1668 1154
f 1148 1079 1667
f 1667 1079 1081
f 1667 1081 1083
f 1162 1669 1164
f 1164 1669 1670
f 1164 1670 1166
f 1160 1158 1668
f 1668 1158 1156
f 1668 1156 1154
f 1127 1170 1671
f 1671 1170 1171
f 1671 1171 1670
f 1670 1171 1168
f 1670 1168 1166
f 1127 1671 1129
f 1129 1671 1672
f 1129 1672 1131
f 1135 1133 1673
f 1135 1673 1137
f 1137 1673 1674
f 1137 1674 1146
f 1141 1143 1675
f 1675 1143 1145
f 1109 1124 1676
f 1124 1123 1676
f 1676 1123 1122
f 1676 1122 1119
f 1096 1099 1664
f 1664 1099 1101
f 1664 1101 1677
f 1677 1101 1103
f 1677 1103 1106
f 1111 1661 1112
f 1662 1269 1678
f 1678 1269 1271
f 1678 1271 1273
f 1679 1234 1233
f 1234 1679 1231
f 1231 1679 1680
f 1231 1680 1230
f 388 387 757
f 1230 1680 758
f 758 1680 1681
f 758 1681 756
f 1681 1682 759
f 759 1682 1683
f 759 1683 1684
f 759 377 1681
f 1681 377 379
f 1681 379 756
f 756 379 390
f 756 390 757
f 757 390 389
f 757 389 388
f 773 771 1685
f 1685 771 770
f 1685 770 1686
f 1686 770 777
f 1686 777 1687
f 1687 777 781
f 1687 781 1688
f 1688 781 402
f 1688 402 1684
f 1684 402 401
f 1684 401 759
f 1689 1690 786
f 786 1690 1691
f 786 1691 790
f 790 1691 1692
f 790 1692 782
f 1693 798 1692
f 1692 798 783
f 1692 783 782
f 1106 1112 1677
f 1677 1112 1661
f 1677 1661 806
f 806 1661 431
f 1109 1676 1661
f 1661 1676 831
f 1661 831 430
f 830 829 1660
f 1660 829 826
f 1660 826 1676
f 1676 826 825
f 1676 825 831
f 1694 1695 820
f 1696 823 1695
f 1695 823 821
f 1695 821 820
f 422 815 1697
f 1697 815 816
f 1697 816 1696
f 1696 816 824
f 1696 824 823
f 1198 1698 1699
f 1699 1698 1700
f 1699 1700 1701
f 1201 1200 1702
f 1702 1200 1199
f 1702 1199 1703
f 1201 1702 1202
f 1202 1702 1704
f 1202 1704 1203
f 890 898 1204
f 1204 898 1205
f 1205 898 897
f 1205 897 1206
f 1206 897 895
f 1206 895 1640
f 1640 895 893
f 1640 893 901
f 902 1705 901
f 901 1705 1706
f 901 1706 1640
f 1640 1706 1707
f 1640 1707 1643
f 1204 1203 890
f 890 1203 1704
f 890 1704 888
f 888 1704 1702
f 1708 883 1709
f 1709 883 886
f 1710 877 1708
f 1708 877 875
f 1708 875 883
f 1711 880 1710
f 1710 880 879
f 1710 879 877
f 1712 868 1713
f 1713 868 870
f 1713 870 1714
f 1714 870 873
f 1714 873 1711
f 1711 873 872
f 1711 872 880
f 859 860 1715
f 1715 860 862
f 1715 862 1716
f 1716 862 864
f 859 1715 858
f 858 1715 1717
f 858 1717 857
f 1657 850 1655
f 1655 850 852
f 1655 852 1718
f 1718 852 854
f 1718 854 1719
f 1719 854 855
f 1719 855 856
f 1720 848 1657
f 1657 848 849
f 1657 849 850
f 837 687 1721
f 1721 687 686
f 1721 686 1720
f 1720 686 846
f 1720 846 848
f 837 1721 1465
f 1465 1721 1722
f 1465 1722 1461
f 1461 1722 1723
f 1461 1723 1462
f 1462 1723 1724
f 1462 1724 1455
f 1455 1724 1450
f 1450 1724 1725
f 1450 1725 1451
f 1451 1725 1726
f 1451 1726 1727
f 1727 1726 1728
f 1727 1728 1729
f 1729 1728 1730
f 1729 1730 1731
f 1731 1730 1732
f 1731 1732 1733
f 1733 1732 1734
f 1733 1734 1735
f 1491 1654 1493
f 1493 1654 1736
f 1493 1736 1495
f 1301 1300 1737
f 1737 1300 1298
f 1737 1298 1736
f 1736 1298 1296
f 1736 1296 1495
f 1288 1286 1738
f 1738 1286 1739
f 1738 1739 1740
f 1286 1289 1739
f 1739 1289 1291
f 1739 1291 1737
f 1737 1291 1293
f 1737 1293 1301
f 1278 1280 1741
f 1741 1280 1282
f 1741 1282 1284
f 1742 1275 1741
f 1741 1275 1277
f 1741 1277 1278
f 1700 1659 1701
f 1701 1659 1658
f 1701 1658 1697
f 1697 1658 423
f 1697 423 422
f 1743 1744 1745
f 1745 1744 1746
f 1745 1746 1747
f 1747 1746 1748
f 1747 1748 1675
f 1675 1748 1749
f 1675 1749 1141
f 1116 1114 1750
f 1750 1114 1139
f 1750 1139 1694
f 1694 1139 1751
f 1694 1751 1695
f 1695 1751 1752
f 1695 1752 1696
f 1696 1752 1753
f 1696 1753 1697
f 1697 1753 1754
f 1697 1754 1701
f 1119 1116 1676
f 1676 1116 1750
f 1676 1750 1660
f 1660 1750 1694
f 1660 1694 819
f 819 1694 820
f 1755 1651 1756
f 1756 1651 1650
f 1756 1650 1757
f 1677 1758 1664
f 1664 1758 1759
f 1664 1759 1665
f 1665 1759 1760
f 1665 1760 1666
f 1666 1760 1667
f 1666 1667 1663
f 1663 1667 1083
f 1663 1083 1084
f 1761 1762 1763
f 1763 1762 1764
f 1765 1764 1766
f 1766 1764 1762
f 1766 1762 1767
f 1767 1762 1761
f 1767 1761 1768
f 1769 1648 1770
f 1770 1648 1647
f 1770 1647 1771
f 1771 1772 1770
f 1770 1772 1773
f 1770 1773 1769
f 1769 1773 1774
f 1740 1739 1775
f 1775 1739 1776
f 1775 1776 1777
f 1777 1776 1778
f 1777 1778 1779
f 1779 1778 1780
f 1779 1780 1781
f 1781 1780 1782
f 1781 1782 1783
f 1646 1645 1784
f 1784 1645 1785
f 1784 1785 1786
f 1786 1785 1787
f 1786 1787 1788
f 1788 1787 1789
f 1788 1789 1790
f 1284 1288 1741
f 1741 1288 1738
f 1741 1738 1742
f 1742 1738 1740
f 1742 1740 1791
f 1791 1740 1775
f 1791 1775 1790
f 1790 1775 1777
f 1790 1777 1788
f 1788 1777 1779
f 1788 1779 1786
f 1786 1779 1781
f 1786 1781 1784
f 1784 1781 1783
f 1784 1783 1646
f 1273 1275 1678
f 1678 1275 1742
f 1678 1742 1792
f 1792 1742 1791
f 1792 1791 1793
f 1793 1791 1790
f 1793 1790 1794
f 1794 1790 1789
f 1774 1763 1769
f 1769 1763 1764
f 1769 1764 1648
f 1648 1764 1765
f 1648 1765 1649
f 1649 1765 1689
f 1689 1765 1690
f 1690 1765 1766
f 1690 1766 1691
f 1691 1766 1767
f 1691 1767 1692
f 1692 1767 1768
f 1692 1768 1693
f 1693 1768 1795
f 1693 1795 798
f 1233 1662 1679
f 1679 1662 1678
f 1679 1678 1680
f 1680 1678 1792
f 1680 1792 1681
f 1681 1792 1793
f 1681 1793 1682
f 1682 1793 1794
f 1682 1794 1683
f 1683 1794 1789
f 1683 1789 1684
f 1684 1789 1787
f 1684 1787 1688
f 1688 1787 1785
f 1688 1785 1687
f 1687 1785 1645
f 1687 1645 1686
f 1686 1645 1644
f 1686 1644 1685
f 1656 1655 1796
f 1796 1655 1718
f 1796 1718 1797
f 1797 1718 1719
f 1797 1719 1717
f 1717 1719 856
f 1717 856 857
f 1798 1755 1799
f 1799 1755 1756
f 1799 1756 1800
f 1800 1756 1757
f 1800 1757 1801
f 1162 1160 1669
f 1669 1160 1668
f 1669 1668 1798
f 1798 1668 1667
f 1798 1667 1755
f 1755 1667 1760
f 1755 1760 1651
f 1651 1760 1759
f 1651 1759 1652
f 1652 1759 1758
f 1802 1803 1804
f 1805 1806 1807
f 1807 1806 1808
f 1807 1808 1809
f 1809 1808 1810
f 1809 1810 1802
f 1802 1810 1811
f 1802 1811 1803
f 1803 1811 1812
f 1803 1812 1801
f 1801 1812 1813
f 1801 1813 1800
f 1800 1813 1814
f 1800 1814 1799
f 1799 1814 1815
f 1799 1815 1798
f 1798 1815 1816
f 1798 1816 1669
f 1669 1816 1817
f 1805 1818 1806
f 1806 1818 1819
f 1806 1819 1808
f 1808 1819 1820
f 1808 1820 1810
f 1810 1820 1821
f 1810 1821 1811
f 1811 1821 1822
f 1811 1822 1812
f 1812 1822 1823
f 1812 1823 1813
f 1813 1823 1824
f 1813 1824 1814
f 1814 1824 1825
f 1814 1825 1815
f 1815 1825 1826
f 1815 1826 1816
f 1816 1826 1827
f 1816 1827 1817
f 1828 1829 1830
f 1830 1829 1831
f 1830 1831 1832
f 1832 1831 1833
f 1832 1833 1818
f 1818 1833 1834
f 1818 1834 1819
f 1771 1804 1772
f 1772 1804 1803
f 1772 1803 1773
f 1773 1803 1801
f 1773 1801 1774
f 1774 1801 1757
f 1774 1757 1763
f 1763 1757 1650
f 1763 1650 1761
f 1761 1650 1652
f 1761 1652 1768
f 1768 1652 1758
f 1768 1758 1795
f 1795 1758 1677
f 1795 1677 798
f 798 1677 806
f 864 868 1716
f 1716 868 1712
f 1716 1712 1715
f 1715 1712 1835
f 1715 1835 1717
f 1717 1835 1836
f 1717 1836 1797
f 1133 1131 1673
f 1673 1131 1672
f 1673 1672 1674
f 1674 1672 1837
f 1674 1837 1838
f 1838 1837 1839
f 1838 1839 1840
f 1840 1839 1841
f 1840 1841 1842
f 1842 1841 1843
f 1139 1141 1751
f 1751 1141 1749
f 1751 1749 1752
f 1752 1749 1748
f 1752 1748 1753
f 1753 1748 1746
f 1753 1746 1754
f 1754 1746 1744
f 1754 1744 1701
f 1701 1744 1743
f 1701 1743 1699
f 1699 1743 1844
f 1699 1844 1198
f 1198 1844 1703
f 1198 1703 1197
f 1197 1703 1199
f 1843 1844 1842
f 1842 1844 1743
f 1842 1743 1840
f 1840 1743 1745
f 1840 1745 1838
f 1838 1745 1747
f 1838 1747 1674
f 1674 1747 1675
f 1674 1675 1146
f 1146 1675 1145
f 1829 1734 1831
f 1831 1734 1732
f 1831 1732 1833
f 1833 1732 1730
f 1833 1730 1834
f 1834 1730 1728
f 1834 1728 1819
f 1819 1728 1726
f 1819 1726 1820
f 1820 1726 1725
f 1820 1725 1821
f 1821 1725 1724
f 1821 1724 1822
f 1822 1724 1723
f 1822 1723 1823
f 1823 1723 1722
f 1823 1722 1824
f 1824 1722 1721
f 1824 1721 1825
f 1825 1721 1720
f 1825 1720 1826
f 1826 1720 1657
f 1826 1657 1827
f 1827 1657 1656
f 1827 1656 1817
f 1817 1656 1796
f 1817 1796 1669
f 1669 1796 1797
f 1669 1797 1670
f 1670 1797 1836
f 1670 1836 1671
f 1671 1836 1835
f 1671 1835 1672
f 1672 1835 1712
f 1672 1712 1837
f 1837 1712 1713
f 1837 1713 1839
f 1839 1713 1714
f 1839 1714 1841
f 1841 1714 1711
f 1841 1711 1843
f 1843 1711 1710
f 1843 1710 1844
f 1844 1710 1708
f 1844 1708 1703
f 1703 1708 1709
f 1703 1709 1702
f 1702 1709 886
f 1702 886 888
f 1653 1828 1654
f 1654 1828 1830
f 1654 1830 1736
f 1736 1830 1832
f 1736 1832 1737
f 1737 1832 1818
f 1737 1818 1739
f 1739 1818 1805
f 1739 1805 1776
f 1776 1805 1807
f 1776 1807 1778
f 1778 1807 1809
f 1778 1809 1780
f 1780 1809 1802
f 1780 1802 1782
f 1782 1802 1804
f 1782 1804 1783
f 1783 1804 1771
f 1783 1771 1646
f 1646 1771 1647
f 1646 1647 1644
f 1644 1647 1649
f 1644 1649 1685
f 1685 1649 1689
f 1685 1689 773
f 773 1689 786
f 950 951 1845
f 1037 1036 1846
f 1041 1847 1848
f 1056 1057 1849
f 1849 1057 496
f 1849 496 495
f 1850 1851 1056
f 1056 1851 1054
f 1052 1852 1050
f 1050 1852 1853
f 1050 1853 1854
f 1854 1855 1050
f 1050 1855 1856
f 1050 1856 1048
f 1048 1856 1857
f 1041 1044 1847
f 1847 1044 1046
f 1847 1046 1858
f 1858 1046 1048
f 1858 1048 1859
f 1859 1048 1857
f 1846 1036 1860
f 1860 1036 1043
f 1860 1043 1848
f 1848 1043 1042
f 1848 1042 1041
f 1861 902 900
f 1846 1862 1037
f 1037 1862 1863
f 1037 1863 1038
f 1038 1863 1864
f 1038 1864 1039
f 1039 1864 1865
f 1039 1865 1040
f 1040 1865 1861
f 1040 1861 1035
f 1035 1861 900
f 1035 900 899
f 1052 1054 1852
f 1852 1054 1851
f 1852 1851 1853
f 1853 1851 1866
f 1056 1849 1850
f 1850 1849 1867
f 1850 1867 1851
f 1851 1867 1868
f 1851 1868 1866
f 1869 1870 1849
f 1849 1870 1871
f 1849 1871 1867
f 1872 1873 1874
f 1874 1873 1875
f 1874 1875 1876
f 1876 1875 1877
f 1875 1878 1877
f 1877 1878 1879
f 1877 1879 1880
f 1881 1882 1879
f 1879 1882 1883
f 1879 1883 1880
f 951 927 1845
f 1845 927 1884
f 1845 1884 1885
f 1886 947 1845
f 1845 947 949
f 1845 949 950
f 942 941 1887
f 1887 941 934
f 1887 934 1888
f 1888 934 933
f 1888 933 1886
f 1886 933 944
f 1886 944 947
f 495 943 1849
f 1849 943 1873
f 1849 1873 1869
f 1869 1873 1872
f 1885 1881 1845
f 1845 1881 1879
f 1845 1879 1886
f 1886 1879 1878
f 1886 1878 1888
f 1888 1878 1875
f 1888 1875 1887
f 1887 1875 1873
f 1887 1873 942
f 942 1873 943
f 1889 1890 1891
f 1889 1891 1892
f 1892 1891 1893
f 1892 1893 1894
f 1894 1893 1895
f 1894 1895 1896
f 1896 1895 1897
f 1896 1897 1898
f 1898 1897 1899
f 1898 1899 1900
f 1900 1899 1901
f 1900 1901 1902
f 1901 1903 1902
f 1902 1903 1904
f 1902 1904 1905
f 1905 1904 1906
f 1905 1906 1907
f 1907 1906 1908
f 1907 1908 1909
f 1909 1908 1910
f 1909 1910 1911
f 1911 1910 1912
f 1913 1914 1915
f 1915 1914 1916
f 1915 1916 1917
f 1917 1916 1918
f 1917 1918 1919
f 1919 1918 1920
f 1919 1920 1921
f 1915 1922 1913
f 1913 1922 1923
f 1913 1923 1924
f 1924 1923 1890
f 1924 1890 1889
f 1925 1926 1927
f 1927 1926 1928
f 1927 1928 1929
f 1928 1930 1929
f 1929 1930 1931
f 1929 1931 1932
f 1932 1931 1933
f 1932 1933 1934
f 1934 1933 1935
f 1934 1935 1936
f 1936 1935 1937
f 1936 1937 1938
f 1921 1920 1939
f 1939 1920 1938
f 1939 1938 1940
f 1940 1938 1937
f 1941 1942 1943
f 1943 1942 1944
f 1943 1944 1945
f 1945 1944 1946
f 1945 1946 1947
f 1947 1946 1948
f 1947 1948 1949
f 1949 1948 1950
f 1949 1950 1951
f 1951 1950 1952
f 1951 1952 1953
f 1952 1954 1953
f 1953 1954 1955
f 1953 1955 1956
f 1955 1957 1956
f 1956 1957 1958
f 1956 1958 1959
f 1959 1958 1926
f 1959 1926 1925
f 1960 1961 1962
f 1962 1961 1963
f 1963 1961 1964
f 1963 1964 1965
f 1965 1964 1966
f 1965 1966 1967
f 1967 1966 1911
f 1967 1911 1912
f 1962 1968 1960
f 1960 1968 1969
f 1960 1969 1970
f 1970 1969 1971
f 1970 1971 1972
f 1972 1971 1973
f 1972 1973 1974
f 1974 1973 1975
f 1974 1975 1976
f 1976 1975 1977
f 1976 1977 1978
f 1978 1977 1979
f 1978 1979 1980
f 1980 1979 1981
f 1981 1979 1982
f 1981 1982 1983
f 1982 1984 1983
f 1983 1984 1942
f 1983 1942 1941
f 927 910 1884
f 1884 910 1985
f 1986 1882 1881
f 1986 1881 1987
f 1988 1881 1985
f 1985 1881 1885
f 1985 1885 1884
f 1987 1881 1989
f 1989 1881 1988
f 1989 1988 1990
f 1990 1988 1985
f 1990 1985 1991
f 1991 1985 910
f 1991 910 908
f 1987 1992 1986
f 1993 1990 1991
f 915 1994 914
f 914 1994 1995
f 914 1995 913
f 907 913 908
f 908 913 1995
f 908 1995 1991
f 1991 1995 1996
f 1991 1996 1993
f 1997 1998 916
f 916 1998 1999
f 916 1999 915
f 915 1999 2000
f 915 2000 1994
f 918 919 2001
f 2001 919 926
f 2001 926 2002
f 2002 926 925
f 2002 925 2003
f 2003 925 924
f 2003 924 2004
f 2004 924 923
f 2004 923 2005
f 2005 923 922
f 2005 922 2006
f 2001 2007 918
f 918 2007 917
f 917 2007 2008
f 917 2008 916
f 916 2008 2009
f 916 2009 1997
f 922 921 2006
f 2006 921 920
f 2006 920 2010
f 2010 920 912
f 2010 912 907
f 907 912 911
f 907 911 913
f 504 2011 937
f 937 2011 938
f 507 506 937
f 937 506 505
f 937 505 504
f 2012 959 2011
f 2011 959 961
f 2011 961 938
f 2010 907 2013
f 2013 907 930
f 2013 930 2014
f 2014 930 932
f 2014 932 2012
f 2012 932 957
f 2012 957 959
f 2015 2016 2017
f 1388 1387 2018
f 2018 1387 2015
f 2018 2015 2019
f 2019 2015 2017
f 1389 1388 503
f 1075 978 976
f 1253 1258 1001
f 1001 1258 1002
f 1002 1258 1261
f 1002 1261 1003
f 1380 1011 1381
f 1381 1011 1013
f 1381 1013 1382
f 1382 1013 1015
f 1382 1015 1383
f 487 1250 1257
f 1003 1261 1006
f 1006 1261 1260
f 1006 1260 1005
f 1005 1260 1259
f 1005 1259 971
f 971 1259 1264
f 971 1264 972
f 972 1264 1263
f 972 1263 974
f 974 1263 1262
f 974 1262 976
f 976 1262 1073
f 976 1073 1075
f 978 1075 980
f 980 1075 1076
f 980 1076 982
f 982 1076 1077
f 982 1077 983
f 983 1077 1078
f 983 1078 969
f 969 1078 1070
f 969 1070 967
f 1389 503 1392
f 967 1070 1034
f 1034 1070 1069
f 1034 1069 1032
f 1028 1066 1026
f 1026 1066 1065
f 1026 1065 1024
f 1380 1390 1011
f 1011 1390 1391
f 1011 1391 1009
f 1009 1391 1392
f 1009 1392 1008
f 1008 1392 503
f 487 1257 999
f 999 1257 1256
f 999 1256 1000
f 1000 1256 1255
f 1000 1255 1001
f 1001 1255 1254
f 1001 1254 1253
f 1015 1017 1383
f 1383 1017 1019
f 1383 1019 1384
f 1384 1019 1021
f 1384 1021 1385
f 1385 1021 1022
f 1385 1022 1386
f 1386 1022 1024
f 1386 1024 1378
f 1378 1024 1065
f 1069 1072 1032
f 1032 1072 1071
f 1032 1071 1030
f 1030 1071 1068
f 1030 1068 1028
f 1028 1068 1067
f 1028 1067 1066
f 2020 2021 2022
f 2022 2021 2023
f 1249 1247 1434
f 1125 1128 1196
f 1265 1165 1167
f 1353 1351 1270
f 1270 1351 1350
f 1270 1350 1348
f 1348 1346 1270
f 1270 1346 1344
f 1270 1344 1342
f 2024 2025 1337
f 1337 2025 1270
f 1337 1270 1339
f 1339 1270 1342
f 1321 1319 1210
f 1207 518 1208
f 1208 518 2026
f 1208 2026 1209
f 1209 2026 2024
f 1209 2024 1335
f 1335 2024 1337
f 1167 1169 1265
f 1265 1169 1126
f 1265 1126 1266
f 1266 1126 1188
f 1147 1149 2026
f 1125 1196 1126
f 1126 1196 1183
f 1126 1183 1188
f 1307 1305 1228
f 1216 1218 1358
f 1117 518 1118
f 1118 518 188
f 1118 188 187
f 1117 1108 518
f 518 1108 1110
f 518 1110 1107
f 1210 1319 1213
f 1366 1226 1365
f 1365 1226 1225
f 1365 1225 1303
f 1303 1225 1224
f 1303 1224 1305
f 1305 1224 1227
f 1305 1227 1228
f 1358 1218 1360
f 1360 1218 1219
f 1360 1219 1361
f 1242 1241 1353
f 1128 1130 1196
f 1196 1130 1132
f 1196 1132 1134
f 1249 1434 1251
f 1335 1333 1209
f 1209 1333 1331
f 1209 1331 1329
f 1329 1327 1209
f 1209 1327 1325
f 1209 1325 1210
f 1210 1325 1323
f 1210 1323 1321
f 1228 1229 1307
f 1307 1229 1211
f 1307 1211 1309
f 1309 1211 1212
f 1309 1212 1311
f 1311 1212 1215
f 1311 1215 1313
f 1313 1215 1214
f 1313 1214 1315
f 1315 1214 1213
f 1315 1213 1317
f 1317 1213 1319
f 1358 1356 1216
f 1216 1356 1354
f 1216 1354 1217
f 1217 1354 1353
f 1217 1353 1239
f 1239 1353 1241
f 1107 1105 518
f 518 1105 1104
f 518 1104 2026
f 2026 1104 1102
f 2026 1102 1100
f 1434 2027 2028
f 1219 1220 1361
f 1361 1220 1223
f 1361 1223 1363
f 1363 1223 1222
f 1363 1222 1366
f 1366 1222 1221
f 1366 1221 1226
f 187 197 1118
f 1118 197 414
f 1118 414 1120
f 1120 414 416
f 1120 416 1121
f 1121 416 419
f 1121 419 1115
f 1115 419 423
f 1115 423 1113
f 1113 423 1659
f 1113 1659 1140
f 1140 1659 1700
f 1140 1700 1142
f 1142 1700 1698
f 1142 1698 1144
f 1144 1698 1138
f 1149 1151 2026
f 2026 1151 1153
f 2026 1153 2029
f 2029 1153 1155
f 2029 1155 2030
f 2030 1155 1157
f 2030 1157 2031
f 2031 1157 1159
f 2031 1159 2028
f 2028 1159 1161
f 2028 1161 1434
f 1434 1161 1163
f 1434 1163 1251
f 1251 1163 1165
f 1251 1165 1252
f 1252 1165 1265
f 1252 1265 1262
f 1134 1136 1196
f 1196 1136 1138
f 1196 1138 1198
f 1198 1138 1698
f 1087 1085 2026
f 1269 1662 1270
f 1270 1662 1235
f 1270 1235 1353
f 1353 1235 1236
f 1353 1236 1242
f 1087 2026 1089
f 1085 1082 2026
f 2026 1082 1080
f 2026 1080 1147
f 1100 1095 2026
f 2026 1095 1097
f 2026 1097 1098
f 1098 1093 2026
f 2026 1093 1091
f 2026 1091 1089
f 1295 2032 2033
f 1274 1272 2034
f 2029 2035 2026
f 2036 2037 2038
f 2039 2040 2041
f 2042 2043 2044
f 2045 2046 2038
f 2038 2046 2047
f 2038 2047 2036
f 2030 2031 2048
f 2048 2031 2028
f 1281 1279 1283
f 1283 1279 1276
f 1283 1276 1287
f 1299 1294 2049
f 2049 1294 1292
f 1292 1290 2049
f 2049 1290 1285
f 2049 1285 2050
f 2050 1285 1287
f 2050 1287 2034
f 2034 1287 1276
f 2034 1276 1274
f 1295 1297 2051
f 1295 2033 1494
f 1494 2033 2052
f 1494 2052 1492
f 1492 2052 2053
f 1492 2053 1490
f 2054 2048 2055
f 2055 2048 2028
f 2055 2028 2027
f 2035 2029 2056
f 2056 2029 2057
f 2056 2057 2058
f 2058 2059 2056
f 2056 2059 2060
f 2056 2060 2035
f 2035 2060 2049
f 2035 2049 2026
f 2026 2049 2050
f 2026 2050 2024
f 2024 2050 2034
f 2024 2034 2025
f 2025 2034 1272
f 2025 1272 1270
f 2044 2039 2042
f 2042 2039 2041
f 2042 2041 2037
f 2037 2041 2061
f 2037 2061 2038
f 2038 2061 2054
f 2038 2054 2045
f 2045 2054 2055
f 2045 2055 2062
f 2062 2055 2027
f 2029 2030 2057
f 2057 2030 2048
f 2057 2048 2058
f 2058 2048 2054
f 2058 2054 2059
f 2059 2054 2061
f 2059 2061 2060
f 2060 2061 2063
f 2060 2063 2049
f 2049 2063 2051
f 2049 2051 1299
f 1299 2051 1297
f 2032 2064 2033
f 2033 2064 2065
f 2033 2065 2052
f 2052 2065 2066
f 2052 2066 2053
f 1295 2051 2032
f 2032 2051 2063
f 2032 2063 2064
f 2064 2063 2061
f 2064 2061 2065
f 2065 2061 2041
f 2065 2041 2066
f 2066 2041 2040
f 2066 2040 2053
f 2067 2068 2069
f 2070 1486 2071
f 2071 1486 1488
f 2071 1488 2072
f 2073 1500 2070
f 2070 1500 1484
f 2070 1484 1486
f 2074 1508 1507
f 1507 1505 2074
f 2074 1505 1503
f 2074 1503 2073
f 2073 1503 1501
f 2073 1501 1500
f 1523 1525 2075
f 2075 1525 1526
f 2075 1526 1518
f 1496 2076 1511
f 1511 2076 2075
f 1511 2075 1509
f 1509 2075 1518
f 1509 1518 1513
f 1513 1518 1515
f 2077 2076 2074
f 2074 2076 1496
f 2074 1496 1508
f 1520 1523 2078
f 2078 1523 2075
f 2078 2075 2079
f 2079 2075 2076
f 2079 2076 2080
f 2080 2076 2077
f 2080 2077 2081
f 2081 2077 2082
f 2083 2084 2085
f 2086 2087 2067
f 2067 2087 2088
f 2067 2088 2089
f 2089 2088 2083
f 2089 2083 2090
f 2090 2083 2085
f 2090 2085 2091
f 2086 2067 2092
f 2092 2067 2069
f 2092 2069 2040
f 2040 2039 2092
f 2092 2039 2044
f 2092 2044 2043
f 2073 2093 2074
f 2074 2093 2094
f 2074 2094 2077
f 2077 2094 2095
f 2077 2095 2082
f 2082 2095 2096
f 2068 2067 2097
f 2097 2067 2089
f 2097 2089 2098
f 2098 2089 2090
f 2098 2090 2099
f 2099 2090 2091
f 2099 2091 2100
f 2072 2101 2071
f 2071 2101 2102
f 2071 2102 2070
f 2070 2102 2103
f 2070 2103 2073
f 2073 2103 2104
f 2073 2104 2093
f 1488 1490 2072
f 2072 1490 2053
f 2072 2053 2101
f 2101 2053 2040
f 2101 2040 2102
f 2102 2040 2069
f 2102 2069 2103
f 2103 2069 2068
f 2103 2068 2104
f 2104 2068 2097
f 2104 2097 2093
f 2093 2097 2098
f 2093 2098 2094
f 2094 2098 2099
f 2094 2099 2095
f 2095 2099 2100
f 2095 2100 2096
f 2016 2015 2105
f 2105 2015 1387
f 2105 1387 1379
f 1914 1913 742
f 742 1913 739
f 739 1913 1924
f 739 1924 736
f 1399 1403 1362
f 1362 1403 1359
f 1399 1362 1400
f 1400 1362 1364
f 1400 1364 1401
f 1964 2105 1374
f 1374 2105 1379
f 1374 1379 1378
f 1304 1397 1302
f 1302 1397 1398
f 1302 1398 1364
f 1364 1398 1402
f 1364 1402 1401
f 1520 1414 1332
f 1418 1417 1902
f 1934 1936 1415
f 1415 1936 1938
f 1415 1938 1416
f 1416 1938 1920
f 1416 1920 645
f 645 1920 1918
f 645 1918 369
f 369 1918 1916
f 369 1916 365
f 365 1916 1914
f 365 1914 363
f 363 1914 742
f 736 1924 737
f 737 1924 1889
f 737 1889 2106
f 2106 1889 1892
f 2106 1892 2107
f 2107 1892 1894
f 2107 1894 2108
f 1970 2084 1960
f 1960 2084 2105
f 1960 2105 1961
f 1961 2105 1964
f 1520 1927 1414
f 1414 1927 1929
f 1414 1929 1415
f 1415 1929 1932
f 1415 1932 1934
f 1417 1631 1902
f 1902 1631 2109
f 1902 2109 1900
f 1326 1328 1414
f 1414 1328 1330
f 1414 1330 1332
f 1341 2110 1340
f 1340 2110 2111
f 1340 2111 1338
f 1338 2111 1521
f 1338 1521 1336
f 1336 1521 1520
f 1336 1520 1334
f 1334 1520 1332
f 1403 1404 1359
f 1359 1404 1408
f 1359 1408 1357
f 1357 1408 1407
f 1357 1407 1355
f 1355 1407 1406
f 1355 1406 1352
f 1352 1406 1405
f 1352 1405 1349
f 1349 1405 1532
f 1349 1532 1347
f 1347 1532 1533
f 1347 1533 1345
f 1345 1533 1535
f 1345 1535 1343
f 1343 1535 1537
f 1343 1537 1341
f 1341 1537 1542
f 1341 1542 2110
f 1902 1905 1418
f 1418 1905 1907
f 1418 1907 1432
f 1432 1907 1909
f 1432 1909 1373
f 1373 1909 1911
f 1373 1911 1374
f 1374 1911 1966
f 1374 1966 1964
f 2108 1894 2112
f 2112 1894 1896
f 2112 1896 2109
f 2109 1896 1898
f 2109 1898 1900
f 1520 1941 1943
f 1410 1322 1414
f 1414 1322 1324
f 1414 1324 1326
f 1974 2100 1972
f 1972 2100 2091
f 1972 2091 1970
f 1970 2091 2085
f 1970 2085 2084
f 1941 1520 1983
f 1983 1520 2078
f 1983 2078 1981
f 1981 2078 2079
f 1981 2079 1980
f 1980 2079 2080
f 1980 2080 1978
f 1978 2080 2081
f 1978 2081 1976
f 1976 2081 2082
f 1976 2082 1974
f 1974 2082 2096
f 1974 2096 2100
f 1413 1394 1308
f 1308 1394 1393
f 1308 1393 1306
f 1306 1393 1395
f 1306 1395 1304
f 1304 1395 1396
f 1304 1396 1397
f 1308 1310 1413
f 1413 1310 1312
f 1413 1312 1412
f 1412 1312 1314
f 1412 1314 1411
f 1411 1314 1316
f 1411 1316 1409
f 1409 1316 1318
f 1409 1318 1410
f 1410 1318 1320
f 1410 1320 1322
f 1943 1945 1520
f 1520 1945 1947
f 1520 1947 1949
f 1949 1951 1520
f 1520 1951 1953
f 1520 1953 1956
f 1956 1959 1520
f 1520 1959 1925
f 1520 1925 1927
f 2113 2114 2115
f 2115 2114 2116
f 2117 2118 2022
f 2022 2118 2020
f 2119 2120 2121
f 2119 2121 1433
f 1433 2121 2122
f 2122 2123 1433
f 1433 2123 2117
f 1433 2117 1434
f 1434 2117 2022
f 2022 2023 1434
f 1434 2023 2124
f 1434 2124 2125
f 1468 1460 2126
f 2127 2128 1473
f 2129 2130 2131
f 2131 2130 2132
f 2133 2134 2135
f 1483 2134 1453
f 1453 2134 2133
f 1453 2133 1454
f 1454 2133 1456
f 1460 1459 2126
f 2126 1459 1457
f 2126 1457 2136
f 2136 1457 1456
f 2136 1456 2137
f 2137 1456 2133
f 2129 2131 2138
f 2138 2131 2139
f 2138 2139 2140
f 2140 2139 2127
f 2140 2127 2141
f 2141 2127 1473
f 2141 1473 1471
f 1469 1468 2142
f 2142 1468 2126
f 2142 2126 2143
f 2143 2126 2136
f 2143 2136 2144
f 2144 2136 2137
f 2144 2137 2145
f 2145 2137 2133
f 2145 2133 2146
f 2146 2133 2135
f 2146 2135 2147
f 2148 2132 2147
f 2147 2132 2130
f 2147 2130 2146
f 2146 2130 2129
f 2146 2129 2145
f 2145 2129 2138
f 2145 2138 2144
f 2144 2138 2140
f 2144 2140 2143
f 2143 2140 2141
f 2143 2141 2142
f 2142 2141 1471
f 2142 1471 1469
f 1474 1473 2128
f 1437 2119 1435
f 1435 2119 1433
f 1435 1433 1246
f 2149 2150 1445
f 1445 2150 1438
f 1445 1446 2149
f 2149 1446 1447
f 2149 1447 2151
f 2151 1447 1448
f 2151 1448 2152
f 1442 1441 2153
f 2153 1441 2154
f 2152 1448 2155
f 2155 1448 1449
f 2155 1449 2156
f 2156 1449 1444
f 2156 1444 2153
f 2153 1444 1443
f 2153 1443 1442
f 1437 1439 2119
f 2119 1439 1438
f 2119 1438 2120
f 2120 1438 2157
f 2120 2157 2158
f 2159 2157 2160
f 2160 2157 1438
f 2160 1438 2161
f 2161 1438 2150
f 2159 2162 2157
f 2157 2162 2163
f 2157 2163 2164
f 2164 2163 2165
f 2164 2165 2166
f 1441 1482 2154
f 2154 1482 1474
f 2154 1474 2167
f 2167 1474 2128
f 2167 2128 2168
f 2168 2128 2169
f 2168 2169 2165
f 2165 2169 2170
f 2165 2170 2166
f 1483 1451 1727
f 1735 2171 2172
f 1735 2172 1733
f 1733 2172 2173
f 1733 2173 1731
f 1731 2173 2174
f 1731 2174 1729
f 1729 2174 2175
f 1729 2175 1727
f 2175 2148 2147
f 1483 1727 2134
f 2175 2147 1727
f 1727 2147 2135
f 1727 2135 2134
f 2176 2177 2178
f 2179 2180 2181
f 1948 2182 1950
f 1897 1895 2183
f 1868 2184 2185
f 1871 1870 2186
f 2187 1653 1491
f 1592 1595 2188
f 1614 1616 2189
f 2189 1616 1618
f 1629 1628 2190
f 1627 1612 2191
f 1610 1609 2192
f 1859 1857 2193
f 2193 1857 1856
f 2194 1848 2195
f 2195 1848 1847
f 2195 1847 2196
f 2196 1847 1858
f 2196 1858 2197
f 2197 1858 1859
f 2197 1859 2198
f 2198 1859 2193
f 1637 1862 1636
f 1636 1862 1846
f 1636 1846 2194
f 2194 1846 1860
f 2194 1860 1848
f 1639 1865 1638
f 1638 1865 1864
f 1638 1864 1637
f 1637 1864 1863
f 1637 1863 1862
f 1643 1707 1642
f 1642 1707 1706
f 1642 1706 1705
f 1639 1641 1865
f 1865 1641 1642
f 1865 1642 1861
f 1861 1642 1705
f 1861 1705 902
f 1633 1634 2194
f 2194 1634 1635
f 2194 1635 1636
f 1633 2194 1632
f 1632 2194 2195
f 1632 2195 1630
f 2108 2112 2199
f 2199 2112 2109
f 1609 1602 2192
f 2192 1602 738
f 2192 738 2200
f 2200 738 737
f 2200 737 2106
f 1595 749 2188
f 2188 749 748
f 2188 748 2201
f 2201 748 1625
f 2201 1625 1626
f 2202 1561 2203
f 2203 1561 1572
f 2203 1572 2204
f 2204 1572 1579
f 2204 1579 2205
f 2205 1579 1584
f 2205 1584 2206
f 2206 1584 1589
f 2207 1549 2202
f 2202 1549 1548
f 2202 1548 1561
f 2208 1556 2209
f 2209 1556 1554
f 2209 1554 2207
f 2207 1554 1553
f 2207 1553 1549
f 722 721 2208
f 2208 721 1552
f 2208 1552 1556
f 2208 2210 722
f 722 2210 2211
f 722 2211 1544
f 1544 2211 2212
f 1544 2212 698
f 690 2213 691
f 691 2213 693
f 1529 1543 2213
f 2214 1527 1529
f 1528 625 695
f 1528 695 1543
f 1543 695 694
f 1543 694 2213
f 2213 694 701
f 2213 701 693
f 2215 1541 1527
f 2216 1521 2215
f 2215 1521 2111
f 2215 2111 1541
f 1541 2111 2110
f 1541 2110 1542
f 1517 1519 2217
f 2217 1519 1524
f 2217 1524 2216
f 2216 1524 1522
f 2216 1522 1521
f 1514 1516 1510
f 1510 1516 2218
f 1510 2218 1512
f 2219 1502 2220
f 2220 1502 1504
f 2220 1504 1506
f 1516 1517 2218
f 2218 1517 2217
f 2218 2217 1512
f 1512 2217 2221
f 1512 2221 1497
f 1497 2221 2220
f 1497 2220 1498
f 1498 2220 1506
f 1491 1489 2187
f 2187 1489 1487
f 2187 1487 2222
f 2222 1487 1485
f 2222 1485 2219
f 2219 1485 1499
f 2219 1499 1502
f 2223 1735 1734
f 2224 2225 2226
f 2226 2225 2227
f 2226 2227 2228
f 2228 2227 2229
f 2228 2229 2230
f 2230 2229 2223
f 2230 2223 2231
f 2231 2223 1734
f 2232 2233 2234
f 2234 2233 2235
f 2234 2235 2236
f 2236 2235 2237
f 2236 2237 2238
f 2238 2237 2239
f 2238 2239 2224
f 2224 2239 2240
f 2224 2240 2225
f 1986 1992 2232
f 2232 1992 2241
f 2232 2241 2233
f 1986 2232 1882
f 1882 2232 2242
f 1882 2242 1883
f 1883 2242 2243
f 1883 2243 1880
f 1880 2244 1877
f 1877 2244 2245
f 1877 2245 1876
f 1870 1869 2246
f 2246 1869 1872
f 2246 1872 2245
f 2245 1872 1874
f 2245 1874 1876
f 2184 1868 2186
f 2186 1868 1867
f 2186 1867 1871
f 1854 1853 2185
f 2185 1853 1866
f 2185 1866 1868
f 1856 1855 2193
f 2193 1855 1854
f 2193 1854 2247
f 2247 1854 2185
f 1930 1928 2248
f 2248 1928 1926
f 2248 1926 2249
f 2188 1939 2250
f 2250 1939 1940
f 2250 1940 1937
f 1937 1935 2250
f 2250 1935 1933
f 2250 1933 2248
f 2248 1933 1931
f 2248 1931 1930
f 2201 1922 1915
f 1915 1917 2201
f 2201 1917 1919
f 2201 1919 2188
f 2188 1919 1921
f 2188 1921 1939
f 2179 1893 2180
f 2180 1893 1891
f 2180 1891 2181
f 2181 1891 1890
f 2181 1890 1923
f 1903 1901 2251
f 2251 1901 1899
f 2252 1908 1906
f 1962 1963 2253
f 2253 1963 2254
f 2254 1963 1965
f 2254 1965 1967
f 1967 1912 2254
f 2254 1912 1910
f 2254 1910 2255
f 1973 1971 2256
f 2256 1971 1969
f 2256 1969 2253
f 2253 1969 1968
f 2253 1968 1962
f 1948 1946 2257
f 2257 1946 1944
f 2257 1944 1942
f 1984 1982 2258
f 1982 1979 2258
f 2258 1979 1977
f 2258 1977 1975
f 1950 2182 1952
f 1952 2182 2259
f 1952 2259 1954
f 1926 1958 2249
f 2249 1958 1957
f 2249 1957 2259
f 2259 1957 1955
f 2259 1955 1954
f 1612 1610 2191
f 2191 1610 2192
f 2191 2192 2260
f 2260 2192 2200
f 2260 2200 2261
f 2261 2200 2106
f 2261 2106 2107
f 1899 1897 2251
f 2251 1897 2183
f 2251 2183 2262
f 2199 2263 2264
f 2264 2263 2265
f 2264 2265 2266
f 2266 2265 2267
f 2266 2267 2190
f 2190 2267 2268
f 2190 2268 1629
f 2269 2262 2270
f 2270 2262 2183
f 2270 2183 2179
f 2179 2183 1895
f 2179 1895 1893
f 1628 1627 2190
f 2190 1627 2191
f 2190 2191 2266
f 2266 2191 2260
f 2266 2260 2264
f 2264 2260 2261
f 2264 2261 2199
f 2199 2261 2107
f 2199 2107 2108
f 1626 1614 2201
f 2201 1614 2189
f 2201 2189 2268
f 2268 2189 1618
f 2268 1618 1629
f 2271 2272 2273
f 2273 2272 2274
f 2273 2274 2275
f 2275 2274 2276
f 2275 2276 2277
f 2277 2276 2278
f 2277 2278 2279
f 2178 2177 2280
f 2280 2177 2281
f 2280 2281 2282
f 2282 2281 2278
f 2282 2278 2283
f 2283 2278 2276
f 2283 2276 2284
f 2284 2276 2274
f 2284 2274 2285
f 2285 2274 2272
f 2285 2272 2257
f 2279 2278 2286
f 2286 2278 2281
f 2286 2281 2287
f 2287 2281 2177
f 2287 2177 2288
f 2288 2177 2176
f 2288 2176 2289
f 2290 2271 2291
f 2291 2271 2273
f 2291 2273 2292
f 2292 2273 2275
f 2292 2275 2293
f 2293 2275 2277
f 2293 2277 2294
f 2294 2277 2279
f 2294 2279 2295
f 2295 2279 2286
f 2295 2286 2296
f 2296 2286 2287
f 2296 2287 2297
f 2297 2287 2288
f 2297 2288 2298
f 2298 2288 2289
f 2298 2289 2299
f 1948 2257 2182
f 2182 2257 2300
f 2182 2300 2259
f 2259 2300 2301
f 2259 2301 2249
f 2249 2301 2302
f 2249 2302 2248
f 2248 2302 2303
f 2248 2303 2250
f 2257 2272 2300
f 2300 2272 2271
f 2300 2271 2301
f 2301 2271 2290
f 2301 2290 2302
f 2302 2290 2304
f 2302 2304 2303
f 2305 2306 2307
f 2307 2306 2213
f 1529 2213 2214
f 2214 2213 2306
f 2214 2306 2308
f 2308 2306 2305
f 2308 2305 2309
f 2309 2305 2310
f 2309 2310 2311
f 2311 2310 2312
f 2311 2312 2313
f 1592 2188 1593
f 1593 2188 2250
f 1593 2250 1588
f 1588 2250 2303
f 1588 2303 1589
f 1589 2303 2304
f 1589 2304 2206
f 2206 2304 2290
f 2206 2290 2205
f 2205 2290 2291
f 2205 2291 2204
f 2204 2291 2292
f 2204 2292 2203
f 2203 2292 2293
f 2203 2293 2202
f 2202 2293 2294
f 2202 2294 2207
f 2207 2294 2295
f 2207 2295 2209
f 2209 2295 2296
f 2209 2296 2208
f 2208 2296 2297
f 2208 2297 2210
f 2210 2297 2298
f 2210 2298 2211
f 2211 2298 2299
f 2211 2299 2212
f 1527 2214 2215
f 2215 2214 2308
f 2215 2308 2216
f 2216 2308 2309
f 2216 2309 2217
f 2217 2309 2311
f 2217 2311 2221
f 2221 2311 2313
f 2221 2313 2220
f 1880 2243 2244
f 2244 2243 2314
f 2244 2314 2245
f 2245 2314 2315
f 2245 2315 2246
f 2246 2315 2316
f 2246 2316 2317
f 2318 2258 2256
f 2256 2258 1975
f 2256 1975 1973
f 2256 2319 2318
f 2318 2319 2320
f 2318 2320 2321
f 2321 2320 2322
f 2321 2322 2323
f 2323 2322 2324
f 2323 2324 2325
f 2325 2324 2326
f 2325 2326 2327
f 2327 2326 2328
f 2327 2328 2329
f 2329 2328 2330
f 2329 2330 2331
f 2331 2330 2332
f 2331 2332 2333
f 2333 2332 2334
f 2333 2334 2335
f 2335 2334 2336
f 2335 2336 2337
f 2338 2339 2340
f 2340 2339 2341
f 2340 2341 2342
f 2343 2342 2344
f 2344 2342 2341
f 2344 2341 2345
f 2345 2341 2339
f 2345 2339 2346
f 1829 1828 2347
f 2347 1828 2348
f 2347 2348 2349
f 2349 2348 2350
f 2349 2350 2337
f 2337 2350 2351
f 2337 2351 2335
f 2335 2351 2352
f 2335 2352 2333
f 2333 2352 2353
f 2333 2353 2331
f 2331 2353 2346
f 2331 2346 2329
f 2329 2346 2339
f 2329 2339 2327
f 2327 2339 2338
f 2327 2338 2325
f 2325 2338 2354
f 2325 2354 2323
f 2323 2354 2355
f 2323 2355 2321
f 2321 2355 2356
f 2321 2356 2318
f 2318 2356 2357
f 2318 2357 2258
f 1828 1653 2348
f 2348 1653 2187
f 2348 2187 2350
f 2350 2187 2222
f 2350 2222 2351
f 2351 2222 2219
f 2351 2219 2352
f 2352 2219 2220
f 2352 2220 2353
f 2353 2220 2313
f 2353 2313 2346
f 2346 2313 2312
f 2346 2312 2345
f 2345 2312 2310
f 2345 2310 2344
f 2344 2310 2305
f 2344 2305 2343
f 2343 2305 2307
f 1942 1984 2257
f 2257 1984 2258
f 2257 2258 2285
f 2285 2258 2357
f 2285 2357 2284
f 2284 2357 2356
f 2284 2356 2283
f 2283 2356 2355
f 2283 2355 2282
f 2282 2355 2354
f 2282 2354 2280
f 2280 2354 2338
f 2280 2338 2178
f 2178 2338 2340
f 2178 2340 2176
f 2176 2340 2342
f 2176 2342 2289
f 2289 2342 2343
f 2289 2343 2299
f 2299 2343 2307
f 2299 2307 2212
f 2212 2307 2213
f 2212 2213 698
f 698 2213 690
f 1870 2246 2186
f 2186 2246 2317
f 2186 2317 2184
f 2184 2317 2358
f 2184 2358 2185
f 2185 2358 2359
f 2185 2359 2247
f 1906 1904 2252
f 2252 1904 1903
f 2252 1903 2360
f 2360 1903 2251
f 2360 2251 2361
f 2361 2251 2262
f 2361 2262 2362
f 2362 2262 2269
f 2362 2269 2363
f 1910 1908 2255
f 2255 1908 2252
f 2255 2252 2364
f 2364 2252 2360
f 2364 2360 2365
f 2365 2360 2361
f 2365 2361 2366
f 2366 2361 2362
f 2366 2362 2367
f 2367 2362 2363
f 2367 2363 2368
f 1631 2369 2109
f 2109 2369 2368
f 2109 2368 2199
f 2199 2368 2363
f 2199 2363 2263
f 2263 2363 2269
f 2263 2269 2265
f 2265 2269 2270
f 2265 2270 2267
f 2267 2270 2179
f 2267 2179 2268
f 2268 2179 2181
f 2268 2181 2201
f 2201 2181 1923
f 2201 1923 1922
f 1734 1829 2231
f 2231 1829 2347
f 2231 2347 2230
f 2230 2347 2349
f 2230 2349 2228
f 2228 2349 2337
f 2228 2337 2226
f 2226 2337 2336
f 2226 2336 2224
f 2224 2336 2334
f 2224 2334 2238
f 2238 2334 2332
f 2238 2332 2236
f 2236 2332 2330
f 2236 2330 2234
f 2234 2330 2328
f 2234 2328 2232
f 2232 2328 2326
f 2232 2326 2242
f 2242 2326 2324
f 2242 2324 2243
f 2243 2324 2322
f 2243 2322 2314
f 2314 2322 2320
f 2314 2320 2315
f 2315 2320 2319
f 2315 2319 2316
f 2316 2319 2256
f 2316 2256 2317
f 2317 2256 2253
f 2317 2253 2358
f 2358 2253 2254
f 2358 2254 2359
f 2359 2254 2255
f 2359 2255 2247
f 2247 2255 2364
f 2247 2364 2193
f 2193 2364 2365
f 2193 2365 2198
f 2198 2365 2366
f 2198 2366 2197
f 2197 2366 2367
f 2197 2367 2196
f 2196 2367 2368
f 2196 2368 2195
f 2195 2368 2369
f 2195 2369 1630
f 1630 2369 1631
f 2370 2371 2240
f 2240 2371 2372
f 1990 1993 2373
f 1996 1995 2374
f 2375 2376 2377
f 2370 2240 2239
f 2370 2239 2371
f 2378 2379 2377
f 2377 2379 2380
f 2377 2380 2375
f 2381 2382 2383
f 2383 2382 2384
f 1997 2385 1998
f 1998 2385 1999
f 2374 1995 2386
f 2386 1995 1994
f 2386 1994 2387
f 2387 1994 2000
f 2387 2000 2388
f 1992 1987 2241
f 2241 1987 1989
f 2241 1989 2233
f 2233 2389 2235
f 2235 2389 2390
f 2235 2390 2237
f 2389 2377 2390
f 2390 2377 2376
f 2390 2376 2237
f 2237 2376 2391
f 2237 2391 2239
f 2239 2391 2392
f 2239 2392 2371
f 1989 1990 2233
f 2233 1990 2373
f 2233 2373 2389
f 2389 2373 2393
f 2389 2393 2377
f 2377 2393 2394
f 2377 2394 2378
f 2378 2394 2382
f 2378 2382 2395
f 2395 2382 2381
f 2388 2396 2387
f 2387 2396 2397
f 2387 2397 2386
f 2386 2397 2398
f 2386 2398 2374
f 1993 1996 2373
f 2373 1996 2374
f 2373 2374 2393
f 2393 2374 2398
f 2393 2398 2394
f 2394 2398 2397
f 2394 2397 2382
f 2382 2397 2396
f 2382 2396 2384
f 2384 2396 2388
f 2384 2388 2385
f 2385 2388 2000
f 2385 2000 1999
f 2385 1997 2009
f 2008 2007 2399
f 2399 2400 2008
f 2008 2400 2401
f 2008 2401 2009
f 2009 2401 2384
f 2009 2384 2385
f 2004 2005 2402
f 2399 2007 2001
f 2399 2001 2403
f 2403 2001 2002
f 2403 2002 2404
f 2404 2002 2003
f 2404 2003 2405
f 2405 2003 2004
f 2405 2004 2406
f 2406 2004 2402
f 2407 2408 2409
f 2402 2005 2409
f 2409 2005 2006
f 2409 2006 2407
f 2012 2011 2019
f 2019 2011 2018
f 504 503 2011
f 2011 503 1388
f 2011 1388 2018
f 2019 2017 2410
f 2013 2407 2010
f 2010 2407 2006
f 2012 2019 2014
f 2014 2019 2410
f 2014 2410 2013
f 2013 2410 2408
f 2013 2408 2407
f 2016 2105 2017
f 2017 2105 2411
f 2151 2152 2412
f 2413 2163 2414
f 2414 2163 2162
f 2414 2162 2415
f 2162 2159 2415
f 2415 2159 2160
f 2415 2160 2416
f 2416 2160 2161
f 2416 2161 2417
f 2417 2161 2150
f 2417 2150 2418
f 2418 2150 2149
f 2418 2149 2419
f 2419 2149 2151
f 2419 2151 2420
f 2420 2151 2412
f 2412 2152 2421
f 2421 2152 2155
f 2421 2155 2422
f 2165 2163 2413
f 2155 2156 2422
f 2422 2156 2153
f 2422 2153 2423
f 2423 2153 2154
f 2423 2154 2424
f 2424 2154 2167
f 2424 2167 2425
f 2425 2167 2168
f 2425 2168 2426
f 2426 2168 2165
f 2426 2165 2427
f 2427 2165 2413
f 2428 2429 2430
f 2430 2429 2116
f 2430 2116 2114
f 2431 2115 2116
f 2432 2433 2434
f 2434 2433 2411
f 2434 2411 2435
f 2436 2431 2105
f 2105 2431 2116
f 2105 2116 2411
f 2411 2116 2429
f 2411 2429 2435
f 2437 2433 2438
f 2438 2433 2432
f 2124 2023 2021
f 2125 2124 2439
f 2439 2124 2021
f 2439 2021 2440
f 2440 2021 2441
f 2442 2436 2105
f 1434 2125 2027
f 2027 2125 2439
f 2027 2439 2062
f 2443 2087 2086
f 2042 2037 2443
f 2443 2037 2036
f 2086 2092 2443
f 2443 2092 2043
f 2443 2043 2042
f 2105 2084 2442
f 2442 2084 2083
f 2442 2083 2443
f 2443 2083 2088
f 2443 2088 2087
f 2036 2047 2443
f 2443 2047 2046
f 2443 2046 2439
f 2439 2046 2045
f 2439 2045 2062
f 2431 2436 2442
f 2444 2445 2113
f 2444 2113 2442
f 2442 2113 2115
f 2442 2115 2431
f 2123 2446 2117
f 2117 2446 2447
f 2117 2447 2118
f 2448 2449 2122
f 2122 2449 2450
f 2122 2450 2123
f 2123 2450 2451
f 2123 2451 2446
f 2122 2121 2448
f 2448 2121 2120
f 2448 2120 2452
f 2452 2120 2158
f 2158 2157 2452
f 2452 2157 2164
f 2452 2164 2453
f 2453 2164 2454
f 2455 2456 2457
f 2457 2456 2458
f 2457 2458 2459
f 2459 2458 2460
f 2461 2462 2463
f 2463 2462 2464
f 2463 2464 2465
f 2465 2464 2466
f 2465 2466 2458
f 2458 2466 2467
f 2458 2467 2460
f 2454 2164 2166
f 2169 2128 2127
f 2127 2139 2169
f 2169 2139 2131
f 2169 2131 2132
f 2175 2468 2148
f 2148 2468 2469
f 2148 2469 2132
f 2132 2469 2470
f 2132 2470 2169
f 2169 2470 2456
f 2169 2456 2170
f 2170 2456 2455
f 2170 2455 2166
f 2166 2455 2471
f 2166 2471 2454
f 2175 2174 2468
f 2468 2174 2173
f 2468 2173 2472
f 2173 2172 2472
f 2472 2172 2171
f 2472 2171 2473
f 2474 2475 2476
f 2171 1735 2223
f 2240 2372 2225
f 2225 2372 2477
f 2171 2223 2478
f 2478 2223 2229
f 2478 2229 2479
f 2479 2229 2227
f 2479 2227 2480
f 2480 2227 2225
f 2480 2225 2476
f 2476 2225 2477
f 2476 2477 2474
f 2474 2481 2482
f 2483 2484 2378
f 2378 2484 2379
f 2375 2380 2485
f 2485 2380 2379
f 2485 2379 2486
f 2486 2379 2484
f 2486 2484 2487
f 2488 2489 2490
f 2392 2491 2371
f 2371 2491 2477
f 2371 2477 2372
f 2475 2474 2492
f 2492 2474 2482
f 2492 2482 2493
f 2494 2495 2496
f 2496 2495 2493
f 2474 2477 2481
f 2481 2477 2491
f 2481 2491 2497
f 2497 2491 2392
f 2497 2392 2391
f 2490 2375 2488
f 2488 2375 2485
f 2488 2485 2496
f 2496 2485 2486
f 2496 2486 2494
f 2494 2486 2487
f 2493 2482 2496
f 2496 2482 2481
f 2496 2481 2488
f 2488 2481 2497
f 2488 2497 2489
f 2489 2497 2391
f 2489 2391 2490
f 2490 2391 2376
f 2490 2376 2375
f 2433 2427 2413
f 2437 2498 2499
f 2424 2383 2384
f 2437 2425 2433
f 2433 2425 2426
f 2433 2426 2427
f 2424 2384 2423
f 2425 2395 2424
f 2424 2395 2381
f 2424 2381 2383
f 2410 2017 2411
f 2419 2420 2403
f 2403 2420 2412
f 2403 2412 2399
f 2437 2499 2425
f 2425 2499 2500
f 2425 2500 2501
f 2384 2401 2423
f 2423 2401 2400
f 2423 2400 2422
f 2422 2400 2399
f 2422 2399 2421
f 2421 2399 2412
f 2501 2502 2425
f 2425 2502 2503
f 2425 2503 2395
f 2395 2503 2483
f 2395 2483 2378
f 2403 2404 2419
f 2419 2404 2405
f 2419 2405 2418
f 2418 2405 2406
f 2418 2406 2417
f 2417 2406 2402
f 2417 2402 2416
f 2416 2402 2409
f 2416 2409 2415
f 2415 2409 2414
f 2409 2408 2414
f 2414 2408 2410
f 2414 2410 2413
f 2413 2410 2411
f 2413 2411 2433
f 2438 2432 2434
f 2499 2498 2500
f 2500 2498 2504
f 2500 2504 2505
f 2498 2437 2504
f 2504 2437 2438
f 2504 2438 2506
f 2506 2438 2434
f 2506 2434 2507
f 2435 2508 2434
f 2434 2508 2509
f 2434 2509 2507
f 2428 2510 2429
f 2429 2510 2511
f 2429 2511 2435
f 2435 2511 2512
f 2435 2512 2508
f 2440 2441 2513
f 2514 2443 2513
f 2513 2443 2439
f 2513 2439 2440
f 2443 2514 2442
f 2442 2514 2515
f 2442 2515 2444
f 2444 2515 2445
f 2464 2516 2517
f 2451 2450 2518
f 2519 2448 2452
f 2520 2453 2454
f 2519 2452 2521
f 2451 2518 2446
f 2522 2020 2118
f 2471 2455 2457
f 2457 2459 2471
f 2471 2459 2460
f 2471 2460 2523
f 2523 2460 2467
f 2523 2467 2517
f 2517 2467 2466
f 2517 2466 2464
f 2524 2525 2526
f 2526 2525 2527
f 2526 2527 2528
f 2528 2527 2529
f 2528 2529 2530
f 2530 2529 2518
f 2530 2518 2449
f 2449 2518 2450
f 2449 2448 2530
f 2530 2448 2519
f 2530 2519 2528
f 2528 2519 2521
f 2528 2521 2526
f 2526 2521 2531
f 2526 2531 2524
f 2532 2533 2520
f 2520 2533 2534
f 2520 2454 2532
f 2532 2454 2471
f 2532 2471 2533
f 2533 2471 2523
f 2533 2523 2534
f 2534 2523 2517
f 2534 2517 2535
f 2535 2517 2516
f 2535 2516 2536
f 2118 2447 2522
f 2522 2447 2537
f 2522 2537 2538
f 2538 2537 2539
f 2538 2539 2540
f 2540 2539 2541
f 2540 2541 2542
f 2542 2541 2543
f 2542 2543 2544
f 2544 2543 2536
f 2544 2536 2545
f 2545 2536 2516
f 2545 2516 2546
f 2546 2516 2464
f 2546 2464 2462
f 2447 2446 2537
f 2537 2446 2518
f 2537 2518 2539
f 2539 2518 2529
f 2539 2529 2541
f 2541 2529 2527
f 2541 2527 2543
f 2543 2527 2525
f 2543 2525 2536
f 2536 2525 2524
f 2536 2524 2535
f 2535 2524 2531
f 2535 2531 2534
f 2534 2531 2521
f 2534 2521 2520
f 2520 2521 2452
f 2520 2452 2453
f 2547 2548 2549
f 2549 2548 2550
f 2550 2548 2551
f 2551 2548 2552
f 2551 2552 2553
f 2552 2554 2553
f 2553 2554 2555
f 2553 2555 2556
f 2552 2557 2554
f 2554 2557 2555
f 2458 2456 2470
f 2461 2463 2558
f 2558 2463 2465
f 2465 2458 2558
f 2558 2458 2470
f 2558 2470 2559
f 2559 2470 2469
f 2559 2469 2547
f 2547 2469 2468
f 2547 2468 2548
f 2548 2468 2472
f 2548 2472 2552
f 2552 2472 2473
f 2552 2473 2557
f 2500 2505 2501
f 2501 2505 2560
f 2501 2560 2502
f 2502 2560 2561
f 2502 2561 2503
f 2503 2561 2562
f 2492 2493 2503
f 2503 2493 2495
f 2503 2495 2494
f 2494 2487 2503
f 2503 2487 2484
f 2503 2484 2483
f 2562 2563 2503
f 2503 2563 2564
f 2503 2564 2492
f 2492 2564 2565
f 2492 2565 2475
f 2475 2565 2476
f 2565 2566 2476
f 2476 2566 2567
f 2476 2567 2480
f 2480 2567 2568
f 2480 2568 2479
f 2479 2568 2569
f 2479 2569 2478
f 2478 2569 2473
f 2478 2473 2171
f 2570 2571 2562
f 2572 2573 2574
f 2574 2573 2575
f 2576 2570 2577
f 2577 2570 2562
f 2577 2562 2575
f 2575 2562 2561
f 2575 2561 2574
f 2578 2579 2580
f 2579 2578 2581
f 2561 2560 2574
f 2574 2560 2582
f 2577 2575 2583
f 2583 2575 2573
f 2583 2573 2582
f 2582 2573 2572
f 2582 2572 2574
f 2570 2576 2584
f 2584 2576 2585
f 2584 2585 2586
f 2586 2585 2580
f 2512 2511 2587
f 2587 2511 2510
f 2510 2428 2588
f 2588 2428 2430
f 2588 2430 2114
f 2589 2509 2508
f 2590 2506 2507
f 2591 2592 2593
f 2593 2592 2594
f 2593 2594 2587
f 2595 2596 2597
f 2597 2596 2598
f 2597 2598 2599
f 2599 2598 2600
f 2599 2600 2601
f 2601 2600 2588
f 2512 2587 2508
f 2508 2587 2594
f 2508 2594 2589
f 2589 2594 2592
f 2589 2592 2602
f 2602 2592 2591
f 2602 2591 2603
f 2506 2590 2504
f 2504 2590 2604
f 2504 2604 2605
f 2605 2604 2606
f 2605 2606 2607
f 2608 2606 2603
f 2603 2606 2604
f 2603 2604 2602
f 2602 2604 2590
f 2602 2590 2589
f 2589 2590 2507
f 2589 2507 2509
f 2601 2581 2599
f 2599 2581 2578
f 2599 2578 2597
f 2597 2578 2580
f 2597 2580 2595
f 2595 2580 2585
f 2595 2585 2583
f 2583 2585 2576
f 2583 2576 2577
f 2510 2588 2587
f 2587 2588 2600
f 2587 2600 2593
f 2593 2600 2598
f 2593 2598 2591
f 2591 2598 2596
f 2591 2596 2603
f 2603 2596 2595
f 2603 2595 2608
f 2608 2595 2583
f 2608 2583 2606
f 2606 2583 2582
f 2606 2582 2607
f 2607 2582 2560
f 2607 2560 2605
f 2605 2560 2505
f 2605 2505 2504
f 2514 2513 2609
f 2514 2610 2611
f 2611 2612 2514
f 2514 2612 2613
f 2514 2613 2515
f 2609 2614 2514
f 2514 2614 2615
f 2514 2615 2610
f 2551 2553 2616
f 2558 2559 2617
f 2617 2559 2547
f 2617 2547 2549
f 2546 2462 2461
f 2021 2020 2441
f 2441 2020 2522
f 2441 2522 2538
f 2618 2615 2614
f 2619 2550 2551
f 2620 2441 2621
f 2621 2441 2538
f 2621 2538 2622
f 2622 2538 2540
f 2622 2540 2623
f 2623 2540 2542
f 2623 2542 2624
f 2624 2542 2544
f 2624 2544 2625
f 2625 2544 2545
f 2625 2545 2617
f 2617 2545 2546
f 2617 2546 2558
f 2558 2546 2461
f 2513 2441 2609
f 2609 2441 2620
f 2609 2620 2626
f 2626 2620 2621
f 2626 2621 2627
f 2627 2621 2622
f 2627 2622 2628
f 2628 2622 2623
f 2628 2623 2629
f 2629 2623 2624
f 2629 2624 2630
f 2630 2624 2625
f 2630 2625 2631
f 2631 2625 2617
f 2631 2617 2619
f 2619 2617 2549
f 2619 2549 2550
f 2551 2616 2619
f 2619 2616 2632
f 2619 2632 2631
f 2631 2632 2633
f 2631 2633 2630
f 2630 2633 2634
f 2630 2634 2629
f 2629 2634 2635
f 2629 2635 2628
f 2628 2635 2636
f 2628 2636 2627
f 2627 2636 2618
f 2627 2618 2626
f 2626 2618 2614
f 2626 2614 2609
f 2610 2615 2637
f 2637 2615 2618
f 2637 2618 2638
f 2638 2618 2636
f 2638 2636 2639
f 2639 2636 2635
f 2639 2635 2640
f 2640 2635 2634
f 2640 2634 2641
f 2641 2634 2633
f 2641 2633 2642
f 2642 2633 2632
f 2642 2632 2643
f 2643 2632 2616
f 2643 2616 2556
f 2556 2616 2553
f 2556 2555 2644
f 2556 2644 2645
f 2645 2644 2646
f 2645 2646 2647
f 2646 2648 2647
f 2647 2648 2649
f 2647 2649 2650
f 2650 2649 2651
f 2562 2571 2563
f 2563 2571 2652
f 2563 2652 2564
f 2564 2652 2565
f 2557 2473 2569
f 2652 2653 2565
f 2565 2653 2651
f 2565 2651 2566
f 2566 2651 2649
f 2566 2649 2567
f 2567 2649 2648
f 2567 2648 2568
f 2568 2648 2646
f 2568 2646 2569
f 2569 2646 2644
f 2569 2644 2557
f 2557 2644 2555
f 2653 2654 2651
f 2651 2654 2650
f 2515 2613 2445
f 2445 2613 2655
f 2445 2655 2656
f 2114 2113 2445
f 2570 2584 2571
f 2571 2584 2652
f 2611 2610 2657
f 2657 2610 2637
f 2657 2637 2658
f 2658 2637 2638
f 2658 2638 2659
f 2659 2638 2639
f 2659 2639 2660
f 2660 2639 2640
f 2660 2640 2661
f 2661 2640 2641
f 2661 2641 2662
f 2662 2641 2642
f 2662 2642 2663
f 2663 2642 2643
f 2663 2643 2645
f 2645 2643 2556
f 2645 2647 2663
f 2663 2647 2664
f 2663 2664 2662
f 2662 2664 2665
f 2662 2665 2661
f 2661 2665 2666
f 2661 2666 2660
f 2660 2666 2667
f 2660 2667 2659
f 2659 2667 2668
f 2659 2668 2658
f 2658 2668 2669
f 2658 2669 2657
f 2657 2669 2670
f 2657 2670 2611
f 2611 2670 2612
f 2647 2650 2664
f 2664 2650 2654
f 2664 2654 2665
f 2665 2654 2671
f 2665 2671 2666
f 2666 2671 2672
f 2666 2672 2667
f 2667 2672 2673
f 2667 2673 2668
f 2668 2673 2674
f 2668 2674 2669
f 2669 2674 2656
f 2669 2656 2670
f 2670 2656 2655
f 2670 2655 2612
f 2612 2655 2613
f 2653 2652 2654
f 2654 2652 2584
f 2654 2584 2671
f 2671 2584 2586
f 2671 2586 2672
f 2672 2586 2580
f 2672 2580 2673
f 2673 2580 2579
f 2673 2579 2674
f 2674 2579 2581
f 2674 2581 2656
f 2656 2581 2601
f 2656 2601 2445
f 2445 2601 2588
f 2445 2588 2114
