v 0.005047977901995181 0.0058678840287029735 0.002273906720802188
v 0.005079198628664016 0.0054387073032557956 0.0022829275112599134
v 0.005487065762281417 0.005714231170713901 0.001855639391578734
v 0.0050165681168436995 0.0062983003444969645 0.0022652142215520144
v 0.005826185457408427 0.006032584700733422 0.0014027615543454885
v 0.005789109040051698 0.0064960047602653495 0.0013945366954430938
v 0.0054109338670969 0.006598944310098886 0.0018475971883162856
v 0.005751510150730609 0.006963425781577825 0.0013867957750335336
v 0.0019572789315134283 0.021954007446765896 -0.007333549205213785
v 0.0019285685848444698 0.022010955959558483 -0.007357058115303516
v 0.002300406107679009 0.02228128910064697 -0.007242660038173199
v 0.0024616315495222803 0.021590176969766613 -0.007024173159152269
v 0.002311282558366656 0.021613057702779766 -0.0071043819189071655
v 0.0021303158719092603 0.021726366132497784 -0.007212046068161726
v 0.0027654794976115222 0.02208217047154903 -0.00694944616407156
v 0.002756787464022636 0.021959705278277394 -0.006931460462510586
v 0.0025983632076531644 0.021645329892635342 -0.00696173869073391
v 0.002691983245313167 0.021755566820502278 -0.0069303070195019245
v 0.0024944634642451997 0.022830806672573086 -0.007241135463118553
v 0.002657573670148849 0.02257011458277702 -0.007103152107447386
v 0.002751108026131987 0.02225490845739841 -0.006990374997258186
v 0.0022727774921804662 0.02299338951706886 -0.007384882308542728
v 0.0021233577281236644 0.023010503500699993 -0.007459832821041346
v 0.0020196123514324422 0.022971414029598233 -0.007500245701521635
v 0.0019214693456888197 0.02287417277693748 -0.007525579538196325
v 0.0018383347196504472 0.022669624537229534 -0.0075225830078125
v 0.001821132027544081 0.022443698719143864 -0.007486555725336075
v 0.0018432703800499437 0.02226769924163818 -0.007443257141858339
v 0.0017594357486814258 0.02193781919777393 -0.007348944433033466
v 0.0016768935602158306 0.021918099373579022 -0.007303975988179445
v 0.0016560084186494348 0.02196039073169231 -0.007318335585296154
v 0.0025157299824059005 0.022930420935153958 -0.0072309295646846294
v 0.0027208768296986814 0.02261659130454063 -0.007058343850076199
v 0.002604356268420815 0.02303952723741531 -0.006979041732847691
v 0.002778065390884876 0.022742917761206623 -0.006821431685239077
v 0.0027863548602908845 0.022710964083671566 -0.006904164329171181
v 0.0016112724551931021 0.02191348001360893 -0.007239810656756163
v 0.0015187447424978016 0.022180320695042607 -0.007327516563236713
v 0.0015473429812118409 0.022438094019889828 -0.007454500999301672
v 0.001479578320868313 0.022538391873240467 -0.0074125295504927635
v 0.001550295972265303 0.022595321759581562 -0.007483969442546368
v 0.0015285867266356943 0.022842369973659512 -0.007453204598277807
v 0.0016209476161748169 0.022894043475389477 -0.007513419725000858
v 0.0016423185588791964 0.02307340875267982 -0.007453042548149824
v 0.0017400126671418545 0.023088587448000904 -0.007500886917114258
v 0.0018077369313687084 0.023234728723764416 -0.007414855994284153
v 0.0018802683334797619 0.02320648171007633 -0.007461961358785629
v 0.001976465573534369 0.023309307172894474 -0.007353700697422028
v 0.00199007149785757 0.023254742845892903 -0.007421297021210194
v 0.002185717690736055 0.023316020146012303 -0.007254644762724638
v 0.0021637754980474706 0.02327308431267738 -0.0073428042232990265
v 0.0023983852006494995 0.023230558261275288 -0.0071287876926362514
v 0.002346056047827005 0.02322297170758247 -0.007242743391543627
v 0.002560936845839023 0.02306246757507324 -0.00709869060665369
v 0.001831027679145336 0.022008985280990597 -0.007381354458630085
v 0.0017329105176031587 0.0224358607083559 -0.007504744455218315
v 0.001735622528940439 0.02257330901920795 -0.007530186325311661
v 0.0017949361354112623 0.022822652012109753 -0.0075534069910645485
v 0.0018867795588448642 0.022971598431468006 -0.007542469073086977
v 0.0019880002364516254 0.02305592410266399 -0.0075136334635317326
v 0.002065605483949184 0.02308969013392925 -0.007484629284590483
v 0.0023329132236540313 0.023064637556672093 -0.007351027801632881
v 0.0021913193631917234 0.02310289070010185 -0.007427888456732035
v 0.0018032257212325928 0.021952729672193524 -0.007361387833952904
v 0.001740282052196562 0.021978139877319332 -0.0073638795875012875
v 0.0016360464505851267 0.02243363671004772 -0.007494538091123104
v 0.0016389304073527453 0.022582244127988812 -0.0075222342275083065
v 0.001704815658740699 0.022859407588839527 -0.007548884022980928
v 0.0018121807370334861 0.023033998906612393 -0.007536957040429115
v 0.0019355302210897205 0.023137193173170086 -0.007502368185669184
v 0.0020313598215579982 0.023179117590188977 -0.007466754410415888
v 0.0021842622663825746 0.023195249959826466 -0.007397692650556564
v 0.002349006477743387 0.023150391876697537 -0.007307664956897497
v 0.0025502736680209632 0.02300145663321018 -0.0071738967671990395
v 0.002767306054010987 0.02266646549105644 -0.006988711655139923
v 0.0025413713883608575 0.02145513147115707 -0.006891599390655756
v 0.002564615104347467 0.021465552970767018 -0.006881902925670147
v 0.0025768922641873355 0.021312849596142765 -0.006677200552076101
v 0.002883020089939236 0.022387633100152012 -0.006690812297165394
v 0.002886852482333779 0.021784946322441098 -0.006577885709702969
v 0.002912296680733561 0.022118968889117237 -0.0066941529512405396
v 0.002819007262587547 0.021572692319750782 -0.006581795401871204
v 0.002816637977957725 0.021710187196731564 -0.006761460565030575
v 0.0028757106047123666 0.021857831627130505 -0.006730021443217993
v 0.002601733431220054 0.021325591951608654 -0.0066655525006353855
v 0.0026001431979238983 0.021484354510903355 -0.006866935174912214
v 0.0026539058890193696 0.02152042835950851 -0.006843986455351114
v 0.0027572733815759416 0.021466860547661778 -0.006600320339202881
v 0.0026940871030092235 0.021553793922066685 -0.006825632881373167
v 0.0027685347013175483 0.021634936332702633 -0.006787393242120743
v 0.0023936268407851453 0.02141774073243141 -0.006951060611754656
v 0.0023858870845288034 0.021272407844662663 -0.006772355176508427
v 0.0022486103698611255 0.021420732140541073 -0.007005537860095501
v 0.002243432449176907 0.021294387057423588 -0.006847681477665901
v 0.0021555940620601173 0.021440781652927395 -0.007038685958832502
v 0.0020783529616892333 0.0213673859834671 -0.006938927806913853
v 0.0019120684592053292 0.021559432148933407 -0.007118839304894209
v 0.0018945140764117239 0.021510487422347065 -0.0070469435304403305
v 0.0016924203373491762 0.021763643249869343 -0.007178798783570528
v 0.0027660538908094163 0.02249711565673351 -0.007010236848145723
v 0.0027922708541154857 0.021684406325221058 -0.00679211737588048
v 0.0019344384782016275 0.021554782986640927 -0.0071245343424379826
v 0.0016501693753525613 0.02183587849140167 -0.007209512870758772
v 0.002398742828518152 0.021426590159535405 -0.006959169637411833
v 0.002223413903266191 0.02145835757255554 -0.0070517417043447495
v 0.0028480954933911558 0.02181962132453918 -0.006784047000110149
v 0.002887381240725517 0.022108534350991246 -0.006813754327595234
v 0.002911251969635486 0.022126359865069386 -0.006720823235809803
v 0.0028359850402921434 0.022579427808523175 -0.00685084518045187
v 0.0028411115054041143 0.022567482665181157 -0.006750210653990507
v 0.0028344290331006046 0.02209297753870487 -0.006894190330058336
v 0.0027984818443655963 0.021832786500453946 -0.006867020390927792
v 0.002749776933342218 0.021716576069593426 -0.006873813457787037
v 0.0026673767715692516 0.021607398986816403 -0.006900351028889418
v 0.002561352681368589 0.021535025909543034 -0.006945038679987192
v 0.0024246238172054286 0.02150500193238258 -0.007011136505752802
v 0.0022742524743080135 0.021531801670789715 -0.007090980187058449
v 0.002078940393403172 0.021653072908520695 -0.007205350324511528
v 0.002006011316552758 0.021594490855932232 -0.0071776811964809895
v 0.0028150524012744422 0.022540161386132237 -0.006937699858099222
v 0.0009669060236774384 0.027484854683279988 -0.008231369778513908
v 0.0012040111469104884 0.026526607573032376 -0.008162835612893105
v 0.0011146668111905453 0.02655539847910404 -0.008187415078282356
v 0.0010224101133644579 0.026606824249029156 -0.008211529813706875
v 0.0009398876572959124 0.026675231754779812 -0.008231965824961662
v 0.0008689539390616118 0.026757229119539257 -0.008248655125498772
v 0.0007670528138987719 0.026950191706418988 -0.008271187543869019
v 0.0007246084860526024 0.027164500206708905 -0.008280137553811073
v 0.0007277677650563418 0.02727328427135944 -0.008279610425233841
v 0.0009199152118526398 0.027637552469968792 -0.00823911838233471
v 0.0010101981461048124 0.027685040608048436 -0.008218223229050636
v 0.0007483454537577926 0.027379237115383145 -0.008275564759969711
v 0.0008445720304735004 0.0275666881352663 -0.008255653083324432
v 0.001202214742079377 0.027697350829839703 -0.00816972367465496
v 0.0014037047512829302 0.02759938314557075 -0.008112364448606968
v 0.0014160474529489873 0.026906844228506085 -0.008108559995889664
v 0.0016179436352103946 0.027304708957672116 -0.008042195811867714
v 0.0015491448575630782 0.02662774361670017 -0.008057858794927597
v 0.001402851310558617 0.026535188779234883 -0.008104079402983189
v 0.0011099010007455943 0.027704590931534764 -0.008193745277822018
v 0.001623069168999791 0.027291977778077122 -0.008040346205234528
v 0.0016352497041225431 0.027258986607193943 -0.008035892620682716
v 0.0016800796147435901 0.026984469965100285 -0.008017336018383503
v 0.0016788128996267913 0.026953393593430516 -0.008017400279641151
v 0.001611203886568546 0.02671168744564056 -0.008037861436605453
v 0.0008663439657539128 0.026383614167571064 -0.008091106079518795
v 0.0009934341069310901 0.02634383179247379 -0.008094990625977516
v 0.0011248193914070723 0.026300949975848194 -0.008060497231781483
v 0.0011062299599871037 0.02775391191244125 -0.00818933267146349
v 0.001069564721547067 0.02793663181364536 -0.0080818310379982
v 0.0009645302197895943 0.027973754331469532 -0.008015049621462822
v 0.0012153891148045657 0.027932088822126385 -0.00803349819034338
v 0.001202393672429025 0.027970917522907254 -0.007954230532050133
v 0.0009058073628693818 0.027903344482183453 -0.008121221326291561
v 0.0007593436166644095 0.02782429754734039 -0.008153491653501987
v 0.0007430864498019217 0.027884371578693386 -0.008063405752182007
v 0.0006429124623537063 0.02771217748522758 -0.008177046664059162
v 0.0005656551220454275 0.02771472185850143 -0.008096398785710335
v 0.000505900359712541 0.027441168203949925 -0.00820214580744505
v 0.00044597504893317813 0.02747063338756561 -0.008115701377391815
v 0.0004785590863320976 0.02729760482907295 -0.008206740953028202
v 0.0004072561278007924 0.02717693522572517 -0.008121301420032978
v 0.00047443446237593884 0.027153909206390377 -0.008207328617572784
v 0.0005283185746520757 0.026875333860516545 -0.008197683840990067
v 0.0008638064027763902 0.026417829096317288 -0.008127101697027683
v 0.000655130948871374 0.026536788791418072 -0.008092504926025867
v 0.0007522090454585849 0.026512494310736653 -0.008152637630701065
v 0.0006008916534483432 0.02659475244581699 -0.008088392205536366
v 0.0006589761469513177 0.026622695848345753 -0.008172417059540749
v 0.0005989384953863918 0.026597481220960614 -0.008088757283985615
v 0.00046030984958633775 0.026871580630540844 -0.008112890645861626
v 0.000992641085758805 0.027731455862522122 -0.008217045105993748
v 0.0008901591063477098 0.02767727896571159 -0.008240417577326298
v 0.000805850839242339 0.027597656473517414 -0.008258496411144733
v 0.0007006379310041665 0.027392430230975148 -0.008279574103653431
v 0.0006785498117096721 0.027278460562229153 -0.008283750154078007
v 0.0006751773180440067 0.027162214741110798 -0.008284292183816433
v 0.0007202145643532275 0.02693417854607105 -0.008275163359940052
v 0.000828599790111184 0.02672847174108028 -0.008251970633864403
v 0.0009045288315974175 0.026640463620424267 -0.008234566077589989
v 0.0009935101261362431 0.02656646631658077 -0.008212978020310402
v 0.0010940124047920106 0.02651024423539638 -0.008187086321413517
v 0.0011696728179231284 0.026402898132801052 -0.00813889130949974
v 0.0010441906051710246 0.026417661458253857 -0.008158649317920208
v 0.0009271735325455665 0.02648374810814857 -0.008188082836568356
v 0.0008253066916950046 0.02656922675669193 -0.008211943320930004
v 0.0007394795538857578 0.026669578626751896 -0.008230729959905148
v 0.0006182929500937461 0.026901399716734883 -0.008255166932940483
v 0.0005681586917489766 0.027157567441463467 -0.00826461985707283
v 0.0005719562177546321 0.027289090678095814 -0.00826405081897974
v 0.0005970440688543021 0.027419516816735264 -0.008259626105427742
v 0.0007202790002338587 0.027661275118589398 -0.008236238732933998
v 0.0008226865902543067 0.027758914977312085 -0.008215063251554966
v 0.0009498819126747547 0.027826875448226925 -0.008186682127416134
v 0.0010916385799646375 0.027855329215526577 -0.00815240852534771
v 0.0012190055567771194 0.027826828882098194 -0.008130203932523727
v 0.0008136260439641773 0.026374004781246182 -0.008044340647757053
v 0.0010288296034559605 0.026253845542669293 -0.007991566322743893
v 0.0011138626141473649 0.02622784301638603 -0.007968559861183167
v 0.0012449548812583087 0.026210311800241467 -0.007930826395750046
v 0.0013442359631881116 0.02630592882633209 -0.008013647980988026
v 0.001439716084860265 0.02623837627470493 -0.007869930006563663
v 0.0014414998004212973 0.02633223310112953 -0.007986553944647312
v 0.0016068372642621396 0.026329502463340756 -0.007813551463186741
v 0.0015662499936297534 0.026393298059701916 -0.007944860495626926
v 0.0017422877717763183 0.02648239210247993 -0.007765769958496094
v 0.0017222259193658827 0.026535684242844578 -0.0078774718567729
v 0.0018393214559182523 0.026763234287500378 -0.007798966486006975
v 0.001837350660935044 0.02670233696699142 -0.007732325233519077
v 0.0018740140367299316 0.026989895850419995 -0.007721997331827879
v 0.0018740027444437144 0.02700180001556873 -0.007736959494650364
v 0.0018718838691711424 0.027063617482781407 -0.0077238427475094795
v 0.001351998886093497 0.026374237611889836 -0.00807277113199234
v 0.0018597764428704975 0.027175176888704296 -0.007730008568614721
v 0.0018589153187349436 0.026982195675373074 -0.007830153219401836
v 0.0018034997629001734 0.02733655087649822 -0.00785505399107933
v 0.0017884958069771526 0.027378512546420094 -0.00786098837852478
v 0.0017755596200004218 0.027459498494863507 -0.007765358313918114
v 0.0015904766041785476 0.027702439576387402 -0.007932329550385475
v 0.0016265822341665623 0.027701580896973606 -0.00782146118581295
v 0.0015349485911428926 0.027757139876484867 -0.007950657047331333
v 0.0014239088632166383 0.02788072824478149 -0.007889270782470703
v 0.0013226355658844111 0.027891512960195538 -0.008015476167201996
v 0.0017231921665370462 0.02698377706110477 -0.007996954023838043
v 0.0016760407015681265 0.02727476321160793 -0.008016867563128471
v 0.0016632390907034276 0.02730961330235004 -0.008021635934710503
v 0.0014971714699640868 0.027575148269534108 -0.008078403770923615
v 0.001452138996683061 0.027618465945124623 -0.008092631585896015
v 0.001287730294279754 0.027720645070075985 -0.0081412922590971
v 0.0016824547201395033 0.026761323213577267 -0.00800865888595581
v 0.001605451223440468 0.026624122634530064 -0.008033780381083488
v 0.0014901900431141255 0.026523804292082783 -0.00807113479822874
v 0.0013492285506799815 0.02647452428936958 -0.008114956319332123
v 0.0017593988450244067 0.02672559209167957 -0.007940465584397316
v 0.0016678497195243833 0.02656060643494129 -0.00797118991613388
v 0.0015265207039192317 0.026436101645231243 -0.008017932996153831
v 0.0018074834952130912 0.026697365567088124 -0.007845794782042503
v 0.0013133308384567497 0.027815304696559903 -0.008094066753983498
v 0.0015048237983137367 0.027695260941982266 -0.00803629495203495
v 0.0015558251179754732 0.02764561958611011 -0.008019748143851757
v 0.0017401981167495249 0.02734761871397495 -0.00795471016317606
v 0.0017542638815939424 0.02730881609022617 -0.007949279621243477
v 0.001806178595870733 0.026982633396983143 -0.007926535792648792
v -0.00015571275434922424 0.02225486002862453 -0.00780505919829011
v -3.228589378068136e-07 0.022294793277978894 -0.007816256023943424
v -5.108024924993514e-05 0.02178450115025043 -0.007704390212893486
v 0.00015968551451805976 0.022252865135669705 -0.0078045036643743515
v 0.0003236970223952084 0.02210276015102863 -0.007763431407511234
v -0.00047993398038670415 0.02157047018408775 -0.007631312124431133
v -0.00045919933472760016 0.021778464317321774 -0.007680205628275871
v -0.0004202700802125036 0.02191662602126598 -0.007714704144746065
v -0.0003165476082358509 0.02211213111877441 -0.007765962276607752
v -0.00039440431282855565 0.02118122391402721 -0.007552021648734808
v -0.000415662711020559 0.02122811414301395 -0.007560564670711756
v -8.28286792966537e-05 0.021108884364366528 -0.007551966700702906
v -0.00024413436767645178 0.02098974213004112 -0.007520683575421572
v 0.0002502177376300096 0.020994454622268673 -0.0075213732197880745
v 8.021706162253393e-05 0.020909603685140606 -0.007509510964155197
v -9.343327110400422e-05 0.020912883803248402 -0.007509943097829819
v 0.00037857267307117576 0.022012693807482716 -0.0077395387925207615
v 0.00041027093539014453 0.021943308413028714 -0.007721529342234135
v 0.0004801993200089782 0.021570986136794087 -0.0076314168982207775
v 0.0004043405351694673 0.021201459690928456 -0.00755566218867898
v -1.8849110347218808e-05 0.022613290697336193 -0.007677537389099598
v 8.029689342947675e-05 0.022608101367950436 -0.007675769738852978
v 7.549131260020657e-05 0.022555915638804432 -0.007740570232272148
v 0.0004928078851662575 0.02197831869125366 -0.00770772946998477
v 0.0005680446629412471 0.021575987339019772 -0.007609339896589518
v 0.0007435614825226365 0.021623007953166958 -0.007401148788630962
v 0.0007115955813787876 0.021604364737868306 -0.007483735214918852
v 0.0006981072365306317 0.021970311179757115 -0.0074856337159872055
v 0.0006282933172769843 0.02205843292176723 -0.0075963023118674755
v 0.0006587111856788396 0.02209006436169147 -0.00751781091094017
v 0.0005834439070895313 0.02224624156951904 -0.00756200822070241
v 0.0004636210214812308 0.022335914894938465 -0.0076744407415390015
v 0.0004892232245765625 0.022377353161573407 -0.007601250894367695
v 0.0002631554962135851 0.02249594777822494 -0.0077222418040037155
v 0.0002089466870529577 0.022575987502932545 -0.007664883509278297
v 0.0002792468876577913 0.022544858977198597 -0.007654531858861446
v 0.00041537452489137644 0.022451659664511677 -0.007624403107911348
v -0.00012766980216838417 0.022599842399358746 -0.007672928739339113
v -0.00012002552102785556 0.022547958418726918 -0.00773813109844923
v -0.0002255349972983822 0.022569395601749417 -0.00766269164159894
v -0.0002944306179415434 0.022478519007563588 -0.0077169607393443584
v -0.00031228514853864903 0.022526603192090985 -0.007648511324077845
v -0.0004314308462198823 0.022437034174799916 -0.007619788870215416
v -0.00048166414489969606 0.02231422998011112 -0.007668116129934788
v -0.0005079486873000859 0.022354781627655026 -0.007594360038638115
v -0.0006404477753676473 0.022025162354111668 -0.007587397005409002
v -0.0007112160674296318 0.02160369791090488 -0.007483820430934429
v -0.0007433024584315716 0.021622365340590474 -0.007401024457067251
v -0.0007072037551552056 0.021933864802122113 -0.007476157043129206
v -0.0006711253081448375 0.022055791690945622 -0.00750846927985549
v -0.0005816021584905683 0.022248899564146992 -0.007562797516584396
v -0.0005675011198036372 0.02157540991902351 -0.007609345950186253
v -0.0005036601796746253 0.021949212998151776 -0.007700134534388781
v -0.00036561509477905924 0.022195970639586445 -0.007766821421682835
v -0.00021559016022365538 0.022325363010168072 -0.007803757209330797
v -8.61840962897986e-05 0.022376043722033497 -0.007818593643605709
v 0.0003506087814457714 0.022213682532310482 -0.007771790027618408
v 0.00019187194993719456 0.022338358685374256 -0.007807539775967598
v 5.4121523135108866e-05 0.02238168194890022 -0.007820254191756248
v -0.0006499795126728712 0.021586934104561802 -0.007558162789791822
v -0.0005820661317557095 0.021987523883581158 -0.0076561360619962215
v -0.0004319016588851809 0.022258078679442402 -0.007730746641755104
v -0.00026049592997878784 0.022407082840800282 -0.007774392608553171
v -0.00010543547978159039 0.022468296810984608 -0.007792794145643711
v 6.627447146456687e-05 0.022475235164165493 -0.007794893812388182
v 0.0002324608212802559 0.022422568872570988 -0.007779018022119999
v 0.0004151385801378637 0.022278027608990666 -0.007736478932201862
v 0.0005704465438611804 0.022018970921635624 -0.007664471864700317
v 0.0006504524499177932 0.02158756740391254 -0.007558096665889025
v 0.0007207739399746059 0.021378979086875912 -0.007350338157266378
v 0.0005290479166433214 0.02090472914278507 -0.007274610456079245
v 0.0005495274672284721 0.021010844036936756 -0.0073739406652748585
v 0.0005171209922991692 0.020971534773707386 -0.007377202156931162
v 0.00023043280816636977 0.020769206807017323 -0.0073966351337730885
v 0.00027342574321664864 0.020673798397183415 -0.007252108305692673
v 0.00019403072656132278 0.02075657434761524 -0.007398007903248072
v 0.00019528692064341155 0.0206390805542469 -0.007249799091368914
v -7.687318429816513e-05 0.02073128521442413 -0.007400820031762123
v -2.7598778729043255e-07 0.020604498684406277 -0.0072478256188333035
v -0.0001953155733644962 0.020757060497999188 -0.007397958543151617
v -0.00019436133152339605 0.020638829097151753 -0.007249786052852869
v -0.00023151459754444656 0.020769715309143063 -0.007396584842354059
v -0.00024492011289112264 0.020659726113080975 -0.007251137401908636
v -0.0003794717194978147 0.02084824629127979 -0.0073885004967451096
v -0.0005137334228493272 0.02088416181504726 -0.007272164337337017
v -0.000448834296548739 0.020902965217828747 -0.007383287418633699
v -0.0007205135188996791 0.02137896046042442 -0.007350350730121136
v -0.0005678235320374369 0.021035743877291676 -0.007371969986706972
v -0.0005300959455780684 0.020986992865800854 -0.007375914137810469
v -0.00022106010874267665 0.020787272602319714 -0.0074212211184203625
v -0.0006333424826152622 0.021175200119614598 -0.007398813497275114
v -0.000737451307941228 0.02149824611842632 -0.00737422052770853
v -0.0005754137528128921 0.02118262834846973 -0.007477213628590107
v -0.000414112233556807 0.020925737917423245 -0.0074378629215061665
v 0.00011338830518070607 0.020751565694808956 -0.007417476270347834
v -3.754819772439077e-05 0.020740663632750508 -0.007416381035000086
v 0.00028801319422200317 0.020822675898671147 -0.00742515129968524
v 0.0003989177930634468 0.020910035818815228 -0.0074357991106808186
v 0.0005529630579985677 0.02113050408661365 -0.007468376774340868
v 0.0006054766126908361 0.021157674491405484 -0.007429133635014296
v 0.0007066530524753033 0.021493604406714436 -0.007459783926606178
v 0.0007377343135885893 0.021498523652553555 -0.007374261040240526
v 0.0006455552647821604 0.02148240245878696 -0.007535273674875498
v 0.0005633083637803792 0.021477943286299702 -0.007587917614728212
v 0.00047715284745208914 0.021154567599296566 -0.007525202818214893
v 0.00033878526301123196 0.02095953933894634 -0.007494867313653231
v 0.00024244214000646022 0.020885044708847996 -0.007485059555619955
v 9.465921903029083e-05 0.02082596533000469 -0.00747805368155241
v -3.127356103505007e-05 0.020817043259739872 -0.007477059494704008
v -0.0001852896384662017 0.02085543982684612 -0.007481464184820652
v -0.00035215157549828286 0.02097312547266483 -0.007496775593608618
v -0.0004977984935976564 0.02120176143944263 -0.007533473894000053
v -0.0026860253419727083 0.02173718065023422 -0.006930089555680752
v -0.0027559045702219005 0.021933255717158314 -0.0069268555380403996
v -0.002314630895853042 0.022256935015320774 -0.007230827119201422
v -0.002762659220024943 0.022193226963281628 -0.006971862632781267
v -0.0026820458006113763 0.022519282996654507 -0.007079622708261013
v -0.002095060190185904 0.021765137091279026 -0.007235636468976736
v -0.002280413638800382 0.021626671776175495 -0.007121972739696503
v -0.002595003461465239 0.021640302613377568 -0.006962528917938471
v -0.002461235504597425 0.021590676158666607 -0.007024399936199188
v -0.0022513002622872587 0.022558620199561116 -0.007318979129195213
v -0.0026607401669025417 0.022569684311747547 -0.0071011316031217575
v -0.002439570147544145 0.02288977056741714 -0.007280909921973944
v -0.001892274711281061 0.022818498313426968 -0.007527760695666075
v -0.001856077113188803 0.022726183757185933 -0.007525821682065725
v -0.001825492945499718 0.02255100756883621 -0.007505365647375584
v -0.001992655918002128 0.02294925786554813 -0.007508191280066967
v -0.002110223518684506 0.023007212206721302 -0.007465299218893051
v -0.0022400128655135627 0.023004032671451565 -0.007402829825878143
v -0.0018263952806591985 0.02241028286516666 -0.00747793959453702
v -0.001904899952933192 0.022073004394769665 -0.007379306945949793
v -0.0019319528946653006 0.022010609507560727 -0.007355537731200457
v -0.0018066018819808958 0.021952332928776738 -0.007359934039413929
v -0.0017383103258907793 0.022399663925170895 -0.007495570927858353
v -0.0016146198613569138 0.02191303856670856 -0.007238480262458324
v -0.001680253189988434 0.021917674690484997 -0.007302588317543268
v -0.0015065708430483935 0.02225190587341785 -0.0073462496511638165
v -0.0015530115924775598 0.022397151216864582 -0.007444371003657579
v -0.0014863200485706327 0.022405648604035374 -0.007384061813354492
v -0.0019652748014777894 0.023245090618729588 -0.0074308025650680065
v -0.0018266161205247042 0.023244377225637432 -0.007408514153212309
v -0.0018263093661516903 0.023167520761489865 -0.007478490937501192
v -0.0016599640948697922 0.023092588409781453 -0.007449613884091377
v -0.0016947387484833596 0.023025274276733395 -0.007508046459406614
v -0.0015389805193990467 0.022863995283842083 -0.007453459315001965
v -0.0015918037388473747 0.022802857682108876 -0.00750772887840867
v -0.001526634790934622 0.02282531931996345 -0.007450713310390711
v -0.0014843526296317575 0.022576564922928807 -0.007418295368552208
v -0.002138142473995685 0.023274140432476994 -0.0073552364483475685
v -0.002027793554589152 0.0233183316886425 -0.007331460248678923
v -0.0019253989448770879 0.023292398080229756 -0.007373795844614506
v -0.002398397540673613 0.023232040926814076 -0.007128928788006306
v -0.0022161796223372217 0.023310100659728047 -0.007238198537379503
v -0.0021095816045999523 0.023323399946093556 -0.007293363567441702
v -0.0027893299702554937 0.022710213437676426 -0.0069028958678245544
v -0.0027810218743979927 0.02274253778159618 -0.006819356232881546
v -0.0027867234311997886 0.022716665640473362 -0.006904756184667349
v -0.002611372154206037 0.023033991456031796 -0.006973807234317064
v -0.0025507144164294 0.02307575941085815 -0.00710658123716712
v -0.0023345034569501872 0.023229327052831646 -0.0072496733628213406
v -0.002723380690440535 0.022615637630224224 -0.00705692358314991
v -0.0027215804439038034 0.022621694952249524 -0.0070587084628641605
v -0.0025071501731872554 0.022941879928112027 -0.007237504702061415
v -0.002324243541806936 0.023069590330123898 -0.007356198504567146
v -0.002173218177631497 0.023103561252355572 -0.007436603307723999
v -0.0017716060392558573 0.022748719900846478 -0.007549060974270105
v -0.001853570691309869 0.02292450331151485 -0.007547893561422825
v -0.00195050286129117 0.023028371855616566 -0.007525182794779539
v -0.0020489795133471485 0.023082850500941273 -0.007490945514291525
v -0.002770045073702931 0.022665586322546002 -0.006987425964325666
v -0.002767826663330197 0.02267190814018249 -0.006989200133830309
v -0.0025407513603568073 0.02301394939422607 -0.007181217893958092
v -0.0023387055844068523 0.023156128823757168 -0.007313830778002739
v -0.002161900512874126 0.023196129128336903 -0.007408509496599436
v -0.0020101168192923065 0.023170698434114453 -0.007474871817976236
v -0.001888717641122639 0.02310322970151901 -0.007516744080930948
v -0.001772120129317045 0.022977784276008602 -0.0075433882884681225
v -0.0016781477024778722 0.022775756195187565 -0.007543809711933136
v -0.0016416042344644664 0.022394767031073567 -0.007484820671379566
v -0.002915424760431051 0.022058857604861256 -0.006609593518078327
v -0.0028859595768153663 0.022387703880667683 -0.0066887568682432175
v -0.0029154242947697635 0.022125197574496266 -0.006692978087812662
v -0.0020673312246799465 0.021375728771090504 -0.006945458240807056
v -0.0019236224470660088 0.021553315222263333 -0.007114677224308252
v -0.0016960161738097666 0.021762846037745472 -0.00717724347487092
v -0.001983764814212918 0.021515812724828717 -0.007096011191606522
v -0.0028458354063332077 0.021627988666296002 -0.006575004197657108
v -0.0028832363896071907 0.02187149971723556 -0.006723465397953987
v -0.0028645994607359167 0.021811814978718754 -0.006735324393957853
v -0.0027809843886643644 0.021496506407856938 -0.006591194309294224
v -0.0027747952844947572 0.021639121696352955 -0.006784555036574602
v -0.002648305613547563 0.02135253511369228 -0.006643763743340969
v -0.0026783042121678586 0.02153564058244228 -0.006831043399870396
v -0.0026477463543415065 0.021512163802981373 -0.006845150608569384
v -0.002613663440570235 0.0213299598544836 -0.006659491453319788
v -0.0026120054535567756 0.021489059552550312 -0.006861377041786909
v -0.0025439234450459476 0.021455559879541394 -0.006891357712447643
v -0.0025312195066362615 0.0214505810290575 -0.006896790117025375
v -0.0023952452465891834 0.02127188071608543 -0.006767346058040857
v -0.0024065931793302293 0.021419392898678776 -0.00694670295342803
v -0.002305747708305716 0.02128006517887115 -0.0068143014796078205
v -0.002310308394953608 0.02141539007425308 -0.0069829910062253475
v -0.0021823176648467775 0.021434433758258816 -0.007029288914054632
v -0.0022416750434786077 0.02154600992798805 -0.0071092103607952595
v -0.002034533536061644 0.0216989554464817 -0.007233976852148771
v -0.001957552973181009 0.021644841879606243 -0.007208526134490967
v -0.002186015713959932 0.02147489972412586 -0.007072500418871641
v -0.002379884477704763 0.02142633870244026 -0.006968523841351271
v -0.0025347101036459203 0.021522678434848782 -0.006956814788281918
v -0.0026553333736956115 0.021592574194073674 -0.006904123816639185
v -0.0016535612521693108 0.021835407242178913 -0.007208129391074181
v -0.0018830253975465892 0.021608678624033924 -0.007157082203775644
v -0.00284424633719027 0.02256662398576736 -0.0067478930577635765
v -0.00287039834074676 0.022469835355877873 -0.006809253711253405
v -0.002912360010668635 0.022194398567080494 -0.0067324042320251465
v -0.00240931031294167 0.021504558622837063 -0.007018702570348978
v -0.0027447221800684925 0.0217011421918869 -0.0068736448884010315
v -0.0028134507592767473 0.0218744333833456 -0.006865687668323517
v -0.0028361571021378036 0.02215228788554668 -0.006903985980898142
v -0.0027982443571090694 0.02239800244569778 -0.006972505711019039
v -0.0027856579981744285 0.021666202694177624 -0.0067923543974757195
v -0.002864244859665632 0.021867055445909497 -0.006782811135053635
v -0.002888774266466498 0.022172750905156132 -0.006824514362961054
v -0.0028485478833317752 0.022435167804360386 -0.006897735875099897
v 0.0004193835775367915 0.024617733433842656 -0.008172722533345222
v 0.00026967102894559497 0.02441463433206081 -0.008161083795130253
v 0.0004838674503844231 0.02492938935756683 -0.00819896999746561
v 0.0001015487650875002 0.024325614795088765 -0.00815750565379858
v 0.00040755019290372724 0.025275429710745808 -0.00823892094194889
v -3.383332295925356e-05 0.024313764646649357 -0.008157111704349518
v 0.0003116420411970466 0.025422569364309307 -0.00825915765017271
v 0.00024208394461311397 0.025488669052720066 -0.008268875069916248
v 7.156127685448153e-05 0.02556965127587318 -0.008281330578029156
v -0.00021571315301116553 0.024375529959797856 -0.008159388788044453
v -0.00030799908563494677 0.024450790137052533 -0.00816282071173191
v -0.0003956571163143962 0.024570772424340245 -0.008169635199010372
v -0.00043252826435491437 0.024649633094668385 -0.00817496795207262
v -0.00020558705728035417 0.025244526565074917 -0.008251015096902847
v -0.00048361756489612157 0.024929612874984738 -0.008198999799787998
v -9.96532689896412e-05 0.025562707334756848 -0.008280239067971706
v -0.00025456314324401314 0.02547834254801273 -0.008267334662377834
v -0.00041423924267292017 0.025260467082262036 -0.008236979134380817
v 0.0005127597833052276 0.0252554714679718 -0.00821270514279604
v 0.0005715931183658539 0.02493173629045486 -0.008175295777618885
v 0.0007444918155670165 0.024953158572316166 -0.007959897629916668
v 0.0007136875647120177 0.02494469657540321 -0.008044926449656487
v 0.0006990066613070666 0.025272360071539875 -0.00799732469022274
v 0.0006470363005064427 0.025319717824459072 -0.008089429698884487
v 0.0005944603472016751 0.025511264801025387 -0.008033091202378273
v 0.0004913599113933741 0.0255894660949707 -0.008130219765007496
v 0.0005158190033398568 0.025620723143219944 -0.008051841519773006
v 0.0002784388198051601 0.025761950761079785 -0.008159888908267021
v 0.00029351850389502937 0.025801254436373707 -0.00808629672974348
v 0.0004385489446576684 0.025700479745864865 -0.008066480979323387
v -0.00014429492875933644 0.025857189670205113 -0.008097991347312927
v -1.0637366358423604e-05 0.025874013081192967 -0.008101651445031166
v 7.571609603473915e-05 0.025826310738921162 -0.008171618916094303
v 7.995920168468727e-05 0.025869024917483326 -0.008100549690425396
v 0.00022428734519053248 0.025832429528236386 -0.008092752657830715
v -0.00013665662845596668 0.025815039873123165 -0.008169540204107761
v -0.0003269359876867383 0.025733830407261845 -0.00815487839281559
v -0.00024299971119035033 0.02582481130957603 -0.008091169409453869
v -0.0004020894994027912 0.025678535923361775 -0.008145219646394253
v -0.00045424400013871486 0.025685772299766537 -0.008063728921115398
v -0.0005851289606653153 0.025453364476561543 -0.008108762092888355
v -0.0006237036432139574 0.025458978489041325 -0.008024695329368114
v -0.0007012111600488423 0.025108313187956807 -0.008062571287155151
v -0.0007261002901941537 0.025157682597637173 -0.007982512935996056
v -0.0007134167244657873 0.024944970384240147 -0.008045011200010777
v -0.0007442481582984327 0.024953447282314297 -0.007959941402077675
v -0.0005605084006674587 0.025073412805795666 -0.00819039810448885
v -0.0005713305436074733 0.02493197843432426 -0.008175337687134743
v -0.00045900177792645985 0.025368656963109967 -0.008228224702179432
v -0.0003067251527681946 0.025552108883857724 -0.00825600977987051
v -0.0002470235049258917 0.025594970211386677 -0.008262979798018932
v 0.00037978010368533427 0.025480994954705235 -0.008244841359555721
v 0.00020932022016495464 0.02561632916331291 -0.008266519755125046
v 5.618538125418126e-05 0.025663925334811207 -0.008274594321846962
v -0.00010156606731470673 0.02565572969615459 -0.008273185230791569
v -0.0006532093975692986 0.024937314912676808 -0.008121869526803493
v -0.0006415735697373747 0.02509113401174545 -0.008138351142406464
v -0.0005314917652867733 0.025414517149329182 -0.00818092655390501
v -0.0003613631997723132 0.02562148496508598 -0.008213628083467484
v -0.0002927644236478954 0.025671338662505146 -0.008222121745347977
v -0.00012162332131993024 0.02574360556900501 -0.008234846405684948
v 6.734789349138735e-05 0.025753527879714962 -0.008236635476350784
v 0.00024886592291295523 0.025696506723761555 -0.008226492442190647
v 0.00044379520113579923 0.02554025314748287 -0.00820028968155384
v 0.000590031559113413 0.025289777666330334 -0.008163241669535637
v 0.0006534783169627189 0.024937050417065617 -0.008121808990836143
v 0.00035248167114332313 0.024123273789882656 -0.007915312424302101
v 0.0004389967361930757 0.024272138252854344 -0.00801586639136076
v 0.0005987868644297122 0.024397378787398335 -0.00792204774916172
v 0.0006089150556363164 0.024461660534143444 -0.007980776019394398
v 0.0006107426015660166 0.02441889978945255 -0.007922924123704433
v 0.000718669150955975 0.024714011698961254 -0.007939600385725498
v -2.9371845812420357e-05 0.024115459993481633 -0.008045781403779984
v 0.00021164816280361262 0.024148300290107724 -0.008039060048758984
v 0.0003442181623540818 0.02420728467404842 -0.008027884177863598
v 6.737041985616087e-05 0.024014649912714955 -0.007915172725915909
v -4.982356927030195e-07 0.024010818451642987 -0.00791520532220602
v -0.0002666337240952998 0.024168442934751507 -0.008034544065594673
v -0.00021930973161943254 0.024052621796727177 -0.007915033958852291
v -0.00034392674569971854 0.02420665882527828 -0.008027098141610622
v -0.0003468497889116406 0.02411961182951927 -0.007915287278592587
v -0.0004841274349018931 0.024311060085892674 -0.008007819764316082
v -0.000499738729558885 0.02425657398998737 -0.00791754201054573
v -0.0007184098940342664 0.024713961407542225 -0.007939609698951244
v -0.0006490731611847876 0.0245323684066534 -0.007969314232468605
v -0.0006106488872319459 0.0244651548564434 -0.007980750873684883
v 0.0007379280868917703 0.024831594899296757 -0.007948735728859901
v 0.0006578926695510744 0.024605600163340565 -0.008017460815608501
v 0.0005254687275737523 0.024389337748289105 -0.008038386702537537
v -0.0007376961293630301 0.024831667542457577 -0.007948755286633968
v -0.0006490227533504366 0.024581665173172947 -0.00801599957048893
v 0.0004727745545096695 0.024384399875998494 -0.008083434775471687
v 0.0003197178593836724 0.024242395535111424 -0.00807905662804842
v 0.00013543764362111685 0.024160362780094143 -0.008077597245573997
v -0.0003732684708666056 0.02439295873045921 -0.008137230761349201
v -0.0005149864009581505 0.024621149525046345 -0.008149487897753716
v -6.688667053822427e-05 0.024147756397724148 -0.008077450096607208
v -0.00025889390963129694 0.024206869304180142 -0.008078329265117645
v -0.0004345573543105274 0.024340346455574032 -0.008081842213869095
v -0.000592114112805575 0.024596836417913433 -0.008094247430562973
v 0.0005226940265856682 0.024641299620270726 -0.008150838315486908
v -0.0002201607567258179 0.024278014898300167 -0.008133375085890293
v -5.657047222484834e-05 0.024228272959589955 -0.008132237009704113
v 0.00011473275662865488 0.024238815531134602 -0.008132444694638252
v 0.0002727219543885439 0.024308273568749424 -0.008134225383400917
v 0.00040724343853071327 0.024431556463241574 -0.008138877339661121
v 0.0006005066679790615 0.024619122967123982 -0.00809565931558609
v -0.0012041821610182522 0.027697399258613583 -0.008169149048626423
v -0.0010784527985379098 0.027701439335942265 -0.0082016009837389
v -0.0011420616647228596 0.027106469497084614 -0.008190259337425232
v -0.0007259805570356547 0.027208212763071057 -0.008279949426651001
v -0.0008062536362558602 0.026863336563110348 -0.00826276745647192
v -0.0009180483757518231 0.027634777128696438 -0.008239535614848137
v -0.0007784803747199475 0.027456231415271756 -0.008269501850008965
v -0.0014017167268320916 0.026942661032080647 -0.00811360776424408
v -0.0016449512913823126 0.026779558509588238 -0.00802694819867611
v -0.0016822993056848643 0.026991110295057293 -0.008016525767743587
v -0.0015277264174073932 0.026605162769556042 -0.008064632304012775
v -0.0013716095127165315 0.026526020839810368 -0.008113592863082886
v -0.0012063137255609033 0.026526592671871182 -0.008162158541381359
v -0.0016363062895834444 0.027261907234787938 -0.008035455830395222
v -0.0015925458865240214 0.027364483103156086 -0.008051128126680851
v -0.0014925979776307938 0.02751500718295574 -0.0080845532938838
v -0.0009930233936756847 0.026630243286490437 -0.008218943141400814
v -0.001386952702887356 0.02761377766728401 -0.008117342367768288
v -0.0018760011298581956 0.027001911774277684 -0.007736087776720524
v -0.001876009511761367 0.02698995359241962 -0.00772105623036623
v -0.0018754587508738039 0.0270328763872385 -0.007729395292699337
v -0.001873844885267317 0.02706401795148849 -0.007722922600805759
v -0.0012464328901842234 0.026472238823771473 -0.008145255967974663
v -0.0011423653922975061 0.0262989979237318 -0.00805714726448059
v -0.001171946758404374 0.02640283294022083 -0.008138212375342846
v -0.0011270749382674692 0.026300923898816105 -0.008059862069785595
v -0.001225736574269831 0.026371357962489125 -0.008110024966299534
v -0.001238466124050319 0.02796283736824989 -0.007944053038954735
v -0.0012042548041790722 0.027970967814326283 -0.007953662425279617
v -0.0012172909919172523 0.02793210186064243 -0.008032983168959618
v -0.001455692574381828 0.02786128036677837 -0.007878764532506466
v -0.0014029135927557943 0.027853835374116894 -0.007991796359419823
v -0.0016243800055235622 0.027666073292493817 -0.007920721545815468
v -0.001661407761275768 0.027659637853503224 -0.007808773312717676
v -0.0018013257067650554 0.027348767966032025 -0.007855836302042007
v -0.0018112856196239588 0.027374397963285443 -0.007751008030027151
v -0.0018042273586615918 0.027340315282344815 -0.007854679599404335
v -0.0018603804055601356 0.02696205116808414 -0.007829182781279087
v -0.0018311807652935384 0.026765596121549603 -0.00783766433596611
v -0.0018426827155053613 0.026767099276185032 -0.0077962568029761314
v -0.001734347199089825 0.026548508554697033 -0.007870974950492382
v -0.0018204293446615336 0.02670311369001865 -0.007815848104655743
v -0.001840540557168424 0.02676002867519855 -0.007798344828188419
v -0.0012294378830119965 0.026294220238924023 -0.008039911277592182
v -0.001353917410597205 0.026306731626391407 -0.008010176941752434
v -0.0014070557663217185 0.026385109871625897 -0.008055794052779675
v -0.001570874825119972 0.026394663378596302 -0.007942883297801018
v -0.001555155962705612 0.026452787220478054 -0.008008498698472977
v -0.001725954934954643 0.02653747238218784 -0.007875439710915089
v -0.0016932354774326084 0.026592243462800976 -0.007962487637996674
v -0.0013942441437393425 0.02648321539163589 -0.008101160638034344
v -0.0015137832378968594 0.026537120342254635 -0.00806348118931055
v -0.0013489336706697939 0.02769277989864349 -0.00812368094921112
v -0.001525448285974562 0.027545969933271405 -0.008069166913628578
v -0.0016745515167713163 0.0272848829627037 -0.008017368614673615
v -0.001677026506513357 0.02727786265313625 -0.008016440086066723
v -0.001724834321066737 0.026967566460371014 -0.007996044121682644
v -0.001701464527286589 0.026813190430402752 -0.008002450689673424
v -0.0016269186744466422 0.026650017127394673 -0.008026602678000927
v -0.0017810643184930084 0.026786522939801213 -0.007933174259960651
v -0.0018077328568324445 0.026964241638779637 -0.007925588637590408
v -0.001755111035890877 0.027312284335494038 -0.007948880083858967
v -0.0017523892456665633 0.02732009999454021 -0.007949938997626305
v -0.0015873232623562215 0.027612449601292607 -0.008009166456758976
v -0.0013853018172085283 0.027781996876001355 -0.008073036558926105
v -0.0012209449196234343 0.02782679535448551 -0.008129671216011047
v -0.0017328844405710695 0.02654655277729034 -0.007871760055422783
v -0.0018343885894864795 0.026684504002332684 -0.007733075879514217
v -0.001820688717998564 0.02664176747202873 -0.007737802341580391
v -0.001722704619169235 0.026450101286172863 -0.007772572338581085
v -0.0015869863564148543 0.026312716305255886 -0.00782029703259468
v -0.0015559666790068147 0.026291886344552037 -0.00783095508813858
v -0.0011398135684430597 0.026222620159387585 -0.007961283437907696
v -0.0012289345031604169 0.0262110810726881 -0.007935539819300175
v -0.0013450400438159702 0.026215616613626477 -0.007900157943367958
v -0.001047729863785207 0.026316042989492413 -0.008072267286479473
v -0.000917336088605225 0.026306925341486927 -0.008019914850592613
v -0.0008456226787529885 0.026395866647362706 -0.008091889321804047
v -0.0007996069034561514 0.026423351839184758 -0.008093715645372868
v -0.0006997062009759246 0.026477986946702 -0.008069023489952087
v -0.0006033488898538052 0.026594355702400204 -0.00808799546211958
v -0.0011611385270953176 0.027753202244639393 -0.008175166323781013
v -0.0009900283766910432 0.02644560299813747 -0.008172471076250076
v -0.0007059273775666951 0.026565233245491978 -0.00816258229315281
v -0.000932972237933427 0.026375273242592808 -0.008110188879072666
v -0.0004521762602962553 0.026904318481683728 -0.008114288561046124
v -0.0005868852022103964 0.026617975905537602 -0.00809105858206749
v -0.0005502785788848995 0.026822699233889576 -0.008193609304726124
v -0.0004933116142638027 0.027013313025236126 -0.008203956298530102
v -0.0004091735754627734 0.02721406891942024 -0.008121063001453876
v -0.000489256577566266 0.027359358966350552 -0.008204931393265724
v -0.0004236221138853579 0.027367729693651196 -0.00811899546533823
v -0.0005787115078419446 0.02761421166360378 -0.008189129643142223
v -0.0005182062741369008 0.027637550607323643 -0.008104359731078148
v -0.0004585236019920557 0.027503477409482 -0.008113756775856018
v -0.0008961467538028954 0.027956530451774594 -0.008029768243432045
v -0.0007691401406191288 0.027899723500013348 -0.00805729627609253
v -0.0007421877235174178 0.027809755876660344 -0.008156993426382542
v -0.0006928275106474756 0.02784681878983974 -0.00807273481041193
v -0.0005812020390294491 0.02773274295032024 -0.008093624375760555
v -0.000931221933569759 0.02791153639554977 -0.008115217089653015
v -0.001146738533861935 0.027935530990362164 -0.008061857894062996
v -0.000999256153590977 0.027979360893368718 -0.008005823940038681
v -0.0010108868591487406 0.027737064287066456 -0.00821267906576395
v -0.0008785587269812821 0.027667241171002385 -0.008242943324148655
v -0.0007580114761367439 0.027525402605533596 -0.00826829019933939
v -0.000687641673721373 0.027327859774231907 -0.00828205980360508
v -0.0006912779645062982 0.027047341689467427 -0.008281072601675987
v -0.0007389044039882718 0.026891075074672696 -0.00827132910490036
v -0.0008674183045513927 0.02668236196041107 -0.00824319664388895
v -0.0010480592027306555 0.026533845812082287 -0.008199097588658333
v -0.0011590647045522926 0.027854410931468006 -0.008134979754686356
v -0.000972159788943827 0.027833931148052212 -0.008181394077837467
v -0.0008079618564806877 0.027746392413973805 -0.00821814127266407
v -0.0006631874130107461 0.02757475338876247 -0.008247341960668564
v -0.0005819647922180592 0.02734536305069923 -0.008262290619313717
v -0.0005858544027432798 0.027028374373912808 -0.008261306211352348
v -0.0006388658075593411 0.02685298770666122 -0.008251186460256577
v -0.0007829587557353078 0.026617145165801045 -0.00822133757174015
v -0.000728763872757554 0.03015024214982986 -0.008044064976274967
v -0.0007458633626811205 0.029913786798715588 -0.008081010542809963
v -0.001200952799990773 0.029999371618032452 -0.007968696765601635
v -0.0008903130656108259 0.029655586928129193 -0.008092895150184631
v -0.0009547682129777967 0.029594589024782177 -0.0080879470333457
v -0.0011996307875961063 0.030515963211655613 -0.007872541435062885
v -0.0011491717305034397 0.030521750450134274 -0.007884318940341473
v -0.0009601370547898113 0.030485294759273526 -0.007935937494039536
v -0.0008091864292509853 0.03035713359713554 -0.007991536520421505
v -0.0016759514110162852 0.029926383867859837 -0.007832075469195843
v -0.0015876422403380273 0.03022265993058681 -0.007812770083546638
v -0.0014125466113910077 0.030421907082200047 -0.007831308990716934
v -0.001162532018497586 0.029485281556844708 -0.008053363300859928
v -0.0012026281328871844 0.02947604469954967 -0.008044054731726646
v -0.0013243897119536994 0.029469981789588925 -0.00801096297800541
v -0.0015073143877089021 0.02953621372580528 -0.007945961318910122
v -0.0016308375634253023 0.02968482486903667 -0.007883989252150059
v -0.0018743827240541575 0.02989907748997211 -0.007541887927800417
v -0.0018756000790745018 0.029856471344828602 -0.007556832395493984
v -0.0018752936739474533 0.029874535277485844 -0.0075453235767781734
v -0.0018755998462438581 0.0298501830548048 -0.007548926398158073
v 0.0018741048406809566 0.029877342283725735 -0.007549903821200132
v 0.0018732029711827634 0.029898658394813534 -0.007542498409748077
v 0.0018744278931990264 0.029849847778677937 -0.0075495135970413685
v 0.0013468689285218713 0.029211791232228276 -0.007897752337157726
v 0.0015595796285197137 0.029290169477462765 -0.007826895453035831
v 0.0016320076538249848 0.029278986155986782 -0.007720119319856167
v 0.0007280006539076566 0.029360137879848477 -0.007956421002745628
v 0.0008633201359771191 0.029280386865139004 -0.007962857373058796
v 0.0009681989904493092 0.029211549088358876 -0.007925569079816341
v 0.0009790058247745035 0.02923553809523582 -0.007958943024277687
v 0.0012243471574038265 0.029151897877454754 -0.007866809144616127
v 0.0011252237018197773 0.029204970225691792 -0.007943403907120228
v 0.0013398702722042797 0.02915612608194351 -0.007832306437194347
v 0.001424435176886618 0.02917348593473434 -0.007803724613040686
v 0.0015777997905388472 0.029301194474101063 -0.007819215767085552
v 0.0016512421425431965 0.02935489825904369 -0.007784583140164614
v 0.0017783724470064042 0.029455421492457386 -0.007643082644790411
v 0.0017383028753101824 0.029445448890328404 -0.0077329580672085285
v 0.0018400410190224645 0.02960315719246864 -0.007599068805575371
v 0.001836540759541094 0.029626511037349697 -0.007646487560123205
v 0.0018630422418937085 0.029703946784138676 -0.00757569307461381
v 0.0018744048429653046 0.029856123030185696 -0.007557407487183809
v 0.0015653774607926605 0.030256843194365498 -0.007814079523086548
v 0.001669215387664735 0.02998353540897369 -0.007825409062206745
v 0.0013863437343388794 0.029871847480535504 -0.007936687208712101
v 0.0016499877674505112 0.029735526069998738 -0.007870092056691647
v 0.0015509736258536575 0.02957362867891788 -0.00792661402374506
v 0.000912944902665913 0.02963067404925823 -0.008091798052191734
v 0.0010352045064792035 0.029537916183471676 -0.008077653124928474
v 0.0012011913349851964 0.029475890100002285 -0.008044489659368992
v 0.001406310708262026 0.029486598446965214 -0.007984417490661144
v 0.001014283508993685 0.030131369829177853 -0.007991782389581203
v 0.0008256583241745828 0.029736595228314396 -0.008093848824501038
v 0.0007289843051694332 0.02998510934412479 -0.008072313852608204
v 0.0009993246058002112 0.030501540750265118 -0.007924072444438934
v 0.0011985242599621413 0.0305157545953989 -0.007872908376157284
v 0.0008491671178489922 0.03040634840726852 -0.007974402979016304
v 0.0007481508655473589 0.030238082632422444 -0.008024909533560276
v 0.001348493038676679 0.030462089926004406 -0.007842383347451687
v 0.0017247968353331087 0.029436090961098667 -0.007750627584755421
v 0.001827501459047198 0.029633518308401104 -0.007685767952352762
v 0.0018629634287208317 0.029889913275837895 -0.007634307723492384
v 0.0018141791224479673 0.030157625675201413 -0.007608993910253048
v 0.0018156119622290132 0.03017896972596645 -0.007518967147916555
v 0.0017604780150577424 0.030283804982900616 -0.007606517523527145
v 0.0016737409168854354 0.030437337234616276 -0.0075243087485432625
v 0.001561914919875562 0.030543044209480282 -0.0076257516629993916
v 0.001587898004800081 0.03053379617631435 -0.007535326294600964
v 0.0015459737041965125 0.030557008460164067 -0.0076281484216451645
v 0.0013633025810122488 0.03069118224084377 -0.007574725896120071
v 0.0013172783656045792 0.030693423002958294 -0.007669678423553705
v 0.001196056371554732 0.030727094039320942 -0.007695116102695465
v 0.0011816645273938773 0.03074943087995052 -0.007613534573465586
v 0.0013016597367823122 0.030573073774576184 -0.00781851913779974
v 0.0012057712301611898 0.030599446967244145 -0.007839029654860497
v 0.0014876266941428182 0.030463296920061108 -0.0077853016555309296
v 0.0015008396003395317 0.030451878905296322 -0.007783370092511177
v 0.0016676728846505282 0.03023712523281574 -0.0077680484391748905
v 0.0017132677603513 0.030131878331303593 -0.007770355325192213
v 0.0017546317540109155 0.029910402372479435 -0.007791560143232346
v 0.0017260082531720398 0.029703758656978604 -0.007832901552319527
v 0.001644849427975714 0.0295497253537178 -0.00788319855928421
v 0.0015168951358646152 0.029438400641083714 -0.00794108584523201
v 0.0013594857882708309 0.02938352711498737 -0.007997190579771996
v 0.0011846077395603059 0.029387081041932103 -0.008045859634876251
v 0.001133078010752797 0.02922183275222778 -0.00796266458928585
v 0.0013558258069679139 0.0292176641523838 -0.007900458760559559
v 0.0012052173260599373 0.030674837529659268 -0.00777705991640687
v 0.0013155388878658412 0.030644258484244343 -0.007753639481961727
v 0.0015259841457009313 0.0305193867534399 -0.007715641520917416
v 0.0015407619066536424 0.03050652705132961 -0.007713439874351025
v 0.00172587763518095 0.030266540125012394 -0.007695820182561874
v 0.0017761583440005777 0.030149430036544796 -0.0076981959864497185
v 0.0018218230688944457 0.029901774600148198 -0.00772169791162014
v 0.0017893158365041015 0.02966704964637756 -0.00776875764131546
v 0.0016958819469437 0.0294885728508234 -0.007827301509678364
v 0.0015466989716514943 0.029357727617025372 -0.00789556559175253
v 0.0013629219029098747 0.029293010011315342 -0.007961628027260303
v 0.0011607282795011995 0.029296949505805966 -0.008018013089895248
v 0.0010362651664763687 0.030600225552916523 -0.007880781777203083
v 0.0010078297927975652 0.030675539746880528 -0.007825623266398907
v 0.000977667514234781 0.030727695673704144 -0.007748813834041357
v 0.0006529265665449201 0.030608406290411946 -0.007758422289043665
v 0.0007420964539051055 0.030672283843159672 -0.007729267235845327
v 0.0007550232694484292 0.030639586970210072 -0.007814191281795502
v 0.0009693559841252862 0.030752932652831074 -0.0076651182025671005
v 0.0006209210259839891 0.03057925589382648 -0.0077697210945189
v 0.000590139185078442 0.03048082441091537 -0.007875668816268444
v 0.0005436633364297449 0.030489077791571614 -0.007800014689564705
v 0.0004899692139588295 0.03027313761413097 -0.007930813357234001
v 0.00047593054478056723 0.03037156723439693 -0.007832719944417477
v 0.00040969479596242303 0.03011192940175533 -0.00788918137550354
v 0.00046225992264226074 0.02999598905444145 -0.007983678951859474
v 0.00040963108767755324 0.029980828985571858 -0.007911788299679756
v 0.0005461227847263216 0.029570976272225376 -0.007957389578223228
v 0.0005404837429523467 0.02970021031796932 -0.008019567467272282
v 0.0004908781265839933 0.029672728851437565 -0.007950304076075554
v 0.0004338542057666927 0.0298332292586565 -0.007932977750897408
v 0.0007197317318059503 0.02944463305175304 -0.008025934919714928
v 0.0009564175270497798 0.029278453439474102 -0.007998433895409107
v 0.0008072786149568855 0.030596828088164326 -0.007884676568210125
v 0.0008650244562886654 0.03053360246121883 -0.007931504398584366
v 0.0006579523324035107 0.030454022809863087 -0.007940568029880524
v 0.0007364109042100607 0.030411453917622563 -0.007980038411915302
v 0.0005663070478476583 0.030265234410762783 -0.007991139777004719
v 0.0006561973132193087 0.03024720028042793 -0.008024594746530056
v 0.0005407659919001161 0.03001063875854015 -0.008039810694754124
v 0.0006335781654343008 0.030021978542208668 -0.008067785762250423
v 0.000613680516835302 0.029737256467342373 -0.008072471246123314
v 0.0006991857080720364 0.029777823016047474 -0.008096315898001194
v 0.0007804541965015231 0.02950114011764526 -0.008077399805188179
v 0.0008488857420161365 0.029567109420895573 -0.00809954758733511
v 0.0009990802500396965 0.0293485764414072 -0.008051271550357342
v 0.0010430465918034313 0.029432291164994236 -0.008075439371168613
v 0.0036096023395657535 0.030196681618690487 -0.0066067990846931934
v 0.003554074792191386 0.030455697327852246 -0.006605938076972961
v 0.0037346417084336276 0.030546410009264943 -0.006399930454790592
v 0.003996653947979211 0.030060136690735813 -0.006204643286764622
v 0.0039458833634853354 0.029958451166748997 -0.006289119366556406
v 0.003825481748208403 0.02989762462675571 -0.006439810618758202
v 0.0038515082560479637 0.03064053691923618 -0.006239007227122784
v 0.003955488558858632 0.030421482399106022 -0.006169440224766731
v 0.00400509126484394 0.030205108225345608 -0.006160281132906675
v 0.003663295647129416 0.029917547479271885 -0.006605529226362705
v 0.0034779680427163835 0.030771220102906224 -0.006602207664400339
v 0.003401720896363258 0.031042601913213726 -0.006595424376428127
v 0.0034224563278257842 0.031036088243126866 -0.006578356493264437
v 0.0034430800005793567 0.031028576195240017 -0.006561353802680969
v 0.0037042379844933744 0.03083824925124645 -0.006351334508508444
v 0.003486363915726542 0.031009159982204434 -0.006525775883346796
v 0.0034184479154646392 0.031116954982280728 -0.006537402048707008
v 0.0034328617621213193 0.03114637918770313 -0.006488224491477013
v 0.0033517661504447456 0.031237196177244183 -0.006402096711099148
v 0.003292710287496447 0.03125937283039092 -0.006336339749395847
v 0.003310098778456449 0.031252946704626076 -0.0063217198476195335
v 0.0033941811416298147 0.03118876181542873 -0.006475657224655151
v 0.0033795852214097972 0.031225971877574917 -0.006381931249052286
v 0.0033271797001361843 0.03124601952731609 -0.006307330448180437
v 0.003324660006910562 0.031246203929185864 -0.00642478046938777
v 0.003272407921031117 0.03126607090234756 -0.006353436037898064
v 0.003368627047166228 0.03119709156453609 -0.006496976595371962
v 0.0033951692748814817 0.031124399974942204 -0.006556714419275522
v 0.0035508172586560245 0.031099842861294743 -0.006121416576206684
v 0.00359529023990035 0.031227743253111836 -0.006012301426380873
v 0.0037571587599813934 0.030859859660267826 -0.005954037886112928
v 0.00334613281302154 0.031399678438901894 -0.00622115982696414
v 0.0033989166840910907 0.0315539501607418 -0.006089290138334036
v 0.0033316703047603364 0.031244099140167233 -0.006303553003817797
v -0.0031768223270773883 0.032681800425052636 -0.002221897477284074
v -0.0032648036722093816 0.032293524593114846 -0.002068399218842387
v -0.0029992845375090833 0.03240669518709182 -0.0019302276195958257
v -0.003089220961555838 0.03298800811171531 -0.0023515471257269382
v -0.002929463749751448 0.03283440321683883 -0.002125628525391221
v -0.0028808282222598787 0.033182337880134576 -0.002324066823348403
v -0.002637848956510424 0.032947890460491173 -0.0020134360529482365
v -0.002613779623061418 0.033391602337360375 -0.002294880338013172
v -0.002672125585377216 0.03256689757108688 -0.001819145050831139
v -6.60795467410935e-06 0.033259700983762734 -0.0015369325410574675
v 2.6770511141194217e-08 0.033259719610214226 -0.0015369363827630877
v 3.1498121444428755e-08 0.03380244597792625 -0.0018508384237065911
v -0.0005952650099061428 0.03321954607963561 -0.0015471770893782377
v -0.0014527845196425913 0.03356336057186126 -0.0019038496538996696
v -0.0012854179367423055 0.03308614715933799 -0.0015891306102275848
v -0.002100489335134625 0.03330395743250846 -0.0019681500270962715
v -0.0020023272372782226 0.03285755962133407 -0.001676071435213089
v -0.0022503410000354047 0.033629395067691796 -0.002258996246382594
v -0.0017133107176050542 0.033903405070304864 -0.0022194806952029467
v -0.0014506686711683867 0.0340074598789215 -0.0022057676687836647
v 3.145958160644113e-08 0.03427723422646522 -0.0021772996988147497
v -0.0007348076323978602 0.03373941406607627 -0.0018640926573425531
v -0.0005949165788479148 0.03422929346561431 -0.0021810801699757576
v -0.0011813682503998277 0.03409666568040847 -0.002195369452238083
v -0.0021032395306974645 0.034053709357976907 -0.0025360193103551865
v -0.002631596522405743 0.03365230187773704 -0.002524047624319792
v -0.002678232733160257 0.03387587144970893 -0.0028121343348175287
v -0.002195048844441771 0.03426139429211616 -0.0028347736224532127
v -0.0016435398720204828 0.03457842767238616 -0.002845130395144224
v -0.0014548418112099169 0.03437522053718566 -0.0025222243275493383
v -0.0014637779677286742 0.0346587486565113 -0.002847071038559079
v -0.0011117258109152315 0.03478743135929107 -0.0028495891019701958
v -0.0007358957664109765 0.03458640724420547 -0.0025118167977780104
v -0.0007389172678813337 0.03488485142588615 -0.0028509378898888826
v -0.0005068362224847077 0.03492592275142669 -0.0028513220604509115
v 3.186666930332648e-08 0.034660261124372475 -0.0025078230537474155
v 3.823772587452367e-08 0.03496298193931579 -0.002851516706869006
v -0.002932320581749081 0.03338779136538505 -0.0025417415890842676
v -0.003179560881108045 0.033069614320993417 -0.002513740910217166
v -0.002996970899403095 0.033533871173858636 -0.002776180859655142
v -0.0032697860151529308 0.03314294293522834 -0.0027108772192150354
v -0.005571982357650994 0.02032792009413242 -0.0009744790149852633
v -0.0054667023941874495 0.021593155339360234 -0.0013312961673364043
v -0.005576363299041986 0.02030357532203197 -0.0010895219165831804
v -0.005488007329404353 0.021365988999605175 -0.0013658807147294283
v -0.005342296324670314 0.02302412316203117 -0.0017875623889267445
v -0.005227336194366216 0.02447119168937206 -0.002190124476328492
v -0.0053440993651747695 0.023005442693829533 -0.0018532281974330544
v -0.005236515775322913 0.024353269487619397 -0.002218512585386634
v -0.004764663521200418 0.029218552634119984 -0.0032797108869999647
v -0.004825687035918235 0.028754021972417828 -0.0032469863072037697
v -0.004863996990025043 0.028438003733754155 -0.0031798998825252056
v -0.004939889535307883 0.027754142880439755 -0.002967878244817257
v -0.005025838036090135 0.026885583996772763 -0.0028308997862040997
v -0.005186117719858884 0.025000462308526036 -0.002382108476012945
v -0.0044881091453135005 0.030741089954972264 -0.003489401191473007
v -0.004488511011004447 0.030730448663234707 -0.0035891500301659107
v -0.004532500635832547 0.03054457530379295 -0.003484320128336549
v -0.004654412623494863 0.029913762584328648 -0.0034687789157032967
v -0.0047655152156949035 0.0292071308940649 -0.0033389716409146786
v -0.004780913703143596 0.029063779860734936 -0.0031367563642561436
v -0.004756805021315812 0.029238699004054066 -0.0031706111039966345
v -0.0046405396424233905 0.02997241541743278 -0.003297070972621441
v -0.004481187090277671 0.030750192701816555 -0.003389828372746706
v -0.004923677537590264 0.027852067723870274 -0.0028750651981681585
v -0.0051409928128123275 0.02548589929938316 -0.0023277467116713524
v -0.005270936992019414 0.023826044052839276 -0.001903603901155293
v -0.005474014207720756 0.021386168897151944 -0.0011394269531592727
v -0.005558416713029145 0.020351454615592953 -0.0008599850116297603
v -0.005844188854098319 0.016556801274418827 -0.0023537492379546165
v -0.006051917560398578 0.014346014708280562 -0.002408656058833003
v -0.00584418699145317 0.016825916245579716 -0.0012369707692414522
v -0.006051932461559772 0.014575344510376452 -0.0014566832687705755
v -0.006052444223314523 0.014569726772606371 -0.001386122195981443
v -0.006049625109881162 0.014563798904418944 -0.0013156638015061617
v -0.005942771676927804 0.0156867541372776 -0.0011990240309387445
v -0.005844352301210164 0.016815617680549618 -0.0011471895268186927
v -0.005839097779244184 0.01680485904216766 -0.0010576180648058653
v -0.00563280377537012 0.01947812922298908 -0.000873098848387599
v -0.005609399639070033 0.0196539144963026 -0.0007676961831748486
v -0.005588958505541085 0.020099772140383717 -0.0009322860278189182
v -0.005738757550716399 0.017953330650925633 -0.0008929591276682913
v -0.005689961370080709 0.018550263717770573 -0.000811771722510457
v -0.005699258763343095 0.01856090500950813 -0.0009179692133329809
v -0.0056571662425994864 0.01898013427853584 -0.000771314196754247
v -0.005621518939733504 0.019480226561427113 -0.0007603359990753233
v -0.0056930677965283385 0.018677180632948872 -0.0010104738175868988
v -0.005639554932713508 0.019417351111769673 -0.0009891462977975607
v -0.005594352260231971 0.02005914971232414 -0.0010458104079589248
v -0.005576355848461389 0.020000671967864033 -0.002346699358895421
v -0.005658016074448823 0.018838260322809216 -0.0023113840725272894
v -0.005765588022768497 0.017458215355873104 -0.002331649884581566
v -0.005481368862092494 0.021179258823394772 -0.0024742651730775833
v -0.005361021030694245 0.022584872320294377 -0.002713072346523404
v -0.005102778319269418 0.02584019489586353 -0.0033859885297715664
v -0.005096403416246175 0.025915263220667836 -0.003401889931410551
v -0.004896019585430621 0.027984092012047764 -0.0038332201074808836
v -0.004863867070525884 0.028266718611121174 -0.0038906505797058344
v -0.00477917119860649 0.02893867529928684 -0.004025954753160477
v -0.004715158138424157 0.0293760672211647 -0.004111815709620714
v -0.004488531034439801 0.03055237792432308 -0.0043282476253807545
v 0.00089796120300889 0.006340324878692626 -0.0019083443330600858
v 0.0007276562973856925 0.003177332459017634 -0.003925786819308996
v 0.001397965708747506 0.006340294145047664 -0.0019084176747128367
v 0.0013980317162349818 0.0031769662164151664 -0.003926408011466265
v -0.0013977142516523597 0.005878880620002746 -0.00602112477645278
v 0.0013980340445414183 0.005878904834389686 -0.006021061912178993
v -0.0013977024937048552 0.00576247414574027 -0.00553227448835969
v 0.0013980272924527524 0.005762496031820773 -0.005532212555408478
v -0.001397714018821716 0.005319496616721152 -0.004948244895786047
v 0.0013980157673358915 0.005319518502801656 -0.004948182497173548
v -0.001397713436745107 0.004652659874409436 -0.004643863532692194
v 0.0013980126241222022 0.0046526812948286525 -0.004643801599740982
v -0.0013977087801322339 0.003921212628483771 -0.004691819194704294
v 0.0013980219373479483 0.0039212279953062526 -0.004691759590059519
v -0.0013976966729387639 0.0032998262904584403 -0.00508066127076745
v 0.0013980339281260965 0.003299841424450278 -0.005080601666122675
v -0.0013976792106404898 0.002936893608421087 -0.005717530380934477
v 0.001398047781549394 0.0029369085095822807 -0.005717471707612276
v 0.0013980594230815766 0.0028853297699242826 -0.006217334419488907
v -0.001397689920850098 0.002885312540456652 -0.0062173944897949696
v 0.0013980242656543849 0.005827316548675298 -0.0065209283493459225
v -0.0013977027265354989 0.005827302113175391 -0.0065209874883294106
v 0.0013980409130454061 0.005464390851557254 -0.0071577951312065125
v -0.001397685147821903 0.005464369431138038 -0.007157857064157724
v 0.0013980529038235543 0.004843004513531922 -0.007546637207269669
v -0.0013976731570437548 0.004842983093112706 -0.0075466991402208805
v 0.001398058491759002 0.004111550748348235 -0.007594595663249493
v -0.0013976685004308818 0.004111535847187041 -0.007594654802232981
v 0.0013980553485453127 0.0034447133075445886 -0.00729021430015564
v -0.0013976707123219965 0.0034446918871253725 -0.007290276698768139
v 0.0013980475487187503 0.0030017362441867586 -0.00670618424192071
v -0.0013976785121485589 0.0030017148237675424 -0.0067062461748719215
v -0.00239490857347846 0.00033116718987002963 -0.001463137217797339
v -0.0023925462737679477 0.0004651238850783556 -0.001426162663847208
v -0.003550089197233319 0.00046510031097568566 -0.0014261417090892792
v -0.0035500961821526285 -0.0013889403780922291 -0.0005665561184287071
v -0.003550085704773664 -0.0014968112809583543 -9.821345884120092e-05
v -0.0024257365148514505 -0.0014968015020713208 -9.818860416999087e-05
v -0.003550119930878281 0.001450974494218826 -0.00038034035242162645
v -0.002374206436797976 0.0014686579816043375 -0.000304820598103106
v -0.0035501110833138223 0.001496763667091727 9.805885929381475e-05
v -0.002373410621657967 0.0014984573936089871 6.646629481110722e-05
v -0.0023734164424240585 0.0014967513270676134 9.810480696614832e-05
v -0.003550103167071938 0.001091450569219887 -0.0010290030622854829
v -0.0023797792382538314 0.00117612793110311 -0.0009311640751548111
v -0.002376161282882094 0.0013699048431590197 -0.000611221301369369
v -0.002389527857303619 0.0006354346405714749 -0.0013588183792307973
v -0.0023838765919208522 0.0009510453674010931 -0.0011600013822317123
v -0.002381329890340566 0.001091526006348431 -0.0010290450882166624
v -0.0024014241062104698 -4.1075152694247656e-05 -0.0014995844103395939
v -0.0035500826779752965 -0.0002749506966210901 -0.0014746682718396187
v -0.002405482111498713 -0.00027494604000821704 -0.0014746715314686298
v -0.003550087101757526 -0.0009477896965108811 -0.0011627202620729804
v -0.0024174076970666643 -0.000973584537860006 -0.0011413047323003411
v -0.002412905683740973 -0.0007075974717736243 -0.0013226059963926673
v -0.0024069382343441244 -0.0003593119035940617 -0.0014563993318006396
v -0.0024247590918093915 -0.0014254174893721936 -0.00046720216050744057
v -0.0024225246161222454 -0.0012834741501137612 -0.0007764101028442383
v -0.002420144155621528 -0.0011378349736332891 -0.0009774819482117891
v -0.0035500968806445594 -0.0014510158216580746 0.0003802049031946808
v -0.0024247786495834585 -0.0014608590863645075 0.0003404395538382232
v -0.0024257265031337734 -0.0014999583363533018 -1.3343159480427857e-05
v -0.0024141438771039243 -0.0008771570282988249 0.001216755947098136
v -0.0024180025793612 -0.001091474783606827 0.0010288871126249433
v -0.0035501136444509025 -0.0010914817685261367 0.0010288619669154286
v -0.002418947638943791 -0.0011443981202319262 0.0009696829947642982
v -0.0024226193781942125 -0.0013475973391905425 0.0006587497773580253
v -0.002408401574939489 -0.0005667623481713234 0.0013887591194361448
v -0.003550125984475016 -0.00046513584675267333 0.0014259915333241224
v -0.002406507963314652 -0.00046512950211763377 0.0014260150492191315
v -0.002402243902906775 -0.00022618120419792828 0.0014827996492385864
v -0.00355013133957982 0.00027490957290865475 0.001474512042477727
v -0.002395843621343374 0.00014698541781399396 0.0014927283627912402
v -0.002382196485996246 0.0009477559360675513 0.0011625895276665688
v -0.0023838432971388097 0.0008504755678586661 0.0012355276849120855
v -0.0035501306410878892 0.0009477484854869543 0.0011625632178038359
v -0.0023895525373518463 0.0005142471054568886 0.0014090369222685695
v -0.0023936622310429807 0.00027491638320498163 0.001474536256864667
v -0.0023790008854120965 0.0011379800271242855 0.0009771804325282574
v -0.003550119930878281 0.0013888983521610496 0.0005664014024659991
v -0.0023756562732160087 0.001343520008958876 0.0006665762630291283
v -0.0023738429881632324 0.0014617216074839232 0.0003373120562173426
v -0.000736560032237321 0.003181816544383764 -7.690671918680891e-05
v -0.0007273765513673424 0.0031773219816386695 -0.003925807308405638
v -0.0007297738920897244 0.003044827841222286 8.877246000338346e-05
v -0.0007273695082403718 0.0029897741042077537 0.000296297570457682
v -0.0008976550889201461 0.006261223461478948 -0.00013200502144172788
v -0.0008976651006378232 0.006340318359434604 -0.0019083642400801182
v -0.0007529236027039586 0.0034990932326763864 -0.00018261584045831114
v -0.0007465712260454892 0.0033771959133446212 -0.00017005666450131685
v -0.002338652033358812 0.003503342159092426 -0.00018252292647957802
v -0.002290546894073486 0.006261229049414395 -0.00013200326065998524
v -0.0023423007223755117 0.0032923219259828325 -0.00014204510080162436
v -0.0023447365965694185 0.0031484761275351043 -4.832706326851621e-05
v -0.002345252316445112 0.0031174223404377695 -1.6829722881084308e-05
v -0.002346729394048452 0.0030264314264059062 0.0001285755424760282
v -0.002346968278288841 0.0030109558720141645 0.00017159347771666944
v -0.002347243949770927 0.0029898046050220724 0.00029567815363407135
v -0.003550121327862143 0.001359318266622722 0.0020980723202228546
v -0.002374283038079738 0.0013597947545349596 0.0020977880340069532
v -0.0035501103848218914 0.00193886028137058 0.0015782222617417574
v -0.002368291839957237 0.0017371348803862927 0.0017978429095819592
v -0.0023645905312150712 0.0019388350192457435 0.0015782484551891685
v -0.0022910293191671367 0.006300311535596847 -0.0018654580926522613
v -0.002386296400800347 0.000863567751366645 -0.0023463040124624968
v -0.003550041234120726 0.006300355773419141 -0.0018654786981642246
v -0.003550074296072125 0.0008635867270641028 -0.0023463221732527018
v -0.0024248573463410135 -0.0013593058101832865 -0.002098255790770054
v -0.0035500943195074792 -0.0013590595917776225 -0.0020984073635190725
v -0.0024191301781684156 -0.0010198032250627873 -0.002282641362398863
v -0.003550085704773664 -0.0006985206273384391 -0.0024005617015063763
v -0.0024112877435982223 -0.0005604834295809268 -0.0024364865384995937
v -0.003550079651176929 0.00015243499365169552 -0.0024955226108431816
v -0.0024028457701206203 -8.408294524997471e-05 -0.002498736372217536
v -0.0023944459389895196 0.00039726489922031755 -0.0024684080854058266
v -0.0035501022357493635 -0.0017679734155535696 -0.0017675916897132993
v -0.0023801520001143213 0.0010268747573718426 0.002279273932799697
v -0.0035501276142895217 0.0008907693554647266 0.002335806144401431
v -0.002387875691056251 0.0005836119526065885 0.0024308026768267155
v -0.0023948543239384885 0.0001746261696098372 0.0024937496054917574
v -0.003550136229023337 -6.0739941545762115e-05 0.0024990926031023264
v -0.002398859011009335 -6.075288183637894e-05 0.002499104244634509
v -0.0035501399543136354 -0.00100317713804543 0.002289674011990428
v -0.0024152677506208415 -0.0010031848214566705 0.0022896877489984035
v -0.0024101447779685255 -0.000711033644620329 0.0023965633008629084
v -0.0024024057202041145 -0.00026787864044308657 0.0024854401126503944
v -0.00355014088563621 -0.0017959916731342671 0.0017387837870046496
v -0.0024294871836900707 -0.001795997144654393 0.0017387978732585907
v -0.002425364917144179 -0.0015707513084635136 0.00194467359688133
v -0.0024180586915463205 -0.0011615998810157178 0.002213530708104372
v -0.003550134133547544 -0.0023209576029330488 0.0009285716223530471
v -0.002439299831166863 -0.0023209643550217147 0.0009285854175686836
v -0.0024358036462217565 -0.002135176677256822 0.0013000397011637688
v -0.0024313477333635087 -0.0018962973263114689 0.0016288309125229716
v -0.003550125285983085 -0.0024997885338962074 -2.0138400941505097e-05
v -0.00244312803260982 -0.0024997997097671028 -2.012638833548408e-05
v -0.002442287281155586 -0.0024700956419110294 0.00038456314359791577
v -0.0024398120585829015 -0.00234764558263123 0.0008589057833887637
v -0.00355011411011219 -0.002305817790329456 -0.0009658700437285006
v -0.002440461656078696 -0.0023058287333697076 -0.000965859042480588
v -0.00244233151897788 -0.0024273106828331943 -0.0005981135764159262
v -0.002443161560222506 -0.002497517270967364 -0.00010880931949941441
v -0.0024311260785907503 -0.0017337084282189605 -0.001801221165806055
v -0.002436250681057572 -0.0020450949668884273 -0.0014378890627995133
v -0.0024399803951382633 -0.002275543520227074 -0.001035209046676755
v -0.0022906609810888763 0.006340316962450742 -0.0019085492240265012
v -0.002347261412069201 0.002939110621809959 0.001434057718142867
v -0.001397723564878106 0.006340291816741227 -0.0019084550440311432
v -0.001397722167894244 0.0031781608704477544 -0.003928260412067175
v -0.0013976580230519173 0.006307357922196387 -0.007714083883911371
v 2.1351733892061017e-07 0.006307349540293216 -0.007714064326137304
v 2.394116620507702e-07 0.005581620149314403 -0.00831268448382616
v -0.0013976593036204574 0.005581631325185298 -0.008312700316309929
v 2.3517274883033676e-07 0.004639205522835254 -0.008605989627540112
v -0.0013976626796647904 0.00463920971378684 -0.00860600732266903
v 2.2706181823650693e-07 0.003656714921817183 -0.008511691354215145
v -0.001397671643644571 0.003656725864857435 -0.008511707186698914
v 2.143021191614025e-07 0.002787295496091246 -0.008044486865401268
v -0.0013976799091324208 0.0027872999198734756 -0.008044504560530186
v 2.0347407314602603e-07 0.0021664539817720647 -0.007277198601514101
v -0.001397695275954902 0.0021664649248123165 -0.0072772144339978695
v 1.9041857513002467e-07 0.001894181710667908 -0.006364619359374046
v -0.00139770598616451 0.0018909712089225648 -0.006329439114779234
v 1.6606708186372996e-07 0.0024568627122789617 -0.004524431191384792
v -0.001397721469402313 0.0024568748194724317 -0.0045244465582072735
v 1.8077393804105665e-07 0.002003761706873774 -0.0053488872945308685
v -0.0013977179769426582 0.002003772649914026 -0.00534890266135335
v 1.796083779481705e-07 0.001991376047953963 -0.005388218909502029
v 1.890585537012157e-07 0.0018909599166363476 -0.00632942421361804
v -0.001397725543938577 0.0027895467355847354 -0.004192161373794079
v -0.0013976542977616189 0.010563639923930166 -0.005655484274029732
v -0.0013977196067571638 0.006419596727937459 -0.0019934154115617275
v -0.0013977068010717628 0.007134126964956521 -0.0027316417545080185
v -0.001397680374793708 0.008880314417183397 -0.00436446676030755
v 1.537300704512745e-07 0.003177927108481526 -0.003928342368453741
v 1.5378547857380906e-07 0.0027895406819880004 -0.0041921441443264484
v 9.447722248978606e-08 0.0029391164425760503 0.0014341032365337014
v 0.0035503404214978214 -0.0014509959146380422 0.00038028156268410385
v 0.0035503394901752468 -0.0014967854367569087 -9.8135118605569e-05
v 0.0024260142818093296 -0.0014967861352488396 -9.813356882659718e-05
v 0.0023736355360597368 0.001496758311986923 9.812699863687158e-05
v 0.003550337394699454 0.001496785203926265 9.813519136514515e-05
v 0.0023745880462229248 0.0014262662734836338 0.00046393260709010065
v 0.003550337860360741 0.0013889212859794495 0.0005664771306328475
v 0.002382204635068774 0.0009477696148678659 0.0011626402847468853
v 0.002380120567977428 0.0010737334378063677 0.00104742671828717
v 0.0035503383260220285 0.0009477725252509116 0.0011626394698396325
v 0.0023790567647665735 0.0011380205396562813 0.000977197429165244
v 0.0023768839891999956 0.0012803523568436501 0.000781798386014998
v 0.002396702533587813 0.00012008984049316494 0.0014951853081583977
v 0.0023939437232911582 0.00027493492234498257 0.00147458934225142
v 0.0035503394901752468 0.0002749338163994252 0.0014745885273441672
v 0.002390069887042045 0.0004884282243438064 0.0014182499144226313
v 0.0023849129211157556 0.0007859771139919757 0.0012775907525792718
v 0.002402713987976312 -0.0002271763078169897 0.0014826961560174823
v 0.0035503390245139595 -0.0004651123890653252 0.0014260682510212064
v 0.002406826941296458 -0.0004651139315683394 0.0014260675525292754
v 0.003550338558852672 -0.001091459998860955 0.0010289388010278344
v 0.002417863812297582 -0.0010914588347077368 0.0010289399651810527
v 0.0024148952215909954 -0.0009235590114258229 0.0011819639476016164
v 0.0024089412763714786 -0.0005850993329659103 0.0013811796670779586
v 0.0024252010043710466 -0.001473437645472586 0.0002810522564686835
v 0.002422760240733623 -0.001356731867417693 0.0006397482939064503
v 0.0024193541612476106 -0.0011744037037715314 0.0009331527980975807
v 0.0024256012402474876 -0.0014634442050009964 -0.00032914240728132427
v 0.0024237413890659805 -0.0013425835641101 -0.0006689344299957156
v 0.003550357418134808 -0.0013889197725802658 -0.0005664756172336638
v 0.0024204158689826723 -0.0011378371855244038 -0.0009773982455953956
v 0.0035503571853041645 -0.000947770895436406 -0.001162638422101736
v 0.0024172447156161066 -0.0009477987186983227 -0.0011626682244241238
v 0.0035503597464412446 -0.00027493169181980187 -0.0014745874796062708
v 0.0024057561531662937 -0.00027494542882777745 -0.0014746461529284716
v 0.0024109969381242986 -0.0005795384640805422 -0.0013835950521752238
v 0.002415794879198074 -0.0008616906125098466 -0.0012277421774342656
v 0.0035503599792718883 0.00046511451364494855 -0.0014260670868679881
v 0.002392768859863281 0.0004677697725128382 -0.0014252137625589967
v 0.002399210119619965 0.0001016239693854004 -0.0014965541195124388
v 0.002404794562608003 -0.00021928430942352858 -0.001483979751355946
v 0.0023875543847680088 0.0007609951426275073 -0.0012927441857755184
v 0.003550356952473521 0.0010914617450907824 -0.0010289382189512253
v 0.0023822116199880834 0.001057145884260535 -0.0010642950655892491
v 0.0035503585822880264 0.0014509976608678696 -0.00038027961272746325
v 0.0023784909863024946 0.0012594732688739894 -0.0008147168555296957
v 0.002381585538387298 0.0010915423044934867 -0.0010290113277733326
v 0.0023736422881484027 0.0014984456356614826 6.715580821037292e-05
v 0.002373946132138371 0.0014910437166690824 -0.00016446702647954226
v 0.0023754048161208625 0.0014215121045708654 -0.0004786724748555571
v 0.002386583015322685 0.000863641093019396 -0.002346241846680641
v 0.0022912777494639154 0.0063003264367580405 -0.0018654030282050371
v 0.003550359513610601 0.000863634981215 -0.002346236724406481
v 0.003550282213836908 0.006300347391515969 -0.001865407801233232
v 0.0035503893159329887 -0.0013590342132374642 -0.002098329830914736
v 0.002425159560516476 -0.0013598138466477392 -0.0020978839602321386
v 0.0035503846593201156 -0.0006988843670114874 -0.00240037078037858
v 0.002419384196400642 -0.0010205130092799661 -0.0022823254112154245
v 0.0024115161504596467 -0.0005622982280328869 -0.0024360311217606068
v 0.00240323063917458 -8.443237311439587e-05 -0.002498709363862872
v 0.0035503720864653583 0.00015229269047267732 -0.0024954574182629585
v 0.002394802868366241 0.00039769729482941324 -0.002468262566253543
v 0.002374459989368915 0.0013602490071207283 0.00209755334071815
v 0.003550307592377066 0.001359344460070133 0.0020981505513191223
v 0.002368123503401875 0.0017374671297147868 0.001797851175069809
v 0.003550305729731917 0.001938885194249451 0.001578299910761416
v 0.0023647819180041547 0.0019388772780075667 0.001578296534717083
v 0.002442755969241261 -0.0024382118135690685 -0.0005521466955542564
v 0.002440489130094647 -0.0022878006566315885 -0.0010076467879116535
v 0.003550392342731356 -0.0023058389779180284 -0.0009657035116106272
v 0.003550392575562 -0.001767979119904339 -0.0017674914561212063
v 0.0024315160699188705 -0.001737816724926233 -0.001797751639969647
v 0.002436683280393481 -0.002050668932497501 -0.0014298135647550225
v 0.0024434383958578105 -0.0024987466167658563 -7.21722753951326e-05
v 0.0035503832623362537 -0.0024997654836624856 -1.9897288439096883e-05
v 0.0024434148799628015 -0.0024997333530336614 -1.9912511561415158e-05
v 0.0024359221570193763 -0.0021292171441018577 0.001309783081524074
v 0.0024395585060119625 -0.002320845844224095 0.0009288425790145993
v 0.003550373017787933 -0.0023208486381918188 0.000928860972635448
v 0.0024399498943239446 -0.002340920967981219 0.0008770035346969962
v 0.0024424884468317028 -0.0024657144676893945 0.0004117171047255397
v 0.002430551219731569 -0.0018383397255092857 0.0016939734341576695
v 0.0035503550898283716 -0.0017957632662728427 0.0017390713328495622
v 0.0024297726340591903 -0.0017957604723051188 0.001739045837894082
v 0.002408558269962668 -0.0006096325232647358 0.0024244175292551517
v 0.0024155208375304933 -0.0010028193937614558 0.0022898290771991014
v 0.0035503369290381666 -0.0010028224205598233 0.002289896598085761
v 0.0024165997747331853 -0.0010635344078764317 0.002262287074699998
v 0.002424031030386686 -0.001478812890127301 0.0020155219826847315
v 0.002400188939645886 -0.00013269808550830928 0.0024963603354990482
v 0.0035503243561834093 -6.029610449331812e-05 0.002499179681763053
v 0.0023989221081137653 -6.031946031725965e-05 0.0024991370737552643
v 0.0023917404469102617 0.00035271103843115265 0.0024749161675572395
v 0.0035503115504980083 0.0008912474731914698 0.002335709985345602
v 0.0023836502805352207 0.0008218199363909661 0.002361021004617214
v 0.002376545220613479 0.0012377296807244418 0.0021721504162997007
v 0.0023474509362131353 0.002939129481092095 0.0014341094065457582
v 0.002347458386793732 0.002989832311868667 0.0002955328382086009
v 0.0023466516286134716 0.0030452567152678962 8.794417954050004e-05
v 0.0023443854879587884 0.003182609565556049 -7.752225792501122e-05
v 0.002341869287192821 0.003330365056172013 -0.00015666065155528486
v 0.0023449829313904043 0.0031469643581658597 -4.6913002734072506e-05
v 0.0023410457652062173 0.003378169378265738 -0.00017029042646754533
v 0.002338949358090758 0.003499055746942758 -0.00018262899538967758
v 0.002290747361257672 0.006261252798140048 -0.00013201514957472682
v 0.0022908551618456836 0.006340335588902234 -0.0019084942759945989
v 0.0035502850078046318 0.003585221245884895 0.0013409671373665333
v 9.493248853686963e-08 0.0035852086730301376 0.0013409665552899241
v -0.0035500966478139158 0.0035852175205945964 0.0013408873928710818
v -0.003550087101757526 0.003929334226995706 0.0011240720050409436
v -0.0035500701051205392 0.004312713164836167 0.0005716781597584486
v -0.003550072200596332 0.004749905318021773 -2.2474281649920158e-05
v -0.003550096414983272 0.0037803282029926773 0.0012690768344327807
v -0.0006925152847543358 0.010907372459769247 -0.005890636704862118
v -2.5243284085263435e-07 0.010948657989501951 -0.005918268579989672
v -5.35934319145781e-08 0.010755763389170168 -0.0057880692183971405
v -0.004999791737645864 0.007071915548294782 -0.002669124398380518
v -0.004981115926057099 0.007381448056548833 -0.0029774149879813194
v -0.004971103742718696 0.007455197162926196 -0.00304979644715786
v -0.0048612882383167735 0.007915084250271319 -0.003492281772196293
v -0.00466766720637679 0.00837182905524969 -0.003916310612112284
v -0.004387696273624896 0.008825480006635187 -0.004317557904869318
v -0.004980742465704679 0.006766341160982846 -0.0023573115468025208
v -0.004911004565656184 0.006418684497475623 -0.001992534613236785
v -0.004850040189921855 0.006231515668332576 -0.0017909753369167447
v -0.0048774261958897105 0.006309172138571738 -0.0018750904127955437
v -0.003892102045938372 0.004984151571989059 -0.0003252559108659625
v -0.004280984867364167 0.005332603119313716 -0.0007589342421852052
v -0.004366334062069654 0.0054264701902866355 -0.0008722658385522664
v -0.00464326050132513 0.005803316365927457 -0.0013138246722519398
v -0.004717753734439611 0.005934678949415683 -0.0014628040371462703
v -3.2555473872264425e-09 0.010563611984252928 -0.005655464716255665
v -0.0043464372865855685 0.008882476948201655 -0.004366354085505009
v -0.004026970360428094 0.00926768872886896 -0.004686129279434681
v -0.003616039408370852 0.00965666491538286 -0.0049925860948860645
v -0.0030783256515860553 0.010055966675281523 -0.005292322486639023
v -0.002506991615518927 0.010378246195614336 -0.005525003187358379
v -0.0019627234432846303 0.010606376454234121 -0.005685197655111551
v -0.0013405539793893693 0.010791732929646967 -0.00581253319978714
v 0.0013979458017274735 0.010563604533672331 -0.005655462853610516
v 0.0013980247313156722 0.006307363044470548 -0.007714057341217995
v 0.00139796023722738 0.006419208366423844 -0.00199296185746789
v 0.0013980605872347949 0.004650937858968972 -0.008604736067354679
v 0.001398041611537337 0.005586800631135701 -0.00830983929336071
v 0.0013979603536427019 0.0071315839886665336 -0.002729048253968358
v 0.001397954882122576 0.008878865279257296 -0.004363190848380327
v 0.0013980399817228315 0.0027917367406189437 -0.004190330393612385
v 0.0013980474323034284 0.002456882037222385 -0.004524416755884886
v 0.0013980609364807604 0.001991395372897386 -0.005388204008340836
v 0.0013980717631056903 0.0018942010356113312 -0.00636460492387414
v 0.0013980795629322527 0.0021802687551826234 -0.007303205784410238
v 0.001398076652549207 0.0028055305592715736 -0.008059416897594929
v 0.001398069900460541 0.003673663595691323 -0.008516744710505009
v 0.0007276645046658813 0.0029897857457399364 0.0002961874706670642
v 0.0007284359307959675 0.003009785898029804 0.0001754741824697703
v 0.000733485969249159 0.0031146463006734844 -1.371466805721866e-05
v 0.0007422880735248326 0.0032883943058550353 -0.00014035448839422315
v 0.0007532204617746173 0.003499095560982823 -0.00018262221419718117
v 0.0008979595731943845 0.006261231377720832 -0.000132014014525339
v 0.003801493905484676 0.004915867000818252 -0.00023773130669724196
v 0.0035502845421433444 0.004748646635562181 -2.0860110453213565e-05
v 0.004911825526505708 0.006419106386601924 -0.0019928074907511473
v 0.004744164180010556 0.005986830685287713 -0.0015211247373372316
v 0.004717894829809665 0.005935554392635821 -0.0014636372216045856
v 0.0044895331375300876 0.005576265975832938 -0.0010502999648451805
v 0.004281795118004083 0.005332722794264554 -0.000758956593926996
v 0.0038959851954132314 0.004986575338989495 -0.00032828041003085673
v 0.004913924727588891 0.006426602602005004 -0.0020008047576993704
v 0.004993889480829238 0.006892462726682424 -0.0024868042673915625
v 0.004538130480796098 0.00859977863729 -0.004120578523725271
v 0.00469312909990549 0.008320754393935202 -0.0038696725387126207
v 0.0048862146213650695 0.00783362705260515 -0.003414857666939497
v 0.004980918951332568 0.007381252013146876 -0.0029770939145237207
v 0.003619891824200749 0.009654331952333449 -0.004990707151591778
v 0.004053762648254632 0.009237384423613547 -0.004661493469029665
v 0.0043474012054502955 0.0088818809017539 -0.004365728236734867
v 0.004409409128129481 0.00879579223692417 -0.004291873425245285
v 0.001970493700355291 0.010603720322251318 -0.005683370400220156
v 0.0025639294181019063 0.010349890217185019 -0.005504768341779709
v 0.0031180619262158866 0.010030372999608515 -0.005273417104035616
v 0.0013359261211007831 0.010793002322316168 -0.005813432391732931
v 0.0006833080551587044 0.010908618569374083 -0.005891487468034029
v 0.0035502731334418054 0.004312739241868257 0.000571749871596694
v 0.003550280816853046 0.003929310478270053 0.0011242199689149857
v 0.0035502838436514135 0.0037803160957992073 0.001269176951609552
v 0.0007094288012012838 0.003914002329111098 0.0011467906879261136
v 9.39765385510327e-08 0.0038838614709675308 0.0011850871378555894
v 9.38479018941507e-08 0.0037803039886057373 0.0012691754382103682
v 0.0008650189265608786 0.003928138408809899 0.0011259287130087614
v -0.000864646688569337 0.003928741440176963 0.001125001348555088
v -0.0002103554725181311 0.003889566287398338 0.001183186424896121
v -0.004030657932162284 0.027454663068056103 -0.0063827503472566605
v -0.003897654358297586 0.02781133912503719 -0.006532164290547371
v -0.003924593795090913 0.027389701455831524 -0.006503638811409473
v -0.003949931822717189 0.026969473809003826 -0.006470080930739641
v -0.003999368753284215 0.027018768712878224 -0.006414974573999643
v -0.004047056194394826 0.02736527286469936 -0.006362999323755503
v -0.004045452456921338 0.027132548391818997 -0.006362847983837128
v -0.0031112451106309886 0.028018333017826077 -0.007230238988995552
v -0.003104226198047399 0.027877885848283764 -0.007238212041556835
v -0.0031180318910628553 0.02787658758461475 -0.007228150963783264
v -0.0031245378777384754 0.027734767645597454 -0.007225219625979662
v -0.0036733341403305526 0.026980591937899586 -0.006756429094821215
v -0.0037699090316891666 0.02694541588425636 -0.006660555023699999
v -0.00386501639150083 0.026938719674944874 -0.006561911199241877
v -0.003910161554813384 0.02694924362003803 -0.006513542030006647
v -0.003578635631129145 0.027037199586629864 -0.006846486125141382
v -0.0037554292939603324 0.028028294444084164 -0.006677607540041208
v -0.0034886237699538465 0.02824422530829906 -0.006921782623976469
v -0.003451825818046927 0.02825890481472015 -0.006953157484531403
v -0.003172030439600348 0.028174219653010365 -0.0071807969361543655
v -0.0032702214084565635 0.02825541980564594 -0.007102516479790211
v -0.0034173063468188043 0.02826837636530399 -0.006982203107327223
v -0.0032127175945788618 0.027486147359013554 -0.007159614469856024
v -0.0033233379945158954 0.027297982946038243 -0.007070872932672501
v -0.003507327521219849 0.028235424309968945 -0.006905647926032543
v -0.0035781033802777524 0.028195507824420925 -0.006843335926532745
v -0.003378879744559526 0.027225248515605923 -0.007024307735264301
v -0.0034770418424159284 0.026883639395236966 -0.006859586574137211
v -0.003550272202119231 0.02677608840167522 -0.006737814284861088
v -0.0036031017079949375 0.02683557942509651 -0.006760755088180304
v -0.0037188504356890912 0.026793129742145535 -0.006647189613431692
v -0.003960337955504655 0.02682632207870483 -0.006386929657310247
v -0.00390281225554645 0.026799499988555905 -0.006454357411712408
v -0.003897769376635551 0.02678483538329601 -0.006444999016821384
v -0.0038436548784375186 0.026761153712868687 -0.006491777952760458
v -0.00384046952240169 0.026784621179103848 -0.006521475967019796
v -0.0038172374479472633 0.02675271593034267 -0.006513571832329035
v -0.003654736559838056 0.026735819876193997 -0.006636607926338911
v -0.003608664264902472 0.026739768683910366 -0.006668454967439175
v -0.003405658062547445 0.026824306696653363 -0.006830165162682533
v -0.0033759318757802244 0.02680677734315395 -0.006812201347202063
v -0.003963079769164323 0.02684240974485874 -0.006399821024388075
v -0.003914847504347562 0.026872763410210606 -0.006491112522780895
v -0.00386083940975368 0.02686001174151897 -0.006549145560711622
v -0.0037520166952162977 0.02686762250959873 -0.006661796476691961
v -0.003645469900220632 0.026906507089734074 -0.006766885984688997
v -0.003537754528224468 0.026959594339132305 -0.006864334922283888
v -0.004125811159610747 0.02706598117947578 -0.00593318697065115
v -0.004125812556594609 0.02724569663405418 -0.006159048527479172
v -0.004119364544749259 0.02714307233691215 -0.006187889724969864
v -0.004123599268496036 0.02699429355561733 -0.00593564985319972
v -0.004069418180733918 0.02696689404547214 -0.006267091725021601
v -0.004083796404302119 0.026792526245117184 -0.0059872218407690525
v -0.003823001170530915 0.02658997848629951 -0.006302176043391228
v -0.0040005249902606 0.02666247263550758 -0.0060927956365048885
v -0.004067365545779466 0.026754757389426228 -0.0060084303840994835
v -0.003617125796154141 0.0266265794634819 -0.006521744187921286
v -0.003388063050806522 0.026750888675451275 -0.006742122117429972
v -0.003210743190720677 0.02689839899539947 -0.0068978178314864635
v -0.004096616525202989 0.027486389502882954 -0.006128943990916014
v -0.004086865577846765 0.027414204552769657 -0.0059879245236516
v -0.003982380032539367 0.027801612392067906 -0.0061494819819927216
v -0.003951390273869037 0.027861729264259335 -0.006161219906061888
v -0.004075066652148961 0.027482751756906506 -0.006309314630925655
v -0.003935981076210736 0.027863988652825352 -0.006469608750194311
v -0.003950914368033408 0.027915012091398236 -0.006388184614479542
v -0.003937010653316974 0.027954896911978718 -0.006300592795014381
v -0.00392648484557867 0.0279207918792963 -0.0061910562217235565
v -0.0038998739328235383 0.027978155761957165 -0.00622234120965004
v -0.0041250940412282935 0.027240550145506855 -0.00617962284013629
v -0.004095130134373902 0.027510130777955052 -0.006218188442289829
v -0.003980097360908984 0.02690072730183601 -0.006414454896003008
v -0.004044706001877784 0.026979558169841763 -0.0063410415314137936
v -0.00410280143842101 0.027240350842475888 -0.006274276413023472
v -0.004085614811629056 0.02708705142140388 -0.006293686106801033
v -0.003787735011428594 0.028093636035919186 -0.006624539382755756
v -0.0035986041184514757 0.028273951262235638 -0.006803898606449366
v -0.0037977341562509532 0.02815681882202625 -0.006551513914018869
v -0.0035981510300189252 0.02834968455135822 -0.00674315495416522
v -0.003781036008149385 0.028206070885062214 -0.006469543091952801
v -0.0035744104534387584 0.028408577665686604 -0.006669722963124514
v -0.003813899122178554 0.028133457526564595 -0.006319478619843721
v -0.0037179104983806606 0.028267540037631985 -0.0064215390011668205
v -0.0036280769854784008 0.028364958241581913 -0.0065117040649056435
v -0.0035356222651898857 0.028441799804568287 -0.00659986911341548
v -0.0032793427817523475 0.03332380205392837 -0.004711409565061331
v -0.0036043615546077486 0.03284118697047233 -0.00466294027864933
v -0.0036061562132090326 0.03303022310137748 -0.0038654974196106195
v -0.002883865032345056 0.033795405179262154 -0.004750424064695835
v -0.0036061489954590793 0.033051304519176476 -0.003778060432523489
v -0.003493635449558496 0.03323089331388473 -0.003796693403273821
v -0.003321902826428413 0.0334775298833847 -0.0038286775816231966
v -0.002883857116103172 0.0339953601360321 -0.003920448012650013
v 0.0002059845282929018 0.03385928645730018 -0.006608657538890839
v 0.0004851169069297611 0.034026294946670525 -0.006453227251768112
v 0.00046467923675663764 0.03392077609896659 -0.006537055131047964
v -0.00020771953859366474 0.03422675281763076 -0.006320734042674303
v -0.0004849622200708836 0.034026417881250375 -0.006453136447817087
v -0.0004647966416087001 0.034133806824684136 -0.00637019332498312
v -7.410330726997925e-05 0.03366707637906074 -0.006749126594513655
v -0.0002908581518568098 0.03373419120907783 -0.00669137854129076
v -0.0004370551032479852 0.03386718407273292 -0.0065805548802018166
v -0.00034315325319766993 0.034293349832296365 -0.006251311860978603
v -0.00016636181680951265 0.03438248857855796 -0.006187232676893473
v 7.051840657368301e-05 0.034401759505271905 -0.006173623260110617
v 0.00028831214876845474 0.03433068469166755 -0.006224252283573151
v 0.00043572808499447996 0.034191962331533425 -0.006326251197606325
v 0.0003424791211728006 0.033767256885766976 -0.0066634067334234715
v 0.0001638381945667788 0.03368372842669486 -0.006734653376042843
v -0.0006984679494053124 0.033677428960800164 -0.006424109451472759
v -0.0007446063682436942 0.033877439796924584 -0.006262791808694601
v -0.0007142109679989516 0.033930283039808266 -0.006330292206257582
v -0.0006783031276427208 0.033757351338863366 -0.006468628998845816
v -0.0005538793047890066 0.0335840955376625 -0.00661274790763855
v -0.0005653983680531381 0.03350523486733436 -0.006569562945514917
v -0.0004050488932989537 0.033480878919363015 -0.006701556965708733
v -0.0003614139859564602 0.0333806499838829 -0.006679175887256861
v -0.00016633031191304323 0.03340190649032592 -0.006771322339773178
v -0.00011190975783392786 0.033317927271127694 -0.0067362054251134396
v 3.0509050930049847e-07 0.033311866223812096 -0.00674185436218977
v 9.815458906814455e-05 0.03339241445064544 -0.00677984394133091
v 0.00013770516670774666 0.033321075141429894 -0.006733287591487169
v 0.0003523170307744294 0.03345619142055511 -0.006723171100020409
v 0.0003845410246867686 0.03339045494794845 -0.006670370697975159
v 0.0005531584611162542 0.03358326479792594 -0.006613441277295351
v 0.0005823205574415623 0.033520527184009545 -0.006556367501616478
v 0.0006797743262723087 0.03376044705510139 -0.0064660971984267235
v 0.0007069313433021306 0.03369553759694099 -0.006409160792827606
v 0.000714426627382636 0.033930022269487374 -0.006330340635031462
v 0.0007447568932548164 0.03387723863124847 -0.006262940354645252
v 0.000572830787859857 0.03401135653257369 -0.006434173788875341
v 0.0005449597956612705 0.03387694433331489 -0.0065413773991167545
v 0.0004434701986610889 0.03373637050390243 -0.00665748305618763
v 0.0002825365227181464 0.033635407686233514 -0.006743728183209896
v -0.0005726423114538192 0.034011520445346825 -0.006434075068682432
v -0.0005437501822598277 0.0338744893670082 -0.006543376017361879
v -0.0004440165357664227 0.033737029880285256 -0.006656936835497618
v -0.0003247617278248071 0.03365503624081611 -0.006726755760610104
v -0.0001334106345893815 0.03359223157167434 -0.006781500298529863
v 7.87606622907333e-05 0.033584684133529656 -0.0067881750874221325
v 0.0006545548094436525 0.0339779146015644 -0.0063914954662323
v 0.0006227473495528101 0.03382344543933868 -0.0065149725414812565
v 0.0005067582824267446 0.03366200998425483 -0.006648890674114227
v 0.0003228140121791511 0.03354616463184356 -0.006748528219759464
v 8.996263204608111e-05 0.03348800912499427 -0.0067999460734426975
v -0.00015241638175211844 0.0334966629743576 -0.006792217493057251
v -0.0003710993623826652 0.033568680286407464 -0.006728908978402615
v -0.0005074048531241714 0.03366275876760482 -0.0066482629626989365
v -0.0006213869783096014 0.03382062911987304 -0.006517273373901844
v -0.0006543382769450544 0.03397812694311141 -0.006391413509845734
v 0.0006988784880377351 0.03408107534050941 -0.006106270942837
v 0.000678800803143531 0.034105520695447915 -0.006195207126438618
v 0.000554675469174981 0.03428684547543525 -0.006061044987291098
v 0.0005661725299432873 0.03426286950707435 -0.005973086226731539
v 0.000404837162932381 0.03439849615097045 -0.0059812492690980434
v 0.0003623596276156604 0.03439899161458015 -0.00587746175006032
v 0.0001659335976000875 0.03448494151234626 -0.005921076517552137
v 0.00015019442071206865 0.03446389362215995 -0.005833257455378771
v 3.6313718965175207e-07 0.03447649627923965 -0.005824824329465628
v -9.807485184865071e-05 0.03449535369873046 -0.0059139421209692955
v -0.00011408776481403037 0.034469209611415856 -0.005829700268805027
v -0.0003517436562106013 0.03442535921931266 -0.005962394643574953
v -0.00036392864421941335 0.034398246556520455 -0.005877968855202198
v -0.000552714627701789 0.034288648515939706 -0.006059747189283371
v -0.0005666237557306885 0.03426219150424003 -0.0059736049734056
v -0.0006794915534555911 0.034103486686944955 -0.006196754518896341
v -0.0006890765507705509 0.03410083428025245 -0.006091509014368057
v -0.0007436265004798769 0.03390804678201675 -0.006238770205527544
v -0.0005449790623970329 0.034148681908845895 -0.0063283187337219715
v -0.0004435264272615313 0.03429517149925231 -0.006219374481588602
v -0.00028240389656275505 0.03440325334668159 -0.006141693331301212
v 0.0005444582784548401 0.03415029868483543 -0.0063270870596170425
v 0.0004451292043086141 0.034293744713068 -0.006220408249646425
v 0.00032502086833119387 0.03438202664256095 -0.006156756542623043
v 0.0001332996762357652 0.034450322389602654 -0.006108646746724844
v -7.876820018282159e-05 0.03445855155587196 -0.006102932617068291
v -0.0006226394907571374 0.034135866910219186 -0.006269814912229776
v -0.000506602635141462 0.034304440021514886 -0.0061448500491678715
v -0.0003224835381843149 0.034428883343935006 -0.006055933889001608
v -8.993491792352869e-05 0.034492589533329 -0.006011634599417448
v 0.0001521715166745707 0.03448310866951942 -0.006018162239342928
v 0.0003711503522936254 0.0344044342637062 -0.006073163356631994
v 0.0005084129516035317 0.034302797168493264 -0.00614603515714407
v 0.0006220213253982364 0.03413772210478782 -0.006268403027206659
v -0.002497336361557245 0.03300091996788978 -0.006330019794404507
v -0.002756874775514006 0.03296955674886703 -0.0061491066589951515
v -0.0026726168580353256 0.03312018141150474 -0.006108851172029972
v -0.002385608153417706 0.03257323428988456 -0.006666981615126133
v -0.002510418416932225 0.03256570175290107 -0.0065915402956306934
v -0.0023059013765305276 0.033384047448635094 -0.0061891148798167706
v -0.002512256614863872 0.03327685222029685 -0.006118800025433302
v -0.0027851064223796125 0.03281759843230247 -0.006231782957911491
v -0.002742933109402656 0.03268123045563697 -0.006355104967951775
v -0.0026706932112574573 0.03261315822601318 -0.00645193038508296
v -0.001885734382085502 0.032928533852100365 -0.0067388988099992275
v -0.0020217527635395523 0.03275693953037261 -0.0067694662138819695
v -0.0022612963803112503 0.03260821476578712 -0.006721706595271826
v -0.0018644828815013168 0.03327246755361556 -0.0065338280983269215
v -0.0021069962531328197 0.03298720717430114 -0.0065876697190105915
v -0.0019430009415373204 0.03335760161280631 -0.006433920469135046
v -0.002104372018948197 0.03341095894575118 -0.006301514804363251
v -0.0018297877395525573 0.03311920166015624 -0.006650353316217661
v -0.0018782874103635547 0.03341554477810859 -0.006410747300833464
v -0.002003662753850221 0.03346934169530868 -0.006300988141447306
v -0.00194543891120702 0.033518590033054345 -0.006239281967282295
v -0.0018018757691606877 0.03345661610364913 -0.006364958360791206
v -0.0018844039877876637 0.033538423478603356 -0.006165056023746729
v -0.001727383700199425 0.03347029909491538 -0.006302566733211279
v -0.0025657126680016513 0.033327076584100716 -0.005847804713994265
v -0.002341354032978415 0.03344184160232543 -0.005816406104713678
v -0.002370703965425491 0.033457070589065545 -0.0058999694883823395
v -0.0020917146466672416 0.033531017601490014 -0.0059289708733558655
v -0.002122274367138743 0.033542104065418236 -0.0060119652189314365
v -0.0018599956529214976 0.03353458270430564 -0.006075059529393911
v -0.0027507848571985956 0.03310092538595199 -0.005795491859316826
v -0.002602924825623631 0.033248387277126305 -0.005755415186285973
v -0.0025667734444141384 0.03328258171677589 -0.005759282037615776
v -0.0027435799129307266 0.03313948959112167 -0.005843317601829767
v -0.0028638234362006183 0.03292879089713096 -0.0058969794772565365
v -0.002875844249501824 0.0328867882490158 -0.005893640220165253
v -0.002912295516580343 0.03274141252040862 -0.005989702884107828
v -0.0027456437237560745 0.032359044998884194 -0.0063742781057953835
v -0.0027407081797718997 0.032331798225641244 -0.006354368757456541
v -0.00280525186099112 0.03240534663200378 -0.006300006993114948
v -0.002861940301954746 0.03247015178203582 -0.006201894488185644
v -0.0028940616175532337 0.03254761546850204 -0.006137464195489883
v -0.0029147912282496686 0.032660853117704385 -0.006040535867214203
v -0.002915316261351108 0.03268370404839515 -0.006023791618645191
v -0.002742867218330502 0.03244489431381225 -0.00642063794657588
v -0.0027630294207483526 0.032572060823440545 -0.00638886122033
v -0.0027154982089996334 0.03253469988703727 -0.006447299383580685
v -0.002164972713217139 0.03352214395999908 -0.00609802920371294
v -0.0021982498001307245 0.03347262740135192 -0.006175898015499115
v -0.002396091585978865 0.0334438532590866 -0.005993828643113375
v -0.002405664417892694 0.03340318799018859 -0.006082580890506506
v -0.0025777379050850864 0.03332377597689628 -0.005945136770606041
v -0.0025690577458590265 0.03329623863101005 -0.006038885097950697
v -0.0027423817664384838 0.033151239156723016 -0.005940730217844248
v -0.002715841634199023 0.03314359113574027 -0.0060348547995090485
v -0.002852242905646562 0.03295928612351417 -0.005989523138850927
v -0.00281192478723824 0.03297632560133933 -0.006077308673411608
v -0.0028957447502762075 0.0327901467680931 -0.006073244381695986
v -0.0028490186668932434 0.03283111006021499 -0.006149135529994965
v -0.002878614934161305 0.03261587023735046 -0.006206247955560684
v -0.0028336499817669387 0.032682411372661584 -0.006262572482228279
v -0.0027974708937108512 0.0324873924255371 -0.006353260017931461
v -0.0016688928008079527 0.033458035439252846 -0.006238067988306284
v -0.002915337914600968 0.032622925937175744 -0.0059474073350429535
v -0.0029145102016627784 0.03265284001827239 -0.005927005782723427
v -0.0027821399271488185 0.0330267921090126 -0.005769922398030758
v -0.002863629953935742 0.03286799415946006 -0.00581621378660202
v 0.0022934591397643085 0.03259602934122085 -0.006709786131978035
v 0.0020613598171621557 0.03272242471575736 -0.006768306717276573
v 0.0021238864865154024 0.03298057615756988 -0.006582310423254967
v 0.0018973393598571418 0.03290722891688346 -0.006745773367583752
v 0.0018324283882975576 0.0330861248075962 -0.0066697304137051105
v 0.002159818075597286 0.03341137245297431 -0.00626639137044549
v 0.002064686501398682 0.033405531197786324 -0.006329755298793316
v 0.0019429670646786688 0.03335711732506751 -0.006434338167309761
v 0.0018463333835825322 0.03323258459568023 -0.006569504737854004
v 0.0025017762091010805 0.032998770475387566 -0.006328355986624956
v 0.002315510995686054 0.03338035196065902 -0.00618527177721262
v 0.0025625592097640033 0.03323573619127273 -0.006110822781920433
v 0.002769071608781814 0.032731354236602776 -0.006302305497229099
v 0.00267045060172677 0.032612532377243035 -0.006452563218772411
v 0.002782392548397183 0.03287029638886451 -0.006197943817824125
v 0.002722522476688027 0.03304199874401092 -0.006125382147729397
v 0.0025438631419092412 0.03256858512759208 -0.006567609962075949
v 0.002912225434556603 0.032649371773004525 -0.006075073033571243
v 0.0028949666302651163 0.03284103795886039 -0.00595554756000638
v 0.002909591188654303 0.032758437097072594 -0.0059722838923335075
v 0.0028879351448267694 0.03285138309001922 -0.005914086010307074
v 0.0028127764817327257 0.0330396182835102 -0.005881110206246376
v 0.0027820214163511987 0.03305878490209579 -0.005811318289488554
v 0.0026661988813430067 0.033236615359783166 -0.005856575444340706
v 0.002603056142106652 0.033247686922550194 -0.005755995400249958
v 0.0024615742731839414 0.033407103270292275 -0.005890491418540478
v 0.0025388617068529125 0.03330636769533157 -0.00576415378600359
v 0.002317230217158794 0.03348418697714805 -0.005940179340541363
v 0.0022973786108195777 0.03346253931522369 -0.005833573639392853
v 0.002082291059195995 0.033531956374645226 -0.005934176035225391
v 0.0020513965282589193 0.03354914486408233 -0.00607401505112648
v 0.0019966412801295515 0.03354196995496749 -0.0059835766442120075
v 0.0018373328493908046 0.033519439399242394 -0.006226108409464359
v 0.001845602295361459 0.033531717956066125 -0.006085469853132963
v 0.0017300852341577409 0.03346987068653106 -0.006305507384240627
v 0.0016689267940819261 0.033457603305578225 -0.006238422356545925
v 0.001981291221454739 0.03342784196138381 -0.006357098929584026
v 0.0021460913121700283 0.03345058858394622 -0.006240135058760643
v 0.002357097808271646 0.03340042382478713 -0.006134272553026676
v 0.0024730386212468143 0.03333992511034011 -0.006094533950090408
v 0.002636132296174764 0.03320664539933204 -0.006067469250410795
v 0.0027493990492075677 0.03305635973811149 -0.006085999775677919
v 0.002810033736750483 0.03290990367531776 -0.006140796467661858
v 0.002821436850354075 0.03277191519737243 -0.006226764060556889
v 0.0027831024490296836 0.032656639814376824 -0.006333470810204744
v 0.0027339023072272535 0.03248234465718269 -0.006435197778046131
v 0.0028674299828708168 0.032480139285326 -0.006192271132022142
v 0.0027404236607253547 0.03233113512396812 -0.006355016492307186
v 0.0027448101900517936 0.032354149967432015 -0.006372024305164814
v 0.002861315151676535 0.03248926997184753 -0.006223270203918219
v 0.0029151930939406152 0.03268297389149665 -0.006024445407092571
v 0.0018405901500955222 0.033438708633184426 -0.006390805821865797
v 0.0019116287585347889 0.033490642905235284 -0.006301783490926027
v 0.0021043650340288873 0.03351733833551406 -0.00616489676758647
v 0.002346557797864079 0.03345892205834388 -0.006043033208698034
v 0.002478659618645906 0.0333891250193119 -0.0059975516051054
v 0.0026653243694454427 0.033234968781471246 -0.005966455675661564
v 0.002797374967485666 0.033058501780033105 -0.0059882705099880695
v 0.00287006190046668 0.03288288414478301 -0.006054060533642769
v 0.002884631277993321 0.03271489962935447 -0.006158859934657812
v 0.002839082153514027 0.03257457166910171 -0.0062888921238482
v 0.0036062323488295074 0.03305136412382125 -0.0037779840640723705
v 0.0034937395248562093 0.03323091566562652 -0.0037966177333146334
v 0.003611474763602018 0.03305849432945251 -0.003689609933644533
v 0.003498936770483851 0.033243760466575616 -0.003660481423139572
v 0.003583972807973623 0.03305911272764205 -0.0033174005802720785
v 0.0034599991049617525 0.03324434906244277 -0.003289652056992054
v 0.0028576124459505077 0.03404334187507629 -0.0035502139944583178
v 0.002780418144538998 0.03403178974986076 -0.0032329815439879894
v 0.0030927555635571475 0.033706251531839364 -0.003236912889406085
v 0.0031928331591188903 0.03366179764270782 -0.0035032627638429403
v 0.003085739444941282 0.03377395123243331 -0.0038771454710513353
v 0.0028839644510298963 0.0339953489601612 -0.003920472227036953
v 0.0036062132567167278 0.03301559016108512 -0.00392657658085227
v 0.0036073804367333646 0.0328364148736 -0.004662319086492062
v 0.003176426282152533 0.033456876873970025 -0.004723568446934223
v 0.0036064905580133195 0.032915383577346795 -0.004340564366430044
v 0.002884002402424812 0.033795401453971856 -0.00475036958232522
v 0.003606509184464812 0.03295271471142768 -0.0041854772716760635
v 0.0028876315336674447 0.03370679914951324 -0.004891447257250547
v 0.003271388821303844 0.033091999590396874 -0.005064208060503006
v 0.002888824557885527 0.03336329385638236 -0.005332031287252903
v 0.0032511984463781114 0.032720990478992455 -0.005485177971422672
v 0.0028637568466365333 0.03286691009998321 -0.005817031022161245
v 0.0028137413319200273 0.032353058457374566 -0.006214619614183903
v 0.0028691398911178108 0.032428648322820657 -0.006120212376117706
v 0.003197683952748775 0.032299414277076714 -0.0058775246143341064
v 0.0029010535217821594 0.032509133219718926 -0.006039028521627188
v 0.00290901493281126 0.03270477429032325 -0.005894825328141451
v 0.0035391747951507564 0.03208407759666442 -0.005593237467110157
v 0.0031193830072879787 0.03187194094061851 -0.006214731372892857
v 0.0027903162408620115 0.03213224932551383 -0.006359918974339962
v 0.003596024820581078 0.032489661127328866 -0.0051441495306789875
v 0.0036074894014745946 0.032832209020853036 -0.0046691675670444965
v 0.0027042638976126905 0.03218738734722137 -0.006395953707396984
v 0.0026151379570364948 0.03224085643887519 -0.006432333029806614
v 0.0026739984750747676 0.03226054832339286 -0.006378550548106432
v 0.0027916529215872283 0.03233196958899497 -0.0062454999424517155
v 0.0025373233947902914 0.032225273549556725 -0.006494859233498573
v 0.0024532473180443044 0.03221925720572471 -0.006553635932505131
v 0.0025319750420749183 0.0322343036532402 -0.006511084735393524
v 0.00278549687936902 0.033020768314599984 -0.005771659780293703
v 0.002735589630901813 0.03309465572237968 -0.0057594990357756615
v 0.0016591438325121997 0.033450555056333535 -0.006248563062399626
v 0.0015353843336924908 0.03330299630761146 -0.006411754991859198
v 0.0015717921778559683 0.033157318830490105 -0.006609026808291674
v 0.0014870602171868084 0.03309809416532516 -0.006566131953150034
v 0.0015986725920811293 0.032948616892099374 -0.006724555976688862
v 0.0015226739924401043 0.03288140892982482 -0.006681209895759821
v 0.0016981834778562186 0.03274445608258247 -0.006797343958169222
v 0.0016422433545812962 0.03265338018536567 -0.006757296621799469
v 0.0018765468848869202 0.03254596516489982 -0.006821899209171534
v 0.0018298308132216332 0.03245676681399345 -0.006776577793061733
v 0.0021225155796855684 0.03238866850733756 -0.006778468377888203
v 0.0020655917469412084 0.03230877220630645 -0.006734449416399002
v 0.002388125983998179 0.03231090307235717 -0.006665683817118406
v 0.002322917571291327 0.032228954136371606 -0.006629830691963434
v 0.002613668097183108 0.03231991827487945 -0.006512993481010199
v 0.00259421719238162 0.03253088146448135 -0.006549787241965532
v 0.0024181690532714124 0.03252379596233367 -0.006669333670288324
v 0.002616760320961475 0.03242445737123489 -0.006546630058437586
v 0.001627396326512098 0.033345878124237054 -0.0064598810859024525
v 0.0017252707621082661 0.03333726525306701 -0.006509039085358381
v 0.0018254435854032634 0.03330036997795104 -0.006530196871608496
v 0.0016760411672294138 0.03317196294665336 -0.006640436593443155
v 0.0017845965921878813 0.03316449746489524 -0.00663895346224308
v 0.00169959117192775 0.03298820182681083 -0.006742399651557207
v 0.0018040547147393224 0.03301228210330009 -0.006723684724420309
v 0.001788117457181215 0.032806828618049615 -0.0068068974651396275
v 0.0018785790307447312 0.032859820872545235 -0.006777703296393156
v 0.0019484715303406117 0.03262875601649284 -0.0068283420987427235
v 0.002015738049522042 0.03270770609378814 -0.006795375607907772
v 0.0021713664755225177 0.03248660266399383 -0.006788149010390043
v 0.002208652207627892 0.032584797590970986 -0.006759681273251772
v 0.002412654925137758 0.03241623938083648 -0.006684993393719196
v -0.0028884939383715387 0.03336438536643981 -0.005331073421984911
v 0.002270532306283712 0.033677641302347176 -0.005659767892211676
v 0.0013845070498064158 0.032723993062973016 -0.0068201045505702496
v -0.001489374437369406 0.03303276374936103 -0.0066046277061104774
v -0.001487736473791301 0.03312204778194427 -0.006550109013915062
v -0.0007909296546131371 0.03359757736325263 -0.006460322067141533
v -0.0007914690067991613 0.03283866122364997 -0.006927117705345154
v -0.00100092776119709 0.032805401831865304 -0.006895370781421661
v -0.0015139325987547634 0.03290839865803718 -0.0066684540361166
v -0.0015075874980539081 0.033233903348445885 -0.00646968511864543
v -0.0015414205845445392 0.03331527113914489 -0.006400187034159899
v -0.0015526965726166961 0.033404294401407235 -0.006332824006676674
v -0.0016430546529591081 0.032653052359819405 -0.006757079157978296
v -0.0016087443800643084 0.03270331397652625 -0.006744413170963526
v -0.0015591150149703024 0.0327923260629177 -0.006716017611324787
v -0.00042476892122067506 0.03287834301590919 -0.006966070272028446
v 8.37082509974607e-08 0.032894648611545556 -0.006982582621276379
v 0.00014850139268673954 0.032892636954784386 -0.006980507634580135
v 0.0007493544835597276 0.03284445405006408 -0.006932684686034918
v 0.0007911695865914224 0.033597569912672036 -0.006460295990109444
v 0.0015549808740615843 0.03403383865952491 -0.005816957447677851
v 0.0015529351076111195 0.03340427577495574 -0.006332775577902794
v 0.002269028918817639 0.034141026437282555 -0.005131084937602282
v 0.002395940944552421 0.034254815429449074 -0.004779497627168894
v 0.0018710969015955923 0.03463195636868476 -0.004795320797711611
v 0.0020899558439850803 0.034487888216972344 -0.004790390841662884
v 0.002261918736621737 0.03436163812875747 -0.0047848960384726524
v 0.0013732810039073227 0.03489526733756065 -0.00480135902762413
v 0.0015439420239999888 0.034814760088920586 -0.0047995480708777905
v 0.001551050692796707 0.03452834114432334 -0.005264317151159048
v 0.0007870752597227692 0.034770485013723366 -0.005353693384677172
v 0.0008471821784041821 0.035083051770925515 -0.00480452599003911
v 0.0012083362089470027 0.03496380522847175 -0.004802769515663385
v -0.000381032470613718 0.0351756140589714 -0.004804542753845453
v 5.526333168859309e-08 0.03519941121339797 -0.00480440491810441
v 1.0899812963316434e-07 0.03485415503382682 -0.005386351607739925
v 0.0003453420649748295 0.03517976775765418 -0.004804729484021664
v 0.0007825179491192101 0.035100009292364114 -0.0048046717420220375
v -0.0015508389333263037 0.03452836722135543 -0.005264360457658768
v -0.0009235271718353032 0.03506141901016235 -0.004803968593478203
v -0.0007868641987442969 0.03477049618959426 -0.0053537157364189625
v -0.0008525777957402169 0.035081673413515084 -0.00480416277423501
v -0.0007824246422387658 0.035100128501653664 -0.004804309457540512
v -0.0019218126544728873 0.03459993377327918 -0.004794026259332895
v -0.0018083604518324135 0.03466981649398803 -0.004796038381755352
v -0.0014482050901278851 0.03486115485429763 -0.004800527822226286
v -0.002261542016640305 0.0343615710735321 -0.00478476844727993
v -0.002268829150125384 0.03414106741547584 -0.005131145007908344
v -0.0023931781761348243 0.03425676375627517 -0.004779573529958725
v -0.0028874408453702922 0.033707410097122185 -0.0048906500451266766
v -0.0015547567745670674 0.034033864736557 -0.005817002151161432
v -0.002270318334922194 0.033677671104669564 -0.005659833084791899
v -0.0007897016475908457 0.034255925565958016 -0.005925522651523352
v 0.00078992813359946 0.03425591066479682 -0.005925500299781561
v -0.0026671530213207 0.03228547424077987 -0.0064186519011855125
v -0.002587730530649423 0.03229901567101478 -0.006522481795400381
v -0.002453560475260019 0.03221983462572097 -0.006553079467266798
v -0.0023421663790941234 0.0323009006679058 -0.006679760292172432
v -0.0023077116347849365 0.03223214671015739 -0.006637262646108866
v -0.0020785231608897443 0.03239044919610023 -0.00678253173828125
v -0.0019567455165088172 0.03236755728721618 -0.006760584190487862
v -0.0022055301815271373 0.03225654736161231 -0.006684282794594765
v -0.001996829872950911 0.032436307519674294 -0.0068013034760952
v -0.0017645891057327388 0.032630503177642815 -0.006811345461755991
v -0.0017388706328347323 0.03254017978906631 -0.006774998269975185
v -0.0016235862858593462 0.03283878043293952 -0.0067591057159006596
v -0.001557089854031801 0.03306727856397628 -0.006652934942394495
v -0.001574320252984762 0.033257860690355294 -0.006524282973259687
v -0.0016684471629559992 0.03341975063085555 -0.006369259674102068
v -0.0018311074236407874 0.03337645903229713 -0.00646285992115736
v -0.0017573245568200944 0.03325138241052627 -0.006583963055163622
v -0.001743552624247968 0.033103965222835534 -0.0066842492669820786
v -0.0017957604723051188 0.03292466700077056 -0.006767646875232458
v -0.0019090628484264014 0.03275784477591514 -0.00680883415043354
v -0.002099324949085712 0.03259936720132827 -0.006799202412366867
v -0.00216683791950345 0.03256161138415336 -0.006783237215131521
v -0.0023852621670812364 0.032487846910953515 -0.006696826312690973
v -0.002587403170764446 0.0324864350259304 -0.006566871888935566
v -0.001747885951772332 0.03341089561581611 -0.006425271742045879
v -0.0016624133568257091 0.03326492011547088 -0.006565713323652744
v -0.0016465935623273251 0.03309302031993865 -0.006682136096060276
v -0.001706899609416723 0.03288579732179641 -0.00677846884354949
v -0.001836010720580816 0.03269542008638381 -0.006825895048677921
v -0.002050331328064203 0.03251662477850913 -0.006815922446548939
v -0.0021259933710098262 0.032474257051944726 -0.006798311602324247
v -0.0023704397026449438 0.032391544431447976 -0.006702392362058163
v -0.00259758997708559 0.03238990530371665 -0.006556663196533918
v -0.002652431139722466 0.032252933830022805 -0.006398642901331186
v -0.0028136246837675567 0.03235331922769546 -0.006214439868927002
v -0.002876078244298696 0.032441969960927956 -0.006105394568294287
v -0.002536991378292441 0.03222579136490821 -0.0064947535283863544
v -0.002614233177155256 0.03224114328622817 -0.006432754453271627
v -0.0027900869026780124 0.032132174819707864 -0.00636005075648427
v -0.0027037137188017364 0.03218750283122062 -0.006396230775862932
v -0.0032708300277590747 0.033092483878135674 -0.005064414814114571
v -0.0031971312128007408 0.03229980543255805 -0.005877748131752014
v -0.0031192316673696037 0.031871605664491647 -0.006214866880327463
v -0.003250641049817204 0.032721430063247674 -0.0054853977635502815
v -0.0035949212033301588 0.03248458728194236 -0.0051515246741473675
v -0.0036047340836375947 0.03283047303557395 -0.004679846577346325
v -0.003539070254191756 0.032083757221698754 -0.00559343583881855
v -0.003398929955437779 0.03155368939042091 -0.006089284084737301
v -0.003098136512562632 0.030492218211293217 -0.00697990320622921
v -0.0031346706673502918 0.030411455780267712 -0.00696937320753932
v -0.0033581207972019906 0.030417984351515766 -0.006790497340261936
v -0.0031142297666519876 0.030977737158536908 -0.006848964840173721
v -0.00305562000721693 0.030858265236020085 -0.0069243754260241985
v -0.003044707234948873 0.030705917626619336 -0.006970491725951433
v -0.0035537716466933485 0.030455624684691426 -0.006606132723391056
v -0.0034774595405906434 0.03077178820967674 -0.00660242885351181
v -0.0032323838677257295 0.03105022199451923 -0.006737091578543186
v -0.0034010405652225013 0.03104371018707752 -0.0065955957397818565
v -0.003609283128753304 0.030197149142622944 -0.006606909912079573
v -0.0036629179958254095 0.029918590560555455 -0.006605615373700857
v -0.0036353601608425374 0.02992858178913593 -0.006630932912230492
v -0.003607717109844088 0.029940169304609295 -0.006655626464635134
v -0.003306401195004582 0.030165679752826687 -0.006881958805024624
v -0.0033661720808595415 0.030105354264378544 -0.00684334198012948
v -0.0036050502676516767 0.0299413725733757 -0.006657969206571579
v -0.0037348496261984106 0.030546965077519413 -0.006399346515536308
v -0.00392801035195589 0.029941204935312268 -0.0063138920813798904
v -0.003985159564763307 0.03002204559743404 -0.006227302830666304
v -0.003966983873397111 0.03039118461310863 -0.006162481382489204
v -0.003852037480100989 0.030641494318842884 -0.006237872876226902
v -0.004006879869848489 0.030189113691449162 -0.006161627825349569
v -0.004007952753454446 0.030150262638926503 -0.006169445347040892
v -0.0037970235571265216 0.029895599931478497 -0.006471091415733099
v -0.0034224938135594125 0.031037032604217526 -0.006577916443347931
v -0.0034438529983162876 0.031029257923364636 -0.006560290232300758
v -0.00366827892139554 0.030876459553837773 -0.006378907710313797
v -0.003802424762398004 0.0307895615696907 -0.005917397327721119
v -0.0037794641684740777 0.030827118083834645 -0.005935515742748976
v -0.003805486019700765 0.03084713220596313 -0.006029034499078989
v -0.003755631390959024 0.03086367808282375 -0.005954525899142027
v -0.0035531318280845876 0.031099118292331692 -0.006118927616626024
v -0.003824137151241302 0.0307617075741291 -0.005912605207413435
v -0.003813379211351275 0.030775703489780423 -0.005914921872317791
v -0.0038659444544464345 0.030753092840313908 -0.005990905221551657
v -0.0038303427863866086 0.030818106606602665 -0.006119620054960251
v -0.0038869297131896015 0.03072750754654407 -0.006080911494791508
v -0.003827923675999045 0.03077231906354427 -0.006206589750945568
v -0.003880982287228107 0.0306875966489315 -0.006167890504002571
v -0.0034421177115291353 0.03110946342349052 -0.006516928784549236
v -0.0033277985639870162 0.031246665865182873 -0.0063063111156225204
v -0.003378100227564573 0.031228130683302876 -0.006377476267516613
v -0.003637161804363131 0.03104983828961849 -0.006163160782307386
v -0.0034196146298199888 0.031180532649159428 -0.006452818401157856
v -0.003667382756248116 0.03101205080747604 -0.006248744670301676
v -0.0036732098087668415 0.030954176560044285 -0.0063280100002884865
v -0.004010151140391826 0.030395563691854473 -0.006083193235099316
v -0.003932795487344264 0.030594427138566967 -0.005897901486605406
v -0.004013017751276492 0.03041834197938442 -0.005907018203288317
v -0.0040245605632662764 0.030411358922719952 -0.005989722441881895
v -0.004043174441903829 0.030321732163429257 -0.005922590848058462
v -0.004067285452038049 0.030201392248272892 -0.005986808333545923
v -0.0040722331032156936 0.030109904706478115 -0.0059883021749556065
v -0.00406680954620242 0.030025636777281758 -0.00602734973654151
v -0.004032423254102468 0.029897829517722126 -0.006109106354415417
v -0.00402627233415842 0.029974194243550297 -0.00616417033597827
v -0.004008302465081214 0.02984995953738689 -0.0061483969911932945
v -0.003971466328948735 0.029881412163376805 -0.0062524545937776566
v -0.003975560888648032 0.029803084209561344 -0.006194300018250942
v -0.003865613834932446 0.02973222360014915 -0.006340719759464264
v -0.003919407725334167 0.029747497290372845 -0.006261876318603754
v -0.0038322848267853256 0.029694341123104092 -0.006349368952214718
v -0.003541061887517571 0.029657835140824314 -0.006572507321834564
v -0.0036203379277139898 0.029652964323759076 -0.0065195877104997635
v -0.0035541825927793975 0.029671156778931614 -0.006581613793969154
v -0.003672240767627954 0.02972714230418205 -0.006550217978656292
v -0.0036076777614653106 0.02974493987858295 -0.006611451972275972
v -0.0037044775672256942 0.029816573485732075 -0.006562769878655672
v -0.003645419608801603 0.029832754284143444 -0.0066190543584525585
v -0.0038704464677721258 0.029818583279848095 -0.006383890751749277
v -0.00387722672894597 0.029820716008543965 -0.006375767290592194
v -0.0038578356616199012 0.02972975187003612 -0.006350075826048851
v -0.0037583406083285804 0.029668884351849552 -0.006414281204342842
v -0.004047275520861148 0.03006215766072273 -0.006117101758718491
v -0.004048239439725875 0.030209768563508984 -0.0060804178938269615
v -0.004041559062898158 0.029921233654022213 -0.006092068273574114
v -0.004050890449434518 0.02994991652667522 -0.00607242900878191
v -0.0036181383766233917 0.029853347688913342 -0.00664602592587471
v -0.0035855055321007963 0.029776370152831074 -0.006644838489592075
v -0.0035406174138188358 0.029708385467529293 -0.006625988055020571
v -0.0034813198726624246 0.02969587408006191 -0.006641891319304705
v -0.0034549606498330827 0.029672484844923016 -0.006624319590628147
v -0.0034984634257853027 0.02966389805078506 -0.006598813459277153
v -0.003539870027452707 0.0297683123499155 -0.006669987924396992
v -0.003583906218409538 0.02985497564077377 -0.0066739474423229694
v -0.003276491770520806 0.029731640592217442 -0.006715442053973675
v -0.003428946947678923 0.02964271046221256 -0.006593657657504082
v -0.004072219599038362 0.02993885055184364 -0.005773319397121668
v -0.004052586387842893 0.029775060713291165 -0.005841563455760479
v -0.003981236834079026 0.029639575630426403 -0.005972673185169697
v -0.003857450326904654 0.02956573478877544 -0.006148478016257286
v -0.003682221053168177 0.029558941721916195 -0.006352872587740421
v -0.0035746917128562923 0.029583862051367756 -0.006461655721068382
v -0.0040584071539342395 0.030104899778962132 -0.0057521085254848
v -0.003982137888669967 0.030403142794966694 -0.005784230772405863
v -0.003822867991402745 0.03075422905385494 -0.005901374388486147
v -0.0038127289153635498 0.03077195212244987 -0.005909319035708904
v -0.0038823876529932018 0.03208715096116065 -0.0049248612485826015
v -0.003943912684917449 0.03219318762421607 -0.004583876579999924
v -0.0040976889431476584 0.03143519908189773 -0.0049949218519032
v -0.004131368827074765 0.03174059465527534 -0.00452061090618372
v -0.003750157775357365 0.03146854788064956 -0.005675331689417362
v -0.0035944753326475616 0.03122938238084316 -0.0060125389136374
v -0.003996939864009618 0.03108597174286842 -0.005467515904456377
v -0.0038380448240786787 0.03178750351071357 -0.005309565924108028
v -0.003293078392744064 0.03126011043787002 -0.006335578393191099
v -0.003299798816442489 0.03125771135091781 -0.006329958327114582
v -0.00341837597079575 0.03111792169511318 -0.006537031382322311
v -0.0033514883834868665 0.03123820014297962 -0.006401870399713516
v -0.0033944945316761728 0.0311245322227478 -0.006557679735124111
v -0.0033939941786229606 0.031189747154712674 -0.0064753638580441475
v -0.0033678545150905843 0.03119774535298347 -0.006498062517493963
v -0.0033236506860703226 0.031247273087501522 -0.006425766274333
v -0.003271051682531833 0.031267333775758736 -0.006354126613587141
v -0.0029508147854357954 0.031248748302459713 -0.006628210656344891
v -0.003139552660286426 0.03128903359174728 -0.006464865058660507
v -0.0030638014432042833 0.03155392035841941 -0.006419619079679251
v -0.0027599842287600036 0.031780615448951714 -0.006555748637765646
v -0.002742964075878262 0.03133009746670722 -0.006744784768670797
v -0.00275537627749145 0.031051196157932278 -0.006826883647590876
v -0.002877990016713738 0.031202962622046467 -0.006695977877825499
v -0.0029182441066950555 0.031230969354510304 -0.0066579789854586124
v -0.0027848407626152034 0.030326405540108677 -0.006983201019465923
v -0.0028185392729938026 0.03025555424392223 -0.006974379997700453
v -0.0028930441476404663 0.03028546832501888 -0.007013991940766573
v -0.002756361616775393 0.03039687685668468 -0.006987826433032751
v -0.0028592336457222696 0.031092889606952664 -0.006842749658972025
v -0.0027043917216360565 0.03090662322938442 -0.006900879088789225
v -0.002794859698042273 0.030952967703342434 -0.006926698610186577
v -0.0026927720755338664 0.030661938712000843 -0.006970319431275129
v -0.0027690001297742124 0.030746897682547566 -0.006997711956501007
v -0.002793882507830858 0.030554102733731266 -0.007026453968137503
v -0.0029842155054211612 0.031213570386171337 -0.0067163859494030476
v -0.003153565805405378 0.0312669351696968 -0.006568059790879488
v -0.0032541230320930477 0.03114049136638641 -0.006674768403172493
v -0.0031231727916747327 0.031100558117032048 -0.006789918523281813
v -0.003030083375051617 0.031011916697025296 -0.006884428672492504
v -0.0029821745119988914 0.03090843372046947 -0.006947099231183529
v -0.0029625492170453067 0.03075088188052177 -0.007001342251896858
v -0.0029827745165675874 0.030596535652875897 -0.0070236604660749435
v -0.0030666694510728116 0.030371095985174176 -0.007011223118752241
v -0.0032100970856845375 0.031215805560350415 -0.006629908923059702
v -0.0030571171082556243 0.03116832301020622 -0.006764065939933062
v -0.002945864107459783 0.031061613932251927 -0.00687667541205883
v -0.002888591960072517 0.03093755058944225 -0.006951412186026573
v -0.002865431364625692 0.030752537772059437 -0.007015151437371969
v -0.0028883593622595067 0.030576357617974278 -0.00704107154160738
v -0.0029811398126184936 0.03032625652849674 -0.007028475869446993
v -0.002857298823073506 0.030184920877218243 -0.0069611757062375546
v -0.003047641366720199 0.029929239302873608 -0.006867942400276661
v -0.0031829043291509147 0.029901085421442982 -0.006866453215479851
v -0.0031162479426711793 0.02986013330519199 -0.006826250348240137
v -0.0028234033379703756 0.030246147885918614 -0.006972881965339184
v -0.002828329568728804 0.030236795544624325 -0.006971313152462244
v -0.0031079088803380723 0.0302957110106945 -0.006995182950049639
v -0.003026842605322599 0.030244359746575352 -0.0070112282410264015
v -0.0029422286897897716 0.030198676511645314 -0.006996438838541508
v -0.0033199933823198076 0.030035139992833134 -0.006876491475850344
v -0.003255684161558747 0.029962725937366482 -0.006885678507387638
v -0.0036571128293871875 0.028940331190824505 -0.006447663065046072
v -0.0032917466014623638 0.029255827888846394 -0.006761363707482815
v -0.003342743497341871 0.028535999357700344 -0.006771480664610863
v -0.0031430160161107774 0.028542147949337956 -0.006935721728950739
v -0.0029222560115158554 0.029213633388280865 -0.0070500001311302185
v -0.002970637287944555 0.028459411114454266 -0.007069524377584457
v -0.0028394069522619243 0.0283006839454174 -0.007168621756136417
v -0.0027634762227535243 0.028075503185391423 -0.007227404974400997
v -0.002845059614628553 0.028068127110600468 -0.007269653491675854
v -0.002902888925746083 0.02825749851763248 -0.007221824023872614
v -0.0030081432778388257 0.028403980657458302 -0.007140031084418297
v -0.003149792784824967 0.028492398560047146 -0.007028826046735048
v -0.003206040477380156 0.028507633134722706 -0.006983881816267967
v -0.003394266357645392 0.02849728241562843 -0.0068284571170806885
v -0.0034446676727384325 0.02834769897162914 -0.0069388109259307384
v -0.0029859030619263645 0.02804659120738506 -0.007281927857547998
v -0.0030781850218772884 0.02817871421575546 -0.007234163582324982
v -0.003153813304379582 0.02828291058540344 -0.007174644153565168
v -0.0032556569203734394 0.02834532782435417 -0.007094000466167927
v -0.0032972572371363635 0.02835633978247642 -0.007060584612190723
v -0.003429177915677428 0.02843188866972923 -0.0068919663317501545
v -0.003258497919887304 0.028441516682505604 -0.007032925728708506
v -0.0032085904385894533 0.028428139165043827 -0.007072883192449808
v -0.0030842088162899013 0.028351156041026112 -0.007170832250267267
v -0.002991816261783242 0.028223246335983273 -0.007242959458380938
v -0.003064140677452087 0.02787533216178417 -0.00726305041462183
v -0.0029601156711578365 0.027869390323758122 -0.007294460665434599
v -0.0030010589398443695 0.02770067565143108 -0.007277451455593109
v -0.0028506841044872995 0.027863983064889904 -0.007286374922841787
v -0.002861305139958858 0.027672547847032544 -0.007265838794410229
v -0.0027512034866958852 0.027957445010542866 -0.007238599471747875
v -0.002780209062620997 0.027661405503749844 -0.00722409738227725
v -0.002862398279830813 0.027408493682742115 -0.007168688345700502
v -0.003085374133661389 0.02758185006678104 -0.007239312864840031
v -0.002995021408423781 0.027548344805836674 -0.007253172807395458
v -0.0029028621502220626 0.027521815150976178 -0.007236264646053314
v -0.003031193511560559 0.027107583358883854 -0.007043345831334591
v -0.0032634306699037548 0.027239840477705 -0.007101848255842924
v -0.0031013430561870332 0.027137614786624905 -0.007087722886353731
v -0.003185069421306252 0.027182519435882565 -0.007109066005796194
v -0.003599988995119929 0.02530647628009319 -0.006468433421105146
v -0.003794073592871427 0.025041034445166584 -0.006249081809073687
v -0.003874642308801412 0.025658933445811268 -0.0062017193995416164
v -0.00386303081177175 0.024906072765588757 -0.0061628432013094425
v -0.003920830320566892 0.024765279144048687 -0.006085971370339394
v -0.0030820264946669336 0.02583510428667068 -0.00695530790835619
v -0.0030953339301049705 0.025497151538729664 -0.006922632921487093
v -0.0034931348636746402 0.025903781875967976 -0.0066095031797885895
v -0.0032667799387127157 0.025503439828753468 -0.006784580182284117
v -0.003465166082605719 0.025420535355806347 -0.0066045355051755905
v -0.0030477910768240686 0.024841113016009327 -0.007154229562729597
v -0.0030699542257934804 0.024613114073872563 -0.007115937769412994
v -0.003248871304094791 0.0246631558984518 -0.006986210122704506
v -0.00315955257974565 0.02434207499027252 -0.0070213074795901775
v -0.003267285646870732 0.024147542193531987 -0.006917059421539307
v -0.0032290003728121515 0.02519961819052696 -0.007049775216728449
v -0.0031978168990463014 0.025184134021401402 -0.007072669453918934
v -0.0030615990981459613 0.02496213652193546 -0.007155377417802811
v -0.00311514176428318 0.02510055527091026 -0.007128189783543348
v -0.003314238507300615 0.025214649736881253 -0.006983306724578142
v -0.003447600174695253 0.025179723277688023 -0.0068695684894919395
v -0.0036047846078872676 0.02506489865481853 -0.0067210327833890915
v -0.0038411128334701057 0.02472574636340141 -0.006463759578764439
v -0.0038995968643575902 0.024591188877820965 -0.006391327362507582
v -0.0038918501231819387 0.0246110837906599 -0.006401222199201584
v -0.0036726286634802814 0.02427229657769203 -0.006584390066564083
v -0.003972254693508147 0.024338517338037487 -0.006290466524660587
v -0.003923023119568824 0.023866295814514157 -0.00629382161423564
v -0.003977422136813401 0.023990215733647343 -0.006249723490327597
v -0.003990390803664922 0.024203613400459286 -0.0062576234340667725
v -0.003434628946706652 0.023946950212121006 -0.006758440285921097
v -0.0034522870555520053 0.02393076196312904 -0.006741711404174566
v -0.0038361141923815008 0.023798262700438496 -0.006374690681695938
v -0.0037028011865913864 0.023790106177330014 -0.006502565927803516
v -0.0035377694293856616 0.023863974958658215 -0.006660521030426025
v -0.003346837358549237 0.024040637537837025 -0.006841540802270174
v -0.0029625371098518367 0.023979112505912777 -0.0068747373297810555
v -0.0030199445318430658 0.023897901177406308 -0.006822838447988033
v -0.003130294848233461 0.023873014375567433 -0.006835391279309988
v -0.0030799284577369686 0.02382377907633781 -0.006768760737031698
v -0.0031346108298748727 0.023781191557645794 -0.006741595454514027
v -0.003035986796021461 0.02399829030036926 -0.0069198706187307835
v -0.0032118817325681444 0.023916987702250477 -0.006862991489470005
v -0.0031213990878313775 0.024036999791860577 -0.006945595145225525
v -0.003202806925401091 0.024090150371193882 -0.006943590939044952
v -0.0032879940699785943 0.023976629599928852 -0.006864198483526707
v -0.0033419707324355836 0.023835850879549977 -0.00677641574293375
v -0.003240800695493817 0.023764664307236668 -0.006744058337062597
v -0.003189846174791455 0.023743001744151112 -0.006713047623634338
v -0.002922951709479093 0.024042136967182156 -0.00691073015332222
v -0.0030879734549671407 0.024297062307596203 -0.0070530083030462265
v -0.00276956264860928 0.02437857538461685 -0.0070554944686591625
v -0.0029102012049406763 0.02422651648521423 -0.007037170697003603
v -0.0028168254066258665 0.02449317835271358 -0.007131150458008051
v -0.0027383754495531316 0.024486143141984936 -0.007088027894496918
v -0.002699849428609013 0.024713046848773953 -0.007136994507163763
v -0.0027755028568208213 0.0248449370265007 -0.0071945772506296635
v -0.002695724833756685 0.02485009469091892 -0.007153132930397987
v -0.0028177853673696514 0.025102771818637844 -0.007189040072262287
v -0.002713827416300773 0.02501769363880157 -0.007156815379858017
v -0.0029000027570873495 0.025272332131862637 -0.007145158015191555
v -0.0027898151893168683 0.025236831977963444 -0.007124915719032288
v -0.0030189983081072565 0.0253948550671339 -0.007067445665597916
v -0.0029100719839334484 0.025394460186362263 -0.007053324021399021
v -0.00310209603048861 0.025437956675887104 -0.007010308559983969
v -0.003046313533559441 0.025481071323156353 -0.006959189660847187
v -0.0032023196108639236 0.02528438903391361 -0.00706046586856246
v -0.0030036258976906534 0.024536374956369397 -0.0071395086124539375
v -0.0029673520475625987 0.024840032681822773 -0.007195258978754282
v -0.003000868950039148 0.025045227259397503 -0.00719023309648037
v -0.0030612540431320663 0.025168972089886662 -0.007157149724662304
v -0.003144742920994758 0.025254055857658383 -0.0071018957532942295
v -0.003158037550747394 0.02536891214549541 -0.007047432474792004
v -0.00308618601411581 0.025331582874059674 -0.007098047062754631
v -0.0029826259706169362 0.025225497782230374 -0.007166016381233931
v -0.0029098661616444583 0.02507604658603668 -0.00720525486394763
v -0.002871340839192271 0.0248412974178791 -0.007210632786154747
v -0.002910511568188667 0.024510590359568592 -0.007150520104914904
v -0.0030001264531165357 0.024255884811282154 -0.0070596663281321526
v -0.003070426872000098 0.02548984996974468 -0.006941379047930241
v -0.003310575615614652 0.02530380710959434 -0.006976186763495207
v -0.003288305131718516 0.02539255283772945 -0.006946119014173746
v -0.0032493094913661476 0.02546487934887409 -0.00689588813111186
v -0.003441965207457542 0.025413811206817623 -0.006729429122060537
v -0.0036345974076539274 0.025268284603953358 -0.0065422020852565765
v -0.003638639813289046 0.02525958605110645 -0.0065551633015275
v -0.003465022193267941 0.025346063077449795 -0.0067938752472400665
v -0.0036459492985159154 0.025174630805850026 -0.0066496143117547035
v -0.0034662191756069656 0.025263043120503422 -0.006842679809778929
v -0.0034488360397517677 0.023621775209903714 -0.006562584545463324
v -0.0033726859837770458 0.023667572066187855 -0.006633360870182514
v -0.0034393637906759973 0.02362449653446674 -0.006568493787199259
v -0.003983392845839261 0.023796416819095608 -0.006164631340652704
v -0.0039011605549603696 0.02370043098926544 -0.006240725051611662
v -0.003979247529059648 0.02378994226455688 -0.0061686960980296135
v -0.004038697574287652 0.024429827928543087 -0.006032027769833803
v -0.0040444103069603434 0.02442100457847118 -0.006056899204850197
v -0.004072729963809251 0.024155002087354657 -0.006045132875442505
v -0.003866099519655108 0.02475340105593204 -0.006435524672269821
v -0.0038999156095087524 0.024869643151760098 -0.006257846485823393
v -0.003933744505047797 0.024728884920477864 -0.006068069953471422
v -0.003927364945411681 0.024747142568230625 -0.0060769496485590935
v -0.0040376828983426085 0.023927021771669384 -0.006120148114860058
v -0.00405567418783903 0.023982992395758625 -0.006084660068154335
v -0.0038043255917727943 0.023649964481592175 -0.006332980468869209
v -0.0038770516403019424 0.0236813873052597 -0.006261360365897417
v -0.0038399235345423217 0.02365682646632194 -0.006291510537266731
v -0.0036649352405220266 0.023599540814757344 -0.006419082172214985
v -0.003664933610707521 0.023643810302019116 -0.006466211285442114
v -0.0034524968359619375 0.02373532950878143 -0.006666627246886492
v -0.004000280052423476 0.02435381524264812 -0.006256308406591415
v -0.004021359141916036 0.024109635502099987 -0.006209160666912794
v -0.0035168831236660476 0.023823013529181477 -0.006669014226645231
v -0.0037053136620670553 0.023742126300930973 -0.00648955162614584
v -0.003820338519290089 0.023747140541672703 -0.006379320751875639
v -0.0038953192997723813 0.023785816505551335 -0.006308237090706825
v -0.003956854809075593 0.023856664076447483 -0.006252052262425423
v -0.003998901695013045 0.023955568671226498 -0.006217719055712223
v -0.004064552020281552 0.024115072563290593 -0.006109434645622969
v -0.004041421227157115 0.02438932657241821 -0.006162043660879135
v -0.0039011056069284673 0.024816023185849186 -0.006353714037686586
v -0.00403680745512247 0.024342197924852368 -0.005912307184189558
v -0.004041100852191447 0.024318680167198178 -0.00590495765209198
v -0.004072723444551229 0.023987812921404835 -0.005835005547851324
v -0.004262446425855159 0.028259735554456707 -0.005699216388165951
v -0.004203035030514001 0.028808522969484326 -0.005752506200224161
v -0.003986244555562734 0.028560295701026913 -0.006089589558541775
v -0.004393046256154775 0.016641484573483464 -0.0055536231957376
v -0.004879360552877187 0.015509597957134245 -0.005202708765864372
v -0.004609717056155204 0.017930371686816212 -0.005025146063417196
v -0.00514519540593028 0.013021470978856085 -0.005368527956306934
v -0.005506528075784444 0.012449668720364569 -0.004909487906843424
v -0.00466225342825055 0.014224865473806856 -0.005745087284594774
v -0.004729437176138162 0.013553353957831858 -0.005788516718894243
v -0.004100611433386802 0.019605385139584538 -0.005369372665882111
v -0.004103263840079307 0.01956386491656303 -0.005369078833609819
v -0.004465877078473567 0.019539045169949528 -0.004959648475050926
v -0.004117048811167478 0.019362756982445713 -0.005369982216507196
v -0.004212647676467895 0.018283568322658535 -0.005421607289463282
v -0.004051531199365853 0.020784489810466763 -0.005454123951494694
v -0.004401975777000188 0.020894499495625492 -0.0050560650415718555
v -0.004049072973430156 0.020885113626718518 -0.005467327311635017
v -0.004350923001766204 0.022516213357448574 -0.005309315398335457
v -0.003975081257522105 0.023572076112031933 -0.005907033570110798
v -0.00404649507254362 0.020996794104576107 -0.00548273092135787
v -0.004251387435942887 0.02466800063848495 -0.005657702684402466
v -0.004044992849230765 0.023735757917165753 -0.005842960439622402
v -0.004326347727328538 0.027528528124094006 -0.005621691234409809
v -0.004489276092499494 0.025272112339735028 -0.005319074261933565
v -0.004641140811145305 0.02249813079833984 -0.004863498732447624
v -0.005155751015990972 0.015753643587231633 -0.004713708534836769
v -0.004847820382565259 0.018684070557355877 -0.00453914375975728
v -0.004781163297593593 0.019511414691805836 -0.004524311050772667
v -0.004764637444168328 0.019760042428970333 -0.004529143217951059
v -0.004709795117378234 0.020835930481553074 -0.004612558521330357
v -0.003859390970319509 0.023467846214771267 -0.0060231792740523815
v -0.0036401527468115087 0.023443732410669323 -0.00624276977032423
v -0.003297059098258614 0.023614965379238125 -0.006570482160896063
v -0.0031586440745741125 0.023738700896501538 -0.006697521079331636
v -0.003119154134765267 0.023779958486557003 -0.006733335554599762
v -0.0036305498797446485 0.02212962135672569 -0.00605997396633029
v -0.00320592476055026 0.020897135138511654 -0.006204587873071432
v -0.004349434282630681 0.012919852510094641 -0.0062128957360982895
v -0.004428176209330558 0.011600783094763754 -0.006222920026630163
v -0.004903058055788278 0.01108136400580406 -0.005859219003468752
v -0.003888970240950584 0.01209454983472824 -0.006541271228343248
v -0.003759296145290136 0.01425114646553993 -0.006504189223051071
v -0.004198920913040637 0.014656445942819117 -0.006122147664427757
v -0.0034514802973717447 0.017280662432312962 -0.006256368476897478
v -0.0035525022540241476 0.016346145421266552 -0.006344344932585955
v -0.0036878152750432487 0.015039351768791674 -0.006454200949519873
v -0.003250913461670279 0.019478596746921536 -0.0060938503593206406
v -0.0033209323883056636 0.018568804487586018 -0.006139317527413368
v -0.0037939369212836023 0.018370205536484715 -0.005803369451314211
v -0.003650564700365066 0.02077679336071014 -0.005836512893438339
v -0.003207413479685783 0.020769009366631504 -0.006185303907841444
v -0.003691789926961064 0.019626535475254055 -0.005748842377215624
v -0.0032198929693549867 0.020160855725407597 -0.006115581374615431
v -0.0032414656598120923 0.019645266234874722 -0.006093672942370176
v -0.0048394380137324325 0.012204947881400583 -0.005845572333782911
v -0.004863298498094081 0.011031776666641234 -0.005887327715754509
v -0.0038482286036014553 0.012041661888360975 -0.006554608233273029
v -0.0038237317930907007 0.012013734318315981 -0.006555875297635794
v -0.004345323424786328 0.011515120975673197 -0.006253296509385109
v -0.004813483916223048 0.010983180254697798 -0.005902385339140892
v -0.004699102602899074 0.010904124006628988 -0.005888508632779121
v -0.004251213278621434 0.01143866218626499 -0.0062351287342607975
v -0.00401224847882986 0.011688775382935999 -0.006388016510754824
v -0.003748794319108128 0.011941753327846525 -0.006536292843520641
v 0.003637265413999557 0.012299436144530771 -0.006664245389401913
v 0.003889041487127542 0.01209471561014652 -0.006540670059621334
v 0.0038237192202359434 0.012013501487672327 -0.006555816158652306
v -0.003482851199805736 0.012175401672720907 -0.006667624227702618
v -0.003024789504706859 0.012631683610379694 -0.00689652981236577
v -0.0029182683210819955 0.01260449457913637 -0.00689617870375514
v -0.0025673571508377786 0.012913807295262812 -0.0070412480272352695
v -0.0023409777786582704 0.01295518036931753 -0.007072567008435726
v -0.0020862750243395563 0.01315687410533428 -0.007161423563957214
v -0.0017511311452835796 0.013227071613073347 -0.007203881163150072
v 0.0013469852274283765 0.013364665210247038 -0.007268726825714111
v 0.0020865486003458496 0.01315619796514511 -0.007161071989685297
v 0.0019959448836743827 0.013123990967869757 -0.0071545750834047794
v 0.0025676796212792392 0.012913396582007406 -0.0070409998297691345
v 0.0025760633870959278 0.01282250043004751 -0.007006789091974497
v 0.0030251371208578344 0.012631577439606188 -0.006896407343447208
v 0.003149193944409489 0.012439806014299391 -0.006810167338699102
v 0.0030405439902096982 0.012723222374916075 -0.00690455874428153
v 0.003748992225155234 0.01194210723042488 -0.006535646505653858
v 0.0024321908131241794 0.013070929795503615 -0.0070891957730054855
v 0.0018128419760614631 0.013341159559786318 -0.007226041052490473
v 0.0011840118095278738 0.013531903736293314 -0.007319579366594553
v 0.0015847746981307862 0.013352727517485617 -0.00725560262799263
v 0.0010665075387805698 0.013497220352292059 -0.00732368603348732
v 0.0005364452372305094 0.013584964908659456 -0.007364562712609768
v 0.0005367575795389711 0.013642581179738043 -0.007372889202088118
v 2.662145561771467e-07 0.013614358380436896 -0.007378170732408762
v -4.7021374484756955e-05 0.013670632615685461 -0.007386284414678812
v -0.0005359691567718982 0.013585159555077551 -0.0073646665550768375
v -0.0007027655374258756 0.013622526079416273 -0.007363294251263142
v -0.001066188560798764 0.013497776351869105 -0.007323961239308119
v -0.0013695927336812017 0.013484872877597807 -0.007296749856323004
v -0.001584527897648513 0.013353510759770868 -0.007255984004586935
v -0.002045756438747048 0.013249872252345083 -0.0071804276667535305
v 0.0007037904579192399 0.013507724739611147 -0.007335164118558168
v 7.0090260123834e-05 0.01355989836156368 -0.007359188050031662
v -0.0005227384972386061 0.013531545177102087 -0.007346169091761112
v -0.0011463203700259326 0.013419899158179758 -0.007294487673789263
v -0.0026535664219409223 0.012954103760421274 -0.007028381340205669
v -0.003258614335209131 0.012577760033309458 -0.006824249401688576
v 0.0031369419302791353 0.025133967399597164 -0.007114850450307131
v 0.0032292054966092105 0.025200843811035153 -0.007049820385873318
v 0.003075097687542438 0.02502072229981422 -0.007150871213525534
v 0.0032495153136551376 0.024661574512720105 -0.006985658314079046
v 0.0030544062610715623 0.024937761947512623 -0.007158484775573015
v 0.0030461377464234825 0.02477280423045158 -0.007149019278585911
v 0.003267679829150438 0.024143300950527188 -0.0069163828156888485
v 0.0032663312740623947 0.024145312607288357 -0.00691766245290637
v 0.0030997821595519777 0.024490728974342343 -0.007081666495651007
v 0.003063790965825319 0.02463114075362682 -0.007122326176613569
v 0.003608935279771685 0.024387203156948086 -0.006655051838606596
v 0.0034319071564823385 0.02394740469753742 -0.006760886404663324
v 0.0033458541147410865 0.02403897792100906 -0.006842256058007479
v 0.003982378635555505 0.02425935491919517 -0.006271976046264172
v 0.00399024412035942 0.024127218872308728 -0.006250249221920967
v 0.0037339117843657728 0.023785719648003575 -0.00647282600402832
v 0.003640659851953387 0.023808369413018223 -0.006562287453562021
v 0.00351535459049046 0.02387815713882446 -0.00668179290369153
v 0.003859085729345679 0.023811323568224903 -0.006353300996124744
v 0.0039336751215159884 0.023886643350124356 -0.006285086274147034
v 0.003977424930781125 0.024002619087696072 -0.006251177750527859
v 0.0037727195303887124 0.024846617132425305 -0.006543040741235018
v 0.003933545667678117 0.02448512054979801 -0.006345941685140133
v 0.003270426299422979 0.025211906060576435 -0.007018285803496838
v 0.0034199929796159263 0.025191195309162136 -0.0068940953351557255
v 0.0034256789367645975 0.025188844650983807 -0.006889089941978455
v 0.003602393670007586 0.025065187364816662 -0.006723375525325537
v 0.0037157915066927667 0.024932332336902615 -0.006605852860957384
v 0.0032871023286134 0.023974854499101635 -0.006864805240184069
v 0.003164294874295592 0.024057758972048756 -0.006947164423763752
v 0.003211092902347445 0.02391509525477886 -0.006863481365144253
v 0.003129593795165419 0.023871023207902905 -0.006835791748017073
v 0.0030391775071620937 0.02399414964020252 -0.006919786334037781
v 0.0030191258992999788 0.023895852267742154 -0.006823293399065733
v 0.0029634966049343343 0.02397401817142963 -0.00687352754175663
v 0.003187168156728148 0.023743471130728718 -0.006715367082506418
v 0.00313186552375555 0.02378170937299728 -0.006743907928466797
v 0.003077101660892367 0.02382436394691467 -0.0067710778675973415
v 0.003230347298085689 0.023761238902807232 -0.006742300931364298
v 0.00330825918354094 0.023810286074876782 -0.006773269269615412
v 0.0033790643792599435 0.023876545950770375 -0.006778896786272526
v 0.0030714292079210277 0.02511242032051086 -0.0071570249274373055
v 0.0031377617269754405 0.025196533650159832 -0.007114863954484463
v 0.0030491114594042297 0.025483317673206326 -0.006957327481359243
v 0.0031054515857249494 0.025439141318202015 -0.007009458728134632
v 0.0028872853145003314 0.025375032797455784 -0.007068256847560406
v 0.00298823625780642 0.0253507774323225 -0.007105676922947168
v 0.002884578192606568 0.02521807141602039 -0.007170117925852537
v 0.0028137997724115844 0.025029892101883885 -0.007203459739685059
v 0.002764565404504537 0.025190666317939755 -0.007138226646929979
v 0.002795191947370767 0.025251604616641995 -0.007122534792870283
v 0.002703979145735502 0.02465063519775867 -0.007128002122044563
v 0.002698414027690887 0.024932354688644406 -0.00715919304639101
v 0.0027176633011549707 0.025047868490219113 -0.007157095242291689
v 0.0027921532746404405 0.024753898382186886 -0.007192404940724373
v 0.002857489045709371 0.024406319484114643 -0.0071119461208581924
v 0.0027911316137760873 0.0243102665990591 -0.00703344726935029
v 0.0029551626648753877 0.023986646905541417 -0.006881076376885176
v 0.0031559730414301153 0.0242959838360548 -0.007017930503934622
v 0.0030619869939982887 0.024472145363688465 -0.007102805655449629
v 0.0030058585107326503 0.024767536669969555 -0.007172906771302223
v 0.003022321499884128 0.02498224005103111 -0.007181181106716394
v 0.0029628439806401725 0.024433925747871395 -0.007126337382942438
v 0.002901484258472919 0.02475822530686855 -0.007202278356999159
v 0.0029208841733634468 0.025006836280226704 -0.007212038151919842
v 0.0029821076896041627 0.025169063359498974 -0.007182701490819454
v 0.0030692238360643383 0.025280021131038662 -0.007128104567527771
v 0.0031837229616940017 0.025329109281301495 -0.007056348957121372
v 0.003435862017795443 0.025230411440134045 -0.0068795690312981606
v 0.0034420555457472797 0.025329902768135067 -0.006836202461272478
v 0.0036435874644666906 0.02517480961978435 -0.006652080453932285
v 0.0034203191753476854 0.025413995608687397 -0.006769024301320314
v 0.0036323501262813802 0.02526851929724216 -0.006544664967805147
v 0.0030719889327883716 0.025491340085864064 -0.006940389983355999
v 0.0030955208931118246 0.0254980307072401 -0.00692265760153532
v 0.003304328070953488 0.02525871247053146 -0.006990818772464991
v 0.0032859647180885072 0.025363599881529805 -0.006968882400542498
v 0.003244911320507526 0.025452166795730587 -0.00691860681399703
v 0.003192780772224068 0.025510113686323162 -0.006846236065030098
v 0.0034297995734959836 0.025232937186956402 -0.006884928792715073
v 0.003435128834098577 0.025332834571599957 -0.006842380855232477
v 0.003412723541259765 0.02541725523769855 -0.006775843445211649
v 0.003386957803741097 0.0254638846963644 -0.006678292062133551
v 0.0035977484658360477 0.025306774303317067 -0.006470785476267338
v 0.004016973078250884 0.027051921933889386 -0.0063953036442399025
v 0.003950052894651889 0.02697084844112396 -0.006470119580626488
v 0.00405018264427781 0.027173001319169995 -0.006357870064675808
v 0.003924881573766469 0.027388319373130795 -0.006503450684249401
v 0.0038981323596090074 0.027807192876935 -0.006531825289130211
v 0.0040122359059751025 0.027520954608917233 -0.006404590792953968
v 0.004040885716676711 0.02739407122135162 -0.006370621267706156
v 0.003653954248875379 0.026735797524452206 -0.006637864746153355
v 0.0036188401281833644 0.0267384722828865 -0.006662285886704922
v 0.0034335511736571784 0.026845855638384816 -0.0068466998636722565
v 0.0034463417250663038 0.026778042316436764 -0.006772317923605442
v 0.0033740617800503965 0.026806717738509175 -0.006813938729465008
v 0.00396159803494811 0.026828812435269352 -0.0063860793597996235
v 0.0038166767917573448 0.026753144338726994 -0.0065146260894834995
v 0.003867931896820664 0.026790440082550045 -0.006493065971881151
v 0.003683427115902304 0.026735125109553334 -0.006616805214434862
v 0.0037236679345369335 0.026792528107762333 -0.006643206812441349
v 0.003675762098282575 0.02673515491187572 -0.00662233354523778
v 0.0037176629994064565 0.02679389156401157 -0.006649250164628029
v 0.0034922610502690072 0.02690203860402107 -0.006865061353892088
v 0.0039164023473858825 0.026952398940920826 -0.006506930571049452
v 0.0039654835127294055 0.026890961453318592 -0.006430963985621929
v 0.0035418621264398094 0.02696898020803928 -0.006865072064101696
v 0.0035767639055848117 0.02703713439404964 -0.006848321296274662
v 0.0037507810629904266 0.02686895430088043 -0.00666374247521162
v 0.0037681923713535066 0.02694536931812763 -0.006662419065833092
v 0.0037562351208180185 0.026867730543017384 -0.006658231373876333
v 0.0038844214286655183 0.026865720748901364 -0.006524727679789066
v 0.003755208337679505 0.0280263926833868 -0.006677995901554823
v 0.0035765508655458684 0.028195213526487347 -0.006844875402748585
v 0.0032277235295623537 0.02745259180665016 -0.00714800925925374
v 0.0031252682674676176 0.027723750099539753 -0.007224888075143099
v 0.0031182968523353334 0.027875192463397976 -0.007227996364235878
v 0.0033705625683069225 0.027233043685555455 -0.00703143747523427
v 0.003248140215873718 0.027414917945861813 -0.007131908554583788
v 0.0031636541243642564 0.028165953233838078 -0.007187446113675833
v 0.003354421583935618 0.028115697205066677 -0.007039249874651432
v 0.003115660976618528 0.028043620288372036 -0.0072265067137777805
v 0.0031110930722206827 0.02802655659615993 -0.007230247370898724
v 0.003387632546946406 0.028272124007344242 -0.007007041480392218
v 0.003234281903132796 0.02823729999363422 -0.007131300400942564
v 0.003102557500824332 0.027876764535903927 -0.007239546626806259
v 0.003022662596777081 0.02787174098193645 -0.007281345780938864
v 0.002986230188980698 0.028057502582669255 -0.007281559519469738
v 0.002926910994574427 0.02786644361913204 -0.007297548931092024
v 0.002830976620316505 0.027861794456839558 -0.007282229606062174
v 0.002845739712938666 0.02808119915425777 -0.007268933113664389
v 0.0028613426256924863 0.027658307924866673 -0.00726461224257946
v 0.0027817364316433664 0.027646917849779126 -0.007223290391266346
v 0.0027532433159649368 0.027818886563181874 -0.007240109145641327
v 0.0027643453795462842 0.02808938547968864 -0.0072265067137777805
v 0.002955560805276036 0.02767696231603622 -0.007280522957444191
v 0.0030488097108900543 0.027700278908014294 -0.007265216205269098
v 0.0035968557931482788 0.02827213145792484 -0.006806413177400827
v 0.003405538154765963 0.028354976326227185 -0.00697224261239171
v 0.0033851333428174253 0.028440743684768673 -0.00692974217236042
v 0.0035967766307294364 0.02834866195917129 -0.006745414342731237
v 0.00334644503891468 0.028507400304079052 -0.006869311444461346
v 0.003572996007278561 0.02840820141136646 -0.006671374198049307
v 0.002853668294847011 0.028123352676630017 -0.007261067163199186
v 0.0028380709700286384 0.028300940990447995 -0.007169608026742935
v 0.00291846296750009 0.028289152309298512 -0.007210003212094307
v 0.0029707853682339187 0.028460483998060223 -0.007069456856697798
v 0.0030282917432487007 0.02842275239527225 -0.007124727126210928
v 0.003148467047140002 0.028543429449200627 -0.006931080017238855
v 0.003167941235005855 0.02849827520549297 -0.007014827337116003
v 0.0033311105798929925 0.028538038954138752 -0.006781222298741341
v 0.0030416599474847312 0.028078883886337277 -0.0072639151476323605
v 0.0029481819365173574 0.028104152530431744 -0.007278169970959425
v 0.003089638659730553 0.028201004490256306 -0.007225510198622942
v 0.0030056836549192663 0.028250778093934056 -0.007232590578496456
v 0.003168092109262943 0.028295345604419705 -0.007163856644183397
v 0.003101883921772241 0.02836712077260017 -0.007157571613788605
v 0.003268735250458121 0.02834871038794517 -0.007084019016474485
v 0.003224610816687345 0.028432898223400112 -0.007060711272060871
v 0.0035341868642717596 0.028441494330763813 -0.006601380649954081
v 0.0029226990882307287 0.029210576787590977 -0.007050072308629751
v 0.003007258521392941 0.02997282706201076 -0.006891084369271994
v 0.0032333133276551958 0.02976080402731895 -0.006747369188815355
v 0.0032922499813139434 0.02925285696983337 -0.0067613390274345875
v 0.0032755327410995956 0.02973101660609245 -0.006716435309499502
v 0.0034287511371076103 0.029641730710864064 -0.006594077218323946
v 0.0036574867554008956 0.028938611969351765 -0.006447537802159786
v 0.0037182939704507585 0.02826505713164806 -0.006421343423426151
v 0.0036270464770495887 0.028364282101392743 -0.006512897554785013
v 0.003515095449984073 0.029603727161884304 -0.006517859175801277
v 0.0035750272218137975 0.029582891613245007 -0.006461572367697954
v 0.002828814787790179 0.030233522877097126 -0.006971665658056736
v 0.003781081875786185 0.028203871101140972 -0.006469681393355131
v 0.0038146423175930973 0.02812976576387882 -0.006318878848105669
v 0.003797707380726933 0.028154700994491574 -0.006551727652549744
v 0.0037876102142035957 0.028091626241803166 -0.0066248406656086445
v 0.003936551976948976 0.02785951271653175 -0.006469246000051498
v 0.003951645456254481 0.027910238131880757 -0.006387850269675255
v 0.003937965724617242 0.027949934825301167 -0.006300309207290411
v 0.003900728421285748 0.027973245829343792 -0.006221568677574396
v 0.004098022822290658 0.0273209773004055 -0.006280884612351656
v 0.00405563972890377 0.027554735541343685 -0.006332968827337027
v 0.004074827767908572 0.02758761681616306 -0.006243481300771236
v 0.004079503472894429 0.02754782512784004 -0.006131203845143318
v 0.004115550313144921 0.027373425662517544 -0.00613922905176878
v 0.004119991790503263 0.02733214199542999 -0.006186807993799448
v 0.004124210216104983 0.027245607227087017 -0.0061611696146428585
v 0.004121513571590184 0.02717870473861694 -0.00617862306535244
v 0.0041163661517202845 0.02713295444846153 -0.006192986387759447
v 0.003926173318177461 0.027918070554733273 -0.006191647611558437
v 0.004063494037836789 0.02761348150670528 -0.006150422152131796
v 0.0040936367586255065 0.02713777497410774 -0.006284718401730061
v 0.004080296028405427 0.027073023840785023 -0.006300122011452913
v 0.004033758305013179 0.02696426212787628 -0.006353835575282574
v 0.0039902161806821814 0.026855302974581715 -0.006357408594340086
v 0.004089165944606065 0.027019390836358067 -0.006240371149033308
v 0.004097940400242805 0.02704677917063236 -0.006227078847587109
v 0.003950050566345452 0.027861323207616803 -0.006163064856082201
v 0.004114622715860604 0.02712154202163219 -0.006196926347911358
v 0.0033551901578903194 0.026773855090141293 -0.006772260181605816
v 0.00320885214023292 0.026898344978690144 -0.006899470463395119
v 0.0036110989749431606 0.026628261432051655 -0.00652798218652606
v 0.003823190694674849 0.026590211316943165 -0.006302117370069027
v 0.003974495455622672 0.026642460376024243 -0.006125010550022125
v 0.004013583064079284 0.026677628979086872 -0.006076780613511801
v 0.004069876391440629 0.026763679459691044 -0.006005448754876852
v 0.004114569164812564 0.02692155539989471 -0.005947522819042206
v 0.004124199040234088 0.02706613019108772 -0.005935605149716139
v 0.004121923353523015 0.027143701910972592 -0.005939312744885683
v 0.004070423543453216 0.027482179924845692 -0.00601043039932847
v 0.0028942439239472146 0.027334766462445256 -0.007146076764911413
v 0.0030314996838569637 0.0271044448018074 -0.007043159566819668
v 0.0029364000074565406 0.02725422382354736 -0.007115303538739681
v 0.0030115605331957336 0.02727679908275604 -0.007157143205404282
v 0.0033124270848929878 0.026897348463535305 -0.006912810727953911
v 0.0033877182286232706 0.026953037828207013 -0.00693939346820116
v 0.0034540137276053424 0.027024289593100544 -0.006940015591681004
v 0.00318215531297028 0.02736459299921989 -0.007166532799601555
v 0.0030987737700343128 0.027315422892570492 -0.00717659667134285
v 0.0034935879521071907 0.025898408144712445 -0.006608904805034399
v 0.0037601683288812633 0.025094827637076374 -0.006289597600698471
v 0.0038750483654439445 0.0256552193313837 -0.006201192736625671
v 0.003921398427337407 0.024758001789450642 -0.006084876134991646
v 0.00404376396909356 0.0239434577524662 -0.006098844576627016
v 0.004002030473202466 0.02390087209641933 -0.00619445601478219
v 0.004036062862724065 0.02404968254268169 -0.006172808352857828
v 0.003399315290153026 0.023638505488634106 -0.006595882121473551
v 0.003931610379368066 0.024729026481509205 -0.0060707153752446175
v 0.004039316438138484 0.024418162181973454 -0.006035175174474716
v 0.003941168077290057 0.024766730144619938 -0.006182216107845306
v 0.0036673648282885547 0.02523168176412582 -0.00650470145046711
v 0.003821972524747252 0.025015136227011677 -0.006331366486847401
v 0.003926551900804042 0.024743560701608654 -0.006077751517295837
v 0.003667938290163874 0.025103617459535595 -0.0066473702900111675
v 0.003813437651842832 0.024906126782298085 -0.006488834507763386
v 0.003927119076251983 0.02467722818255424 -0.006351166870445013
v 0.004032179713249206 0.024281846359372136 -0.0062002018094062805
v 0.0036076083779335018 0.023724447935819622 -0.006564034614712
v 0.0035550887696444984 0.02364537492394447 -0.006543426308780909
v 0.0036368553992360826 0.023600721731781956 -0.006442520301789045
v 0.003779981983825564 0.023699685931205746 -0.0063996086828410625
v 0.003752080257982015 0.023619730025529858 -0.0063593084923923016
v 0.003877280047163367 0.023735433816909787 -0.00630694767460227
v 0.0038195177912712093 0.02364687994122505 -0.0063074990175664425
v 0.003920774441212415 0.023720728233456608 -0.006222965661436319
v 0.003945882432162761 0.02379856631159782 -0.006243151146918535
v 0.003958030603826045 0.023763708770275112 -0.00618921360000968
v 0.00405933242291212 0.024015113711357113 -0.006076610181480646
v 0.004062714055180549 0.024045990779995915 -0.006079454906284809
v 0.004070290829986333 0.024155590683221814 -0.006048070266842842
v 0.004058463964611291 0.02430576458573341 -0.006109798327088356
v 0.004053593613207339 0.024345627054572102 -0.0060339500196278095
v 0.003680804511532187 0.02517408691346645 -0.0065817637369036674
v 0.0038318336009979244 0.024965930730104443 -0.00641452893614769
v 0.003948935773223638 0.024726090952754017 -0.00627009617164731
v 0.004038743209093808 0.024319384247064587 -0.005908061750233173
v 0.0031178903300315137 0.023778859525918957 -0.006734275724738836
v 0.0031589488498866554 0.023736137896776196 -0.006697067525237799
v 0.0033076386898756023 0.023605229333043095 -0.006560586392879486
v 0.003555431496351957 0.023466514423489567 -0.006325674708932638
v 0.0036477211397141214 0.023442588746547696 -0.006235474720597267
v 0.0038177296519279476 0.023452473804354664 -0.006065678782761097
v 0.003920051734894513 0.02351208962500095 -0.005962373688817024
v 0.003950482700020074 0.023543726652860638 -0.005931959953159094
v 0.003975103609263896 0.023576766252517697 -0.005907699931412935
v 0.004043313674628734 0.02373990975320339 -0.005845585837960243
v 0.0040598446503281585 0.023826560005545613 -0.005834692623466253
v 0.00407028617337346 0.023988654837012287 -0.005838257726281881
v 0.004729735199362039 0.013553366065025328 -0.005788404960185289
v 0.004801346920430659 0.012730710208415983 -0.005828598979860544
v 0.004349942319095134 0.012919610366225241 -0.0062126656994223595
v 0.004044787026941775 0.02108419500291347 -0.005495188757777214
v 0.003196466481313109 0.022002935409545895 -0.006399636622518301
v 0.003630977356806397 0.022127909585833546 -0.006059435661882162
v 0.0032076707575470205 0.02076788060367107 -0.006185068748891354
v 0.003650994505733251 0.020775649696588513 -0.005836126860231161
v 0.0032097094226628538 0.020623354241251942 -0.006164929363876581
v 0.0032334425486624237 0.01981275528669357 -0.006096853408962488
v 0.0036922590807080265 0.019625661894679066 -0.005748608615249395
v 0.003287869738414883 0.018957989290356633 -0.0061125014908611774
v 0.0037944526411592956 0.01836934499442577 -0.005803206469863653
v 0.003332420019432902 0.018447104841470715 -0.006149029824882746
v 0.003785849548876285 0.013918926008045672 -0.0065192668698728085
v 0.0036939191631972785 0.014979468658566473 -0.006458489689975977
v 0.004199447110295295 0.014655876904726027 -0.006121945567429066
v 0.0035527874715626235 0.016346162185072895 -0.006344264838844538
v 0.003447415772825479 0.01732106506824493 -0.006252436898648739
v 0.004425223916769027 0.011602396145462988 -0.006222017575055361
v 0.003817208111286163 0.013472419232130049 -0.006533745676279068
v 0.0049028974026441565 0.011081661097705362 -0.005858452059328556
v 0.00466259242966771 0.014224411919713019 -0.005745010916143656
v 0.004278825130313634 0.01765957288444042 -0.005469244904816151
v 0.0042129773646593085 0.0182826817035675 -0.005421587731689215
v 0.00410608947277069 0.019524248316884037 -0.005368872079998255
v 0.00405178777873516 0.020783318206667897 -0.005453888326883316
v 0.004049303010106086 0.020884849131107327 -0.00546720577403903
v 0.004010226111859082 0.011689805425703524 -0.00638536037877202
v 0.004699200391769408 0.010904935188591479 -0.005887601058930159
v 0.004159280564635991 0.011538526974618433 -0.006293917540460825
v 0.004757408052682876 0.010939775034785269 -0.005902616307139397
v 0.004347371403127908 0.011511748656630514 -0.006251560524106026
v 0.004813761450350284 0.010983429849147795 -0.005902366247028112
v 0.004863656591624021 0.011032051406800745 -0.005887276027351618
v 0.006414162926375865 0.005895261652767657 -0.0014179012505337596
v 0.006416838616132735 0.005936890840530395 -0.0014648247743025422
v 0.006541134789586066 0.006129484623670577 -0.0016432072734460235
v 0.004852448124438523 0.010695781558752058 -0.005746831651777029
v 0.005111331585794686 0.010447346605360506 -0.005561720114201307
v 0.005249164532870053 0.010075880214571951 -0.005306735634803772
v 0.005456667393445968 0.009875564835965632 -0.005143515300005674
v 0.005608526058495044 0.00938969664275646 -0.004783686716109514
v 0.005752511788159608 0.00929555483162403 -0.004690554458647966
v 0.005997907370328902 0.008729721419513224 -0.004213598556816578
v 0.005911153275519609 0.008684338070452212 -0.004194988869130611
v 0.006170812994241714 0.007906685583293436 -0.003484392538666725
v 0.0063482681289315215 0.007651497144252061 -0.0032135264482349157
v 0.0062438640743494025 0.007625102996826171 -0.003214885713532567
v 0.0063384249806404105 0.0071612768806517116 -0.002758799120783806
v 0.006521854083985089 0.006618334911763667 -0.00217087147757411
v 0.006408066488802432 0.006597829516977071 -0.002181974006816745
v 0.006415707990527152 0.006483544129878282 -0.002061414299532771
v 0.006050907541066407 0.004471261985599994 0.0004021027416456491
v 0.006198125891387462 0.004942459519952535 -0.0002718487521633506
v 0.006271616555750369 0.004836649168282746 -8.856089698383585e-05
v 0.006340694613754748 0.005385112483054399 -0.0008224396733567119
v 0.006422639824450015 0.005235545802861451 -0.0005970117053948343
v 0.006510221865028142 0.00566705223172903 -0.0011170998914167285
v 0.005703316070139407 0.0042120013386011115 0.000713667890522629
v 0.005795640405267476 0.004310055635869502 0.0005753219593316317
v 0.005986549425870179 0.004554796498268842 0.00023849433637224138
v 0.005756347905844449 0.0041406084783375255 0.0008682451443746686
v 0.005385438911616801 0.0038458309136331077 0.0013037595199421048
v 0.005339455790817737 0.0039051705971360202 0.0011602634331211448
v 0.004986052867025136 0.003610563231632113 0.0016697171377018094
v 0.004895441699773072 0.0036357610952109094 0.0015726801939308643
v 0.005341216456145047 0.003973263781517743 0.0017406794941052794
v 0.005095715168863534 0.003838066710159182 0.001950934180058539
v 0.005097494460642337 0.0037230402231216426 0.0018801303813233972
v 0.0065377606078982345 0.007847416214644907 -0.003058145521208644
v 0.006548722274601459 0.007802948355674743 -0.0030129761435091496
v 0.006507452111691236 0.007771942764520644 -0.0031285949517041445
v 0.006681212224066257 0.007085993420332669 -0.002265292452648282
v 0.006686017382889985 0.0067442446015775195 -0.0020629754289984703
v 0.006723698694258927 0.006396648939698934 -0.0015022674342617393
v 0.006706165149807929 0.00625806301832199 -0.001523778890259564
v 0.006681728642433881 0.005859583150595426 -0.0008663934422656894
v 0.006674760486930608 0.005797869525849818 -0.0009852653602138162
v 0.0065687927417457095 0.005396165885031222 -0.00028030225075781345
v 0.006584863644093274 0.005367560777813195 -0.000451194733614102
v 0.0063883382827043525 0.0049924920313060275 0.0002597437705844641
v 0.006429129280149936 0.004968267399817704 7.247258326970041e-05
v 0.00611222581937909 0.004601923748850822 0.0008076581871137023
v 0.006200824864208697 0.004600518848747014 0.0005787888076156378
v 0.005761465523391961 0.004264313261955976 0.0013005849905312061
v 0.005895727314054965 0.004265672527253627 0.0010597729124128819
v 0.005511594470590352 0.003965297248214482 0.0015080170705914497
v 0.006339491344988345 0.008504525758326052 -0.0037090678233653307
v 0.006147088017314672 0.008842566981911658 -0.004151506349444389
v 0.006062853150069713 0.009191696532070635 -0.004346923436969519
v 0.005894197616726159 0.009402811527252196 -0.004639280028641224
v 0.005725543946027755 0.009866433218121527 -0.004921614658087492
v 0.005588695872575044 0.009977415204048155 -0.0051040141843259335
v 0.005231116898357867 0.010544299148023127 -0.005534957628697157
v 0.00534339528530836 0.010494303889572619 -0.005418911576271057
v 0.005058235488831996 0.003641779068857431 0.0017795764142647386
v 0.005467788316309451 0.0038807909004390235 0.0014084615977481008
v 0.0058472505770623675 0.004179965239018201 0.0009637068724259734
v 0.006148008164018392 0.004514744970947503 0.0004871216369792819
v 0.006372468546032905 0.004883539862930774 -1.4199327779351734e-05
v 0.006524997763335704 0.005284835584461688 -0.0005325969541445374
v 0.006612386554479598 0.0057177687995135775 -0.0010614317143335938
v 0.006641987245529889 0.006180856376886367 -0.0015949113294482231
v 0.006620630621910094 0.006669901777058839 -0.002129028318449855
v 0.006441186647862195 0.0077028851956129065 -0.00318349851295352
v 0.0060822879895567885 0.008779690600931643 -0.004194337874650955
v 0.005831320770084857 0.009343942627310751 -0.00467597134411335
v 0.005528877489268779 0.009922346100211142 -0.005133782979100943
v 0.005175784230232238 0.010492602363228796 -0.005557080265134573
v 0.003979691304266452 0.0032185565214604135 0.0023272307589650154
v 0.0045798434875905505 0.003487435635179281 0.001811125548556447
v 0.004533291794359683 0.0034080219920724626 0.0019986815750598907
v 0.0032915552146732803 0.0030842020642012353 0.002520328853279352
v 0.0038544982671737667 0.003229327034205198 0.0022513463627547026
v 0.004010277334600686 0.0032770340330898757 0.00216687167994678
v 0.003380609909072518 0.0030644396319985385 0.002615715842694044
v 0.0027457077521830793 0.0029440026264637704 0.002861514687538147
v 0.002626188332214951 0.0029572136700153346 0.0027755487244576216
v 0.0020830852445214982 0.002854911610484123 0.003061564639210701
v 0.0018251584842801092 0.002853801008313894 0.0030053069349378347
v 0.0014001360395923255 0.0027943863533437248 0.003211537143215537
v 0.001025174628011882 0.00279304408468306 0.0031547127291560173
v 0.0007035087328404187 0.0027592731639742847 0.0033056754618883133
v 4.1456626576064075e-08 0.0027477510739117856 0.003338299924507737
v 0.00022682447161059824 0.002767494181171059 0.003222093218937516
v -0.0007033374859020113 0.0027591509278863664 0.003305621910840273
v -0.0006056646234355866 0.0027753831818699832 0.003200492588803172
v -0.001399884815327823 0.0027943809982389207 0.003211478004232049
v -0.0014523735735565422 0.0028208121657371517 0.003084809985011816
v -0.002082872902974486 0.002855014288797974 0.0030616384465247393
v -0.0022810976952314372 0.0029068819712847467 0.0028843912295997143
v -0.0027454304508864875 0.0029439406935125585 0.0028613617178052664
v -0.003055592998862266 0.003034248016774654 0.0026176669634878635
v -0.0033804562408477064 0.0030643776990473266 0.0026154995430260897
v -0.003754178993403911 0.003200501669198274 0.002303130691871047
v -0.003979517612606286 0.0032185323070734735 0.0023271574173122644
v -0.003858803771436214 0.0032306222710758443 0.002248922595754266
v -0.004533055238425731 0.0034079856704920526 0.001998610096052289
v -0.004361975006759166 0.0033995169214904304 0.0019567059352993965
v -0.004985846579074859 0.0036105292383581396 0.0016696038655936718
v -0.004895236808806657 0.0036357382778078313 0.0015725772827863693
v -0.004799545742571353 0.003699015593156218 0.0021719352807849646
v -0.005095527973026036 0.003838005010038614 0.001950823119841516
v -0.0050972970202565185 0.003722981549799442 0.0018800098914653063
v -0.004632350988686084 0.0035167210735380645 0.0022166490089148283
v -0.0040644365362823 0.0033226045779883857 0.002547703217715025
v -0.004154218826442956 0.0034605830442160364 0.002567359246313572
v -0.0034514018334448333 0.00316481408663094 0.002835966879501939
v -0.003417515661567449 0.0032644944731146093 0.0029165956657379866
v -0.0028540035709738727 0.0031544466037303205 0.003128090873360634
v -0.002802766393870115 0.003041713964194059 0.0030798979569226503
v -0.0026582386344671245 0.0031228899024426933 0.0031918203458189964
v -0.002126746345311403 0.0029509451705962415 0.0032771634869277477
v -0.001823957893066108 0.0030205298680812116 0.0034111926797777414
v -0.0014298652531579135 0.0028891013935208316 0.003423907794058323
v -0.000985643360763788 0.002961143851280212 0.0035501171369105577
v -0.0007185942376963793 0.0028531460557132955 0.0035157776437699795
v 3.3411701849672675e-08 0.002841507317498326 0.003547578351572156
v -0.00014017008652444926 0.0029382719658315177 0.003607596503570676
v 0.000718787487130612 0.0028532799333333965 0.0035158121027052402
v 0.0007335483678616582 0.002950739115476608 0.0035761347971856594
v 0.0014300665352493522 0.0028891114052385087 0.0034239718224853277
v 0.0016068781260401008 0.003001322969794273 0.0034549676347523928
v 0.002126793377101421 0.0029508455190807577 0.0032771050464361906
v 0.002446084283292293 0.003092119703069329 0.0032554890494793653
v 0.002802953356876969 0.00304178730584681 0.0030800150707364082
v 0.0032262012828141447 0.0032237831037491556 0.002993552014231682
v 0.0034515468869358297 0.0031648816075175996 0.002836151747033
v 0.004064614418894052 0.0033226304221898313 0.0025477949529886246
v 0.003930595237761735 0.0033937811385840173 0.002683413214981556
v 0.004632587544620036 0.003516761818900704 0.0022167381830513477
v 0.004548435099422931 0.0035971135366708036 0.002338256686925888
v -0.005058032926172017 0.0036417350638657804 0.0017794581362977624
v -0.0045970133505761615 0.0034364636521786447 0.0021140240132808685
v -0.00403353665024042 0.0032449760474264617 0.0024450565688312054
v -0.0034249590244144197 0.0030897392425686117 0.0027341509703546762
v -0.00278087961487472 0.0029689839575439687 0.0029795195441693068
v -0.0021096367854624982 0.0028802587185055013 0.003178543411195278
v -0.0014179681893438099 0.002820032415911555 0.003326945472508669
v -0.0007124753319658338 0.0027851406484842296 0.0034199862275272608
v 3.68109702719721e-08 0.0027738909702748056 0.003452229779213667
v 0.0007126622949726879 0.0027852752245962615 0.0034200293011963367
v 0.0014181901933625338 0.0028200380038470025 0.0033270062413066626
v 0.002109747380018234 0.0028801551088690753 0.0031784791499376297
v 0.002781100338324904 0.002969055669382214 0.002979657147079706
v 0.0034251050092279907 0.0030898032709956165 0.002734350971877575
v 0.004033714998513459 0.0032449997961521144 0.0024451406206935644
v 0.0045972540974617 0.0034365076571702953 0.0021141080651432276
v 0.0001330716622760519 0.012058169580996035 -0.006602349691092968
v -0.004996128845959901 0.003689904231578111 0.0014881269307807088
v -0.005402051378041505 0.003951060120016336 0.0010918977204710245
v -0.005759672261774539 0.004270783159881829 0.0006303256377577782
v -0.005796634592115878 0.004311394877731799 0.0005732823628932238
v 5.016076829633675e-05 0.003214908298105001 0.002277233637869358
v -0.005128837190568446 0.010277092456817625 -0.005452759098261595
v -0.005500540602952241 0.009609913453459738 -0.0049562836065888405
v -0.005823717452585696 0.008903182111680506 -0.004383832681924105
v -0.0059054121375083915 0.00869875494390726 -0.0042076390236616135
v -0.006084987893700599 0.008191699162125586 -0.0037513477727770805
v -0.00624370016157627 0.0076249903067946425 -0.003214933443814516
v -0.006280744913965463 0.007461467292159795 -0.0030558540020138025
v -0.006396823097020387 0.006723982747644185 -0.002313760342076421
v -0.006420964840799569 0.006027430295944213 -0.001566246966831386
v -0.006416619289666413 0.005936620291322469 -0.0014646501513198018
v -0.006045006215572356 0.004645763430744409 0.00011608995555434376
v -0.006236867047846316 0.005039173644036054 -0.00039519905112683773
v -0.006363484077155589 0.005495287477970122 -0.0009546403889544308
v -0.005385202821344136 0.0038457659538835283 0.0013036911841481924
v -0.0057560200802981845 0.004140491597354411 0.0008682360057719052
v -0.006050575990229844 0.004471092950552701 0.00040212710155174136
v -0.00627129292115569 0.004836427047848701 -8.848056313581765e-05
v -0.006422320846468209 0.0052353343926370135 -0.0005970100173726678
v -0.006509957369416951 0.005666925106197595 -0.001117109670303762
v -0.006540828384459018 0.006129236426204442 -0.001643138355575502
v -0.00652160495519638 0.006618060637265443 -0.002170808846130967
v -0.0063480185344815246 0.0076513481326401225 -0.003213530173525214
v -0.005997632630169391 0.008729712106287478 -0.004213650710880756
v -0.005752196069806813 0.00929540768265724 -0.004690501373261213
v -0.005456399638205766 0.009875363670289515 -0.005143450107425451
v -0.005111155565828084 0.010447079315781592 -0.005561682395637035
v -0.0051579372957348815 0.010756548494100569 -0.00561880599707365
v -0.005230831447988748 0.010543901473283766 -0.0055350069887936115
v -0.0055608274415135375 0.010151525028049944 -0.005151661112904549
v -0.005588309839367866 0.009977131150662897 -0.005104114767163992
v -0.00566325569525361 0.009976583532989023 -0.0050115883350372314
v -0.0059619229286909095 0.009406983852386473 -0.004536189138889313
v -0.005893764551728963 0.00940258242189884 -0.0046394215896725655
v -0.00614669732749462 0.008842386305332182 -0.0041517047211527824
v -0.0062570981681346885 0.008726535364985464 -0.0039212764240801334
v -0.006503611337393521 0.007977119646966456 -0.003189697163179517
v -0.006507097277790307 0.007771529722958802 -0.0031286776065826416
v -0.006537510082125663 0.00784694869071245 -0.0030582232866436243
v -0.006656580138951539 0.007260008715093135 -0.002450925065204501
v -0.0066856774501502505 0.006743749137967824 -0.0020631165243685246
v -0.006719969678670167 0.006615818478167056 -0.0017512341728433967
v -0.006705774459987878 0.006257598288357257 -0.0015239373315125704
v -0.006706349086016416 0.006056867539882659 -0.0011054187780246139
v -0.005895376205444335 0.004265275783836841 0.0010595294879749417
v -0.006237555295228957 0.004759149625897407 0.000583717948757112
v -0.006200469564646482 0.004600090440362691 0.0005785651737824082
v -0.006464604288339614 0.0051395660266280166 5.9331359807401896e-05
v -0.006428757682442664 0.00496777519583702 7.23186822142452e-05
v -0.006620607338845729 0.00556803960353136 -0.0005025563878007233
v -0.0065844752825796595 0.00536707742139697 -0.0004514345491770655
v -0.006674424745142459 0.005797510500997304 -0.000985497608780861
v -0.00555589934810996 0.004110718611627816 0.0015306310961022973
v -0.005843819584697484 0.004333552904427051 0.001197746372781694
v -0.005937340203672647 0.004418781027197837 0.0010725266765803099
v -0.005511326249688863 0.003964942879974841 0.0015077418647706509
v -0.005175535567104816 0.01049227826297283 -0.005557063966989517
v -0.005528531502932309 0.009922103025019167 -0.005133777856826782
v -0.005830924492329358 0.009343760088086127 -0.00467598857358098
v -0.006081924308091401 0.008779598399996756 -0.004194439388811588
v -0.006440842989832162 0.007702618371695279 -0.003183517372235656
v -0.006620282307267188 0.00666953483596444 -0.0021290467120707035
v -0.006641582585871219 0.006180522963404655 -0.001594936358742416
v -0.006612025201320647 0.005717552732676267 -0.0010615367209538817
v -0.006524575874209403 0.005284523591399192 -0.0005327022518031299
v -0.006372057367116212 0.004883222747594117 -1.4232596186047886e-05
v -0.006147601641714572 0.004514492116868495 0.0004870097036473453
v -0.00584684545174241 0.004179747309535741 0.0009635643800720572
v -0.0054674786515533915 0.003880630480125546 0.0014082723064348102
v -0.006092138122767209 0.011168419383466242 -0.0038489969447255135
v -0.006058949045836925 0.011259269900619982 -0.0039258189499378204
v -0.006267837714403867 0.01062464155256748 -0.003383118659257889
v -0.005486920941621064 0.005714224185794591 0.001855490729212761
v -0.005826053209602832 0.006032607983797788 0.0014025626005604863
v -0.005079029127955436 0.005438680294901132 0.002282826229929924
v -0.005091781262308358 0.0045941807329654685 0.0021202503703534603
v -0.006084907799959182 0.0063699912279844275 0.0009558682795614004
v -0.0062145283445715896 0.006591852288693189 0.000676463998388499
v -0.006301643792539834 0.006773399654775857 0.0004549200239125639
v -0.006457277573645114 0.007217364851385354 -6.407369073713198e-05
v -0.006506753154098987 0.007423037663102149 -0.0002949646150227636
v -0.00658316584303975 0.007956909015774725 -0.0008703474304638803
v -0.006600274704396724 0.00848084408789873 -0.0014058573869988322
v -0.006589564960449933 0.008781373500823973 -0.0017015699995681643
v -0.00645631831139326 0.009837867692112921 -0.0026879389770329
v -0.006425175350159406 0.009992741048336027 -0.002827024320140481
v -0.005934858229011296 0.011574061587452887 -0.004189973697066307
v -0.005797458812594413 0.011885408312082289 -0.004448276944458485
v -0.00504782423377037 0.005867848638445138 0.002273795660585165
v -0.005016429815441369 0.006298255641013383 0.0022650952450931072
v -0.00541092874482274 0.006599009968340396 0.0018473006784915924
v -0.005751417949795722 0.00696314126253128 0.0013865975197404623
v -0.005788995418697595 0.006495879963040351 0.0013943389058113098
v -0.004406203981488942 0.03087881207466125 -0.004384448751807213
v -0.0043204757384955874 0.031134720891714093 -0.004499570932239294
v -0.004511005245149135 0.030424363911151883 -0.0043521360494196415
v -0.0056069488637149325 0.014799614436924456 -0.004044548142701387
v -0.005291474051773547 0.017842739820480343 -0.003894609631970525
v -0.006107224151492118 0.013724443502724169 -0.0024668374098837376
v -0.005759280174970626 0.017468234524130818 -0.002372363116592169
v -0.006342849228531121 0.011525381356477736 -0.002123431768268347
v -0.0062569514848291865 0.012329997494816778 -0.0023067693691700697
v -0.006371277850121259 0.011247592046856878 -0.0020365759264677763
v -0.00643814168870449 0.010515964590013025 -0.0017456786008551717
v -0.006184459198266267 0.013012841343879698 -0.002389783039689064
v -0.006151257082819938 0.013334987685084341 -0.002408729400485754
v -0.0061121336184442035 0.013721749186515806 -0.002423626836389303
v -0.00648644147440791 0.009240808896720408 -0.0009650716092437506
v -0.006488676648586988 0.00950472056865692 -0.0011603462044149637
v -0.006481016054749488 0.009821683168411253 -0.0013700167182832956
v -0.006276153959333896 0.007957215420901774 0.00026211561635136604
v -0.006319259293377399 0.008095438592135904 0.00011499563697725534
v -0.0063582812435925 0.008238288573920725 -3.586010279832408e-05
v -0.006407027132809161 0.008457339368760584 -0.0002613921242300421
v -0.006454901304095983 0.008772205561399458 -0.0005660200258716941
v -0.006211974192410707 0.00777941383421421 0.00045406571007333696
v -0.006140763871371745 0.00761081464588642 0.0006397658144123852
v -0.006041820161044597 0.007409444078803062 0.0008647236390970647
v -0.005914567038416862 0.01425564009696245 -0.003268610453233123
v -0.005139000713825225 0.019676437601447102 -0.003861247794702649
v -0.005047574639320373 0.021208638325333592 -0.003994200378656387
v -0.0049392497166991225 0.023105273023247715 -0.004300090949982405
v -0.004773532506078481 0.025614079087972638 -0.0047376640141010284
v -0.004519555252045392 0.028472024947404858 -0.0051702773198485374
v -0.004303774796426295 0.029877977445721623 -0.005358077120035887
v -0.004142382182180881 0.030535653233528134 -0.005452243145555258
v -0.004777007270604371 0.028928022831678387 -0.004053432494401932
v -0.00509323552250862 0.025908356532454487 -0.003434673184528947
v -0.005600588396191596 0.01957255788147449 -0.0023639549035578966
v -0.005541699938476085 0.020380198955535885 -0.0024174810387194157
v -0.005471856333315372 0.021226702257990834 -0.002520084846764803
v -0.005302466452121734 0.02325070463120937 -0.002880946733057499
v -0.005312417168170213 0.021222067996859547 -0.0032661622390151024
v -0.00542348576709628 0.019629886373877522 -0.0031248065643012524
v -0.005580602213740348 0.017658581957221028 -0.0031455799471586943
v -0.004266981501132249 0.03084529750049114 -0.004980503115803003
v -0.004446267616003751 0.030158666893839833 -0.004856404848396778
v -0.004691929556429385 0.028705149888992306 -0.004609967116266489
v -0.004982358776032924 0.02576510980725288 -0.004084944725036621
v -0.00517234532162547 0.02318155579268932 -0.003593709785491228
v -0.006151239853352307 0.013540617190301417 -0.0015552341938018799
v -0.00625695427879691 0.012468712404370306 -0.0017310410039499402
v -0.006316080689430236 0.011856611818075178 -0.00187157082837075
v -0.006319387350231408 0.011826290749013422 -0.0018322733230888844
v -0.006258254870772361 0.012460413388907908 -0.0016903402283787727
v -0.00625840201973915 0.012451995164155958 -0.0016496364260092378
v -0.006150536239147185 0.013525899499654768 -0.0014321068301796913
v -0.006206210236996411 0.01297128666192293 -0.0015301302773877978
v -0.006100398022681474 0.014036140404641627 -0.0013676233356818557
v -0.0051507786847651 0.023518491536378857 -0.0010268290061503649
v -0.004934547469019889 0.02631421014666557 -0.0017830660799518228
v -0.005072329193353652 0.026216439902782437 -0.002426029648631811
v -0.003735335078090429 0.031981956213712685 -0.0023885725531727076
v -0.004042247310280799 0.03169639408588409 -0.002723672427237034
v -0.004203470889478921 0.031000657007098194 -0.0025291480123996735
v -0.004384317435324191 0.03091642819344997 -0.0030155593995004892
v -0.004204216878861188 0.03163009509444236 -0.0031983775552362204
v -0.004931765142828225 0.027732778340578076 -0.002801225520670414
v -0.005293541122227906 0.02347689680755138 -0.0017570477211847901
v -0.006118374411016702 0.013596166856586931 -0.0011235909769311547
v -0.005988915916532277 0.013199416920542715 -0.0002584323810879141
v -0.005658215377479791 0.017299598082900044 -0.00022321511642076075
v -0.005579077173024415 0.018558133393526074 -0.000218588174902834
v -0.00480314390733838 0.027850612998008725 -0.002202490111812949
v -0.004636059049516915 0.029407002031803128 -0.002620276063680649
v -0.004038515500724315 0.03216722235083579 -0.0034085072111338377
v -0.004083148669451474 0.032055925577878945 -0.0034144585952162743
v -0.004125831183046102 0.03194436058402061 -0.00341921579092741
v -0.0043234643526375285 0.031349152326583855 -0.0034230558667331934
v -0.003913452848792075 0.03222181648015975 -0.0029564353171736
v -0.0037179584614932533 0.03222975879907607 -0.002548122312873602
v -0.0036636537406593557 0.03223020583391189 -0.0024636893067508936
v -0.004424718674272298 0.029504807665944096 -0.002102082362398505
v -0.0040654297918081275 0.030122769996523854 -0.0018143203342333436
v -0.003922178875654935 0.03113540820777416 -0.00212709978222847
v -0.0043478929437696925 0.026179747655987736 -0.00055146828526631
v -0.004192509688436984 0.028681894764304158 -0.0013640066608786583
v -0.004120540805160998 0.029579900205135342 -0.0016461150953546166
v -0.005387444980442523 0.0171144176274538 0.0005958660040050745
v -0.004900922067463397 0.018647968769073483 0.001350854174233973
v -0.005312592722475528 0.01842102780938148 0.0006009881617501378
v -0.004852623678743838 0.01959852315485477 0.001293295994400978
v -0.0052581937052309504 0.019423166289925572 0.0005650208331644535
v -0.004785186145454644 0.020496703684329983 0.0011584199965000153
v -0.005191646981984376 0.020335512235760685 0.00045934657100588083
v -0.004684837069362401 0.02160055190324783 0.0008942855638451874
v -0.005100179463624953 0.02129687555134296 0.00027055235113948584
v -0.004533515777438878 0.0233265608549118 0.0003733054327312857
v -0.004888141062110662 0.023551514372229573 -0.0003359020047355443
v -0.004685862455517053 0.026393450796604153 -0.0011827972484752536
v -0.005712810438126325 0.012858793139457701 0.000571486831177026
v -0.0052484534680843345 0.013197078369557856 0.001330144121311605
v -0.004986457992345094 0.01694223843514919 0.001349198049865663
v -0.005517704878002404 0.012707565911114214 0.0009689361904747784
v -0.005362792406231164 0.02132661826908588 -0.0005017149378545582
v -0.0054534706287086 0.020399577915668484 -0.0003412311780266464
v -0.005521260201930999 0.019522022455930706 -0.00025064582587219775
v -0.004131293855607509 0.03193861618638038 -0.003699321299791336
v -0.004333551973104476 0.03132329136133193 -0.0036518496926873922
v -0.004088334273546933 0.032052170485258095 -0.0037066827062517405
v -0.0039027980528771873 0.03248938918113708 -0.0037349164485931396
v -0.004044259432703256 0.032163463532924645 -0.003713783109560609
v -0.00381922791711986 0.03264586627483367 -0.0033692452125251293
v -0.0035838796757161613 0.03305909037590026 -0.0033174767158925533
v -0.003611383959650993 0.033058430999517434 -0.0036898618564009666
v -0.0034599050413817163 0.03324432298541068 -0.0032897288911044598
v -0.003498829202726483 0.033243685960769646 -0.003661271883174777
v -0.003424684982746839 0.03323560953140258 -0.00315378000959754
v -0.0036820669192820783 0.03274928778409957 -0.0030400166288018227
v -0.0033722764346748586 0.03321139141917228 -0.0029830490238964558
v -0.003489734139293432 0.03270790725946426 -0.0026025567203760147
v -0.0034880794119089838 0.03224185109138488 -0.0022506334353238344
v -0.003350250888615846 0.03268277645111083 -0.002396236639469862
v -0.0040706382133066646 0.021227201446890828 0.0017865127883851528
v -0.004423446487635373 0.021235056221485134 0.0013921945355832577
v -0.004507618024945258 0.020219035446643826 0.001624709228053689
v -0.0035765203647315498 0.029700115323066708 -0.0011459601810202003
v -0.0038722015451639886 0.029635669663548466 -0.0013856177683919668
v -0.004061580635607242 0.026486622169613835 -0.0003353290958330035
v -0.003599250456318259 0.031769279390573495 -0.002091456903144717
v -0.0035306666977703567 0.030332274734973904 -0.0013617724180221558
v -0.0034456155262887474 0.03118217177689075 -0.0016576707130298018
v -0.003714742604643106 0.03111215308308601 -0.0018699701176956296
v -0.0037457037251442666 0.026368783786892887 1.4329684745462146e-05
v -0.004229623824357986 0.023582678288221356 0.0006556654116138816
v -0.0038899076171219345 0.023608203977346417 0.0010014130966737866
v -0.004326208494603633 0.02234312146902084 0.0010646996088325977
v -0.003983219154179095 0.02230841666460037 0.0014515458606183529
v -0.004133470822125672 0.02041756175458431 0.0019890726543962955
v -0.004566646646708249 0.019249200820922848 0.0017507309094071388
v -0.004204183351248502 0.019199019297957417 0.0021686956752091646
v -0.004981738980859517 0.012319548055529593 0.0017636134289205074
v -0.004341480787843465 0.016046559438109394 0.0021832073107361794
v -0.004679283127188682 0.016795394942164418 0.0017772987484931946
v -0.0042467997409403315 0.018109714612364766 0.002205854281783104
v -0.004613210912793874 0.018181486055254933 0.001788056455552578
v -0.004215206950902938 0.018934659659862515 0.0021857870742678642
v -0.00420481665059924 0.019184470176696774 0.002169812796637416
v -0.004873457830399274 0.008258819580078123 0.0022292393259704113
v -0.004733846988528966 0.010177019052207468 0.0022013583220541477
v -0.004646555054932832 0.011391645297408102 0.0021877598483115435
v -0.004565034992992877 0.012547544203698633 0.002178301103413105
v -0.004150589928030967 0.011994066648185251 0.002564928261563182
v -0.004884830210357904 0.006218501366674899 0.0023851871956139803
v -0.004746153485029935 0.00614112801849842 0.0025037238374352455
v -0.00460401689633727 0.006069735623896121 0.0026175924576818943
v -0.003833169117569923 0.018025748431682583 0.002590989461168647
v -0.003888736711814999 0.0165879875421524 0.0025733469519764185
v -0.0037948354147374626 0.01914110034704208 0.002555795479565859
v -0.003745402209460735 0.020155102014541623 0.0024177187588065863
v -0.003673475235700607 0.02121270820498466 0.0021552317775785923
v -0.0035902289673686023 0.022357610985636708 0.0017848024144768715
v -0.0035084076225757595 0.023626463487744328 0.0013255159137770534
v -0.0033733246382325883 0.026569414883852 0.0002279888722114265
v -0.0032371438574045892 0.029770091176033017 -0.00092964997747913
v -0.0031316638924181457 0.03127543628215789 -0.0014739265898242593
v -0.0027329516597092147 0.03190100193023681 -0.0015244209207594395
v -0.002823557704687118 0.03053958527743816 -0.0009922361932694912
v -0.0029156671371310945 0.028163468465209004 -0.00011520020052557811
v -0.0030717698391526933 0.023923430591821667 0.0015176767483353615
v -0.0031812046654522415 0.021993320435285565 0.002237435430288315
v -0.0032574534416198726 0.020793996751308438 0.00261134491302073
v -0.0033069765195250507 0.019901433959603306 0.0028111336287111044
v -0.0033397017978131767 0.01907352544367313 0.00291189132258296
v -0.0033724035602062936 0.017963934689760205 0.0029433018062263727
v -0.0034710334148257966 0.015338632278144358 0.0029051864985376596
v -0.003656149376183748 0.011848937720060347 0.002915558172389865
v -0.0036577982828021045 0.011820063926279543 0.0029158834367990494
v -0.003998992033302783 0.0060489377938210956 0.0030207918025553226
v -0.003986161202192306 0.006264143157750367 0.0030157705768942833
v -0.004455721005797385 0.006002165842801332 0.002729153959080577
v -0.00423952518031001 0.005915401969105004 0.002880043350160122
v -0.004011827055364846 0.005833592265844344 0.0030258859042078257
v -0.003914601169526576 0.007460596505552529 0.0029892551247030497
v -0.003844179911538958 0.008640221320092676 0.0029654400423169136
v -0.0037475165445357557 0.010273101739585398 0.0029369420371949673
v -0.004036249592900275 0.0054242080077528945 0.0030357162468135357
v -0.004601262975484132 0.005206365138292312 0.0026813785079866648
v -0.004060624632984399 0.005014940630644559 0.0030457843095064163
v 0.002893212484195828 0.004753077868372201 0.003622893476858735
v 0.003050864208489656 0.005199473351240157 0.0035394555889070034
v 0.0019045653752982614 0.005052379798144101 0.0039274548180401325
v 0.004012071527540683 0.005833540577441453 0.003025912679731846
v 0.0035807238891720767 0.005305767524987458 0.0032911880407482386
v 0.004036475904285907 0.005424202885478734 0.0030357593204826117
v 0.003602787153795361 0.004892447963356971 0.003301815129816532
v 0.004060823004692792 0.005014978349208831 0.003045840887352824
v 0.003503416664898395 0.004869608674198388 0.0033519589342176914
v 0.0007379674934782087 0.004564506467431783 0.004149767104536295
v 0.001298815826885402 0.0045881280675530425 0.004072580486536026
v 0.0012904631439596412 0.00500836269930005 0.004060232546180487
v 0.0015595494769513605 0.004604365210980176 0.004022596869617701
v 0.0021765374112874265 0.004658118821680545 0.0038683293387293816
v 0.0006642781663686036 0.00498294923454523 0.004143887665122747
v 0.00018507076310925183 0.004554627928882836 0.004184827674180269
v -0.0007378317532129585 0.0045644999481737605 0.004149753134697676
v -6.158291216706856e-05 0.004554061219096183 0.004186950623989105
v -0.0005393676692619919 0.004979965277016162 0.004154266323894262
v 6.272026803344487e-05 0.004974417388439178 0.00417433213442564
v -0.0015111521352082489 0.004601077176630496 0.00403249217197299
v -0.0017279525054618714 0.005037587136030196 0.003970749210566282
v -0.001739078084938228 0.00461767753586173 0.003982897382229567
v -0.002883030334487557 0.0051715695299208156 0.003608287777751684
v -0.002901188330724835 0.004754370544105767 0.003619622904807329
v -0.002860491862520575 0.0047478550113737574 0.0036356220953166485
v -0.0021763974800705905 0.004658105317503213 0.0038682890590280294
v -0.0035032709129154678 0.004869590513408183 0.003351889317855239
v -0.003886134829372167 0.005381958559155463 0.003124584211036563
v -0.003909777384251355 0.00497118942439556 0.0031348413322120905
v -0.003732615383341908 0.005748544819653033 0.0031883905176073313
v -0.0030220090411603446 0.005582469049841165 0.0035339072346687317
v -0.0028664406854659315 0.005554123315960168 0.0035980248358100653
v -0.00231472379527986 0.005472756922245025 0.0037955448497086763
v -0.0021258296910673376 0.005451099481433629 0.003852969268336892
v -0.0017180177383124826 0.005413949489593505 0.003959977068006992
v -0.0007984643452800809 0.00536570930853486 0.004118664190173149
v -0.0010647783055901525 0.00537559762597084 0.004084382206201553
v -0.0015914109535515306 0.005404835566878318 0.003988569136708975
v 3.791555869270268e-08 0.005353567656129598 0.004163340665400028
v 4.296469342079944e-06 0.005348577164113521 0.004163484554737806
v 7.545785138063365e-06 0.005347600206732749 0.004163510166108608
v 1.353143397864187e-05 0.005348483566194772 0.004163476638495922
v 2.9513410481740717e-05 0.0053535248152911654 0.004163279663771391
v 0.0008124326122924684 0.005363873671740293 0.004117204342037439
v 0.0010649270843714473 0.00537350820377469 0.0040844641625881195
v 0.0036373110488057132 0.005723374895751475 0.0032402356155216694
v 0.0029889529105275865 0.005579345859587192 0.003547831904143095
v 0.002287818351760506 0.005472749471664428 0.003803995903581381
v 0.0021257086191326375 0.005453895311802625 0.003852978814393282
v 0.0015548596857115624 0.005402071401476859 0.00399648817256093
v -0.0019284182926639912 0.011604185216128824 0.0037118277978152037
v -0.00074464752105996 0.03184955939650535 -0.0009068673825822771
v 8.651919358726444e-08 0.03189271315932273 -0.000879247672855854
v -0.0007565222331322729 0.030166622251272198 -0.0002084319421555847
v 1.013421098150502e-07 0.031244987621903416 -0.0006013897946104407
v -0.0007816434954293071 0.026790080592036244 0.00118768319953233
v 1.697341112105732e-08 0.024867540225386616 0.0020858892239630222
v 1.1851222225800482e-08 0.021994505077600476 0.003292338689789176
v 1.6240280231727408e-08 0.02247032336890697 0.0031070474069565535
v -0.0008310152916237711 0.02246163226664066 0.0030363518744707108
v -0.0008116091485135256 0.02378228865563869 0.0024871150963008404
v 7.555974512740702e-09 0.021250173449516293 0.0035563188139349222
v -0.0008510187617503106 0.021245837211608883 0.0034814667887985706
v 1.3680624411094298e-09 0.020446145907044407 0.0037914111744612455
v -0.0008682913612574338 0.020105060189962384 0.0037935494910925627
v -5.669188674062297e-09 0.02010415121912956 0.0038709931541234255
v -0.0008798948256298899 0.019002107903361317 0.003947545774281025
v -2.2917053144055896e-08 0.019038517028093335 0.004022450651973486
v -0.000888664275407791 0.01779699325561523 0.003972351551055908
v -4.2431754110339164e-08 0.017784629017114636 0.004049351904541254
v -0.0009016548865474759 0.01627404987812042 0.003936586901545525
v -4.498818029219364e-08 0.016932094469666478 0.004030206240713596
v -0.0009260076330974697 0.014216838404536246 0.003909603226929903
v -6.0707754379052395e-09 0.014194901101291178 0.0039847251027822495
v -0.0009651056607253848 0.011539097875356672 0.0039343754760921
v 3.543760129787187e-08 0.012014070525765417 0.004002389498054981
v 4.776984496857039e-08 0.007211471907794475 0.004110097885131836
v 4.624017080345765e-08 0.00901222229003906 0.004063078667968512
v 4.1419955465471496e-08 0.010729473084211348 0.004024794790893793
v 3.9245556138212117e-08 0.005784498527646064 0.004150672350078821
v 4.5789814606678185e-08 0.006214131135493516 0.004138217773288488
v 4.521741914231824e-08 0.006714305374771356 0.004123964812606573
v -0.002840330591425299 0.011709728278219698 0.003361815121024847
v -0.0027270605787634845 0.014367233030498026 0.0033426396548748016
v -0.0026560584083199497 0.01639704033732414 0.0033659888431429863
v -0.0026178208645433183 0.017885293811559674 0.0033931515645235777
v -0.002591854892671108 0.019051739946007725 0.0033629999961704016
v -0.002557864878326654 0.020115369930863377 0.0032150514889508486
v -0.0025076600722968574 0.021219432353973385 0.0029235456604510546
v -0.0024494917597621675 0.022404333576560017 0.0025099061895161867
v -0.0023927926085889335 0.023703128099441525 0.001998920924961567
v -0.0023030433803796764 0.026684263721108433 0.0007870474364608526
v -0.0022219263482838865 0.029973302036523816 -0.0005005354178138077
v -0.0021711545996367927 0.03156690672039985 -0.001129083102568984
v -0.0014829036081209777 0.031732317060232156 -0.0009908343199640512
v -0.001510555390268564 0.030086150392889973 -0.00032014193129725754
v -0.0015625184169039128 0.026746608316898342 0.0010319462744519114
v -0.0016227740561589596 0.023749213665723797 0.002296658232808113
v -0.0016614361666142938 0.02243711985647678 0.0028308997862040997
v -0.0017012327443808315 0.021233618259429928 0.003263759193941951
v -0.0017355824820697305 0.02010753564536571 0.003567929146811366
v -0.0017587303882464764 0.019020371139049527 0.0037197694182395935
v -0.0017762865172699092 0.017830749973654744 0.0037469102535396814
v -0.0018022478325292466 0.01632154732942581 0.003714720718562603
v -0.0018507419154047964 0.014274869114160536 0.00368926371447742
v 0.0019285868620499966 0.011601098813116549 0.003711918368935585
v 0.0028405599296092983 0.011706663295626639 0.0033619182649999857
v 0.0036578823346644636 0.011820457875728605 0.0029159567784518003
v 0.003656425746157765 0.011845902539789675 0.0029156680684536695
v 0.0033872674684971567 0.017478723078966137 0.002938968827947974
v 0.002617890248075127 0.017884243279695507 0.0033932023216038942
v 0.0026561620179563756 0.016395496204495427 0.0033660137560218573
v 0.0009652145672589539 0.011536009609699248 0.003934452310204506
v 0.0009260826045647262 0.014214505441486834 0.003909624647349119
v 0.0009017021511681377 0.016272468492388722 0.003936570603400469
v 0.000888688489794731 0.017795899882912632 0.00397235993295908
v 0.0008799166535027324 0.01900127343833446 0.003947627265006304
v 0.0008683096384629606 0.02010431699454784 0.0037937327288091183
v 0.0008510401821695267 0.02124514244496822 0.0034817191772162914
v 0.000831035547889769 0.022460971027612683 0.003036634298041463
v 0.0008116338867694138 0.023781672120094296 0.002487399848178029
v 0.0007446847739629446 0.03184945881366729 -0.0009068013168871403
v 0.0005984505405649542 0.033219151198863976 -0.001547285821288824
v 7.506539532187161e-06 0.033259700983762734 -0.0015369312604889274
v 0.0007816688739694654 0.02678960748016834 0.001187906484119594
v 0.0007565547712147235 0.030166381970047947 -0.00020831204892601818
v 0.0027683696243911977 0.031456470489501946 -0.001343496493063867
v 0.0026721877511590715 0.03256691247224807 -0.001819087890908122
v 0.0020024431869387622 0.03285755589604377 -0.0016760348808020353
v 0.00217121560126543 0.03156681358814239 -0.0011289941612631083
v 0.0022219847887754436 0.02997307479381561 -0.0005003959522582591
v 0.0028641549870371814 0.029617426916956898 -0.000652426213491708
v 0.0023030978627502914 0.026683805510401722 0.0007872880669310689
v 0.0029876867774873968 0.026027789339423176 0.0007011872949078679
v 0.0023928545415401454 0.02370253205299377 0.001999221509322524
v 0.0031178425997495647 0.023038767278194424 0.00185653124935925
v 0.0024495616089552637 0.02240370027720928 0.002510204678401351
v 0.003206652123481035 0.02159723453223705 0.0023709172382950783
v 0.002507728291675448 0.02121876552700996 0.0029238155111670494
v 0.003231613198295235 0.021208031103014943 0.002493245294317603
v 0.0032703231554478403 0.02058061212301254 0.0026666298508644104
v 0.0025579303037375207 0.02011466026306152 0.0032152587082237005
v 0.0032950690947473045 0.02013868652284145 0.0027665586676448584
v 0.0025919142644852395 0.019050946459174153 0.003363117342814803
v 0.0033475665841251607 0.018823556602001187 0.0029270078521221876
v 0.003338758368045091 0.019104054197669026 0.002909695962443948
v 0.0033150359522551294 0.019728060811758038 0.002839448396116495
v 0.002727225190028548 0.014364930801093577 0.003342695999890566
v 0.0035198724362999196 0.01434279605746269 0.0029004805255681276
v 0.0034219664521515365 0.016492942348122593 0.0029217107221484184
v 0.0039863698184490195 0.0062641920521855346 0.00301581178791821
v 0.003999219276010989 0.006048939656466245 0.003020826494321227
v 0.003914778120815753 0.00746063096448779 0.002989306580275297
v 0.0038443282246589656 0.008640249259769915 0.0029655045364052057
v 0.003747632028535008 0.010273324325680731 0.002937008859589696
v 0.0012877706903964279 0.033085558563470834 -0.0015892962692305446
v 0.0014829515712335704 0.0317322164773941 -0.000990755739621818
v 0.0015105995116755364 0.030085910111665722 -0.00032001271029002964
v 0.0015625612577423451 0.026746146380901333 0.0010321822483092546
v 0.0016228144522756336 0.023748610168695446 0.0022969560232013464
v 0.0016614812193438409 0.022436479106545445 0.0028311966452747583
v 0.0017012737225741146 0.02123293280601501 0.0032640222925692797
v 0.0017356257885694502 0.020106807351112362 0.003568127052858472
v 0.0017587685724720357 0.019019555300474163 0.0037198709324002266
v 0.0017763329669833181 0.01782967150211334 0.003746940288692713
v 0.0018023191951215265 0.016319982707500454 0.0037147263064980507
v 0.0018508607754483817 0.014272548258304594 0.0036893049255013466
v 0.0026379171758890148 0.03294790163636207 -0.0020133787766098976
v 0.0021005547605454917 0.03330396488308906 -0.001968103926628828
v 0.0014528433093801139 0.03356336802244186 -0.001903816475532949
v 0.0007348647923208772 0.03373941034078597 -0.001864076592028141
v 0.0005951601779088377 0.034229233860969537 -0.0021810028702020645
v 0.0011816893238574264 0.03409661725163459 -0.0021953927353024483
v 0.001450841315090656 0.0340074710547924 -0.0022058153990656137
v 0.001713927020318806 0.033903110772371285 -0.0022194725461304188
v 0.002260839100927114 0.0336230918765068 -0.002259792061522603
v 0.002613849705085158 0.033391624689102166 -0.002294820034876466
v 0.0029993630014359947 0.03240671381354331 -0.0019301659194752574
v 0.002929535927250981 0.03283442184329032 -0.00212556472979486
v 0.0028809017967432733 0.03318235278129577 -0.002324003027752042
v 0.0030892933718860145 0.0329880267381668 -0.002351480070501566
v 0.0031768975313752885 0.03268182277679443 -0.002221829956397414
v 0.003264873987063765 0.03229354694485664 -0.0020683277398347855
v 0.003350327722728252 0.032682798802852624 -0.0023961651604622602
v 0.003179637715220451 0.03306963667273521 -0.002513670828193426
v 0.00348821235820651 0.032241865992546075 -0.002250614343211055
v 0.0036637338344007726 0.03223023191094398 -0.002463610377162695
v 0.0034898158628493543 0.03270792588591575 -0.0026024826802313328
v 0.0032698668073862787 0.03314296901226043 -0.002710803644731641
v 0.0026316710282117124 0.03365232050418853 -0.002523998264223337
v 0.0029323955532163377 0.03338781371712684 -0.002541676862165332
v 0.0026783118955790992 0.033875890076160424 -0.002812076359987259
v 0.0029977990780025716 0.03353296592831611 -0.0027759920340031385
v 0.0005069118342362343 0.03492593020200729 -0.0028513099532574415
v 0.0007359605515375732 0.03458590060472488 -0.0025112926959991455
v 0.0014638425782322881 0.034658759832382195 -0.002847040072083473
v 0.0011118019465357063 0.03478743508458137 -0.0028495651204138994
v 0.0007389912498183547 0.03488485142588615 -0.0028509232215583324
v 0.002195126144215464 0.03426140919327735 -0.0028347254265099764
v 0.0016436160076409576 0.03457843884825706 -0.002845095470547676
v 0.0021032860968261953 0.034053277224302285 -0.002535526640713215
v 0.0014549001352861521 0.034374732524156563 -0.002521709306165576
v 0.00020163180306553838 0.03528767824172973 -0.003475567791610956
v 4.4955381639510954e-08 0.035294637084007256 -0.0034785817842930555
v 3.989345387367393e-08 0.03516123071312904 -0.0031627858988940716
v 0.0007077869377098976 0.035212628543376916 -0.0034496928565204144
v 0.0007426742231473326 0.03508005291223525 -0.0031582722440361977
v 0.0014742893399670718 0.03484296053647994 -0.0031422399915754795
v 0.0012422347208485005 0.03504566475749015 -0.0033975469414144754
v 0.001180895837023854 0.035069461911916726 -0.0034047432709485292
v 0.0022477223537862297 0.034477449953556054 -0.00326370308175683
v 0.0017340432386845348 0.03480975702404975 -0.0033303387463092804
v 0.0014828774146735666 0.03494031354784965 -0.0033663262147456408
v 0.0021469492930918928 0.034471876919269555 -0.003111426718533039
v 0.002688659122213721 0.03390825167298316 -0.0028683843556791544
v 0.0027533485554158683 0.03405728191137313 -0.003233050461858511
v -0.001241968013346195 0.03504545241594314 -0.003396908286958933
v -0.001482792431488633 0.03494016081094741 -0.003365946700796485
v -0.0014742063358426092 0.034842956811189645 -0.003142270725220442
v -0.001693585538305342 0.0348321571946144 -0.003336134599521756
v -0.0022609464358538385 0.034467373043298714 -0.003261829726397991
v -0.002146867103874683 0.03447186201810836 -0.0031114749144762754
v -0.002753260778263211 0.034057270735502236 -0.003233108436688781
v -0.0026885792613029476 0.03390823304653167 -0.002868442330509424
v -0.0011616043047979472 0.03507637232542037 -0.0034062599297612906
v -0.0002726094098761677 0.03528191521763801 -0.0034732185304164886
v -0.0006740643875673412 0.03522000089287757 -0.0034516395535320044
v -0.0007425926742143928 0.035080049186944955 -0.003158287610858679
v -0.0027668063994497056 0.03404457122087478 -0.003233090043067932
v -0.0030769237782806154 0.0336402840912342 -0.003066839650273323
v -0.002780329436063766 0.03403177484869956 -0.0032330418471246958
v -0.0030792129691690202 0.03372161462903022 -0.0032367289531975985
v -0.003192739095538854 0.033661782741546624 -0.0035033298190683126
v -0.0028612159658223386 0.03404221311211585 -0.0035739487502723932
v -0.0028262112755328412 0.034070476889610284 -0.003519916208460927
v -0.0028593277093023057 0.0340205430984497 -0.003925858531147242
v 4.952739374175507e-08 0.03532414510846137 -0.004286691080778837
v -0.0003514889685902744 0.03530579432845115 -0.0042787049897015095
v -0.0005746989627368747 0.03527493029832839 -0.004267598502337933
v -0.0008525302982889115 0.03521567583084106 -0.0042478665709495544
v -0.0008928814204409717 0.035205144435167306 -0.004244469106197357
v -0.0013561049709096549 0.035048685967922204 -0.004195907153189182
v -0.001426666392944753 0.03501899540424346 -0.00418694457039237
v -0.0018083525355905292 0.0348302200436592 -0.004131009802222252
v -0.0019297715043649075 0.03475969284772872 -0.004110771231353283
v -0.002389517612755298 0.034441746771335595 -0.004025512840598822
v -0.0013197094667702911 0.03509841486811637 -0.0037953758146613836
v -0.0020735170692205425 0.0346977412700653 -0.0036764652468264103
v -0.002474569715559482 0.034396719187498086 -0.0035958695225417614
v -0.0005566776380874215 0.035316996276378625 -0.003863382153213024
v 5.1616090956940746e-08 0.035365723073482506 -0.003914271015673876
v 4.733256275812891e-08 0.035314332693815224 -0.0035455403849482536
v 0.000364623760106042 0.03530425950884818 -0.004278915468603373
v 0.0005568375927396118 0.03531701490283012 -0.003863953286781907
v 0.0005748452967964112 0.03527456894516944 -0.004268837161362171
v 0.00131988781504333 0.03509842231869697 -0.003795927157625556
v 0.0012082409812137482 0.035105612128973 -0.004214530345052481
v 0.000932744180317968 0.03519387543201446 -0.004242560360580683
v 0.0020737007725983854 0.034697756171226495 -0.003676997497677803
v 0.0014864319236949084 0.03499258309602737 -0.0041793896816670895
v 0.0013562487438321111 0.03504852950572967 -0.0041966745629906654
v 0.0025227218866348262 0.034333430230617516 -0.003997793421149254
v 0.0020898627117276187 0.034658592194318764 -0.004082100465893745
v 0.001993706682696938 0.03472055122256278 -0.004099227953702211
v 0.002474761568009853 0.034396722912788384 -0.0035963933914899826
v 0.0028357720002532 0.0340682528913021 -0.0035765396896749735
v 0.0028594268951565023 0.0340205393731594 -0.003925911150872707
v 0.0027669041883200403 0.03404456749558448 -0.003233008086681366
v 0.003424775321036577 0.03323562815785407 -0.003153705969452858
v 0.0030770071316510435 0.03364030271768569 -0.0030667746905237436
v 0.003372363047674298 0.03321141749620437 -0.0029829759150743484
v 0.003682158654555678 0.03274931013584136 -0.0030399365350604057
v 0.003758016042411327 0.03276214748620986 -0.0033556062262505293
v 0.004038615617901086 0.032167244702577584 -0.003408420132473111
v 0.003913571592420339 0.032221835106611245 -0.0029564276337623596
v 0.0037181084044277664 0.032229781150817864 -0.0025481514167040586
v 0.004044368863105773 0.03216349333524703 -0.0037136957980692387
v 0.0038424772210419174 0.032616093754768365 -0.0037428056821227074
v 0.004125941079109906 0.031944364309310906 -0.003419124986976385
v 0.004131405148655175 0.031938653439283364 -0.003699233289808035
v 0.004083569161593913 0.032054930925369256 -0.0034137193579226732
v 0.004088377580046653 0.03205223754048347 -0.0037071260157972574
v 0.004488667007535695 0.030552405864000317 -0.004328152630478144
v 0.004488626495003699 0.030730476602911946 -0.003589053638279438
v 0.004638559650629758 0.02983133681118488 -0.004197550006210804
v 0.004640833474695682 0.029990382492542263 -0.0034829811193048954
v 0.004779265727847814 0.028938980773091313 -0.004025840666145086
v 0.004765646532177924 0.029207183048129078 -0.003338315524160862
v 0.005576493684202432 0.020303616300225254 -0.0010894020088016987
v 0.005576511844992637 0.020000685006380078 -0.0023466944694519043
v 0.005480261985212564 0.02145527489483356 -0.0013912664726376534
v 0.0054815919138491145 0.021178180351853367 -0.0024742616806179285
v 0.00526306964457035 0.024012686684727665 -0.0021291496232151985
v 0.005349077284336089 0.022730151191353794 -0.0027410718612372875
v 0.00479475175961852 0.028994677588343617 -0.0032954546622931957
v 0.004795675631612538 0.02898771874606609 -0.003294041845947504
v 0.004823093768209218 0.028605150058865544 -0.003959253430366516
v 0.0050204251892864695 0.026944337412714955 -0.0028446349315345287
v 0.005044832359999417 0.026503119617700573 -0.003525944659486413
v 0.005070788320153951 0.02639290504157543 -0.00271714199334383
v 0.0052285795100033275 0.024457471445202824 -0.0022442867048084736
v 0.004764806013554334 0.029218448325991627 -0.0032799069304019213
v 0.0045326417312026015 0.030544495210051533 -0.0034845350310206413
v 0.00448822509497404 0.03074111975729465 -0.003489327384158969
v 0.004940031096339225 0.02775401249527931 -0.002968065207824111
v 0.005227468442171811 0.02447123639285564 -0.0021903468295931816
v 0.005342435557395219 0.02302412688732147 -0.0017877737991511822
v 0.005466848146170377 0.021593131124973294 -0.0013314933748915792
v 0.005572109017521142 0.020327962934970852 -0.0009743575355969369
v 0.0055585410445928565 0.020351499319076535 -0.0008598630665801466
v 0.0054883481934666625 0.02121968939900398 -0.0010884052608162165
v 0.005365647375583648 0.02265580743551254 -0.0015521935420110822
v 0.005230777896940707 0.024346251040697094 -0.0020427347626537085
v 0.005018805153667926 0.02689705044031143 -0.0026586090680211782
v 0.004813044797629117 0.028817577287554737 -0.0030863252468407154
v 0.004756812471896409 0.029238849878311154 -0.0031693933997303247
v 0.0046467739157378665 0.02993759140372276 -0.003291019005700946
v 0.004492109641432761 0.030703807249665257 -0.0033856621012091637
v 0.004481296986341476 0.030750224366784092 -0.0033897305838763714
v 0.004324514884501695 0.03135449439287185 -0.0036547230556607246
v 0.0043235504999756804 0.031349204480648034 -0.0034227704163640738
v 0.0041314312256872645 0.031740792095661156 -0.0045205578207969666
v 0.00440789246931672 0.03087341040372848 -0.004383419174700975
v 0.003948492929339408 0.03218362107872962 -0.004582494962960482
v 0.0038018305785953994 0.030788902193307873 -0.005918645299971104
v 0.003961956594139337 0.031002933159470555 -0.005575397051870823
v 0.003812209470197558 0.030771160498261448 -0.005910517182201147
v 0.003822426544502377 0.03075328469276428 -0.005902516655623913
v 0.0037508516106754537 0.031467296183109277 -0.005675145890563726
v 0.003838782431557774 0.03178605064749717 -0.005309486296027899
v 0.004089015070348977 0.031391903758049004 -0.005056364461779594
v 0.003883162513375282 0.03208556026220321 -0.004924916196614504
v 0.0037798902485519643 0.030824836343526837 -0.005935940891504288
v 0.003862835001200437 0.030753342434763905 -0.005985161755234003
v 0.003812927287071943 0.030774846673011776 -0.005916147492825985
v 0.0038238361012190576 0.030760651454329487 -0.005913804285228252
v 0.003685556817799806 0.030940955504775044 -0.006318762898445129
v 0.003881007898598909 0.03068781085312366 -0.006166825070977211
v 0.0036805216223001476 0.030997924506664273 -0.006238788831979036
v 0.003886055434122681 0.03072818927466869 -0.006077328231185675
v 0.0036508464254438873 0.031035045161843296 -0.006152723915874958
v 0.003515449352562427 0.03115023113787174 -0.006263202056288719
v 0.003416593419387936 0.03120956942439079 -0.006345607805997133
v 0.003550397232174873 0.031107367947697636 -0.00634448928758502
v 0.003456082427874207 0.031163176521658894 -0.006422765552997589
v 0.0035632422659546133 0.031042635440826413 -0.006417360156774521
v 0.0034756097011268135 0.031093709170818325 -0.0064895483665168285
v 0.003819093573838472 0.029689194634556767 -0.006362717133015394
v 0.003764901310205459 0.029671035706996914 -0.00641016336157918
v 0.0037993262521922584 0.02971774339675903 -0.0064176893793046474
v 0.0035422379150986667 0.029656993225216862 -0.00657226936891675
v 0.0035499974619597192 0.029664734378457066 -0.006577738095074892
v 0.0035927589051425453 0.029718261212110516 -0.006603815592825413
v 0.003625595476478338 0.029777867719531056 -0.00661695608869195
v 0.0038188146427273746 0.02980784513056278 -0.006443464197218418
v 0.003933914471417665 0.02976000308990478 -0.006245736964046955
v 0.00392530858516693 0.029760992154479023 -0.0062653664499521255
v 0.004006695002317428 0.02984870038926601 -0.006151564419269562
v 0.003928582184016704 0.029844870790839192 -0.006311378907412291
v 0.003999096807092427 0.029918342828750607 -0.006210604216903448
v 0.004057595971971749 0.030266495421528813 -0.005983387585729361
v 0.004043702036142348 0.030317479744553563 -0.0059267086908221245
v 0.004068432375788688 0.030174978077411648 -0.005964599084109068
v 0.003932124935090541 0.0305945873260498 -0.00590020976960659
v 0.003966649994254111 0.03054086677730083 -0.005919768940657377
v 0.003983808681368827 0.030526084825396534 -0.006012769881635904
v 0.003972483333200215 0.030500387772917744 -0.006104277912527323
v 0.004039835184812545 0.030266344547271725 -0.006077448837459087
v 0.004039233084768056 0.03002047166228294 -0.00613715685904026
v 0.004050023388117551 0.030097458511590954 -0.00610527116805315
v 0.004069779068231582 0.03006896190345287 -0.006016054190695286
v 0.004071417730301618 0.030109276995062825 -0.005989718716591597
v 0.004070087801665067 0.030067173764109608 -0.00600845692679286
v 0.00405717734247446 0.02997704595327377 -0.006056996062397957
v 0.004055023193359374 0.029968054965138432 -0.006062541157007217
v 0.0040379627607762805 0.02991356328129768 -0.006099313963204622
v 0.003959197085350751 0.03054297901690006 -0.005900749005377293
v 0.0036066856700927015 0.029939584434032437 -0.006656820420175791
v 0.0036350351292639966 0.029927723109722134 -0.0066315061412751675
v 0.003607586724683642 0.029823677614331242 -0.006648159585893154
v 0.0035594154614955183 0.029802944511175152 -0.006675856187939644
v 0.0035580378025770183 0.02973086945712566 -0.006635252386331558
v 0.0035234808456152673 0.029745433479547497 -0.006665569264441729
v 0.0034761270508170124 0.029691299423575398 -0.006640448700636625
v 0.00349854864180088 0.029663117602467533 -0.006599281448870897
v 0.003453902434557676 0.029671898111701008 -0.006625453010201454
v 0.0035108574666082855 0.029991352930665013 -0.00673713767901063
v 0.003305736696347594 0.03016472980380058 -0.006882728077471256
v 0.0033576756250113244 0.030418202280998227 -0.006790852174162865
v 0.0032372802961617704 0.030246604233980175 -0.006922476459294558
v 0.0031333253718912597 0.0304117240011692 -0.006970367394387722
v 0.003055049572139978 0.030859895050525662 -0.006924476008862257
v 0.003114482387900352 0.030976515263319012 -0.006849237717688084
v 0.0032279375009238716 0.03104932978749275 -0.006740997079759836
v 0.003120989073067903 0.030438046902418133 -0.006974264979362488
v 0.0030471337959170337 0.030675321817398068 -0.006976126227527857
v 0.003043705830350518 0.03070743195712566 -0.006970939692109823
v 0.002963080536574125 0.031183423474431034 -0.006759523879736662
v 0.0028809723444283004 0.031205212697386738 -0.006693240255117416
v 0.0029507926665246482 0.031248457729816433 -0.006628403440117836
v 0.0027997088618576522 0.031122770160436627 -0.006775757297873497
v 0.0028558871708810325 0.031058365479111668 -0.0068729957565665245
v 0.0027553811669349666 0.031052006408572193 -0.006826777011156082
v 0.0027944296598434444 0.03087840601801872 -0.00696462532505393
v 0.0026927269063889976 0.03083766438066959 -0.006926757283508778
v 0.0027892959769815202 0.03068078681826591 -0.007017654832452536
v 0.0027021639980375762 0.03058756701648235 -0.006981710437685251
v 0.002853019163012504 0.030416600406169888 -0.007033294998109341
v 0.002755152992904186 0.03039709478616714 -0.006988640408962965
v 0.0027835424989461894 0.030326677486300465 -0.0069840759970247746
v 0.0028922292403876777 0.030286345630884167 -0.007015252020210028
v 0.002816985826939344 0.030256168916821476 -0.006975377909839153
v 0.003238650038838386 0.031099928542971608 -0.0067120688036084175
v 0.0031906615477055307 0.031190365552902218 -0.006675067823380232
v 0.0031260426621884103 0.03125429525971412 -0.006613330449908972
v 0.0030721200164407487 0.031284775584936135 -0.006522433366626501
v 0.0030645271763205524 0.030371071770787236 -0.007012523710727692
v 0.0029796056915074583 0.0303267128765583 -0.007029492408037186
v 0.0030531643424183126 0.03049119189381599 -0.007008003070950508
v 0.0029561282135546203 0.03045391663908958 -0.007040358614176512
v 0.0030027823522686954 0.030697470530867573 -0.0069975038059055805
v 0.0028981247451156373 0.030692672356963154 -0.007027093321084976
v 0.0030062836594879623 0.030841702595353123 -0.006959137041121721
v 0.0029025173280388112 0.0308667067438364 -0.006980557925999165
v 0.003048921469599008 0.0309662502259016 -0.006895241793245077
v 0.0029556949157267805 0.031022112816572186 -0.006901171058416367
v 0.003122527617961168 0.031051002442836758 -0.006816872861236334
v 0.003048135200515389 0.031129263341426846 -0.0068031661212444305
v 0.0027431440539658065 0.03132986649870872 -0.00674481550231576
v 0.0027602552436292167 0.03177997842431068 -0.0065558296628296375
v 0.003064044518396258 0.03155392035841941 -0.006419494282454252
v -0.0007438903558067976 0.0318659134209156 -0.007375603541731834
v -0.0007076258771121501 0.03197494521737098 -0.007426125928759575
v -0.0007117546629160642 0.03189617395401 -0.007456779945641756
v 0.0005412970203906297 0.03211157023906707 -0.00751526141539216
v 0.0005701060290448367 0.03193894773721694 -0.007578006945550442
v 0.0004826642980333417 0.03194723278284072 -0.00759976077824831
v 0.0006984909414313732 0.032113131135702126 -0.00728669622913003
v 0.0007440863410010933 0.03186338767409324 -0.007376494817435741
v 0.0007127650314942001 0.031893238425254815 -0.007456282619386911
v 0.0006773098721168934 0.03210840001702308 -0.0073783379048109055
v 0.0005469082389026879 0.032337173819541924 -0.007300876080989838
v 0.0005663952324539422 0.032333903014659875 -0.00721354316920042
v 0.00047023082152009005 0.032414171844720834 -0.0072761112824082375
v 0.0003657522029243409 0.03249784559011459 -0.007163246627897024
v 0.00024312152527272699 0.032546460628509515 -0.007235271856188774
v 0.00025392032694071526 0.032548613846302026 -0.0071485936641693115
v 0.00012069746298948302 0.03258350118994712 -0.0071387323550879955
v 1.3192287724450578e-06 0.03258870914578437 -0.007222773507237434
v -3.930713177169309e-08 0.032593376934528344 -0.0071360026486217976
v -0.0001369440142298117 0.03258066251873969 -0.007139514200389385
v -0.00025221519172191614 0.03254307806491851 -0.007236292120069265
v -0.0002634554402902722 0.032545104622840874 -0.007149587385356426
v -0.0003818009281530976 0.03248845785856246 -0.00716603035107255
v -0.0004689274937845766 0.03241512924432754 -0.007275822106748819
v -0.0004897925537079572 0.032410584390163415 -0.0071895429864525795
v -0.0006300024688243865 0.0322161354124546 -0.007341168355196714
v -0.0007045877864584326 0.03209578245878219 -0.007292720954865217
v -0.0006578880129382013 0.03220169991254806 -0.007256627082824707
v -0.0005782145890407263 0.03231999278068542 -0.007217954378575087
v -0.0005658941809087991 0.03200451657176017 -0.007553780451416969
v -0.0004331169475335627 0.03215285018086433 -0.007525511085987091
v -0.0005695845466107129 0.03194093704223632 -0.0075774299912154675
v -0.0004824664792977273 0.031948875635862344 -0.007599160075187683
v -0.0005028571467846631 0.03219779208302497 -0.00748523510992527
v -0.0003728711744770407 0.03235598281025886 -0.007432449609041214
v -0.00028354354435577983 0.03232529759407043 -0.007467259187251329
v -0.00019981284276582298 0.032456453889608376 -0.0074006360955536366
v -6.814994412707164e-05 0.03241088241338729 -0.007439844775944948
v 1.0595093726806224e-06 0.03249194473028182 -0.007389790844172239
v 0.00019263292779214677 0.032459095120429986 -0.007399816997349262
v 0.0001574090856593102 0.03238974139094352 -0.007446501404047012
v 0.0003739578241948038 0.03235522657632827 -0.0074326833710074425
v 0.0003388135519344359 0.032279767096042626 -0.00748226186260581
v 0.0004617193189915269 0.03208342939615249 -0.0075500039383769035
v 0.00043568483670242125 0.032294232398271554 -0.007452672813087702
v -0.0006512029212899505 0.03192265704274177 -0.007528048474341631
v -0.0006474310066550969 0.03199494630098342 -0.007500597275793552
v -0.0005759994965046643 0.03221544623374938 -0.0074227312579751015
v -0.00042812299216166133 0.03239681199193 -0.007362822536379099
v -0.00022995669860392806 0.03251287713646888 -0.007326639723032713
v 1.2090577001799827e-06 0.03255412355065345 -0.0073142810724675655
v 0.00022167488350532946 0.032515943050384515 -0.007325704209506512
v 0.0004293344100005924 0.03239594399929046 -0.007363085635006428
v 0.0004996630595996975 0.032325863838195794 -0.007385782897472382
v 0.000619544822257012 0.03211699798703193 -0.007456813473254442
v 0.0006521757459267973 0.031920198351144784 -0.007528196554630995
v -0.00039399921661242837 0.031685091555118554 -0.007701997645199299
v -0.00047448679106310005 0.03186506032943725 -0.007630826905369759
v 9.756561070162205e-08 0.031879186630249016 -0.007653361652046442
v 0.00037933993735350663 0.0316665694117546 -0.007709582801908255
v 0.00022946490207687018 0.03155012056231498 -0.007758623454719782
v 2.1509724490442747e-07 0.03149738535284995 -0.007781743071973324
v 0.0004746819613501429 0.031865071505308144 -0.007630836218595505
v -0.0002222339098807424 0.03154671192169189 -0.00776009913533926
v -0.0004805019998457282 0.031906727701425545 -0.007614997215569019
v 0.0004806235083378851 0.03190594539046287 -0.007615283597260714
v -0.0006999491597525774 0.03177413716912269 -0.007503959815949202
v -0.0007320024888031184 0.03173767775297164 -0.007424434181302786
v -0.0007380998576991259 0.03177568316459655 -0.007409741636365652
v -0.000567306822631508 0.03189160674810409 -0.007595987059175968
v -0.0006035221740603446 0.03182723373174667 -0.007595336064696312
v -0.0006486290949396788 0.031866453588008874 -0.007549207657575607
v -0.0007089585997164248 0.03183471783995628 -0.007479927036911249
v -0.0007409799727611243 0.03180151060223579 -0.0073998658917844296
v -0.0022201170213520523 0.03198398649692535 -0.006803541444242001
v 0.0022202895488589998 0.03198398277163505 -0.006803498603403568
v 0.0007922396180219947 0.03231984004378318 -0.00718072010204196
v -0.0007920662756077944 0.03231983631849288 -0.0071807424537837505
v -0.0007933734450489282 0.031770318746566766 -0.007401390001177788
v -0.0022181419190019365 0.03150172904133796 -0.006995276547968388
v -0.0015447469195351002 0.03218617662787437 -0.007024047430604696
v -0.0015460313297808168 0.03166088461875915 -0.007233247626572847
v 0.0009161159396171569 0.03175713121891021 -0.007380886003375053
v 0.0007382841431535779 0.03177568316459655 -0.007409733720123768
v 0.0015449282946065066 0.032186180353164666 -0.007024008315056562
v 0.0015435446985065935 0.03166136145591735 -0.007233954966068268
v 0.002159223426133394 0.031518258154392235 -0.007019666489213705
v 0.0005679356399923562 0.031890522688627236 -0.00759614072740078
v 0.0006037004059180616 0.03182722255587577 -0.007595287635922432
v 0.0006495956331491469 0.031864996999502175 -0.007548890076577663
v 0.000709878047928214 0.03183291107416152 -0.007478970568627119
v 0.0007001076010055839 0.03177413344383239 -0.007503920700401068
v 0.0007321904995478689 0.03173768147826194 -0.007424420677125454
v 0.0002628351503517478 0.03121557086706161 -0.007658781949430704
v 0.0004886185051873325 0.031333483755588525 -0.007592746522277594
v 0.00047393169370479876 0.0313219167292118 -0.0075979456305503845
v 0.00028877754812128836 0.03121823817491531 -0.007645753677934408
v 0.0002474765351507812 0.031203577294945713 -0.007652715779840946
v 5.2109285206825e-06 0.03117386996746063 -0.007682683877646923
v -9.301807040174024e-06 0.031164990738034245 -0.007671383209526539
v -0.00026467614225111896 0.031209455803036686 -0.007649923674762249
v -0.000488446617964655 0.031333509832620614 -0.0075927418656647205
v -0.0004799829039257019 0.031327161937952035 -0.007596247363835573
v -0.0002528415352571755 0.031212389469146725 -0.007660563103854656
v 0.0006269423174671828 0.031597241759300225 -0.0075888847932219505
v 0.0005597621202468871 0.0316578485071659 -0.007651256397366524
v -0.0004726102051790803 0.031408417969942086 -0.007668354082852602
v -0.0002496206725481897 0.03128215298056602 -0.0077245645225048065
v 2.5834771122390515e-07 0.031240249052643772 -0.007743940223008394
v 0.0002551518264226615 0.031284049153327935 -0.0077236974611878395
v 0.00047301451559178526 0.03140858188271522 -0.007668276317417622
v 0.0006518944283016025 0.03152296319603919 -0.007510868366807699
v 0.0004720291472040116 0.031715799123048775 -0.007679539732635021
v -0.0006158326286822556 0.031577844172716134 -0.007596831303089857
v -0.0006408918416127561 0.03150507435202598 -0.007518361322581768
v 0.0004219591501168906 0.03149012476205825 -0.007721377070993185
v 0.00022751274809706953 0.03137978538870811 -0.0077700186520814896
v 2.373624568008381e-07 0.031341042369604104 -0.007787719368934631
v -0.00022255696239881215 0.0313781090080738 -0.007770777214318514
v -0.00042157858842983836 0.03148998320102691 -0.007721443194895983
v -0.0005497775273397564 0.031640570610761636 -0.007658300455659628
v -0.0004635149962268769 0.0317012146115303 -0.007685431744903326
v -0.00035491699236445123 0.031574472784996026 -0.007737942971289158
v -0.00018717140483204273 0.03148078545928001 -0.007778552360832691
v 2.1049123688499091e-07 0.03144982457160949 -0.007792409509420395
v 0.00019137046183459458 0.03148218244314193 -0.007777932565659285
v 0.0003552646376192569 0.031574595719575875 -0.007737885694950819
v 0.0022300307173281904 0.030991116538643834 -0.007148285862058401
v 0.0015521493041887877 0.03110924735665321 -0.007405970245599747
v 0.00216371682472527 0.03046677634119987 -0.0073074703104794025
v 0.0007960606599226593 0.031195124611258503 -0.0075857085175812244
v 1.0163081753944424e-07 0.030626041814684864 -0.007806398440152407
v -0.0006537525914609431 0.03060834854841232 -0.007758286315947771
v -0.000795861764345318 0.031195122748613354 -0.007585715502500534
v -0.0022298409603536125 0.03099110350012779 -0.007148326374590397
v -0.0015519626904278991 0.031109236180782315 -0.00740598700940609
v -0.002274094149470329 0.03045305050909519 -0.0072550117038190365
v -0.0014247676590457556 0.030659664422273632 -0.007562585640698671
v -0.001589422929100692 0.03053360618650913 -0.00753477867692709
v -0.0008337648469023405 0.030716607347130772 -0.007702050730586052
v -0.0010723645100370047 0.030760120600461956 -0.007639143615961075
v -0.0011826497502624986 0.03074965067207813 -0.007613176945596933
v -0.0011971849016845224 0.030726984143257138 -0.007695505861192942
v -0.0013981757219880817 0.030658038333058354 -0.007653454318642616
v -0.00185731949750334 0.0297608096152544 -0.0076559497974812984
v -0.0018489052308723328 0.030031265690922734 -0.007617047056555748
v -0.001823492348194122 0.030160363763570782 -0.007519309874624014
v -0.0017826249822974203 0.030240518972277638 -0.007606106344610453
v -0.0016868163365870712 0.030421420931816098 -0.007522728759795427
v -0.0016237273812294004 0.03048300929367542 -0.007616972550749779
v -0.0014583540614694355 0.02925079688429832 -0.007860973477363586
v -0.0015544791240245102 0.02928647957742214 -0.007828810252249241
v -0.0016274490626528857 0.029346508905291554 -0.0077919624745845795
v -0.001661211368627846 0.02936500124633312 -0.007782428991049528
v -0.0017219871515408156 0.029424278065562245 -0.007744225207716227
v -0.0017851780867204068 0.029528964310884472 -0.007716022431850433
v -0.001841610064730048 0.029638256877660748 -0.0076413326896727085
v -0.0012777213705703614 0.02923619747161865 -0.007950618863105774
v -0.0013590567978098986 0.029213929548859593 -0.007894202135503292
v -0.0011342905927449463 0.02922144718468189 -0.007961677387356758
v -0.001126672141253948 0.029205126687884327 -0.007942991331219673
v -0.001269388012588024 0.029378166422247883 -0.008023862726986408
v -0.0011860085651278494 0.02938701584935188 -0.008045396767556667
v -0.0014419778017327187 0.02940377593040466 -0.007969415746629238
v -0.001595726585946977 0.0294953491538763 -0.007907326333224773
v -0.0016925914678722618 0.029621645808219906 -0.00785644818097353
v -0.0017503662966191766 0.029805511236190792 -0.007809069473296404
v -0.0017429483123123644 0.030026873573660847 -0.007777158170938492
v -0.0016866952646523712 0.03020103648304939 -0.007767724804580212
v -0.0015525815542787311 0.03040259890258312 -0.007776206359267235
v -0.0013669360196217892 0.030544998124241825 -0.007805536035448313
v -0.0012068415526300667 0.03059946186840534 -0.00783877819776535
v -0.0011620478471741078 0.029296660795807835 -0.008017363026738167
v -0.001258190721273422 0.02928664907813072 -0.007992755621671677
v -0.0014588852645829318 0.02931684628129005 -0.007929081097245216
v -0.0016385324997827409 0.029424788430333134 -0.007855776697397232
v -0.0017508263699710367 0.029572283849120137 -0.007796103600412607
v -0.0018167871749028561 0.02978320606052875 -0.007741538342088461
v -0.0018087627831846473 0.030032329261302945 -0.007705685682594776
v -0.0017467124853283165 0.03022637031972408 -0.0076954360119998455
v -0.0015983040211722253 0.030451146885752674 -0.007705335505306721
v -0.0013897559838369487 0.030612044036388394 -0.007738795597106218
v -0.0012062919558957217 0.03067471086978912 -0.007777080405503511
v -0.001788036781363189 0.029470877721905705 -0.007637243717908859
v -0.0017060611862689254 0.029350543394684788 -0.007683972362428904
v -0.0016340276924893258 0.029280839487910267 -0.00771911907941103
v -0.0015035285614430902 0.029201479628682133 -0.007774291560053825
v -0.0013247192837297914 0.02915518172085285 -0.00783699844032526
v -0.0011996951652690766 0.0291544534265995 -0.007873398251831532
v -0.0009733166662044822 0.029210383072495457 -0.007924503646790981
v -0.0009659361676312982 0.02924023568630218 -0.007959485054016113
v -0.0009218801860697566 0.029233498498797413 -0.00793335773050785
v -0.0007295123650692402 0.029360145330429074 -0.007956134155392647
v -0.0009271329035982489 0.029293686151504513 -0.008003163151443005
v -0.0006970674730837344 0.029469620436429974 -0.00802669208496809
v -0.0006897080456838011 0.02939612418413162 -0.007958482950925827
v -0.000535169441718608 0.029714953154325482 -0.008018155582249165
v -0.0005191197269596158 0.02961945906281471 -0.007954266853630543
v -0.0004881547356490045 0.029849508777260777 -0.008004100993275642
v -0.00042248601675964886 0.029891533777117726 -0.007925018668174744
v -0.0004670727648772299 0.030156143009662625 -0.007955309934914112
v -0.00041743752080947155 0.03016889467835426 -0.00787809956818819
v -0.0004786638310179114 0.03022409044206142 -0.007941452786326408
v -0.0005725615774281322 0.030453331768512722 -0.00788393709808588
v -0.0004999494994990527 0.030417505651712414 -0.007820499129593372
v -0.0007387850200757383 0.030627995729446408 -0.007819689810276031
v -0.0009374245419166981 0.030719053000211712 -0.007759707048535347
v -0.0011646349448710678 0.030732193961739537 -0.007702220231294632
v -0.0011814371682703493 0.030603464692831036 -0.00784449651837349
v -0.0010056173196062443 0.03059376589953899 -0.007889118045568466
v -0.0008527839090675115 0.030524840578436848 -0.007935703732073307
v -0.0007227666792459785 0.0303900483995676 -0.007986566051840782
v -0.0006472402019426226 0.030207805335521695 -0.008033192716538906
v -0.0006377369863912462 0.030152842402458187 -0.008044525049626827
v -0.000655493524391204 0.029901336878538128 -0.008084158413112164
v -0.000694946793373674 0.02979006059467792 -0.008095148019492626
v -0.0008302990463562309 0.029587626457214352 -0.00810032244771719
v -0.0010195535141974685 0.02944453991949558 -0.00807932484894991
v -0.0011768401600420473 0.030679475516080853 -0.007783457636833191
v -0.0009717154898680745 0.03066785633563995 -0.00783541053533554
v -0.0007927641854621469 0.030586462467908856 -0.00788961537182331
v -0.0006420651334337889 0.030429180711507794 -0.007948081940412521
v -0.0005560052813962101 0.030220378190279003 -0.008000895380973816
v -0.0005453015910461544 0.030158072710037228 -0.008013658225536346
v -0.0005649917875416576 0.0298753660172224 -0.008058463223278522
v -0.000608825241215527 0.02975090406835079 -0.008071169257164001
v -0.000759522255975753 0.029524188488721844 -0.008078173734247684
v -0.000972266774624586 0.029362516477704045 -0.008055643178522587
v 0.002378854667767882 0.027319855988025662 -0.007472168188542128
v -0.0008596163825131952 0.020922059193253514 -0.007229023613035679
v -0.002460231771692633 0.02421271055936813 -0.00722931744530797
v 0.0008430990856140851 0.025609798729419705 -0.007996712811291218
v -0.0023717521689832206 0.027319313958287236 -0.007476074155420065
v 4.0838690438249606e-06 0.027256444096565243 -0.008142117410898209
v 0.002467660931870341 0.02421334385871887 -0.007225153502076864
v -0.002502358984202146 0.020944315940141674 -0.006651024334132671
v 4.013174020656151e-06 0.029023762792348858 -0.008057540282607079
v 3.982590442319633e-06 0.029912976548075672 -0.00794285163283348
v -0.0015901478473097084 0.028999216854572293 -0.007763874251395464
v -0.0008069047471508383 0.029014717787504193 -0.00797956995666027
v -0.0023179501295089717 0.02899510785937309 -0.007440188899636269
v -0.0022814762778580184 0.0298132449388504 -0.007364526856690645
v -0.0024184482172131534 0.02569903805851936 -0.007392468862235546
v -0.0025116470642387863 0.020166313275694844 -0.006544908042997122
v -0.0025393285322934385 0.01943304948508739 -0.006522740703076124
v -0.0025907796807587142 0.018654024228453633 -0.006566737778484821
v -0.0027717810589820142 0.016663638874888417 -0.006756446789950132
v -0.002488851780071854 0.014722263440489767 -0.007064846344292164
v -0.002008546376600861 0.014922634698450564 -0.00719677098095417
v -0.0015159139875322578 0.015081274323165415 -0.007299711927771568
v -0.0010140468366444109 0.015196508727967737 -0.007373443339020014
v -0.0005060287076048552 0.015266689471900461 -0.007417730987071991
v 5.04822355651413e-06 0.015290146693587301 -0.00743234995752573
v 0.0005160968867130576 0.015265781432390211 -0.0074171507731080055
v 0.0010240219999104736 0.015194727107882498 -0.007372286636382341
v 0.0015257447957992552 0.015078644268214701 -0.007297985255718231
v 0.0020181671716272827 0.014919198118150232 -0.00719447573646903
v 0.002498203888535499 0.01471804268658161 -0.0070619904436171055
v 0.002962766913697123 0.014476850628852843 -0.006900753825902939
v 0.003408766351640224 0.01419728249311447 -0.006710996385663748
v 0.002780253998935222 0.01666084863245487 -0.006752739194780588
v 0.00254709948785603 0.019432773813605305 -0.006518852896988392
v 0.0025099893100559707 0.02094447240233421 -0.006647046655416489
v 0.0024257262703031297 0.025699725374579426 -0.007388383150100708
v 0.002288047922775149 0.02981292828917503 -0.007361230440437794
v 0.0023247729986906047 0.028995197266340252 -0.007436617277562618
v 0.0028228550218045707 0.030244806781411167 -0.006973572075366974
v 0.0015976381255313752 0.02899910509586334 -0.0077612074092030525
v 0.0008147956104949116 0.02901457995176315 -0.007978091947734356
v -0.0008349007694050669 0.025609586387872692 -0.007998335175216198
v -0.0016503459773957727 0.025642275810241696 -0.007758944761008024
v 0.0008567525073885917 0.024124855175614354 -0.007841980084776878
v 4.270317731425165e-06 0.02283479273319244 -0.007720881141722202
v -0.0008484157733619212 0.024124627932906147 -0.007843614555895329
v -0.0008599105640314518 0.02179160341620445 -0.007417968008667231
v -0.000857439707033336 0.02284421399235725 -0.007636433932930231
v -0.0017022759420797227 0.020931042730808255 -0.007003661245107651
v -0.0016777197597548363 0.024158205837011334 -0.007601772900670767
v 0.0008680777973495423 0.020922124385833737 -0.0072275130078196526
v 0.0008704661158844828 0.02017182111740112 -0.0071088047698140144
v 4.2930873860314014e-06 0.02017235569655895 -0.00718703493475914
v -0.0008619791478849946 0.02017182111740112 -0.007110279053449631
v 0.0008683698251843451 0.021791739389300343 -0.00741640105843544
v 0.0008658712613396345 0.022844398394227024 -0.007634820882230997
v 0.0016582011012360451 0.025642715394496914 -0.0077559626661241055
v 0.0017104266444221137 0.020931165665388104 -0.0070008221082389355
v 0.001685714698396623 0.024158641695976254 -0.007598751690238714
v 0.0025193286128342147 0.020166283473372456 -0.006541003007441759
v 0.0017157441470772026 0.02016993425786495 -0.00688753230497241
v -0.001707558869384229 0.020169943571090695 -0.0068903095088899136
v -0.0008892622427083551 0.018763707950711247 -0.0071256570518016815
v -0.0009515275014564394 0.01706445589661598 -0.0072811199352145195
v -0.0017615143442526458 0.0187214333564043 -0.006908818148076534
v -0.0014224671758711336 0.017000054940581318 -0.007196375634521246
v -0.0018847512546926735 0.01691123284399509 -0.007079823408275843
v 0.0017699600430205462 0.018720919266343113 -0.0069060735404491425
v 0.0025987022090703245 0.018653290346264836 -0.006562855560332537
v 0.0018937803106382487 0.016909312456846234 -0.007077252492308617
v 0.001431691809557378 0.016998592764139172 -0.007194408681243658
v 0.0008980209822766482 0.01876343227922916 -0.007124208379536867
v -0.0017262231558561323 0.01945921033620834 -0.006866093724966049
v -0.000871355878189206 0.019475571811199185 -0.007084332872182131
v 4.339827682997565e-06 0.019481196999549862 -0.007160365115851164
v 4.431607521837576e-06 0.018778270110487934 -0.00720103457570076
v 0.0008799362112767993 0.019475473091006276 -0.007082872558385134
v 0.0017344999359920619 0.01945901848375797 -0.0068633365444839
v 0.0009608935215510427 0.01706346124410629 -0.007279785815626383
v 0.00048427583533339197 0.017103098332881924 -0.007332092151045799
v 4.7390790314238976e-06 0.017116665840148922 -0.007350043393671513
v -0.0004748278006445616 0.017103603109717366 -0.007332771550863981
v -0.002953739836812019 0.014481816440820692 -0.0069041685201227665
v -0.0034001257736235853 0.014202964492142199 -0.00671496381983161
v 0.003108741249889135 0.029974542558193203 -0.006912474986165762
v 0.003387808101251721 0.029743738472461697 -0.006719383876770735
v 0.0034509589895606037 0.029813477769494053 -0.006744201295077801
v 0.0035015428438782688 0.029896596446633335 -0.006743347272276878
v 0.003254161681979894 0.030099801719188687 -0.006918602157384157
v 0.0031849527731537815 0.03003239259123802 -0.006930159870535135
v 0.003686175215989351 0.029557775706052777 -0.006348911207169294
v 0.0038183722645044322 0.02955716475844383 -0.00619780458509922
v 0.0038588829338550563 0.029565965756773945 -0.006146828643977642
v 0.003981540445238351 0.02964067086577415 -0.0059723518788814545
v 0.004018119536340236 0.029691521078348156 -0.005910472944378853
v 0.004052367527037858 0.029777001589536663 -0.005841678008437157
v 0.004071400966495275 0.029938379302620884 -0.00577492406591773
v 0.004068167880177497 0.03001577034592628 -0.005760470870882273
v 0.004043067805469035 0.030183555558323857 -0.005754826590418816
v 0.003940232098102569 0.030511254444718357 -0.005813579075038433
v 0.004251622594892978 0.024667281657457348 -0.005657512228935957
v 0.003986522089689969 0.02855928614735603 -0.006089449860155582
v 0.004203079268336295 0.028810456395149227 -0.005752764642238617
v 0.004326475784182548 0.02752888575196266 -0.005621687974780798
v 0.004262602888047694 0.028259888291358944 -0.0056992447935044765
v 0.004351145587861537 0.022515753284096714 -0.00530915567651391
v 0.004402194172143935 0.020894227549433705 -0.005055948626250029
v 0.004466108977794646 0.019538866356015202 -0.00495956651866436
v 0.004609962925314902 0.017930202186107632 -0.0050250762142241
v 0.00487961946055293 0.01550950203090906 -0.00520262960344553
v 0.005155980121344327 0.015753619372844693 -0.0047136410139501095
v 0.005506775341928004 0.012449744157493113 -0.004909406416118145
v 0.005145465489476918 0.013021513819694517 -0.0053684283047914505
v 0.00484802946448326 0.018684009090065953 -0.004539086017757654
v 0.004489530343562364 0.025270670652389523 -0.005318796262145042
v 0.004641312174499034 0.022497996687889096 -0.0048634144477546215
v 0.004709969274699687 0.020835973322391507 -0.004612497519701719
v 0.004764833021908998 0.019760040566325184 -0.004529082216322422
v 0.004781372845172881 0.01951123401522636 -0.00452425004914403
v 0.005797734018415212 0.01188541669398546 -0.004448131192475557
v 0.0059351050294935695 0.011574120260775088 -0.004189871717244387
v 0.006059213075786828 0.011259274557232855 -0.003925670403987169
v 0.006268083583563565 0.010624685324728487 -0.003382990136742592
v 0.006425422616302966 0.009992758743464945 -0.002826870884746313
v 0.006485105957835912 0.009681252762675284 -0.002545874333009124
v 0.006532299332320689 0.009374625980854033 -0.0022640868555754423
v 0.006589793600142001 0.008781395852565764 -0.0017014192417263985
v 0.006598264444619416 0.008222528733313082 -0.0011449797311797738
v 0.0065833795815706244 0.007956909015774725 -0.0008701679762452841
v 0.006555224303156137 0.007700823247432708 -0.000598225393332541
v 0.006457481533288955 0.007217416539788245 -6.394825322786346e-05
v 0.0063018379732966414 0.006773437373340129 0.0004550559970084578
v 0.006201268173754214 0.006566528230905532 0.0007080383948050439
v 0.005091959610581397 0.004594231024384498 0.0021203591022640467
v 0.00608509313315153 0.0063700289465486995 0.0009559973841533065
v 0.00460144318640232 0.00520640518516302 0.0026814586017280817
v 0.004885053727775811 0.006218796130269765 0.0023852158337831497
v 0.004455871414393186 0.006002197973430156 0.0027292445302009583
v 0.004239473957568406 0.0059141991659998885 0.0028803381137549877
v 0.004746419377624988 0.006141382735222577 0.0025037205778062344
v 0.004604401532560586 0.006070671137422322 0.0026174518279731274
v 0.003794935997575521 0.019141107797622677 0.00255584460683167
v 0.0038332764524966474 0.01802575215697288 0.0025910392869263887
v 0.003888853127136826 0.016587980091571804 0.0025733965449035168
v 0.00415074499323964 0.011994022876024244 0.002564984606578946
v 0.0045651430264115325 0.01254757586866617 0.002178401919081807
v 0.004873586352914571 0.008258857764303682 0.0022293527144938707
v 0.004733966663479804 0.010177052579820154 0.002201468450948596
v 0.004646670073270797 0.011391672305762766 0.0021878632251173258
v 0.0037454992998391386 0.02015510573983192 0.002417768118903041
v 0.0036735676694661375 0.02121271565556526 0.0021552841644734144
v 0.003590322798117995 0.022357616573572155 0.0017848554998636246
v 0.0035085037816315885 0.023626467213034626 0.0013255696976557374
v 0.003373419633135199 0.0265694223344326 0.00022804405307397246
v 0.003237242111936211 0.029770098626613613 -0.0009295961353927851
v 0.0031317630782723422 0.03127544373273849 -0.0014738731551915407
v 0.0034456867724657054 0.03118219971656799 -0.0016575943445786834
v 0.0035307386424392457 0.030332295224070546 -0.0013616963988170028
v 0.0035765885841101404 0.0297001376748085 -0.0011458835797384381
v 0.0037457684520632024 0.026368808001279827 1.44100467878161e-05
v 0.003889972576871514 0.023608233779668805 0.0010014965664595366
v 0.00398328062146902 0.022308446466922757 0.0014516307273879647
v 0.004070697352290153 0.021227231249213215 0.0017866002162918448
v 0.004133533220738172 0.020417587831616398 0.0019891629926860332
v 0.004204253666102885 0.019199047237634655 0.002168785547837615
v 0.0042468737810850135 0.0181097500026226 0.002205946948379278
v 0.004215274937450885 0.018934691324830052 0.002185878809541464
v 0.0042048864997923366 0.01918448135256767 0.0021699066273868084
v 0.004341570194810628 0.016046576201915737 0.002183301141485572
v 0.004229402635246514 0.023582730442285534 0.0006560838082805276
v 0.0040613776072859755 0.026486689224839207 -0.000334965530782938
v 0.0049815275706350795 0.012319463305175303 0.0017641192534938455
v 0.004679057747125625 0.01679534092545509 0.0017777924658730626
v 0.004612982273101806 0.018181452527642247 0.0017885523848235607
v 0.004566414281725883 0.019249184057116505 0.001751225208863616
v 0.00450738426297903 0.020219041034579274 0.0016251951456069946
v 0.004423213656991719 0.021235072985291478 0.0013926610117778182
v 0.004325984511524438 0.022343160584568974 0.001065144781023264
v 0.0038720273878425355 0.029635751619935032 -0.0013853033306077123
v 0.0037145921960473056 0.03111222758889198 -0.0018696840852499008
v 0.003599122632294893 0.031769353896379464 -0.002091182628646493
v 0.003853458212688565 0.03148939460515975 -0.002236634027212858
v 0.004175933077931403 0.028906831517815586 -0.001434866338968277
v 0.004120088182389735 0.029580060392618176 -0.0016453951830044389
v 0.004025374073535203 0.030450342223048207 -0.0019144865218549967
v 0.004383133724331855 0.02557103149592876 -0.00035137246595695615
v 0.004513376858085393 0.023582704365253445 0.00029249786166474223
v 0.004555273335427045 0.02305464446544647 0.0004598079831339419
v 0.004687635228037833 0.02157330699265003 0.0009015793912112713
v 0.00478440849110484 0.020506525412201878 0.001156630809418857
v 0.004849919117987155 0.019641341641545292 0.0012891321675851941
v 0.004907295107841491 0.018505884334444996 0.001354334526695311
v 0.005024153739213943 0.016307190060615536 0.0013425910146906972
v 0.005323144141584634 0.012249225750565527 0.0013334975810721517
v 0.006371494382619857 0.011247558519244192 -0.002036627382040024
v 0.006369529757648706 0.011267088353633879 -0.00204330962151289
v 0.006316293496638536 0.011856586672365664 -0.0018714023754000664
v 0.006367532070726155 0.011286959052085875 -0.002049884758889675
v 0.006359758786857127 0.011363667435944079 -0.002074110321700573
v 0.006275336723774671 0.012161457911133764 -0.0022760750725865364
v 0.006257164292037486 0.012330026365816591 -0.002306637354195118
v 0.006257151719182729 0.012468748725950716 -0.0017309081740677357
v 0.00631469115614891 0.011878127232193945 -0.0018157728482037783
v 0.006258447654545306 0.012460455298423765 -0.001690200879238546
v 0.006258597131818532 0.01245205011218786 -0.0016494957963004708
v 0.005293673835694789 0.02347696758806705 -0.0017570542404428124
v 0.005072458647191524 0.026216492056846615 -0.0024260263890028
v 0.004934668075293302 0.026314273476600644 -0.0017830237047746778
v 0.004636176861822604 0.02940704487264156 -0.002620226703584194
v 0.004204327706247567 0.03163011372089385 -0.003198332153260708
v 0.006118540186434983 0.013596478849649428 -0.0011235849233344197
v 0.006150721106678247 0.013525921851396559 -0.0014319743495434523
v 0.006102251820266246 0.014019328169524668 -0.0013699089176952839
v 0.0060498001985251895 0.014563840813934801 -0.0013155315537005663
v 0.005942900665104388 0.015686748549342152 -0.0011985314777120948
v 0.005839250050485133 0.016804898157715794 -0.001057488494552672
v 0.006481119897216558 0.009821333922445772 -0.0013681093696504831
v 0.006446009036153554 0.010417074896395205 -0.0016968880081549287
v 0.006438331212848424 0.010515978559851645 -0.0017442196840420365
v 0.006488808896392583 0.009505899623036383 -0.0011604410829022527
v 0.006205533631145953 0.012979953549802302 -0.0015283824177458882
v 0.006358435843139886 0.008238176815211771 -3.557138188625686e-05
v 0.006407240405678748 0.008457809686660765 -0.00026144227012991905
v 0.005989074707031249 0.013199711218476294 -0.00025837612338364124
v 0.006455479655414819 0.008777054026722906 -0.0005695444415323436
v 0.006486648228019475 0.009240872226655482 -0.0009649597341194749
v 0.006141863763332366 0.00761286774650216 0.0006376498495228589
v 0.0062125762924551955 0.0077805318869650355 0.00045302382204681635
v 0.005712944082915782 0.012859069742262362 0.0005715863080695271
v 0.006276346277445554 0.007957242429256437 0.0002622466126922518
v 0.0063194483518600455 0.00809548422694206 0.00011512756464071572
v 0.005517823621630668 0.012707836925983427 0.000969054875895381
v 0.00596165470778942 0.0072692232206463805 0.0010262321447953582
v 0.005387562792748212 0.017114570364356037 0.000595959136262536
v 0.005312704481184482 0.018421141430735585 0.0006010782090015709
v 0.005258300807327031 0.019423261284828183 0.0005651075625792146
v 0.005191748496145009 0.02033559791743755 0.0004594273632392287
v 0.0051002795808017245 0.021296961233019825 0.000270630611339584
v 0.004888239782303571 0.023551588878035542 -0.0003358307876624167
v 0.004685962107032537 0.026393514126539227 -0.0011827248381450772
v 0.00442481692880392 0.02950484864413738 -0.0021020076237618923
v 0.004203566350042819 0.03100068867206573 -0.002529073040932417
v 0.004042345099151134 0.03169642016291618 -0.0027235988527536392
v 0.004384429194033145 0.030916448682546612 -0.003015513066202402
v 0.004931894596666097 0.02773281559348106 -0.002801217371597886
v 0.005150898825377225 0.023518567904829975 -0.0010267929174005985
v 0.005521391052752732 0.019522119313478466 -0.0002506044984329492
v 0.00545359868556261 0.020399669185280796 -0.0003411915968172252
v 0.005362916737794875 0.021326702088117596 -0.0005016786162741482
v 0.005701541900634765 0.018406845629215237 -0.0008295672596432269
v 0.0056373104453086844 0.019256694242358204 -0.0007592383772134781
v 0.005592255387455224 0.01989989541471004 -0.0007893703877925873
v 0.005579214543104171 0.018558256328105923 -0.00021854162332601845
v 0.005658356007188558 0.017299760133028027 -0.00022316529066301882
v 0.004803260322660207 0.027850663289427754 -0.002202444477006793
v 0.0062006376683712 0.01304108742624521 -0.0016259655822068453
v 0.006151425186544656 0.013540664687752722 -0.0015550986863672733
v 0.006052108947187661 0.014575369656085966 -0.00145654974039644
v 0.006052623037248849 0.014569757506251333 -0.0013860012404620647
v 0.005844507832080125 0.0168156586587429 -0.0011470615863800049
v 0.005844341125339269 0.016825962811708447 -0.0012368428288027644
v 0.005699416622519492 0.0185609795153141 -0.0009182044304907322
v 0.005723819136619567 0.01827525347471237 -0.0010505466489121318
v 0.005632957909256219 0.01947815343737602 -0.0008733348804526031
v 0.005589109379798173 0.020099783316254612 -0.0009325266582891345
v 0.0056175272911787024 0.019734529778361317 -0.0010062078945338726
v 0.005701168905943631 0.018570585176348683 -0.0010197433875873685
v 0.005663192365318536 0.019085669890046116 -0.0009891137015074492
v 0.005635639652609824 0.019475333392620083 -0.0009905933402478695
v 0.005662595387548207 0.018777055665850636 -0.002311374293640256
v 0.0057657649740576735 0.017458306625485417 -0.0023315546568483114
v 0.00584437372162938 0.01655684225261211 -0.0023536337539553642
v 0.005914786830544471 0.014255711808800696 -0.0032684935722500086
v 0.005139188840985297 0.019676510244607922 -0.003861162578687072
v 0.004519695881754159 0.028472209349274632 -0.005170221906155348
v 0.004511102102696895 0.030424578115344044 -0.004352071322500706
v 0.00477712508291006 0.0289282314479351 -0.004053360316902399
v 0.006052122451364993 0.014346043579280375 -0.0024085137993097305
v 0.006107435096055268 0.013724515214562414 -0.0024666981771588326
v 0.005759462248533963 0.017468320205807682 -0.0023722313344478607
v 0.005600754637271165 0.01957263611257076 -0.002363829640671611
v 0.005541861522942781 0.020380277186632153 -0.002417362295091152
v 0.0050933719612658015 0.025908529758453366 -0.0034345907624810934
v 0.005302614532411098 0.023250835016369816 -0.002880847081542015
v 0.005472016986459493 0.021226795390248295 -0.0025199707597494125
v 0.0041424878872930995 0.03053583577275276 -0.0054521942511200905
v 0.004303894005715846 0.029878159984946247 -0.005358025897294283
v 0.004773692693561315 0.02561424300074577 -0.004737604409456253
v 0.004939423408359288 0.023105394095182415 -0.004300022963434458
v 0.005047755315899848 0.021208722144365307 -0.003994123078882694
v 0.0056071742437779895 0.014799688942730425 -0.004044453147798777
v 0.006112750619649886 0.013717595487833021 -0.0024235581513494253
v 0.006151465699076652 0.0133350258693099 -0.002408594824373722
v 0.006184466648846864 0.013014647178351877 -0.002389693632721901
v 0.004267081152647733 0.030845494940876957 -0.004980449099093676
v 0.004446380306035279 0.03015886805951595 -0.00485634570941329
v 0.0043205604888498774 0.03113492019474506 -0.0044995141215622425
v 0.004692060872912406 0.028705347329378125 -0.004609901923686266
v 0.004982511978596448 0.02576527930796146 -0.004084872547537088
v 0.005172505974769591 0.02318167872726917 -0.003593625733628869
v 0.0053125876002013675 0.02122215740382671 -0.003266065614297986
v 0.005580794531852006 0.017658658325672146 -0.0031454707495868206
v 0.005291672889143228 0.017842812463641163 -0.0038945202250033617
v 0.005423666443675756 0.01962996087968349 -0.003124701092019677
f 1 2 3
f 1 3 4
f 3 5 6
f 4 3 7
f 7 3 6
f 7 6 8
f 9 10 11
f 12 13 11
f 11 13 14
f 11 14 9
f 11 15 16
f 12 11 17
f 17 11 16
f 17 16 18
f 19 20 11
f 11 20 21
f 11 21 15
f 22 19 23
f 23 19 11
f 23 11 24
f 24 11 25
f 26 25 27
f 27 25 11
f 27 11 28
f 28 11 10
f 29 30 31
f 32 33 20
f 34 35 36
f 30 37 31
f 31 37 38
f 31 38 39
f 39 38 40
f 39 40 41
f 41 40 42
f 41 42 43
f 43 42 44
f 43 44 45
f 45 44 46
f 45 46 47
f 47 46 48
f 47 48 49
f 49 48 50
f 49 50 51
f 51 50 52
f 51 52 53
f 53 52 34
f 53 34 54
f 54 34 36
f 10 55 28
f 28 55 56
f 28 56 27
f 27 56 57
f 27 57 26
f 57 58 26
f 26 58 59
f 26 59 25
f 25 59 60
f 25 60 24
f 24 60 61
f 24 61 23
f 20 19 32
f 32 19 22
f 32 22 62
f 62 22 23
f 62 23 63
f 63 23 61
f 10 64 55
f 55 64 65
f 55 65 56
f 56 65 66
f 56 66 57
f 57 66 67
f 57 67 58
f 58 67 68
f 58 68 59
f 59 68 69
f 59 69 60
f 60 69 70
f 60 70 61
f 61 70 71
f 61 71 63
f 63 71 72
f 63 72 62
f 62 72 73
f 62 73 32
f 32 73 74
f 32 74 33
f 33 74 75
f 64 29 65
f 65 29 31
f 65 31 66
f 66 31 39
f 66 39 67
f 67 39 41
f 67 41 68
f 68 41 43
f 68 43 69
f 69 43 45
f 69 45 70
f 70 45 47
f 70 47 71
f 71 47 49
f 71 49 72
f 72 49 51
f 72 51 73
f 73 51 53
f 73 53 74
f 74 53 54
f 74 54 75
f 75 54 36
f 76 77 78
f 79 80 81
f 82 83 80
f 80 83 84
f 80 84 81
f 78 77 85
f 77 86 85
f 85 86 87
f 85 87 88
f 88 87 89
f 88 89 82
f 82 89 90
f 82 90 83
f 76 78 91
f 91 78 92
f 91 92 93
f 93 92 94
f 93 94 95
f 95 94 96
f 95 96 97
f 97 96 98
f 97 98 99
f 20 33 100
f 89 101 90
f 97 102 95
f 103 37 30
f 102 97 30
f 30 97 99
f 30 99 103
f 76 91 104
f 104 91 105
f 90 101 83
f 83 101 84
f 84 101 106
f 84 106 107
f 81 108 79
f 79 108 109
f 79 109 110
f 110 109 36
f 110 36 35
f 20 100 21
f 21 100 111
f 21 111 15
f 15 111 112
f 15 112 16
f 16 112 113
f 16 113 18
f 18 113 114
f 18 114 17
f 87 86 114
f 114 86 115
f 114 115 17
f 17 115 116
f 17 116 12
f 12 116 117
f 12 117 13
f 13 117 118
f 13 118 14
f 14 118 9
f 9 118 64
f 9 64 10
f 91 93 105
f 105 93 95
f 105 95 119
f 119 95 102
f 119 102 29
f 29 102 30
f 75 36 120
f 120 36 109
f 120 109 107
f 107 109 108
f 107 108 84
f 84 108 81
f 33 75 100
f 100 75 120
f 100 120 111
f 111 120 107
f 111 107 112
f 112 107 106
f 112 106 113
f 113 106 101
f 113 101 114
f 114 101 89
f 114 89 87
f 86 77 115
f 115 77 76
f 115 76 116
f 116 76 104
f 116 104 117
f 117 104 105
f 117 105 118
f 118 105 119
f 118 119 64
f 64 119 29
f 121 122 123
f 123 124 121
f 121 124 125
f 121 125 126
f 126 127 121
f 121 127 128
f 121 128 129
f 121 130 131
f 129 132 121
f 121 132 133
f 121 133 130
f 134 135 136
f 136 135 137
f 138 139 136
f 131 140 121
f 121 140 134
f 121 134 122
f 122 134 136
f 122 136 139
f 137 141 136
f 136 141 142
f 136 142 143
f 143 144 136
f 136 144 145
f 136 145 138
f 146 147 148
f 134 140 149
f 150 151 152
f 152 151 153
f 150 154 151
f 151 154 155
f 151 155 156
f 156 155 157
f 156 157 158
f 158 157 159
f 158 159 160
f 160 159 161
f 160 161 162
f 162 161 163
f 162 163 164
f 147 146 165
f 165 146 166
f 165 166 167
f 167 166 168
f 167 168 169
f 169 168 170
f 169 170 164
f 164 170 171
f 164 171 162
f 149 140 172
f 172 140 131
f 172 131 173
f 173 131 130
f 173 130 174
f 174 130 133
f 174 133 175
f 175 133 132
f 175 132 176
f 176 132 129
f 176 129 177
f 177 129 128
f 177 128 178
f 178 128 127
f 178 127 179
f 179 127 126
f 179 126 180
f 180 126 125
f 180 125 181
f 181 125 124
f 181 124 182
f 182 124 123
f 182 123 122
f 122 183 182
f 182 183 184
f 182 184 181
f 181 184 185
f 181 185 180
f 180 185 186
f 180 186 179
f 179 186 187
f 179 187 178
f 178 187 188
f 178 188 177
f 177 188 189
f 177 189 176
f 176 189 190
f 176 190 175
f 175 190 191
f 175 191 174
f 174 191 192
f 174 192 173
f 173 192 193
f 173 193 172
f 172 193 194
f 172 194 149
f 149 194 195
f 149 195 134
f 134 195 196
f 183 148 184
f 184 148 147
f 184 147 185
f 185 147 165
f 185 165 186
f 186 165 167
f 186 167 187
f 187 167 169
f 187 169 188
f 188 169 164
f 188 164 189
f 189 164 163
f 189 163 190
f 190 163 161
f 190 161 191
f 191 161 159
f 191 159 192
f 192 159 157
f 192 157 193
f 193 157 155
f 193 155 194
f 194 155 154
f 194 154 195
f 195 154 150
f 195 150 196
f 196 150 152
f 168 166 197
f 197 166 146
f 197 146 198
f 198 146 148
f 198 148 199
f 199 148 200
f 200 148 201
f 200 201 202
f 202 201 203
f 202 203 204
f 204 203 205
f 204 205 206
f 205 207 206
f 206 207 208
f 206 208 209
f 209 208 210
f 210 208 211
f 210 211 212
f 203 201 213
f 214 212 215
f 215 216 214
f 214 216 217
f 214 217 218
f 218 217 219
f 218 219 220
f 220 219 221
f 220 221 222
f 221 223 222
f 222 223 152
f 222 152 153
f 224 142 225
f 225 142 141
f 225 141 226
f 226 141 137
f 226 137 227
f 227 137 135
f 227 135 228
f 228 135 134
f 228 134 229
f 145 144 224
f 224 144 143
f 224 143 142
f 224 230 145
f 145 230 231
f 145 231 138
f 138 231 232
f 138 232 139
f 139 232 233
f 139 233 183
f 139 183 122
f 203 213 205
f 234 207 235
f 235 207 205
f 235 205 236
f 236 205 213
f 212 211 215
f 215 211 208
f 215 208 237
f 196 152 238
f 238 152 223
f 238 223 239
f 239 223 221
f 239 221 240
f 240 221 219
f 240 219 241
f 241 219 217
f 241 217 242
f 242 217 216
f 242 216 243
f 243 216 215
f 243 215 234
f 234 215 237
f 234 237 207
f 207 237 208
f 134 196 229
f 229 196 238
f 229 238 228
f 228 238 239
f 228 239 227
f 227 239 240
f 227 240 226
f 226 240 241
f 226 241 225
f 225 241 242
f 225 242 224
f 224 242 243
f 224 243 230
f 230 243 234
f 230 234 231
f 231 234 235
f 231 235 232
f 232 235 236
f 232 236 233
f 233 236 213
f 233 213 183
f 183 213 201
f 183 201 148
f 244 245 246
f 246 245 247
f 246 247 248
f 246 249 250
f 250 251 246
f 246 251 252
f 246 252 244
f 253 254 255
f 253 255 256
f 257 258 255
f 255 258 259
f 255 259 256
f 248 260 246
f 246 260 261
f 246 261 262
f 254 249 255
f 255 249 246
f 255 246 257
f 257 246 262
f 257 262 263
f 264 265 266
f 267 268 262
f 269 270 271
f 271 270 272
f 271 272 273
f 273 272 274
f 274 272 275
f 274 275 276
f 266 265 277
f 265 278 277
f 277 278 279
f 277 279 275
f 275 279 280
f 275 280 276
f 264 266 281
f 281 266 282
f 281 282 283
f 283 282 284
f 283 284 285
f 285 284 286
f 286 284 287
f 286 287 288
f 289 290 291
f 291 292 289
f 289 292 293
f 289 293 287
f 287 293 294
f 287 294 288
f 249 295 250
f 250 295 296
f 250 296 251
f 251 296 297
f 251 297 252
f 252 297 298
f 252 298 244
f 244 298 299
f 244 299 245
f 300 247 301
f 301 247 245
f 301 245 302
f 302 245 299
f 262 261 267
f 267 261 260
f 267 260 300
f 300 260 248
f 300 248 247
f 295 303 296
f 296 303 304
f 296 304 297
f 297 304 305
f 297 305 298
f 298 305 306
f 298 306 299
f 299 306 307
f 299 307 302
f 302 307 308
f 302 308 301
f 301 308 309
f 301 309 300
f 300 309 310
f 300 310 267
f 267 310 311
f 267 311 268
f 268 311 312
f 303 290 304
f 304 290 289
f 304 289 305
f 305 289 287
f 305 287 306
f 306 287 284
f 306 284 307
f 307 284 282
f 307 282 308
f 308 282 266
f 308 266 309
f 309 266 277
f 309 277 310
f 310 277 275
f 310 275 311
f 311 275 272
f 311 272 312
f 312 272 270
f 313 314 315
f 315 314 316
f 316 314 317
f 317 314 318
f 317 318 319
f 319 318 320
f 319 320 321
f 321 320 322
f 321 322 323
f 323 322 324
f 323 324 325
f 325 324 326
f 325 326 327
f 327 326 328
f 327 328 329
f 330 331 328
f 328 331 332
f 328 332 329
f 323 325 333
f 332 331 334
f 334 331 330
f 334 330 290
f 290 330 335
f 290 335 291
f 336 337 329
f 333 325 337
f 337 325 327
f 337 327 329
f 338 319 321
f 323 333 321
f 321 333 339
f 321 339 338
f 319 338 317
f 317 338 340
f 317 340 316
f 316 340 341
f 316 341 315
f 315 341 342
f 315 342 343
f 344 345 313
f 270 269 345
f 345 344 270
f 270 344 346
f 270 346 312
f 312 346 347
f 312 347 268
f 348 349 263
f 263 349 257
f 349 350 257
f 257 350 351
f 257 351 258
f 258 351 352
f 258 352 259
f 352 353 259
f 259 353 354
f 259 354 256
f 256 354 253
f 253 354 355
f 253 355 254
f 254 355 295
f 254 295 249
f 329 332 336
f 336 332 334
f 336 334 303
f 303 334 290
f 348 342 349
f 349 342 341
f 349 341 350
f 350 341 340
f 350 340 351
f 351 340 338
f 351 338 352
f 352 338 339
f 352 339 353
f 353 339 333
f 353 333 354
f 354 333 337
f 354 337 355
f 355 337 336
f 355 336 295
f 295 336 303
f 262 268 263
f 263 268 347
f 263 347 348
f 348 347 346
f 348 346 342
f 342 346 344
f 342 344 343
f 343 344 313
f 343 313 315
f 356 357 358
f 358 357 359
f 358 359 360
f 358 361 362
f 356 358 363
f 363 358 362
f 363 362 364
f 365 366 367
f 366 365 360
f 368 369 365
f 365 369 370
f 365 370 360
f 371 368 372
f 372 368 365
f 372 365 373
f 373 365 367
f 370 374 360
f 360 374 375
f 360 375 358
f 358 375 376
f 358 376 361
f 377 376 375
f 377 375 378
f 379 380 381
f 381 380 382
f 381 382 383
f 384 385 386
f 386 385 387
f 386 387 388
f 388 387 389
f 388 389 390
f 390 389 391
f 390 391 382
f 382 391 392
f 382 392 383
f 393 394 384
f 384 394 395
f 384 395 385
f 396 397 393
f 393 397 398
f 393 398 394
f 399 400 401
f 401 400 402
f 401 402 403
f 403 402 396
f 403 396 404
f 404 396 393
f 405 406 366
f 366 406 407
f 366 407 367
f 367 407 408
f 367 408 373
f 373 408 409
f 373 409 372
f 410 368 411
f 411 368 371
f 411 371 412
f 412 371 372
f 412 372 413
f 413 372 409
f 375 374 378
f 378 374 370
f 378 370 410
f 410 370 369
f 410 369 368
f 405 414 406
f 406 414 415
f 406 415 407
f 407 415 416
f 407 416 408
f 408 416 417
f 408 417 409
f 409 417 418
f 409 418 413
f 413 418 419
f 413 419 412
f 412 419 420
f 412 420 411
f 411 420 421
f 411 421 410
f 410 421 422
f 410 422 378
f 378 422 423
f 378 423 377
f 414 399 415
f 415 399 401
f 415 401 416
f 416 401 403
f 416 403 417
f 417 403 404
f 417 404 418
f 418 404 393
f 418 393 419
f 419 393 384
f 419 384 420
f 420 384 386
f 420 386 421
f 421 386 388
f 421 388 422
f 422 388 390
f 422 390 423
f 423 390 382
f 423 382 377
f 377 382 380
f 424 425 426
f 427 428 429
f 428 427 430
f 431 424 426
f 426 432 431
f 431 432 433
f 431 433 434
f 434 433 435
f 434 435 436
f 435 437 436
f 436 437 438
f 436 438 439
f 439 438 440
f 440 441 439
f 439 441 442
f 439 442 443
f 443 442 444
f 443 444 445
f 445 444 446
f 445 446 427
f 427 446 447
f 427 447 430
f 448 449 450
f 430 447 451
f 437 440 438
f 446 444 452
f 452 444 442
f 452 442 453
f 453 442 441
f 453 441 454
f 380 379 455
f 455 429 456
f 361 376 377
f 455 456 380
f 380 456 450
f 380 450 377
f 377 450 449
f 377 449 361
f 361 449 448
f 361 448 362
f 400 399 457
f 457 399 458
f 457 458 425
f 425 458 459
f 425 459 426
f 426 459 432
f 364 362 460
f 460 362 448
f 460 448 451
f 451 448 450
f 451 450 430
f 430 450 456
f 430 456 428
f 428 456 429
f 447 446 451
f 451 446 452
f 451 452 460
f 460 452 453
f 460 453 364
f 364 453 454
f 364 454 363
f 363 454 461
f 363 461 356
f 356 461 462
f 356 462 357
f 357 462 463
f 357 463 359
f 359 463 464
f 359 464 360
f 360 464 405
f 360 405 366
f 441 440 454
f 454 440 437
f 454 437 461
f 461 437 465
f 461 465 462
f 462 465 466
f 462 466 463
f 463 466 467
f 463 467 464
f 464 467 468
f 464 468 405
f 405 468 414
f 437 435 465
f 465 435 433
f 465 433 466
f 466 433 432
f 466 432 467
f 467 432 459
f 467 459 468
f 468 459 458
f 468 458 414
f 414 458 399
f 469 470 471
f 471 470 472
f 471 472 473
f 473 472 474
f 473 474 475
f 475 474 476
f 476 474 477
f 477 474 478
f 477 478 479
f 479 480 477
f 477 480 481
f 477 481 482
f 482 481 483
f 484 477 485
f 485 477 482
f 485 482 486
f 486 482 483
f 487 488 471
f 489 490 491
f 491 490 492
f 491 492 493
f 493 492 494
f 493 494 495
f 496 497 494
f 494 497 498
f 494 498 495
f 499 500 501
f 501 500 502
f 501 502 496
f 496 502 503
f 496 503 497
f 501 504 499
f 499 504 505
f 499 505 506
f 506 505 507
f 506 507 508
f 508 507 509
f 508 509 510
f 510 509 511
f 510 511 512
f 512 511 513
f 512 513 514
f 515 486 516
f 516 486 483
f 515 517 486
f 486 517 518
f 486 518 485
f 485 518 519
f 485 519 484
f 471 473 487
f 487 473 475
f 487 475 520
f 520 475 476
f 520 476 521
f 521 476 477
f 521 477 522
f 522 477 484
f 522 484 523
f 523 484 519
f 516 524 515
f 515 524 525
f 515 525 517
f 517 525 526
f 517 526 518
f 518 526 527
f 518 527 519
f 519 527 528
f 519 528 523
f 523 528 529
f 523 529 522
f 522 529 530
f 522 530 521
f 521 530 531
f 521 531 520
f 520 531 532
f 520 532 487
f 487 532 533
f 487 533 488
f 488 533 534
f 524 513 525
f 525 513 511
f 525 511 526
f 526 511 509
f 526 509 527
f 527 509 507
f 527 507 528
f 528 507 505
f 528 505 529
f 529 505 504
f 529 504 530
f 530 504 501
f 530 501 531
f 531 501 496
f 531 496 532
f 532 496 494
f 532 494 533
f 533 494 492
f 533 492 534
f 534 492 490
f 535 536 537
f 537 536 538
f 537 538 539
f 539 538 540
f 541 542 535
f 535 542 543
f 535 543 536
f 535 544 541
f 541 544 545
f 541 545 546
f 546 545 547
f 546 547 548
f 548 547 549
f 548 549 550
f 550 549 551
f 552 553 551
f 551 553 554
f 551 554 550
f 555 540 556
f 536 557 538
f 558 514 513
f 550 554 559
f 559 554 553
f 559 553 513
f 513 553 552
f 513 552 558
f 540 538 556
f 556 538 557
f 556 557 560
f 560 557 536
f 560 536 561
f 561 536 543
f 561 543 562
f 563 564 480
f 480 564 481
f 481 564 516
f 481 516 483
f 543 542 562
f 562 542 541
f 562 541 565
f 565 541 546
f 565 546 566
f 566 546 548
f 566 548 567
f 567 548 550
f 567 550 568
f 568 550 559
f 568 559 524
f 524 559 513
f 469 471 569
f 569 471 488
f 569 488 534
f 524 516 568
f 568 516 564
f 568 564 567
f 567 564 563
f 567 563 566
f 566 563 570
f 566 570 565
f 565 570 571
f 565 571 562
f 562 571 572
f 562 572 561
f 561 572 573
f 561 573 560
f 470 469 574
f 574 469 569
f 574 569 575
f 575 569 534
f 575 534 490
f 489 555 490
f 490 555 556
f 490 556 575
f 575 556 560
f 575 560 574
f 574 560 573
f 574 573 470
f 470 573 572
f 470 572 472
f 472 572 571
f 472 571 474
f 474 571 570
f 474 570 478
f 478 570 563
f 478 563 479
f 479 563 480
f 576 577 578
f 578 579 580
f 577 581 578
f 578 581 582
f 578 582 579
f 583 584 585
f 586 584 587
f 587 584 583
f 587 583 588
f 585 589 583
f 583 589 590
f 583 590 591
f 580 592 578
f 578 592 588
f 578 588 576
f 576 588 583
f 576 583 593
f 593 583 591
f 594 595 596
f 596 595 597
f 588 598 587
f 599 600 601
f 600 599 602
f 603 604 605
f 603 605 606
f 605 607 606
f 606 607 608
f 606 608 609
f 609 608 610
f 609 610 611
f 611 610 612
f 613 596 612
f 612 596 597
f 612 597 611
f 614 615 613
f 613 615 594
f 613 594 596
f 616 617 614
f 614 617 618
f 614 618 615
f 599 619 602
f 602 619 620
f 602 620 621
f 621 620 622
f 621 622 623
f 623 622 624
f 623 624 625
f 598 626 587
f 587 626 627
f 587 627 586
f 576 593 628
f 628 593 591
f 628 591 629
f 629 591 590
f 629 590 630
f 630 590 589
f 630 589 631
f 631 589 585
f 631 585 632
f 632 585 584
f 632 584 633
f 633 584 586
f 633 586 634
f 634 586 627
f 588 600 598
f 598 600 602
f 598 602 626
f 626 602 621
f 626 621 627
f 627 621 623
f 627 623 634
f 634 623 625
f 634 625 633
f 633 625 635
f 633 635 632
f 632 635 636
f 632 636 631
f 631 636 637
f 631 637 630
f 630 637 638
f 630 638 629
f 629 638 639
f 629 639 628
f 628 639 640
f 628 640 576
f 576 640 641
f 624 642 625
f 625 642 616
f 625 616 635
f 635 616 614
f 635 614 636
f 636 614 613
f 636 613 637
f 637 613 612
f 637 612 638
f 638 612 610
f 638 610 639
f 639 610 608
f 639 608 640
f 640 608 607
f 640 607 641
f 641 607 605
f 643 595 594
f 594 615 643
f 643 615 618
f 643 618 644
f 644 618 617
f 644 617 645
f 645 617 616
f 616 642 645
f 645 642 624
f 645 624 646
f 646 624 622
f 646 622 647
f 647 622 620
f 599 648 619
f 619 648 649
f 619 649 620
f 620 649 650
f 620 650 647
f 599 601 648
f 648 601 651
f 648 651 652
f 651 653 652
f 652 653 654
f 652 654 655
f 655 654 656
f 576 657 577
f 601 600 658
f 659 654 660
f 660 654 653
f 660 653 651
f 661 662 659
f 659 662 656
f 659 656 654
f 659 663 661
f 661 663 664
f 661 664 665
f 665 664 666
f 665 666 667
f 668 669 666
f 666 669 670
f 666 670 667
f 671 672 673
f 673 672 674
f 673 674 668
f 668 674 675
f 668 675 669
f 673 676 671
f 671 676 677
f 671 677 678
f 678 677 605
f 678 605 604
f 657 679 577
f 577 679 680
f 577 680 581
f 581 680 681
f 581 681 582
f 582 681 682
f 582 682 579
f 682 683 579
f 579 683 684
f 579 684 580
f 580 684 685
f 580 685 592
f 592 685 686
f 592 686 588
f 576 641 657
f 657 641 687
f 657 687 679
f 679 687 688
f 679 688 680
f 680 688 689
f 680 689 681
f 681 689 690
f 681 690 682
f 682 690 691
f 682 691 683
f 683 691 692
f 683 692 684
f 684 692 693
f 684 693 685
f 685 693 694
f 685 694 686
f 686 694 658
f 686 658 588
f 588 658 600
f 641 605 687
f 687 605 677
f 687 677 688
f 688 677 676
f 688 676 689
f 689 676 673
f 689 673 690
f 690 673 668
f 690 668 691
f 691 668 666
f 691 666 692
f 692 666 664
f 692 664 693
f 693 664 663
f 693 663 694
f 694 663 659
f 694 659 658
f 658 659 660
f 658 660 601
f 601 660 651
f 695 696 697
f 697 696 698
f 697 698 699
f 697 700 701
f 701 702 697
f 697 702 703
f 697 703 695
f 704 705 697
f 697 705 706
f 697 706 700
f 699 707 697
f 697 707 708
f 697 708 709
f 709 710 697
f 697 710 711
f 697 711 704
f 712 713 714
f 714 713 715
f 716 717 718
f 719 720 721
f 722 723 724
f 724 723 725
f 724 725 726
f 726 725 727
f 726 727 728
f 728 727 719
f 728 719 729
f 729 719 721
f 720 730 721
f 721 730 731
f 721 731 732
f 732 731 733
f 732 733 734
f 734 733 735
f 734 735 736
f 736 735 718
f 718 735 737
f 718 737 716
f 738 739 740
f 740 739 741
f 740 741 742
f 743 738 744
f 744 738 740
f 744 740 745
f 745 740 742
f 745 742 746
f 747 748 749
f 750 751 752
f 752 751 747
f 752 747 753
f 753 747 749
f 751 754 747
f 747 754 738
f 747 738 748
f 748 738 743
f 733 755 756
f 717 757 758
f 717 758 759
f 759 758 760
f 759 760 761
f 761 760 762
f 761 762 763
f 763 762 764
f 763 764 765
f 764 766 765
f 765 766 767
f 765 767 768
f 769 754 770
f 770 754 751
f 769 771 754
f 754 771 772
f 754 772 738
f 772 773 738
f 738 773 774
f 738 774 739
f 774 775 739
f 739 775 776
f 739 776 741
f 741 776 777
f 741 777 742
f 742 777 778
f 742 778 746
f 778 779 746
f 746 779 780
f 746 780 745
f 727 781 719
f 719 781 782
f 719 782 720
f 733 731 755
f 755 731 730
f 755 730 720
f 717 716 757
f 757 716 737
f 757 737 756
f 756 737 735
f 756 735 733
f 770 783 769
f 769 783 784
f 769 784 771
f 771 784 785
f 771 785 772
f 772 785 786
f 772 786 773
f 773 786 787
f 773 787 774
f 774 787 788
f 774 788 775
f 775 788 789
f 775 789 776
f 776 789 790
f 776 790 777
f 777 790 791
f 777 791 778
f 778 791 792
f 778 792 779
f 779 792 793
f 779 793 780
f 780 793 794
f 781 794 782
f 782 794 793
f 782 793 720
f 720 793 792
f 720 792 755
f 755 792 791
f 755 791 756
f 756 791 790
f 756 790 757
f 757 790 789
f 757 789 758
f 758 789 788
f 758 788 760
f 760 788 787
f 760 787 762
f 762 787 786
f 762 786 764
f 764 786 785
f 764 785 766
f 766 785 784
f 766 784 767
f 767 784 783
f 770 795 796
f 770 796 783
f 783 796 797
f 783 797 767
f 798 799 800
f 800 799 801
f 798 800 802
f 802 800 803
f 802 803 804
f 804 803 805
f 804 805 806
f 806 805 807
f 807 805 808
f 807 808 809
f 722 810 811
f 811 810 812
f 811 812 808
f 808 812 813
f 808 813 809
f 811 814 722
f 722 814 815
f 722 815 723
f 781 727 815
f 815 727 725
f 815 725 723
f 744 745 780
f 770 751 795
f 795 751 750
f 795 750 752
f 816 817 818
f 818 817 819
f 818 819 820
f 820 819 821
f 820 821 822
f 822 821 823
f 822 823 824
f 824 823 825
f 824 825 826
f 826 825 827
f 826 827 828
f 828 827 829
f 828 829 794
f 794 781 828
f 828 781 815
f 828 815 826
f 826 815 814
f 826 814 824
f 824 814 811
f 824 811 822
f 822 811 808
f 822 808 820
f 820 808 805
f 820 805 818
f 818 805 803
f 818 803 816
f 816 803 800
f 768 767 801
f 801 767 797
f 801 797 800
f 800 797 796
f 800 796 816
f 816 796 795
f 816 795 817
f 817 795 752
f 817 752 819
f 819 752 753
f 819 753 821
f 821 753 749
f 821 749 823
f 823 749 748
f 823 748 825
f 825 748 743
f 825 743 827
f 827 743 744
f 827 744 829
f 829 744 780
f 829 780 794
f 830 831 832
f 833 834 835
f 836 837 832
f 832 837 838
f 832 838 833
f 833 835 832
f 832 835 839
f 832 839 830
f 832 831 840
f 841 842 840
f 840 842 843
f 836 832 844
f 844 832 840
f 844 840 845
f 845 840 843
f 842 846 843
f 843 846 847
f 848 849 850
f 846 851 847
f 847 851 848
f 847 848 852
f 852 848 850
f 852 850 853
f 854 855 849
f 849 848 854
f 854 848 851
f 854 851 856
f 856 851 846
f 856 846 857
f 857 846 842
f 857 842 841
f 858 859 860
f 850 849 861
f 861 862 859
f 850 861 853
f 859 858 861
f 861 858 863
f 861 863 853
f 864 865 866
f 867 868 869
f 869 868 870
f 869 870 871
f 867 864 868
f 868 864 866
f 868 866 870
f 870 866 872
f 873 874 875
f 876 877 878
f 878 877 879
f 878 879 880
f 880 879 870
f 880 870 872
f 871 870 881
f 881 870 879
f 881 879 882
f 882 879 877
f 882 877 883
f 875 884 885
f 885 884 886
f 885 886 887
f 873 875 876
f 876 875 885
f 876 885 877
f 877 885 887
f 877 887 883
f 888 889 871
f 890 889 891
f 891 889 888
f 891 888 892
f 892 888 893
f 892 893 894
f 894 893 895
f 895 893 896
f 895 896 897
f 897 896 898
f 898 896 899
f 898 899 900
f 884 899 886
f 886 899 896
f 886 896 887
f 887 896 893
f 871 881 888
f 888 881 882
f 888 882 893
f 893 882 883
f 893 883 887
f 869 901 867
f 867 901 902
f 889 890 903
f 904 902 903
f 903 902 901
f 903 901 889
f 889 901 869
f 889 869 871
f 905 906 907
f 907 906 908
f 909 910 911
f 911 910 912
f 913 914 915
f 913 915 916
f 916 915 917
f 916 917 910
f 910 917 918
f 910 918 912
f 919 920 921
f 921 920 922
f 921 922 913
f 913 922 923
f 913 923 914
f 924 925 913
f 913 925 926
f 913 926 921
f 921 926 927
f 921 927 919
f 924 913 928
f 928 913 916
f 928 916 929
f 929 916 910
f 929 910 930
f 930 910 909
f 930 909 931
f 911 908 909
f 909 908 906
f 909 906 931
f 931 906 905
f 931 905 932
f 933 934 935
f 935 934 936
f 937 938 939
f 936 937 935
f 935 937 939
f 935 939 940
f 940 939 941
f 942 943 944
f 944 943 932
f 944 932 905
f 945 946 947
f 947 946 948
f 947 948 942
f 942 948 949
f 942 949 943
f 950 935 940
f 941 945 940
f 940 945 947
f 940 947 950
f 950 947 942
f 950 942 951
f 951 942 944
f 951 944 952
f 952 944 905
f 952 905 907
f 952 907 953
f 952 953 951
f 951 953 954
f 951 954 950
f 950 954 935
f 935 954 955
f 935 955 933
f 953 907 956
f 956 907 908
f 956 908 957
f 908 911 957
f 957 911 912
f 957 912 958
f 958 912 918
f 958 918 959
f 959 918 917
f 959 917 960
f 960 917 915
f 960 915 961
f 961 915 962
f 915 914 962
f 962 914 923
f 962 923 963
f 923 922 963
f 963 922 920
f 963 920 964
f 965 966 967
f 967 966 968
f 969 970 971
f 971 970 972
f 971 972 973
f 973 972 974
f 973 974 975
f 975 974 976
f 975 976 977
f 977 976 978
f 977 978 979
f 979 978 980
f 979 980 981
f 980 982 981
f 981 982 983
f 981 983 984
f 970 969 985
f 985 969 986
f 985 986 987
f 987 986 988
f 987 988 989
f 989 988 990
f 989 990 991
f 991 990 992
f 991 992 993
f 993 992 994
f 993 994 995
f 995 994 996
f 995 996 983
f 983 996 984
f 997 998 999
f 1000 1001 1002
f 1003 1004 1005
f 1005 1004 1006
f 1005 1006 1007
f 1008 1009 1003
f 1003 1009 1010
f 1003 1010 1004
f 998 1011 999
f 999 1011 1012
f 999 1012 1008
f 1008 1012 1013
f 1008 1013 1009
f 997 999 1014
f 1014 999 1015
f 1014 1015 1016
f 1017 1018 1019
f 1017 1019 1015
f 1015 1019 1020
f 1015 1020 1016
f 1002 1021 1000
f 1000 1021 1022
f 1000 1022 1017
f 1017 1022 1023
f 1017 1023 1018
f 1024 1025 1001
f 1001 1025 1026
f 1001 1026 1002
f 1027 1028 1029
f 1029 1028 1030
f 1029 1030 1024
f 1024 1030 1031
f 1024 1031 1025
f 1027 1029 1032
f 1032 1029 1033
f 1032 1033 1034
f 1034 1033 1035
f 1035 1033 1036
f 1035 1036 1037
f 1038 1039 1040
f 1040 1039 1041
f 1040 1041 1036
f 1036 1041 1042
f 1036 1042 1037
f 1038 1040 1043
f 1043 1040 1044
f 1043 1044 1045
f 1045 1044 1046
f 1046 1044 1005
f 1046 1005 1007
f 1047 1048 1049
f 1049 1048 1050
f 1051 1052 1053
f 1053 1052 1048
f 1053 1048 1054
f 1054 1048 1047
f 1053 1055 1051
f 1051 1055 1056
f 1057 1055 1053
f 1053 1054 1057
f 1057 1054 1047
f 1057 1047 1058
f 1058 1047 1059
f 1059 1047 1049
f 1059 1049 1060
f 1060 1049 1061
f 1061 1049 1050
f 1061 1050 1062
f 1063 1064 1065
f 1065 1064 1066
f 1065 1066 1067
f 1068 1069 1070
f 1070 1069 1071
f 1072 1073 1074
f 1074 1073 1075
f 1074 1075 1076
f 1076 1075 1077
f 1076 1077 1078
f 1078 1077 1079
f 1079 1077 1071
f 1079 1071 1069
f 1080 1073 1072
f 1064 1063 1081
f 1081 1063 1082
f 1081 1082 1083
f 1083 1082 1084
f 1084 1082 1085
f 1084 1085 1086
f 1087 1088 1089
f 1087 1089 1085
f 1085 1089 1090
f 1085 1090 1086
f 1091 1092 1093
f 1091 1093 1087
f 1087 1093 1094
f 1087 1094 1088
f 1095 1096 1097
f 1095 1097 1091
f 1091 1097 1098
f 1091 1098 1092
f 1099 1100 1101
f 1099 1101 1095
f 1095 1101 1102
f 1095 1102 1096
f 1103 1104 1105
f 1103 1105 1099
f 1099 1105 1106
f 1099 1106 1100
f 1072 1107 1080
f 1080 1107 1108
f 1080 1108 1103
f 1103 1108 1109
f 1103 1109 1104
f 1068 1110 1056
f 1086 1090 1035
f 1037 1042 1067
f 1067 1042 1041
f 1067 1041 1039
f 1068 1056 1069
f 1069 1056 1055
f 1069 1055 1057
f 1004 1057 1058
f 1097 1031 1030
f 1039 1038 1067
f 1067 1038 1043
f 1067 1043 1111
f 1111 1043 1045
f 1111 1045 1062
f 1076 1020 1074
f 1074 1020 1019
f 1074 1019 1072
f 1072 1019 1018
f 1072 1018 1107
f 1107 1018 1108
f 1097 1096 1031
f 1031 1096 1102
f 1031 1102 1025
f 1025 1102 1101
f 1025 1101 1026
f 1026 1101 1100
f 1026 1100 1002
f 1002 1100 1106
f 1002 1106 1021
f 1021 1106 1105
f 1058 1059 1004
f 1004 1059 1060
f 1004 1060 1061
f 1018 1023 1108
f 1108 1023 1022
f 1108 1022 1109
f 1109 1022 1021
f 1109 1021 1104
f 1104 1021 1105
f 1032 1094 1027
f 1027 1094 1093
f 1027 1093 1028
f 1028 1093 1092
f 1028 1092 1030
f 1030 1092 1098
f 1030 1098 1097
f 1035 1090 1034
f 1034 1090 1089
f 1034 1089 1032
f 1032 1089 1088
f 1032 1088 1094
f 1004 1010 1057
f 1057 1010 1009
f 1057 1009 1069
f 1069 1009 1013
f 1069 1013 1012
f 1064 1081 1035
f 1012 1011 1069
f 1069 1011 998
f 1069 998 1079
f 1079 998 997
f 1079 997 1078
f 1078 997 1014
f 1078 1014 1076
f 1076 1014 1016
f 1076 1016 1020
f 1037 1067 1035
f 1035 1067 1066
f 1035 1066 1064
f 1081 1083 1035
f 1035 1083 1084
f 1035 1084 1086
f 1045 1046 1062
f 1062 1046 1007
f 1062 1007 1061
f 1061 1007 1006
f 1061 1006 1004
f 1052 1051 1112
f 1112 1051 1056
f 1112 1056 1110
f 1048 1052 1113
f 1113 1052 1112
f 1114 1115 1116
f 1114 1116 1117
f 1117 1116 1118
f 1117 1118 1119
f 1119 1118 1120
f 1119 1120 1121
f 1121 1120 1122
f 1121 1122 1123
f 1123 1122 1124
f 1123 1124 1125
f 1125 1124 1126
f 1125 1126 1127
f 1128 1129 1130
f 1130 1129 1131
f 1130 1131 1132
f 1132 1131 1127
f 1132 1127 1133
f 1133 1127 1126
f 990 1117 1119
f 979 1134 977
f 977 1134 1113
f 977 1113 975
f 990 1119 992
f 992 1119 1121
f 992 1121 994
f 994 1121 1123
f 994 1123 996
f 996 1123 1125
f 996 1125 984
f 984 1125 1127
f 984 1127 981
f 981 1127 1131
f 981 1131 979
f 979 1131 1129
f 979 1129 1134
f 1117 990 1114
f 1114 990 988
f 1114 988 1135
f 1113 1112 975
f 975 1112 1136
f 975 1136 973
f 973 1136 1137
f 973 1137 971
f 971 1137 1138
f 971 1138 969
f 969 1138 1135
f 969 1135 986
f 986 1135 988
f 1048 1113 1134
f 1048 1134 1139
f 1129 1128 1134
f 1134 1128 1140
f 1134 1140 1139
f 1048 1139 1050
f 1050 1139 1141
f 1050 1141 1062
f 1062 1141 1111
f 1142 1143 1144
f 1145 1146 1147
f 1147 1146 1148
f 1149 1150 1151
f 1151 1150 1152
f 1151 1152 1148
f 1148 1152 1153
f 1148 1153 1147
f 1154 1155 1156
f 1156 1155 1157
f 1156 1157 1151
f 1151 1157 1158
f 1151 1158 1149
f 1154 1156 1159
f 1159 1156 1160
f 1159 1160 1161
f 1162 1163 1164
f 1162 1164 1160
f 1160 1164 1165
f 1160 1165 1161
f 1144 1166 1142
f 1142 1166 1167
f 1142 1167 1162
f 1162 1167 1168
f 1162 1168 1163
f 1169 1144 1143
f 1169 1143 1170
f 1170 1143 1171
f 1170 1171 1172
f 1172 1171 1173
f 1172 1173 1174
f 1175 1176 1177
f 1175 1177 1173
f 1173 1177 1178
f 1173 1178 1174
f 1179 1180 1181
f 1179 1181 1175
f 1175 1181 1182
f 1175 1182 1176
f 1180 1179 1183
f 1183 1179 1184
f 1183 1184 1185
f 1186 1187 1184
f 1184 1187 1188
f 1184 1188 1185
f 1145 1189 1146
f 1146 1189 1190
f 1146 1190 1186
f 1186 1190 1191
f 1186 1191 1187
f 1192 1193 1194
f 1194 1193 1195
f 1196 1197 1198
f 1198 1197 1199
f 1199 1200 1198
f 1198 1200 1201
f 1198 1201 1202
f 1202 1201 1203
f 1202 1203 1194
f 1194 1203 1192
f 1204 1205 1206
f 1206 1205 1207
f 1206 1207 1208
f 1209 1210 1211
f 1196 1212 1197
f 1197 1212 1213
f 1211 1210 1212
f 1212 1210 1214
f 1212 1214 1213
f 1209 1211 1215
f 1215 1211 1216
f 1215 1216 1217
f 1218 1219 1220
f 1220 1219 1221
f 1220 1221 1216
f 1216 1221 1222
f 1216 1222 1217
f 1218 1220 1223
f 1223 1220 1224
f 1223 1224 1225
f 1226 1227 1228
f 1228 1227 1229
f 1228 1229 1224
f 1224 1229 1230
f 1224 1230 1225
f 1226 1228 1231
f 1231 1228 1232
f 1231 1232 1233
f 1233 1232 1234
f 1234 1232 1235
f 1234 1235 1236
f 1236 1235 1237
f 1237 1235 1205
f 1237 1205 1204
f 1145 1147 1208
f 1221 1167 1166
f 1238 1239 1191
f 1144 1217 1166
f 1166 1217 1222
f 1166 1222 1221
f 1191 1239 1187
f 1187 1239 1240
f 1187 1240 1188
f 1192 1241 1242
f 1145 1208 1189
f 1192 1180 1183
f 1238 1191 1208
f 1208 1191 1190
f 1208 1190 1189
f 1241 1192 1243
f 1243 1192 1183
f 1243 1183 1240
f 1240 1183 1185
f 1240 1185 1188
f 1158 1157 1236
f 1221 1219 1167
f 1167 1219 1218
f 1167 1218 1168
f 1168 1218 1223
f 1168 1223 1163
f 1163 1223 1225
f 1163 1225 1164
f 1242 1244 1192
f 1192 1244 1245
f 1192 1245 1193
f 1193 1245 1246
f 1193 1246 1247
f 1180 1192 1181
f 1181 1192 1203
f 1181 1203 1182
f 1182 1203 1201
f 1182 1201 1176
f 1176 1201 1200
f 1176 1200 1177
f 1177 1200 1199
f 1177 1199 1178
f 1178 1199 1197
f 1178 1197 1174
f 1174 1197 1213
f 1174 1213 1172
f 1172 1213 1214
f 1172 1214 1170
f 1170 1214 1210
f 1170 1210 1169
f 1169 1210 1209
f 1169 1209 1144
f 1144 1209 1215
f 1144 1215 1217
f 1236 1157 1234
f 1225 1230 1164
f 1164 1230 1229
f 1164 1229 1165
f 1165 1229 1227
f 1165 1227 1161
f 1161 1227 1226
f 1161 1226 1159
f 1157 1155 1234
f 1234 1155 1154
f 1234 1154 1233
f 1233 1154 1159
f 1233 1159 1231
f 1231 1159 1226
f 1147 1153 1208
f 1208 1153 1152
f 1208 1152 1206
f 1236 1237 1158
f 1158 1237 1204
f 1158 1204 1149
f 1149 1204 1206
f 1149 1206 1150
f 1150 1206 1152
f 1208 1207 1238
f 1238 1207 1248
f 1238 1248 1141
f 1141 1248 1249
f 1141 1249 1111
f 1111 1249 1250
f 1111 1250 1067
f 1067 1250 1065
f 999 1008 1070
f 1070 1008 1003
f 1251 1252 1003
f 1003 1252 1253
f 1003 1253 1070
f 1015 1073 1017
f 1017 1073 1080
f 1017 1080 1000
f 1000 1080 1103
f 1000 1103 1001
f 1001 1103 1099
f 1001 1099 1024
f 1024 1099 1095
f 1024 1095 1029
f 1029 1095 1091
f 1029 1091 1033
f 1070 1071 999
f 999 1071 1077
f 999 1077 1015
f 1015 1077 1075
f 1015 1075 1073
f 1091 1087 1033
f 1033 1087 1085
f 1033 1085 1036
f 1036 1085 1082
f 1036 1082 1040
f 1040 1082 1063
f 1040 1063 1044
f 1044 1063 1065
f 1254 1251 1250
f 1250 1251 1003
f 1250 1003 1065
f 1065 1003 1005
f 1065 1005 1044
f 1255 1256 1257
f 1258 1259 1137
f 1137 1259 1260
f 1137 1260 1261
f 1261 1262 1137
f 1137 1262 1263
f 1137 1263 1138
f 1258 1137 1264
f 1264 1137 1136
f 1264 1136 1265
f 1110 1068 1070
f 1266 1267 1070
f 1070 1267 1265
f 1070 1265 1110
f 1110 1265 1136
f 1110 1136 1112
f 1253 1268 1070
f 1070 1268 1269
f 1070 1269 1270
f 1270 1271 1070
f 1070 1271 1272
f 1070 1272 1266
f 1257 1273 1135
f 1263 1274 1138
f 1138 1274 1275
f 1138 1275 1276
f 1276 1277 1138
f 1138 1277 1278
f 1138 1278 1135
f 1135 1278 1279
f 1135 1279 1257
f 1257 1279 1280
f 1257 1280 1255
f 1135 1273 1114
f 1114 1273 1115
f 1273 1281 1115
f 1115 1281 1282
f 1283 967 976
f 976 967 978
f 991 1284 989
f 989 1284 1285
f 989 1285 987
f 987 1285 1282
f 987 1282 985
f 985 1282 1281
f 1283 976 1286
f 1286 976 974
f 1286 974 1287
f 1287 974 972
f 1287 972 1281
f 1281 972 970
f 1281 970 985
f 967 968 978
f 978 968 1288
f 978 1288 980
f 980 1288 1289
f 980 1289 982
f 982 1289 1290
f 982 1290 983
f 983 1290 1291
f 983 1291 995
f 995 1291 1292
f 995 1292 993
f 993 1292 1293
f 993 1293 991
f 991 1293 1294
f 991 1294 1284
f 1116 1115 1282
f 1282 1285 1116
f 1116 1285 1284
f 1116 1284 1118
f 1118 1284 1294
f 1118 1294 1120
f 1120 1294 1293
f 1120 1293 1122
f 1122 1293 1292
f 1122 1292 1124
f 1124 1292 1291
f 1124 1291 1126
f 1126 1291 1133
f 1133 1291 1290
f 1133 1290 1132
f 1289 1128 1290
f 1290 1128 1130
f 1290 1130 1132
f 966 1139 1140
f 968 966 1288
f 1288 966 1140
f 1288 1140 1289
f 1289 1140 1128
f 1239 1238 1295
f 1295 1238 1141
f 1295 1141 966
f 966 1141 1139
f 1240 1239 1295
f 1295 1296 1240
f 1240 1296 1297
f 1240 1297 1243
f 1243 1297 1241
f 1241 1297 1298
f 1241 1298 1242
f 1242 1298 1244
f 1244 1298 1299
f 1244 1299 1245
f 1298 1297 966
f 966 1297 1296
f 966 1296 1295
f 965 1300 966
f 966 1300 1299
f 966 1299 1298
f 1245 1299 1246
f 1246 1299 1300
f 1247 1246 967
f 967 1246 1300
f 967 1300 965
f 1247 967 1283
f 1301 1302 1195
f 1303 1304 1195
f 1195 1304 1305
f 1195 1305 1306
f 1306 1307 1195
f 1195 1307 1308
f 1195 1308 1301
f 1195 1193 1247
f 1195 1247 1303
f 1303 1247 1283
f 1303 1283 1309
f 1309 1283 1286
f 1309 1286 1310
f 1286 1311 1312
f 1312 1313 1286
f 1286 1313 1314
f 1286 1314 1310
f 1315 1316 1287
f 1287 1316 1317
f 1287 1317 1286
f 1286 1317 1318
f 1286 1318 1311
f 1319 1320 1287
f 1287 1320 1321
f 1287 1321 1315
f 1287 1281 1319
f 1319 1281 1273
f 1319 1273 1322
f 1322 1273 1257
f 1322 1257 1323
f 1323 1257 1256
f 1324 1146 1302
f 1302 1146 1186
f 1302 1186 1195
f 1195 1186 1184
f 1195 1184 1194
f 1194 1184 1179
f 1194 1179 1202
f 1202 1179 1175
f 1173 1196 1175
f 1175 1196 1198
f 1175 1198 1202
f 1324 1325 1146
f 1146 1325 1326
f 1146 1326 1148
f 1148 1326 1248
f 1148 1248 1151
f 1151 1248 1207
f 1151 1207 1156
f 1156 1207 1205
f 1205 1235 1156
f 1156 1235 1232
f 1156 1232 1160
f 1160 1232 1228
f 1160 1228 1162
f 1162 1228 1224
f 1162 1224 1142
f 1142 1224 1220
f 1142 1220 1143
f 1143 1220 1216
f 1143 1216 1171
f 1171 1216 1211
f 1171 1211 1173
f 1173 1211 1212
f 1173 1212 1196
f 1327 1328 1329
f 1326 1325 1330
f 1330 1327 1326
f 1326 1327 1329
f 1326 1329 1248
f 1248 1329 1249
f 1329 1254 1249
f 1249 1254 1250
f 1251 1254 1331
f 1331 1254 1329
f 1331 1329 1332
f 1332 1329 1328
f 1333 1334 1335
f 1335 1336 1337
f 1333 1335 1338
f 1338 1335 1337
f 1338 1337 1339
f 1340 1341 1342
f 1342 1341 1343
f 1335 1344 1345
f 1345 1346 1335
f 1335 1346 1347
f 1335 1347 1336
f 1344 1335 1348
f 1348 1335 1334
f 1348 1334 1349
f 1342 1350 1351
f 1352 1340 1353
f 1353 1340 1342
f 1353 1342 1354
f 1354 1342 1351
f 1355 1356 1357
f 1350 1342 1357
f 1357 1342 1343
f 1357 1343 1355
f 1349 1358 1348
f 1348 1358 1357
f 1348 1357 1359
f 1359 1357 1356
f 1360 1361 1362
f 1362 1361 1363
f 1364 1365 1366
f 1366 1365 1367
f 1367 1365 1368
f 1367 1368 1369
f 1369 1368 1363
f 1369 1363 1370
f 1370 1363 1361
f 1370 1361 1371
f 1360 1372 1361
f 1361 1372 1373
f 1361 1373 1371
f 1374 1336 1375
f 1375 1336 1347
f 1375 1347 1376
f 1376 1347 1346
f 1376 1346 1377
f 1377 1346 1345
f 1377 1345 1378
f 1378 1345 1344
f 1378 1344 1379
f 1379 1344 1348
f 1379 1360 1378
f 1378 1360 1362
f 1378 1362 1377
f 1377 1362 1363
f 1377 1363 1376
f 1376 1363 1368
f 1376 1368 1375
f 1375 1368 1365
f 1375 1365 1374
f 1374 1365 1364
f 1380 1381 1382
f 1380 1382 1383
f 1383 1382 1384
f 1383 1384 1385
f 1366 1386 1364
f 1364 1386 1387
f 1364 1387 1384
f 1384 1387 1388
f 1384 1388 1385
f 1366 1367 1386
f 1386 1367 1369
f 1386 1369 1389
f 1369 1370 1389
f 1389 1370 1371
f 1389 1371 1390
f 1390 1371 1373
f 1390 1373 1391
f 1381 1380 1392
f 1392 1380 1393
f 1392 1393 1394
f 1394 1393 1395
f 1396 1397 1334
f 1398 1392 1399
f 1399 1392 1394
f 1394 1395 1399
f 1399 1395 1400
f 1399 1400 1401
f 1382 1381 1402
f 1402 1381 1392
f 1402 1392 1403
f 1403 1392 1398
f 1374 1364 1404
f 1404 1364 1384
f 1404 1384 1405
f 1405 1384 1382
f 1334 1333 1396
f 1396 1333 1338
f 1396 1338 1406
f 1406 1338 1339
f 1406 1339 1407
f 1407 1339 1337
f 1398 1397 1403
f 1403 1397 1396
f 1403 1396 1402
f 1402 1396 1406
f 1402 1406 1382
f 1382 1406 1407
f 1382 1407 1405
f 1405 1407 1337
f 1405 1337 1404
f 1404 1337 1336
f 1404 1336 1374
f 1358 1349 1408
f 1358 1408 1409
f 1409 1408 1410
f 1409 1410 1411
f 1411 1410 1412
f 1411 1412 1413
f 1401 1414 1412
f 1412 1414 1415
f 1412 1415 1413
f 1413 1415 1416
f 1413 1416 1417
f 1401 1412 1399
f 1399 1412 1410
f 1399 1410 1398
f 1398 1410 1408
f 1398 1408 1397
f 1397 1408 1349
f 1397 1349 1334
f 1418 1419 1420
f 1418 1420 1421
f 1420 1422 1423
f 1423 1424 1420
f 1420 1424 1425
f 1420 1425 1421
f 1426 1427 1428
f 1429 1430 1431
f 1432 1433 1429
f 1429 1433 1434
f 1429 1434 1430
f 1435 1436 1437
f 1437 1438 1426
f 1426 1438 1439
f 1426 1439 1427
f 1440 1441 1432
f 1431 1435 1429
f 1429 1435 1437
f 1429 1437 1432
f 1432 1437 1426
f 1432 1426 1440
f 1440 1426 1428
f 1442 1443 1444
f 1444 1445 1442
f 1442 1445 1446
f 1442 1446 1447
f 1447 1446 1448
f 1447 1448 1449
f 1449 1448 1450
f 1449 1450 1451
f 1451 1450 1452
f 1452 1450 1453
f 1452 1453 1454
f 1454 1453 1455
f 1454 1455 1456
f 1456 1455 1457
f 1456 1457 1458
f 1458 1457 1459
f 1458 1459 1460
f 1460 1459 1461
f 1460 1461 1462
f 1428 1427 1463
f 1463 1464 1428
f 1428 1464 1465
f 1428 1465 1440
f 1440 1465 1466
f 1440 1466 1441
f 1467 1430 1468
f 1468 1430 1434
f 1468 1434 1469
f 1469 1434 1433
f 1469 1433 1470
f 1470 1433 1432
f 1470 1432 1471
f 1471 1432 1441
f 1471 1441 1472
f 1472 1441 1466
f 1463 1473 1464
f 1464 1473 1474
f 1464 1474 1465
f 1465 1474 1475
f 1465 1475 1466
f 1466 1475 1476
f 1466 1476 1472
f 1472 1476 1477
f 1472 1477 1471
f 1471 1477 1478
f 1471 1478 1470
f 1470 1478 1479
f 1470 1479 1469
f 1469 1479 1480
f 1469 1480 1468
f 1468 1480 1481
f 1468 1481 1467
f 1467 1481 1482
f 1473 1461 1474
f 1474 1461 1459
f 1474 1459 1475
f 1475 1459 1457
f 1475 1457 1476
f 1476 1457 1455
f 1476 1455 1477
f 1477 1455 1453
f 1477 1453 1478
f 1478 1453 1450
f 1478 1450 1479
f 1479 1450 1448
f 1479 1448 1480
f 1480 1448 1446
f 1480 1446 1481
f 1481 1446 1445
f 1481 1445 1482
f 1482 1445 1444
f 1483 1462 1461
f 1461 1484 1483
f 1483 1484 1485
f 1483 1485 1486
f 1486 1485 1487
f 1486 1487 1488
f 1488 1487 1489
f 1488 1489 1490
f 1490 1489 1491
f 1491 1489 1492
f 1491 1492 1493
f 1493 1492 1494
f 1493 1494 1495
f 1495 1494 1496
f 1495 1496 1497
f 1497 1496 1498
f 1497 1498 1499
f 1499 1498 1500
f 1500 1498 1444
f 1500 1444 1443
f 1431 1430 1467
f 1467 1501 1431
f 1431 1501 1502
f 1431 1502 1435
f 1435 1502 1503
f 1435 1503 1436
f 1463 1427 1504
f 1504 1427 1439
f 1504 1439 1505
f 1505 1439 1438
f 1505 1438 1506
f 1506 1438 1437
f 1506 1437 1507
f 1507 1437 1436
f 1507 1436 1508
f 1508 1436 1503
f 1467 1482 1501
f 1501 1482 1509
f 1501 1509 1502
f 1502 1509 1510
f 1502 1510 1503
f 1503 1510 1511
f 1503 1511 1508
f 1508 1511 1512
f 1508 1512 1507
f 1507 1512 1513
f 1507 1513 1506
f 1506 1513 1514
f 1506 1514 1505
f 1505 1514 1515
f 1505 1515 1504
f 1504 1515 1516
f 1504 1516 1463
f 1463 1516 1473
f 1482 1444 1509
f 1509 1444 1498
f 1509 1498 1510
f 1510 1498 1496
f 1510 1496 1511
f 1511 1496 1494
f 1511 1494 1512
f 1512 1494 1492
f 1512 1492 1513
f 1513 1492 1489
f 1513 1489 1514
f 1514 1489 1487
f 1514 1487 1515
f 1515 1487 1485
f 1515 1485 1516
f 1516 1485 1484
f 1516 1484 1473
f 1473 1484 1461
f 1517 1518 1519
f 1520 1521 1522
f 1522 1521 1517
f 1522 1517 1523
f 1523 1517 1519
f 1524 1518 1525
f 1525 1518 1517
f 1525 1517 1526
f 1526 1517 1521
f 1527 1528 1529
f 1530 1531 1532
f 1532 1531 1522
f 1532 1522 1533
f 1520 1522 1529
f 1529 1522 1531
f 1529 1531 1527
f 1527 1531 1530
f 1527 1530 1534
f 1535 1536 1537
f 1535 1537 1538
f 1538 1537 1539
f 1538 1539 1540
f 1541 1542 1543
f 1543 1542 1544
f 1543 1544 1545
f 1545 1544 1546
f 1547 1548 1541
f 1541 1548 1549
f 1541 1549 1542
f 1541 1550 1547
f 1547 1550 1551
f 1547 1551 1552
f 1552 1551 1553
f 1554 1555 1556
f 1556 1555 1557
f 1556 1557 1558
f 1558 1557 1559
f 1558 1559 1553
f 1553 1559 1560
f 1553 1560 1552
f 1561 1562 1563
f 1563 1562 1525
f 1563 1525 1526
f 1535 1532 1536
f 1536 1532 1533
f 1536 1533 1522
f 1564 1565 1566
f 1566 1565 1567
f 1566 1567 1568
f 1568 1567 1569
f 1568 1569 1570
f 1570 1569 1571
f 1570 1571 1572
f 1572 1571 1573
f 1572 1573 1574
f 1574 1573 1575
f 1574 1575 1576
f 1576 1575 1577
f 1576 1577 1578
f 1545 1564 1543
f 1543 1564 1566
f 1543 1566 1541
f 1541 1566 1568
f 1541 1568 1550
f 1550 1568 1570
f 1550 1570 1551
f 1551 1570 1572
f 1551 1572 1553
f 1553 1572 1574
f 1553 1574 1558
f 1558 1574 1576
f 1558 1576 1556
f 1556 1576 1578
f 1556 1578 1554
f 1579 1540 1546
f 1546 1540 1539
f 1546 1539 1545
f 1545 1539 1537
f 1545 1537 1564
f 1564 1537 1536
f 1564 1536 1565
f 1565 1536 1522
f 1565 1522 1567
f 1567 1522 1523
f 1567 1523 1569
f 1569 1523 1519
f 1569 1519 1571
f 1571 1519 1518
f 1571 1518 1573
f 1573 1518 1524
f 1573 1524 1575
f 1575 1524 1525
f 1575 1525 1577
f 1577 1525 1562
f 1577 1562 1578
f 1578 1562 1561
f 1578 1561 1554
f 1560 1580 1581
f 1560 1581 1552
f 1548 1547 1582
f 1582 1547 1552
f 1582 1552 1583
f 1583 1552 1581
f 1584 1585 1586
f 1586 1585 1587
f 1586 1587 1588
f 1589 1584 1590
f 1590 1584 1586
f 1590 1586 1591
f 1591 1586 1588
f 1591 1588 1592
f 1593 1594 1595
f 1596 1597 1598
f 1598 1597 1593
f 1598 1593 1599
f 1599 1593 1595
f 1597 1600 1593
f 1593 1600 1584
f 1593 1584 1594
f 1594 1584 1589
f 1601 1602 1603
f 1603 1602 1604
f 1604 1602 1605
f 1604 1605 1606
f 1606 1605 1607
f 1606 1607 1608
f 1608 1607 1609
f 1608 1609 1610
f 1610 1609 1611
f 1610 1611 1612
f 1612 1611 1613
f 1613 1611 1614
f 1613 1614 1615
f 1615 1614 1616
f 1615 1616 1617
f 1617 1616 1618
f 1617 1618 1619
f 1591 1620 1590
f 1590 1620 1621
f 1590 1621 1589
f 1589 1621 1622
f 1589 1622 1594
f 1594 1622 1623
f 1594 1623 1595
f 1623 1624 1595
f 1595 1624 1625
f 1595 1625 1599
f 1599 1625 1626
f 1599 1626 1598
f 1598 1626 1627
f 1598 1627 1596
f 1627 1628 1596
f 1596 1628 1629
f 1596 1629 1597
f 1630 1631 1632
f 1632 1633 1630
f 1630 1633 1601
f 1630 1601 1634
f 1634 1601 1603
f 1591 1635 1620
f 1620 1635 1636
f 1620 1636 1621
f 1621 1636 1637
f 1621 1637 1622
f 1622 1637 1638
f 1622 1638 1623
f 1623 1638 1639
f 1623 1639 1624
f 1624 1639 1640
f 1624 1640 1625
f 1625 1640 1641
f 1625 1641 1626
f 1626 1641 1642
f 1626 1642 1627
f 1627 1642 1643
f 1627 1643 1628
f 1628 1643 1644
f 1628 1644 1629
f 1635 1618 1636
f 1636 1618 1616
f 1636 1616 1637
f 1637 1616 1614
f 1637 1614 1638
f 1638 1614 1611
f 1638 1611 1639
f 1639 1611 1609
f 1639 1609 1640
f 1640 1609 1607
f 1640 1607 1641
f 1641 1607 1605
f 1641 1605 1642
f 1642 1605 1602
f 1642 1602 1643
f 1643 1602 1601
f 1643 1601 1644
f 1644 1601 1633
f 1644 1633 1629
f 1629 1633 1632
f 1645 1646 1647
f 1647 1646 1648
f 1647 1648 1649
f 1649 1648 1650
f 1651 1652 1653
f 1654 1655 1651
f 1651 1655 1656
f 1651 1653 1654
f 1654 1653 1650
f 1654 1650 1655
f 1655 1650 1648
f 1655 1648 1646
f 1646 1645 1657
f 1658 1659 1660
f 1660 1659 1661
f 1660 1661 1662
f 1662 1661 1656
f 1662 1656 1657
f 1657 1656 1655
f 1657 1655 1646
f 1663 1664 1665
f 1665 1664 1666
f 1665 1666 1667
f 1668 1669 1670
f 1670 1669 1671
f 1670 1671 1666
f 1666 1671 1672
f 1666 1672 1667
f 1673 862 1674
f 1658 1664 1659
f 1659 1664 1663
f 1659 1663 1661
f 1675 1668 1674
f 1674 1668 1670
f 1674 1670 1673
f 1673 1670 1666
f 1673 1666 1676
f 1676 1666 1664
f 1676 1664 1677
f 1677 1664 1658
f 1678 1679 1680
f 1678 1680 1675
f 1675 1680 1681
f 1675 1681 1668
f 1682 1683 1684
f 1682 1684 1679
f 1679 1684 1631
f 1679 1631 1680
f 1680 1631 1681
f 1681 1631 1630
f 1681 1630 1668
f 1672 1671 1630
f 1630 1671 1669
f 1630 1669 1668
f 1630 1634 1672
f 1672 1634 1603
f 1672 1603 1667
f 1667 1603 1604
f 1667 1604 1685
f 1685 1604 1606
f 1685 1606 1686
f 1686 1606 1608
f 1687 1619 1618
f 1688 1689 1690
f 1690 1689 1691
f 1690 1691 1692
f 1692 1691 1693
f 1692 1693 1694
f 1694 1693 1695
f 1694 1695 1696
f 1696 1695 1697
f 1696 1697 1698
f 1698 1697 1699
f 1698 1699 1700
f 1701 1684 1699
f 1699 1684 1683
f 1699 1683 1700
f 1600 1597 1702
f 1702 1597 1629
f 1584 1600 1703
f 1703 1600 1702
f 1703 1702 1704
f 1704 1702 1629
f 1704 1629 1632
f 1687 1618 1705
f 1705 1618 1635
f 1705 1635 1706
f 1706 1635 1591
f 1706 1591 1707
f 1707 1591 1592
f 1707 1592 1588
f 1708 1709 1710
f 1710 1709 1711
f 1710 1711 1712
f 1712 1711 1713
f 1712 1713 1714
f 1714 1713 1715
f 1714 1715 1716
f 1716 1715 1717
f 1716 1717 1718
f 1689 1708 1691
f 1691 1708 1710
f 1691 1710 1693
f 1693 1710 1712
f 1693 1712 1695
f 1695 1712 1714
f 1695 1714 1697
f 1697 1714 1716
f 1697 1716 1699
f 1699 1716 1718
f 1699 1718 1701
f 1631 1684 1632
f 1632 1684 1701
f 1632 1701 1704
f 1704 1701 1718
f 1704 1718 1703
f 1703 1718 1717
f 1703 1717 1584
f 1584 1717 1715
f 1584 1715 1585
f 1585 1715 1713
f 1585 1713 1587
f 1587 1713 1711
f 1587 1711 1588
f 1588 1711 1709
f 1588 1709 1707
f 1707 1709 1708
f 1707 1708 1706
f 1706 1708 1689
f 1706 1689 1705
f 1705 1689 1688
f 1705 1688 1687
f 1582 1583 1719
f 1610 1612 1720
f 1721 1692 1694
f 1722 1723 1724
f 1725 1726 1727
f 1723 1728 1724
f 1724 1728 1729
f 1724 1729 1730
f 1731 1732 1726
f 1726 1732 1733
f 1726 1733 1727
f 1443 1442 1724
f 1724 1442 1725
f 1724 1725 1722
f 1722 1725 1727
f 1442 1447 1725
f 1725 1447 1449
f 1725 1449 1734
f 1734 1449 1451
f 1734 1451 1735
f 1735 1451 1452
f 1735 1452 1736
f 1736 1452 1454
f 1736 1454 1737
f 1454 1456 1737
f 1737 1456 1458
f 1737 1458 1738
f 1617 1739 1615
f 1615 1739 1613
f 1617 1619 1739
f 1739 1619 1687
f 1739 1687 1740
f 1740 1687 1688
f 1665 1667 1685
f 1685 1686 1665
f 1665 1686 1608
f 1665 1608 1610
f 1610 1720 1665
f 1665 1720 1741
f 1665 1741 1663
f 1663 1741 1742
f 1663 1742 1661
f 1743 1744 1741
f 1741 1744 1745
f 1741 1745 1742
f 1746 1747 1748
f 1748 1747 1743
f 1749 1750 1751
f 1752 1753 1754
f 1754 1753 1755
f 1754 1755 1749
f 1749 1755 1756
f 1749 1756 1750
f 1757 1758 1759
f 1759 1758 1760
f 1759 1760 1761
f 1762 1763 1757
f 1757 1763 1764
f 1757 1764 1758
f 1762 1757 1765
f 1765 1757 1766
f 1765 1766 1767
f 1767 1766 1768
f 1767 1768 1421
f 1582 1719 1548
f 1579 1546 1769
f 1769 1546 1544
f 1769 1544 1770
f 1770 1544 1542
f 1770 1542 1719
f 1719 1542 1549
f 1719 1549 1548
f 1495 1497 1771
f 1771 1497 1499
f 1771 1499 1500
f 1491 1493 1754
f 1754 1493 1759
f 1754 1759 1752
f 1752 1759 1761
f 1772 1486 1749
f 1749 1486 1488
f 1749 1488 1754
f 1754 1488 1490
f 1754 1490 1491
f 1458 1460 1738
f 1738 1460 1462
f 1738 1462 1772
f 1772 1462 1483
f 1772 1483 1486
f 1729 1579 1730
f 1730 1579 1769
f 1730 1769 1724
f 1724 1769 1771
f 1724 1771 1443
f 1443 1771 1500
f 1743 1741 1748
f 1748 1741 1720
f 1748 1720 1739
f 1739 1720 1612
f 1739 1612 1613
f 1692 1721 1690
f 1690 1721 1737
f 1690 1737 1688
f 1688 1737 1738
f 1688 1738 1740
f 1740 1738 1772
f 1740 1772 1739
f 1739 1772 1749
f 1739 1749 1748
f 1748 1749 1751
f 1748 1751 1746
f 1493 1495 1759
f 1759 1495 1771
f 1759 1771 1757
f 1757 1771 1769
f 1757 1769 1766
f 1766 1769 1770
f 1766 1770 1768
f 1768 1770 1719
f 1555 1554 1773
f 1773 1554 1774
f 1773 1774 1775
f 1775 1774 1776
f 1775 1776 1777
f 1778 1779 1776
f 1776 1779 1780
f 1776 1780 1777
f 1778 1781 1779
f 1779 1781 1782
f 1779 1782 1783
f 1784 1733 1732
f 1784 1732 1782
f 1782 1732 1731
f 1782 1731 1783
f 1728 1723 1785
f 1785 1723 1722
f 1785 1722 1784
f 1784 1722 1727
f 1784 1727 1733
f 1785 1786 1728
f 1728 1786 1787
f 1728 1787 1729
f 1729 1787 1540
f 1729 1540 1579
f 1788 1530 1535
f 1535 1530 1532
f 1788 1789 1530
f 1530 1789 1790
f 1530 1790 1534
f 1534 1790 1791
f 1534 1791 1527
f 1527 1791 1792
f 1527 1792 1528
f 1792 1793 1528
f 1528 1793 1794
f 1528 1794 1529
f 1529 1794 1795
f 1529 1795 1520
f 1520 1795 1796
f 1520 1796 1521
f 1521 1796 1563
f 1521 1563 1526
f 1535 1538 1788
f 1788 1538 1797
f 1788 1797 1789
f 1789 1797 1798
f 1789 1798 1790
f 1790 1798 1799
f 1790 1799 1791
f 1791 1799 1800
f 1791 1800 1792
f 1792 1800 1801
f 1792 1801 1793
f 1793 1801 1802
f 1793 1802 1794
f 1794 1802 1803
f 1794 1803 1795
f 1795 1803 1804
f 1795 1804 1796
f 1796 1804 1805
f 1796 1805 1563
f 1563 1805 1561
f 1538 1540 1797
f 1797 1540 1787
f 1797 1787 1798
f 1798 1787 1786
f 1798 1786 1799
f 1799 1786 1785
f 1799 1785 1800
f 1800 1785 1784
f 1800 1784 1801
f 1801 1784 1782
f 1801 1782 1802
f 1802 1782 1781
f 1802 1781 1803
f 1803 1781 1778
f 1803 1778 1804
f 1804 1778 1776
f 1804 1776 1805
f 1805 1776 1774
f 1805 1774 1561
f 1561 1774 1554
f 1773 1806 1555
f 1555 1806 1807
f 1555 1807 1557
f 1557 1807 1808
f 1557 1808 1559
f 1559 1808 1580
f 1559 1580 1560
f 1775 1809 1773
f 1773 1809 1810
f 1773 1810 1806
f 1811 1807 1812
f 1812 1807 1806
f 1812 1806 1810
f 1768 1719 1813
f 1814 1580 1808
f 1814 1808 1815
f 1815 1808 1807
f 1815 1807 1811
f 1580 1814 1581
f 1581 1814 1816
f 1581 1816 1583
f 1418 1421 1768
f 1813 1817 1818
f 1768 1813 1418
f 1418 1813 1818
f 1418 1818 1419
f 1719 1583 1813
f 1813 1583 1816
f 1813 1816 1817
f 1817 1816 1814
f 1817 1814 1819
f 1819 1814 1815
f 1819 1815 1820
f 1821 1822 1823
f 1824 1825 1823
f 1823 1825 1826
f 1823 1826 1821
f 1823 1827 1828
f 1824 1823 1829
f 1829 1823 1828
f 1829 1828 1830
f 1831 1827 1823
f 1832 1831 1833
f 1833 1831 1834
f 1822 1835 1823
f 1823 1835 1836
f 1823 1836 1831
f 1831 1836 1837
f 1831 1837 1834
f 1838 1839 1840
f 1841 1842 1843
f 1843 1842 1838
f 1843 1838 1844
f 1844 1838 1840
f 1832 1845 1831
f 1831 1845 1839
f 1831 1839 1827
f 1827 1839 1838
f 1846 1830 1828
f 1846 1828 1847
f 1828 1827 1838
f 1847 1828 1848
f 1848 1828 1838
f 1848 1838 1842
f 1849 1850 1851
f 1851 1850 1852
f 1851 1852 1853
f 1854 1855 1856
f 1856 1855 1849
f 1849 1851 1856
f 1856 1851 1857
f 1856 1857 1858
f 1858 1857 1859
f 1858 1859 1860
f 1861 1847 1848
f 1862 1863 1864
f 1864 1863 1865
f 1864 1865 1866
f 1866 1865 1861
f 1866 1861 1867
f 1867 1861 1848
f 1842 1860 1848
f 1848 1860 1859
f 1848 1859 1867
f 1867 1859 1857
f 1867 1857 1866
f 1866 1857 1851
f 1866 1851 1864
f 1864 1851 1853
f 1864 1853 1862
f 1868 1860 1842
f 1854 1856 1869
f 1869 1856 1858
f 1869 1858 1870
f 1870 1858 1871
f 1870 1871 1872
f 1872 1871 1873
f 1872 1873 1874
f 1874 1873 1875
f 1876 1877 1878
f 1878 1877 1879
f 1878 1879 1880
f 1880 1879 1881
f 1880 1881 1882
f 1882 1881 1883
f 1884 1885 1886
f 1886 1885 1887
f 1886 1887 1888
f 1889 1845 1890
f 1890 1845 1832
f 1889 1891 1845
f 1845 1891 1892
f 1845 1892 1839
f 1890 1888 1889
f 1889 1888 1887
f 1889 1887 1891
f 1891 1887 1893
f 1891 1893 1892
f 1885 1894 1887
f 1887 1894 1883
f 1887 1883 1893
f 1893 1883 1881
f 1893 1881 1892
f 1892 1881 1879
f 1892 1879 1839
f 1839 1879 1877
f 1839 1877 1840
f 1840 1877 1895
f 1840 1895 1844
f 1844 1895 1896
f 1844 1896 1843
f 1843 1896 1868
f 1843 1868 1841
f 1841 1868 1842
f 1876 1897 1877
f 1877 1897 1898
f 1877 1898 1895
f 1895 1898 1875
f 1895 1875 1896
f 1896 1875 1873
f 1896 1873 1868
f 1868 1873 1871
f 1868 1871 1860
f 1860 1871 1858
f 1832 1833 1899
f 1832 1899 1890
f 1890 1899 1900
f 1890 1900 1888
f 1888 1900 1901
f 1888 1901 1886
f 1902 1903 1904
f 1884 1886 1904
f 1904 1886 1901
f 1904 1901 1902
f 1902 1901 1900
f 1902 1900 1905
f 1905 1900 1899
f 1905 1899 1906
f 1906 1899 1833
f 1906 1833 1834
f 1903 1907 1908
f 1909 1874 1875
f 1909 1875 1910
f 1876 1911 1897
f 1897 1911 1910
f 1897 1910 1898
f 1898 1910 1875
f 1876 1878 1911
f 1911 1878 1880
f 1911 1880 1912
f 1880 1882 1912
f 1912 1882 1883
f 1912 1883 1913
f 1913 1883 1894
f 1913 1894 1914
f 1894 1885 1914
f 1914 1885 1884
f 1914 1884 1908
f 1908 1884 1904
f 1908 1904 1903
f 1874 1909 1872
f 1872 1909 1915
f 1872 1915 1870
f 1870 1915 1916
f 1870 1916 1869
f 1869 1916 1854
f 1854 1916 1917
f 1854 1917 1855
f 1855 1917 1918
f 1855 1918 1849
f 1818 1817 1919
f 1920 1419 1818
f 1818 1919 1920
f 1920 1919 1921
f 1920 1921 1922
f 1923 1924 1852
f 1850 1849 1925
f 1925 1849 1918
f 1925 1918 1917
f 1820 1924 1819
f 1819 1924 1923
f 1819 1923 1926
f 1817 1819 1919
f 1919 1819 1926
f 1919 1926 1921
f 1921 1926 1923
f 1921 1923 1925
f 1925 1923 1852
f 1925 1852 1850
f 1927 1928 1820
f 1820 1928 1862
f 1820 1862 1924
f 1924 1862 1853
f 1924 1853 1852
f 1830 1846 1929
f 1930 1928 1927
f 1830 1929 1931
f 1931 1929 1932
f 1931 1932 1933
f 1933 1932 1930
f 1933 1930 1934
f 1934 1930 1927
f 1934 1927 1935
f 1863 1862 1928
f 1928 1930 1863
f 1863 1930 1932
f 1863 1932 1865
f 1865 1932 1929
f 1865 1929 1861
f 1861 1929 1846
f 1861 1846 1847
f 1936 1937 1938
f 1938 1937 1935
f 1938 1935 1927
f 1815 1811 1939
f 1940 1936 1939
f 1939 1936 1938
f 1939 1938 1815
f 1815 1938 1927
f 1815 1927 1820
f 1941 1942 1940
f 1940 1942 1943
f 1940 1943 1936
f 1944 1945 1946
f 1944 1946 1947
f 1948 1949 1950
f 1950 1949 1951
f 1950 1951 1952
f 1952 1951 1947
f 1952 1947 1953
f 1953 1947 1946
f 1954 1942 1948
f 1948 1942 1941
f 1948 1941 1949
f 1937 1936 1954
f 1954 1936 1943
f 1954 1943 1942
f 1954 1955 1937
f 1937 1955 1934
f 1937 1934 1935
f 1956 1829 1931
f 1931 1829 1830
f 1956 1957 1829
f 1829 1957 1958
f 1829 1958 1824
f 1824 1958 1959
f 1824 1959 1825
f 1825 1959 1960
f 1825 1960 1826
f 1826 1960 1961
f 1826 1961 1821
f 1821 1961 1962
f 1821 1962 1822
f 1931 1933 1956
f 1956 1933 1963
f 1956 1963 1957
f 1957 1963 1964
f 1957 1964 1958
f 1958 1964 1965
f 1958 1965 1959
f 1959 1965 1966
f 1959 1966 1960
f 1960 1966 1967
f 1960 1967 1961
f 1961 1967 1968
f 1961 1968 1962
f 1962 1968 1969
f 1933 1934 1963
f 1963 1934 1955
f 1963 1955 1964
f 1964 1955 1954
f 1964 1954 1965
f 1965 1954 1948
f 1965 1948 1966
f 1966 1948 1950
f 1966 1950 1967
f 1967 1950 1952
f 1967 1952 1968
f 1968 1952 1953
f 1968 1953 1969
f 1969 1953 1946
f 1907 1903 1902
f 1970 1971 1972
f 1972 1971 1973
f 1972 1973 1907
f 1945 1974 1946
f 1946 1974 1975
f 1822 1962 1976
f 1976 1962 1969
f 1976 1969 1977
f 1977 1969 1946
f 1977 1946 1978
f 1978 1946 1975
f 1978 1975 1970
f 1979 1836 1835
f 1906 1834 1837
f 1907 1902 1972
f 1972 1902 1905
f 1972 1905 1980
f 1980 1905 1906
f 1980 1906 1979
f 1979 1906 1837
f 1979 1837 1836
f 1970 1972 1978
f 1978 1972 1980
f 1978 1980 1977
f 1977 1980 1979
f 1977 1979 1976
f 1976 1979 1835
f 1976 1835 1822
f 1981 1914 1982
f 1415 1981 1416
f 1416 1981 1417
f 1417 1981 1983
f 1983 1981 1982
f 1983 1982 1984
f 1984 1982 1985
f 1984 1985 1986
f 1975 1985 1970
f 1970 1985 1971
f 1914 1908 1982
f 1982 1908 1907
f 1982 1907 1985
f 1985 1907 1973
f 1985 1973 1971
f 1987 1988 1989
f 1989 1990 1987
f 1987 1990 1991
f 1987 1991 1986
f 1986 1991 1992
f 1986 1992 1984
f 1992 1993 1984
f 1984 1993 1994
f 1984 1994 1983
f 1983 1994 1413
f 1983 1413 1417
f 1358 1409 1357
f 1357 1409 1995
f 1996 1340 1997
f 1997 1340 1352
f 1997 1352 1998
f 1998 1352 1353
f 1998 1353 1999
f 1999 1353 1354
f 1999 1354 2000
f 2000 1354 1351
f 2000 1351 1995
f 1995 1351 1350
f 1995 1350 1357
f 1409 1411 1995
f 1995 1411 2001
f 1995 2001 2000
f 2000 2001 2002
f 2000 2002 1999
f 1999 2002 2003
f 1999 2003 1998
f 1998 2003 2004
f 1998 2004 1997
f 1997 2004 2005
f 1997 2005 1996
f 1411 1413 2001
f 2001 1413 1994
f 2001 1994 2002
f 2002 1994 1993
f 2002 1993 2003
f 2003 1993 1992
f 2003 1992 2004
f 2004 1992 1991
f 2004 1991 2005
f 2005 1991 1990
f 2005 1990 1996
f 1996 1990 1989
f 1341 2006 1343
f 1343 2006 2007
f 1343 2007 2008
f 2008 2007 2009
f 2008 2009 2010
f 1989 1988 2011
f 1341 1340 2006
f 2006 1340 1996
f 2006 1996 2007
f 2007 1996 1989
f 2007 1989 2009
f 2009 1989 2011
f 2009 2011 2010
f 2010 2011 2012
f 1391 1373 1372
f 2010 2012 2013
f 2014 2008 2015
f 2015 2008 2010
f 2015 2010 2016
f 2016 2010 2013
f 2016 2013 2017
f 1359 1356 2018
f 2018 1356 1355
f 1391 1372 2019
f 2019 1372 1360
f 2019 1360 2020
f 2020 1360 1379
f 2020 1379 2018
f 2018 1379 1348
f 2018 1348 1359
f 1343 2008 1355
f 1355 2008 2014
f 1355 2014 2018
f 2018 2014 2015
f 2018 2015 2020
f 2020 2015 2016
f 2020 2016 2019
f 2019 2016 2017
f 2019 2017 1391
f 2021 2022 2023
f 2023 2022 2024
f 2023 2024 2025
f 2026 2027 2028
f 2028 2027 2029
f 2028 2029 2030
f 1386 2028 2023
f 2023 2028 2030
f 2023 2030 2021
f 1386 1389 2028
f 2028 1389 1390
f 2028 1390 2026
f 2026 1390 1391
f 2026 1391 2017
f 2031 2032 2033
f 2033 2032 2034
f 2033 2034 2035
f 2033 2036 2037
f 2031 2033 2038
f 2038 2033 2037
f 2038 2037 2039
f 2040 2036 2041
f 2041 2036 2033
f 2041 2033 2042
f 2042 2033 2043
f 2044 2045 2046
f 2044 2046 2047
f 2048 2049 2046
f 2046 2049 2050
f 2046 2050 2047
f 2046 2051 2052
f 2053 2048 2054
f 2054 2048 2046
f 2054 2046 2055
f 2055 2046 2052
f 2043 2033 2045
f 2045 2033 2035
f 2045 2035 2046
f 2046 2035 2056
f 2046 2056 2051
f 2057 2058 2059
f 2059 2058 2060
f 2059 2060 2061
f 2057 2059 2062
f 2062 2059 2063
f 2062 2063 2064
f 2056 2035 2065
f 2065 2066 2056
f 2056 2066 2067
f 2056 2067 2051
f 2065 2064 2066
f 2066 2064 2063
f 2066 2063 2067
f 2067 2063 2059
f 2067 2059 2068
f 2068 2059 2061
f 2068 2061 2069
f 2070 2057 2062
f 2071 2065 2035
f 2070 2062 2072
f 2062 2073 2072
f 2072 2073 2074
f 2072 2074 2075
f 2075 2074 2076
f 2076 2074 2077
f 2076 2077 2078
f 2078 2077 2079
f 2078 2079 2080
f 2080 2079 2081
f 2080 2081 2082
f 2082 2081 2083
f 2082 2083 2084
f 2084 2083 2085
f 2084 2085 2086
f 2037 2036 2087
f 2035 2034 2071
f 2071 2034 2032
f 2071 2032 2088
f 2088 2032 2031
f 2088 2031 2089
f 2089 2031 2038
f 2089 2038 2090
f 2090 2038 2039
f 2090 2039 2091
f 2091 2039 2037
f 2091 2037 2092
f 2092 2037 2087
f 2087 2093 2092
f 2092 2093 2094
f 2092 2094 2091
f 2091 2094 2095
f 2091 2095 2090
f 2090 2095 2096
f 2090 2096 2089
f 2089 2096 2097
f 2089 2097 2088
f 2088 2097 2098
f 2088 2098 2071
f 2071 2098 2099
f 2071 2099 2065
f 2065 2099 2064
f 2093 2085 2094
f 2094 2085 2083
f 2094 2083 2095
f 2095 2083 2081
f 2095 2081 2096
f 2096 2081 2079
f 2096 2079 2097
f 2097 2079 2077
f 2097 2077 2098
f 2098 2077 2074
f 2098 2074 2099
f 2099 2074 2073
f 2099 2073 2064
f 2064 2073 2062
f 2100 2086 2085
f 2087 2101 2102
f 2087 2102 2093
f 2093 2102 2103
f 2093 2103 2085
f 2104 2030 2029
f 2021 2030 2105
f 2105 2030 2104
f 2105 2104 2106
f 2106 2104 2107
f 2106 2107 2108
f 2108 2107 2109
f 2087 2036 2101
f 2101 2036 2040
f 2101 2040 2041
f 2042 2108 2041
f 2041 2108 2109
f 2041 2109 2101
f 2101 2109 2107
f 2101 2107 2102
f 2102 2107 2104
f 2102 2104 2103
f 2103 2104 2029
f 2103 2029 2085
f 2085 2029 2027
f 2085 2027 2100
f 2052 2051 2067
f 2110 2111 2112
f 2113 2114 2115
f 2116 2117 2118
f 2043 2119 2042
f 2042 2119 2108
f 2106 2120 2105
f 2105 2120 2022
f 2105 2022 2021
f 2117 2116 2120
f 2120 2116 2121
f 2120 2121 2122
f 2122 2025 2120
f 2120 2025 2024
f 2120 2024 2022
f 2123 2124 2118
f 2114 2125 2126
f 2126 2125 2127
f 2127 2125 2128
f 2128 2125 2129
f 2128 2129 2110
f 2110 2129 2130
f 2110 2130 2111
f 2052 2067 2055
f 2131 2050 2132
f 2132 2050 2049
f 2043 2045 2119
f 2119 2045 2044
f 2119 2044 2131
f 2131 2044 2047
f 2131 2047 2050
f 2133 2130 2134
f 2134 2130 2129
f 2134 2129 2135
f 2135 2129 2125
f 2135 2125 2136
f 2136 2125 2114
f 2136 2114 2137
f 2137 2114 2113
f 2124 2123 2113
f 2113 2123 2138
f 2113 2138 2137
f 2137 2138 2048
f 2137 2048 2136
f 2136 2048 2053
f 2136 2053 2135
f 2135 2053 2054
f 2135 2054 2134
f 2134 2054 2055
f 2134 2055 2133
f 2133 2055 2067
f 2133 2067 2130
f 2130 2067 2068
f 2130 2068 2111
f 2111 2068 2069
f 2111 2069 2112
f 2132 2139 2131
f 2131 2139 2140
f 2131 2140 2119
f 2119 2140 2141
f 2119 2141 2108
f 2106 2108 2120
f 2120 2108 2141
f 2120 2141 2117
f 2117 2141 2140
f 2117 2140 2118
f 2118 2140 2139
f 2118 2139 2123
f 2123 2139 2132
f 2123 2132 2138
f 2138 2132 2049
f 2138 2049 2048
f 2116 2142 2121
f 2142 2116 2143
f 2143 2116 2118
f 2143 2118 2144
f 2145 2146 2147
f 2148 2149 2150
f 2149 2151 2152
f 2149 2148 2151
f 2151 2148 2153
f 2151 2153 2154
f 2155 2156 2157
f 2157 2156 2158
f 2157 2158 2150
f 2150 2158 2159
f 2150 2159 2148
f 2155 2157 2160
f 2160 2157 2161
f 2160 2161 2162
f 2163 2164 2161
f 2161 2164 2165
f 2161 2165 2162
f 2122 2121 2166
f 2166 2121 2142
f 2142 2143 2166
f 2166 2143 2144
f 2166 2144 2163
f 2163 2144 2167
f 2163 2167 2164
f 1387 2166 1388
f 1388 2166 1385
f 2025 2122 2023
f 2023 2122 2166
f 2023 2166 1386
f 1386 2166 1387
f 2168 1380 1383
f 2168 1383 2169
f 2145 2147 2168
f 2168 2147 1393
f 2168 1393 1380
f 1415 1414 2147
f 2147 1414 1401
f 1401 1400 2147
f 2147 1400 1395
f 2147 1395 1393
f 1914 1981 1913
f 1913 1981 1415
f 1913 1415 1912
f 1912 1415 2147
f 1912 2147 1911
f 1911 2147 2146
f 1911 2146 1910
f 2161 2170 2163
f 2163 2170 2169
f 2163 2169 2166
f 2166 2169 1383
f 2166 1383 1385
f 2152 2171 2149
f 2149 2171 2172
f 2149 2172 2150
f 2150 2172 2173
f 2150 2173 2157
f 2157 2173 2174
f 2157 2174 2161
f 2161 2174 2175
f 2161 2175 2170
f 2144 2118 2124
f 2144 2124 2167
f 2124 2113 2167
f 2167 2113 2115
f 2167 2115 2164
f 2164 2115 2114
f 2164 2114 2176
f 2114 2126 2176
f 2176 2126 2127
f 2176 2127 2177
f 2177 2127 2128
f 2177 2128 2178
f 2128 2110 2178
f 2178 2110 2112
f 2178 2112 2179
f 2179 2112 2069
f 2179 2069 2180
f 2180 2069 2061
f 2180 2061 2060
f 2176 2177 2181
f 2178 2179 2182
f 2183 2184 2185
f 2186 2184 2187
f 2187 2184 2183
f 2187 2183 2188
f 2189 2190 2188
f 2188 2190 2191
f 2188 2191 2187
f 2192 2193 2194
f 2194 2193 2189
f 2177 2178 2181
f 2181 2178 2182
f 2181 2182 2195
f 2195 2182 2196
f 2195 2196 2197
f 2197 2196 2198
f 2197 2198 2199
f 2164 2176 2165
f 2165 2176 2181
f 2165 2181 2162
f 2162 2181 2195
f 2162 2195 2160
f 2160 2195 2197
f 2158 2156 2197
f 2197 2156 2155
f 2197 2155 2160
f 2159 2158 2194
f 2194 2158 2197
f 2194 2197 2192
f 2192 2197 2199
f 2189 2188 2194
f 2194 2188 2148
f 2194 2148 2159
f 2185 2200 2183
f 2183 2200 2154
f 2183 2154 2188
f 2188 2154 2153
f 2188 2153 2148
f 2201 2185 2184
f 2202 2203 2204
f 2205 2204 2206
f 2206 2204 2207
f 2207 2204 2208
f 2208 2204 2203
f 2208 2203 2209
f 2205 2201 2204
f 2204 2201 2184
f 2204 2184 2202
f 2202 2184 2186
f 2210 2211 2212
f 2213 2209 2203
f 2203 2202 2213
f 2213 2202 2214
f 2213 2214 2215
f 2215 2214 2216
f 2215 2216 2217
f 2217 2216 2218
f 2217 2218 2219
f 2220 2221 2222
f 2222 2221 2223
f 2222 2223 2224
f 2224 2223 2225
f 2224 2225 2226
f 2210 2212 2227
f 2228 2226 2212
f 2212 2226 2225
f 2212 2225 2227
f 2227 2225 2223
f 2227 2223 2229
f 2229 2223 2221
f 2229 2221 2230
f 2231 2230 2232
f 2232 2233 2231
f 2231 2233 2234
f 2231 2234 2235
f 2235 2234 2236
f 2235 2236 2237
f 2237 2236 2238
f 2237 2238 2239
f 2239 2238 2240
f 2239 2240 2241
f 2241 2240 2242
f 2241 2242 2243
f 2230 2221 2232
f 2232 2221 2220
f 2232 2220 2233
f 2233 2220 2244
f 2233 2244 2234
f 2234 2244 2245
f 2234 2245 2236
f 2236 2245 2246
f 2236 2246 2238
f 2238 2246 2247
f 2238 2247 2240
f 2240 2247 2219
f 2240 2219 2242
f 2242 2219 2218
f 2242 2218 2243
f 2243 2218 2216
f 2243 2216 2248
f 2248 2216 2214
f 2248 2214 2249
f 2249 2214 2202
f 2249 2202 2186
f 2250 2251 2252
f 2252 2251 2253
f 2252 2253 2254
f 2254 2253 2255
f 2253 2256 2257
f 2257 2258 2253
f 2253 2258 2259
f 2253 2259 2255
f 2260 2261 2262
f 2263 2264 2260
f 2265 2266 2260
f 2260 2266 2267
f 2260 2267 2261
f 2268 2265 2269
f 2269 2265 2260
f 2269 2260 2270
f 2270 2260 2264
f 2256 2253 2262
f 2262 2253 2271
f 2262 2271 2260
f 2260 2271 2272
f 2260 2272 2263
f 2251 2273 2253
f 2253 2273 2274
f 2253 2274 2275
f 2275 2276 2253
f 2253 2276 2277
f 2253 2277 2271
f 2262 2278 2256
f 2256 2278 2279
f 2278 2280 2279
f 2279 2280 2281
f 2279 2281 2282
f 2282 2281 2283
f 2282 2283 2284
f 2285 2286 2281
f 2281 2286 2287
f 2281 2287 2283
f 2285 2281 2288
f 2288 2281 2280
f 2288 2280 2289
f 2289 2280 2278
f 2289 2278 2290
f 2290 2278 2262
f 2290 2262 2261
f 2250 2291 2292
f 2250 2292 2251
f 2293 2294 2295
f 2295 2294 2296
f 2295 2296 2297
f 2298 2299 2297
f 2297 2299 2300
f 2297 2300 2295
f 2301 2302 2298
f 2298 2302 2303
f 2298 2303 2299
f 2298 2304 2301
f 2301 2304 2305
f 2301 2305 2306
f 2306 2305 2307
f 2307 2305 2282
f 2307 2282 2284
f 2257 2308 2258
f 2258 2308 2309
f 2258 2309 2259
f 2259 2309 2310
f 2259 2310 2255
f 2255 2310 2311
f 2255 2311 2254
f 2291 2250 2311
f 2311 2250 2252
f 2311 2252 2254
f 2257 2256 2308
f 2308 2256 2279
f 2308 2279 2309
f 2309 2279 2312
f 2309 2312 2310
f 2310 2312 2313
f 2310 2313 2311
f 2311 2313 2314
f 2311 2314 2291
f 2291 2314 2315
f 2291 2315 2292
f 2292 2315 2316
f 2292 2316 2251
f 2251 2316 2317
f 2279 2282 2312
f 2312 2282 2305
f 2312 2305 2313
f 2313 2305 2304
f 2313 2304 2314
f 2314 2304 2298
f 2314 2298 2315
f 2315 2298 2297
f 2315 2297 2316
f 2316 2297 2296
f 2316 2296 2317
f 2317 2296 2294
f 2318 2319 2320
f 2320 2319 2321
f 2320 2321 2322
f 2293 2323 2294
f 2294 2323 2324
f 2325 2317 2326
f 2326 2317 2294
f 2326 2294 2327
f 2327 2294 2324
f 2327 2324 2328
f 2320 2276 2318
f 2318 2276 2275
f 2318 2275 2274
f 2251 2317 2273
f 2273 2317 2325
f 2273 2325 2329
f 2329 2325 2326
f 2329 2326 2330
f 2330 2326 2327
f 2330 2327 2331
f 2331 2327 2328
f 2331 2328 2332
f 2333 2322 2332
f 2332 2322 2321
f 2332 2321 2331
f 2331 2321 2319
f 2331 2319 2330
f 2330 2319 2318
f 2330 2318 2329
f 2329 2318 2274
f 2329 2274 2273
f 2334 2335 2336
f 2336 2335 2337
f 2338 2339 2337
f 2337 2339 2340
f 2337 2340 2336
f 2341 2342 2343
f 2343 2342 2344
f 2343 2344 2345
f 2346 2347 2348
f 2348 2347 2349
f 2348 2349 2350
f 2350 2349 2351
f 2350 2351 2352
f 2352 2351 2341
f 2352 2341 2353
f 2353 2341 2343
f 2354 2335 2355
f 2356 2357 2358
f 2358 2357 2359
f 2358 2359 2360
f 2360 2359 2354
f 2360 2354 2361
f 2361 2354 2355
f 2355 2346 2361
f 2361 2346 2348
f 2361 2348 2360
f 2360 2348 2350
f 2360 2350 2358
f 2358 2350 2352
f 2358 2352 2356
f 2356 2352 2353
f 2362 2338 2337
f 2357 2363 2362
f 2337 2335 2354
f 2362 2337 2357
f 2357 2337 2354
f 2357 2354 2359
f 2364 2365 2366
f 2357 2367 2363
f 2363 2367 2368
f 2363 2368 2364
f 2369 2370 2371
f 2371 2370 2366
f 2371 2366 2372
f 2364 2366 2363
f 2363 2366 2370
f 2363 2370 2373
f 2373 2370 2369
f 2373 2369 2374
f 2365 2375 2366
f 2366 2375 2372
f 2375 2376 2372
f 2372 2376 2377
f 2376 2378 2377
f 2377 2378 2379
f 2377 2379 2380
f 2381 2382 2383
f 2384 2380 2383
f 2383 2380 2379
f 2383 2379 2381
f 2381 2379 2378
f 2381 2378 2385
f 2385 2378 2376
f 2385 2376 2386
f 2386 2376 2375
f 2386 2375 2365
f 2387 2388 2389
f 2387 2389 2390
f 2390 2389 2391
f 2390 2391 2392
f 2393 2394 2395
f 2395 2394 2396
f 2395 2396 2397
f 2397 2396 2398
f 2397 2398 2399
f 2399 2398 2400
f 2371 2372 2377
f 2387 2363 2388
f 2388 2363 2373
f 2388 2373 2374
f 2401 2402 2403
f 2403 2402 2404
f 2403 2404 2405
f 2405 2404 2406
f 2405 2406 2407
f 2407 2406 2408
f 2402 2393 2404
f 2404 2393 2395
f 2404 2395 2406
f 2406 2395 2397
f 2406 2397 2408
f 2408 2397 2399
f 2409 2392 2400
f 2400 2392 2391
f 2400 2391 2399
f 2399 2391 2389
f 2399 2389 2408
f 2408 2389 2388
f 2408 2388 2407
f 2407 2388 2374
f 2407 2374 2405
f 2405 2374 2369
f 2405 2369 2403
f 2403 2369 2371
f 2403 2371 2401
f 2401 2371 2377
f 2401 2377 2402
f 2402 2377 2380
f 2402 2380 2393
f 2393 2380 2384
f 2393 2384 2394
f 2398 2396 2410
f 2411 2412 2413
f 2413 2412 2414
f 2413 2414 2415
f 2398 2410 2400
f 2416 2417 2418
f 2415 2419 2413
f 2413 2419 2420
f 2413 2420 2416
f 2421 2411 2410
f 2410 2411 2413
f 2410 2413 2400
f 2400 2413 2416
f 2400 2416 2409
f 2409 2416 2418
f 2418 2417 2422
f 2422 2417 2423
f 2392 2409 2418
f 2418 2422 2392
f 2392 2422 2424
f 2392 2424 2390
f 2390 2424 2425
f 2390 2425 2387
f 2426 2338 2362
f 2363 2387 2362
f 2362 2387 2425
f 2362 2425 2426
f 2426 2425 2424
f 2426 2424 2427
f 2427 2424 2422
f 2427 2422 2428
f 2428 2422 2423
f 2428 2423 2429
f 2430 2431 2432
f 2433 2434 2435
f 2434 2436 2435
f 2435 2436 2437
f 2435 2437 2438
f 2428 2429 2439
f 2439 2440 2428
f 2428 2440 2432
f 2428 2432 2427
f 2427 2432 2431
f 2427 2431 2426
f 2339 2338 2426
f 2426 2431 2339
f 2339 2431 2430
f 2339 2430 2340
f 2340 2430 2441
f 2340 2441 2336
f 2336 2441 2442
f 2336 2442 2334
f 2442 2443 2334
f 2334 2443 2355
f 2334 2355 2335
f 2346 2355 2444
f 2444 2355 2443
f 2444 2443 2445
f 2445 2443 2442
f 2445 2442 2446
f 2446 2442 2441
f 2439 2447 2440
f 2440 2447 2433
f 2440 2433 2432
f 2432 2433 2435
f 2432 2435 2430
f 2430 2435 2438
f 2430 2438 2441
f 2441 2438 2448
f 2441 2448 2446
f 2449 2450 2345
f 2449 2345 2451
f 2345 2344 2451
f 2451 2344 2342
f 2451 2342 2341
f 2341 2351 2451
f 2451 2351 2349
f 2451 2349 2452
f 2452 2349 2347
f 2452 2347 2453
f 2453 2347 2346
f 2453 2346 2454
f 2454 2346 2444
f 2454 2444 2455
f 2455 2444 2445
f 2455 2445 2456
f 2456 2445 2446
f 2456 2446 2448
f 2448 2438 2456
f 2456 2438 2437
f 2456 2437 2457
f 2457 2437 2436
f 2457 2436 2458
f 2458 2436 2434
f 2458 2434 2459
f 2459 2434 2433
f 2459 2433 2447
f 2460 2382 2381
f 2461 2462 2463
f 2463 2462 2460
f 2343 2345 2450
f 2450 2464 2343
f 2343 2464 2465
f 2343 2465 2353
f 2353 2465 2466
f 2353 2466 2356
f 2364 2368 2467
f 2467 2368 2367
f 2460 2381 2463
f 2463 2381 2385
f 2463 2385 2468
f 2468 2385 2386
f 2468 2386 2467
f 2467 2386 2365
f 2467 2365 2364
f 2357 2356 2367
f 2367 2356 2466
f 2367 2466 2467
f 2467 2466 2465
f 2467 2465 2468
f 2468 2465 2464
f 2468 2464 2463
f 2463 2464 2450
f 2463 2450 2461
f 2469 2333 2332
f 2461 2450 2324
f 2324 2450 2469
f 2324 2469 2328
f 2328 2469 2332
f 2333 2469 2470
f 2470 2469 2471
f 2470 2471 2472
f 2452 2471 2451
f 2451 2471 2469
f 2451 2469 2449
f 2449 2469 2450
f 2473 2474 2475
f 2288 2476 2285
f 2477 2478 2479
f 2322 2333 2480
f 2480 2333 2470
f 2480 2470 2481
f 2481 2470 2472
f 2481 2472 2479
f 2479 2472 2482
f 2479 2482 2477
f 2276 2483 2277
f 2277 2483 2484
f 2277 2484 2271
f 2271 2484 2485
f 2271 2485 2272
f 2272 2485 2486
f 2272 2486 2263
f 2263 2486 2264
f 2264 2486 2475
f 2264 2475 2270
f 2270 2475 2474
f 2270 2474 2269
f 2290 2261 2267
f 2290 2267 2487
f 2288 2289 2476
f 2476 2289 2488
f 2476 2488 2489
f 2289 2290 2488
f 2488 2290 2487
f 2488 2487 2489
f 2489 2487 2490
f 2489 2490 2491
f 2491 2490 2492
f 2491 2492 2493
f 2493 2492 2494
f 2494 2492 2495
f 2494 2495 2496
f 2267 2266 2487
f 2487 2266 2265
f 2487 2265 2490
f 2490 2265 2268
f 2490 2268 2492
f 2492 2268 2269
f 2492 2269 2495
f 2495 2269 2474
f 2495 2474 2496
f 2496 2474 2473
f 2497 2498 2499
f 2499 2498 2500
f 2499 2500 2501
f 2276 2320 2483
f 2483 2320 2502
f 2483 2502 2484
f 2484 2502 2503
f 2484 2503 2485
f 2485 2503 2504
f 2485 2504 2486
f 2486 2504 2500
f 2486 2500 2475
f 2475 2500 2498
f 2475 2498 2473
f 2473 2498 2497
f 2320 2322 2502
f 2502 2322 2480
f 2502 2480 2503
f 2503 2480 2481
f 2503 2481 2504
f 2504 2481 2479
f 2504 2479 2500
f 2500 2479 2478
f 2500 2478 2501
f 2505 2478 2477
f 2506 2287 2286
f 2506 2286 2507
f 2507 2286 2285
f 2507 2285 2508
f 2508 2285 2476
f 2508 2476 2509
f 2509 2476 2489
f 2509 2489 2510
f 2510 2489 2491
f 2510 2491 2511
f 2511 2491 2493
f 2511 2493 2512
f 2512 2493 2494
f 2512 2494 2513
f 2513 2494 2496
f 2513 2496 2514
f 2514 2496 2515
f 2515 2496 2473
f 2515 2473 2516
f 2516 2473 2497
f 2516 2497 2517
f 2517 2497 2499
f 2517 2499 2505
f 2505 2499 2501
f 2505 2501 2478
f 2518 2519 2520
f 2510 2511 2521
f 2511 2512 2521
f 2521 2512 2513
f 2521 2513 2514
f 2522 2507 2508
f 2508 2509 2522
f 2522 2509 2523
f 2522 2523 2524
f 2524 2523 2525
f 2524 2525 2526
f 2526 2525 2527
f 2527 2525 2528
f 2527 2528 2529
f 2529 2528 2530
f 2529 2530 2531
f 2532 2533 2534
f 2534 2533 2535
f 2534 2535 2530
f 2530 2535 2536
f 2530 2536 2531
f 2537 2211 2538
f 2532 2534 2538
f 2538 2534 2520
f 2538 2520 2537
f 2537 2520 2519
f 2537 2519 2539
f 2518 2520 2540
f 2540 2520 2534
f 2540 2534 2541
f 2541 2534 2530
f 2541 2530 2542
f 2542 2530 2528
f 2542 2528 2543
f 2543 2528 2525
f 2543 2525 2544
f 2509 2510 2523
f 2523 2510 2521
f 2523 2521 2525
f 2525 2521 2545
f 2525 2545 2544
f 2546 2228 2212
f 2547 2548 2549
f 2549 2548 2550
f 2549 2550 2551
f 2551 2550 2552
f 2552 2550 2537
f 2552 2537 2539
f 2548 2546 2550
f 2550 2546 2212
f 2550 2212 2537
f 2537 2212 2211
f 2553 2554 2555
f 2547 2549 2556
f 2556 2549 2557
f 2556 2557 2558
f 2558 2557 2559
f 2558 2559 2560
f 2559 2561 2560
f 2560 2561 2562
f 2560 2562 2563
f 2563 2562 2564
f 2564 2562 2565
f 2564 2565 2566
f 2566 2565 2567
f 2567 2565 2568
f 2567 2568 2569
f 2555 2554 2568
f 2568 2554 2570
f 2568 2570 2569
f 2571 2572 2573
f 2573 2572 2574
f 2573 2574 2575
f 2575 2574 2553
f 2575 2553 2576
f 2576 2553 2555
f 2577 2578 2571
f 2571 2578 2579
f 2571 2579 2572
f 2571 2580 2577
f 2577 2580 2581
f 2577 2581 2582
f 2582 2581 2583
f 2582 2583 2584
f 2585 2586 2587
f 2588 2589 2590
f 2590 2589 2591
f 2590 2591 2592
f 2592 2591 2593
f 2592 2593 2594
f 2594 2593 2595
f 2594 2595 2596
f 2596 2595 2597
f 2596 2597 2598
f 2598 2597 2599
f 2598 2599 2600
f 2600 2599 2601
f 2600 2601 2602
f 2602 2601 2603
f 2602 2603 2604
f 2604 2603 2585
f 2604 2585 2605
f 2605 2585 2587
f 2588 2590 2606
f 2606 2590 2607
f 2606 2607 2608
f 2608 2607 2609
f 2608 2609 2610
f 2609 2611 2610
f 2610 2611 2612
f 2610 2612 2613
f 2613 2612 2552
f 2613 2552 2539
f 2587 2614 2605
f 2605 2614 2615
f 2605 2615 2604
f 2604 2615 2616
f 2604 2616 2602
f 2602 2616 2617
f 2602 2617 2600
f 2600 2617 2618
f 2600 2618 2598
f 2598 2618 2619
f 2598 2619 2596
f 2596 2619 2620
f 2596 2620 2594
f 2594 2620 2621
f 2594 2621 2592
f 2592 2621 2622
f 2592 2622 2590
f 2590 2622 2623
f 2590 2623 2607
f 2607 2623 2624
f 2607 2624 2609
f 2609 2624 2625
f 2609 2625 2611
f 2611 2625 2626
f 2611 2626 2612
f 2612 2626 2627
f 2612 2627 2552
f 2552 2627 2551
f 2614 2583 2615
f 2615 2583 2581
f 2615 2581 2616
f 2616 2581 2580
f 2616 2580 2617
f 2617 2580 2571
f 2617 2571 2618
f 2618 2571 2573
f 2618 2573 2619
f 2619 2573 2575
f 2619 2575 2620
f 2620 2575 2576
f 2620 2576 2621
f 2621 2576 2555
f 2621 2555 2622
f 2622 2555 2568
f 2622 2568 2623
f 2623 2568 2565
f 2623 2565 2624
f 2624 2565 2562
f 2624 2562 2625
f 2625 2562 2561
f 2625 2561 2626
f 2626 2561 2559
f 2626 2559 2627
f 2627 2559 2557
f 2627 2557 2551
f 2551 2557 2549
f 2628 2629 2630
f 2630 2629 2584
f 2630 2584 2583
f 2631 2632 2628
f 2628 2632 2633
f 2628 2633 2629
f 2628 2634 2631
f 2631 2634 2635
f 2631 2635 2636
f 2636 2635 2637
f 2636 2637 2638
f 2638 2637 2639
f 2638 2639 2640
f 2639 2641 2640
f 2640 2641 2642
f 2640 2642 2643
f 2643 2642 2644
f 2643 2644 2645
f 2645 2644 2646
f 2645 2646 2647
f 2647 2646 2648
f 2647 2648 2649
f 2649 2648 2650
f 2649 2650 2651
f 2651 2650 2652
f 2651 2652 2653
f 2653 2652 2654
f 2653 2654 2655
f 2655 2654 2656
f 2655 2656 2657
f 2657 2656 2658
f 2657 2658 2659
f 2660 2661 2662
f 2662 2663 2660
f 2660 2663 2664
f 2660 2664 2665
f 2665 2664 2666
f 2665 2666 2667
f 2667 2666 2668
f 2668 2666 2669
f 2668 2669 2670
f 2670 2669 2671
f 2670 2671 2672
f 2672 2671 2673
f 2672 2673 2674
f 2673 2675 2674
f 2674 2675 2676
f 2674 2676 2677
f 2677 2676 2678
f 2677 2678 2679
f 2679 2678 2680
f 2679 2680 2681
f 2681 2680 2682
f 2681 2682 2683
f 2683 2682 2684
f 2683 2684 2685
f 2684 2686 2685
f 2685 2686 2687
f 2685 2687 2688
f 2688 2687 2689
f 2688 2689 2690
f 2690 2689 2587
f 2690 2587 2586
f 2662 2691 2663
f 2663 2691 2692
f 2663 2692 2664
f 2664 2692 2693
f 2664 2693 2666
f 2666 2693 2694
f 2666 2694 2669
f 2669 2694 2695
f 2669 2695 2671
f 2671 2695 2696
f 2671 2696 2673
f 2673 2696 2697
f 2673 2697 2675
f 2675 2697 2698
f 2675 2698 2676
f 2676 2698 2699
f 2676 2699 2678
f 2678 2699 2700
f 2678 2700 2680
f 2680 2700 2701
f 2680 2701 2682
f 2682 2701 2702
f 2682 2702 2684
f 2684 2702 2703
f 2684 2703 2686
f 2686 2703 2704
f 2686 2704 2687
f 2687 2704 2705
f 2687 2705 2689
f 2689 2705 2706
f 2689 2706 2587
f 2587 2706 2614
f 2691 2658 2692
f 2692 2658 2656
f 2692 2656 2693
f 2693 2656 2654
f 2693 2654 2694
f 2694 2654 2652
f 2694 2652 2695
f 2695 2652 2650
f 2695 2650 2696
f 2696 2650 2648
f 2696 2648 2697
f 2697 2648 2646
f 2697 2646 2698
f 2698 2646 2644
f 2698 2644 2699
f 2699 2644 2642
f 2699 2642 2700
f 2700 2642 2641
f 2700 2641 2701
f 2701 2641 2639
f 2701 2639 2702
f 2702 2639 2637
f 2702 2637 2703
f 2703 2637 2635
f 2703 2635 2704
f 2704 2635 2634
f 2704 2634 2705
f 2705 2634 2628
f 2705 2628 2706
f 2706 2628 2630
f 2706 2630 2614
f 2614 2630 2583
f 2707 2228 2546
f 2659 2708 1252
f 2708 2709 1252
f 1252 2709 2710
f 1252 2710 2711
f 2659 1252 2657
f 2657 1252 1251
f 2657 1251 2655
f 1251 1331 2655
f 2655 1331 1332
f 2655 1332 1328
f 1325 2629 2633
f 1325 2633 1330
f 1330 2633 2632
f 1330 2632 1327
f 2629 1325 2584
f 2584 1325 1324
f 2584 1324 2582
f 2645 2647 2712
f 2712 2647 2649
f 2712 2649 2651
f 2632 2631 2712
f 2712 2631 2636
f 2712 2636 2638
f 2638 2640 2712
f 2712 2640 2643
f 2712 2643 2645
f 2651 2653 2712
f 2712 2653 2655
f 2712 2655 2632
f 2632 2655 1328
f 2632 1328 1327
f 1302 2578 1324
f 1324 2578 2577
f 1324 2577 2582
f 1302 1301 2578
f 2578 1301 1308
f 2578 1308 2579
f 2579 1308 1307
f 2579 1307 2572
f 2572 1307 1306
f 2572 1306 2574
f 2574 1306 1305
f 2574 1305 2553
f 2553 1305 2554
f 1305 1304 2554
f 2554 1304 1303
f 2554 1303 2570
f 2570 1303 1309
f 2570 1309 2569
f 2569 1309 1310
f 2569 1310 2567
f 2567 1310 1314
f 2567 1314 2566
f 2566 1314 1313
f 2566 1313 2564
f 2564 1313 2563
f 1313 1312 2563
f 2563 1312 1311
f 2563 1311 2560
f 1311 1318 2560
f 2560 1318 1317
f 2560 1317 2558
f 2558 1317 1316
f 2558 1316 1315
f 1315 1321 2558
f 2558 1321 1320
f 2558 1320 2556
f 1322 2546 1319
f 1319 2546 2548
f 1319 2548 1320
f 1320 2548 2547
f 1320 2547 2556
f 1322 1323 2546
f 2546 1323 1256
f 2546 1256 2208
f 2208 1256 1255
f 1255 1280 2208
f 2208 1280 1279
f 2208 1279 2207
f 2207 1279 1278
f 2222 2224 2707
f 2707 2224 2226
f 2707 2226 2228
f 2245 2244 2707
f 2707 2244 2220
f 2707 2220 2222
f 2707 2217 2219
f 2219 2247 2707
f 2707 2247 2246
f 2707 2246 2245
f 2208 2209 2546
f 2546 2209 2213
f 2546 2213 2707
f 2707 2213 2215
f 2707 2215 2217
f 1277 2713 1278
f 1278 2713 2206
f 1278 2206 2207
f 1277 1276 2713
f 2713 1276 1275
f 2713 1275 2714
f 2714 1275 1274
f 2714 1274 2715
f 2715 1274 1263
f 2715 1263 2716
f 2716 1263 1262
f 2716 1262 2717
f 2717 1262 1261
f 2717 1261 2718
f 2718 1261 1260
f 2718 1260 2719
f 2719 1260 1259
f 2719 1259 2720
f 1259 1258 2720
f 2720 1258 1264
f 2720 1264 2721
f 1264 1265 2721
f 2721 1265 1267
f 2721 1267 2722
f 1253 1252 1268
f 1268 1252 2711
f 1268 2711 1269
f 1269 2711 2723
f 1269 2723 1270
f 1270 2723 2724
f 1270 2724 1271
f 1271 2724 2725
f 1271 2725 1272
f 1272 2725 2722
f 1272 2722 1266
f 1266 2722 1267
f 2708 2659 2658
f 2708 2658 2709
f 2658 2726 2709
f 2709 2726 2727
f 2709 2727 2710
f 2710 2727 2711
f 2711 2727 2728
f 2711 2728 2723
f 2723 2728 2729
f 2723 2729 2724
f 2729 2730 2724
f 2724 2730 2731
f 2724 2731 2725
f 2725 2731 2722
f 2722 2731 2732
f 2722 2732 2721
f 2721 2732 2733
f 2721 2733 2720
f 2720 2733 2719
f 2719 2733 2734
f 2719 2734 2718
f 2718 2734 2717
f 2717 2734 2735
f 2717 2735 2716
f 2716 2735 2715
f 2715 2735 2736
f 2715 2736 2714
f 2736 2737 2714
f 2714 2737 2738
f 2714 2738 2713
f 2713 2738 2205
f 2713 2205 2206
f 2739 2740 2741
f 2741 2740 2742
f 2741 2742 2743
f 2743 2742 2744
f 2742 2745 2744
f 2744 2745 2746
f 2744 2746 2747
f 2747 2746 2748
f 2748 2746 2749
f 2748 2749 2750
f 2750 2749 2751
f 2751 2749 2752
f 2751 2752 2753
f 2753 2752 2754
f 2753 2754 2755
f 2756 2757 2758
f 2758 2757 2759
f 2758 2759 2760
f 2760 2759 2761
f 2760 2761 2762
f 2762 2761 2755
f 2762 2755 2763
f 2763 2755 2754
f 2764 2765 2756
f 2756 2765 2766
f 2756 2766 2757
f 2756 2767 2764
f 2764 2767 2662
f 2764 2662 2661
f 2740 2768 2742
f 2742 2768 2769
f 2742 2769 2745
f 2745 2769 2770
f 2745 2770 2746
f 2746 2770 2771
f 2746 2771 2749
f 2749 2771 2772
f 2749 2772 2752
f 2752 2772 2773
f 2752 2773 2754
f 2754 2773 2774
f 2754 2774 2763
f 2763 2774 2775
f 2763 2775 2762
f 2762 2775 2776
f 2762 2776 2760
f 2760 2776 2777
f 2760 2777 2758
f 2758 2777 2778
f 2758 2778 2756
f 2756 2778 2779
f 2756 2779 2767
f 2767 2779 2780
f 2767 2780 2662
f 2662 2780 2691
f 2658 2691 2726
f 2726 2691 2780
f 2726 2780 2727
f 2727 2780 2779
f 2727 2779 2728
f 2728 2779 2778
f 2728 2778 2729
f 2729 2778 2777
f 2729 2777 2730
f 2730 2777 2776
f 2730 2776 2731
f 2731 2776 2775
f 2731 2775 2732
f 2732 2775 2774
f 2732 2774 2733
f 2733 2774 2773
f 2733 2773 2734
f 2734 2773 2772
f 2734 2772 2735
f 2735 2772 2771
f 2735 2771 2736
f 2736 2771 2770
f 2736 2770 2737
f 2737 2770 2769
f 2737 2769 2738
f 2738 2769 2768
f 2738 2768 2205
f 2205 2768 2740
f 2205 2740 2201
f 2201 2740 2739
f 2201 2739 2185
f 2200 2185 2739
f 2748 2781 2782
f 2781 2748 2783
f 2764 2784 2785
f 2786 2784 2787
f 2787 2784 2764
f 2787 2764 2661
f 2759 2757 2788
f 2788 2757 2766
f 2788 2766 2785
f 2785 2766 2765
f 2785 2765 2764
f 2788 2789 2759
f 2759 2789 2790
f 2759 2790 2761
f 2761 2790 2791
f 2791 2792 2761
f 2761 2792 2793
f 2761 2793 2755
f 2755 2793 2794
f 2755 2794 2753
f 2753 2794 2795
f 2750 2751 2796
f 2796 2751 2753
f 2796 2753 2795
f 2750 2796 2748
f 2748 2796 2797
f 2748 2797 2783
f 2798 2744 2782
f 2782 2744 2747
f 2782 2747 2748
f 2798 2799 2744
f 2744 2799 2152
f 2744 2152 2743
f 2154 2200 2151
f 2151 2200 2739
f 2151 2739 2152
f 2152 2739 2741
f 2152 2741 2743
f 2800 2801 2802
f 2784 2786 2800
f 2802 2803 2804
f 2800 2802 2784
f 2784 2802 2804
f 2784 2804 2785
f 2805 2806 2807
f 2806 2805 1922
f 2171 2808 2809
f 2797 2796 2810
f 2811 2810 933
f 933 2810 934
f 2812 2813 2796
f 2812 2796 2814
f 2814 2796 2815
f 2815 2796 2795
f 2813 2816 2796
f 2796 2816 2817
f 2796 2817 2810
f 2810 2817 2818
f 2810 2818 934
f 2793 2819 2794
f 2794 2819 2820
f 2794 2820 2795
f 2795 2820 2821
f 2795 2821 2815
f 2822 2823 2791
f 2791 2823 2824
f 2791 2824 2792
f 2792 2824 2825
f 2792 2825 2793
f 2793 2825 2826
f 2793 2826 2819
f 2785 2804 2788
f 2788 2804 2789
f 2822 2791 2827
f 2827 2791 2790
f 2827 2790 2828
f 2828 2790 2789
f 2828 2789 2829
f 2829 2789 2804
f 2829 2804 2803
f 2783 2830 2781
f 2781 2830 2782
f 2171 2152 2808
f 2808 2152 2799
f 2808 2799 2798
f 2831 2173 2809
f 2809 2173 2172
f 2809 2172 2171
f 2174 2832 2175
f 2175 2832 2833
f 2175 2833 2170
f 2170 2833 2834
f 2170 2834 2169
f 2169 2834 2168
f 2168 2834 2835
f 2168 2835 2145
f 2836 1910 2835
f 2835 1910 2146
f 2835 2146 2145
f 1916 1915 2836
f 2836 1915 1909
f 2836 1909 1910
f 2836 2837 1916
f 1916 2837 1925
f 1916 1925 1917
f 2838 963 2807
f 2807 963 964
f 2807 964 2805
f 960 2838 2839
f 960 961 2838
f 2838 961 962
f 2838 962 963
f 933 955 2811
f 2811 955 954
f 2811 954 2840
f 2840 954 953
f 2840 953 2841
f 2841 953 956
f 2841 956 2842
f 2842 956 957
f 2842 957 2843
f 2843 957 958
f 2843 958 2839
f 2839 958 959
f 2839 959 960
f 2844 2831 2845
f 2845 2831 2809
f 2845 2809 2846
f 2846 2809 2808
f 2846 2808 2830
f 2830 2808 2798
f 2830 2798 2782
f 1922 1921 2806
f 2806 1921 2847
f 2806 2847 2807
f 2807 2847 2848
f 2807 2848 2838
f 2838 2848 2849
f 2838 2849 2839
f 2839 2849 2850
f 2839 2850 2843
f 2843 2850 2851
f 2843 2851 2842
f 2842 2851 2844
f 2842 2844 2841
f 2841 2844 2845
f 2841 2845 2840
f 2840 2845 2846
f 2840 2846 2811
f 2811 2846 2830
f 2811 2830 2810
f 2810 2830 2783
f 2810 2783 2797
f 1921 1925 2847
f 2847 1925 2837
f 2847 2837 2848
f 2848 2837 2836
f 2848 2836 2849
f 2849 2836 2835
f 2849 2835 2850
f 2850 2835 2834
f 2850 2834 2851
f 2851 2834 2833
f 2851 2833 2844
f 2844 2833 2832
f 2844 2832 2831
f 2831 2832 2174
f 2831 2174 2173
f 2817 2852 2818
f 2818 2852 936
f 2818 936 934
f 2813 2853 2816
f 2816 2853 2852
f 2816 2852 2817
f 2853 2813 2854
f 2854 2813 2812
f 2854 2812 2814
f 2854 2814 2855
f 2853 2854 2856
f 2856 2854 2855
f 2856 2855 2857
f 2852 2853 2858
f 2858 2853 2856
f 2858 2856 2859
f 2859 2856 2857
f 2860 938 937
f 936 2852 937
f 937 2852 2858
f 937 2858 2860
f 2861 2862 2863
f 2864 2865 2866
f 927 2867 2868
f 928 2869 924
f 929 930 2870
f 2870 930 931
f 2859 2857 2820
f 2820 2857 2855
f 2814 2815 2855
f 2855 2815 2821
f 2855 2821 2820
f 939 938 2871
f 2871 938 2860
f 2871 2860 2858
f 939 2871 941
f 941 2871 2872
f 941 2872 2873
f 2874 946 2873
f 2873 946 945
f 2873 945 941
f 2869 2875 924
f 924 2875 2876
f 924 2876 925
f 2867 927 2876
f 2876 927 926
f 2876 926 925
f 2868 2877 2878
f 2878 2879 2868
f 2868 2879 2880
f 2868 2880 927
f 2881 2865 2882
f 2882 2865 2864
f 2882 2864 2883
f 2884 2885 2866
f 2866 2885 2886
f 2866 2886 2864
f 2887 2888 2884
f 2884 2888 2889
f 2884 2889 2885
f 2890 2891 2892
f 2892 2891 2893
f 2892 2893 2894
f 2894 2893 2895
f 2894 2895 2896
f 2896 2895 2897
f 2896 2897 2898
f 2898 2897 2899
f 2898 2899 2900
f 2900 2899 2887
f 2900 2887 2901
f 2901 2887 2884
f 2902 2903 2890
f 2890 2903 2904
f 2890 2904 2891
f 2902 2905 2903
f 2903 2905 2829
f 2903 2829 2803
f 2824 2823 2902
f 2824 2902 2825
f 2823 2822 2902
f 2902 2822 2827
f 2902 2827 2905
f 2905 2827 2828
f 2905 2828 2829
f 2858 2859 2871
f 2871 2859 2820
f 2871 2820 2872
f 2872 2820 2819
f 2872 2819 2826
f 2901 2862 2900
f 2900 2862 2861
f 2900 2861 2898
f 2898 2861 2906
f 2898 2906 2896
f 2896 2906 2907
f 2896 2907 2894
f 2894 2907 2908
f 2894 2908 2892
f 2892 2908 2874
f 2892 2874 2890
f 2890 2874 2873
f 2890 2873 2902
f 2902 2873 2872
f 2902 2872 2825
f 2825 2872 2826
f 2881 2877 2865
f 2865 2877 2868
f 2865 2868 2866
f 2866 2868 2867
f 2866 2867 2884
f 2884 2867 2876
f 2884 2876 2901
f 2901 2876 2875
f 2901 2875 2862
f 2862 2875 2869
f 2862 2869 2863
f 2863 2869 928
f 928 929 2863
f 2863 929 2870
f 2863 2870 2861
f 2861 2870 931
f 2861 931 2906
f 2906 931 932
f 2906 932 2907
f 2907 932 943
f 2907 943 2908
f 2908 943 949
f 2908 949 2874
f 2874 949 948
f 2874 948 946
f 2879 2909 2910
f 2910 920 919
f 2879 2910 2880
f 2880 2910 919
f 2880 919 927
f 1922 2910 2909
f 1922 2805 2910
f 2910 2805 964
f 2910 964 920
f 1420 1419 1920
f 1922 2909 1920
f 1920 2909 2911
f 1422 1420 2912
f 2912 1420 1920
f 2912 1920 2913
f 2913 1920 2911
f 2877 2913 2878
f 2878 2913 2911
f 2878 2911 2879
f 2879 2911 2909
f 2913 2877 2912
f 2912 2877 2914
f 2914 2915 2912
f 2912 2915 2916
f 2912 2916 1422
f 2915 2917 2916
f 2916 2917 2918
f 2916 2918 1422
f 1422 2918 1423
f 2919 2917 2920
f 2920 2917 2915
f 2920 2915 2914
f 2919 2920 2921
f 2921 2920 2922
f 2921 2922 904
f 2883 2922 2882
f 2882 2922 2920
f 2882 2920 2881
f 2881 2920 2914
f 2881 2914 2877
f 2923 2924 2883
f 2883 2924 2922
f 864 867 902
f 904 2922 902
f 902 2922 2924
f 902 2924 864
f 864 2924 2923
f 864 2923 865
f 2925 2926 2927
f 2928 2929 2930
f 2931 2923 2883
f 2932 2933 2934
f 2934 2933 2931
f 2931 2933 865
f 2931 865 2923
f 2928 2930 2935
f 2935 2930 2936
f 2935 2936 2937
f 2937 2936 2938
f 2937 2938 2939
f 2925 2927 2940
f 2940 2927 2941
f 2940 2941 2942
f 2943 2944 2945
f 2945 2944 2946
f 2945 2946 2947
f 2947 2946 2948
f 2947 2948 2941
f 2941 2948 2949
f 2941 2949 2942
f 2802 2801 2950
f 2951 2952 2943
f 2943 2952 2953
f 2943 2953 2944
f 2903 2803 2802
f 2950 2951 2802
f 2802 2951 2943
f 2802 2943 2903
f 2903 2943 2945
f 2903 2945 2904
f 2904 2945 2947
f 2904 2947 2891
f 2891 2947 2941
f 2891 2941 2893
f 2893 2941 2927
f 2893 2927 2895
f 2895 2927 2926
f 2895 2926 2897
f 2930 2899 2936
f 2936 2899 2897
f 2936 2897 2938
f 2938 2897 2926
f 2938 2926 2939
f 2939 2926 2925
f 2929 2888 2930
f 2930 2888 2887
f 2930 2887 2899
f 2886 2885 2929
f 2929 2885 2889
f 2929 2889 2888
f 2883 2864 2931
f 2931 2864 2886
f 2931 2886 2934
f 2934 2886 2929
f 2934 2929 2932
f 2932 2929 2928
f 2954 2951 2950
f 2950 2801 2955
f 2955 2956 2950
f 2950 2956 2957
f 2950 2957 2954
f 2958 2944 2959
f 2959 2944 2953
f 2959 2953 2954
f 2954 2953 2952
f 2954 2952 2951
f 2960 2948 2958
f 2958 2948 2946
f 2958 2946 2944
f 2940 2942 2960
f 2960 2942 2949
f 2960 2949 2948
f 2960 2961 2940
f 2940 2961 2962
f 2940 2962 2925
f 2925 2962 2963
f 2925 2963 2939
f 2939 2963 2964
f 2939 2964 2937
f 2965 2966 2935
f 2935 2966 2928
f 2967 2933 2966
f 2966 2933 2932
f 2966 2932 2928
f 2968 872 866
f 865 2933 866
f 866 2933 2967
f 866 2967 2968
f 2968 2967 2966
f 2968 2966 2969
f 2969 2966 2970
f 2970 2966 2965
f 2970 2965 2971
f 2935 2937 2965
f 2965 2937 2964
f 2965 2964 2971
f 2971 2964 2963
f 2971 2963 2972
f 2972 2963 2962
f 2972 2962 2973
f 2973 2962 2961
f 2973 2961 2974
f 2974 2961 2960
f 2974 2960 2975
f 2975 2960 2958
f 2975 2958 2976
f 2976 2958 2959
f 2976 2959 2977
f 2977 2959 2978
f 2978 2959 2954
f 2978 2954 2979
f 2980 2981 2957
f 2957 2982 2980
f 2980 2982 2983
f 2980 2983 2984
f 2981 2985 2957
f 2957 2985 2986
f 2957 2986 2954
f 2954 2986 2987
f 2954 2987 2979
f 2984 2983 2988
f 2988 2983 2989
f 2988 2989 2990
f 2983 2982 2989
f 2989 2982 2957
f 2989 2957 2786
f 2786 2957 2956
f 2786 2956 2800
f 2800 2956 2955
f 2800 2955 2801
f 2991 2992 2993
f 2994 2995 2996
f 2996 2995 2997
f 2996 2997 2998
f 2992 2991 2995
f 2995 2991 2999
f 2995 2999 2997
f 3000 3001 3002
f 3002 3001 3003
f 3002 3003 2993
f 2993 3003 3004
f 2993 3004 2991
f 3005 3006 3000
f 3007 3008 3009
f 3009 3008 3010
f 3007 3009 3011
f 3011 3009 3012
f 3011 3012 3013
f 3014 3015 3016
f 3014 3016 3012
f 3012 3016 3017
f 3012 3017 3013
f 3015 3014 3018
f 3018 3014 3019
f 3018 3019 3020
f 3020 3019 2988
f 3020 2988 2990
f 2984 2988 3021
f 3021 2988 3019
f 3021 3019 3022
f 3022 3019 3014
f 3022 3014 3023
f 3023 3014 3024
f 3024 3014 3025
f 3025 3014 3012
f 3025 3012 3026
f 3009 3027 3028
f 3009 3028 3012
f 3012 3028 3029
f 3012 3029 3026
f 3030 3027 3031
f 3031 3027 3009
f 3031 3009 3032
f 3032 3009 3010
f 3032 3010 3033
f 3033 3010 3034
f 3008 3006 3010
f 3010 3006 3005
f 3010 3005 3034
f 3034 3005 3035
f 3000 3002 3005
f 3005 3002 3036
f 3005 3036 3035
f 2994 3037 2995
f 2995 3037 3038
f 2995 3038 2992
f 2992 3038 3039
f 2992 3039 2993
f 2993 3039 3040
f 2993 3040 3002
f 3002 3040 3041
f 3002 3041 3036
f 3024 3025 3042
f 873 876 3043
f 3044 874 873
f 873 3043 3044
f 3044 3043 3045
f 3044 3045 3046
f 3046 3045 3047
f 3046 3047 3048
f 3049 3050 3051
f 3051 3050 3048
f 3051 3048 3052
f 3052 3048 3047
f 3049 3051 3053
f 3053 3051 3054
f 3053 3054 3055
f 3055 3054 3056
f 3055 3056 3057
f 3057 3056 3058
f 3057 3058 3059
f 3059 3058 3060
f 3059 3060 3061
f 3061 3060 3062
f 3061 3062 3063
f 3063 3062 3064
f 3063 3064 3065
f 3065 3064 3066
f 3065 3066 3067
f 3068 3069 3066
f 3066 3069 3070
f 3066 3070 3067
f 3027 3030 3071
f 3027 3071 3028
f 3028 3071 3072
f 3028 3072 3073
f 3073 3068 3028
f 3028 3068 3066
f 3028 3066 3029
f 3029 3066 3026
f 3024 3042 3023
f 3074 2979 2987
f 3074 2987 3022
f 3022 2987 2986
f 3022 2986 2985
f 2985 2981 3022
f 3022 2981 2980
f 3022 2980 3021
f 3021 2980 2984
f 3075 2977 3074
f 3074 2977 2978
f 3074 2978 2979
f 3075 3076 2977
f 2977 3076 3077
f 2977 3077 2976
f 2976 3077 3078
f 2976 3078 2975
f 2975 3078 3079
f 2975 3079 2974
f 2974 3079 3080
f 2974 3080 2973
f 2973 3080 3081
f 2973 3081 2972
f 2972 3081 3082
f 2972 3082 2971
f 2971 3082 3083
f 2971 3083 2970
f 2970 3083 3084
f 2970 3084 2969
f 2969 3084 3085
f 2969 3085 2968
f 2968 3085 880
f 2968 880 872
f 876 878 3043
f 3043 878 3086
f 3043 3086 3045
f 3045 3086 3087
f 3045 3087 3047
f 3047 3087 3088
f 3047 3088 3052
f 3052 3088 3089
f 3052 3089 3051
f 3051 3089 3090
f 3051 3090 3054
f 3054 3090 3091
f 3054 3091 3056
f 3056 3091 3092
f 3056 3092 3058
f 3058 3092 3093
f 3058 3093 3060
f 3060 3093 3094
f 3060 3094 3062
f 3062 3094 3095
f 3062 3095 3064
f 3064 3095 3096
f 3064 3096 3066
f 3066 3096 3042
f 3066 3042 3026
f 3026 3042 3025
f 878 880 3086
f 3086 880 3085
f 3086 3085 3087
f 3087 3085 3084
f 3087 3084 3088
f 3088 3084 3083
f 3088 3083 3089
f 3089 3083 3082
f 3089 3082 3090
f 3090 3082 3081
f 3090 3081 3091
f 3091 3081 3080
f 3091 3080 3092
f 3092 3080 3079
f 3092 3079 3093
f 3093 3079 3078
f 3093 3078 3094
f 3094 3078 3077
f 3094 3077 3095
f 3095 3077 3076
f 3095 3076 3096
f 3096 3076 3075
f 3096 3075 3042
f 3042 3075 3074
f 3042 3074 3023
f 3023 3074 3022
f 3041 3040 3097
f 3039 3038 3098
f 3099 3100 3098
f 3101 3102 3103
f 3030 3031 3071
f 3071 3031 3032
f 3071 3032 3033
f 3068 3036 3069
f 3069 3036 3104
f 3069 3104 3070
f 3068 3073 3036
f 3036 3073 3072
f 3036 3072 3035
f 3035 3072 3071
f 3035 3071 3034
f 3034 3071 3033
f 3070 3104 3067
f 3067 3104 3105
f 3067 3105 3065
f 3065 3105 3106
f 3065 3106 3063
f 3063 3106 3107
f 3063 3107 3061
f 3061 3107 3108
f 3061 3108 3059
f 3059 3108 3109
f 3059 3109 3057
f 3057 3109 3055
f 3055 3109 3110
f 3055 3110 3053
f 3053 3110 3049
f 3049 3110 3111
f 3049 3111 3050
f 3050 3111 3112
f 3050 3112 3048
f 3113 3114 3115
f 3112 3116 3048
f 3048 3116 3117
f 3048 3117 3046
f 3046 3117 3113
f 3046 3113 3044
f 3044 3113 3115
f 3044 3115 874
f 3118 3119 3120
f 3120 3121 3118
f 3118 3121 3122
f 3118 3122 3123
f 3123 3122 3124
f 3123 3124 3125
f 3125 3124 3126
f 3125 3126 3127
f 3127 3126 3128
f 3127 3128 3129
f 3129 3128 3130
f 3129 3130 3131
f 3131 3130 3132
f 3132 3130 3133
f 3132 3133 3134
f 3102 3101 3135
f 3101 3136 3135
f 3135 3136 3137
f 3135 3137 3133
f 3133 3137 3138
f 3133 3138 3134
f 3098 3100 3139
f 3139 3100 3140
f 3139 3140 3103
f 3103 3140 3141
f 3103 3141 3101
f 3142 3038 3143
f 3143 3038 3037
f 3143 3037 2994
f 3142 3144 3038
f 3038 3144 3145
f 3038 3145 3098
f 3098 3145 3146
f 3098 3146 3099
f 3147 3114 3148
f 3148 3114 3113
f 3148 3113 3149
f 3149 3113 3117
f 3149 3117 3150
f 3150 3117 3116
f 3150 3116 3151
f 3151 3116 3112
f 3151 3112 3152
f 3152 3112 3111
f 3152 3111 3153
f 3153 3111 3110
f 3153 3110 3154
f 3154 3110 3109
f 3154 3109 3155
f 3155 3109 3108
f 3155 3108 3156
f 3156 3108 3107
f 3156 3107 3157
f 3157 3107 3106
f 3157 3106 3158
f 3158 3106 3105
f 3158 3105 3097
f 3097 3105 3104
f 3097 3104 3041
f 3041 3104 3036
f 3120 3147 3121
f 3121 3147 3148
f 3121 3148 3122
f 3122 3148 3149
f 3122 3149 3124
f 3124 3149 3150
f 3124 3150 3126
f 3126 3150 3151
f 3126 3151 3128
f 3128 3151 3152
f 3128 3152 3130
f 3130 3152 3153
f 3130 3153 3133
f 3133 3153 3154
f 3133 3154 3135
f 3135 3154 3155
f 3135 3155 3102
f 3102 3155 3156
f 3102 3156 3103
f 3103 3156 3157
f 3103 3157 3139
f 3139 3157 3158
f 3139 3158 3098
f 3098 3158 3097
f 3098 3097 3039
f 3039 3097 3040
f 3119 3159 3160
f 3119 3160 3120
f 3120 3160 3161
f 3120 3161 3147
f 3147 3161 3162
f 3147 3162 3114
f 3114 3162 3115
f 3115 3162 875
f 3115 875 874
f 884 875 3163
f 3163 875 3162
f 3163 3162 3164
f 3164 3162 3161
f 3164 3161 3165
f 3165 3161 3166
f 3166 3161 3160
f 3166 3160 3167
f 3167 3160 3159
f 3167 3159 3168
f 3119 3169 3170
f 3119 3170 3159
f 3159 3170 3171
f 3159 3171 3168
f 3172 3171 3173
f 3173 3171 3170
f 3173 3170 3174
f 3174 3170 3169
f 3173 3175 3172
f 3172 3175 3176
f 3177 3178 3179
f 3180 3176 3179
f 3179 3176 3175
f 3179 3175 3177
f 3177 3175 3173
f 3177 3173 3174
f 3181 3182 3183
f 3183 3182 3184
f 3171 3172 3176
f 3180 3184 3176
f 3176 3184 3182
f 3176 3182 3171
f 3171 3182 3181
f 3171 3181 3168
f 900 899 3185
f 3185 899 3186
f 3187 3188 3186
f 3186 3188 3189
f 3186 3189 3185
f 3190 3191 3192
f 3192 3191 3193
f 3181 3183 3190
f 3190 3192 3181
f 3181 3192 3167
f 3181 3167 3168
f 3163 3164 3193
f 3193 3164 3165
f 3193 3165 3192
f 3192 3165 3166
f 3192 3166 3167
f 3191 3187 3193
f 3193 3187 3186
f 3193 3186 3163
f 3163 3186 899
f 3163 899 884
f 3194 3195 3196
f 3197 3194 3198
f 3198 3194 3196
f 3198 3196 900
f 3199 3200 3198
f 3198 3200 3201
f 3198 3201 3197
f 3202 3203 3199
f 3199 3203 3204
f 3199 3204 3200
f 3199 3205 3202
f 3202 3205 3206
f 3202 3206 3207
f 3183 3206 3190
f 3190 3206 3205
f 3190 3205 3191
f 3191 3205 3199
f 3191 3199 3187
f 900 3185 3198
f 3198 3185 3189
f 3198 3189 3199
f 3199 3189 3188
f 3199 3188 3187
f 3208 3209 3210
f 3211 3212 3213
f 3213 3212 3214
f 3213 3214 3215
f 3208 3210 3216
f 3217 3218 3219
f 3219 3218 3216
f 3196 3195 3217
f 3219 897 898
f 3217 3219 3196
f 3196 3219 898
f 3196 898 900
f 3216 3210 3219
f 3219 3210 895
f 3219 895 897
f 891 892 3210
f 3210 892 894
f 3210 894 895
f 3209 3211 3210
f 3210 3211 3213
f 3210 3213 891
f 891 3213 3215
f 891 3215 890
f 3214 3220 3221
f 3221 3220 3222
f 3221 3222 3223
f 3214 3221 3215
f 3215 3221 903
f 3215 903 890
f 904 903 2921
f 2921 903 3221
f 2921 3221 2919
f 2919 3221 3223
f 2919 3223 2917
f 2918 2917 3224
f 3224 2917 3223
f 3224 3223 3225
f 3225 3223 3222
f 1423 2918 1424
f 1424 2918 3224
f 1424 3224 1425
f 1425 3224 3225
f 3220 3214 3226
f 3220 3226 3222
f 3222 3226 3225
f 3225 3226 3227
f 3225 3227 1425
f 3228 1753 3229
f 3229 1753 1752
f 3229 1752 3230
f 3230 1752 1761
f 3230 1761 3231
f 3231 1761 1760
f 3231 1760 3232
f 3232 1760 1758
f 3232 1758 3233
f 3233 1758 1764
f 3233 1764 3234
f 3234 1764 3235
f 3235 1764 1763
f 3235 1763 3236
f 3236 1763 1762
f 3236 1762 3237
f 1762 1765 3237
f 3237 1765 1767
f 3237 1767 3227
f 3227 1767 1421
f 3227 1421 1425
f 3232 3233 3238
f 3239 3237 3240
f 3240 3237 3227
f 3240 3227 3226
f 3234 3235 3239
f 3239 3235 3236
f 3239 3236 3237
f 3229 3230 3241
f 3241 3230 3231
f 3241 3231 3232
f 3241 3218 3217
f 3228 3229 3242
f 3242 3229 3241
f 3242 3241 3243
f 3243 3241 3217
f 3243 3217 3195
f 3232 3238 3241
f 3241 3238 3216
f 3241 3216 3218
f 3211 3209 3238
f 3238 3209 3208
f 3238 3208 3216
f 3233 3234 3238
f 3238 3234 3239
f 3238 3239 3211
f 3211 3239 3240
f 3211 3240 3212
f 3212 3240 3226
f 3212 3226 3214
f 3195 3194 3243
f 3243 3194 3242
f 3228 3242 3244
f 3244 3242 3245
f 3244 3245 3246
f 3247 3248 3245
f 3245 3248 3249
f 3245 3249 3246
f 3250 3251 3247
f 3247 3251 3252
f 3247 3252 3248
f 3253 3254 3250
f 3250 3254 3255
f 3250 3255 3251
f 3256 3202 3257
f 3257 3202 3207
f 3203 3202 3250
f 3250 3202 3256
f 3250 3256 3253
f 3253 3256 3257
f 3253 3257 3258
f 3203 3250 3204
f 3204 3250 3247
f 3204 3247 3200
f 3242 3194 3245
f 3245 3194 3197
f 3245 3197 3247
f 3247 3197 3201
f 3247 3201 3200
f 3252 3251 1746
f 1656 1661 3258
f 3258 1661 1742
f 3258 1742 3253
f 3253 1742 1745
f 3253 1745 3254
f 3254 1745 1744
f 3254 1744 3255
f 3255 1744 1743
f 3255 1743 3251
f 3251 1743 1747
f 3251 1747 1746
f 3252 1746 3248
f 3248 1746 1751
f 3248 1751 3249
f 1751 1750 3249
f 3249 1750 1756
f 3249 1756 3246
f 3246 1756 3244
f 1756 1755 3244
f 3244 1755 1753
f 3244 1753 3228
f 3259 1652 1651
f 3207 3259 3257
f 3257 3259 1651
f 3257 1651 3258
f 3258 1651 1656
f 3260 1650 1653
f 3261 1653 1652
f 3184 3180 3262
f 1652 3259 3261
f 3261 3259 3207
f 3261 3207 3206
f 3260 1653 3262
f 3262 1653 3261
f 3262 3261 3184
f 3184 3261 3206
f 3184 3206 3183
f 3263 3264 1649
f 3180 3179 3262
f 3262 3179 3263
f 3262 3263 3260
f 3260 3263 1649
f 3260 1649 1650
f 3265 3264 3266
f 3266 3264 3263
f 3266 3263 3267
f 3267 3263 3179
f 3267 3179 3178
f 1647 1649 3264
f 3265 3268 3264
f 3264 3268 3269
f 3264 3269 1647
f 1647 3269 1645
f 3270 3271 3272
f 3272 3271 3273
f 3272 3273 3265
f 3265 3273 3268
f 3274 3275 3276
f 3276 3275 3277
f 3276 3277 3278
f 3278 3277 3279
f 3280 3281 3282
f 3282 3281 3283
f 3282 3283 3284
f 3284 3283 3285
f 3279 3286 3278
f 3278 3286 3287
f 3278 3287 3288
f 3288 3287 3289
f 3288 3289 3290
f 3290 3289 3291
f 3290 3291 3285
f 3285 3291 3292
f 3285 3292 3284
f 3286 3279 3293
f 3293 3279 3277
f 3293 3277 3294
f 3294 3277 3275
f 3294 3275 3295
f 3286 3293 3287
f 3287 3293 3296
f 3287 3296 3289
f 3289 3296 3291
f 3291 3296 3297
f 3291 3297 3292
f 3292 3297 3284
f 3284 3297 3298
f 3284 3298 3282
f 3298 3299 3282
f 3282 3299 3300
f 3282 3300 3280
f 3301 3300 3302
f 3302 3300 3299
f 3302 3299 3303
f 3303 3299 3298
f 3303 3298 3304
f 3304 3298 3297
f 3304 3297 3305
f 3305 3297 3296
f 3305 3296 3306
f 3306 3296 3293
f 3306 3293 3307
f 3307 3293 3308
f 3308 3293 3294
f 3308 3294 3309
f 3309 3294 3295
f 3309 3295 3310
f 3295 3275 3311
f 3312 3310 3295
f 3295 3311 3312
f 3312 3311 3271
f 3312 3271 3270
f 3311 3313 3271
f 3313 3311 3314
f 3314 3311 3275
f 3314 3275 3274
f 1657 1645 3269
f 3315 1658 1660
f 3315 1660 3269
f 3269 1660 1662
f 3269 1662 1657
f 3271 3313 3273
f 3273 3313 3315
f 3273 3315 3268
f 3268 3315 3269
f 3316 3317 3318
f 3318 3317 3319
f 3320 3321 3317
f 3317 3321 3322
f 3321 3323 3322
f 3322 3323 3315
f 3322 3315 3313
f 3320 1673 3321
f 3321 1673 1676
f 3321 1676 3323
f 3323 1676 1677
f 3323 1677 3315
f 3315 1677 1658
f 3316 3324 3317
f 3317 3324 860
f 3317 860 3320
f 3320 860 859
f 3320 859 1673
f 1673 859 862
f 860 3324 3325
f 3324 3316 3325
f 3325 3316 3326
f 3325 3326 3327
f 852 853 863
f 845 843 847
f 3328 844 845
f 3329 836 844
f 844 3328 3329
f 3329 3328 3330
f 3329 3330 3331
f 3331 3330 3332
f 3331 3332 3325
f 858 3333 3334
f 3334 3333 3335
f 3334 3335 3336
f 3336 3335 3337
f 3336 3337 3338
f 860 3325 858
f 858 3325 3332
f 858 3332 3333
f 3333 3332 3330
f 3333 3330 3335
f 3335 3330 3328
f 3335 3328 3337
f 3337 3328 845
f 3337 845 3338
f 3338 845 847
f 3338 847 3336
f 3336 847 852
f 3336 852 3334
f 3334 852 863
f 3334 863 858
f 3339 3340 3341
f 3342 3343 3340
f 3340 3343 3344
f 3340 3344 3341
f 3341 3344 3345
f 3341 3345 3346
f 3347 3348 3349
f 3349 3348 3350
f 3349 3350 3351
f 3352 3353 3354
f 3327 3355 3325
f 3325 3355 3356
f 3325 3356 3357
f 3331 3358 3329
f 3329 3358 837
f 3329 837 836
f 838 837 3359
f 3359 837 3358
f 3359 3358 3357
f 3357 3358 3331
f 3357 3331 3325
f 3345 839 3346
f 3346 839 835
f 3346 835 834
f 3360 3361 3362
f 3362 3361 3352
f 3362 3352 3363
f 3363 3352 3354
f 3363 3364 3362
f 3362 3364 3365
f 3362 3365 3360
f 3360 3365 3366
f 3360 3366 3351
f 3351 3366 3367
f 3351 3367 3349
f 3355 3368 3356
f 3356 3368 3353
f 3356 3353 3357
f 3357 3353 3352
f 3357 3352 3359
f 3359 3352 3361
f 3359 3361 838
f 838 3361 3360
f 838 3360 833
f 833 3360 3351
f 833 3351 834
f 834 3351 3350
f 834 3350 3346
f 3346 3350 3348
f 3346 3348 3341
f 3341 3348 3347
f 3341 3347 3339
f 3369 3370 3371
f 3369 3371 3372
f 3372 3371 3373
f 3372 3373 3374
f 3374 3373 3375
f 3375 3373 3376
f 3375 3376 3377
f 3342 3376 3343
f 3343 3376 3373
f 3343 3373 3344
f 3344 3373 3371
f 3344 3371 3345
f 3345 3371 3370
f 3345 3370 839
f 3378 3379 3380
f 3380 3379 3381
f 3380 3381 3382
f 830 839 3370
f 3380 831 3378
f 3378 831 830
f 3378 830 3369
f 3369 830 3370
f 840 831 3380
f 3383 3384 3385
f 3380 3382 3386
f 3386 3387 3380
f 3380 3387 3388
f 3380 3388 3383
f 3383 3385 3380
f 3380 3385 841
f 3380 841 840
f 3389 3390 3391
f 3390 3389 3392
f 3392 3389 3393
f 3392 3393 3394
f 3394 3393 3395
f 3394 3395 3396
f 3396 3395 3397
f 3396 3397 3398
f 3398 3397 3399
f 3398 3399 3400
f 3400 3399 3401
f 3401 3399 3402
f 3401 3402 3403
f 3404 3385 3384
f 857 841 3385
f 3385 3404 857
f 857 3404 3405
f 857 3405 856
f 856 3405 3406
f 856 3406 854
f 854 3406 3407
f 854 3407 855
f 3408 3409 3410
f 3410 3409 3411
f 3410 3411 3412
f 3412 3411 3413
f 3412 3413 3414
f 3414 3413 3415
f 3414 3415 3416
f 3416 3415 3417
f 3416 3417 3418
f 3418 3417 3419
f 3409 3402 3411
f 3411 3402 3399
f 3411 3399 3413
f 3413 3399 3397
f 3413 3397 3415
f 3415 3397 3395
f 3415 3395 3417
f 3417 3395 3393
f 3417 3393 3419
f 3419 3393 3389
f 3382 3408 3386
f 3386 3408 3410
f 3386 3410 3387
f 3387 3410 3412
f 3387 3412 3388
f 3388 3412 3414
f 3388 3414 3383
f 3383 3414 3416
f 3383 3416 3384
f 3384 3416 3418
f 3384 3418 3404
f 3404 3418 3419
f 3404 3419 3405
f 3405 3419 3389
f 3405 3389 3406
f 3406 3389 3391
f 3406 3391 3407
f 3391 3390 3420
f 3420 3390 3392
f 3420 3392 3394
f 3391 3420 3421
f 3407 3422 855
f 855 3422 849
f 849 3422 861
f 861 3422 1674
f 861 1674 862
f 3407 3391 3422
f 3422 3391 3421
f 3422 3421 1674
f 1674 3421 1675
f 3423 3424 3425
f 3426 3427 3428
f 3429 3430 3431
f 3431 3432 3429
f 3429 3432 3433
f 3429 3433 3434
f 3434 3433 3435
f 3434 3435 3436
f 3436 3435 3437
f 3436 3437 3438
f 3438 3437 3439
f 3439 3437 3440
f 3439 3440 3441
f 3441 3440 3442
f 3442 3440 3443
f 3442 3443 3444
f 3444 3443 3445
f 3445 3443 3446
f 3445 3446 3447
f 3424 3423 3448
f 3423 3449 3448
f 3448 3449 3450
f 3448 3450 3446
f 3446 3450 3451
f 3446 3451 3447
f 3452 3453 3454
f 3454 3453 3455
f 3452 3456 3453
f 3453 3456 3457
f 3453 3457 3458
f 3458 3457 3459
f 3458 3459 3460
f 3459 3461 3460
f 3460 3461 3462
f 3460 3462 3463
f 3463 3462 3464
f 3463 3464 3465
f 3428 3466 3426
f 3426 3466 3465
f 3426 3465 3467
f 3467 3465 3464
f 3454 3468 3452
f 3452 3468 3469
f 3452 3469 3456
f 3456 3469 3470
f 3456 3470 3457
f 3457 3470 3471
f 3457 3471 3459
f 3459 3471 3472
f 3459 3472 3461
f 3461 3472 3473
f 3461 3473 3462
f 3462 3473 3474
f 3462 3474 3464
f 3464 3474 3475
f 3464 3475 3467
f 3467 3475 3476
f 3467 3476 3426
f 3426 3476 3477
f 3426 3477 3427
f 3427 3477 3478
f 3468 3425 3469
f 3469 3425 3424
f 3469 3424 3470
f 3470 3424 3448
f 3470 3448 3471
f 3471 3448 3446
f 3471 3446 3472
f 3472 3446 3443
f 3472 3443 3473
f 3473 3443 3440
f 3473 3440 3474
f 3474 3440 3437
f 3474 3437 3475
f 3475 3437 3435
f 3475 3435 3476
f 3476 3435 3433
f 3476 3433 3477
f 3477 3433 3432
f 3477 3432 3478
f 3478 3432 3431
f 3479 3480 3481
f 3482 3483 3484
f 3481 3485 3482
f 3482 3484 3481
f 3481 3484 3486
f 3481 3486 3479
f 3480 3487 3481
f 3481 3487 3455
f 3481 3455 3453
f 3466 3428 3481
f 3481 3428 3488
f 3481 3488 3485
f 3465 3466 3463
f 3463 3466 3481
f 3463 3481 3460
f 3460 3481 3453
f 3460 3453 3458
f 3489 3490 3491
f 3492 3493 3494
f 3494 3493 3489
f 3494 3489 3495
f 3495 3489 3491
f 3495 3491 3496
f 3454 3455 3487
f 3480 3493 3487
f 3487 3493 3492
f 3487 3492 3454
f 3454 3492 3494
f 3454 3494 3468
f 3468 3494 3495
f 3468 3495 3425
f 3425 3495 3496
f 3425 3496 3423
f 1777 1780 3497
f 1698 1700 3498
f 3429 3434 3499
f 3447 3451 3500
f 3496 3491 3501
f 1940 1939 3497
f 3451 3450 3500
f 3500 3450 3449
f 3500 3449 3423
f 1940 3497 3502
f 3502 3497 3503
f 3502 3503 3504
f 3504 3503 3500
f 3504 3500 3501
f 3501 3500 3423
f 3501 3423 3496
f 3445 1725 3444
f 3444 1725 1734
f 3444 1734 3442
f 3442 1734 3441
f 1734 1735 3441
f 3441 1735 3439
f 3439 1735 1736
f 3439 1736 3438
f 3438 1736 1737
f 3438 1737 3436
f 3429 3499 3430
f 3505 3506 3430
f 3430 3499 3505
f 3505 3499 3507
f 3505 3507 3508
f 3508 3507 3498
f 3508 3498 3509
f 3509 3498 3421
f 3509 3421 3420
f 3498 1700 3421
f 3421 1700 1683
f 3421 1683 1682
f 1682 1679 3421
f 3421 1679 1678
f 3421 1678 1675
f 1698 3498 1696
f 1696 3498 3507
f 1696 3507 1694
f 1694 3507 1721
f 1721 3507 3499
f 1721 3499 1737
f 1737 3499 3434
f 1737 3434 3436
f 3445 3447 1725
f 1725 3447 3500
f 1725 3500 1726
f 1726 3500 3503
f 1726 3503 1731
f 1731 3503 1783
f 3497 1780 3503
f 3503 1780 1779
f 3503 1779 1783
f 1939 1811 1812
f 1777 3497 1775
f 1775 3497 1939
f 1775 1939 1809
f 1809 1939 1812
f 1809 1812 1810
f 3488 3510 3485
f 3485 3510 3511
f 3510 3512 3511
f 3511 3512 3513
f 3511 3513 3514
f 3431 3430 3506
f 3515 3514 3506
f 3506 3514 3513
f 3506 3513 3431
f 3431 3513 3512
f 3431 3512 3478
f 3478 3512 3510
f 3478 3510 3427
f 3427 3510 3488
f 3427 3488 3428
f 3516 3517 3518
f 3518 3519 3516
f 3516 3519 3520
f 3516 3520 3521
f 3521 3520 3522
f 3521 3522 3523
f 3524 3525 3523
f 3523 3525 3526
f 3523 3526 3521
f 3514 3527 3528
f 3524 3529 3525
f 3525 3529 3530
f 3525 3530 3526
f 3526 3530 3531
f 3526 3531 3521
f 3521 3531 3532
f 3521 3532 3516
f 3516 3532 3533
f 3516 3533 3517
f 3517 3533 3527
f 3517 3527 3534
f 3534 3527 3514
f 3534 3514 3515
f 3482 3485 3535
f 3535 3485 3511
f 3493 3480 3479
f 3493 3536 3489
f 3489 3536 3537
f 3489 3537 3490
f 3528 3527 3538
f 3538 3527 3533
f 3538 3533 3539
f 3539 3533 3532
f 3539 3532 3540
f 3540 3532 3531
f 3540 3531 3541
f 3541 3531 3530
f 3541 3530 3542
f 3542 3530 3529
f 3542 3529 3543
f 3543 3544 3542
f 3542 3544 3545
f 3542 3545 3541
f 3541 3545 3546
f 3541 3546 3540
f 3540 3546 3547
f 3540 3547 3539
f 3539 3547 3548
f 3539 3548 3538
f 3538 3548 3549
f 3538 3549 3528
f 3524 3537 3529
f 3529 3537 3536
f 3529 3536 3543
f 3543 3536 3493
f 3543 3493 3544
f 3544 3493 3479
f 3544 3479 3545
f 3545 3479 3486
f 3545 3486 3546
f 3546 3486 3484
f 3546 3484 3547
f 3547 3484 3483
f 3547 3483 3548
f 3548 3483 3482
f 3548 3482 3549
f 3549 3482 3535
f 3549 3535 3528
f 3528 3535 3511
f 3528 3511 3514
f 3509 3550 3551
f 3398 3400 3552
f 801 799 3553
f 3520 3519 3553
f 3553 3519 3518
f 3518 3517 3553
f 3553 3517 3534
f 3553 3534 3515
f 3554 3522 3520
f 3553 799 3520
f 3520 799 798
f 3520 798 3554
f 3522 3554 3523
f 3523 3554 3555
f 3523 3555 3556
f 3490 3537 3556
f 3556 3537 3524
f 3556 3524 3523
f 3501 3491 3490
f 3557 1949 1941
f 3490 3556 3501
f 3501 3556 3558
f 3501 3558 3504
f 3504 3558 3557
f 3504 3557 3502
f 3502 3557 1941
f 3502 1941 1940
f 3559 1947 1951
f 3560 3561 3558
f 3558 3561 3559
f 3558 3559 3557
f 3557 3559 1951
f 3557 1951 1949
f 3555 3562 3556
f 3556 3562 3563
f 3556 3563 3558
f 3558 3563 3564
f 3558 3564 3560
f 801 3553 768
f 768 3553 3551
f 768 3551 765
f 765 3551 763
f 763 3551 3550
f 763 3550 3552
f 3398 3552 3396
f 3396 3552 3550
f 3396 3550 3394
f 3394 3550 3509
f 3394 3509 3420
f 3515 3506 3553
f 3553 3506 3505
f 3553 3505 3551
f 3551 3505 3508
f 3551 3508 3509
f 3564 3565 3566
f 3567 712 3568
f 3568 712 3569
f 3568 3569 3570
f 3570 3569 3571
f 3570 3571 3572
f 3572 3571 3561
f 3572 3561 3566
f 3566 3561 3560
f 3566 3560 3564
f 3573 3574 3575
f 3573 3575 3576
f 3576 3575 3577
f 3576 3577 3578
f 3578 3577 3579
f 3578 3579 3567
f 3567 3579 713
f 3567 713 712
f 3573 3580 3581
f 3581 3580 3582
f 3581 3582 3583
f 3584 709 3585
f 3585 709 708
f 3584 3586 709
f 709 3586 3587
f 709 3587 710
f 710 3587 3588
f 710 3588 711
f 711 3588 3589
f 711 3589 704
f 3589 3590 704
f 704 3590 3591
f 704 3591 705
f 705 3591 3592
f 705 3592 706
f 3592 3593 706
f 706 3593 3594
f 706 3594 700
f 3585 3595 3584
f 3584 3595 3596
f 3584 3596 3586
f 3586 3596 3597
f 3586 3597 3587
f 3587 3597 3598
f 3587 3598 3588
f 3588 3598 3599
f 3588 3599 3589
f 3589 3599 3600
f 3589 3600 3590
f 3590 3600 3601
f 3590 3601 3591
f 3591 3601 3602
f 3591 3602 3592
f 3592 3602 3603
f 3592 3603 3593
f 3593 3603 3604
f 3593 3604 3594
f 3594 3604 3605
f 3595 3582 3596
f 3596 3582 3580
f 3596 3580 3597
f 3597 3580 3573
f 3597 3573 3598
f 3598 3573 3576
f 3598 3576 3599
f 3599 3576 3578
f 3599 3578 3600
f 3600 3578 3567
f 3600 3567 3601
f 3601 3567 3568
f 3601 3568 3602
f 3602 3568 3570
f 3602 3570 3603
f 3603 3570 3572
f 3603 3572 3604
f 3604 3572 3566
f 3604 3566 3605
f 3605 3566 3565
f 713 3579 715
f 715 3579 3606
f 3606 3579 3607
f 3607 3579 3577
f 3607 3577 3608
f 3608 3577 3575
f 3608 3575 3609
f 3575 3574 3609
f 3609 3574 3573
f 3609 3573 3610
f 3610 3573 3581
f 3610 3581 3611
f 3611 3581 3583
f 3611 3583 3612
f 3612 3583 3613
f 3612 3613 3614
f 3614 3613 3615
f 3582 3616 3583
f 3583 3616 3613
f 3613 3616 3615
f 3615 3616 3617
f 3615 3617 3618
f 3618 3617 3619
f 3618 3619 3620
f 3620 3619 3621
f 3620 3621 3622
f 3622 3621 3623
f 3622 3623 3624
f 3623 3625 3624
f 3624 3625 3626
f 3624 3626 3627
f 3627 3626 3628
f 3627 3628 3555
f 3555 3628 3629
f 3555 3629 3562
f 3562 3629 3630
f 3562 3630 3563
f 3563 3630 3565
f 3563 3565 3564
f 701 700 3594
f 3594 3631 701
f 701 3631 3632
f 701 3632 702
f 3632 3633 702
f 702 3633 3634
f 702 3634 703
f 703 3634 3635
f 703 3635 695
f 3635 3636 695
f 695 3636 3637
f 695 3637 696
f 3637 3638 696
f 696 3638 3639
f 696 3639 698
f 698 3639 3640
f 698 3640 699
f 699 3640 707
f 707 3640 3585
f 707 3585 708
f 3594 3605 3631
f 3631 3605 3641
f 3631 3641 3632
f 3632 3641 3642
f 3632 3642 3633
f 3633 3642 3643
f 3633 3643 3634
f 3634 3643 3644
f 3634 3644 3635
f 3635 3644 3645
f 3635 3645 3636
f 3636 3645 3646
f 3636 3646 3637
f 3637 3646 3647
f 3637 3647 3638
f 3638 3647 3648
f 3638 3648 3639
f 3639 3648 3649
f 3639 3649 3640
f 3640 3649 3650
f 3640 3650 3585
f 3585 3650 3595
f 3605 3565 3641
f 3641 3565 3630
f 3641 3630 3642
f 3642 3630 3629
f 3642 3629 3643
f 3643 3629 3628
f 3643 3628 3644
f 3644 3628 3626
f 3644 3626 3645
f 3645 3626 3625
f 3645 3625 3646
f 3646 3625 3623
f 3646 3623 3647
f 3647 3623 3621
f 3647 3621 3648
f 3648 3621 3619
f 3648 3619 3649
f 3649 3619 3617
f 3649 3617 3650
f 3650 3617 3616
f 3650 3616 3595
f 3595 3616 3582
f 212 214 3651
f 330 328 3652
f 397 396 3653
f 491 493 3654
f 609 611 3655
f 661 665 3656
f 761 763 3552
f 2301 2306 3657
f 2506 2507 34
f 2196 2182 3658
f 2100 2027 2026
f 3627 3555 3554
f 3659 3620 3660
f 3660 3620 3622
f 3660 3622 3554
f 3554 3622 3624
f 3554 3624 3627
f 3661 3609 3610
f 3661 3610 3662
f 3662 3610 3611
f 3662 3611 3612
f 3612 3614 3662
f 3662 3614 3615
f 3662 3615 3659
f 3659 3615 3618
f 3659 3618 3620
f 3609 3661 3608
f 3608 3661 3663
f 3608 3663 3607
f 3561 3571 3559
f 3559 3571 3569
f 3559 3569 3664
f 3664 3569 712
f 712 714 3664
f 3664 714 715
f 3664 715 3663
f 3663 715 3606
f 3663 3606 3607
f 1947 3559 1944
f 1944 3559 3664
f 1944 3664 1945
f 1945 3664 1974
f 1988 1987 3663
f 3655 2013 2012
f 1988 3663 2011
f 1974 3664 1975
f 1975 3664 3663
f 1975 3663 1985
f 1985 3663 1987
f 1985 1987 1986
f 2013 3655 2017
f 2017 3655 3665
f 2017 3665 2026
f 2078 2080 3665
f 2078 3665 2076
f 2075 2076 3653
f 2080 2082 3665
f 3665 2082 2084
f 3665 2084 2026
f 2026 2084 2086
f 2026 2086 2100
f 2058 396 2060
f 2060 396 402
f 2060 402 2180
f 2058 2057 396
f 396 2057 2070
f 396 2070 3653
f 3653 2070 2072
f 3653 2072 2075
f 2180 402 2179
f 2179 402 400
f 2179 400 457
f 431 2182 424
f 424 2182 2179
f 424 2179 425
f 425 2179 457
f 431 434 2182
f 2182 434 436
f 2182 436 3658
f 3666 2198 2196
f 3667 2192 2199
f 3668 2193 2192
f 3669 2190 2189
f 2249 2186 2187
f 2249 3670 2248
f 2248 3670 3671
f 2248 3671 2243
f 2243 3671 3672
f 2243 3672 2241
f 3672 3673 2241
f 2241 3673 3674
f 2241 3674 2239
f 2239 3674 3675
f 2239 3675 2237
f 2237 3675 3676
f 2237 3676 2235
f 2235 3676 3677
f 2235 3677 2231
f 2231 3677 3678
f 2231 3678 2230
f 3678 3679 2230
f 2230 3679 3680
f 2230 3680 2229
f 2229 3680 3681
f 2229 3681 2227
f 2227 3681 3682
f 2227 3682 2210
f 2210 3682 2538
f 2210 2538 2211
f 2536 2535 3683
f 3683 2535 2533
f 3684 2527 2529
f 3685 2526 2527
f 2526 3685 2524
f 78 85 3685
f 3685 85 88
f 3685 88 2524
f 2524 88 82
f 2524 82 2522
f 34 2507 35
f 82 80 2522
f 2522 80 79
f 2522 79 2507
f 2507 79 110
f 2507 110 35
f 2307 2284 52
f 52 2284 2283
f 52 2283 34
f 34 2283 2287
f 34 2287 2506
f 3686 2324 2323
f 2323 2293 3686
f 3686 2293 2295
f 3686 2295 2300
f 2300 2299 3686
f 3686 2299 2303
f 3686 2303 2302
f 3687 2410 3688
f 3688 2410 2396
f 2396 2394 3688
f 3688 2394 2384
f 3688 2384 3651
f 3651 2384 2383
f 2461 2324 2462
f 2462 2324 3686
f 2462 3686 2460
f 2460 3686 3651
f 2460 3651 2382
f 2382 3651 2383
f 3552 3400 3687
f 3687 3400 3401
f 3687 3401 3403
f 3403 3689 3687
f 3687 3689 2421
f 3687 2421 2410
f 3687 718 717
f 3687 717 3552
f 3552 717 759
f 3552 759 761
f 721 732 3688
f 3688 732 734
f 3688 734 3687
f 3687 734 736
f 3687 736 718
f 728 729 3690
f 728 3690 726
f 3659 810 3691
f 3691 810 722
f 3691 722 724
f 3554 798 802
f 802 804 3554
f 3554 804 806
f 3554 806 3660
f 3660 806 807
f 807 809 3660
f 3660 809 813
f 3660 813 3659
f 3659 813 812
f 3659 812 810
f 671 678 3662
f 3662 678 3661
f 3661 678 604
f 3661 604 603
f 665 667 3656
f 3656 667 670
f 3656 670 3659
f 3659 670 669
f 669 675 3659
f 3659 675 674
f 3659 674 3662
f 3662 674 672
f 3662 672 671
f 662 661 499
f 499 661 500
f 662 499 656
f 656 499 506
f 656 506 655
f 506 508 655
f 655 508 3692
f 655 3692 652
f 652 3692 648
f 3693 650 3692
f 3692 650 649
f 3692 649 648
f 611 597 3655
f 3655 597 595
f 3655 595 3665
f 3665 595 643
f 3665 643 644
f 644 645 3665
f 3665 645 646
f 3665 646 3693
f 3693 646 647
f 3693 647 650
f 603 606 3661
f 3661 606 609
f 3661 609 3663
f 3663 609 3655
f 3663 3655 2011
f 2011 3655 2012
f 491 3654 489
f 535 537 3694
f 3694 537 539
f 539 540 3694
f 3694 540 555
f 3694 555 489
f 547 545 3695
f 558 552 3696
f 508 510 3692
f 3692 510 512
f 3692 512 514
f 552 551 3696
f 3696 551 549
f 3696 549 547
f 661 3656 500
f 500 3656 162
f 500 162 171
f 495 498 197
f 197 498 168
f 168 498 497
f 168 497 170
f 170 497 503
f 170 503 171
f 171 503 502
f 171 502 500
f 429 455 3697
f 3697 455 379
f 392 3698 383
f 383 3698 3697
f 383 3697 381
f 381 3697 379
f 436 439 3658
f 3658 439 443
f 3658 443 3699
f 3699 443 445
f 3700 395 394
f 3700 394 3653
f 3653 394 398
f 3653 398 397
f 392 391 3698
f 3698 391 389
f 3698 389 387
f 547 3698 3696
f 3696 3698 387
f 3696 387 3700
f 3700 387 385
f 3700 385 395
f 314 313 3701
f 3701 313 345
f 320 318 3702
f 320 3702 322
f 322 3702 3703
f 322 3703 324
f 324 3703 3704
f 324 3704 326
f 330 3652 335
f 291 335 3697
f 3697 335 3652
f 3697 3652 429
f 429 3652 3699
f 429 3699 427
f 427 3699 445
f 3695 264 281
f 547 3695 3698
f 3698 3695 281
f 3698 281 283
f 283 285 3698
f 3698 285 286
f 3698 286 288
f 288 294 3698
f 3698 294 293
f 3698 293 3697
f 3697 293 292
f 3697 292 291
f 345 269 3705
f 3705 269 271
f 3705 271 3706
f 3706 271 273
f 273 274 3706
f 3706 274 276
f 3706 276 280
f 280 279 3706
f 3706 279 278
f 3706 278 3695
f 3695 278 265
f 3695 265 264
f 3690 220 222
f 222 153 3690
f 3690 153 3691
f 3690 3691 726
f 726 3691 724
f 729 721 3690
f 3690 721 3688
f 3690 3688 220
f 220 3688 3651
f 220 3651 218
f 218 3651 214
f 3686 3707 204
f 204 206 3686
f 3686 206 209
f 3686 209 3651
f 3651 209 210
f 3651 210 212
f 198 3654 197
f 197 3654 493
f 197 493 495
f 198 199 3654
f 3654 199 200
f 3654 200 3707
f 3707 200 202
f 3707 202 204
f 153 151 3691
f 3691 151 156
f 3691 156 3659
f 3659 156 158
f 3659 158 3656
f 3656 158 160
f 3656 160 162
f 96 94 3708
f 3708 94 3685
f 3685 94 92
f 3685 92 78
f 37 103 3705
f 3705 103 99
f 345 3705 3701
f 3701 3705 99
f 3701 99 3708
f 3708 99 98
f 3708 98 96
f 44 42 3706
f 3706 42 40
f 3706 40 3705
f 3705 40 38
f 3705 38 37
f 545 544 3695
f 3695 544 535
f 3695 535 3706
f 3706 535 3694
f 3706 3694 44
f 44 3694 3709
f 44 3709 46
f 46 3709 48
f 48 3709 50
f 50 3709 3657
f 50 3657 52
f 52 3657 2306
f 52 2306 2307
f 2527 3710 3685
f 3685 3710 3711
f 3685 3711 3708
f 3708 3711 3702
f 3708 3702 3701
f 3701 3702 318
f 3701 318 314
f 489 3654 3694
f 3694 3654 3707
f 3694 3707 3709
f 3709 3707 3686
f 3709 3686 3657
f 3657 3686 2302
f 3657 2302 2301
f 2196 3658 3666
f 3666 3658 3699
f 3666 3699 3712
f 3712 3699 3652
f 3712 3652 3704
f 3704 3652 328
f 3704 328 326
f 2076 3665 3653
f 3653 3665 3693
f 3653 3693 3700
f 3700 3693 3692
f 3700 3692 3696
f 3696 3692 514
f 3696 514 558
f 3713 3714 3715
f 3715 3714 3716
f 3716 3717 3715
f 3715 3717 3669
f 3715 3669 3668
f 3668 3669 2189
f 3668 2189 2193
f 3718 3719 3683
f 3683 3719 2531
f 3683 2531 2536
f 3683 3720 3718
f 3718 3720 3721
f 3718 3721 3722
f 2192 3667 3668
f 3668 3667 3723
f 3668 3723 3715
f 3715 3723 3724
f 3715 3724 3713
f 3713 3724 3725
f 3713 3725 3726
f 3726 3725 3727
f 3726 3727 3722
f 3722 3727 3728
f 3722 3728 3718
f 3718 3728 3684
f 3718 3684 3719
f 3719 3684 2529
f 3719 2529 2531
f 3721 3729 3722
f 3722 3729 3730
f 3722 3730 3726
f 3726 3730 3731
f 3726 3731 3713
f 3713 3731 3732
f 3713 3732 3714
f 2190 3669 2191
f 2191 3669 3733
f 2191 3733 2187
f 2187 3733 3734
f 2187 3734 2249
f 2249 3734 3733
f 2249 3733 3670
f 3670 3733 3669
f 3670 3669 3671
f 3671 3669 3717
f 3671 3717 3672
f 3672 3717 3716
f 3672 3716 3673
f 3673 3716 3714
f 3673 3714 3674
f 3674 3714 3732
f 3674 3732 3675
f 3675 3732 3731
f 3675 3731 3676
f 3676 3731 3730
f 3676 3730 3677
f 3677 3730 3729
f 3677 3729 3678
f 3678 3729 3721
f 3678 3721 3679
f 3679 3721 3720
f 3679 3720 3680
f 3680 3720 3683
f 3680 3683 3681
f 3681 3683 2533
f 3681 2533 3682
f 3682 2533 2532
f 3682 2532 2538
f 2527 3684 3710
f 3710 3684 3728
f 3710 3728 3711
f 3711 3728 3727
f 3711 3727 3702
f 3702 3727 3725
f 3702 3725 3703
f 3703 3725 3724
f 3703 3724 3704
f 3704 3724 3723
f 3704 3723 3712
f 3712 3723 3667
f 3712 3667 3666
f 3666 3667 2199
f 3666 2199 2198
f 3689 3403 3402
f 3689 3402 2421
f 3735 2411 2421
f 3736 2414 2412
f 3377 2414 3375
f 3375 2414 3736
f 3375 3736 3374
f 3374 3736 3737
f 3374 3737 3372
f 3372 3737 3738
f 3381 3379 3739
f 3739 3379 3378
f 2421 3402 3735
f 3735 3402 3409
f 3735 3409 3740
f 3740 3409 3408
f 3740 3408 3739
f 3739 3408 3382
f 3739 3382 3381
f 3369 3372 3378
f 3378 3372 3738
f 3378 3738 3739
f 3739 3738 3737
f 3739 3737 3740
f 3740 3737 3736
f 3740 3736 3735
f 3735 3736 2412
f 3735 2412 2411
f 2415 2414 3377
f 2415 3377 2419
f 3377 3376 2419
f 2419 3376 3342
f 2419 3342 2420
f 2420 3342 3340
f 2420 3340 3741
f 3741 3340 3742
f 3742 3340 3339
f 3742 3339 3743
f 3743 3339 3347
f 3743 3347 3744
f 3744 3347 3349
f 3744 3349 3745
f 3745 3349 3367
f 3745 3367 3746
f 3367 3366 3746
f 3746 3366 3365
f 3746 3365 3747
f 3747 3365 3364
f 3747 3364 3748
f 3364 3363 3748
f 3748 3363 3354
f 3748 3354 3749
f 3749 3354 3353
f 3749 3353 3750
f 3353 3368 3750
f 3750 3368 3355
f 3750 3355 3319
f 3319 3355 3327
f 3319 3327 3318
f 3318 3327 3326
f 3318 3326 3316
f 2505 2477 3751
f 2423 2417 3752
f 3746 3753 3745
f 3745 3753 3744
f 2420 3741 2416
f 2416 3741 2417
f 2417 3741 3752
f 3752 3741 3742
f 3752 3742 3743
f 3752 2459 2447
f 2447 2439 3752
f 3752 2439 2429
f 3752 2429 2423
f 2457 2458 3754
f 3754 2458 2459
f 3754 2459 3755
f 3755 2459 3752
f 3755 3752 3753
f 3753 3752 3743
f 3753 3743 3744
f 2457 3754 2456
f 2456 3754 3751
f 2456 3751 2455
f 2471 2452 2453
f 2477 2482 3751
f 3751 2482 2472
f 3751 2472 2471
f 2471 2453 3751
f 3751 2453 2454
f 3751 2454 2455
f 3756 2515 2516
f 3756 2516 3751
f 3751 2516 2517
f 3751 2517 2505
f 3757 2521 3756
f 3756 2521 2514
f 3756 2514 2515
f 2543 2544 3757
f 3757 2544 2545
f 3757 2545 2521
f 3757 3758 2543
f 2543 3758 3759
f 2543 3759 2542
f 3760 2540 3759
f 3759 2540 2541
f 3759 2541 2542
f 3761 3762 3763
f 3758 3764 3759
f 3759 3764 3761
f 3759 3761 3760
f 3760 3761 3763
f 3760 3763 2540
f 2540 3763 2518
f 3754 3765 3751
f 3751 3765 3766
f 3751 3766 3756
f 3756 3766 3767
f 3756 3767 3757
f 3757 3767 3768
f 3757 3768 3758
f 3758 3768 3769
f 3758 3769 3764
f 2519 2518 3763
f 2608 2610 3762
f 3762 2610 2613
f 3762 2613 3763
f 3763 2613 2539
f 3763 2539 2519
f 3762 3770 2608
f 2608 3770 3771
f 2608 3771 2606
f 3771 3772 2606
f 2606 3772 3773
f 2606 3773 2588
f 2588 3773 3774
f 2588 3774 2589
f 2589 3774 3775
f 2589 3775 2591
f 3775 3776 2591
f 2591 3776 3777
f 2591 3777 2593
f 3777 3778 2593
f 2593 3778 3779
f 2593 3779 2595
f 3779 3780 2595
f 2595 3780 3781
f 2595 3781 2597
f 2597 3781 3782
f 2597 3782 2599
f 2599 3782 3783
f 2599 3783 2601
f 3 2 3784
f 3783 3785 2601
f 2601 3785 5
f 2601 5 2603
f 2603 5 3
f 2603 3 2585
f 2585 3 3784
f 2585 3784 2586
f 3784 2 3786
f 2999 2685 2997
f 2997 2685 2688
f 2997 2688 2998
f 2998 2688 2690
f 2998 2690 3786
f 3786 2690 2586
f 3786 2586 3784
f 2999 2991 2685
f 2685 2991 3004
f 2685 3004 2683
f 2683 3004 3003
f 2683 3003 2681
f 2681 3003 3001
f 2681 3001 2679
f 3001 3000 2679
f 2679 3000 3006
f 2679 3006 2677
f 3006 3008 2677
f 2677 3008 3007
f 2677 3007 2674
f 2674 3007 3011
f 2674 3011 2672
f 3011 3013 2672
f 2672 3013 3017
f 2672 3017 2670
f 2670 3017 3016
f 2670 3016 2668
f 2668 3016 3015
f 2668 3015 2667
f 2667 3015 3018
f 2667 3018 2665
f 2665 3018 3020
f 2989 2786 2787
f 3020 2990 2665
f 2665 2990 2989
f 2665 2989 2660
f 2660 2989 2787
f 2660 2787 2661
f 1 4 3787
f 3788 3789 3786
f 1 3787 2
f 2 3787 3790
f 2 3790 3786
f 3786 3790 3791
f 3786 3791 3788
f 3789 2994 3786
f 3786 2994 2996
f 3786 2996 2998
f 3138 3137 3792
f 3136 3101 3793
f 3794 3795 3796
f 3797 3798 3795
f 3795 3798 3799
f 3795 3799 3796
f 3787 4 3797
f 3795 3099 3146
f 3146 3145 3795
f 3795 3145 3791
f 3795 3791 3797
f 3797 3791 3790
f 3797 3790 3787
f 3145 3144 3791
f 3791 3144 3142
f 3791 3142 3143
f 2994 3789 3143
f 3143 3789 3788
f 3143 3788 3791
f 3793 3101 3794
f 3101 3141 3794
f 3794 3141 3140
f 3794 3140 3795
f 3795 3140 3100
f 3795 3100 3099
f 3132 3134 3800
f 3800 3134 3138
f 3132 3800 3131
f 3131 3800 3801
f 3131 3801 3129
f 3129 3801 3802
f 3129 3802 3127
f 3802 3803 3127
f 3127 3803 3804
f 3127 3804 3125
f 3125 3804 3805
f 3125 3805 3123
f 3123 3805 3806
f 3123 3806 3118
f 3169 3119 3118
f 3118 3806 3169
f 3169 3806 3807
f 3169 3807 3174
f 3807 3806 3808
f 3808 3806 3805
f 3808 3805 3809
f 3809 3805 3804
f 3809 3804 3810
f 3810 3804 3803
f 3810 3803 3811
f 3811 3803 3802
f 3811 3802 3812
f 3812 3802 3801
f 3812 3801 3813
f 3813 3801 3800
f 3813 3800 3814
f 3138 3792 3800
f 3800 3792 3815
f 3800 3815 3814
f 3816 3817 3792
f 3792 3817 3818
f 3792 3818 3815
f 3796 3819 3794
f 3794 3819 3816
f 3794 3816 3793
f 3793 3816 3792
f 3793 3792 3136
f 3136 3792 3137
f 3811 3820 3821
f 3796 3822 3823
f 3796 3823 3819
f 3819 3823 3824
f 3819 3824 3816
f 3816 3824 3817
f 3817 3824 3825
f 3817 3825 3818
f 3818 3825 3815
f 3815 3825 3826
f 3815 3826 3814
f 3814 3826 3827
f 3814 3827 3813
f 3813 3827 3828
f 3813 3828 3812
f 3811 3821 3810
f 3810 3821 3829
f 3810 3829 3809
f 3830 3807 3829
f 3829 3807 3808
f 3829 3808 3809
f 3831 3174 3830
f 3830 3174 3807
f 3832 3178 3177
f 3833 3834 3829
f 3829 3834 3835
f 3829 3835 3830
f 3830 3835 3832
f 3830 3832 3831
f 3831 3832 3177
f 3831 3177 3174
f 3833 3829 3836
f 3836 3829 3821
f 3836 3821 3837
f 3837 3821 3820
f 3837 3820 3838
f 3811 3812 3820
f 3820 3812 3828
f 3820 3828 3838
f 3838 3828 3827
f 3838 3827 3839
f 3839 3827 3826
f 3839 3826 3840
f 3840 3826 3825
f 3840 3825 3841
f 3841 3825 3824
f 3841 3824 3842
f 3842 3824 3823
f 3842 3823 3843
f 3843 3823 3822
f 3843 3822 3844
f 3844 3822 7
f 3844 7 8
f 3796 3799 3822
f 3822 3799 3798
f 3822 3798 7
f 7 3798 3797
f 7 3797 4
f 3845 3846 3847
f 3847 3846 3848
f 3847 3848 3849
f 3849 3850 3847
f 3847 3850 3851
f 3847 3851 3852
f 3853 3845 3847
f 3847 3852 3853
f 3853 3852 3854
f 3853 3854 3855
f 3856 3857 3858
f 3307 3308 3859
f 3272 3265 3860
f 3267 3178 3832
f 3861 3862 3863
f 3863 3864 3861
f 3861 3864 3865
f 3861 3865 3866
f 3867 3868 3853
f 3853 3868 3869
f 3853 3869 3845
f 3867 3853 3870
f 3870 3853 3855
f 3870 3855 3861
f 3861 3855 3871
f 3861 3871 3862
f 3872 3873 3874
f 3874 3873 3875
f 3874 3875 3876
f 3877 3878 3879
f 3879 3878 3880
f 3879 3880 3881
f 3882 3883 3877
f 8 3883 3844
f 3844 3883 3882
f 3844 3882 3843
f 3877 3879 3882
f 3882 3879 3884
f 3882 3884 3843
f 3843 3884 3885
f 3843 3885 3842
f 3842 3885 3886
f 3842 3886 3841
f 3841 3886 3887
f 3841 3887 3840
f 3840 3887 3888
f 3840 3888 3839
f 3839 3888 3838
f 3838 3888 3889
f 3838 3889 3837
f 3837 3889 3836
f 3836 3889 3890
f 3836 3890 3833
f 3833 3890 3891
f 3833 3891 3834
f 3834 3891 3892
f 3834 3892 3835
f 3835 3892 3893
f 3835 3893 3832
f 3832 3893 3266
f 3832 3266 3267
f 3272 3860 3270
f 3270 3860 3312
f 3312 3860 3894
f 3312 3894 3310
f 3859 3308 3894
f 3894 3308 3309
f 3894 3309 3310
f 3306 3895 3305
f 3305 3895 3857
f 3305 3857 3304
f 3304 3857 3856
f 3302 3303 3896
f 3897 3301 3898
f 3898 3301 3302
f 3898 3302 3899
f 3899 3302 3896
f 3900 3901 3897
f 3897 3901 3902
f 3897 3902 3301
f 3897 3903 3900
f 3900 3903 3904
f 3900 3904 3866
f 3866 3904 3874
f 3866 3874 3861
f 3861 3874 3876
f 3861 3876 3870
f 3881 3872 3879
f 3879 3872 3874
f 3879 3874 3884
f 3884 3874 3904
f 3884 3904 3885
f 3885 3904 3903
f 3885 3903 3886
f 3886 3903 3897
f 3886 3897 3887
f 3887 3897 3898
f 3887 3898 3888
f 3888 3898 3899
f 3888 3899 3889
f 3889 3899 3896
f 3889 3896 3890
f 3858 3857 3905
f 3905 3857 3895
f 3905 3895 3859
f 3859 3895 3306
f 3859 3306 3307
f 3265 3266 3860
f 3860 3266 3893
f 3860 3893 3894
f 3894 3893 3892
f 3894 3892 3859
f 3859 3892 3891
f 3859 3891 3905
f 3905 3891 3890
f 3905 3890 3858
f 3858 3890 3896
f 3858 3896 3856
f 3856 3896 3303
f 3856 3303 3304
f 3854 3852 3906
f 3907 3862 3906
f 3906 3862 3871
f 3906 3871 3854
f 3854 3871 3855
f 3907 3908 3862
f 3862 3908 3909
f 3862 3909 3863
f 3863 3909 3864
f 3910 3866 3865
f 3865 3864 3909
f 3910 3865 3911
f 3911 3865 3909
f 3911 3909 3908
f 3912 3910 3913
f 3913 3910 3911
f 3866 3910 3900
f 3900 3910 3912
f 3900 3912 3914
f 3901 3915 3902
f 3902 3915 3300
f 3902 3300 3301
f 3280 3300 3916
f 3916 3300 3915
f 3916 3915 3914
f 3914 3915 3901
f 3914 3901 3900
f 3913 3917 3912
f 3912 3917 3918
f 3912 3918 3914
f 3914 3918 3919
f 3914 3919 3916
f 3920 3913 3921
f 3921 3913 3911
f 3921 3911 3922
f 3281 3280 3916
f 3916 3919 3281
f 3281 3919 3918
f 3281 3918 3920
f 3920 3918 3917
f 3920 3917 3913
f 3774 3773 3923
f 3769 3768 3924
f 3754 3755 3925
f 3314 3274 3926
f 3276 3278 3927
f 3928 3929 3922
f 3922 3929 3930
f 3922 3930 3921
f 3921 3930 3920
f 3920 3930 3931
f 3920 3931 3281
f 3281 3931 3932
f 3281 3932 3283
f 3278 3288 3927
f 3927 3288 3290
f 3927 3290 3933
f 3933 3290 3285
f 3933 3285 3934
f 3934 3285 3935
f 3936 3317 3322
f 3319 3317 3750
f 3750 3317 3936
f 3750 3936 3749
f 3749 3936 3748
f 3753 3746 3937
f 3937 3746 3747
f 3754 3925 3765
f 3925 3938 3765
f 3765 3938 3939
f 3765 3939 3766
f 3766 3939 3940
f 3766 3940 3767
f 3769 3924 3764
f 3772 3771 3941
f 3941 3771 3770
f 3851 3850 3775
f 3928 3942 3929
f 3929 3942 3943
f 3929 3943 3775
f 3775 3943 3944
f 3775 3944 3851
f 3850 3849 3775
f 3775 3849 3848
f 3775 3848 3846
f 3846 3845 3775
f 3775 3845 3869
f 3775 3869 3776
f 3776 3869 3868
f 3776 3868 3777
f 3868 3867 3777
f 3777 3867 3870
f 3777 3870 3778
f 3778 3870 3876
f 3778 3876 3779
f 3876 3875 3779
f 3779 3875 3873
f 3779 3873 3780
f 3780 3873 3872
f 3780 3872 3781
f 3781 3872 3881
f 3881 3880 3781
f 3781 3880 3878
f 3781 3878 3782
f 3782 3878 3877
f 3782 3877 3783
f 3783 3877 3883
f 3883 8 3783
f 3783 8 6
f 3783 6 3785
f 3785 6 5
f 3322 3945 3936
f 3936 3945 3937
f 3936 3937 3748
f 3748 3937 3747
f 3755 3753 3925
f 3925 3753 3937
f 3925 3937 3946
f 3946 3937 3945
f 3946 3945 3947
f 3947 3945 3322
f 3947 3322 3313
f 3313 3314 3947
f 3947 3314 3926
f 3947 3926 3946
f 3946 3926 3948
f 3946 3948 3925
f 3925 3948 3949
f 3925 3949 3938
f 3938 3949 3950
f 3938 3950 3939
f 3939 3950 3951
f 3939 3951 3940
f 3940 3951 3924
f 3940 3924 3767
f 3767 3924 3768
f 3773 3772 3923
f 3923 3772 3941
f 3923 3941 3952
f 3952 3941 3953
f 3952 3953 3954
f 3775 3774 3929
f 3929 3774 3923
f 3929 3923 3930
f 3930 3923 3952
f 3930 3952 3931
f 3931 3952 3954
f 3931 3954 3932
f 3932 3954 3935
f 3932 3935 3283
f 3283 3935 3285
f 3274 3276 3926
f 3926 3276 3927
f 3926 3927 3948
f 3948 3927 3933
f 3948 3933 3949
f 3949 3933 3934
f 3949 3934 3950
f 3950 3934 3935
f 3950 3935 3951
f 3951 3935 3954
f 3951 3954 3924
f 3924 3954 3953
f 3924 3953 3764
f 3764 3953 3941
f 3764 3941 3761
f 3761 3941 3770
f 3761 3770 3762
f 3852 3851 3906
f 3906 3851 3944
f 3906 3944 3907
f 3907 3944 3943
f 3928 3908 3942
f 3942 3908 3907
f 3942 3907 3943
f 3922 3911 3928
f 3928 3911 3908
