v 0.005047976505011319 0.003441584762185813 -0.005268605891615153
v 0.005079197697341441 0.0033613883424550304 -0.0048468923196196565
v 0.005487064365297555 0.0030005429871380338 -0.00520505290478468
v 0.005016566719859838 0.0035223590675741443 -0.00569146452471614
v 0.005826184526085853 0.0026235482655465607 -0.005610419902950526
v 0.005789107643067836 0.0027116262353956704 -0.006065467372536661
v 0.005410932470113038 0.003176185069605709 -0.006072192918509247
v 0.005751508753746747 0.0028010073583573107 -0.006524328142404558
v 0.0019572775345295663 -0.002620296319946647 -0.022997682914137844
v 0.0019285673042759297 -0.0026314812712371354 -0.02305826917290688
v 0.0023004049435257907 -0.002463497687131167 -0.02329899556934834
v 0.0024616301525384183 -0.0023931153118610386 -0.02257759310305119
v 0.002311281161382794 -0.0024668332189321522 -0.022616615518927578
v 0.002130314707756042 -0.0025486536324024205 -0.022749789059162143
v 0.002765478333458304 -0.002217963337898255 -0.023043386638164524
v 0.0027567862998694177 -0.0022257703822106127 -0.022919854149222377
v 0.002598362043499946 -0.0023205990437418227 -0.02261859737336636
v 0.002691981848329305 -0.0022669848985970025 -0.022719917818903927
v 0.002494462067261338 -0.002348024165257812 -0.023836245760321624
v 0.002657572505995631 -0.0022671155165880923 -0.023552600294351585
v 0.002751106629148125 -0.0022221717517822985 -0.02322085946798325
v 0.0022727760951966043 -0.0024549213703721766 -0.024025108665227897
v 0.0021233563311398025 -0.002524691633880139 -0.024057397618889816
v 0.002019611187279224 -0.002572333905845881 -0.024027539417147643
v 0.0019214680651202796 -0.002617286983877421 -0.0239376686513424
v 0.0018383335554972289 -0.0026567834429442887 -0.023736946284770973
v 0.001821130746975541 -0.002668402157723904 -0.02350846119225026
v 0.0018432692158967254 -0.002662551356479526 -0.02332730777561665
v 0.0017594344681128857 -0.0026387143880128865 -0.022985039278864864
v 0.0016768922796472905 -0.002598814200609923 -0.02295642159879208
v 0.0016560071380808947 -0.0026040894445031886 -0.02300077117979527
v 0.0025157285854220386 -0.002317378064617515 -0.023931575939059264
v 0.0027208754327148195 -0.0022136410698294644 -0.02358877286314965
v 0.0026043551042675968 -0.0020483371336013083 -0.02398606203496457
v 0.0027780642267316575 -0.001955678686499596 -0.023663211613893516
v 0.0027863536961376663 -0.002043240005150438 -0.023649113252758987
v 0.001611271174624562 -0.002537002554163337 -0.02293859422206879
v 0.0015187434619292615 -0.0025674519129097466 -0.023217823356390003
v 0.0015473417006433008 -0.002638206817209721 -0.023496329784393317
v 0.001479577040299773 -0.0025763439480215315 -0.023585740476846702
v 0.0015502946916967628 -0.00263442168943584 -0.02365625090897084
v 0.0015285854460671542 -0.002553082769736648 -0.023891543969511993
v 0.0016209463356062768 -0.00260126986540854 -0.023954585194587714
v 0.0016423172783106563 -0.002505001146346331 -0.02411752566695214
v 0.0017400113865733144 -0.002548656659200788 -0.024142296984791763
v 0.0018077356508001683 -0.0024341838434338574 -0.024267416447401054
v 0.0018802670529112218 -0.0024861239362508063 -0.02424955368041993
v 0.001976464176550507 -0.0023588894400745635 -0.02432768605649472
v 0.0019900701008737083 -0.0024363335687667136 -0.02428833022713662
v 0.0021857165265828367 -0.0022605957929044966 -0.02431370690464974
v 0.0021637741010636087 -0.0023557434324175124 -0.024289991706609733
v 0.002398384036496281 -0.0021552022080868487 -0.024203998968005187
v 0.0023460548836737867 -0.002268253127112985 -0.024220215156674392
v 0.0025609354488551612 -0.0021606259979307656 -0.024033319205045707
v 0.0018310263985767958 -0.002655657939612866 -0.023061381652951244
v 0.0017329092370346186 -0.0026878209318965678 -0.023504568263888366
v 0.001735621248371899 -0.002684199251234532 -0.023644303902983672
v 0.0017949348548427222 -0.0026551960036158566 -0.023893039673566825
v 0.0018867783946916459 -0.0026136010419577364 -0.024036478251218803
v 0.001987999072298407 -0.0025679012760519986 -0.024112988263368614
v 0.002065604086965322 -0.002532524056732655 -0.02414000406861306
v 0.002332912059500813 -0.002407024614512921 -0.02408778481185437
v 0.0021913179662078615 -0.002474279142916203 -0.024141147732734687
v 0.0018032244406640527 -0.0026477945502847437 -0.023002207279205326
v 0.001740280771628022 -0.0026449614670127635 -0.0230275820940733
v 0.0016360452864319084 -0.002678297692909837 -0.02350027486681939
v 0.0016389291267842052 -0.0026745670475065712 -0.023651393130421645
v 0.001704814378172159 -0.0026431472506374125 -0.023928057402372367
v 0.001812179456464946 -0.0025952653959393506 -0.02409637905657292
v 0.0019355290569365022 -0.0025400239974260335 -0.024190153926610954
v 0.00203135865740478 -0.0024964888580143456 -0.02422377839684487
v 0.0021842608693987127 -0.002425582613795996 -0.02422523498535157
v 0.0023490053135901685 -0.0023468176368623976 -0.024162678048014648
v 0.0025502722710371013 -0.0022468513343483214 -0.023989235982298858
v 0.0027673048898577686 -0.0021351783070713286 -0.02362312003970147
v 0.0025413702242076393 -0.002291436074301601 -0.022417986765503887
v 0.0025646139401942487 -0.0022797889541834597 -0.02242616936564446
v 0.0025768911000341173 -0.002111212816089392 -0.022234328091144565
v 0.002883018925786018 -0.0019015939906239514 -0.023288561031222347
v 0.002886851085349917 -0.0019161344971507792 -0.022675557062029842
v 0.002912295283749699 -0.001960589084774256 -0.023026432842016224
v 0.002819005865603685 -0.0019639851525425915 -0.022468730807304386
v 0.002816636813804507 -0.002111223759129644 -0.022640500217676166
v 0.0028757092077285047 -0.002049843315035105 -0.022778414189815525
v 0.002601732267066836 -0.002097174990922213 -0.022244377061724666
v 0.0026001418009400363 -0.002261246787384153 -0.022441457957029346
v 0.0026539044920355077 -0.0022313147783279423 -0.02247198671102524
v 0.0027572719845920797 -0.0020040594972670083 -0.022369042038917545
v 0.0026940859388560052 -0.002206439850851894 -0.022500820457935337
v 0.0027685333043336864 -0.002152200555428863 -0.02257226593792439
v 0.002393625676631927 -0.002357359975576401 -0.022393742576241497
v 0.002385885920375585 -0.0022126864641904835 -0.0222145039588213
v 0.0022486089728772636 -0.002410032087936998 -0.022407969459891323
v 0.002243431285023689 -0.002281815512105823 -0.022251628339290622
v 0.0021555926650762554 -0.002438300289213658 -0.022434458136558536
v 0.002078351797536015 -0.002355935983359814 -0.022341966629028324
v 0.001912067178636789 -0.002492099534720183 -0.0225671548396349
v 0.0018945127958431838 -0.002431920031085611 -0.022504361346364025
v 0.001692419056780636 -0.0025083972141146664 -0.022779360413551334
v 0.002766052726656198 -0.0021913624368608002 -0.023461917415261276
v 0.0027922696899622674 -0.0021465611644089226 -0.022621639072895054
v 0.0019344371976330874 -0.0024986353237181906 -0.02256378717720509
v 0.0016501680947840212 -0.0025234601926058535 -0.022856395691633228
v 0.0023987416643649335 -0.002363457111641765 -0.022404082119464878
v 0.002223412506282329 -0.002447426319122315 -0.02245436049997807
v 0.002848094096407294 -0.002110619563609362 -0.02275224216282368
v 0.002887379843741655 -0.0020797539036720995 -0.023041032254695896
v 0.002911250805482268 -0.001985146198421717 -0.023039193823933605
v 0.002835983876138925 -0.0020183641463518147 -0.02350937761366368
v 0.0028411101084202524 -0.0019223960116505627 -0.023476818576455123
v 0.0028344278689473863 -0.0021616667509078984 -0.02304249815642834
v 0.0027984804473817344 -0.0021890578791499142 -0.022782329469919208
v 0.002749775536358356 -0.0022198080550879244 -0.022670054808259014
v 0.0026673756074160333 -0.0022684137802571063 -0.022568756714463237
v 0.0025613515172153707 -0.0023271413519978528 -0.02250722795724869
v 0.0024246226530522104 -0.0023980292025953536 -0.022491566836833957
v 0.0022742510773241516 -0.0024705776013433938 -0.022534344345331195
v 0.002078939229249954 -0.0025573060847818856 -0.02267670258879662
v 0.002006009919568896 -0.002542390022426844 -0.0226136539131403
v 0.002815051237121224 -0.002111474517732859 -0.023488979786634452
v 0.0009669047431088983 -0.0023513671476393942 -0.028594469651579864
v 0.0012040098663419483 -0.0024830859620124106 -0.027642847970128066
v 0.0011146655306220052 -0.002501158975064755 -0.027676111087203033
v 0.0010224089492112396 -0.0025140820071101193 -0.027731420472264297
v 0.0009398863767273723 -0.0025198843795806174 -0.027802579104900367
v 0.0008689526584930717 -0.002519202418625355 -0.02788625471293927
v 0.0007670515333302318 -0.002501220675185323 -0.028079695999622352
v 0.0007246072054840623 -0.002465523080900312 -0.028291199356317527
v 0.0007277664844878017 -0.002442443044856191 -0.028397507965564735
v 0.0009199139312840997 -0.0023272745311260228 -0.028745455667376525
v 0.0010101968655362723 -0.0022969832643866543 -0.028787575662136085
v 0.0007483441731892525 -0.002416508970782161 -0.028500316664576537
v 0.0008445707499049603 -0.0023581488057971005 -0.02867956086993218
v 0.0012022134615108369 -0.0022469856776297097 -0.028789559379220016
v 0.00140370347071439 -0.002211194252595306 -0.028681823983788497
v 0.0014160461723804472 -0.0023511208128184084 -0.028003556653857238
v 0.0016179423546418545 -0.002203673822805286 -0.028379004448652274
v 0.001549143576994538 -0.0023594140075147156 -0.027720009908080108
v 0.0014028500299900768 -0.002423827769234777 -0.027639055624604232
v 0.0011098997201770542 -0.0022689835168421273 -0.028801623731851585
v 0.0016230678884312508 -0.0022045047953724865 -0.028366165235638625
v 0.001635248423554003 -0.0022069916594773535 -0.02833296917378903
v 0.00168007833417505 -0.00224578008055687 -0.028060572221875198
v 0.0016788116190582512 -0.00225228862836957 -0.028030185028910644
v 0.001611202606000006 -0.0023224395699799065 -0.027797980234026916
v 0.0008663426851853727 -0.0024425759911537175 -0.027488086372613914
v 0.00099343282636255 -0.0024546287022531037 -0.0274499747902155
v 0.0011248181108385322 -0.0024297803174704318 -0.027400869876146323
v 0.0011062286794185636 -0.002254435792565346 -0.028848955407738693
v 0.0010695634409785269 -0.002111371606588364 -0.02900540456175805
v 0.0009645289392210542 -0.0020383431110531096 -0.029027868062257774
v 0.0012153878342360256 -0.0020650327205657963 -0.028990935534238822
v 0.0012023923918604849 -0.0019794350955635314 -0.029012477025389678
v 0.0009058060823008417 -0.002156810369342566 -0.02898101136088372
v 0.0007593423360958694 -0.0022047751117497687 -0.028910376131534583
v 0.0007430851692333816 -0.0021041873842477803 -0.028950460255146034
v 0.0006429111817851662 -0.0022510734852403407 -0.0288055818527937
v 0.0005656538414768874 -0.002171651460230351 -0.02879134379327298
v 0.0005058990791440009 -0.0023318401072174315 -0.02854567393660546
v 0.00044597376836463804 -0.0022411646787077193 -0.028556566685438163
v 0.00047855783486738796 -0.002366114174947143 -0.028406186029315002
v 0.0004072548472322523 -0.0023075621575117116 -0.028270417824387557
v 0.00047443318180739874 -0.0023964943829923873 -0.02826573699712754
v 0.0005283172940835356 -0.002444842597469688 -0.027991218492388732
v 0.000863805180415511 -0.002470692386850715 -0.027529023587703712
v 0.0006551296683028339 -0.002412172965705395 -0.027638221159577377
v 0.0007522077648900448 -0.0024760372471064333 -0.02762692794203759
v 0.0006008903728798031 -0.0023961269762367014 -0.027694070711731918
v 0.0006589749245904385 -0.002472528256475926 -0.027738835662603385
v 0.0005989372148178517 -0.0023959178943187003 -0.027696816250681884
v 0.0004603085981216281 -0.0023626720067113642 -0.02796995826065541
v 0.0009926399216055868 -0.002286203904077411 -0.02883273735642434
v 0.0008901578257791697 -0.002320305677130819 -0.02878458611667157
v 0.0008058496168814598 -0.0023545061703771357 -0.02871044725179673
v 0.0007006367086432873 -0.0024176945444196467 -0.028514053672552116
v 0.000678548531141132 -0.002445419086143375 -0.02840343117713929
v 0.0006751760374754666 -0.002470061415806413 -0.028289826586842544
v 0.0007202132837846874 -0.0025084309745579962 -0.02806485444307328
v 0.0008285985095426439 -0.0025284115690737967 -0.0278588104993105
v 0.0009045276092365383 -0.002529640216380358 -0.027769105508923538
v 0.000993508845567703 -0.0025238699745386843 -0.027692241594195373
v 0.0010940111242234705 -0.002510203048586846 -0.02763187140226365
v 0.0011696715373545883 -0.002485322998836637 -0.027516862377524383
v 0.0010441893246024845 -0.0025015883147716527 -0.027535403147339828
v 0.0009271723101846873 -0.0025166743434965615 -0.027606157585978515
v 0.0008253054111264645 -0.0025222850963473324 -0.027694726362824447
v 0.0007394782733172177 -0.0025198485236614947 -0.027796791866421706
v 0.000618291669525206 -0.0024956688284873967 -0.02802864089608193
v 0.0005681574111804365 -0.002451781183481217 -0.028281198814511306
v 0.0005719549953937529 -0.0024239432532340292 -0.028409741818904884
v 0.000597042788285762 -0.0023925611749291424 -0.028536414727568633
v 0.0007202777196653186 -0.00231953663751483 -0.02876806445419789
v 0.0008226853096857666 -0.0022785689216107134 -0.028859188780188567
v 0.0009498806903138756 -0.002236708533018828 -0.02891978435218335
v 0.0010916372993960974 -0.0021972788963466887 -0.028940508142113693
v 0.0012190043926239012 -0.002181468298658729 -0.028908023610711105
v 0.0008136248216032981 -0.0023988210596144204 -0.0274689868092537
v 0.0010288283228874204 -0.0023721181787550454 -0.02734049409627915
v 0.0011138613335788248 -0.0023550060577690606 -0.027310283854603774
v 0.0012449536006897686 -0.0023217287380248313 -0.027285307645797736
v 0.0013442346826195715 -0.0023829163983464245 -0.027396023273468025
v 0.001439714804291725 -0.002256336156278849 -0.027300130575895316
v 0.001441498636268079 -0.002350955503061414 -0.02741613611578942
v 0.0016068359836935995 -0.0021822818089276557 -0.02737758122384549
v 0.0015662487130612133 -0.0022975031752139334 -0.027467224746942527
v 0.0017422864912077782 -0.0021038267295807604 -0.02751723490655423
v 0.0017222247552126644 -0.0022020456381142144 -0.02759253606200219
v 0.0018393201753497122 -0.002078048419207335 -0.027798855677247054
v 0.001837349380366504 -0.002025488298386336 -0.02772545814514161
v 0.0018740127561613915 -0.0019557389896363024 -0.02800462022423745
v 0.0018740014638751743 -0.0019679060205817227 -0.02801937051117421
v 0.0018718825886026023 -0.0019422525074332957 -0.028077121824026115
v 0.001351997605524957 -0.0024265851825475697 -0.02747511118650437
v 0.0018597752787172792 -0.0019251441117376093 -0.028187533840537078
v 0.0018589140381664036 -0.0020631395746022467 -0.028019523248076446
v 0.0018034984823316334 -0.0020139971747994427 -0.02837133593857289
v 0.0017884945264086125 -0.0020110988989472394 -0.028413616120815284
v 0.0017755583394318817 -0.0019007504452019934 -0.028473004698753364
v 0.0015904754400253294 -0.002013698918744922 -0.02874529547989369
v 0.001626581070013344 -0.0019054199801757936 -0.028721459209918983
v 0.0015349473105743525 -0.0020202812738716607 -0.028802609071135528
v 0.0014239075826480983 -0.0019345955224707727 -0.028910776600241668
v 0.001322634285315871 -0.0020558196119964127 -0.028947502374649055
v 0.0017231908859685061 -0.0022259845864027743 -0.028055666014552123
v 0.0016760394209995864 -0.0021851076744496827 -0.02834445610642434
v 0.0016632379265502093 -0.0021825435105711226 -0.028379537165164954
v 0.0014971701893955467 -0.0021829989273101096 -0.028651071712374694
v 0.0014521377161145208 -0.002187932608649135 -0.02869639918208123
v 0.0012877290137112138 -0.002214340260252357 -0.028806449845433242
v 0.0016824534395709632 -0.002283577341586352 -0.02784048020839692
v 0.001605449942871928 -0.0023366108071058993 -0.027711473405361182
v 0.0014901888789609072 -0.002393961185589433 -0.0276210866868496
v 0.0013492272701114414 -0.002447050996124745 -0.027581967413425452
v 0.0017593975644558666 -0.002224278170615435 -0.02779138088226319
v 0.001667848555371165 -0.002288556192070246 -0.027636356651782996
v 0.0015265195397660134 -0.002360107842832804 -0.02752425521612168
v 0.001807482214644551 -0.002137521049007774 -0.02774413116276265
v 0.0013133295578882096 -0.0021485078614205126 -0.028889253735542304
v 0.0015048226341605184 -0.002116892253980041 -0.028759839013218887
v 0.001555823837406933 -0.0021110018715262417 -0.028707845136523254
v 0.0017401968361809848 -0.0021091906819492583 -0.028402835130691535
v 0.0017542626010254023 -0.002111927140504122 -0.028363747522234924
v 0.001806177315302193 -0.002157334936782718 -0.028039943426847465
v -0.0001557140203658491 -0.0030191477853804835 -0.0233897939324379
v -3.241210322357801e-07 -0.0030218176543712625 -0.023431181907653812
v -5.10815079906024e-05 -0.003018231363967062 -0.022908784449100498
v 0.0001596842485014349 -0.0030190178658813247 -0.023387728258967403
v 0.00032369574182666833 -0.0030099744908511647 -0.023232366889715198
v -0.00047993526095524425 -0.002991137560456992 -0.022684250026941303
v -0.00045920061529614026 -0.002995824674144388 -0.022897861897945408
v -0.0004202713607810437 -0.00300091551616788 -0.0230401735752821
v -0.0003165488597005605 -0.0030105060432106265 -0.023242061957716945
v -0.0003944055642932653 -0.0029943101108074197 -0.02228702232241631
v -0.00041566396248526866 -0.0029929408337920913 -0.02233466506004334
v -8.282993803732096e-05 -0.0030092610977590093 -0.02221624553203583
v -0.00024413563369307664 -0.0030033711809664973 -0.022093204781413082
v 0.0002502164570614695 -0.0030030682682991037 -0.02209795825183392
v 8.021579560590907e-05 -0.003009063657373191 -0.022012492641806606
v -9.343452984467147e-05 -0.0030088061466813096 -0.022015791386365894
v 0.00037857139250263566 -0.0030052829533815393 -0.02313930541276932
v 0.0004102696839254349 -0.003002057783305646 -0.02306769229471684
v 0.00048019806854426855 -0.0029911333695054063 -0.022684775292873386
v 0.0004043392546009272 -0.0029936740174889573 -0.022307572886347774
v -1.8850370906875465e-05 -0.0028200526721775536 -0.023713978007435806
v 8.029562741285189e-05 -0.002819399815052748 -0.023708535358309753
v 7.54900465835817e-05 -0.0028936155140399937 -0.02367092482745648
v 0.0004928066045977174 -0.002981295809149743 -0.02309907972812653
v 0.0005680434405803679 -0.002968498971313239 -0.022685090079903606
v 0.0007435602601617574 -0.0027550819795578723 -0.022687904536724094
v 0.0007115943008102476 -0.00283973990008235 -0.0226867962628603
v 0.0006981060141697525 -0.002765691373497248 -0.023045178502798084
v 0.0006282920367084442 -0.002855674829334021 -0.023154338821768764
v 0.0006587099633179604 -0.0027723291423171763 -0.02316900156438351
v 0.0005834426847286521 -0.0027831704355776314 -0.023330949246883396
v 0.0004636197409126907 -0.0028745576273649935 -0.0234419945627451
v 0.0004892220022156834 -0.0027943642344325785 -0.023467348888516433
v 0.000263154215645045 -0.0028881246689707045 -0.02360846102237702
v 0.00020894543558824805 -0.002815411658957601 -0.023674862459301955
v 0.0002792456361930817 -0.0028117420151829724 -0.023642264306545265
v 0.0004153732734266668 -0.002801600378006697 -0.023544842377305038
v -0.00012767106818500904 -0.002818333683535457 -0.02369986847043038
v -0.00012002677976852282 -0.002892880002036691 -0.023662636056542403
v -0.00022553626331500706 -0.002814634703099728 -0.023667957633733756
v -0.00029443186940625305 -0.0028865733183920388 -0.023590315133333213
v -0.00031228640000335867 -0.0028096390888094906 -0.023623155429959304
v -0.0004314321267884224 -0.0028001195751130585 -0.02352957800030709
v -0.0004816653963644057 -0.0028728684410452847 -0.0234194677323103
v -0.000507949967868626 -0.0027923050802201037 -0.02344383858144284
v -0.0006404490559361874 -0.002853864105418325 -0.023119943216443065
v -0.0007112173479981719 -0.0028399610891938214 -0.022686162963509563
v -0.0007433036807924508 -0.0027550938539206986 -0.022687250748276714
v -0.0007072050357237457 -0.0027639805339276795 -0.023007558658719066
v -0.0006711265305057167 -0.0027702995575964455 -0.023133536800742153
v -0.0005816034390591084 -0.002783391391858459 -0.023333713412284855
v -0.0005675023421645163 -0.002968624699860812 -0.02268452569842339
v -0.0005036614602431654 -0.002979903481900693 -0.023069031536579136
v -0.00036561637534759933 -0.0029939564410597095 -0.02332425490021706
v -0.00021559142624028024 -0.003003250341862441 -0.02345849387347699
v -8.618535503046586e-05 -0.0030072517693042764 -0.023511150851845748
v 0.00035060752998106176 -0.0029951431788504132 -0.02334261313080788
v 0.0001918706839205697 -0.0030042550060898074 -0.023471992462873466
v 5.4120257118484e-05 -0.0030077062547206887 -0.02351701073348523
v -0.0006499807932414113 -0.002916163764894009 -0.022685183212161068
v -0.0005820674123242496 -0.002928914967924357 -0.02309738285839558
v -0.00043190291034989054 -0.002945784246549011 -0.023377528414130214
v -0.00026049721054732794 -0.002957574091851712 -0.023532345890998847
v -0.00010543673852225764 -0.00296287750825286 -0.023596046492457397
v 6.627321272389962e-05 -0.002963492879644037 -0.023603267967700965
v 0.00023245955526363102 -0.0029588863253593453 -0.023548455908894546
v 0.00041513732867315406 -0.002947253407910467 -0.023398233577609066
v 0.0005704452632926403 -0.0029305468779057273 -0.023129874840378765
v 0.0006504511693492531 -0.002915967954322696 -0.022685788571834568
v 0.0007207727176137267 -0.002755993744358421 -0.022438643500208858
v 0.0005290466360747813 -0.0027802833355963234 -0.02195900119841099
v 0.000549526186659932 -0.002855442697182298 -0.022083410993218425
v 0.0005171197117306291 -0.0028667869046330456 -0.022045632824301723
v 0.0002304315421497449 -0.0029277643188834195 -0.021851737052202228
v 0.000273424491751939 -0.002806170610710979 -0.02172842435538769
v 0.0001940294605446979 -0.0029317277949303397 -0.021839661523699764
v 0.00019528565462678668 -0.0028111131396144633 -0.02169398218393326
v -7.687444303883238e-05 -0.0029397238977253446 -0.021815508604049686
v -2.772498817193991e-07 -0.0028163557872176175 -0.021659743040800098
v -0.00019531683938112107 -0.0029315787833184013 -0.02184012904763222
v -0.0001943625829881057 -0.0028111527208238844 -0.021693734452128414
v -0.00023151586356107143 -0.002927609952166677 -0.021852223202586177
v -0.0002449213643558323 -0.0028081398922950034 -0.021714458242058757
v -0.00037947297096252436 -0.0029034123290330176 -0.02192736975848675
v -0.0005137346452102064 -0.002782156225293875 -0.02193837240338326
v -0.0004488355771172791 -0.0028869623783975844 -0.021979816257953647
v -0.0007205147994682192 -0.0027560100425034766 -0.022438626736402515
v -0.000567824812605977 -0.002848350210115314 -0.022107359021902088
v -0.0005300972261466085 -0.0028623205143958334 -0.02206048741936684
v -0.0002210613602073863 -0.0029480685479938993 -0.021874509751796726
v -0.0006333437631838023 -0.002845683135092259 -0.022249352186918262
v -0.0007374525885097681 -0.0027546181809157137 -0.022560268640518192
v -0.0005754150333814322 -0.002920837607234717 -0.022272881120443348
v -0.0004141134850215166 -0.0029356274753808984 -0.022013414651155475
v 0.0001133870391640812 -0.002951811533421279 -0.02183880098164082
v -3.754946010303683e-05 -0.00295300129801035 -0.021827910095453266
v 0.00028801194275729353 -0.002944570034742356 -0.02190995775163174
v 0.0003989165415987372 -0.0029368656687438497 -0.021997625008225444
v 0.0005529617774300276 -0.0029230045620352034 -0.022220056504011158
v 0.000605475332122296 -0.002878979314118624 -0.022238496690988544
v 0.0007066517719067632 -0.002839283319190145 -0.022573478519916538
v 0.0007377330330200492 -0.0027546002529561524 -0.022560549899935726
v 0.0006455539842136203 -0.002915454795584083 -0.0225781761109829
v 0.0005633071414195 -0.0029678784776479014 -0.02258473448455334
v 0.0004771515959873795 -0.00297360378317535 -0.022255383431911472
v 0.00033878398244269187 -0.0029843810480088004 -0.02205830439925194
v 0.00024244087398983535 -0.002990238834172488 -0.02198339626193047
v 9.465796028962357e-05 -0.002995639108121396 -0.02192414738237858
v -3.127482341369613e-05 -0.002996517578139902 -0.02191521413624287
v -0.00018529090448282656 -0.0029928619042038926 -0.021953688934445385
v -0.0003521528269629925 -0.0029834297019988307 -0.02207199111580849
v -0.0004977997741661965 -0.0029719057492911824 -0.022303266450762752
v -0.0026860265061259265 -0.002270585857331753 -0.02270188555121422
v -0.0027559057343751188 -0.002226751763373614 -0.022893024608492855
v -0.0023146320600062604 -0.0024569742381572728 -0.02327271550893784
v -0.002762660384178161 -0.0022168562281876807 -0.023156678304076198
v -0.0026820469647645946 -0.0022546416148543362 -0.02349799498915673
v -0.0020950613543391223 -0.0025636889040470128 -0.022792611271142963
v -0.0022804148029536004 -0.0024812179617583756 -0.022633580490946773
v -0.0025950046256184574 -0.002322414424270392 -0.022613842040300373
v -0.002461236901581287 -0.0023932338226586585 -0.022578129544854168
v -0.0022513016592711206 -0.002480632392689586 -0.023586126044392593
v -0.00266074133105576 -0.002265228191390634 -0.02355176024138928
v -0.002439571544528007 -0.002374703530222178 -0.023902175948023803
v -0.001892275991849601 -0.002630968810990453 -0.023883655667305
v -0.001856078393757343 -0.002648220164701343 -0.0237929467111826
v -0.001825494226068258 -0.002664544386789203 -0.023617338389158256
v -0.0019926570821553464 -0.002584702800959349 -0.024007512256503112
v -0.0021102246828377243 -0.002530721947550774 -0.024055311456322677
v -0.002240014029666781 -0.0024702709633857016 -0.02403924241662026
v -0.0018263965612277386 -0.002666904125362635 -0.023473985493183143
v -0.0019049012335017321 -0.002640375634655357 -0.023123584687709812
v -0.0019319541752338407 -0.0026300658937543635 -0.0230576153844595
v -0.0018066031625494359 -0.002646454377099872 -0.02300151810050011
v -0.0017383116064593194 -0.0026863547973334794 -0.02346725575625897
v -0.001614621141925454 -0.0025357927661389117 -0.022937884554266933
v -0.0016802544705569742 -0.002597544807940722 -0.02295571751892567
v -0.0015065721236169336 -0.0025709297042340045 -0.023291736841201786
v -0.0015530128730461 -0.0026367898099124436 -0.02345417626202107
v -0.0014863213291391728 -0.0025760291609913115 -0.023449979722499854
v -0.0019652759656310077 -0.002447634236887098 -0.024280861020088203
v -0.0018266174010932443 -0.002425978891551495 -0.02427553944289685
v -0.0018263106467202304 -0.0025103753432631497 -0.0242148693650961
v -0.0016599653754383323 -0.002497669076547027 -0.024135576561093337
v -0.0016947400290518997 -0.0025687932502478365 -0.02408184669911862
v -0.0015389817999675868 -0.0025488459505140786 -0.023912752047181136
v -0.0015918050194159148 -0.002614617114886642 -0.023864200338721282
v -0.0015266359550878403 -0.0025541821960359816 -0.023874348029494293
v -0.0014843537937849758 -0.0025740663986653094 -0.02362428046762944
v -0.0021381436381489034 -0.002367686247453094 -0.02429360523819924
v -0.002027794951573014 -0.002335261087864638 -0.02433190122246743
v -0.0019254001090303061 -0.0023820546921342616 -0.024315314367413528
v -0.002398398937657475 -0.002155033173039556 -0.024205477908253677
v -0.0022161810193210836 -0.0022457346785813574 -0.02430450543761254
v -0.0021095827687531705 -0.0022969413548707966 -0.024328958243131645
v -0.0027893313672393556 -0.0020421545486897234 -0.023648116737604148
v -0.002781023038551211 -0.001953726634383202 -0.023662410676479347
v -0.002786724595353007 -0.002042636508122087 -0.023654812946915633
v -0.0026113733183592554 -0.0020443650428205733 -0.023979559540748603
v -0.0025507155805826183 -0.002165587386116386 -0.02404796145856381
v -0.0023345046211034055 -0.0022737141698598866 -0.024227868765592582
v -0.0027233818545937534 -0.002212449442595244 -0.023587547242641456
v -0.0027215816080570217 -0.0022129393182694916 -0.023593841120600707
v -0.0025071513373404737 -0.002321433741599322 -0.023944148793816573
v -0.0023242449387907978 -0.0024110556114465003 -0.024093702435493476
v -0.0021732193417847152 -0.0024826657027006154 -0.02414361014962197
v -0.0017716073198243973 -0.002666279207915068 -0.02381981350481511
v -0.0018535719718784092 -0.0026286756619811062 -0.02399153262376786
v -0.00195050414185971 -0.0025849144440144305 -0.024088431149721153
v -0.0020489806775003667 -0.0025401215534657244 -0.02413462288677693
v -0.0027700462378561492 -0.002134103095158935 -0.023621993139386184
v -0.002767828060314059 -0.0021345270797610287 -0.02362854406237603
v -0.002540752757340669 -0.002251421567052603 -0.024002976715564735
v -0.0023387067485600706 -0.002351659117266536 -0.024169569835066802
v -0.0021619016770273443 -0.0024359817616641526 -0.024228338152170188
v -0.0020101179834455247 -0.002506176242604852 -0.024217225611209876
v -0.001888718921691179 -0.0025611317250877623 -0.02415991015732289
v -0.001772121409885585 -0.0026132171042263512 -0.024042719975113876
v -0.0016781489830464123 -0.0026555343065410857 -0.023845173418521888
v -0.0016416055150330065 -0.002676854142919183 -0.02346023358404637
v -0.0029154261574149127 -0.001890337211079896 -0.022950088605284694
v -0.0028859607409685846 -0.0018995685968548064 -0.023288201540708545
v -0.0029154254589229818 -0.0019581478554755454 -0.02303228154778481
v -0.0020673323888331647 -0.002360593527555466 -0.022351482883095745
v -0.001923623727634549 -0.0024892969522625212 -0.022560305893421177
v -0.0016960174543783066 -0.0025070409756153826 -0.02277825772762299
v -0.0019837662111967798 -0.002478815615177155 -0.022519746795296672
v -0.002845836570486426 -0.001945871976204217 -0.022521415725350383
v -0.002883237553760409 -0.002040594816207886 -0.022790424525737766
v -0.002864600624889135 -0.0020645759068429474 -0.022734498605132106
v -0.0027809857856482263 -0.001988982548937202 -0.022396150976419452
v -0.002774796681478619 -0.0021485562901943926 -0.02257577143609524
v -0.0026483067777007814 -0.002070271642878652 -0.02226621471345425
v -0.002678305376321077 -0.0022154976613819603 -0.022484185174107555
v -0.002647747518494725 -0.0022341681178659205 -0.02246414497494698
v -0.002613664604723453 -0.0020903395488858227 -0.02224739454686642
v -0.002612006617709994 -0.0022548339329659943 -0.02244490943849087
v -0.002543924609199166 -0.0022911108098924164 -0.022418355569243435
v -0.0025312206707894798 -0.0022974580060690646 -0.02241461351513863
v -0.0023952466435730453 -0.002207895973697305 -0.022212948650121692
v -0.0024065945763140912 -0.002352754352614284 -0.022394454106688503
v -0.002305749105289578 -0.0022521323990076785 -0.022230694070458416
v -0.00231030979193747 -0.0023890836164355282 -0.022398065775632862
v -0.0021823190618306394 -0.002430424559861422 -0.022426299750804905
v -0.0022416764404624696 -0.0024854640942066912 -0.022552026435732845
v -0.0020345347002148624 -0.002575792605057359 -0.022727524861693386
v -0.0019575543701648708 -0.0025621198583394293 -0.02266930975019932
v -0.00218601687811315 -0.002464302815496922 -0.02247484773397446
v -0.0023798856418579812 -0.0023726597428321843 -0.022405777126550678
v -0.0025347115006297822 -0.0023412224836647515 -0.02249759249389172
v -0.0026553347706794734 -0.0022751793731004004 -0.02255503833293915
v -0.001653562416322529 -0.002522204536944628 -0.022855646908283237
v -0.0018830265616998074 -0.0025192964822053914 -0.022623261436820034
v -0.002844247734174132 -0.001920306589454413 -0.02347549796104432
v -0.002870399737730622 -0.0020004089456051592 -0.023393541574478153
v -0.002912361407652497 -0.0019823629409074788 -0.023108154535293583
v -0.002409311709925532 -0.0024055228568613534 -0.022492703050374988
v -0.0027447233442217107 -0.0022228443995118146 -0.02265492267906666
v -0.0028134519234299655 -0.0021791155450046067 -0.02282279543578625
v -0.002836158266291022 -0.002158947288990021 -0.023102551698684696
v -0.0027982457540929313 -0.0021750102750957017 -0.023357132449746135
v -0.0027856593951582904 -0.002150568645447493 -0.022603882476687435
v -0.00286424602381885 -0.0020995715167373423 -0.022798387333750728
v -0.00288877566345036 -0.0020769601687788968 -0.023106083273887638
v -0.0028485490474849935 -0.0020941572729498152 -0.023377982899546627
v 0.0004193822969682514 -0.002888701390475035 -0.025777541100978858
v 0.00026966977748088533 -0.00291944295167923 -0.025576444342732436
v 0.00048386619891971344 -0.0028497334569692616 -0.026087861508131034
v 0.00010154750634683295 -0.0029344072099775085 -0.025488618761301048
v 0.0004075489414390176 -0.0028170391451567416 -0.026434663683176048
v -3.383458533789962e-05 -0.002936480101197959 -0.025476945564150817
v 0.0003116407606285065 -0.0028063154313713316 -0.026582801714539535
v 0.00024208269314840433 -0.00280211097560823 -0.026649478822946555
v 7.156001811381428e-05 -0.0027974981348961596 -0.02673128247261048
v -0.00021571440447587517 -0.002925896551460028 -0.025537839159369476
v -0.00030800036620348687 -0.0029136429075151686 -0.025612173601984985
v -0.0003956583968829363 -0.002895422047004104 -0.02573096007108689
v -0.000432529515819624 -0.00288428133353591 -0.025809211656451232
v -0.00020558830874506381 -0.0028352800291031603 -0.026406941935420043
v -0.0004836188163608312 -0.0028497159946709876 -0.02608808688819409
v -9.965452773030846e-05 -0.002797870431095362 -0.02672426402568818
v -0.00025456442381255323 -0.002802746137604118 -0.026639057323336608
v -0.00041424052324146027 -0.0028182431124150757 -0.026419622823596008
v 0.0005127585609443485 -0.002795533044263721 -0.026409702375531204
v 0.0005715918960049747 -0.002826087642461062 -0.026085248216986663
v 0.0007444905349984764 -0.002610930940136314 -0.026061525568366058
v 0.0007136863423511385 -0.0026958647649735217 -0.026070885360240943
v 0.0006990054389461874 -0.0025813337415456776 -0.026381548494100578
v 0.0006470350199379026 -0.0026616121176630263 -0.026446981355547912
v 0.0005944591248407959 -0.002566768089309335 -0.026622675359249122
v 0.000491358630824834 -0.002645563799887896 -0.02671932242810727
v 0.0005158177227713167 -0.002562406705692411 -0.026733642444014556
v 0.00027843756834045047 -0.0026388100814074282 -0.02689420990645886
v 0.0002935172233264893 -0.002558666514232755 -0.02691739425063134
v 0.0004385476931929588 -0.002560184104368091 -0.02681470103561879
v -0.0001442961947759613 -0.002558503765612841 -0.026974540203809745
v -1.0638628737069665e-05 -0.0025585955008864407 -0.026991756632924087
v 7.57148372940719e-05 -0.0026369350962340836 -0.02695960551500321
v 7.995794294402002e-05 -0.0025585519615560774 -0.026986647397279746
v 0.0002242860791739076 -0.00255851517431438 -0.026949230581521995
v -0.00013665789447259155 -0.0026372398715466265 -0.026948146522045142
v -0.0003269372682552784 -0.0026397416368126874 -0.026865663006901748
v -0.0002430009772069752 -0.0025585466064512734 -0.026941450312733657
v -0.0004020907799713313 -0.0026417621411383156 -0.02680956758558751
v -0.00045424528070725495 -0.0025605424307286744 -0.026799743995070464
v -0.0005851301830261945 -0.002652802970260382 -0.026581730693578727
v -0.0006237049237824975 -0.002569400472566486 -0.02656978555023671
v -0.0007012123824097215 -0.0026791887357831006 -0.026234602555632598
v -0.0007261015707626938 -0.0025906313676387076 -0.026266293600201614
v -0.0007134180050343274 -0.002695891307666898 -0.026071170344948776
v -0.0007442494388669728 -0.002610913245007396 -0.026061818003654487
v -0.0005605096812359988 -0.002811474492773414 -0.026226976886391647
v -0.0005713318241760134 -0.0028260785620659594 -0.02608549408614636
v -0.0004590030293911695 -0.002787238219752908 -0.02652364596724511
v -0.0003067264333367347 -0.002776366658508778 -0.026708869263529784
v -0.00024702475639060134 -0.0027742946986109023 -0.026752244681119926
v 0.0003797788231167942 -0.002780192065984011 -0.026636986061930663
v 0.00020931895414832977 -0.002773327054455877 -0.026773873716592796
v 5.61841188755352e-05 -0.0027713535819202666 -0.02682210877537728
v -0.0001015673333313316 -0.00277167558670044 -0.02681379951536656
v -0.0006532106199301778 -0.0027726665139198308 -0.026079623028635986
v -0.0006415747920982539 -0.0027568833902478222 -0.026233516633510597
v -0.0005314930458553134 -0.002731455955654383 -0.026558697223663337
v -0.0003613644512370228 -0.002720516407862306 -0.026767946779727943
v -0.00029276567511260504 -0.0027184844948351388 -0.02681847847998143
v -0.0001216245800605975 -0.0027159431483596568 -0.0268918126821518
v 6.73466347507201e-05 -0.002715634880587459 -0.02690188959240914
v 0.00024886464234441513 -0.002717539900913835 -0.02684400416910649
v 0.00044379392056725914 -0.002724317600950599 -0.026685714721679694
v 0.0005900302785448729 -0.0027400297112762932 -0.026433002203702934
v 0.0006534770946018397 -0.0027726618573069577 -0.026079352945089347
v 0.0003524804196786135 -0.0027394515927881007 -0.025240443646907813
v 0.0004389954556245356 -0.002806940814480186 -0.025406926870346076
v 0.0005987855838611721 -0.002689185552299023 -0.025509983301162727
v 0.0006089138332754372 -0.002733302535489202 -0.025585047900676734
v 0.0006107413209974765 -0.0026855790056288247 -0.02553121745586396
v 0.0007186679285950958 -0.0026406792458146815 -0.025823369622230537
v -2.9373106372077015e-05 -0.0028687040321528916 -0.025259859859943397
v 0.00021164689678698775 -0.0028553172014653687 -0.02529059164226056
v 0.0003442169108893722 -0.0028321500867605214 -0.02534597553312779
v 6.7369153839536e-05 -0.002761846408247948 -0.02513415180146695
v -4.994978439754049e-07 -0.0027626734226942067 -0.025130409747362144
v -0.0002666350046638399 -0.0028467213269323115 -0.02530935965478421
v -0.0002193109976360574 -0.002753834472969175 -0.025171268731355674
v -0.00034392802626825864 -0.0028315102681517605 -0.02534520067274571
v -0.00034685104037635023 -0.0027401871047914033 -0.025236854329705245
v -0.0004841287154704332 -0.0027909961063414816 -0.025443332269787795
v -0.0004997400101274251 -0.0027139831800013785 -0.025371305644512183
v -0.0007184111746028065 -0.002640698337927461 -0.025823323056101806
v -0.0006490743835456668 -0.002707423642277718 -0.025651840493083007
v -0.000610650167800486 -0.002732553286477924 -0.025588460266590125
v 0.0007379268063232302 -0.0026252267416566615 -0.025940289720892913
v 0.0006578914471901952 -0.002739333780482412 -0.025733465328812606
v 0.0005254674470052122 -0.0028046614024788146 -0.02552624791860581
v -0.0007376973517239093 -0.00262523046694696 -0.02594036608934403
v -0.0006490240339189767 -0.0027428688481450085 -0.025709750130772598
v 0.00047277330304495985 -0.002849754644557834 -0.025530761107802398
v 0.0003197166079189628 -0.0028749264311045413 -0.025390937924385078
v 0.00013543637760449198 -0.002890513744205237 -0.025310384109616287
v -0.0003732697223313152 -0.002900604391470552 -0.025550292804837234
v -0.0005149876815266906 -0.002865263028070331 -0.025776064023375518
v -6.688792927889152e-05 -0.002892985008656979 -0.02529802359640599
v -0.00025889519019983703 -0.0028815837576985364 -0.02535603381693364
v -0.0004345586348790675 -0.002857334213331342 -0.025487335398793227
v -0.0005921153933741151 -0.0028162677772343163 -0.02574082091450692
v 0.0005226927460171281 -0.0028624045662581925 -0.025796055793762214
v -0.00022016202274244276 -0.00292067532427609 -0.02543704956769944
v -5.65717346034944e-05 -0.002929879818111659 -0.025388151407241828
v 0.00011473149788798763 -0.002927895868197084 -0.025398507714271552
v 0.0002727206738200038 -0.0029152305796742444 -0.025466825813055045
v 0.00040724215796217317 -0.0028942094650119547 -0.025588391348719604
v 0.0006005053874105214 -0.0028130260761827235 -0.025762913748621948
v -0.0012041834415867923 -0.002246412914246321 -0.028789486736059196
v -0.001078453962691128 -0.0022773218806833033 -0.028800170868635185
v -0.0011420629452913997 -0.0023896363563835625 -0.028215788304805763
v -0.0007259818376041948 -0.0024562720209360127 -0.02833392098546029
v -0.0008062549168244003 -0.0025109988637268548 -0.027992982417345054
v -0.0009180496563203632 -0.0023282582405954604 -0.02874282561242581
v -0.0007784816552884876 -0.0023946075234562163 -0.02857437916100026
v -0.0014017180074006317 -0.0023486297577619557 -0.02803964167833329
v -0.0016449525719508527 -0.002297685714438558 -0.027862112969160087
v -0.0016823005862534044 -0.0022436098661273722 -0.028066901490092284
v -0.0015277276979759333 -0.0023707242216914897 -0.027699327096343047
v -0.0013716107932850716 -0.002435035770758987 -0.02763205952942372
v -0.0012063150061294434 -0.00248242705129087 -0.02764269337058068
v -0.0016363075701519845 -0.0022059585899114613 -0.02833573520183564
v -0.0015925470506772397 -0.002200013026595116 -0.028439331799745567
v -0.001492599258199334 -0.002201489638537169 -0.02859351411461831
v -0.000993024557828903 -0.002516476903110743 -0.027755867689847953
v -0.0013869539834558962 -0.002213078318163753 -0.028696937486529357
v -0.0018760024104267357 -0.001967030577361584 -0.02801929786801339
v -0.0018760107923299072 -0.001954806270077825 -0.028004482388496406
v -0.001875460031442344 -0.0019540607463568453 -0.028048200532794006
v -0.0018738461658358572 -0.0019412690307945017 -0.02807732298970223
v -0.0012464341707527635 -0.0024771660100668673 -0.02758601680397988
v -0.0011423666728660462 -0.0024269076529890303 -0.027398267760872848
v -0.001171948038972914 -0.0024846722371876244 -0.027516657486557967
v -0.0011270762188360093 -0.00242916401475668 -0.027400715276598937
v -0.001225737854838371 -0.00246362597681582 -0.027480021119117744
v -0.001238467404618859 -0.001971154939383269 -0.029002461582422263
v -0.0012042560847476123 -0.001978869084268809 -0.029012409970164306
v -0.0012172922724857924 -0.0020645260810852055 -0.02899084053933621
v -0.0014556938549503682 -0.0019283514702692632 -0.028889570385217674
v -0.0014029148733243344 -0.0020404693204909567 -0.02890573255717755
v -0.0016243812860921023 -0.0020098865497857337 -0.028707312420010574
v -0.0016614090418443082 -0.0019017076119780545 -0.02867779694497586
v -0.0018013269873335955 -0.0020122288260608916 -0.02838345058262349
v -0.001811286900192499 -0.0019043640932068233 -0.028386779129505164
v -0.0018042286392301319 -0.0020128502510488038 -0.0283749420195818
v -0.001860381569713354 -0.0020663684699684386 -0.027999613434076316
v -0.0018311820458620784 -0.0021154147107154135 -0.027809191495180137
v -0.0018426839960739014 -0.002074596239253879 -0.027802074328064925
v -0.001734348479658365 -0.0021930297371000056 -0.027603734284639365
v -0.0018204306252300737 -0.002107033738866449 -0.027743542566895492
v -0.001840541837736964 -0.002078105695545674 -0.027795588597655303
v -0.0012294391635805366 -0.002411036984995008 -0.027390018105506904
v -0.001353918691165745 -0.002379354322329164 -0.027396090328693397
v -0.0014070569304749367 -0.002407721942290664 -0.027482226490974433
v -0.0015708761056885121 -0.0022952852305024867 -0.027468150481581695
v -0.0015551571268588302 -0.0023474171757698063 -0.0275386217981577
v -0.0017259562155231831 -0.0021996865980327134 -0.02759386412799359
v -0.0016932366415858267 -0.002273480407893658 -0.027665501460433013
v -0.0013942454243078826 -0.0024317526258528237 -0.027587607502937324
v -0.0015137844020500777 -0.00238371198065579 -0.02763252519071103
v -0.001348934951238334 -0.00220289221033454 -0.028775537386536605
v -0.001525449566543102 -0.002180015435442329 -0.02862061187624932
v -0.0016745526809245346 -0.0021834992803633217 -0.028354460373520858
v -0.001677027787081897 -0.002184047363698483 -0.028347399085760124
v -0.001724835601635277 -0.0022284570150077347 -0.028039621189236648
v -0.001701465807855129 -0.0022667455486953263 -0.02788993157446385
v -0.0016269199550151823 -0.0023242181632667784 -0.027735317125916488
v -0.0017810655990615485 -0.0022045066580176358 -0.027849473059177406
v -0.0018077340209856627 -0.0021602238994091754 -0.028021752834320075
v -0.0017551123164594171 -0.0021108165383338933 -0.028367059305310256
v -0.0017523905262351034 -0.0021102316677570347 -0.02837492339313031
v -0.0015873245429247616 -0.002107530133798719 -0.028673199936747558
v -0.0013853029813617466 -0.0021348441950976853 -0.02885230816900731
v -0.0012209462001919744 -0.002180954441428185 -0.028907880187034614
v -0.0017328857211396096 -0.002194203902035952 -0.027601985260844238
v -0.0018343898700550196 -0.0020299213938415055 -0.027708169072866447
v -0.0018206898821517823 -0.0020434097386896615 -0.027667341753840453
v -0.0017227058997377751 -0.00211717956699431 -0.02748705632984639
v -0.0015869876369833944 -0.002192363375797868 -0.02736255899071694
v -0.0015559679595753548 -0.0022071094717830424 -0.02734439261257649
v -0.0011398148490115998 -0.0023489710874855523 -0.027303665876388557
v -0.001228935783728957 -0.0023261804599314932 -0.027287038043141372
v -0.0013450413243845103 -0.0022906279191374783 -0.02728413604199887
v -0.0010477311443537472 -0.0024381631519645457 -0.02741807885468007
v -0.0009173373691737651 -0.0023888407740741972 -0.027398299425840385
v -0.0008456239593215286 -0.0024408015888184313 -0.027500236406922347
v -0.0007996081840246915 -0.002436887007206679 -0.02752750180661679
v -0.0006997074815444647 -0.0024013987276703124 -0.027575826272368438
v -0.0006033501122146844 -0.002395820571109653 -0.027693599462509162
v -0.0011611398076638577 -0.0022407246287912135 -0.028845323249697692
v -0.0009900296572595833 -0.002509314334020019 -0.027565605938434608
v -0.0007059286581352352 -0.0024748262949287896 -0.027680583298206336
v -0.0009329735185019671 -0.0024629740510135893 -0.027483886107802398
v -0.00045217751176096494 -0.0023572486825287346 -0.028002275153994567
v -0.0005868864245712756 -0.00239391764625907 -0.02771734260022641
v -0.0005502798012457787 -0.00245177373290062 -0.02793888375163079
v -0.0004933128366246818 -0.0024223583750426774 -0.028127498924732215
v -0.0004091748560313135 -0.0022996265906840567 -0.02830669470131398
v -0.000489257858134806 -0.0023515343200415377 -0.028466220945119865
v -0.00042362336535006756 -0.0022657308727502827 -0.028456583619117744
v -0.0005787127884104847 -0.002283214591443539 -0.028712254017591483
v -0.0005182075547054409 -0.0021954474505037074 -0.028717501088976867
v -0.00045852485345676536 -0.0022324495948851113 -0.028588293120265014
v -0.0008961480343714355 -0.002056314377114177 -0.02901407144963742
v -0.0007691414211876689 -0.0020950261969119315 -0.028964210301637656
v -0.0007421890040859579 -0.0022112166043370966 -0.028896879404783256
v -0.0006928287912160157 -0.002121102530509234 -0.028915658593177802
v -0.0005812033195979892 -0.002165200421586633 -0.02880839630961419
v -0.0009312231559306382 -0.0021492370869964366 -0.028987780213356025
v -0.001146739814430475 -0.002092062029987574 -0.029000185430049903
v -0.000999257434159517 -0.0020281549077481036 -0.02903143875300885
v -0.0010108880233019588 -0.00228076963685453 -0.028837317600846298
v -0.0008785600075498222 -0.0023248577490448956 -0.028775291517376907
v -0.000758012756705284 -0.002379073761403561 -0.028641795739531524
v -0.0006876429542899131 -0.0024335193447768693 -0.028451403602957732
v -0.0006912792450748383 -0.0024907395709306006 -0.028176782652735717
v -0.0007389056845568119 -0.002513620769605041 -0.028021894395351417
v -0.0008674195851199328 -0.0025293917860835795 -0.027811884880065925
v -0.0010480604832991955 -0.0025170578155666594 -0.027657451108098037
v -0.0011590659851208327 -0.0021804191637784247 -0.028935996815562255
v -0.0009721610695123671 -0.0022300721611827616 -0.028925590217113502
v -0.0008079631370492278 -0.002284177346155048 -0.02884757705032826
v -0.0006631886353716253 -0.0023483454715460543 -0.028685726225376136
v -0.0005819660145789384 -0.002410549204796553 -0.028464425355196006
v -0.0005858556833118199 -0.0024753368925303225 -0.02815412729978562
v -0.0006388670299202203 -0.00250181625597179 -0.027980456128716476
v -0.0007829600363038479 -0.002521536080166698 -0.02774355001747609
v -0.000728765153326094 -0.0016152741154655819 -0.03116303868591786
v -0.0007458645850419997 -0.0017004621913656597 -0.03093938902020455
v -0.0012009539641439913 -0.0015728396829217677 -0.030999815091490752
v -0.0008903142879717051 -0.0017656449927017097 -0.03068926930427552
v -0.0009547694935463368 -0.001773457159288228 -0.03062857128679753
v -0.0011996320681646464 -0.0013716224348172548 -0.031485229730606086
v -0.0011491730110719798 -0.001381943002343178 -0.03149333223700524
v -0.0009601383353583514 -0.0014400010695680978 -0.031468376517295844
v -0.0008091877098195254 -0.0015209743287414317 -0.03135453537106515
v -0.0016759526915848253 -0.0014543285360559823 -0.03090007789433003
v -0.0015876435209065674 -0.001373988692648709 -0.03118590638041497
v -0.0014125478919595478 -0.0013507961994037034 -0.03138466551899911
v -0.0011625332990661261 -0.0017622985178604726 -0.03051446937024594
v -0.0012026294134557245 -0.0017551080090925102 -0.03050350211560727
v -0.0013243909925222395 -0.0017239933367818598 -0.030490705743432052
v -0.0015073155518621204 -0.0016466676024720077 -0.030542014166712768
v -0.0016308388439938424 -0.0015552180120721464 -0.03067454136908055
v -0.0018743840046226976 -0.001176116173155606 -0.030813174322247512
v -0.0018756013596430419 -0.001199572696350515 -0.03077459521591664
v -0.0018752949545159934 -0.0011845676926895978 -0.03078987821936608
v -0.0018756011268123982 -0.0011931436602026226 -0.030766801908612258
v 0.0018741035601124165 -0.00118846632540226 -0.030793573707342155
v 0.0018732016906142233 -0.001176800229586661 -0.03081289120018483
v 0.0018744266126304863 -0.0011937875533476474 -0.030766597017645843
v 0.0013468676479533313 -0.0016668002353981142 -0.03021464869379998
v 0.0015595783479511736 -0.0015812265919521455 -0.03027662634849549
v 0.0016320063732564447 -0.0014790920540690426 -0.03024353832006455
v 0.0007279994315467774 -0.0016934219747781758 -0.03037193790078164
v 0.000863318855408579 -0.001716260914690793 -0.0302952565252781
v 0.0009681977680884301 -0.001694061560556293 -0.030220182612538345
v 0.0009790045442059634 -0.0017217342974618082 -0.030250571668148048
v 0.0012243458768352864 -0.0016489529516547923 -0.03014963865280152
v 0.0011252224212512372 -0.0017128728795796637 -0.030217446386814124
v 0.0013398689916357396 -0.0016143239336088304 -0.030146619305014617
v 0.0014244338963180778 -0.0015827623428776865 -0.030157674103975303
v 0.001577798626385629 -0.0015714270994067196 -0.030285818502306945
v 0.0016512408619746564 -0.0015264083631336693 -0.03033117018640042
v 0.001778371166437864 -0.0013671341584995391 -0.030400156974792487
v 0.0017383015947416423 -0.0014571239007636907 -0.03040904179215432
v 0.0018400397384539244 -0.001293434062972665 -0.030535548925399787
v 0.001836539478972554 -0.0013349775690585377 -0.030568230897188194
v 0.0018630409613251684 -0.0012496607378125193 -0.03062929771840573
v 0.0018744035623967645 -0.0012002080911770465 -0.030774371698498733
v 0.0015653761802241204 -0.0013681793352589013 -0.0312196183949709
v 0.001669214107096195 -0.0014359529595822098 -0.03095460310578347
v 0.001386342570185661 -0.001567977480590344 -0.0308684278279543
v 0.001649986603297293 -0.001531106536276639 -0.030721256509423263
v 0.0015509723452851174 -0.0016199805540964012 -0.030574604868888862
v 0.0009129436220973729 -0.0017697392031550412 -0.030664671212434776
v 0.0010352032259106634 -0.001775142853148282 -0.030570995062589652
v 0.001201190170831978 -0.0017555661033838992 -0.030503440648317344
v 0.001406309427693486 -0.0016945791430771355 -0.030501456931233413
v 0.001014282228425145 -0.0015680436044931416 -0.03113373182713986
v 0.0008256570436060428 -0.0017497749067842965 -0.03076871298253537
v 0.0007289830828085541 -0.0016771606169641022 -0.03100735694169999
v 0.0009993233252316711 -0.0014250244712457063 -0.0314818061888218
v 0.0011985229793936012 -0.0013720248825848105 -0.03148509934544564
v 0.0008491658372804521 -0.001494004856795073 -0.031399127095937736
v 0.0007481495849788188 -0.001578315626829863 -0.031244996935129173
v 0.0013484917581081388 -0.0013532944722101095 -0.03142626956105233
v 0.0017247956711798904 -0.0014763501239940528 -0.030403552576899535
v 0.001827500178478658 -0.0013719502603635194 -0.0305832326412201
v 0.0018629621481522916 -0.0012684264220297339 -0.03082337975502015
v 0.0018141778418794272 -0.001188134076073766 -0.03108001686632634
v 0.0018156106816604731 -0.0010956376791000368 -0.031082224100828178
v 0.0017604768509045241 -0.001159538980573416 -0.031202940270304687
v 0.0016737396363168953 -0.001047272118739784 -0.031336080282926566
v 0.0015619136393070219 -0.0011245823698118331 -0.031460531055927284
v 0.001587896724231541 -0.0010380420135334136 -0.031432725489139564
v 0.0015459725400432942 -0.001124030794017017 -0.03147468715906144
v 0.0013633013004437087 -0.0010439396137371661 -0.03159486129879952
v 0.0013172770850360391 -0.0011363620869815352 -0.031616751104593284
v 0.001196055090986192 -0.0011542623396962883 -0.031654965132474906
v 0.0011816632468253372 -0.001069821999408305 -0.03165989369153977
v 0.001301658456213772 -0.0013069295091554525 -0.03152988851070405
v 0.0012057700660079715 -0.0013215231010690334 -0.03155994415283204
v 0.0014876254135742781 -0.0012972042895853522 -0.03141561150550843
v 0.0015008383197709916 -0.0012976828729733827 -0.03140404075384141
v 0.0016676716040819881 -0.0013272392097860577 -0.031190779060125358
v 0.00171326647978276 -0.0013513268204405906 -0.03108830004930497
v 0.0017546304734423754 -0.0014180096331983807 -0.030876038596034057
v 0.0017260069726034997 -0.001501313992775977 -0.03068246506154538
v 0.0016448482638224957 -0.0015824676956981425 -0.030542213469743736
v 0.0015168938552960751 -0.0016621872782707219 -0.03044531866908074
v 0.0013594845077022908 -0.001728453673422337 -0.0304032750427723
v 0.0011846064589917658 -0.0017753270221874122 -0.030416848137974746
v 0.0011330767301842568 -0.0017282171174883847 -0.030237937346100814
v 0.0013558245263993738 -0.0016682286513969307 -0.030220955610275275
v 0.0012052160454913972 -0.001245263032615185 -0.031620841473340995
v 0.001315537607297301 -0.0012286950368434193 -0.03158606961369515
v 0.0015259828651323912 -0.0012174249859526756 -0.03145603090524674
v 0.0015407607425004242 -0.001217938610352576 -0.03144299611449242
v 0.0017258763546124099 -0.0012504807673394682 -0.031204573810100562
v 0.0017761571798473594 -0.0012770962202921512 -0.03109050169587136
v 0.0018218217883259056 -0.0013514559250324967 -0.030853109434247024
v 0.0017893145559355614 -0.0014461798127740624 -0.0306332502514124
v 0.00169588066637516 -0.001540470635518432 -0.03047079965472222
v 0.0015466976910829542 -0.0016343904426321392 -0.030356958508491523
v 0.0013629206223413346 -0.001712439465336502 -0.030307350680232055
v 0.0011607269989326594 -0.001766781671904028 -0.030322900041937835
v 0.0010362638859078286 -0.001362205599434674 -0.03156936541199685
v 0.0010078285122290251 -0.0012926243944093587 -0.03163160383701325
v 0.000977666233666241 -0.0012066676281392576 -0.031666692346334464
v 0.00065292528597638 -0.0012408104958012702 -0.03155199065804482
v 0.0007420952315442263 -0.0011990398634225132 -0.03160842880606652
v 0.0007550219888798891 -0.0012888993369415405 -0.03159406036138535
v 0.000969354761764407 -0.0011195575352758171 -0.03167401999235154
v 0.000620919745415449 -0.0012579101603478195 -0.03152581676840783
v 0.0005901379045099019 -0.0013819707091897728 -0.03145150095224381
v 0.0005436620558612048 -0.0013062494108453395 -0.03144388273358346
v 0.0004899679915979504 -0.0014789943816140298 -0.03125977143645287
v 0.0004759292933158576 -0.0013626175932586195 -0.03133571147918702
v 0.0004096935444977134 -0.0014717064332216982 -0.03109343349933625
v 0.0004622586711775511 -0.0015881973085924987 -0.030999615788459785
v 0.0004096298362128436 -0.0015210143756121401 -0.030969873070716865
v 0.0005461215623654424 -0.0016506363172084097 -0.030578393489122398
v 0.0005404824623838066 -0.001684656366705895 -0.030717711895704276
v 0.0004908768460154532 -0.0016225998988375072 -0.030676461756229408
v 0.00043385295430198306 -0.0015723588876426224 -0.030829878523945815
v 0.0007197305094450711 -0.0017438975628465418 -0.030469015240669257
v 0.0009564162464812397 -0.0017514646751806144 -0.030300745740532882
v 0.0008072773343883454 -0.0013667204184457662 -0.03156685084104539
v 0.0008650231757201253 -0.0014256440335884692 -0.031514711678028114
v 0.0006579511100426315 -0.0014510174514725806 -0.03143874555826188
v 0.0007364096236415206 -0.0014984584413468842 -0.03140528872609139
v 0.0005663057672791182 -0.0015396479284390811 -0.0312645509839058
v 0.0006561960326507686 -0.001576116657815874 -0.03125384822487832
v 0.000540764711331576 -0.0016400689492002134 -0.03102558851242066
v 0.0006335768848657607 -0.0016650838078930978 -0.031042484566569335
v 0.0006136792944744228 -0.0017287256196141247 -0.030764926224946983
v 0.0006991844275034963 -0.0017436372581869368 -0.030809557065367706
v 0.000780452974140644 -0.0017825227696448569 -0.030534967780113227
v 0.0008488844614475964 -0.0017905047861859207 -0.030604096129536636
v 0.0009990789694711564 -0.0017886079149320726 -0.030380301177501685
v 0.0010430453112348912 -0.0017948854947462682 -0.030467208474874503
v 0.0036096009425818916 -0.0001996344944927842 -0.030910346657037742
v 0.0035540736280381675 -0.000145066311233677 -0.0311635509133339
v 0.0037346403114497657 7.527649722760545e-05 -0.031209560111165054
v 0.003996653016656636 0.0001654523803154007 -0.030693355947732932
v 0.0039458819665014735 6.172175199026243e-05 -0.03061140328645707
v 0.003825480584055185 -9.830902126850563e-05 -0.03058315627276898
v 0.0038515070918947454 0.00025222433032467967 -0.03126826137304307
v 0.00395548716187477 0.00027484129532240337 -0.0310395397245884
v 0.004005089867860078 0.0002389201981713996 -0.030825972557067878
v 0.0036632944829761978 -0.00025629083393141633 -0.030637020245194442
v 0.0034779666457325216 -7.597041985718535e-05 -0.03147143870592118
v 0.003401719499379396 -1.3044030310993552e-05 -0.03173550963401795
v 0.0034224549308419223 2.301587983311038e-06 -0.031725596636533744
v 0.003443078603595495 1.737614911689889e-05 -0.031714722514152534
v 0.003704236820340156 0.00018334991182200616 -0.03148497268557549
v 0.00348636251874268 4.8152913223020746e-05 -0.03168834745883942
v 0.003418446751311421 5.91388816246763e-05 -0.03179620951414109
v 0.003432860597968101 0.00011335035378579053 -0.031814794987440116
v 0.0033517647534608837 0.00021644242224283522 -0.03188577294349671
v 0.003292708890512585 0.000285368791082874 -0.03189382329583169
v 0.003310097381472587 0.00029833824373781686 -0.03188451007008553
v 0.0033941799774765964 0.00013443535135593268 -0.031853649765253074
v 0.003379584057256579 0.0002338410849915818 -0.03187060728669167
v 0.003327178535982966 0.000310977571643889 -0.031874746084213264
v 0.0033246586099267 0.00019612045434769248 -0.03189928829669953
v 0.003272406524047255 0.0002700338372960687 -0.03190392255783082
v 0.0033686258830130096 0.00011530753545230257 -0.031866218894720084
v 0.0033951678778976198 4.179098323220388e-05 -0.03180750086903573
v 0.0035508160945028062 0.0004625279689207674 -0.031693186610937125
v 0.003595289075747132 0.0005957993562333287 -0.03179567307233811
v 0.0037571573629975315 0.0005764880334027113 -0.03142370283603669
v 0.003346131648868322 0.000427146616857499 -0.03200719133019448
v 0.003398915287107229 0.0005881476099602879 -0.032130751758813865
v 0.003331669140607118 0.0003142744535580278 -0.031872082501649864
v -0.0031768234912306066 0.004605371970683337 -0.03243189305067063
v -0.0032648048363626 0.004674994386732579 -0.0320202186703682
v -0.0029992857016623016 0.0048336354084312924 -0.032102268189191825
v -0.0030892223585397 0.004542056005448104 -0.03275832906365395
v -0.00292946514673531 0.004731200635433198 -0.03256120532751084
v -0.002880829386413097 0.004609246738255025 -0.03294273093342782
v -0.002637850353494286 0.00486449245363474 -0.03264895081520081
v -0.0026137807872146364 0.0046812049113214025 -0.033141389489173896
v -0.002672126982361078 0.004975531715899707 -0.03223594650626183
v -6.60921659800806e-06 0.005395309533923865 -0.03285514563322068
v 2.550840072501614e-08 0.005395309068262578 -0.03285516053438187
v 3.023601280460752e-08 0.00520080840215087 -0.033451195806264884
v -0.0005952662904746829 0.005376958753913642 -0.03281798958778382
v -0.0014527858002111314 0.005099358037114144 -0.03322830796241761
v -0.0012854192173108456 0.005308248102664948 -0.03269619494676591
v -0.0021004904992878433 0.00498265027999878 -0.032987881451845176
v -0.002002328401431441 0.005175783298909665 -0.03249060735106469
v -0.002250342164188623 0.004765632562339307 -0.03336657211184502
v -0.0017133119981735943 0.004861124325543643 -0.033626426011323936
v -0.001450669835321605 0.004896122496575118 -0.033725369721651084
v 3.019747296661989e-08 0.004979928955435754 -0.03398337587714196
v -0.0007348089129664003 0.005174767691642047 -0.03339228406548501
v -0.0005949178594164549 0.004966286942362786 -0.0339372605085373
v -0.0011813695309683678 0.0049247979186475286 -0.033810477703809745
v -0.0021032406948506828 0.004582646768540145 -0.03383911773562432
v -0.002631597919389605 0.004511096514761449 -0.033443953841924674
v -0.002678233897313475 0.004275649320334197 -0.0337224192917347
v -0.0021950500085949893 0.00433346861973405 -0.03410425409674645
v -0.001643541036173701 0.0043890969827771196 -0.034416541457176215
v -0.001454843091778457 0.004662830382585526 -0.034150775521993644
v -0.0014637792482972143 0.004403858911246062 -0.03449551761150361
v -0.0011117270914837716 0.0044280868023633966 -0.03462192043662072
v -0.0007358970469795166 0.004716816358268262 -0.03435521200299264
v -0.0007389185484498738 0.004446974955499173 -0.034717503935098655
v -0.0005068375030532478 0.0044551179744303235 -0.03475776314735413
v 3.060456066350525e-08 0.0047360421158373365 -0.03442662954330445
v 3.697562078741611e-08 0.004462614655494691 -0.03479405865073205
v -0.0029323217459022994 0.004438922740519048 -0.03318887203931809
v -0.0031795620452612634 0.0044003170914947995 -0.0328718051314354
v -0.0029969722963869567 0.0042398818768560895 -0.033380400389432914
v -0.0032697874121367927 0.004222678020596505 -0.0329844281077385
v -0.005571983754634856 0.003263185964897276 -0.020087946206331257
v -0.005466703325510024 0.0031765673775225886 -0.021399674937129024
v -0.0055763646960258475 0.00314559554681182 -0.020087994635105137
v -0.005488008726388215 0.0030956154223531493 -0.021184623241424564
v -0.005342297721654176 0.0030270395800471315 -0.022894162684679035
v -0.00522733712568879 0.002933387644588948 -0.024393260478973396
v -0.005344100762158631 0.0029589273035526284 -0.022889509797096256
v -0.005236517172306775 0.002881156979128719 -0.024283789098262794
v -0.0047646649181842795 0.0028522084467113022 -0.029263377189636237
v -0.004825688432902097 0.0027878668624907736 -0.028802162036299712
v -0.0048639983870089045 0.0027879448607563977 -0.028479101136326797
v -0.004939890466630458 0.0028535071760416035 -0.027766134589910514
v -0.005025839433073997 0.0028073475696146493 -0.026888052001595504
v -0.005186119116842746 0.002855361439287663 -0.024950841441750533
v -0.004488110542297362 0.002962886821478606 -0.03079629503190518
v -0.004488512407988309 0.0028631002642214303 -0.030806576833128936
v -0.004532501567155122 0.0029270963277667765 -0.030603000894188888
v -0.0046544140204787246 0.00281145446933806 -0.029982684180140502
v -0.004765516612678765 0.0027918671257793908 -0.029264494776725776
v -0.00478091463446617 0.0029599503614008435 -0.029082318767905242
v -0.004756806418299674 0.0029631138313561687 -0.029260454699397094
v -0.004640541039407252 0.0029915941413491973 -0.030004445463418968
v -0.004481188487261533 0.0030621825717389592 -0.03078454732894898
v -0.004923678934574126 0.002964613726362587 -0.02784267812967301
v -0.005140994209796189 0.003009231761097909 -0.025414444506168372
v -0.005270937923341989 0.0030798586085438737 -0.023702712729573257
v -0.00547401513904333 0.0033213300630450257 -0.021157393231987957
v -0.005558418110013007 0.003380071371793748 -0.020087219774723056
v -0.005844189785420894 0.00113169732503593 -0.01668493635952473
v -0.00605191895738244 0.0006194172892719508 -0.014533619396388534
v -0.005844188388437032 0.0022800078149884944 -0.016716551035642627
v -0.0060519338585436335 0.0015982544282451276 -0.014560501091182235
v -0.0060524451546370974 0.0016661154804751281 -0.014540368691086773
v -0.006049626041203736 0.0017338120378553872 -0.01451995596289635
v -0.005942773073911666 0.0020808414556086068 -0.015594294294714931
v -0.005844353698194026 0.00236570043489337 -0.016687855124473575
v -0.0058390991762280455 0.0024510920047760014 -0.01665875129401684
v -0.005632805172353982 0.0031860952731221923 -0.019235609099268917
v -0.005609401036053895 0.0033256674651056537 -0.019385706633329395
v -0.005588959902524947 0.0032571384217590102 -0.01985600776970387
v -0.005738758482038974 0.002850389108061791 -0.01774809136986733
v -0.0056899627670645705 0.003053628373891116 -0.01831520162522793
v -0.0056992596946656695 0.0029519477393478164 -0.01834763959050179
v -0.005657167639583348 0.003182370914146305 -0.018727332353591922
v -0.005621519871056079 0.0032968409359455117 -0.019214270636439327
v -0.0056930691935122004 0.0028855733107775454 -0.018480574712157253
v -0.00563955632969737 0.0030599650926887998 -0.019200222566723827
v -0.005594353657215833 0.0031376569531857976 -0.019839817658066753
v -0.005576357245445251 0.0018529308727011089 -0.020052444189786914
v -0.005658017471432685 0.0016463676001876597 -0.018907988443970684
v -0.005765588954091071 0.0013402896001935007 -0.017562160268425945
v -0.005481370259076356 0.001972605008631945 -0.02123185992240906
v -0.005361022427678107 0.0020305474754422907 -0.022656435146927837
v -0.00510277971625328 0.002047493821009994 -0.025980537757277496
v -0.005096404813230037 0.002047509187832475 -0.026057271286845214
v -0.004896020516753196 0.00205468200147152 -0.02817057445645333
v -0.004863868001848458 0.002057123696431518 -0.02845896594226361
v -0.004779172595590352 0.0020641412120312457 -0.02914437279105187
v -0.004715159069746732 0.0020708725787699227 -0.029590062797069556
v -0.004488532431423663 0.002103141508996487 -0.030785683542490012
v 0.00089795992244035 -0.0005517133977264167 -0.006598265841603281
v 0.0007276550750248133 -0.003181355772539974 -0.003922527190297843
v 0.0013979644281789658 -0.0005517916288226844 -0.006598250940442087
v 0.0013980304356664417 -0.003182039363309742 -0.0039222976192832
v -0.0013977155322208998 -0.0046707610599696645 -0.006999941077083351
v 0.0013980327639728782 -0.0046706944704055795 -0.006999951787292959
v -0.0013977037742733953 -0.004216687753796578 -0.006784667726606132
v 0.0013980260118842123 -0.004216622561216355 -0.006784676108509304
v -0.0013977152993902562 -0.0037372433580458173 -0.006230183411389591
v 0.0013980144867673514 -0.0037371779326349506 -0.006230191793292763
v -0.001397714717313647 -0.0035777988377958545 -0.005514713469892741
v 0.001398011343553662 -0.003577733878046275 -0.005514721851795913
v -0.0013977099442854521 -0.0037764301523566255 -0.004809121601283551
v 0.0013980206567794082 -0.0037763689178973445 -0.004809123929589988
v -0.001397697953507304 -0.004285705275833608 -0.0042819040827453145
v 0.0013980326475575564 -0.004285643808543683 -0.004281906411051751
v -0.001397680374793708 -0.004984003957360984 -0.0040589659474790105
v 0.0013980466173961756 -0.004983943421393634 -0.00405896781012416
v 0.0013980581425130365 -0.005483633372932673 -0.004112193826586009
v -0.0013976910850033162 -0.005483695771545173 -0.004112189635634423
v 0.0013980229850858448 -0.005170390009880067 -0.007053168956190349
v -0.001397704007104039 -0.005170451011508704 -0.0070531670935452
v 0.001398039632476866 -0.005868684500455858 -0.00683023687452078
v -0.001397686428390443 -0.005868749693036081 -0.006830228958278896
v 0.0013980516232550142 -0.00637795962393284 -0.006303019355982544
v -0.001397674437612295 -0.006378024816513063 -0.0063030114397406595
v 0.001398057211190462 -0.006576594896614553 -0.005597421433776618
v -0.0013976696645841 -0.006576656363904478 -0.005597419571131469
v 0.0013980541843920944 -0.0064171510748565214 -0.004881951492279769
v -0.0013976719928905366 -0.0064172162674367445 -0.004881943110376597
v 0.0013980462681502102 -0.005937706213444473 -0.004327467642724515
v -0.001397679792717099 -0.005937771406024696 -0.004327459260821343
v -0.002394909737631678 -0.0013626244617626073 -0.0006274525658227504
v -0.0023925476707518096 -0.0012986683286726477 -0.0007508265553042295
v -0.0035500905942171808 -0.0012986528454348447 -0.0007507991394959392
v -0.0035500973463058467 -0.0008423320250585677 0.001241216319613159
v -0.003550087101757526 -0.00040655003977008175 0.0014438860816881063
v -0.0024257376790046688 -0.0004065237008035184 0.0014438816579058769
v -0.0035501210950314994 -7.110347360139714e-05 -0.0014983090804889803
v -0.002374207833781838 6.441789537348088e-06 -0.0014999434351921086
v -0.0035501122474670406 0.0004063889500685037 -0.0014438716461881997
v -0.0023734117858111854 0.0003758347884286196 -0.0014520814875140788
v -0.0023734176065772767 0.00040643132524564873 -0.00144384999293834
v -0.0035501043312251564 -0.0007802321342751386 -0.0012811516644433143
v -0.0023797804024070497 -0.0006669569411315025 -0.0013436933513730767
v -0.0023761624470353122 -0.0003137787571176887 -0.0014668925432488327
v -0.002389529254287481 -0.00119746255222708 -0.0009034646209329369
v -0.0023838777560740705 -0.0009375046356581154 -0.0011709721293300392
v -0.002381331287324428 -0.0007802575710229578 -0.0012812342029064896
v -0.0024014255031943317 -0.0014754905132576828 -0.00027086597401648765
v -0.0035500840749591585 -0.0014996273675933485 -3.690872472361662e-05
v -0.0024054832756519313 -0.0014996295794844632 -3.691394158522599e-05
v -0.0035500882659107442 -0.0013340258738026025 0.0006860020803287626
v -0.0024174088612198825 -0.001318426453508437 0.0007156779756769539
v -0.0024129068478941913 -0.0014406129484996202 0.00041786974179558467
v -0.0024069393984973426 -0.0014992542564868931 4.940714643453249e-05
v -0.0024247604887932535 -0.0007527050911448898 0.0012975083664059641
v -0.0024225257802754636 -0.0010257458779960873 0.0010945154353976252
v -0.00242014555260539 -0.0011922358535230162 0.0009103367337957027
v -0.0035500980447977777 7.096241461113097e-05 0.001498321420513094
v -0.0024247798137366767 3.0020193662494428e-05 0.001499702339060605
v -0.0024257279001176353 -0.00032417831243947154 0.0014645686605945232
v -0.0024141450412571426 0.0010083509841933849 0.0011104628210887315
v -0.002418003743514418 0.0007801136234775188 0.001281151198782027
v -0.0035501148086041208 0.0007800876628607514 0.0012811528285965326
v -0.002418949035927653 0.0007112196763046087 0.0013206433504819872
v -0.0024226205423474307 0.000364900624845177 0.0014549286570400002
v -0.002408402971923351 0.001240996294654906 0.0008424962288700046
v -0.003550127381458878 0.001298498595133424 0.0007508027483709159
v -0.002406509360298514 0.0012985229259356859 0.0007508014095947149
v -0.0024022450670599933 0.0014036357169970872 0.000528828357346356
v -0.0035501325037330385 0.0014994660159572963 3.691653182613664e-05
v -0.002395844785496592 0.0014907517470419411 0.00016583700198680165
v -0.002382197882980108 0.001333890948444605 -0.0006859962013550104
v -0.002383844461292028 0.0013850646791979673 -0.0005757024628110231
v -0.003550132038071751 0.0013338635908439758 -0.0006859943387098611
v -0.002389553934335708 0.0014850588049739604 -0.0002107967447955162
v -0.002393663395196199 0.001499491161666811 3.691490928758868e-05
v -0.002379002049565315 0.00119197100866586 -0.0009105412755161526
v -0.003550121327862143 0.0008421720121987166 -0.0012412073556333782
v -0.002375657437369227 0.0009307556902058425 -0.0011760373599827292
v -0.0023738443851470943 0.0006331701879389585 -0.0013599650701507928
v -0.0007365613128058611 0.0005847467109560968 -0.0031285686418414125
v -0.0007273777737282215 -0.0031813778914511212 -0.003922521136701108
v -0.0007297751726582645 0.0007184080895967783 -0.002960193669423462
v -0.000727370730601251 0.0009100004099309447 -0.0028632918838411574
v -0.0008976563694886862 0.0011695856228470804 -0.0061524314805865305
v -0.0008976663229987024 -0.0005517342360690237 -0.006598263513296844
v -0.0007529248250648378 0.0005471470649354161 -0.0034608717542141685
v -0.0007465725066140293 0.0005341488285921515 -0.003339020302519203
v -0.00233865319751203 0.0005481192492879928 -0.003465008921921254
v -0.002290548058226704 0.0011695884168148043 -0.006152436602860691
v -0.0023423021193593736 0.0005439463420771063 -0.00325018190778792
v -0.0023447379935532804 0.0006057893042452634 -0.0030900253914296636
v -0.00234525348059833 0.0006301603862084449 -0.003053113818168641
v -0.002346730791032314 0.00075352966086939 -0.002933941315859557
v -0.002346969442442059 0.0007924020756036045 -0.0029098794329911475
v -0.002347245346754789 0.000909400812815875 -0.002863450208678842
v -0.0035501224920153614 0.0023343954235315327 -0.0008945672307163479
v -0.0023742844350636 0.002334216376766563 -0.0008950923802331092
v -0.0035501115489751096 0.0019460617331787948 -0.0015693337190896277
v -0.002368293004110455 0.0021190633997321133 -0.0013264412991702559
v -0.0023645916953682895 0.0019460822222754364 -0.0015693036839365964
v -0.0022910307161509986 -0.0005180595326237382 -0.00655022729188204
v -0.002386297797784209 -0.002116151619702578 -0.0013314629904925825
v -0.003550042631104588 -0.0005180705920793117 -0.006550274323672058
v -0.0035500754602253433 -0.0021161655895411973 -0.0013314853422343733
v -0.0024248585104942317 -0.0023345726076513533 0.0008945169975049796
v -0.0035500954836606975 -0.0023346699308604006 0.0008942447020672264
v -0.0024191315751522775 -0.0024445273447781806 0.0005241524777375163
v -0.003550087101757526 -0.0024932420346885924 0.00018539790471550083
v -0.0024112891405820842 -0.0024997533764690165 4.29111605626531e-05
v -0.0035500808153301473 -0.0024096302222460513 -0.0006667476845905186
v -0.0024028471671044822 -0.0024618331808596854 -0.00043604031088761996
v -0.002394447103142738 -0.0023323218338191514 -0.0009006286854855718
v -0.0035501033999025817 -0.002095866715535522 0.0013628838350996377
v -0.002380153397098183 0.002442700089886785 -0.000531768600922078
v -0.00355012877844274 0.0024697713088244204 -0.0003868972708005459
v -0.0023878768552094694 0.0024989906232804064 -6.67156418785453e-05
v -0.0023948557209223504 0.002475735498592258 0.0003464319161139429
v -0.003550137393176555 0.002432141918689013 0.0005777873448096217
v -0.0023988601751625534 0.002432150766253472 0.0005778024788014592
v -0.0035501413512974973 0.002031795214861632 0.0014562897849828007
v -0.0024152691476047035 0.0020318068563938145 0.0014563001459464433
v -0.0024101459421217437 0.0021969568915665154 0.001192671246826649
v -0.0024024068843573327 0.00237582135014236 0.0007775893318466844
v -0.003550142282620072 0.0013284382876008751 0.0021175947040319447
v -0.0024294885806739326 0.0013284509768709543 0.0021176028531044726
v -0.002425366314128041 0.0015765703283250336 0.001939959125593305
v -0.0024180600885301824 0.0019244473660364751 0.0015954731497913603
v -0.0035501352977007623 0.0004269572673365475 0.0024630869738757615
v -0.002439301228150725 0.00042696934542618703 0.0024630965199321513
v -0.0024358048103749748 0.0008288816316053273 0.002358397236093879
v -0.0024313491303473707 0.001200071186758578 0.0021929119247943167
v -0.003550126682966947 -0.0005382132367230953 0.0024412446655333046
v -0.002443129196763038 -0.0005382038070820273 0.002441257936879993
v -0.0024422886781394477 -0.00013615436910185966 0.0024961417075246577
v -0.00243981322273612 0.0003532708797138185 0.0024747441057115798
v -0.0035501155070960517 -0.001423142617568374 0.0020553260110318665
v -0.0024404630530625577 -0.0014231341192498805 0.0020553392823785548
v -0.002442332915961742 -0.001088584656827152 0.00225045788101852
v -0.002443162957206368 -0.0006244845571927727 0.0024206303060054783
v -0.0024311272427439685 -0.0021216575987637047 0.0013223886489868166
v -0.00243625184521079 -0.0018308160360902552 0.001702366280369461
v -0.002439981792122125 -0.0014846940757706766 0.002011327771469951
v -0.002290662378072738 -0.0005519155529327692 -0.006598300300538542
v -0.0023472625762224193 0.002012507058680058 -0.0025777330156415705
v -0.001397724845446646 -0.0005518285324797035 -0.006598256528377535
v -0.001397723448462784 -0.0031836037524044522 -0.0039238505996763715
v -0.0013976593036204574 -0.006238024681806566 -0.00777025753632188
v 2.1225524449164365e-07 -0.006238006986677648 -0.00777024542912841
v 2.3814955341094898e-07 -0.006974140647798778 -0.007184467278420927
v -0.0013976605841889975 -0.006974153686314823 -0.007184481248259546
v 2.3391064019051552e-07 -0.007456544786691667 -0.006323386915028097
v -0.0013976639602333305 -0.0074565615504980105 -0.006323394365608694
v 2.257997095966857e-07 -0.007568088825792076 -0.005342704243957997
v -0.0013976729242131112 -0.0075681018643081206 -0.0053427182137966165
v 2.1304002473243597e-07 -0.007291382178664209 -0.004395284689962865
v -0.001397681073285639 -0.007291398476809265 -0.004395292606204749
v 2.022119787170595e-07 -0.006669558119028808 -0.0036287924740463504
v -0.001397696556523442 -0.006669571157544853 -0.0036288064438849696
v 1.8915646649020343e-07 -0.005833301693201066 -0.0031731522176414737
v -0.0013977072667330501 -0.00579955242574215 -0.0031627144198864707
v 1.6480497322390872e-07 -0.003916422370821238 -0.0033418990205973395
v -0.0013977227499708531 -0.003916434478014708 -0.003341914154589177
v 1.7951182940123542e-07 -0.004816930741071702 -0.0030696631874889144
v -0.0013977192575111983 -0.0048169437795877465 -0.00306967692449689
v 1.7834628351920398e-07 -0.004857975989580155 -0.0030657050665467986
v 1.8779644506139445e-07 -0.00579954031854868 -0.003162700217217208
v -0.001397726824507117 -0.003522372571751476 -0.0035984271671623
v -0.001397655578330159 -0.00334134721197188 -0.011506971903145315
v -0.001397720770910382 -0.0006184916710481049 -0.006693459115922453
v -0.001397708081640303 -0.0011924528516829016 -0.007545574568212034
v -0.0013976816553622482 -0.002427567029371858 -0.009592469781637194
v 1.5246796181145325e-07 -0.003183732507750393 -0.003923639189451934
v 1.5252336993398782e-07 -0.003522357204928995 -0.003598417853936554
v 9.321511384996482e-08 0.0020125529263168578 -0.002577729290351272
v 0.0035503390245139595 7.104155520210044e-05 0.0014983178116381173
v 0.0035503383260220285 -0.00040646805427968513 0.0014438771177083256
v 0.0024260131176561113 -0.00040646668639965366 0.0014438780490309002
v 0.002373634139075875 0.0004064544918946923 -0.0014438522048294546
v 0.003550335997715592 0.00040646805427968513 -0.0014438767684623601
v 0.0023745868820697065 0.000749682658351958 -0.0012990168761461975
v 0.0035503364633768793 0.0008422508253715935 -0.0012412139913067224
v 0.002382203238084912 0.001333943451754749 -0.0006859989953227342
v 0.002380119170993566 0.0012473632814362647 -0.0008331211865879597
v 0.0035503369290381666 0.0013339432189241054 -0.0006860020221211017
v 0.002379055600613355 0.0011919959215447309 -0.000910577306058258
v 0.0023768828250467773 0.0010303694289177658 -0.0010903438087552788
v 0.002396701136603951 0.0014875765191391115 0.00019265725859440869
v 0.00239394255913794 0.0014995468081906442 3.6907782487105585e-05
v 0.003550338093191385 0.0014995458768680696 3.690870289574378e-05
v 0.0023900684900581832 0.0014887161087244753 -0.0001836284354794771
v 0.0023849117569625373 0.0014128345064818861 -0.0005038819508627058
v 0.002402712823823094 0.0014033281477168205 0.0005297803436405958
v 0.003550337860360741 0.0012985784560441973 0.0007507957052439453
v 0.0024068257771432395 0.0012985774083063009 0.0007507971022278073
v 0.0035503371618688102 0.000780167290940881 0.0012811474734917285
v 0.002417862648144364 0.0007801686879247429 0.001281146542169154
v 0.0024148938246071334 0.0009646908147260549 0.00114863901399076
v 0.0024089401122182603 0.0012297780485823753 0.0008588621858507397
v 0.0024251998402178283 -3.068460864597001e-05 0.0014996890677139167
v 0.002422759076580405 0.0003444177564233542 0.0014599231071770193
v 0.0024193529970943923 0.0006692601018585266 0.0013424191856756809
v 0.0024255998432636257 -0.0006255354965105654 0.0013633448397740724
v 0.0024237399920821186 -0.0009328683372586968 0.0011746321106329562
v 0.00355035625398159 -0.0008422490209341051 0.0012412128271535041
v 0.002420414704829454 -0.0011921544792130592 0.0009103562915697696
v 0.0035503557883203025 -0.0013339418219402435 0.0006860006833449007
v 0.0024172433186322446 -0.0013339767465367915 0.0006860216963104905
v 0.0035503583494573827 -0.0014995443634688859 -3.691053643706255e-05
v 0.0024057547561824317 -0.0014996046666055922 -3.690929224831053e-05
v 0.0024109957739710803 -0.001473713200539351 0.00027994537958875304
v 0.002415793482214212 -0.0013797746505588295 0.0005882885307073594
v 0.00355035881511867 -0.0012985768262296917 -0.0007507975678890946
v 0.0023927676957100625 -0.0012971912510693075 -0.0007532180752605202
v 0.002399208722636103 -0.001442927052266896 -0.0004098330391570927
v 0.002404793398454785 -0.0014971897471696143 -9.329582826467234e-05
v 0.0023875532206147905 -0.0011067811865359547 -0.0010125889675691726
v 0.003550355555489659 -0.0007801663014106455 -0.001281149103306234
v 0.0023822102230042215 -0.0008218721486628058 -0.0012549133971333506
v 0.003550357418134808 -7.103925599949436e-05 -0.0014983190922066574
v 0.0023784895893186326 -0.0005357546033337713 -0.0014010722516104581
v 0.00238158437423408 -0.0007802212494425478 -0.0012812430504709484
v 0.0023736411239951845 0.0003765068540815265 -0.0014519268879666927
v 0.0023739449679851528 0.00014838615607004615 -0.0014927297597751026
v 0.0023754036519676443 -0.00017340818885713818 -0.0014898837544023995
v 0.0023865818511694665 -0.002116075484082103 -0.001331521896645427
v 0.002291276585310697 -0.0005180026637390257 -0.006550230085849764
v 0.0035503583494573827 -0.0021160719916224484 -0.0013315147953107955
v 0.003550280816853046 -0.0005180030711926521 -0.00655025150626898
v 0.0035503881517797704 -0.0023345886729657654 0.0008942359127104285
v 0.002425158396363258 -0.0023343141656368975 0.0008950912160798909
v 0.0035503834951668973 -0.002493130508810282 0.00018579332390800124
v 0.0024193830322474237 -0.0024443657603114848 0.0005249122041277588
v 0.0024115149863064285 -0.0024996842257678513 4.478098708204926e-05
v 0.002403229475021362 -0.002461879048496485 -0.000435692840255797
v 0.0035503706894814964 -0.002409595996141434 -0.0006665950058959426
v 0.002394801471382379 -0.002332089934498072 -0.0009010215289890768
v 0.002374458592385053 0.0023340811021626 -0.0008955854573287072
v 0.003550306428223848 0.0023344776127487425 -0.0008945766603574159
v 0.002368122339248657 0.0021191404666751627 -0.0013267645845189693
v 0.003550304332748055 0.0019461428746581082 -0.0015693419845774774
v 0.0023647807538509365 0.0019461379852145915 -0.001569334883242846
v 0.0024427548050880428 -0.0010458787437528374 0.0022706564050167803
v 0.002440487733110785 -0.0014602736337110402 0.0020290354732424025
v 0.0035503909457474943 -0.0014229840599000456 0.002055381424725056
v 0.0035503914114087816 -0.0020957700908184056 0.0013629102613776924
v 0.0024315149057656522 -0.0021191157866269354 0.0013271272182464602
v 0.002436681883409619 -0.0018240723293274645 0.001709493924863637
v 0.0024434372317045923 -0.0005888993036933244 0.0024294322356581692
v 0.0035503820981830354 -0.0005379725480452181 0.002441271906718612
v 0.0024434134829789396 -0.0005379808135330678 0.0024412374477833514
v 0.002435920992866158 0.0008396492921747269 0.0023545883595943455
v 0.0024395571090281005 0.0004272455698810519 0.0024630336556583647
v 0.003550371620804071 0.00042726294486783456 0.0024630404077470307
v 0.0024399484973400827 0.00037236991920508455 0.0024719196371734147
v 0.0024424872826784845 -0.00010868224489968273 0.002497488167136908
v 0.0024305500555783506 0.0012758186785504224 0.0021497269626706843
v 0.0035503536928445096 0.0013287670444697144 0.0021174307912588124
v 0.0024297712370753284 0.0013287425972521307 0.002117422875016928
v 0.0024085571058094497 0.0022452382836490874 0.0010992530733346941
v 0.002415519673377275 0.002032021060585976 0.0014559719711542132
v 0.0035503357648849483 0.002032086485996843 0.001455988851375878
v 0.0024165983777493234 0.001992484321817756 0.001509653753601015
v 0.0024240298662334676 0.0016649479512125258 0.0018647158285602932
v 0.0024001877754926677 0.0024145434144884352 0.0006476138369180263
v 0.003550323192030191 0.002432319335639477 0.0005773712764494122
v 0.002398920943960547 0.0024322727695107464 0.0005773852462880314
v 0.0023917392827570434 0.0024942504242062573 0.0001683136360952631
v 0.00355031038634479 0.002469776431098581 -0.0003873849054798485
v 0.0023836491163820024 0.0024801362305879597 -0.0003142172645311803
v 0.002376544056460261 0.0023816423490643506 -0.0007602575933560731
v 0.002347449772059917 0.0020125617738813166 -0.002577740699052811
v 0.002347457222640514 0.0009092643740586939 -0.002863507485017181
v 0.0023466504644602533 0.0007176867802627386 -0.0029607850592583427
v 0.00234438432380557 0.0005843091057613493 -0.003129472257569433
v 0.002341868123039603 0.0005375397158786656 -0.0032904292456805715
v 0.002344981767237186 0.0006068589864298702 -0.0030882530845701703
v 0.002341044601052999 0.0005341220530681313 -0.003340021241456271
v 0.002338947961106896 0.0005471264012157918 -0.0034608375281095513
v 0.0022907461971044536 0.0011695817811414602 -0.006152462214231493
v 0.0022908537648618217 -0.0005518579855561257 -0.006598307285457851
v 0.0035502838436514135 0.0020554591901600365 -0.0032291007228195676
v 9.367037989704839e-08 0.0020554559305310254 -0.0032290886156260976
v -0.003550097811967134 0.0020553804934024815 -0.003229113761335612
v -0.0035500882659107442 0.0019146580016240482 -0.0036107189953327188
v -0.003550071502104401 0.001453799428418279 -0.0041003390215337285
v -0.0035500733647495504 0.000963252561632544 -0.004651263356208802
v -0.003550097811967134 0.0020256021525710825 -0.003434876212850214
v -0.0006925165653228759 -0.0035000876523554334 -0.011892003938555721
v -2.536949637033103e-07 -0.0035185548476874837 -0.01193812303245068
v -5.4855540554399334e-08 -0.0034311977215111264 -0.01172241754829884
v -0.0049997931346297255 -0.0011441990500316026 -0.007471748162060978
v -0.004981117323040961 -0.0013815808342769744 -0.007838495075702669
v -0.00497110467404127 -0.001437090919353068 -0.007925653830170633
v -0.004861289635300635 -0.001774561707861722 -0.008467320352792742
v -0.004667668603360652 -0.0020946292206645016 -0.00900208577513695
v -0.004387697204947471 -0.002393052447587252 -0.009529097937047483
v -0.0049807438626885405 -0.0009025508188642564 -0.0071081425994634646
v -0.004911005496978759 -0.0006178191397339107 -0.0066923843696713465
v -0.00485004112124443 -0.00045946656609885405 -0.006467477884143593
v -0.004877427127212285 -0.0005256445729173721 -0.006560892798006536
v -0.0038921032100915904 0.0007156439241953195 -0.004943218547850848
v -0.004280985798686742 0.00036367424763739114 -0.005374046508222819
v -0.0043663354590535155 0.0002722775971051306 -0.005489379633218051
v -0.004643261432647704 -8.15115126897581e-05 -0.005949619691818954
v -0.0047177551314234725 -0.0002000031818170101 -0.006109026726335289
v -4.517655138869258e-09 -0.003341333707794548 -0.011506940238177778
v -0.004346438217908143 -0.002428964944556356 -0.009594976902008058
v -0.004026971757411956 -0.002661884063854814 -0.010038139298558237
v -0.0036160405725240703 -0.00288099329918623 -0.010482221841812136
v -0.0030783270485699172 -0.0030913867522031077 -0.010935011319816114
v -0.002506993012502789 -0.003252158872783185 -0.011298544704914095
v -0.0019627248402684923 -0.003361549926921726 -0.011554941534996034
v -0.0013405552599579094 -0.0034476686269044885 -0.011762678623199466
v 0.0013979446375742552 -0.003341333707794548 -0.011506932787597181
v 0.001398023567162454 -0.006237997673451902 -0.007770257070660593
v 0.00139795895665884 -0.0006181285134516657 -0.0066929850727319735
v 0.0013980593066662548 -0.007452885620296003 -0.006334604229778053
v 0.001398040330968797 -0.006970282644033434 -0.007188944611698391
v 0.0013979590730741618 -0.0011904430575668814 -0.007542548701167108
v 0.001397953601554036 -0.002426619874313474 -0.009590786881744863
v 0.0013980388175696132 -0.0035201269201934346 -0.0036001899279654035
v 0.0013980461517348883 -0.003916404210031033 -0.003341914853081108
v 0.0013980596559122203 -0.00485795782878995 -0.003065720899030567
v 0.0013980704825371502 -0.005833283532410861 -0.003173168050125242
v 0.0013980782823637126 -0.006692134309560062 -0.0036477015819400558
v 0.001398075371980667 -0.007302205543965103 -0.004416219890117646
v 0.0013980687363073228 -0.0075695165432989615 -0.005360332317650319
v 0.0007276632240973412 0.0009098951704800131 -0.002863326342776418
v 0.0007284346502274274 0.0007959556533023717 -0.0029079299420118336
v 0.0007334846886806189 0.0006326318252831699 -0.003049751743674279
v 0.0007422868511639534 0.0005447855801321567 -0.003245989093557001
v 0.0007532191812060772 0.0005471413023769857 -0.0034608752466738233
v 0.0008979583508335053 0.0011695784050971272 -0.006152441259473564
v 0.0038014927413314577 0.0007871012203395369 -0.004858264699578286
v 0.0035502831451594825 0.0009645704994909467 -0.004649696871638299
v 0.004911824129521846 -0.0006179986521601678 -0.006692853290587665
v 0.004744162783026694 -0.00024623807985335594 -0.006172141525894405
v 0.00471789389848709 -0.00020063669944647705 -0.006110056303441526
v 0.004489531740546226 0.00012918653374072167 -0.005672845989465714
v 0.004281794186681508 0.0003636771871242673 -0.0053741680458188066
v 0.003895984031260013 0.0007131879683583976 -0.004946216940879823
v 0.0049139237962663165 -0.0006242669769562782 -0.006701845210045578
v 0.004993888083845376 -0.0010030667763203385 -0.00725838076323271
v 0.004538129083812236 -0.0022471728734672074 -0.009267447516322138
v 0.004693128168582915 -0.0020595996174961333 -0.008942447602748873
v 0.0048862132243812076 -0.0017157176043838267 -0.008371575735509397
v 0.004980917554348706 -0.001381307374686003 -0.0078382370993495
v 0.0036198906600475307 -0.0028796391561627392 -0.010479549877345564
v 0.0040537617169320575 -0.0026440694928169255 -0.010003384202718736
v 0.004347399808466434 -0.0024284766986966137 -0.009594263508915903
v 0.0044094077311456195 -0.002374084666371346 -0.009494727477431299
v 0.001970492303371429 -0.0033603133633732804 -0.011551965028047563
v 0.0025639280211180444 -0.0032382456120103606 -0.01126660779118538
v 0.0031180605292320247 -0.0030782013200223455 -0.01090605277568102
v 0.001335924840532243 -0.003448285162448884 -0.011764108203351501
v 0.0006833067745901643 -0.0035006613470613965 -0.01189339999109507
v 0.0035502717364579435 0.0014538749819621446 -0.004100349266082049
v 0.003550279419869184 0.0019147978164255623 -0.003610664978623391
v 0.003550282679498195 0.002025697380304337 -0.0034348436165601024
v 0.0007094275206327437 0.0019337023841217165 -0.0035910080187022695
v 9.271442280578411e-08 0.0019649141468107705 -0.003553579095751048
v 9.258579325432946e-08 0.002025693422183395 -0.0034348319750279197
v 0.0008650176459923385 0.0019162263488397007 -0.0036091639194637546
v -0.0008646479109302162 0.0019154441542923455 -0.0036099462304264316
v -0.00021035673853475598 0.0019642380066215996 -0.0035595539957284936
v -0.004030659329146146 -0.0005492154741659762 -0.028181489557027824
v -0.0038976555224508043 -0.0006213966989889742 -0.028561400249600417
v -0.003924595192074775 -0.0006809490732848645 -0.02814301662147046
v -0.003949933219701051 -0.0007352853426709773 -0.02772496826946736
v -0.00399936968460679 -0.0006711528403684498 -0.02776175923645497
v -0.004047057591378688 -0.000548435316886753 -0.02808994613587857
v -0.004045453388243913 -0.0005965594318695367 -0.02786225266754628
v -0.003111246274784207 -0.0012613543076440694 -0.02890868857502938
v -0.0031042273622006174 -0.0012982857879251244 -0.028772950172424323
v -0.003118033288046717 -0.0012887128395959737 -0.02876959368586541
v -0.0031245390418916936 -0.0013152617029845717 -0.02863024920225144
v -0.003673335304483771 -0.001013099914416671 -0.027795238420367248
v -0.003769910195842385 -0.0009266071720048787 -0.027740942314267165
v -0.003865017788484692 -0.0008314980077557268 -0.027713930234313018
v -0.003910162951797246 -0.0007819976890459659 -0.02771419286727906
v -0.0035786367952823635 -0.0010894569568336012 -0.02786929532885552
v -0.0037554306909441944 -0.0007186753791756929 -0.028803806751966483
v -0.0034886251669377084 -0.0009127511875703933 -0.029065689072012908
v -0.0034518269822001453 -0.0009403988951817157 -0.029086556285619743
v -0.00317203183658421 -0.0011806529946625235 -0.029050929471850402
v -0.0032702228054404254 -0.0010872321436181667 -0.02911412715911866
v -0.0034173075109720226 -0.0009668481652624907 -0.02910184673964978
v -0.00321271875873208 -0.00130265299230814 -0.028373429551720626
v -0.0033233393914997573 -0.0012548711383715274 -0.028170948848128326
v -0.0035073286853730674 -0.000898792874068022 -0.029053732752799995
v -0.0035781045444309707 -0.0008461153483949604 -0.029001759365201003
v -0.0033788809087127443 -0.0012244053650647404 -0.02809013798832894
v -0.0034770430065691467 -0.0011341243516653778 -0.027721792459487922
v -0.003550273366272449 -0.0010373087134212258 -0.02759132161736489
v -0.0036031028721481557 -0.0010474105365574362 -0.027654277160763747
v -0.003718851832672953 -0.0009451204095967116 -0.02758919447660447
v -0.003960339352488517 -0.0006836355896666647 -0.027567682787776
v -0.0039028134196996685 -0.0007551605231128635 -0.02755542844533921
v -0.0038977705407887693 -0.0007490472053177657 -0.027539141476154334
v -0.0038436562754213806 -0.0007997209904715421 -0.027525678277015693
v -0.003840470919385552 -0.0008239058079198005 -0.02755479514598847
v -0.003817238844931125 -0.0008227909565903249 -0.027521945536136634
v -0.0036547377239912744 -0.0009466561023145916 -0.027530936524271972
v -0.003608665661886334 -0.000976991141214967 -0.0275414064526558
v -0.003405659459531307 -0.001117649953812361 -0.027657646685838706
v -0.0033759332727640863 -0.0011037124786525967 -0.027636772021651275
v -0.003963081166148185 -0.0006929098162800075 -0.027586093172431
v -0.003914848901331424 -0.0007759196450933816 -0.02763472311198712
v -0.0038608408067375417 -0.0008353355224244299 -0.02763428539037705
v -0.0037520180922001596 -0.0009439580026082697 -0.02766509726643563
v -0.0036454710643738504 -0.001038696267642081 -0.027724934741854675
v -0.0035377559252083297 -0.0011230143718421461 -0.027797080576419837
v -0.004125812556594609 -0.00019005069043487316 -0.027708010748028762
v -0.004125813487917184 -0.00037372286897152673 -0.027930667623877532
v -0.004119365476071834 -0.0004232232167851181 -0.027836257591843612
v -0.004123600665479898 -0.00020732982375193393 -0.027638394385576255
v -0.00406941957771778 -0.0005372460000216962 -0.027680339291691787
v -0.004083797801285981 -0.0002996310067828745 -0.02745171263813973
v -0.003823002334684133 -0.0006497483700513841 -0.027318898588418968
v -0.004000526387244462 -0.000429885054472834 -0.02734638564288617
v -0.00406736647710204 -0.00032821268541738396 -0.02741916291415692
v -0.0036171269603073593 -0.0008569492492824795 -0.02740024589002133
v -0.00338806421495974 -0.001046750112436712 -0.02756756357848645
v -0.003210744354873895 -0.0011684624478220942 -0.027744160965085037
v -0.004096617922186851 -0.00029434773023240274 -0.028159881010651595
v -0.004086866974830627 -0.00017136817041318866 -0.028060015290975578
v -0.003982381429523229 -0.00024905480677261954 -0.02847250737249852
v -0.003951391205191611 -0.0002480675466358662 -0.028533753007650382
v -0.004075068049132823 -0.0004715503309853376 -0.028193736448884017
v -0.003935982473194598 -0.0005492810741998256 -0.02859993092715741
v -0.003950915299355983 -0.0004590443568304182 -0.028632953763008125
v -0.003937012050300836 -0.00036508450284600263 -0.028653804212808616
v -0.0039264862425625316 -0.00026500434614717966 -0.028597719967365272
v -0.0038998753298074003 -0.0002837104548234493 -0.028660325333476074
v -0.004125094972550868 -0.00039491712232120346 -0.02792990021407605
v -0.004095131531357764 -0.0003767271409742535 -0.028201617300510413
v -0.003980098757892846 -0.0006951291579753162 -0.02764617837965489
v -0.004044707398861646 -0.0006069609662517906 -0.02770806662738324
v -0.004102802835404872 -0.0004875539161730559 -0.027949338778853423
v -0.004085616208612918 -0.0005383388488553465 -0.027803400531411178
v -0.0037877361755818124 -0.0006532081170007588 -0.028856718912720687
v -0.0035986055154353376 -0.000791264930739999 -0.029070315882563598
v -0.003797735553234815 -0.0005686654476448895 -0.028903380036354072
v -0.0035981521941721435 -0.0007161337998695673 -0.029131801798939712
v -0.0037810371723026033 -0.00047826129593886446 -0.02893455885350705
v -0.0035744116175919767 -0.0006320828688330949 -0.029174182564020164
v -0.003813900519162416 -0.00034652242902666336 -0.02883239835500718
v -0.003717911662533879 -0.0004185507132206113 -0.028984734788537032
v -0.003628078149631619 -0.0004865485825575889 -0.029098736122250564
v -0.003535623429343104 -0.0005568574415519835 -0.029192192479968078
v -0.0032793441787362094 0.002303169341757894 -0.03357630968093873
v -0.003604362718760967 0.002250478602945805 -0.033094137907028205
v -0.003606157377362251 0.0030697884503752 -0.03311365470290185
v -0.002883866429328918 0.00236282404512167 -0.03404574841260911
v -0.0036061503924429412 0.0031596964690834293 -0.03311613947153092
v -0.0034936366137117143 0.0031787201296538123 -0.03329569101333619
v -0.0033219039905816312 0.0031985894311219462 -0.033543597906827934
v -0.00288385828025639 0.0032162244897335776 -0.034069199115037925
v 0.00020598326227627692 0.0005582544254139067 -0.03449367731809617
v 0.000485115626361221 0.0007449462427757683 -0.03462481871247292
v 0.00046467795618809754 0.0006410544738173486 -0.03453898057341576
v -0.00020772079005837438 0.000916136894375086 -0.034793432801961906
v -0.0004849635006394237 0.0007450602715834977 -0.03462491929531098
v -0.0004647979221772402 0.000848474679514766 -0.03471276909112931
v -7.410458056256174e-05 0.0003809718182310463 -0.03433478623628617
v -0.0002908594324253499 0.00045138481073081504 -0.03438846394419671
v -0.00043705635471269483 0.0005873846239410342 -0.03449557721614838
v -0.00034315450466237957 0.0009978630114346745 -0.03484418243169785
v -0.00016636308282613752 0.0010790379019454124 -0.03491808846592904
v 7.051714055705814e-05 0.0010963493259623649 -0.03493412211537362
v 0.0002883108973037451 0.0010320784058421852 -0.03487509116530419
v 0.00043572680442593986 0.0009035235270857813 -0.034760542213916786
v 0.00034247786970809097 0.00048560736468061816 -0.03441501036286355
v 0.00016383692855015394 0.00039858458330854784 -0.034348074346780784
v -0.0006984692299738525 0.0007010679109953345 -0.03427749872207642
v -0.0007446076488122343 0.0009003636660054328 -0.034439697861671455
v -0.0007142122485674917 0.0008452926995232703 -0.03450539335608483
v -0.0006783044082112609 0.0006740947719663383 -0.03436492010951043
v -0.0005538805271498858 0.0004971731104888023 -0.034225326031446464
v -0.0005653996486216782 0.0005230605602264405 -0.034139219671487815
v -0.0004050501738674938 0.0003888858773279936 -0.03414277359843255
v -0.0003614152374211698 0.00038999030948616575 -0.03404008224606515
v -0.00016633156337775287 0.0003042564203497023 -0.03407998755574227
v -0.00011191101657459511 0.0003211910952813924 -0.0339905507862568
v 3.038283864498225e-07 0.00031440754537470644 -0.03398579359054566
v 9.815333032747729e-05 0.00029395145247690385 -0.034072469919919975
v 0.0001377039006911218 0.000324698310578242 -0.033993028104305274
v 0.00035231577930971975 0.0003626204270403833 -0.03412310406565667
v 0.0003845397441182285 0.0004006376548204572 -0.03404784575104714
v 0.000553157238755375 0.0004963221144862474 -0.03422465547919274
v 0.0005823193350806831 0.0005391415907070042 -0.03415144234895707
v 0.0006797731039114295 0.0006772134802304209 -0.034367423504590995
v 0.0007069301209412514 0.0007194472709670664 -0.03429210931062699
v 0.0007144254050217568 0.00084519135998562 -0.03450515121221543
v 0.0007447556126862763 0.0009001766447909179 -0.034439530223608024
v 0.0005728295654989778 0.0007604868733324113 -0.03460625186562539
v 0.0005449585150927304 0.0006277341162785889 -0.0344969965517521
v 0.00044346894719637925 0.0004849958640988917 -0.03438356518745423
v 0.0002825352421496063 0.0003796843520831318 -0.03430268913507462
v -0.0005726435920223593 0.0007606166182085874 -0.03460638970136643
v -0.0005437514628283678 0.0006252697203308345 -0.03449501097202302
v -0.00044401778723113233 0.00048566650366410624 -0.03438409790396691
v -0.00032476297928951675 0.0004003590438514949 -0.03431836888194085
v -0.00013341190060600636 0.00033377786166965967 -0.03426828235387803
v 7.875940355006604e-05 0.00032568271853961056 -0.034262284636497504
v 0.0006545535870827733 0.0007953005842864516 -0.03456468507647515
v 0.00062274606898427 0.0006424682796932758 -0.034439187496900565
v 0.0005067570018582045 0.0004779772716574372 -0.0343090407550335
v 0.0003228127607144415 0.00035647771437652414 -0.03421638160943986
v 8.996137330541386e-05 0.0002941150742117316 -0.03417015448212624
v -0.00015241763321682808 0.00030347058782354 -0.03417701646685601
v -0.0003711006429512053 0.00038034009048715245 -0.03423433750867844
v -0.0005074061336927115 0.00047874657320790004 -0.03430964425206185
v -0.0006213882006704806 0.0006396333919838072 -0.03443690761923791
v -0.0006543395575135945 0.0007954245083965363 -0.03456487506628037
v 0.0006988772656768559 0.0010957195190712812 -0.03460644185543061
v 0.0006787995807826518 0.0010137879289686682 -0.03464879840612412
v 0.0005546741886064409 0.0011826433474197986 -0.034798353910446174
v 0.0005661713075824081 0.001263715676032007 -0.03475665673613549
v 0.0004048358823638409 0.001283862045966089 -0.03489102423191071
v 0.00036235837615095074 0.0013854949502274396 -0.0348699800670147
v 0.00016593233158346263 0.0013606568099930885 -0.03496310859918595
v 0.00015019315469544378 0.0014421996893361213 -0.03492430225014687
v 3.6187509522278555e-07 0.0014530636835843327 -0.034934882074594505
v -9.807611058931796e-05 0.0013697955291718247 -0.034971814602613456
v -0.00011408903083065523 0.0014467830769717695 -0.03492876514792443
v -0.0003517449076753109 0.0013078787596896293 -0.03491339087486268
v -0.000363929895684123 0.0013848443049937489 -0.03486935794353486
v -0.0005527158500626682 0.001184286433272064 -0.03479984775185586
v -0.0005666249780915676 0.00126306782476604 -0.03475609794259072
v -0.0006794928340241312 0.0010118519421666863 -0.03464712947607041
v -0.00068907777313143 0.0011142581934109332 -0.034622706472873695
v -0.000743627781048417 0.000930211856029928 -0.03446465730667115
v -0.000544980342965573 0.0008925237925723197 -0.03471863269805909
v -0.0004435277078300714 0.0010294835083186629 -0.03483933582901955
v -0.0002824051480274647 0.001127894734963775 -0.03492895886301995
v 0.0005444569978863 0.0008940642583183946 -0.03471995890140534
v 0.00044512795284390444 0.0010281765135005119 -0.03483815863728524
v 0.00032501961686648423 0.0011087555903941395 -0.034911315888166435
v 0.00013329841021914032 0.0011699853930622341 -0.03496814891695977
v -7.876945892348884e-05 0.0011772816069424155 -0.034975010901689536
v -0.0006226407713256775 0.0009470967343077066 -0.034693960100412376
v -0.0005066038575023412 0.0011043103877454998 -0.03483294695615769
v -0.000322484818752855 0.001217105193063617 -0.03493624180555344
v -8.993618394015356e-05 0.001273654284887016 -0.03498937189579011
v 0.00015217025065794584 0.0012653027661144736 -0.034981455653905875
v 0.0003711491008289158 0.001195178832858801 -0.03491589799523354
v 0.0005084117292426525 0.001102810259908438 -0.03483158722519875
v 0.0006220200448296963 0.0009488626965321603 -0.03469548374414445
v -0.0024973377585411067 0.0006527877412736417 -0.03359618782997132
v -0.0027568759396672245 0.000823261041659862 -0.03352798148989678
v -0.002672618022188544 0.0008938842220231893 -0.03366697952151299
v -0.0023856093175709243 0.00023444299586117273 -0.033247694373130805
v -0.0025104198139160867 0.0003066813223995269 -0.03322467952966691
v -0.0023059027735143896 0.0008700978360138836 -0.03394175693392754
v -0.002512258011847734 0.0009166484815068545 -0.03382230550050736
v -0.0027851075865328308 0.0007108632125891746 -0.03339647501707078
v -0.0027429342735558744 0.00056193774798885 -0.033288653939962394
v -0.0026706946082413192 0.0004530979203991593 -0.0332421436905861
v -0.001885735662654042 0.00023778677859809255 -0.03361018374562264
v -0.002021754160523414 0.00017229175136890265 -0.03344866260886193
v -0.0022612975444644685 0.00018816404917743062 -0.03329326957464219
v -0.001864484162069857 0.0005097375251352788 -0.03390410169959069
v -0.0021069976501166816 0.00039789732545614253 -0.033636212348937995
v -0.0019430021056905387 0.000625130778644234 -0.03396666422486306
v -0.002104373415932059 0.0007657243404537442 -0.03399139642715455
v -0.0018297890201210973 0.00036395562347024685 -0.033778339624404914
v -0.001878288574516773 0.0006598186446353794 -0.03401853889226914
v -0.002003664150834083 0.0007783495821058752 -0.034048397094011314
v -0.0019454400753602383 0.0008489290485158565 -0.034083776175975806
v -0.0018018770497292278 0.0007131313323043288 -0.034049220383167274
v -0.0018844052683562038 0.0009256544290110471 -0.03408778086304665
v -0.001727384980767965 0.0007770035299472513 -0.03404966369271279
v -0.0025657138321548696 0.0011921676341444256 -0.033815227448940284
v -0.0023413551971316333 0.0012466881889849903 -0.03392098098993302
v -0.002370705362409353 0.0011681017931550743 -0.03395321592688561
v -0.0020917160436511035 0.0011550687486305835 -0.03403156623244286
v -0.0021222755312919612 0.001076179323717952 -0.034059628844261176
v -0.0018599969334900377 0.0010128966532647612 -0.03406535461544991
v -0.002750786021351814 0.0011964336736127736 -0.03358314186334611
v -0.002602926222607493 0.001266226056031883 -0.03371908515691758
v -0.0025667746085673566 0.0012695359764620664 -0.033753339201211936
v -0.002743581077083945 0.0011576478136703374 -0.033630788326263435
v -0.0028638248331844802 0.001061449176631868 -0.03343580290675164
v -0.002875845646485686 0.0010560031514614823 -0.03339402005076409
v -0.002912296680733561 0.0009318758384324612 -0.03327173367142678
v -0.0027456451207399364 0.0004763531032949687 -0.03297745063900948
v -0.002740709343925118 0.0004901776555925609 -0.03294666856527329
v -0.002805253257974982 0.0005586128681898118 -0.03300734236836434
v -0.002861941466107964 0.0006680332007817925 -0.03305038437247277
v -0.002894062781706452 0.0007471301942132416 -0.0331128016114235
v -0.002914792392402887 0.0008654384873807432 -0.033203471451997764
v -0.0029153174255043264 0.0008865581476129594 -0.03322235122323037
v -0.002742868615314364 0.0004488077829591931 -0.03307104855775834
v -0.002763030584901571 0.0005062712007202209 -0.033188860863447196
v -0.0027154996059834953 0.00044135432108305405 -0.03316443413496018
v -0.002164973877370357 0.0009878467535600068 -0.03405795246362687
v -0.0021982511971145864 0.0009014009847305717 -0.0340256653726101
v -0.0023960927501320835 0.001073541818186641 -0.03395975381135941
v -0.0024056655820459123 0.0009782852139323952 -0.033938381820917136
v -0.0025777390692383047 0.0010962680680677297 -0.03383218869566918
v -0.0025690591428428884 0.0009988469537347557 -0.033824697136878974
v -0.0027423831634223457 0.0010647905291989448 -0.03366248682141305
v -0.002715842798352241 0.0009711269522085788 -0.033674530684947974
v -0.002852244302630424 0.0009772437624633314 -0.0334848314523697
v -0.002811925951391458 0.0008949016919359567 -0.0335197076201439
v -0.0028957459144294258 0.0008602593443356457 -0.03333673626184464
v -0.0028490198310464616 0.0007945160614326598 -0.0333925522863865
v -0.002878616331145167 0.0006940000457689167 -0.03319383785128594
v -0.002833651145920157 0.0006527026998810471 -0.03327061608433724
v -0.002797472290694713 0.0005235362332314254 -0.03309864923357964
v -0.0016688940813764928 0.000837555911857635 -0.03402428701519967
v -0.00291533931158483 0.0009486742783337834 -0.03314704820513726
v -0.0029145113658159967 0.0009748375741764905 -0.03317208588123322
v -0.0027821413241326805 0.0012060706503689291 -0.03350532054901124
v -0.00286363111808896 0.0011278474703431132 -0.03335957601666451
v 0.0022934579756110902 0.00019729707855731254 -0.03327887132763863
v 0.0020613584201782937 0.00016626677825115624 -0.03341465815901757
v 0.0021238850895315404 0.00040176429320126783 -0.03362861648201943
v 0.0018973381957039235 0.00022664293646812444 -0.03359077125787736
v 0.0018324271077290175 0.00033813924528658395 -0.033750001341104514
v 0.002159816678613424 0.0008001698879525068 -0.03398451581597329
v 0.002064685337245464 0.0007369720260612669 -0.03399194031953812
v 0.0019429657841101287 0.0006246220436878503 -0.03396627679467202
v 0.001846332103013992 0.0004665640008170159 -0.033872485160827644
v 0.002501775044947862 0.0006539698806591333 -0.03359374031424523
v 0.0023155098315328355 0.0008730904664844277 -0.033937342464923866
v 0.002562558045610785 0.0009159239707514646 -0.03378042951226235
v 0.0027690702117979522 0.0006239853100851179 -0.03332673385739327
v 0.002670449204742908 0.0004523498355410994 -0.033241666853427894
v 0.0027823913842439647 0.0007548969588242473 -0.03344100713729859
v 0.002722521079704165 0.0008614960825070741 -0.033593926578760154
v 0.002543861977756023 0.0003306892758700997 -0.03322253748774529
v 0.002912224037572741 0.0008292708080261948 -0.033199399709701545
v 0.002894965466111898 0.0009859526762738826 -0.03336210548877717
v 0.002909589791670441 0.0009524470660835507 -0.033284775912761695
v 0.002887933980673551 0.001028658705763519 -0.03336362913250924
v 0.0028127753175795074 0.0010999615769833329 -0.033540930598974235
v 0.002782020019367337 0.0011722110211849215 -0.03354520350694657
v 0.0026661977171897884 0.001164824119769037 -0.03372855484485627
v 0.00260305474512279 0.0012655132450163367 -0.03371852263808251
v 0.002461573109030723 0.0011670085368677976 -0.03390236571431161
v 0.002538860542699694 0.0012697038473561408 -0.03377761691808701
v 0.0023172290530055757 0.0011343907099217179 -0.033988084644079215
v 0.0022973774466663595 0.001234187628142536 -0.03394479304552079
v 0.0020822898950427766 0.001150172087363899 -0.03403356671333314
v 0.002051395364105701 0.001016939524561167 -0.03407938778400422
v 0.0019966398831456895 0.0011039224918931725 -0.03405360877513886
v 0.0018373315688222645 0.0008619923028163614 -0.03408187627792359
v 0.001845601014792919 0.001002118573524058 -0.03406471386551858
v 0.0017300839535892008 0.000774037907831371 -0.03404985368251801
v 0.001668925513513386 0.0008371198782697322 -0.03402393683791161
v 0.001981289824470877 0.0007148511358536781 -0.03401944041252137
v 0.0021460899151861663 0.0008339895866811278 -0.0340174324810505
v 0.002357096411287784 0.0009271441958844664 -0.033946398645639426
v 0.002473037457093596 0.0009534695418551566 -0.033878970891237266
v 0.0026361308991909023 0.0009523005574010315 -0.033742979168891914
v 0.0027493978850543495 0.0009030005312524738 -0.03359980508685113
v 0.002810032339766621 0.0008190176449716093 -0.03346790000796319
v 0.002821435453370213 0.0007062971126288177 -0.03335074335336686
v 0.0027831010520458217 0.0005780004430562259 -0.03326011076569558
v 0.002733901143074035 0.0004423328209668399 -0.033110704272985465
v 0.0028674288187175985 0.0006795190274715425 -0.03305815905332566
v 0.0027404224965721364 0.0004894061130471529 -0.032946150749921806
v 0.0027448087930679317 0.00047754193656146537 -0.03297219425439835
v 0.002861313987523317 0.0006510880775749684 -0.03307352215051652
v 0.0029151916969567533 0.0008857669308781626 -0.03322177007794381
v 0.001840588869526982 0.000684131169691682 -0.034037061035633094
v 0.0019116275943815706 0.0007819897728040817 -0.03406940028071404
v 0.002104363869875669 0.0009214366436935963 -0.03406712040305138
v 0.0023465566337108608 0.0010285330936312678 -0.03398469835519791
v 0.0024786584544926877 0.0010585478739812972 -0.0339069850742817
v 0.0026653232052922245 0.001056992099620402 -0.033749733120203025
v 0.0027973738033324476 0.0009990483522415163 -0.03358162939548493
v 0.002870060503482818 0.0008982625440694394 -0.03342347964644433
v 0.002884629881009459 0.0007608981104567649 -0.0332808829843998
v 0.0028390807565301652 0.000604586850386113 -0.033170580863952644
v 0.003606231184676289 0.003159784013405443 -0.0331161841750145
v 0.003493738360702991 0.0031787985935807237 -0.03329569473862649
v 0.003611473366618156 0.00324771460145712 -0.03310482576489449
v 0.003498935373499989 0.0033146385103464135 -0.03328002244234086
v 0.0035839716438204046 0.0036119576543569573 -0.03302822634577752
v 0.003459997940808534 0.00367752485908568 -0.03320368006825448
v 0.0028576112817972894 0.0035883588716387757 -0.03403934463858605
v 0.0027804167475551362 0.0038962962571531543 -0.033962242305278785
v 0.0030927541665732856 0.0038249259814620027 -0.03364459797739983
v 0.003192831994965672 0.0035551479086279878 -0.03365635499358178
v 0.00308573804795742 0.0032126596197485932 -0.03384362161159516
v 0.002883963286876678 0.003216198645532132 -0.03406919166445733
v 0.0036062120925635095 0.0030070028733462104 -0.03311200812458993
v 0.0036073790397495027 0.0022500962950289254 -0.033089339733123786
v 0.003176424885168671 0.0023188770283013587 -0.03370901197195054
v 0.0036064893938601013 0.00258123385719955 -0.033099852502346046
v 0.0028840012382715936 0.0023628768976777796 -0.03404573351144791
v 0.00360650778748095 0.0027406907174736266 -0.03310419991612435
v 0.002887630136683583 0.002206488745287061 -0.03398831933736802
v 0.0032713876571506257 0.0019099621567875151 -0.03342272713780404
v 0.002888823393732309 0.0017042359104380016 -0.03374367207288743
v 0.003251197282224893 0.00142119184602052 -0.03314710408449174
v 0.0028637554496526714 0.0011268230155110361 -0.03335868567228318
v 0.0028137399349361654 0.000631297123618424 -0.032938476651906974
v 0.0028691387269645925 0.0007393305422738197 -0.03299284353852273
v 0.0031976827885955568 0.0009499339503236117 -0.03281608223915101
v 0.0029010521247982974 0.000835443031974137 -0.033054735511541374
v 0.0029090137686580415 0.0010170905152335765 -0.0332162156701088
v 0.003539173630997538 0.0011833725729957225 -0.03254646062850953
v 0.0031193816103041168 0.000531393219716847 -0.032467849552631385
v 0.0027903148438781496 0.00044335704296827327 -0.032752610743045814
v 0.003596023423597216 0.0017068207962438469 -0.032850071787834174
v 0.0036074882373213764 0.0022425246424973015 -0.033086646348238
v 0.0027042627334594722 0.0004195433866698296 -0.03281402587890626
v 0.0026151367928832765 0.00039504573214799177 -0.032873876392841346
v 0.0026739970780909057 0.00045174267143011104 -0.0328819826245308
v 0.0027916515246033664 0.0005967143806628884 -0.032924253493547447
v 0.0025373219978064294 0.00033064695890061563 -0.032871600240468986
v 0.002453246153891086 0.00027190032415091997 -0.03287790343165398
v 0.0025319736450910564 0.00031664699781686073 -0.03288379684090615
v 0.002785495482385158 0.0012031213846057656 -0.03349978476762772
v 0.002735588233917951 0.0012303438270464542 -0.03356954455375672
v 0.0016591425519436596 0.0008257377776317301 -0.03401914611458779
v 0.0015353830531239507 0.0006354879587888719 -0.03390864655375481
v 0.0015717908972874282 0.0004122896643821151 -0.03380705788731576
v 0.0014870589366182683 0.00044196753879077743 -0.03374022245407105
v 0.0015986713115125892 0.00025598393403925007 -0.03362685814499856
v 0.0015226727118715642 0.0002844461705535651 -0.033552117645740516
v 0.0016981823137030003 0.00014243129407987 -0.03344223648309708
v 0.0016422420740127561 0.00016271602362394336 -0.0333448313176632
v 0.0018765456043183801 7.723784801783042e-05 -0.03325315192341805
v 0.0018298295326530931 0.00010307242337148639 -0.03315649554133416
v 0.00212251441553235 8.709792746230961e-05 -0.0330902710556984
v 0.0020655903499573465 0.00011358706251485276 -0.03300298005342484
v 0.0023881248198449607 0.00018129938689526173 -0.03299080207943917
v 0.002322916174307465 0.00019937439355999237 -0.03290319815278054
v 0.0026136669330298896 0.0003325387369841338 -0.032967947423458106
v 0.0025942160282284017 0.00034030343522317713 -0.03318195417523385
v 0.002418167889118194 0.00022188777802512055 -0.03319982066750527
v 0.0026167591568082567 0.0003213168820366264 -0.033077187836170203
v 0.001627395045943558 0.000597303209360689 -0.03396058082580567
v 0.001725269481539726 0.000547427625861019 -0.03396235033869744
v 0.001825442421250045 0.000519077351782471 -0.03393064439296723
v 0.0016760398866608737 0.0003846001927740873 -0.03382789716124535
v 0.0017845953116193412 0.00038450286956504 -0.033820286393165595
v 0.0016995898913592098 0.0002467391605023295 -0.03366928175091744
v 0.0018040534341707823 0.0002700415789149702 -0.03368895873427392
v 0.001788116176612675 0.00014602272131014618 -0.033505231142044074
v 0.0018785777501761911 0.00018557404109742498 -0.03355101495981217
v 0.0019484702497720716 8.810813596937807e-05 -0.03333548083901406
v 0.0020157368853688236 0.0001367334480164573 -0.0334058739244938
v 0.002171365078538656 9.794136713026094e-05 -0.03318808227777482
v 0.00220865081064403 0.0001461577485315502 -0.033278238028287895
v 0.002412653528153896 0.0001842584315454588 -0.03309785202145577
v -0.0028884953353554006 0.0017053998308256273 -0.03374454379081727
v 0.0022705311421304937 0.0014488301239907744 -0.034119162708520896
v 0.0013845057692378757 0.00011592059308895844 -0.0334269367158413
v -0.001489375717937946 0.00039075783570297073 -0.03368429839611054
v -0.0014877377543598411 0.0004626103909686209 -0.03376033157110215
v -0.0007909309351816772 0.0006490796804428102 -0.034206893295049674
v -0.0007914702873677014 3.5019485949305824e-05 -0.03356130793690682
v -0.00100092904176563 5.9178080846322714e-05 -0.03352218866348267
v -0.0015139338793233035 0.0003025229380000383 -0.03357587382197381
v -0.0015075886622071264 0.0005644863704219462 -0.03385307267308236
v -0.0015414217486977575 0.0006493501132354141 -0.03391825407743455
v -0.0015526978531852362 0.0007337136194109919 -0.03399136662483216
v -0.0016430559335276482 0.0001628611644264311 -0.03334446623921395
v -0.0016087456606328485 0.00018567718507256364 -0.033391010016202934
v -0.0015591162955388425 0.0002319180930498988 -0.033472195267677314
v -0.0004247701726853847 5.145471732248553e-06 -0.03360820561647416
v 8.244614235763946e-08 -7.625533726240976e-06 -0.03362758457660676
v 0.00014850012667011467 -6.012878657202238e-06 -0.03362518548965455
v 0.0007493532029911875 3.077541259699502e-05 -0.033568128943443305
v 0.0007911683060228824 0.000649104011245072 -0.03420688211917878
v 0.0015549795934930442 0.0013689426705241205 -0.03450021892786027
v 0.0015529338270425794 0.0007337573333643379 -0.03399134054780007
v 0.002269027521833777 0.0020621314179152255 -0.03446280956268311
v 0.002395939780399203 0.0024296750780195 -0.03450119867920876
v 0.0018710956210270522 0.0024924231693148617 -0.03487341850996018
v 0.0020899544470012184 0.002467363374307752 -0.03473146259784699
v 0.0022619175724685188 0.002446551807224751 -0.034606818109750755
v 0.0013732797233387826 0.002541132969781757 -0.035132255405187614
v 0.0015439407434314487 0.0025262059643864636 -0.035053126513957984
v 0.0015510494122281668 0.002012134995311499 -0.03486933559179307
v 0.00078707403736189 0.0019749281927943234 -0.03512475267052651
v 0.0008471809560433029 0.002576986094936729 -0.0353166125714779
v 0.0012083350447937844 0.0025539698544889693 -0.03519959747791291
v -0.0003810337511822581 0.0025961690116673712 -0.03540716692805291
v 5.4001223048771856e-08 0.002601239830255509 -0.03543041646480561
v 1.0773602809877046e-07 0.0019603357650339608 -0.03521337732672692
v 0.00034534081351011986 0.0025968477129936223 -0.035411268472671516
v 0.00078251666855067 0.0025803605094552044 -0.035333231091499336
v -0.0015508402138948438 0.002012097509577871 -0.03486936911940575
v -0.0009235283941961824 0.002573044272139669 -0.03529533371329308
v -0.0007868654211051761 0.001974909100681544 -0.035124771296978004
v -0.000852579076308757 0.0025770557112991814 -0.035315189510583885
v -0.0007824259228073059 0.002580739557743073 -0.03533327206969262
v -0.0019218139350414274 0.0024870473425835375 -0.034841824322938926
v -0.0018083616159856317 0.0024995745625346903 -0.03491060435771943
v -0.0014482063706964252 0.002534870291128755 -0.03509871289134026
v -0.0022615431807935234 0.0024466624017804865 -0.03460672497749329
v -0.002268830547109246 0.0020620808936655526 -0.03446286171674729
v -0.0023931795731186862 0.0024300045333802704 -0.03450311720371247
v -0.0028874420095235105 0.0022073958534747366 -0.03398875519633294
v -0.0015547580551356075 0.0013689041370525958 -0.03450025245547295
v -0.0022703194990754123 0.00144877249840647 -0.03411920741200448
v -0.0007897028699517249 0.0013088041450828316 -0.03473999351263047
v 0.0007899269112385808 0.001308823353610933 -0.03473997488617898
v -0.002667154418304562 0.0004176836519036443 -0.0329146832227707
v -0.0025877316948026414 0.0003189207054674626 -0.032949469983577735
v -0.002453561872243881 0.0002725648228079081 -0.032878357917070396
v -0.0023421675432473417 0.00016545417020097378 -0.032983936369419105
v -0.0023077127989381547 0.00019276615057606255 -0.032907862216234214
v -0.0020785245578736062 8.349147537956016e-05 -0.033092852681875236
v -0.0019567466806620355 0.00010021431808127093 -0.03306590765714646
v -0.0022055313456803556 0.00015182989591266963 -0.03294148296117783
v -0.0019968310371041294 7.464078225893901e-05 -0.033141609281301505
v -0.0017645903863012789 0.00010509737330721694 -0.03333366289734841
v -0.0017388719134032724 0.00012191951827844608 -0.033237766474485404
v -0.0016235875664278863 0.00019940224592573946 -0.03352657333016396
v -0.001557091134600341 0.00035066020791418856 -0.033728081732988364
v -0.001574321533553302 0.0005160446744412185 -0.03388783335685731
v -0.0016684484435245393 0.0007012762944214047 -0.034014046192169196
v -0.0018311087042093275 0.0006007327465340496 -0.033991113305091865
v -0.0017573258373886345 0.0004563194524962456 -0.03389387577772141
v -0.001743553904816508 0.0003276363713666797 -0.033770468086004264
v -0.001795761752873659 0.00020886202401015913 -0.03361236676573754
v -0.0019090640125796197 0.0001339678274234757 -0.03345771506428719
v -0.002099326346069574 0.00011051818000851202 -0.033300686627626426
v -0.0021668390836566682 0.00011830451694549995 -0.033260438591241843
v -0.0023852635640650983 0.00018753587210085248 -0.033170357346534736
v -0.002587404334917664 0.0003143713984172792 -0.033142019063234336
v -0.001747887232340872 0.0006446460611186923 -0.034017004072666175
v -0.0016624145209789274 0.00047698008711449813 -0.03390333428978921
v -0.0016465947264805434 0.00032743375049903994 -0.033759322017431266
v -0.0017069008899852631 0.00019021288608200854 -0.033576585352420814
v -0.0018360120011493561 0.0001043298689182848 -0.033400185406208045
v -0.002050332492217421 7.69992984714918e-05 -0.033223211765289314
v -0.0021259945351630445 8.543908916180955e-05 -0.033178113400936134
v -0.002370440866798162 0.00016211606271099302 -0.033077303320169456
v -0.002597591374069452 0.000304335670080036 -0.0330454707145691
v -0.0026524323038756843 0.0004305079928599299 -0.032878700643777854
v -0.0028136260807514186 0.0006315274513326586 -0.03293869644403458
v -0.0028760794084519144 0.00075658893911168 -0.033002801239490516
v -0.002536992542445659 0.00033085761242546147 -0.032872084528207786
v -0.0026142345741391178 0.0003946927026845516 -0.032874245196580894
v -0.0027900882996618743 0.0004432124551385642 -0.032752562314271934
v -0.0027037151157855983 0.0004192960332147778 -0.03281419351696969
v -0.0032708314247429367 0.0019098601769655947 -0.033423241227865226
v -0.0031971326097846027 0.0009497962309978905 -0.03281650692224503
v -0.003119232831522822 0.0005311907152645291 -0.03246754780411721
v -0.003250642446801066 0.0014210684457793834 -0.03314758092164994
v -0.003594922367483377 0.001698553562164307 -0.03284663707017899
v -0.0036047354806214567 0.0022317175753414635 -0.033087160438299186
v -0.003539071418344974 0.0011831120355054738 -0.03254618868231774
v -0.003398931352421641 0.0005880994140170516 -0.03213049843907357
v -0.0030981376767158504 -0.0005033233901485802 -0.031276844441890723
v -0.00313467183150351 -0.0005097740213386716 -0.031195655465126045
v -0.0033581221941858526 -0.00033343414543196564 -0.031164938583970077
v -0.0031142311636358495 -0.0002745248493738473 -0.031724646687507636
v -0.003055621404200792 -0.00037307650200091313 -0.031623411923646934
v -0.0030447083991020914 -0.0004497898626141251 -0.03148394450545312
v -0.0035537730436772104 -0.00014527178427670154 -0.031163519248366363
v -0.0034774609375745054 -7.606869621668012e-05 -0.03147203847765923
v -0.0032323852647095914 -0.00015004977467469874 -0.03177234902977944
v -0.0034010419622063632 -1.298182451137109e-05 -0.03173663094639779
v -0.0036092842929065223 -0.000199645888642408 -0.030910825356841094
v -0.0036629193928092714 -0.0002561587898526341 -0.030638057738542564
v -0.0036353613249957557 -0.0002788533456623555 -0.03065308369696141
v -0.00360771850682795 -0.00030060642166063195 -0.030669540166854865
v -0.0033064023591578002 -0.0004752402019221337 -0.0309370942413807
v -0.0033661734778434034 -0.0004499762144405396 -0.03087007068097592
v -0.003605051431804895 -0.00030264837550930684 -0.03067120350897313
v -0.0037348510231822725 7.596323848702015e-05 -0.03120998106896878
v -0.003928011748939752 3.3910600905073813e-05 -0.030599670484662063
v -0.003985160961747169 0.00013538508210331204 -0.030660793185234077
v -0.003966985270380973 0.0002753644075710327 -0.031008457764983184
v -0.003852038877084851 0.0002535326348152012 -0.03126896172761918
v -0.0040068808011710635 0.00023428509302902972 -0.030810603871941573
v -0.0040079536847770205 0.00021857944375369703 -0.030774220824241645
v -0.00379702472127974 -0.00012932933168485763 -0.03058766387403012
v -0.0034224952105432744 2.928011781477836e-06 -0.0317264311015606
v -0.0034438543953001495 1.8558110241428952e-05 -0.03171516954898835
v -0.0036682803183794017 0.00016430228424724194 -0.0315280705690384
v -0.0038024259265512224 0.0005977507098577918 -0.03134733438491822
v -0.0037794655654579397 0.0005878162337467075 -0.0313878320157528
v -0.0038054871838539834 0.0005004826816730202 -0.031426809728145606
v -0.003755632787942886 0.0005768031114712359 -0.031427539885044105
v -0.0035531332250684495 0.0004648120957426728 -0.03169196099042893
v -0.0038241383153945203 0.0005966608878225089 -0.03131909295916558
v -0.003813380608335137 0.0005972981452941896 -0.03133326396346093
v -0.003865945618599653 0.0005182772292755545 -0.031326904892921455
v -0.003830343950539827 0.00040584689122624706 -0.03141720592975617
v -0.0038869308773428197 0.0004249209596309812 -0.03132054582238198
v -0.003827924840152263 0.0003112709382548929 -0.03139045089483262
v -0.0038809834513813253 0.00033155543496832257 -0.03129954636096955
v -0.0034421188756823535 7.76130400481634e-05 -0.03178463503718377
v -0.003327799960970878 0.0003121088084299118 -0.03187516704201699
v -0.0033781016245484348 0.00023864695685915654 -0.03187179565429688
v -0.0036371629685163494 0.0004113195464015008 -0.03165292739868165
v -0.0034196160268038507 0.00015507050557062033 -0.031840860843658454
v -0.0036673839204013343 0.0003197588375769556 -0.03163371607661248
v -0.0036732109729200597 0.0002302132197655738 -0.03159353882074357
v -0.004010152537375688 0.0003538363089319319 -0.030996294692158706
v -0.003932796418666839 0.0005763473454862834 -0.031152401119470603
v -0.004013019148260354 0.000530904915649444 -0.030982036143541343
v -0.004024561494588851 0.0004485503013711424 -0.03099235892295838
v -0.004043175838887691 0.0004956318298354746 -0.03089075721800328
v -0.004067286849021911 0.00040784964221529673 -0.030786355957388885
v -0.0040722345001995555 0.00038741136086173366 -0.03069716691970826
v -0.004066810943186282 0.00033173416159115737 -0.0306228306144476
v -0.0040324246510863295 0.0002252453705295921 -0.03051476180553437
v -0.004026273731142282 0.00018721904780250048 -0.03060088679194451
v -0.004008303862065076 0.000176880115759559 -0.03047608211636544
v -0.00397146726027131 8.160935249179603e-05 -0.030528433620929725
v -0.003975562285631894 0.00012225269165355715 -0.03043974749743939
v -0.0038656149990856643 -3.568073952919804e-05 -0.030400799587368972
v -0.0039194091223180285 4.461595017346554e-05 -0.030399385839700706
v -0.003832285990938544 -5.199965380597861e-05 -0.03036553598940373
v -0.003541063284501433 -0.0002778575872071088 -0.030376106500625617
v -0.0036203393246978517 -0.0002270990662509576 -0.030360363423824317
v -0.003554183756932616 -0.0002840024826582522 -0.030391026288270957
v -0.0036722419317811723 -0.00024167697119992232 -0.030439283698797233
v -0.003607678925618529 -0.000297887803753838 -0.0304693952202797
v -0.0037044787313789125 -0.00023540569236502057 -0.030529372394084937
v -0.003645421005785465 -0.00028710995684377855 -0.03055687621235848
v -0.0038704478647559877 -6.000013672746719e-05 -0.030494235455989845
v -0.0038772278930991884 -5.161064473213629e-05 -0.03049463778734208
v -0.0038578368257731195 -4.534647450782359e-05 -0.03040032088756562
v -0.0037583420053124423 -0.00012078047438990327 -0.030354095622897155
v -0.00404727691784501 0.0002515091910026968 -0.030677173286676414
v -0.004048240836709737 0.0003180135972797871 -0.030813965946435935
v -0.00404156045988202 0.0002467674785293639 -0.030534122139215476
v -0.00405089184641838 0.00027192925335839396 -0.030558109283447273
v -0.0036181397736072536 -0.00030922328005544847 -0.030582616105675704
v -0.003585506929084658 -0.0003240287187509239 -0.030507067218422897
v -0.003540618577972054 -0.0003196897450834513 -0.03043665178120137
v -0.0034813212696462865 -0.0003378423571120948 -0.03042770922183991
v -0.003454961813986301 -0.0003255041083320976 -0.030401185154914863
v -0.003498464589938521 -0.0003023336757905782 -0.030387494713068015
v -0.0035398714244365688 -0.0003503024054225535 -0.030504399910569198
v -0.0035839076153933998 -0.0003361999697517604 -0.030589999631047256
v -0.003276492934674024 -0.0004023743676953019 -0.030477954074740417
v -0.0034289481118321414 -0.00030168509692884987 -0.030365698039531715
v -0.0040722209960222236 0.0005622382741421462 -0.03048524074256421
v -0.004052587784826755 0.00046150473644956957 -0.030339168384671218
v -0.003981238231062888 0.0003051433886867017 -0.030233824625611312
v -0.0038574514910578723 0.00011784632079070437 -0.03019805625081063
v -0.003682222450152039 -8.351209544343875e-05 -0.03023380786180497
v -0.0035746928770095106 -0.00018476041441317653 -0.03028074838221074
v -0.004058408550918101 0.0006174300215207041 -0.030643278732895858
v -0.003982139285653829 0.00064786896109581 -0.030941698700189597
v -0.0038228693883866067 0.0006060964078642429 -0.03130944818258286
v -0.003812730079516768 0.0006020007422193886 -0.031328432261943824
v -0.00388238881714642 0.0018378495005890731 -0.03241082653403283
v -0.003943914081901311 0.002193413442000747 -0.0324438326060772
v -0.004097689874470233 0.0016340832225978379 -0.03178758919239045
v -0.004131370224058627 0.0021614246070384984 -0.03198795765638352
v -0.0037501589395105834 0.0009753890335559847 -0.03196134418249131
v -0.0035944767296314235 0.0005959071568213404 -0.03179732337594033
v -0.00399694126099348 0.0010993302566930654 -0.03154398128390313
v -0.003838045988231897 0.0013993578031659128 -0.03219749405980111
v -0.003293079789727926 0.000286267139017582 -0.03189438953995705
v -0.0032997999805957075 0.00029126732260920113 -0.031890876591205604
v -0.003418377367779612 5.970182246528567e-05 -0.03179707750678063
v -0.0033514897804707284 0.00021687166008632636 -0.031886704266071327
v -0.003394495695829391 4.087416891707108e-05 -0.03180782869458199
v -0.003393995342776179 0.00013492660946212712 -0.0318545512855053
v -0.0033678556792438026 0.00011438099318183961 -0.03186708316206933
v -0.003323651850223541 0.0001953779574250803 -0.031900539994239814
v -0.0032710528466850515 0.0002696200972422958 -0.03190530091524125
v -0.0029508159495890136 -2.357896846660879e-06 -0.03194397315382958
v -0.0031395538244396444 0.00016579129442106935 -0.0319495014846325
v -0.0030638026073575015 0.00026499634259380406 -0.03219924122095109
v -0.002759985392913222 0.0001788498484529555 -0.03244924172759057
v -0.002742965472862124 -9.952254913514483e-05 -0.03204773366451264
v -0.002755377674475312 -0.0002376863558311016 -0.03179192915558816
v -0.0028779914136976 -7.814846321707593e-05 -0.03191323950886727
v -0.002918245270848274 -3.5166303860023625e-05 -0.03193275630474091
v -0.0027848419267684217 -0.0005409422446973623 -0.031115323305130012
v -0.002818540437147021 -0.0005470094620250167 -0.031044183298945434
v -0.0028930453117936845 -0.00057955487864092 -0.03108166344463826
v -0.002756363013759255 -0.0005308502004481853 -0.031185220927000053
v -0.0028592350427061315 -0.0002445595164317638 -0.03183600679039956
v -0.0027043931186199184 -0.0003400607674848289 -0.031665846705436713
v -0.0027948608621954914 -0.0003557055315468461 -0.03171654045581818
v -0.0026927732396870847 -0.0004587436269503088 -0.031440887600183494
v -0.0027690012939274307 -0.00046791808563284587 -0.031529679894447334
v -0.002793883671984076 -0.0005360251525416971 -0.03134704008698464
v -0.0029842166695743795 -9.591197886038574e-05 -0.03192785009741784
v -0.00315356720238924 6.0257079894654466e-05 -0.03194928914308549
v -0.003254124196246266 -7.035818998701872e-05 -0.03184772655367852
v -0.003123173955827951 -0.00019128670101054018 -0.031832549721002586
v -0.0030300845392048355 -0.00030212759156711405 -0.031765438616275794
v -0.0029821759089827533 -0.00038489981670863937 -0.031677205115556724
v -0.002962550381198525 -0.0004706430481746794 -0.031534329056739814
v -0.0029827759135514493 -0.0005244908388704063 -0.03138796985149384
v -0.0030666708480566736 -0.0005590853979811073 -0.03116485476493836
v -0.0032100982498377557 -1.0851993465621492e-05 -0.03191209957003594
v -0.0030571185052394863 -0.00015194025763776156 -0.03189347684383393
v -0.002945865504443645 -0.00028423429466784006 -0.031812448054552085
v -0.0028885931242257352 -0.0003830796922557057 -0.031706582754850395
v -0.00286543252877891 -0.0004838085442315788 -0.03153881430625916
v -0.002888360526412725 -0.0005457086372189225 -0.0313718430697918
v -0.002981140976771712 -0.0005852634785696865 -0.031124569475650794
v -0.002857299987226724 -0.0005487435846589507 -0.030972346663475044
v -0.003047642763704061 -0.0005105718155391515 -0.030702887102961547
v -0.003182905493304133 -0.0005149547359906138 -0.030675036832690246
v -0.0031162491068243976 -0.0004841206828132273 -0.03062663599848748
v -0.0028234047349542375 -0.0005474948557093741 -0.03103467077016831
v -0.002828330965712666 -0.0005479003302752973 -0.031025195494294174
v -0.0031079100444912906 -0.0005590305081568659 -0.031087782233953483
v -0.0030268437694758172 -0.000585378147661686 -0.0310408752411604
v -0.00294222985394299 -0.000580386316869408 -0.030993118882179267
v -0.003319994546473026 -0.0004969686269760133 -0.03080825880169869
v -0.0032556855585426088 -0.0005209761438891293 -0.030739324167370803
v -0.0036571142263710494 -0.00030455496744252747 -0.029648311436176307
v -0.0032917479984462257 -0.0005459917010739447 -0.030022015795111663
v -0.003342744661495089 -0.0007051976863294841 -0.029319940134882934
v -0.0031430171802639957 -0.0008645911584608259 -0.029360022395849235
v -0.0029222571756690736 -0.0008371026488021018 -0.030040608718991287
v -0.0029706386849284168 -0.0010126453125849368 -0.029306840151548393
v -0.0028394083492457862 -0.001142511027865112 -0.029172118753194816
v -0.0027634773869067426 -0.0012467235792428257 -0.02896402962505818
v -0.0028450607787817712 -0.0012895832769572737 -0.028965575620532043
v -0.002902890089899301 -0.0012035137042403223 -0.029140908271074302
v -0.0030081446748226877 -0.0010931157739833 -0.029267238453030593
v -0.0031497939489781852 -0.0009659899515099826 -0.029330667108297355
v -0.0032060416415333744 -0.0009188631665892901 -0.02933624759316445
v -0.003394267754629254 -0.000768965343013406 -0.029293883591890342
v -0.0034446688368916507 -0.0009079464362002911 -0.029170444235205657
v -0.0029859042260795827 -0.0013060575583949687 -0.02894705533981324
v -0.0030781861860305067 -0.001231926726177335 -0.029066396877169616
v -0.003153814701363444 -0.0011520887492224576 -0.029155982658267028
v -0.0032556580845266576 -0.0010602521942928436 -0.029200313612818725
v -0.003297258401289582 -0.001025279285386205 -0.02920415438711644
v -0.0034291793126612897 -0.0008446578867733481 -0.029243085533380515
v -0.003258499316871166 -0.0009805543813854458 -0.029281742870807655
v -0.0032085916027426715 -0.0010224179131910207 -0.029276942834258086
v -0.0030842102132737632 -0.0011342045618221166 -0.02922195196151734
v -0.00299181742593646 -0.001231294358149171 -0.029111783951520927
v -0.003064142074435949 -0.0013231134507805111 -0.028775604441761977
v -0.0029601168353110547 -0.0013550730654969814 -0.028776308521628387
v -0.0030010603368282314 -0.0013734293170273306 -0.028607733547687537
v -0.0028506852686405178 -0.0013482852373272183 -0.028769340366125114
v -0.00286130653694272 -0.0013679034309461715 -0.028577808290719993
v -0.0027512046508491035 -0.0012821623822674157 -0.028850859031081207
v -0.0027802102267742153 -0.0013293811352923515 -0.028558250516653068
v -0.0028623994439840312 -0.0013276364188641312 -0.028299346566200263
v -0.003085375530645251 -0.0013607672881335022 -0.028483580797910697
v -0.0029950225725769992 -0.0013812753604725005 -0.028453679755330093
v -0.0029028635472059246 -0.0013702381402254107 -0.028424220159649856
v -0.003031194675713777 -0.0012674356112256648 -0.027978982776403434
v -0.003263431834056973 -0.001297232578508556 -0.028120497241616256
v -0.003101344453170895 -0.001304618548601866 -0.028017565608024604
v -0.003185070818290114 -0.0013161831302568319 -0.02806591987609864
v -0.003599990392103791 -0.0010786175262182953 -0.026097794994711883
v -0.003794074989855289 -0.0009190949494950475 -0.02579262852668763
v -0.0038746434729546304 -0.0007445965311490001 -0.026387264952063567
v -0.003863032208755612 -0.0008627260103821757 -0.025642715394496925
v -0.003920831251889466 -0.0008167299092747273 -0.025489037856459625
v -0.003082027658820152 -0.0014452536124736073 -0.026715917512774474
v -0.0030953350942581888 -0.0014833883615210657 -0.026378534734249122
v -0.0034931360278278585 -0.0010927243856713178 -0.02671137265861035
v -0.0032667813356965776 -0.001347033539786935 -0.026356052607297904
v -0.003465167479589581 -0.0011881012469530108 -0.02623760513961316
v -0.0030477924738079305 -0.0018460251158103351 -0.02578480355441571
v -0.0030699556227773424 -0.0018558588344603781 -0.025553820654749877
v -0.0032488724682480092 -0.0017185723409056668 -0.025575865060091026
v -0.003159553743898868 -0.0018195061711594467 -0.025269046425819404
v -0.00326728681102395 -0.0017578753177076582 -0.025057122111320503
v -0.0032290017697960134 -0.001669480232521892 -0.026113845407962806
v -0.0031978182960301633 -0.0016950888093560938 -0.02610344626009465
v -0.0030616002622991796 -0.0018220450729131703 -0.02590343356132508
v -0.003115142928436398 -0.0017667376669123773 -0.026033200323581702
v -0.003314239671453833 -0.0016013398999348287 -0.026114761829376228
v -0.003447601571679115 -0.0014973196666687731 -0.026057004928588874
v -0.0036047860048711296 -0.0013758321292698385 -0.025913866236805923
v -0.0038411142304539676 -0.0011945016449317338 -0.025528727099299438
v -0.0038995980285108085 -0.0011515553342178466 -0.02538207173347474
v -0.0038918515201658006 -0.0011571082286536696 -0.025403585284948356
v -0.0036726300604641433 -0.001406564726494253 -0.025110160931944854
v -0.003972255624830722 -0.0011052975896745922 -0.02511397376656533
v -0.003923024516552686 -0.001206529443152249 -0.02465271949768067
v -0.003977423068135976 -0.001137686078436673 -0.024764796718955047
v -0.0039903917349874965 -0.001101150759495795 -0.02497519366443158
v -0.0034346301108598705 -0.001644313684664667 -0.024827990680933006
v -0.0034522882197052236 -0.0016313064843416218 -0.024808684363961227
v -0.0038361155893653627 -0.0012997509911656382 -0.024602938443422324
v -0.0037028023507446046 -0.0014265371719375255 -0.024621484801173217
v -0.00353777059353888 -0.0015657350886613135 -0.024726510047912605
v -0.0033468387555330987 -0.0017061738763004546 -0.024936879053711898
v -0.002962538274005055 -0.0017514101928099994 -0.024883575737476356
v -0.003019945695996284 -0.0017174849053844814 -0.0247933678328991
v -0.003130296012386679 -0.0017349269473925237 -0.024771627038717277
v -0.003079929621890187 -0.0016799579607322816 -0.02470964007079602
v -0.003134611994028091 -0.0016622169641777877 -0.024662345647811897
v -0.003035988193005323 -0.0017915840726345782 -0.024911699816584594
v -0.0032118828967213626 -0.001752805546857417 -0.024820366874337203
v -0.0031214004848152395 -0.0018087199423462157 -0.024954902008175857
v -0.0032028080895543094 -0.001795734628103674 -0.02500648237764836
v -0.0032879954669624563 -0.001741615124046803 -0.02487896196544171
v -0.003341971896588802 -0.001684942864812911 -0.02472303621470929
v -0.003240802092477679 -0.0016680544940754776 -0.02464668825268746
v -0.003189847338944673 -0.0016422115731984381 -0.024619063362479217
v -0.0029229528736323114 -0.001773547264747322 -0.024952696636319167
v -0.0030879748519510026 -0.0018598539754748349 -0.02523158863186837
v -0.0027695638127624984 -0.0018453786615282301 -0.025311844423413284
v -0.0029102023690938945 -0.001858993549831212 -0.025159293785691268
v -0.0028168268036097284 -0.0018956174608320002 -0.025439649820327766
v -0.0027383768465369935 -0.001854892238043249 -0.0254238210618496
v -0.002699850825592875 -0.001855729031376541 -0.02565594762563706
v -0.0027755040209740396 -0.001884702243842185 -0.02579691447317601
v -0.002695725997909903 -0.0018430893542245035 -0.025793362408876426
v -0.0028177867643535133 -0.0018258045893162493 -0.026047991588711746
v -0.002713828813284635 -0.0018119277665391569 -0.025958079844713218
v -0.0029000039212405677 -0.0017477063229307537 -0.026204762980341918
v -0.0027898163534700866 -0.001735267811454833 -0.02616583555936814
v -0.0030189994722604747 -0.0016462702769786124 -0.026308501139283187
v -0.0029100731480866666 -0.0016325372271239762 -0.026305187493562705
v -0.003102097194641828 -0.0015814355574548249 -0.026338813826441772
v -0.0030463146977126594 -0.0015224852832034235 -0.026370387524366386
v -0.0032023210078477855 -0.0016623556148260836 -0.02619899064302445
v -0.0030036270618438716 -0.0018948338693007831 -0.025483639910817153
v -0.0029673534445464607 -0.001886386540718377 -0.025792257860302932
v -0.003000870114192366 -0.0018389078322798018 -0.025991946458816535
v -0.003061255440115928 -0.0017808765405789022 -0.02610613778233529
v -0.0031447440851479764 -0.0017091758782044057 -0.026177911087870605
v -0.003158038947731256 -0.001632073195651174 -0.02627897262573243
v -0.0030861871782690282 -0.0016893304418772463 -0.026252951472997672
v -0.0029826271347701545 -0.0017778256442397837 -0.0261632725596428
v -0.0029098675586283203 -0.0018472101073712115 -0.02602521143853665
v -0.002871342003345489 -0.0019011638360098009 -0.025796683505177505
v -0.002910512965172529 -0.0019109542481601243 -0.025460699573159225
v -0.0030001278501003976 -0.001874908222816885 -0.02519268915057183
v -0.003070428036153316 -0.0015032408991828565 -0.026375282555818565
v -0.0033105767797678705 -0.0015758816152811055 -0.026200504973530776
v -0.003288306295871734 -0.001528059365227819 -0.026281084865331657
v -0.003249310655519366 -0.0014639191795140507 -0.026341417804360397
v -0.0034419663716107603 -0.001311672851443291 -0.026256933808326728
v -0.0036345988046377893 -0.0011587035842239859 -0.02607573568820954
v -0.003638640977442264 -0.0011731869308277967 -0.026069914922118194
v -0.0034650233574211593 -0.0013887701788917186 -0.026204025372862823
v -0.0036459504626691337 -0.001283205579966307 -0.026006398722529418
v -0.0034662205725908275 -0.0014537333045154812 -0.026132935658097274
v -0.0034488374367356296 -0.001520166289992631 -0.024469263851642616
v -0.0033726873807609077 -0.001579903881065548 -0.024528745561838157
v -0.0034393649548292156 -0.0015253823949024086 -0.02447315119206906
v -0.003983394242823123 -0.0010946431430056693 -0.02455756254494191
v -0.003901161719113588 -0.0011889912420883777 -0.02447944879531861
v -0.00397924892604351 -0.0010999623918905856 -0.024552073329687125
v -0.004038698971271514 -0.0008335396414622667 -0.025149693712592132
v -0.004044411703944205 -0.0008597004343755545 -0.025146219879388816
v -0.004072731360793113 -0.0009033647365868094 -0.02488356269896031
v -0.00386610091663897 -0.001161144580692053 -0.025549924001097686
v -0.0038999170064926143 -0.0009632192086428406 -0.025626784190535552
v -0.003933745902031659 -0.0008067665039561691 -0.025449723005294807
v -0.003927366342395543 -0.0008116665412671866 -0.025469424203038223
v -0.0040376842953264705 -0.0010240371339023115 -0.024676099419593818
v -0.004055675584822892 -0.0009777111699804666 -0.02472349256277085
v -0.0038043267559260126 -0.0012897085398435595 -0.024449214339256294
v -0.0038770528044551607 -0.0012131282128393652 -0.024465098977088935
v -0.00383992469869554 -0.0012477173004299404 -0.024447325617074973
v -0.003664936404675245 -0.0013843966880813243 -0.024417746812105186
v -0.0036649347748607393 -0.001421318273060024 -0.02447083033621312
v -0.0034524982329457994 -0.0015983926132321362 -0.02460192888975144
v -0.004000280983746051 -0.0010687091853469612 -0.025121854618191726
v -0.004021360538899898 -0.0010732354130595925 -0.024873204529285438
v -0.0035168845206499095 -0.001582539291121066 -0.02468820102512837
v -0.003705315059050917 -0.001423758105374873 -0.02457184903323651
v -0.003820339916273951 -0.0013148842845112088 -0.024553891271352775
v -0.0038953204639255996 -0.0012373244389891627 -0.024576980620622642
v -0.003956856206059455 -0.0011676663998514416 -0.02463463135063649
v -0.003998903091996907 -0.0011135642416775229 -0.02472426556050778
v -0.004064553417265414 -0.0009745502029545607 -0.02485783956944943
v -0.004041422624140977 -0.0009691288578324022 -0.025137040764093406
v -0.0039011070039123292 -0.001068124081939459 -0.0255942139774561
v -0.004036808852106332 -0.0007345992489717903 -0.02503913640975953
v -0.004041101783514022 -0.0007322876481339337 -0.025014605373144157
v -0.0040727248415350905 -0.0007324861362576487 -0.024676425382494933
v -0.004262447822839021 0.0002864433627109975 -0.028827274218201644
v -0.004203035961836576 0.0003481433377601207 -0.029375178739428527
v -0.003986245952546596 -3.309700332465582e-05 -0.029202267527580268
v -0.004393047653138637 -0.0019810183439403777 -0.01743150316178799
v -0.0048793614841997615 -0.0018725149566307668 -0.01625144481658936
v -0.0046097179874777785 -0.0011966906022280457 -0.01858274079859257
v -0.005145196802914142 -0.002550821984186769 -0.013851827010512355
v -0.005506529472768306 -0.002220370108261705 -0.013197245076298717
v -0.004662254825234412 -0.0026695805136114363 -0.015107155777513984
v -0.004729438107460736 -0.0028513518627732997 -0.014459257014095787
v -0.004100612830370664 -0.0011859950609505179 -0.020292725414037708
v -0.004103264771401881 -0.001194319920614362 -0.020252047106623653
v -0.004465878475457429 -0.0007989425212144854 -0.02014284208416939
v -0.00411705020815134 -0.0012369182659313085 -0.020055500790476802
v -0.004212648607790469 -0.0015112684341147546 -0.019010489806532863
v -0.004051532130688428 -0.0010243300348520281 -0.021463766694068912
v -0.00440197717398405 -0.0006121098413132132 -0.02148881554603577
v -0.004049074370414018 -0.0010163749102503063 -0.02156493999063969
v -0.004350924398750066 -0.0005234720301814378 -0.023127790540456775
v -0.00397508218884468 -0.0008891812176443639 -0.02428466826677323
v -0.004046496003866195 -0.001008278224617243 -0.021677386015653614
v -0.004251388832926749 -0.0004179531824775041 -0.025305042043328292
v -0.004044994246214627 -0.000792550388723612 -0.024431500583887107
v -0.0043263491243124 0.00021061307052150374 -0.028095887973904617
v -0.004489277023822068 3.861683580907994e-05 -0.025825776159763343
v -0.004641142208129167 -9.110202518058942e-05 -0.02301762811839581
v -0.005155752412974834 -0.001343528972938657 -0.016388755291700367
v -0.004847821779549121 -0.0005649242084473373 -0.019219240173697475
v -0.004781164694577455 -0.00037880410673096787 -0.020025514066219333
v -0.00476463884115219 -0.0003319603565614671 -0.0202697366476059
v -0.004709796048700809 -0.00019039736071135854 -0.021339528262615207
v -0.0038593921344727273 -0.0010244204895570876 -0.02420679852366448
v -0.003640153910964727 -0.0012442369479686024 -0.024228755384683616
v -0.0032970602624118324 -0.001529304427094758 -0.02446424029767514
v -0.0031586452387273307 -0.0016279150731861596 -0.024611635133624084
v -0.003119155531749129 -0.0016543925739824776 -0.024659425020217902
v -0.0036305510438978668 -0.0013379931915551426 -0.022905308753252033
v -0.003205926157534122 -0.0017351073911413555 -0.021729623898863796
v -0.004349435213953256 -0.0033979038707911977 -0.013927559368312362
v -0.00442817760631442 -0.0036813148763030776 -0.012639257125556472
v -0.00490305945277214 -0.0034332629293203363 -0.012055695056915287
v -0.003888971637934446 -0.003890323918312789 -0.013188318349421028
v -0.003759297309443354 -0.003406721632927657 -0.01529032085090876
v -0.004198922310024499 -0.0029489207081496724 -0.015607560984790329
v -0.0034514816943556066 -0.0025359005667269234 -0.018202545121312145
v -0.003552503418177366 -0.002815803047269583 -0.01730660162866116
v -0.003687816439196467 -0.003194328863173724 -0.016051014885306362
v -0.003250914858654141 -0.0019210149766877298 -0.020318968221545223
v -0.003320933552458882 -0.0021542054601013665 -0.019438391551375393
v -0.0037939380854368206 -0.0018667570548132066 -0.019174430519342426
v -0.003650566097348928 -0.0013999989023432138 -0.021535553038120273
v -0.003207414876669645 -0.0017428190913051371 -0.021600283682346347
v -0.003691791091114282 -0.0015528246294707064 -0.020392127335071567
v -0.003219894133508205 -0.0018007575999945406 -0.02099089697003365
v -0.0032414670567959543 -0.0018862705910578374 -0.02048197574913502
v -0.004839439410716294 -0.003186856396496297 -0.013152011670172218
v -0.004863299429416656 -0.003471046220511199 -0.012013016268610958
v -0.003848230000585317 -0.003914340864866973 -0.013139347545802597
v -0.0038237331900745626 -0.003921373281627894 -0.013112289831042293
v -0.00434532482177019 -0.003728798823431135 -0.012561758980154995
v -0.004813484847545623 -0.003495856188237668 -0.011968600563704971
v -0.004699103999882936 -0.0034986797254532584 -0.011888384819030765
v -0.004251214209944009 -0.003726885886862875 -0.012483194470405582
v -0.004012249875813722 -0.0038245695177465686 -0.012759580276906494
v -0.0037487954832613464 -0.003917147405445577 -0.013037812896072868
v 0.003637264249846339 -0.003968125674873591 -0.013414256274700168
v 0.003889040322974324 -0.0038897013291716584 -0.013188356533646587
v 0.003823718056082725 -0.003921363968402148 -0.013112049549818042
v -0.003482852596789598 -0.003997158259153367 -0.013293620198965076
v -0.0030247906688600774 -0.0041264425963163385 -0.013787458650767807
v -0.0029182697180658575 -0.004131738562136889 -0.013760788366198543
v -0.002567358314990997 -0.004209494683891536 -0.014093465171754364
v -0.0023409789428114887 -0.004231550730764867 -0.014140433631837371
v -0.0020862761884927745 -0.004276638850569726 -0.014356172643601898
v -0.0017511324258521197 -0.004303612746298314 -0.014433650299906734
v 0.0013469839468598364 -0.004338508006185294 -0.014581700786948208
v 0.0020865474361926313 -0.004276434890925885 -0.0143554387614131
v 0.001995943486690521 -0.004276760388165713 -0.014322583563625816
v 0.0025676782242953773 -0.004209337290376426 -0.014093010686337951
v 0.0025760622229427095 -0.0041947243735194215 -0.013996995985507969
v 0.0030251357238739725 -0.004126344807446004 -0.01378733012825251
v 0.003149192780256271 -0.004081758204847575 -0.013581841252744201
v 0.00304054282605648 -0.004115309566259385 -0.013878672383725647
v 0.0037489910610020156 -0.003916441928595305 -0.013038024306297306
v 0.002432189648970961 -0.004223808646202088 -0.014257115311920646
v 0.001812840695492923 -0.004301625769585372 -0.014549852348864082
v 0.0011840105289593337 -0.00435356516391039 -0.014755850657820705
v 0.001584773417562246 -0.004328145179897548 -0.014567301608622078
v 0.0010665062582120297 -0.004364776890724898 -0.014722772873938087
v 0.0005364439566619693 -0.004386564251035453 -0.014817088842391971
v 0.0005367563571780919 -0.004382758866995574 -0.014875178225338462
v 2.6495243332647073e-07 -0.004393779672682286 -0.014848665334284309
v -4.7022636863403016e-05 -0.0043900441378355035 -0.01490539871156216
v -0.0005359703791327773 -0.004386625718325377 -0.014817300252616409
v -0.0007027668179944157 -0.004377532284706832 -0.014853569678962234
v -0.0010661897249519823 -0.00436493055894971 -0.014723374508321289
v -0.0013695940142497418 -0.004340988118201495 -0.014705106616020206
v -0.0015845291782170532 -0.004328356124460698 -0.014568146318197254
v -0.00204575783573091 -0.004275939892977477 -0.014451090246438984
v 0.0007037891773506998 -0.0043738260865211495 -0.014735430479049686
v 7.008900138316675e-05 -0.004386505577713252 -0.014791452325880531
v -0.0005227397195994853 -0.004379651043564082 -0.014761014841496948
v -0.0011463215341791508 -0.004352251533418895 -0.014641077257692817
v -0.0026535678189247842 -0.0041885492391884336 -0.014130216091871265
v -0.0032586157321929927 -0.004066919442266227 -0.013719715178012851
v 0.0031369405332952733 -0.0017467577708885078 -0.0260631199926138
v 0.0032292040996253486 -0.0016692702192813162 -0.026115054264664657
v 0.00307509652338922 -0.0018054849933832888 -0.025959808379411704
v 0.0032495141495019193 -0.0017183604650199418 -0.02557420358061791
v 0.003054405096918344 -0.001830140827223659 -0.02588023245334626
v 0.003046136582270264 -0.0018550970125943427 -0.025716900825500495
v 0.0032676786649972196 -0.001758093480020762 -0.025052832439541824
v 0.0032663298770785327 -0.0017589282942935829 -0.02505506575107575
v 0.0030997809953987594 -0.0018477180274203424 -0.025426989421248443
v 0.003063789568841457 -0.0018583692144602541 -0.02557277865707875
v 0.0036089338827878232 -0.0014518549432978036 -0.025237224996089942
v 0.00343190599232912 -0.0016466124216094617 -0.024828942492604263
v 0.0033458527177572246 -0.0017072176560759549 -0.024935403838753707
v 0.003982377238571643 -0.0011036298237740996 -0.025032697245478637
v 0.003990242723375558 -0.0011097831884399059 -0.024898929521441467
v 0.0037339106202125545 -0.001398354070261121 -0.024611024186015136
v 0.0036406586878001686 -0.0014811714645475153 -0.024651737883687026
v 0.003515353193506598 -0.0015836023958399896 -0.024744795635342605
v 0.003859084332361817 -0.0012761175166815522 -0.02461128123104573
v 0.0039336737245321265 -0.001193762989714742 -0.0246708132326603
v 0.003977423533797263 -0.0011365365935489538 -0.024777231737971313
v 0.003772718366235494 -0.0012469872599467637 -0.02566341310739518
v 0.003933544270694255 -0.0011291577247902753 -0.025268895551562316
v 0.003270424902439117 -0.001636127359233797 -0.02611933462321759
v 0.003419991815462708 -0.0015189338009804492 -0.02607331424951554
v 0.003425677772611379 -0.0015145248034968977 -0.02606997638940812
v 0.0036023925058543678 -0.0013780640438199045 -0.025914635509252555
v 0.0037157903425395484 -0.0012906541815027597 -0.02576029300689698
v 0.0032871011644601818 -0.0017425772966817026 -0.024877350777387626
v 0.00316429347731173 -0.0018059492576867346 -0.024975536391139037
v 0.003211091738194227 -0.0017536772647872572 -0.024818617850542075
v 0.003129592631012201 -0.0017357318429276351 -0.024769760668277747
v 0.0030391763430088754 -0.0017923606792464857 -0.024907631799578674
v 0.0030191247351467605 -0.001718354877084494 -0.02479145675897599
v 0.0029634952079504724 -0.0017512829508632426 -0.024878343567252166
v 0.003187166759744286 -0.0016443831846117978 -0.02462000399827958
v 0.003131864126771688 -0.0016643719282001261 -0.02466332912445069
v 0.0030771004967391487 -0.0016821033786982302 -0.024710694327950485
v 0.003230346133932471 -0.0016670459881424908 -0.024642972275614745
v 0.003308257786557078 -0.0016871670959517364 -0.024697376415133483
v 0.0033790632151067253 -0.0016789283836260442 -0.02476336248219014
v 0.0030714278109371658 -0.0017924845451489095 -0.02605078928172589
v 0.0031377603299915786 -0.0017337935278192167 -0.026124328374862678
v 0.0030491100624203678 -0.0015201977221295242 -0.026372198015451438
v 0.0031054501887410875 -0.001580358482897282 -0.026339795440435416
v 0.002887284150347113 -0.0016511752037331466 -0.026289278641343124
v 0.002988234860822558 -0.0016928125405684118 -0.026273313909769065
v 0.002884576795622706 -0.0017833786550909285 -0.026156859472393997
v 0.002813798608258366 -0.0018550276290625338 -0.025979688391089446
v 0.0027645640075206752 -0.0017578653059899811 -0.026123434305191047
v 0.0027951905503869052 -0.0017298745224252348 -0.026179792359471328
v 0.00270397774875164 -0.001859878073446453 -0.02559302747249604
v 0.0026984128635376687 -0.0018319553928449754 -0.025875089690089233
v 0.0027176621370017524 -0.0018059432040899996 -0.025987656787037856
v 0.0027921521104872222 -0.0019014605786651377 -0.025707405060529716
v 0.002857487881556153 -0.0018948478391394023 -0.025350695475935943
v 0.0027911302167922254 -0.0018379795365035538 -0.02524044923484326
v 0.002955161267891526 -0.0017560482956469063 -0.02489226311445237
v 0.0031559716444462533 -0.001825763145461679 -0.02522325702011586
v 0.0030619855970144268 -0.0018722519744187598 -0.02541319280862809
v 0.0030058571137487884 -0.0018795578507706527 -0.025716701522469528
v 0.00302232033573091 -0.001843117992393673 -0.0259284507483244
v 0.0029628425836563106 -0.0019031997071579103 -0.02538068592548371
v 0.002901482861489057 -0.0019102215301245455 -0.025713685899972923
v 0.002920882776379585 -0.0018682020017877225 -0.025958914309740073
v 0.002982106292620301 -0.001805853564292193 -0.026111528277397163
v 0.0030692224390804763 -0.0017294288845732812 -0.026208747178316123
v 0.00318372156471014 -0.0016490519046783452 -0.026241883635520942
v 0.003435860620811581 -0.0014965891605243091 -0.026108663529157645
v 0.0034420541487634178 -0.001433529192581773 -0.026196995750069625
v 0.0036435860674828287 -0.0012855811510235073 -0.026007086038589484
v 0.0034203177783638235 -0.001350368605926633 -0.026265326887369163
v 0.003632348962128162 -0.0011610642541199925 -0.026076475158333785
v 0.0030719875358045097 -0.0015019648708403115 -0.026376534253358848
v 0.0030955194961279626 -0.0014832296874374156 -0.026379400864243514
v 0.003304326673969626 -0.0015995487337931995 -0.026159426197409637
v 0.0032859633211046453 -0.0015563339693471794 -0.026257481426000602
v 0.0032449101563543077 -0.0014887804863974456 -0.026333695277571685
v 0.00319277960807085 -0.0014059644890949132 -0.02637537010014058
v 0.0034297981765121217 -0.0015013082884252076 -0.026112247258424766
v 0.003435127669945359 -0.0014389645075425508 -0.02620114758610726
v 0.003412722377106547 -0.0013563638785853984 -0.026269929483532913
v 0.003386956406757235 -0.0012512621469795706 -0.026295309886336334
v 0.0035977473016828294 -0.0010808561928570273 -0.02609857544302941
v 0.004016971681267022 -0.0006450333166867496 -0.027790112420916564
v 0.003950051497668027 -0.0007350383093580606 -0.027726320549845702
v 0.004050181247293948 -0.0005832987953908743 -0.027900792658329017
v 0.003924880176782607 -0.0006810517515987159 -0.028141625225543983
v 0.003898131195455789 -0.0006219252827577294 -0.02855727449059487
v 0.004012234974652528 -0.0005568306078203024 -0.02825086936354638
v 0.004040884319692849 -0.000549917866010219 -0.028119701892137534
v 0.003653952851891517 -0.0009478901047259571 -0.027531174942851074
v 0.003618838964030146 -0.0009712253813631835 -0.02753885835409165
v 0.0034335497766733165 -0.0011293551651760938 -0.027682157233357436
v 0.003446340328082442 -0.001070656697265804 -0.027600390836596496
v 0.003374060615897178 -0.0011054247152060272 -0.02763707377016545
v 0.003961596637964248 -0.0006822875002399088 -0.027569940313696868
v 0.003816675394773483 -0.000823733920697123 -0.02752258256077767
v 0.003867930499836802 -0.0007949064602144065 -0.027554595842957504
v 0.0036834257189184423 -0.0009274280746467414 -0.02752614952623845
v 0.003723666770383715 -0.0009413488442078235 -0.027587778866291053
v 0.0036757607012987133 -0.0009328302112407985 -0.027527324855327613
v 0.0037176618352532382 -0.0009469781070947649 -0.027590367943048484
v 0.003492259886115789 -0.001135663245804608 -0.02774092741310597
v 0.0039164009504020205 -0.0007748756324872377 -0.0277159083634615
v 0.0039654821157455436 -0.0007133049075491727 -0.027640048414468772
v 0.0035418607294559474 -0.0011217882856726649 -0.027806416153907783
v 0.0035767627414315935 -0.0010912654688581826 -0.02786961197853089
v 0.0037507798988372083 -0.0009455851977691057 -0.027666803449392326
v 0.0037681909743696447 -0.0009284404222853484 -0.027741283178329475
v 0.0037562339566648 -0.0009404479642398658 -0.027664462104439742
v 0.0038844202645123 -0.0008102646097540858 -0.027634805068373687
v 0.0037552071735262866 -0.0007194497156888248 -0.02880202606320382
v 0.0035765494685620065 -0.0008476827642880382 -0.02900179103016854
v 0.0032277223654091354 -0.001298260525800288 -0.028338195756077773
v 0.0031252668704837556 -0.0013172230683267119 -0.02861940301954747
v 0.003118295688182115 -0.0012888509081676605 -0.028768196702003486
v 0.0033705611713230606 -0.0012297632638365032 -0.02809924259781838
v 0.0032481390517204996 -0.0012903242604807021 -0.02829800173640252
v 0.003163652960211038 -0.001188872614875436 -0.02904422208666802
v 0.003354420186951756 -0.0010543229291215541 -0.02896432206034661
v 0.0031156598124653097 -0.0012524579651653769 -0.028932653367519386
v 0.0031110919080674644 -0.0012596569722518327 -0.028916735202074058
v 0.0033876313827931877 -0.0009903688915073874 -0.02911066450178624
v 0.0032342807389795776 -0.0011191485682502391 -0.029102372005581863
v 0.0031025563366711135 -0.0012998240999877455 -0.02877213060855866
v 0.003022661199793219 -0.0013417559675872328 -0.02877588756382466
v 0.00298622902482748 -0.0013034337898716333 -0.028957651928067214
v 0.0029269095975905652 -0.001358705689199269 -0.028774064034223563
v 0.002830975223332643 -0.001344683929346502 -0.028766337782144553
v 0.002845738315954804 -0.0012861671857535841 -0.028978213667869575
v 0.0028613412287086244 -0.001369657344184816 -0.0285636242479086
v 0.002781735267490148 -0.0013315969845280053 -0.02854391001164914
v 0.0027532421518117185 -0.0013123794924467804 -0.02871562726795674
v 0.0027643439825624223 -0.001242965226992965 -0.02897742204368115
v 0.002955559408292174 -0.0013813525438308718 -0.028585173189640052
v 0.003048808546736836 -0.0013615421485155823 -0.028604809194803245
v 0.0035968546289950605 -0.0007941025542095306 -0.029069056734442718
v 0.003405536990612745 -0.0009391417843289675 -0.029184496030211456
v 0.0033851319458335634 -0.0008797754417173567 -0.029259582981467254
v 0.003596775466576218 -0.0007185559952631594 -0.02913127094507218
v 0.003346443641930818 -0.0008068326278589668 -0.029312256723642356
v 0.0035729946102946992 -0.0006337765371426941 -0.029174156486988075
v 0.002853667130693793 -0.00126972864381969 -0.029017819091677673
v 0.0028380695730447765 -0.0011434229090809824 -0.029172575101256377
v 0.002918461803346872 -0.0011853846954181793 -0.02916942164301873
v 0.002970783971250057 -0.0010123569518327715 -0.029307873919606216
v 0.0030282903462648387 -0.0010742513695731761 -0.02928242832422257
v 0.0031484658829867835 -0.0008597844862379136 -0.029360314831137664
v 0.003167939838021993 -0.000951076624915004 -0.02933351323008538
v 0.0033311091829091306 -0.0007143043912947179 -0.029323955997824676
v 0.0030416585505008693 -0.0012817380484193566 -0.02897490933537484
v 0.0029481805395334955 -0.0012904418399557473 -0.029002584517002113
v 0.003089637495577335 -0.0012188378022983672 -0.029086407274007804
v 0.003005682490766048 -0.0012154402211308481 -0.029136566445231445
v 0.0031680909451097246 -0.0011389571009203794 -0.02916590869426728
v 0.0031018825247883792 -0.0011179207358509304 -0.02923481911420823
v 0.003268733853474259 -0.0010497869225218894 -0.029201552271842963
v 0.003224609652534127 -0.0010095235193148258 -0.029279073700308807
v 0.0035341857001185413 -0.0005583991296589376 -0.02919220924377442
v 0.0029226979240775104 -0.0008378073689527812 -0.030037634074687965
v 0.0030072573572397228 -0.0005241694161668421 -0.03075032867491246
v 0.0032333121635019775 -0.0004275578830856831 -0.030513105913996703
v 0.003292248817160725 -0.0005465836729854346 -0.030019104480743415
v 0.0032755315769463773 -0.0004034755693282933 -0.030477549880743034
v 0.003428749972954392 -0.0003022986347787083 -0.030364826321601875
v 0.0036574855912476774 -0.0003047889622393996 -0.029646603390574462
v 0.0037182928062975402 -0.00041887484258040797 -0.028982263058424003
v 0.003627045080065727 -0.00048785604303702723 -0.029098322615027435
v 0.003515094285830855 -0.00023562082787975674 -0.0303118396550417
v 0.0035750258248299356 -0.00018488006026018416 -0.030279781669378288
v 0.0028288136236369605 -0.0005489239119924606 -0.031022068113088615
v 0.0037810807116329666 -0.0004788526275660844 -0.028932435438036926
v 0.0038146409206092353 -0.00034670115564949816 -0.02882866188883782
v 0.0037977062165737148 -0.0005693136481568218 -0.02890135347843171
v 0.0037876090500503774 -0.000653919647447765 -0.028854815289378173
v 0.003936550579965114 -0.0005498546524904669 -0.02859547547996045
v 0.0039516440592706195 -0.0004597078368533404 -0.02862821519374848
v 0.003937964793294667 -0.000365836312994361 -0.028648890554904945
v 0.0039007272571325298 -0.00028397302958182996 -0.028655361384153373
v 0.0040980218909680835 -0.00047729440848343085 -0.028029583394527442
v 0.004055638331919908 -0.000479759299196303 -0.028269059956073768
v 0.004074826836585998 -0.00038539720117114495 -0.02828266471624375
v 0.004079502075910567 -0.0002838156651705504 -0.028220450505614288
v 0.0041155489161610595 -0.0003278405929449946 -0.02805150672793389
v 0.004119990859180688 -0.0003829477063845844 -0.02802099101245404
v 0.0041242088191211215 -0.00037581613287329685 -0.027931019663810737
v 0.00412151264026761 -0.00040676718344911944 -0.027869192883372314
v 0.004116364754736423 -0.0004303080204408617 -0.027827415615320213
v 0.003926172386854886 -0.00026614742819219833 -0.02859517931938172
v 0.004063492640852927 -0.00028899731114506727 -0.028288664296269424
v 0.0040936353616416446 -0.0005190451629459859 -0.02785115875303746
v 0.004080294631421565 -0.0005475442740134896 -0.027791012078523643
v 0.004033757373690604 -0.0006226495606824757 -0.02769575826823712
v 0.0039902147836983195 -0.000648745510261506 -0.027589907869696624
v 0.004089164547622203 -0.0005002177204005421 -0.027726151049137122
v 0.004097939003258943 -0.00048153361422009777 -0.027750188484787948
v 0.0039500491693615905 -0.0002499568217899651 -0.02853373810648919
v 0.0041146213188767424 -0.00043652942986227583 -0.027817068621516235
v 0.003355188993737101 -0.0010714688105508687 -0.027596281841397292
v 0.003208850976079702 -0.0011700906325131657 -0.027744449675083167
v 0.0036110975779592987 -0.0008627029601484539 -0.027403185144066818
v 0.003823189530521631 -0.0006496427231468261 -0.02731911465525628
v 0.00397449405863881 -0.00046554990694858145 -0.027333490550518043
v 0.004013581667095422 -0.0004110744921490551 -0.02735789120197297
v 0.004069874994456767 -0.0003234448086004705 -0.027427272871136672
v 0.004114567767828702 -0.00023403158411383634 -0.027569701895117767
v 0.004124198108911513 -0.00019238503591623163 -0.027708658948540694
v 0.004121921956539153 -0.00017992191715165975 -0.027785314247012145
v 0.004070422146469354 -0.0001792850089259446 -0.028131181374192245
v 0.0028942425269633527 -0.001320809591561556 -0.028222532942891128
v 0.0030314985197037454 -0.00126790429931134 -0.027975874021649368
v 0.0029363988433033224 -0.001307412167079747 -0.028137357905507095
v 0.0030115591362118717 -0.0013436588924378159 -0.028168121352791793
v 0.0033124259207397695 -0.001183347427286208 -0.027746241539716728
v 0.0033877170644700523 -0.0011978007387369873 -0.027806235477328307
v 0.003454012563452124 -0.0011836302001029255 -0.027876066043972976
v 0.0031821539159864183 -0.0013346341438591482 -0.02825595438480378
v 0.0030987726058810945 -0.0013546779518947007 -0.028209939599037177
v 0.0034935867879539724 -0.001093253609724343 -0.026705991476774223
v 0.0037601669318974014 -0.0009475716506130996 -0.025853656232357032
v 0.0038750469684600826 -0.0007448514807038011 -0.026383522897958762
v 0.003921397030353545 -0.0008171676890924575 -0.025481691583991058
v 0.004043762572109698 -0.0009997872402891519 -0.024687761440873153
v 0.004002029076218604 -0.001102152979001403 -0.024665931239724166
v 0.004036061465740203 -0.0010501091601327064 -0.024807015433907516
v 0.003399314125999808 -0.0015492693055421118 -0.024492537602782256
v 0.003931609448045491 -0.0008093253127299251 -0.025450410321354873
v 0.0040393155068159095 -0.0008390382281504574 -0.025138933211565025
v 0.003941167145967483 -0.0009105807985179128 -0.025510419160127647
v 0.0036673636641353364 -0.0011296108132228257 -0.026032149791717536
v 0.0038219713605940338 -0.0010049616685137155 -0.025784362107515342
v 0.00392655050382018 -0.0008131938520818951 -0.0254660863429308
v 0.003667937126010656 -0.0012957401340827348 -0.025936463847756393
v 0.00381343625485897 -0.0011816162150353195 -0.025710385292768485
v 0.003927118144929408 -0.0010944212554022672 -0.025457911193370826
v 0.004032178316265344 -0.0010287511395290496 -0.0250398125499487
v 0.0036076072137802835 -0.0015002879081293945 -0.024570005014538772
v 0.00355508760549128 -0.00149652932304889 -0.024488376453518874
v 0.0036368540022522207 -0.0014070800971239807 -0.02442376501858235
v 0.0037799808196723457 -0.0013445739168673756 -0.024511676281690604
v 0.0037520788609981533 -0.0013217350933700802 -0.0244250986725092
v 0.003877278650179505 -0.0012465136824175718 -0.024527424946427352
v 0.003819516627117991 -0.0012654211604967716 -0.02444091252982617
v 0.00392077350988984 -0.0011674079578369858 -0.024495620280504234
v 0.003945881500840186 -0.001171009265817702 -0.024575952440500266
v 0.003958029206842183 -0.001125475042499602 -0.024530665948987014
v 0.004059331025928258 -0.0009631736320443454 -0.024753244593739517
v 0.004062712658196687 -0.0009595518349669876 -0.024784039705991752
v 0.004070289433002471 -0.0009061166201718154 -0.024884747341275222
v 0.004058463033288716 -0.0009353521745651963 -0.02504445984959603
v 0.0040535922162234774 -0.0008528850157745185 -0.025067722424864776
v 0.0036808033473789688 -0.0012169431429356339 -0.0259917937219143
v 0.0038318322040140624 -0.0010965223191305997 -0.025753475725650794
v 0.003948934376239776 -0.0010049791308119895 -0.025488892570137985
v 0.004038742277771234 -0.0007351782987825575 -0.025015939027071006
v 0.003117888933047652 -0.0016555403126403694 -0.024658543989062316
v 0.0031589474529027935 -0.0016280030831694607 -0.024609033018350608
v 0.0033076372928917404 -0.0015216431347653274 -0.02445266395807267
v 0.0035554303321987386 -0.0013206136645749213 -0.024268237873911865
v 0.0036477197427302595 -0.001237337593920529 -0.024226125329732902
v 0.0038177282549440856 -0.0010691841598600151 -0.0242005754262209
v 0.003920050803571939 -0.0009557601297274234 -0.02423746697604657
v 0.003950481303036212 -0.000919445767067373 -0.024262106046080596
v 0.003975102212280034 -0.0008888597949407997 -0.024289397522807128
v 0.004043312743306159 -0.0007942570955492558 -0.024436108767986305
v 0.004059843719005584 -0.0007656277739442887 -0.02451861277222634
v 0.004070284776389598 -0.0007354929693974557 -0.024677922949194915
v 0.004729734268039464 -0.002851239871233702 -0.014459245838224891
v 0.004801345989108085 -0.0030611969996243724 -0.013662818819284443
v 0.004349940922111272 -0.00339772878214717 -0.01392727438360453
v 0.0040447856299579135 -0.001002336503006518 -0.021765470504760746
v 0.003196465084329247 -0.001696546329185367 -0.022851832211017612
v 0.0036309761926531787 -0.0013378214789554479 -0.02290352247655392
v 0.003207669593393802 -0.0017428233986720447 -0.021599132567644123
v 0.003650993108749389 -0.0013998587382957341 -0.02153435349464417
v 0.0032097082585096355 -0.0017530997283756737 -0.02145357243716717
v 0.0032334413845092054 -0.0018546408973634247 -0.0206464808434248
v 0.0036922576837241645 -0.0015527772484347229 -0.02039122395217419
v 0.003287868574261665 -0.0020472465548664336 -0.019813550636172298
v 0.0037944514770060773 -0.0018667764961719517 -0.019173555076122287
v 0.0033324188552796836 -0.0021889493800699715 -0.019321355968713764
v 0.003785848151892423 -0.003490381175652147 -0.014968452975153927
v 0.0036939179990440603 -0.0032109455205500135 -0.01599332317709923
v 0.00419944617897272 -0.0029488406144082555 -0.015606963075697425
v 0.0035527860745787616 -0.002815721789374948 -0.01730659976601601
v 0.003447414375841617 -0.002523673698306084 -0.018241252750158313
v 0.004425222519785165 -0.003680097637698055 -0.012640648521482948
v 0.0038172069471329446 -0.0035971608012914666 -0.01453465968370438
v 0.004902896005660295 -0.0034324515145272025 -0.012055827304720882
v 0.0046625910326838485 -0.0026695998385548596 -0.015106696635484699
v 0.004278823733329772 -0.0016873009735718374 -0.018409946933388713
v 0.004212976433336734 -0.0015114333946257834 -0.019009619951248172
v 0.004106088075786828 -0.0012023351155221464 -0.02021325007081032
v 0.004051786381751298 -0.0010243426077067854 -0.021462570875883106
v 0.004049302078783511 -0.0010163107654079797 -0.021564655005931858
v 0.00401022471487522 -0.003821757389232517 -0.012760036624968055
v 0.004699198994785546 -0.003497623372823001 -0.011888990178704265
v 0.004159279167652129 -0.0037636817432940015 -0.012593081220984462
v 0.004757407121360301 -0.0035050855949521073 -0.011926187202334407
v 0.004347370471805333 -0.0037278004456311473 -0.01255809981375933
v 0.004813760519027709 -0.003495786106213928 -0.011968839913606647
v 0.004863655194640159 -0.003470938652753831 -0.012013274244964126
v 0.006414161529392003 -0.00016425305511802438 -0.006061153020709755
v 0.006416837219148873 -0.00020152119395788764 -0.006111609749495985
v 0.006541133392602204 -0.00033607578370720154 -0.006337015423923733
v 0.004852447193115949 -0.0034032987896353015 -0.01165518630295992
v 0.005111330654472112 -0.003273744136095048 -0.011373759247362615
v 0.0052491631358861915 -0.0031013558618724355 -0.010957481339573862
v 0.005456665996462106 -0.002983235055580736 -0.010727667249739172
v 0.005608524661511182 -0.002732012420892716 -0.010177728720009329
v 0.005752510856837033 -0.002660432597622276 -0.010066317394375803
v 0.00599790597334504 -0.0023112166672945027 -0.009413858875632288
v 0.005911152344197034 -0.00230242544785142 -0.009365602396428587
v 0.006170811597257852 -0.0017685861093923454 -0.008457468822598459
v 0.006348267197608947 -0.0015565428184345369 -0.008151645772159101
v 0.006243862677365541 -0.001563347410410643 -0.00812610797584057
v 0.006338423583656549 -0.0012133879354223611 -0.007577766664326193
v 0.006521853152662515 -0.0007508654962293806 -0.006924683228135111
v 0.00640806509181857 -0.0007659796974621715 -0.006906927097588779
v 0.00641570659354329 -0.000671747315209359 -0.0067701204679906386
v 0.006050906144082545 0.0013207986485213043 -0.004290613345801831
v 0.006198124960064887 0.0007592416950501504 -0.004891355521976949
v 0.0062716156244277945 0.0009165958035737278 -0.004749828018248082
v 0.0063406932167708865 0.000312441639835015 -0.005438586696982385
v 0.0064226388931274405 0.0005019432865083219 -0.0052455137483775624
v 0.00651022046804428 8.267055090982468e-05 -0.005775513593107463
v 0.005703314673155545 0.0015718111535534267 -0.003972365055233241
v 0.005795639008283614 0.0014568127226084473 -0.004096983000636102
v 0.005986548028886317 0.0011780754430219533 -0.0044062668457627305
v 0.005756346508860587 0.0017082181293517355 -0.003870462533086539
v 0.005385437514632939 0.002073117066174746 -0.003491760231554509
v 0.005339454393833875 0.0019450502004474406 -0.0035795739386230716
v 0.0049860519357025615 0.002382315928116441 -0.0031857015565037736
v 0.004895440768450498 0.002292615827172995 -0.0032304790802299985
v 0.005341215524822473 0.002526967087760568 -0.0035257947165519008
v 0.0050957142375409594 0.0027046061586588625 -0.003349926322698594
v 0.005097493529319762 0.002611483214423061 -0.003252087626606227
v 0.0065377592109143725 -0.0013639031676575544 -0.008311075158417227
v 0.006548720877617597 -0.0013289396883919837 -0.00825820490717888
v 0.006507450714707374 -0.0014484754065051677 -0.008251855149865152
v 0.006681211292743682 -0.000746229838114232 -0.007401756010949613
v 0.006686015985906123 -0.0006191994179971517 -0.007025474682450296
v 0.0067236972972750655 -0.00014278531307354572 -0.006569135002791883
v 0.006706163752824067 -0.00019257474923506385 -0.0064380252733826655
v 0.006681727245450019 0.0003678597859106959 -0.005911855492740871
v 0.006674759089946746 0.00023877235071267938 -0.00587614066898823
v 0.006568791810423135 0.0008450809982605281 -0.005336947739124299
v 0.006584862247109412 0.0006719718803651632 -0.005344411823898555
v 0.006388337351381778 0.0012896507978439333 -0.004830035846680404
v 0.006429127883166074 0.0011014275951310994 -0.004845181945711375
v 0.0061122244223952285 0.001744636101648212 -0.004334311932325364
v 0.0062008234672248355 0.001520452788099647 -0.004380410071462394
v 0.005761464126408099 0.002156814327463508 -0.003901799442246557
v 0.0058957263827323905 0.0019215214997529988 -0.003953079227358104
v 0.00551159307360649 0.0022977124899625783 -0.003566260915249587
v 0.006339489948004483 -0.0018643696093931799 -0.009088909253478052
v 0.00614708662033081 -0.0022270679473876957 -0.009511370211839678
v 0.006062851753085851 -0.0023458176292479043 -0.009893440641462805
v 0.005894196685403585 -0.0025880262255668644 -0.010160606354475023
v 0.005725542549043893 -0.002768054604530335 -0.010672707110643389
v 0.005588694941252469 -0.0029234669636935 -0.010819108225405218
v 0.005231115501374005 -0.00322745367884636 -0.011463050730526449
v 0.005343394353985786 -0.0031243013218045243 -0.011390073224902155
v 0.005058234091848134 0.002496260683983565 -0.003193451091647149
v 0.005467786919325589 0.002182793570682407 -0.003504242282360793
v 0.005847249180078506 0.0018097672145813708 -0.0038891623262315997
v 0.00614800676703453 0.0014129878254607322 -0.004315515514463187
v 0.00637246761471033 0.0009990663966163995 -0.004780275281518699
v 0.006524996832013129 0.0005751809803768994 -0.005280370824038983
v 0.006612385157495736 0.00014764776278752836 -0.005813580472022296
v 0.006641985848546027 -0.0002781745570246131 -0.00637725228443742
v 0.006620629224926232 -0.0006992361159063877 -0.006966449785977604
v 0.006441185250878333 -0.0015165091026574378 -0.008195688016712667
v 0.006082286592572927 -0.0022820101585239176 -0.00945874582976103
v 0.005831319373100995 -0.0026361299678683285 -0.010110626928508283
v 0.005528876092284917 -0.002964010927826167 -0.010771412402391435
v 0.005175782833248376 -0.0032598180696368226 -0.011417067609727384
v 0.00397968990728259 0.002944218460470439 -0.0026658370625227694
v 0.004579842090606689 0.0024951093364506964 -0.0030359202064573773
v 0.0045332908630371085 0.002662114100530744 -0.0029193304944783454
v 0.0032915538176894184 0.003105248790234328 -0.0024943517055362467
v 0.0038544971030205484 0.002872218377888203 -0.002692113630473614
v 0.004010275937616824 0.0027994764968752865 -0.0027563048060983424
v 0.003380608512088656 0.003194462042301894 -0.0024552335962653164
v 0.002745706588029861 0.003409933531656862 -0.0022864318452775483
v 0.002626186935231089 0.0033285776153206834 -0.0023171866778284316
v 0.00208308408036828 0.003587153274565936 -0.0021577833686023955
v 0.001825157203711569 0.0035318885929882535 -0.002168365987017751
v 0.0014001347590237854 0.0037213098257780084 -0.0020674669649451975
v 0.001025173347443342 0.0036654428113251933 -0.0020779403857886796
v 0.0007035074522718786 0.0038061174564063558 -0.002013590652495623
v 4.019452148895652e-08 0.0038356424774974593 -0.001995552331209183
v 0.00022682320559397337 0.0037260581739246854 -0.002038969891145826
v -0.0007033387664705514 0.0038060396909713754 -0.002013482386246324
v -0.0006056659040041267 0.003706563729792834 -0.0020511676557362084
v -0.001399886095896363 0.003721250919625164 -0.0020674737170338635
v -0.0014523748541250823 0.0036028202157467612 -0.002119603799656034
v -0.002082874067127704 0.003587246639654041 -0.002157868584617973
v -0.002281099092215299 0.0034246130380779513 -0.0022453733254224066
v -0.002745431615039706 0.0034097712486982354 -0.002286402974277735
v -0.0030555941630154844 0.0031901081092655667 -0.0024252939037978653
v -0.0033804576378315683 0.003194237360730768 -0.002455217763781548
v -0.0037541801575571294 0.0029168974142521624 -0.002653173636645079
v -0.003979518543928861 0.002944141626358033 -0.002665828680619598
v -0.003858805168420076 0.0028701159171760087 -0.0026938833761960272
v -0.004533056635409593 0.0026620365679264073 -0.00291930977255106
v -0.004361976403743028 0.0026192869991064076 -0.0029197169933468108
v -0.004985847976058721 0.0023821981158107523 -0.00318569177761674
v -0.0048952377401292315 0.0022925105877220635 -0.0032304779160767802
v -0.004799547139555215 0.002891958458349109 -0.003168058581650258
v -0.005095529370009898 0.0027044846210628752 -0.0033498890697956094
v -0.00509729841724038 0.0026113530620932583 -0.003252055263146759
v -0.004632352385669946 0.0028978877235203986 -0.0029804541263729343
v -0.004064437467604875 0.0031814777757972488 -0.002721891272813082
v -0.004154220223426818 0.0032293261028826245 -0.002852791920304299
v -0.0034514029975980516 0.0034307427704334268 -0.0025077399332076315
v -0.003417517058551311 0.003530293935909868 -0.002588528441265226
v -0.002854004735127091 0.0037143630906939515 -0.0024370048195123677
v -0.002802767558023333 0.003643834963440896 -0.0023367202375084166
v -0.0026582397986203428 0.0037701609544456014 -0.0023929155431687836
v -0.0021267477422952648 0.0038179827388376006 -0.0022070084232836966
v -0.001823959173634648 0.0039635305292904386 -0.00224727881141007
v -0.0014298665337264536 0.003948707599192859 -0.002116071525961161
v -0.000985644641332328 0.004087115637958051 -0.0021603682544082408
v -0.0007185955182649194 0.004031121730804444 -0.0020618422422558074
v 3.214959676256512e-08 0.004059816710650922 -0.0020438604988157754
v -0.0001401713379891589 0.004138600546866656 -0.002126071369275451
v 0.0007187862065620719 0.004031183198094369 -0.002061966108158231
v 0.000733547145500779 0.004110408946871758 -0.002144793281331659
v 0.001430065371096134 0.003948772326111794 -0.0021160680335015063
v 0.0016068769618868826 0.004002369474619628 -0.0022194099146872763
v 0.0021267922129482027 0.0038179049734026202 -0.0022069229744374756
v 0.002446082886308431 0.003826062427833677 -0.002349608344957233
v 0.0028029521927237506 0.003643964650109411 -0.0023367679677903657
v 0.0032262001186609264 0.003597132163122297 -0.002532739890739322
v 0.0034515454899519678 0.003430937649682165 -0.00250776787288487
v 0.004064613487571477 0.003181573003530503 -0.002721897559240461
v 0.00393059430643916 0.0033289999701082715 -0.0027633705176413064
v 0.004632586147636174 0.0028979834169149403 -0.0029804753139615068
v 0.004548434168100356 0.003033525776118041 -0.0030338738579303035
v -0.005058033857494592 0.0024961358867585663 -0.0031934324651956567
v -0.004597014747560023 0.0027808474842458968 -0.0029232290107756857
v -0.004033538047224282 0.003064961638301612 -0.002667242428287864
v -0.0034249604213982816 0.003315569134429098 -0.002455416833981872
v -0.0027808807790279384 0.003530553774908186 -0.0022863927297294144
v -0.0021096379496157165 0.0037068454548716554 -0.0021583153866231446
v -0.00141796946991235 0.0038395277224481114 -0.0020686166826635603
v -0.000712476554326713 0.003923307638615371 -0.0020151850767433648
v 3.554886163215087e-08 0.003952516708523036 -0.001997492276132107
v 0.0007126610144041478 0.003923377487808467 -0.002015308011323214
v 0.0014181889127939937 0.003839588491246105 -0.0020686096977442507
v 0.002109745983034372 0.0037067611701786527 -0.0021582271438091998
v 0.0027810991741716857 0.0035307034850120553 -0.002286434639245272
v 0.0034251038450747724 0.0033157779835164556 -0.0024554380215704445
v 0.004033713601529597 0.0030650487169623384 -0.002667248016223312
v 0.004597253166139125 0.002780938753858209 -0.0029232546221464877
v 0.00013307039625942704 -0.003957620356231929 -0.01316539850085974
v -0.004996130242943763 0.002221132162958384 -0.0033009827602654704
v -0.005402052775025367 0.0018876899266615514 -0.003638646099716426
v -0.005759673193097114 0.0015024741878733043 -0.004047155845910312
v -0.00579663598909974 0.0014550952473655345 -0.004098716191947461
v 5.015950591769069e-05 0.0028945519588887696 -0.00267263874411583
v -0.005128838587552308 -0.003202467458322645 -0.011184605769813062
v -0.005500541999936103 -0.00285517773590982 -0.010428957641124727
v -0.005823718849569558 -0.0024417687673121695 -0.009618856944143774
v -0.005905413534492253 -0.0023118099197745328 -0.00938232894986868
v -0.006084988825023173 -0.0019706171005964284 -0.008791656233370306
v -0.006243701558560132 -0.0015634172596037392 -0.008126007393002512
v -0.006280746310949325 -0.0014417161000892522 -0.007933043874800207
v -0.006396824494004249 -0.0008687328663654628 -0.0070576723664999026
v -0.006420966237783431 -0.00028195764753036206 -0.0062212171033024805
v -0.006416620686650275 -0.00020140649576205766 -0.006111308932304384
v -0.006045007612556218 0.001077201799489558 -0.004520644899457694
v -0.006236868444830178 0.0006586348172277213 -0.005011552013456822
v -0.006363485474139451 0.00020596882677637046 -0.005573786795139314
v -0.005385204218327998 0.0020730367396026854 -0.003491711104288698
v -0.005756021477282046 0.0017081849509850149 -0.0038703500758856544
v -0.006050577387213706 0.001320787472650409 -0.0042904429137706765
v -0.006271294318139552 0.0009166283416561785 -0.004749594256281854
v -0.006422322243452071 0.0005019010859541596 -0.0052453065291047105
v -0.006509958766400813 8.263454219559209e-05 -0.005775391124188901
v -0.0065408293157815925 -0.0003360598057042808 -0.006336758378893139
v -0.006521606352180242 -0.0007508611306548121 -0.006924402434378864
v -0.0063480199314653865 -0.0015565773937851195 -0.008151501417160036
v -0.005997634027153253 -0.0023112697526812558 -0.009413859806954862
v -0.005752197466790675 -0.0026604114100337033 -0.010066161863505842
v -0.00545640056952834 -0.0029832131695002326 -0.010727456770837309
v -0.005111156962811946 -0.003273762995377184 -0.011373489163815977
v -0.005157938692718743 -0.00326545280404389 -0.011688076891005041
v -0.00523083284497261 -0.00322758429683745 -0.01146267168223858
v -0.005560828838497399 -0.002933963434770704 -0.010999315418303015
v -0.005588311236351728 -0.00292362435720861 -0.010818851180374624
v -0.005663257092237472 -0.0028332236688584094 -0.010799123905599119
v -0.005961924325674771 -0.002486311830580235 -0.010143303312361242
v -0.005893765948712825 -0.0025882120244205002 -0.010160410776734354
v -0.006146698724478482 -0.0022272996138781313 -0.009511234238743784
v -0.00625709956511855 -0.002025912748649717 -0.009350107982754709
v -0.006503612734377383 -0.001465690322220326 -0.008465244434773924
v -0.006507098209112882 -0.0014486418804153802 -0.008251468650996687
v -0.006537511479109525 -0.0013640761608257892 -0.008310633711516859
v -0.006656581535935401 -0.0008917305967770519 -0.007610491476953031
v -0.006685678381472825 -0.0006194402230903507 -0.007025019265711309
v -0.006719971075654029 -0.00034087660606019204 -0.006835179403424265
v -0.0067057753913104525 -0.00019282610446680343 -0.006437603384256365
v -0.006706350483000278 0.00017495418433099988 -0.006154428236186506
v -0.00589537713676691 0.001921201124787331 -0.0039527416229248056
v -0.006237556226551532 0.0015581783372908835 -0.004534568171948195
v -0.0062004709616303435 0.0015201452188193802 -0.0043800375424325475
v -0.006464605685323476 0.0011241034371778371 -0.005015481263399125
v -0.006428759079426526 0.0011011750902980568 -0.004844732582569123
v -0.006620608735829591 0.0006633111624978484 -0.0055511845275759706
v -0.0065844766795635215 0.0006716370698995889 -0.005343989003449679
v -0.006674426142126321 0.00023847066040616488 -0.005875837523490192
v -0.005555900745093822 0.002349998336285353 -0.003703828901052476
v -0.005843820981681346 0.0020705740898847584 -0.0039908643811941156
v -0.005937341134995221 0.001965756062418223 -0.004100212361663581
v -0.0055113271810114375 0.0022973697632551198 -0.0035659712739288816
v -0.0051755369640886775 -0.0032598692923784265 -0.011416747234761717
v -0.005528532899916171 -0.0029640563298016795 -0.01077117305248976
v -0.00583092588931322 -0.002636184915900231 -0.01011045277118683
v -0.006081925705075263 -0.002282128436490894 -0.009458675980567934
v -0.006440843921154737 -0.0015165826771408324 -0.008195430971682073
v -0.00662028370425105 -0.0006993303541094066 -0.006966094486415388
v -0.006641583517193793 -0.00027826821315102285 -0.006376931443810465
v -0.006612026598304509 0.00014750022091902795 -0.005813390947878362
v -0.006524576805531978 0.0005750132841058077 -0.005280087236315013
v -0.006372058764100074 0.0009989680256694557 -0.004779971670359374
v -0.006147602573037147 0.0014128260081633928 -0.004315291531383992
v -0.005846846848726272 0.0018095824634656314 -0.003888978622853757
v -0.0054674800485372535 0.002182574942708016 -0.003504124702885748
v -0.006092139519751071 -0.001448703231289983 -0.011723891831934456
v -0.006058949977159499 -0.0015050100628286604 -0.011828700080513958
v -0.006267839111387729 -0.001105749164707959 -0.011095305904746057
v -0.005486921872943639 0.003000396071001888 -0.00520507711917162
v -0.005826054606586694 0.002623358508571983 -0.005610484164208175
v -0.0050790300592780105 0.003361283568665386 -0.004846886731684209
v -0.00509178265929222 0.0030270752031356105 -0.004054476041346789
v -0.006084909196943044 0.0022563601378351454 -0.006033184472471477
v -0.006214529275894164 0.0020290515385568146 -0.006308174692094328
v -0.006301644723862409 0.0018499827710911636 -0.006531727034598591
v -0.006457278504967689 0.0014343649381771686 -0.007073687855154278
v -0.006506754551082849 0.0012511566746979954 -0.0073227793909609335
v -0.006583167240023612 0.0007990247686393561 -0.007964387536048891
v -0.0066002756357192984 0.0003838373813778163 -0.008588004857301714
v -0.006589566357433795 0.00015689266729168597 -0.008943335153162481
v -0.006456319708377122 -0.0005888833547942341 -0.010181447491049768
v -0.006425176747143268 -0.0006928194779902698 -0.010361802764236929
v -0.005934859160333871 -0.0016981249209493403 -0.012191437184810642
v -0.005797460209578275 -0.0018862300785258417 -0.012549591250717643
v -0.0050478256307542315 0.0034414685796946296 -0.005268594715744258
v -0.005016431212425231 0.003522233571857215 -0.00569144543260336
v -0.005410930141806602 0.003175908699631692 -0.00607231864705682
v -0.005751418881118297 0.002800754271447659 -0.006524091120809318
v -0.005788996815681457 0.0027114066760987048 -0.006065386347472669
v -0.004406205378472804 0.0021158726885914807 -0.031116677448153503
v -0.004320477135479449 0.002056335331872106 -0.03139089792966843
v -0.004511006642132997 0.00205321959219873 -0.03066540881991387
v -0.0056069502606987945 -0.0008868093718774619 -0.015316674485802654
v -0.005291475448757409 -0.00010891873535001653 -0.018262514844536785
v -0.00610722554847598 0.0004335735575295986 -0.013937634415924553
v -0.005759281571954488 0.0013025403022766115 -0.01758040860295296
v -0.006342850625514983 0.0003133751451969147 -0.011715169064700605
v -0.006256952416151761 0.00030092042288742965 -0.012540313415229324
v -0.0063712787814438334 0.00034072223934344953 -0.011425404809415342
v -0.006438143085688352 0.0004735367256216706 -0.010649350471794607
v -0.006184460595250129 0.00036134957917965954 -0.01322552561759949
v -0.006151258014142512 0.00040963562787510465 -0.013544594869017604
v -0.006112135015428065 0.000475285400170833 -0.013926035724580291
v -0.006486442871391772 0.0009726705029606821 -0.00924001168459654
v -0.0064886780455708495 0.0008363840752281251 -0.009538688696920873
v -0.006481016986072063 0.0006970188696868719 -0.009892247617244722
v -0.006276155356317758 0.0019069218542426829 -0.007729788776487114
v -0.0063192606903612605 0.0017916720826178793 -0.007895521819591524
v -0.006358282640576362 0.001673727529123426 -0.008066555485129358
v -0.006407028529793023 0.0014985367888584737 -0.008327622897922994
v -0.0064549027010798446 0.0012658443301916125 -0.008698827587068083
v -0.0062119755893945685 0.002057817298918963 -0.007516039535403253
v -0.00614076480269432 0.0022045073565095667 -0.007312588393688204
v -0.006041821558028459 0.002382803708314896 -0.007068935781717302
v -0.0059145684354007235 -0.00024057985865511006 -0.014623584225773815
v -0.0051390016451478 0.0003040679439436645 -0.020049413666129116
v -0.005047576036304235 0.000491820217575878 -0.021575868129730228
v -0.004939250648021697 0.0005859871162101627 -0.02349470183253289
v -0.004773533903062343 0.0006783141288906337 -0.026039708405733115
v -0.004519556183367967 0.000847912335302681 -0.0289252307265997
v -0.004303776193410157 0.0009558227611705663 -0.030339559540152557
v -0.0041423835791647426 0.0010001220507547261 -0.03100246377289296
v -0.004777008667588233 0.002035051584243775 -0.02913965284824372
v -0.005093236919492482 0.0020140062551945452 -0.026057314127683646
v -0.005600589327514171 0.0017472497420385484 -0.01963721960783005
v -0.005541700869798659 0.0018624109216034417 -0.020438397303223613
v -0.0054718577302992335 0.0019376225536689167 -0.021287774667143825
v -0.005302467849105596 0.002004432957619429 -0.02334260940551758
v -0.0053124180994927874 0.001206810004077852 -0.021437993273139003
v -0.005423487164080142 0.001014836714603007 -0.019851118326187137
v -0.0055806031450629226 0.0005856222123838962 -0.01792699843645096
v -0.004266982898116111 0.0015258295461535458 -0.031207526102662093
v -0.004446269012987613 0.0015048062196001415 -0.03051008842885495
v -0.00469193048775196 0.0014443922555074098 -0.029037065804004676
v -0.004982359707355498 0.001348164980299771 -0.026052065193653114
v -0.005172346718609332 0.0012928282376378777 -0.02342280559241772
v -0.006151241250336169 0.0012872208608314397 -0.01356871891766787
v -0.006256955210119485 0.000892900279723108 -0.012556592933833603
v -0.006316082086414098 0.0006284631672315301 -0.011986953206360344
v -0.006319388281553983 0.0006606167880818249 -0.01194914057850838
v -0.006258256267756223 0.0009309944580309095 -0.01254003215581179
v -0.006258402951061725 0.0009690668666735294 -0.012523354031145576
v -0.00615053717046976 0.0014046176802366974 -0.013528781943023208
v -0.006206211168318986 0.0011936867376789453 -0.01300656329840422
v -0.006100399419665336 0.0015735341003164653 -0.014014550484716896
v -0.0051507800817489615 0.0038737712893635043 -0.02321998588740826
v -0.004934548400342464 0.0037138767074793586 -0.026111761108040817
v -0.005072330590337514 0.0030646168161183604 -0.026149483397603042
v -0.003735336475074291 0.004297157749533654 -0.031781837344169624
v -0.004042248707264661 0.0039101140573620805 -0.031571991741657264
v -0.004203471820801496 0.0039560962468385705 -0.03085103817284108
v -0.004384318832308053 0.0034627928398549565 -0.030869534239172942
v -0.00420421827584505 0.0034319811966270217 -0.03160560131072999
v -0.0049317660741508 0.003012103959918023 -0.027710666880011565
v -0.005293542519211768 0.00315080606378615 -0.023330759257078174
v -0.006118375808000564 0.0017209986690431838 -0.013533527031540874
v -0.005988916847854852 0.002485046396031976 -0.012965952977538112
v -0.005658216774463653 0.0033699681516736755 -0.016969654709100727
v -0.005579078570008277 0.0036355433985590943 -0.018199861049652103
v -0.004803145304322242 0.003622259246185423 -0.0277017466723919
v -0.004636060446500777 0.0035363899078220138 -0.029310945421457298
v -0.004038516897708177 0.003337833797559143 -0.03217463195323945
v -0.004083150066435336 0.0033089262433350095 -0.03206698969006539
v -0.004125832580029964 0.003281131386756898 -0.031958837062120445
v -0.00432346574962139 0.0031539155170321473 -0.03137737140059472
v -0.003913454245775937 0.003791398135945202 -0.03213426843285561
v -0.003717959858477115 0.004192478489130736 -0.03205734863877297
v -0.0036636551376432176 0.004275167826563121 -0.03204027190804482
v -0.00442472007125616 0.004063600674271584 -0.029299139976501472
v -0.004065430723130702 0.004473283886909486 -0.029843972995877273
v -0.00392217980697751 0.004377351142466069 -0.030899465084075935
v -0.004347894340753554 0.004890798591077329 -0.0257247630506754
v -0.004192511085420846 0.004614933859556914 -0.028341030701994903
v -0.00412054220214486 0.004525227472186089 -0.02927802130579949
v -0.005387446377426385 0.004132824949920178 -0.016618607565760616
v -0.004900923464447259 0.00518948631361127 -0.017962204292416576
v -0.00531259411945939 0.004408856388181449 -0.01789573766291142
v -0.0048526250757277 0.0053303465247154245 -0.01890402473509312
v -0.005258194636553525 0.004581537563353778 -0.018883541226387027
v -0.004785187542438506 0.005384706892073155 -0.019810646772384647
v -0.005191647913306951 0.004667402710765601 -0.019797964021563533
v -0.004684838000684976 0.005355280358344317 -0.020945275202393535
v -0.005100180394947528 0.004682122729718686 -0.020777579396963123
v -0.00453351717442274 0.005203644279390574 -0.022741809487342838
v -0.0048881424590945235 0.004556521307677031 -0.023108975961804393
v -0.004685863386839627 0.004317526705563069 -0.02606476843357087
v -0.005712811835110187 0.0032262629829347142 -0.012460593134164814
v -0.005248454865068196 0.004038588609546424 -0.012634158134460453
v -0.004986459389328956 0.0048340591602027425 -0.016293914988636974
v -0.005517706274986266 0.003583700396120549 -0.012230215594172481
v -0.005362793803215026 0.0039328206330537805 -0.020966861397027973
v -0.005453471560031175 0.0038975249044597158 -0.020026694983243946
v -0.0055212611332535735 0.003804115345701576 -0.019149435684084896
v -0.004131295252591371 0.003005926730111242 -0.032011322677135474
v -0.004333552904427051 0.0029247337952256207 -0.03139953315258027
v -0.004088335204869508 0.0030222788918763408 -0.03212393075227738
v -0.0039027994498610492 0.0030853485222905883 -0.03255749866366387
v -0.00404426036402583 0.0030384175479412088 -0.03223427385091782
v -0.0038192290812730785 0.0034755237866193065 -0.03263472393155099
v -0.0035838810727000232 0.0036118782591074714 -0.03302822262048722
v -0.003611385356634855 0.003247454995289446 -0.033104818314313895
v -0.0034599064383655782 0.003677444066852332 -0.03320366889238358
v -0.003498830366879701 0.003313849680125714 -0.03328011557459832
v -0.0034246861469000574 0.0038086292333900937 -0.03316694870591164
v -0.0036820680834352966 0.0038190437480807313 -0.03266760334372521
v -0.003372277598828077 0.00397062348201871 -0.03310784325003625
v -0.00348973530344665 0.004238406661897899 -0.03253638744354249
v -0.003488080576062202 0.0044860048219561586 -0.032007467001676566
v -0.0033502520527690645 0.004435026552528144 -0.03246900439262391
v -0.0040706396102905265 0.006150661502033474 -0.02039497718214989
v -0.004423447884619235 0.005766548216342927 -0.02048445120453835
v -0.00450761942192912 0.005783260334283114 -0.01944229938089848
v -0.0035765217617154117 0.0050394400022923955 -0.02929187752306462
v -0.003872202709317207 0.004791626706719399 -0.029278542846441276
v -0.004061582032591104 0.005165889859199525 -0.025980131700634963
v -0.003599251620471477 0.004543698392808438 -0.03151215985417367
v -0.0035306680947542186 0.004959445446729661 -0.02995505370199681
v -0.0034456166904419656 0.004846270661801101 -0.030847841873765
v -0.003714744001626968 0.004624065011739732 -0.030823383480310447
v -0.003745704889297485 0.005483501590788365 -0.025792328640818603
v -0.0042296252213418475 0.005532987415790559 -0.022933788597583774
v -0.0038899087812751527 0.005876510404050352 -0.022887043654918674
v -0.004326209891587495 0.005676013883203269 -0.021636348217725757
v -0.00398322008550167 0.006047247909009458 -0.021522156894207004
v -0.004133472219109534 0.006180877797305586 -0.01956092938780785
v -0.004566648043692111 0.005705375690013171 -0.018467416986823085
v -0.0042041842825710765 0.00610384112223983 -0.01833163015544415
v -0.004981740377843379 0.004280610941350461 -0.011685801669955255
v -0.004341482184827327 0.005464145913720132 -0.015244723297655586
v -0.004679284524172544 0.005222390871495009 -0.016061468049883846
v -0.004246800672262906 0.005914245266467335 -0.017258310690522197
v -0.004613212309777736 0.005520421080291272 -0.01741518266499043
v -0.0042152083478868 0.006065726745873691 -0.018069475889205936
v -0.004204818047583102 0.006101916544139387 -0.01831716671586037
v -0.004873459227383136 0.0038938228972256192 -0.007616806775331499
v -0.004733847919851541 0.004264426417648793 -0.009499071165919306
v -0.004646556451916694 0.004503064323216678 -0.010690101422369482
v -0.004565036389976739 0.004733571317046882 -0.011822824366390709
v -0.0041505908593535415 0.004996986128389836 -0.011201188899576666
v -0.0048848316073417655 0.0036231710109859714 -0.005588516127318145
v -0.00474615441635251 0.003723080502822996 -0.00548823829740286
v -0.004604018293321132 0.0038196644745767125 -0.005394779611378909
v -0.0038331702817231412 0.006273587699979545 -0.017096282914280895
v -0.003888738108798861 0.005958104971796276 -0.01569345220923424
v -0.003794836578890681 0.006470508873462679 -0.018194679170846943
v -0.003745403373613953 0.006545762065798046 -0.019215269014239315
v -0.003673476399853825 0.006508355028927328 -0.02030431851744652
v -0.0035902301315218206 0.006383460946381094 -0.021501155570149425
v -0.0035084087867289777 0.006197351962327959 -0.022837679833173755
v -0.0033733260352164503 0.005734129343181849 -0.025944277644157417
v -0.003237145254388451 0.005265560466796161 -0.029315464198589332
v -0.003131665056571364 0.00504536321386695 -0.030900964513421066
v -0.002732952823862433 0.005125724244862796 -0.031523402780294425
v -0.0028235588688403364 0.005363945849239827 -0.030081205070018775
v -0.0029156683012843128 0.005729047115892173 -0.027574848383665092
v -0.0030717710033059116 0.006446931511163713 -0.023088330402970317
v -0.0031812060624361034 0.006750687491148712 -0.021050902083516124
v -0.0032574548386037345 0.006867697928100826 -0.01980010420084
v -0.003306977683678269 0.006878003943711521 -0.018885513767600063
v -0.003339702961966395 0.006804843433201315 -0.018054710701107982
v -0.0033724049571901555 0.0066054165363311785 -0.016962738707661632
v -0.0034710348118096586 0.006023583002388479 -0.014402437955141071
v -0.0036561507731676097 0.005309887230396272 -0.010986487381160261
v -0.0036577996797859664 0.005304216407239438 -0.010958173312246801
v -0.003998993430286645 0.004209780599921943 -0.005290801171213389
v -0.003986162599176168 0.0042495070956647405 -0.005502367857843638
v -0.004455722402781247 0.00391478417441249 -0.005305538885295392
v -0.004239526577293872 0.004044394940137864 -0.005189363844692708
v -0.004011827986687421 0.00417009647935629 -0.005079082679003478
v -0.003914602100849151 0.004471739754080773 -0.006678299512714149
v -0.0038441810756921764 0.004693123511970044 -0.0078372098505497
v -0.003747517708688974 0.005003942176699639 -0.009440488182008268
v -0.004036250989884137 0.004094797652214766 -0.004676562733948232
v -0.0046012639068067065 0.003702980466187001 -0.004536955151706935
v -0.0040606255643069735 0.004019754938781262 -0.004274107981473208
v 0.0028932113200426097 0.004529996775090695 -0.0038982348050922164
v 0.0030508630443364377 0.004540965892374516 -0.004352229181677104
v 0.0019045640947297213 0.004890016280114652 -0.004127854947000743
v 0.004012070130556821 0.004170111846178771 -0.005079026333987714
v 0.003580722492188215 0.004320146050304175 -0.004507707431912423
v 0.004036474507302045 0.0040948386304080495 -0.0046765492297709
v 0.003602785756811499 0.004244809970259667 -0.004101173020899297
v 0.00406082160770893 0.004019818268716336 -0.004274133127182723
v 0.003503415500745177 0.00428912602365017 -0.004068429581820966
v 0.0007379662129096686 0.005006297491490842 -0.003604479134082795
v 0.0012988145463168619 0.004935689270496369 -0.003643597476184369
v 0.0012904618633911011 0.005010776221752168 -0.00405725371092558
v 0.0015595481963828204 0.004890161100775004 -0.003669848898425699
v 0.0021765360143035646 0.004750397987663747 -0.003754432080313564
v 0.0006642768858000635 0.005087340716272593 -0.004015041049569846
v 0.0001850695116445422 0.005038546863943339 -0.0035875432658940562
v -0.0007378330337814986 0.005006282590329648 -0.003604475874453784
v -6.158417818369343e-05 0.005040505900979043 -0.003586548613384367
v -0.000539368949830532 0.005096874665468932 -0.00400996906682849
v 6.271900929277761e-05 0.005115353036671878 -0.004000379703938962
v -0.0015111532993614671 0.004899159073829652 -0.003664579940959812
v -0.0017279536696150897 0.004929300863295794 -0.0041044033132493505
v -0.001739079365506768 0.004854085855185986 -0.0036911063361912974
v -0.0028830314986407752 0.004602513276040555 -0.004310654476284982
v -0.002901189727708697 0.004527065437287093 -0.003900177776813508
v -0.0028604930266737934 0.0045413654297590264 -0.003890485269948841
v -0.0021763988770544525 0.004750355612486602 -0.0037544271908700475
v -0.0035032723098993297 0.0042890538461506375 -0.0040684263221919545
v -0.0038861359935253854 0.004172969143837691 -0.004616798833012582
v -0.003909778781235217 0.004097800236195327 -0.004212835803627969
v -0.00373261678032577 0.0043114260770380506 -0.004962177481502295
v -0.003022010205313563 0.004614980425685645 -0.004728045780211688
v -0.0028664420824497934 0.004671824164688588 -0.004687017295509578
v -0.0023147249594330783 0.0048481710255146035 -0.004566450137645007
v -0.002125830855220556 0.004899854306131602 -0.004533352330327035
v -0.0017180190188810227 0.004996828734874726 -0.004474814981222154
v -0.000798465625848621 0.005142058711498977 -0.004394708666950465
v -0.0010647794697433708 0.005110573489218951 -0.004411492496728898
v -0.0015914122341200707 0.0050229085609316835 -0.004459968302398921
v 3.6653453605595125e-08 0.005183245055377484 -0.004373563919216395
v 4.295207418181234e-06 0.005182350985705853 -0.004368652123957873
v 7.544522759417304e-06 0.005182173103094102 -0.00436769099906087
v 1.3530170690501107e-05 0.005182323511689902 -0.004368562251329423
v 2.9512146284105253e-05 0.00518317660316825 -0.004373534582555295
v 0.0008124313899315893 0.005140250083059073 -0.0043932157568633565
v 0.0010649258038029073 0.005110220517963172 -0.004409431945532561
v 0.0036373096518218513 0.004356923047453166 -0.0049268011935055265
v 0.0029889517463743682 0.004627954214811326 -0.004722102545201779
v 0.002287817187607288 0.004856436513364316 -0.004564689937978984
v 0.0021257072221487756 0.0049004433676600465 -0.004536085762083531
v 0.0015548584051430223 0.005030082073062659 -0.0044556218199431905
v -0.0019284195732325313 0.006038071587681772 -0.010581893846392633
v -0.0007446488016285001 0.005719176493585111 -0.03134498372673989
v 8.52570849474432e-08 0.005755146499723197 -0.031381469219923026
v -0.000756523455493152 0.006053342483937742 -0.02955377474427224
v 1.0008000117522896e-07 0.0058926083147525805 -0.030690196901559837
v -0.0007816447759978472 0.006718723103404047 -0.02596108242869378
v 1.5711302481236086e-08 0.007198615465313198 -0.02389404550194741
v 1.0589115362336086e-08 0.007782893721014263 -0.020833250135183338
v 1.4978171591906172e-08 0.007700327783823015 -0.021337153390049938
v -0.0008310165721923112 0.007629367057234051 -0.021343315020203594
v -0.0008116104290820657 0.007366009522229435 -0.022749174386262897
v 6.293866761097887e-09 0.00788674131035805 -0.02005035057663918
v -0.0008510199841111897 0.007812618277966978 -0.02006163634359837
v 1.0595492538900685e-10 0.007949947379529478 -0.019215047359466556
v -0.000868292583618313 0.007881290279328825 -0.018880935385823253
v -6.931296425705113e-09 0.007956861518323423 -0.018863981589674953
v -0.000879896047990769 0.00780316023156047 -0.01777002960443497
v -2.4179160007520292e-08 0.007883988320827486 -0.01779010891914368
v -0.0008886655559763311 0.007577458396553995 -0.016585977748036388
v -4.36938627501604e-08 0.007650219369679691 -0.016557911410927776
v -0.0009016561089083551 0.007226578425616028 -0.015103575773537162
v -4.6250288932014876e-08 0.007454655133187773 -0.015727888792753223
v -0.0009260089136660098 0.0067734690383076685 -0.013096702285110954
v -7.3328827454588455e-09 0.006842406932264568 -0.013059659861028198
v -0.000965106883086264 0.006242278497666122 -0.010472060181200506
v 3.417549265805064e-08 0.006407333537936212 -0.01092259492725134
v 4.650773988146283e-08 0.005516531877219678 -0.006202105432748796
v 4.4978065716350095e-08 0.005844051484018565 -0.007973444648087026
v 4.015784682565026e-08 0.006162797100842001 -0.009661288000643255
v 3.798344749839088e-08 0.0052602370269596585 -0.0047977506183087834
v 4.452770596685695e-08 0.00533716892823577 -0.0052206222899258145
v 4.3955317607924365e-08 0.005426973570138217 -0.005712874699383975
v -0.002840331988409161 0.005717563442885877 -0.010757741518318655
v -0.0027270619757473464 0.006250031758099796 -0.013361427001655105
v -0.002656059572473168 0.006693901494145395 -0.015342246741056446
v -0.0026178220286965366 0.007029170636087658 -0.01679249852895737
v -0.0025918562896549697 0.0072416220791637915 -0.017939828336238865
v -0.002557866275310516 0.007317512296140196 -0.019011013209819797
v -0.0025076614692807193 0.007261353544890882 -0.020151529461145404
v -0.0024494929239153858 0.0071024862118065375 -0.02139646001160145
v -0.0023927937727421518 0.006872013211250307 -0.022772995755076412
v -0.0023030447773635383 0.0063048517331481 -0.025940667837858207
v -0.0022219275124371047 0.0057274927385151395 -0.029425246641039855
v -0.002171155763790011 0.005443164613097907 -0.031114567071199424
v -0.0014829048886895178 0.005612717010080815 -0.031247707083821304
v -0.001510556670837104 0.0059273703955113905 -0.029498225077986724
v -0.001562519697472453 0.006557355634868147 -0.02595085836946965
v -0.0016227753367274997 0.007172834128141405 -0.022756323218345646
v -0.001661437447182834 0.007423299364745619 -0.0213619526475668
v -0.0017012339085340498 0.0075971106998622435 -0.02009483985602856
v -0.0017355836462229488 0.00766109023243189 -0.01893015578389168
v -0.0017587316688150165 0.007584125734865667 -0.017835140228271488
v -0.0017762877978384493 0.007363921962678434 -0.016665762290358547
v -0.0018022491130977867 0.007019389886409046 -0.015196059830486778
v -0.0018507431959733365 0.006569958757609131 -0.013199173845350746
v 0.0019285855814814565 0.0060375202447176 -0.010578854940831663
v 0.0028405585326254363 0.005717028863728047 -0.010754722170531751
v 0.0036578809376806016 0.005304369609802962 -0.010958543978631498
v 0.003656424349173903 0.0053093652240932 -0.010983495041728021
v 0.0033872663043439384 0.006500533781945707 -0.016488976776599888
v 0.0026178888510912652 0.00702900253236294 -0.0167914591729641
v 0.0026561608538031574 0.006693605333566667 -0.015340729616582397
v 0.0009652132866904138 0.006241713650524618 -0.010469023138284685
v 0.0009260813239961861 0.006773006636649372 -0.013094415888190273
v 0.0009017008705995976 0.007226234301924707 -0.01510203164070845
v 0.0008886872092261909 0.007577240001410248 -0.01658490672707558
v 0.0008799153729341923 0.007803067099303009 -0.017769197002053264
v 0.0008683084161020814 0.00788131542503834 -0.01888016983866692
v 0.0008510389016009866 0.007812720723450186 -0.020060902461409572
v 0.0008310343255288898 0.007629506289958956 -0.021342609077692035
v 0.0008116326062008737 0.0073661603964865225 -0.02274851128458977
v 0.0007446835516020655 0.00571921980008483 -0.03134486824274064
v 0.0005984492599964141 0.0053767706267535695 -0.03281762450933457
v 7.5052771535411e-06 0.005395310930907727 -0.03285514563322068
v 0.0007816675934009253 0.006718843244016172 -0.025960573926568038
v 0.0007565534906461834 0.006053409539163114 -0.029553513973951347
v 0.0027683684602379795 0.005210507661104203 -0.031051008030772216
v 0.0026721863541752096 0.004975590854883195 -0.03223595023155213
v 0.002002442022785544 0.0051758186891675 -0.03249059990048409
v 0.002171214204281568 0.005443232133984567 -0.03111445903778077
v 0.0022219833917915817 0.005727582145482303 -0.02942499704658986
v 0.0028641535900533195 0.0055050887167453775 -0.029108617454767234
v 0.0023030964657664295 0.006304991897195579 -0.025940168648958213
v 0.0029876856133341785 0.006084690801799299 -0.025316279381513603
v 0.0023928531445562835 0.0068721836432814615 -0.022772351279854778
v 0.0031178414355963464 0.006594916805624964 -0.02215261943638325
v 0.0024495602119714017 0.007102646864950659 -0.021395778283476833
v 0.003206650726497173 0.006799109280109407 -0.020635742694139484
v 0.0025077271275222297 0.007261479273438455 -0.020150821655988697
v 0.0032316118013113733 0.006838047411292793 -0.020229632034897808
v 0.0032703217584639783 0.006877519655972721 -0.01957989297807217
v 0.002557928906753659 0.007317567709833385 -0.01901027746498585
v 0.0032950676977634426 0.006883610039949419 -0.01912685111165047
v 0.0025919128675013776 0.0072415722534060496 -0.017939027398824695
v 0.003347565187141299 0.006767781917005779 -0.01780704222619534
v 0.003338757203891873 0.006809027865529062 -0.018085030838847164
v 0.0033150345552712675 0.0068697412498295325 -0.018710037693381313
v 0.002727223793044686 0.006249609403312208 -0.01335916388779879
v 0.0035198712721467014 0.005812420509755612 -0.013429234735667709
v 0.0034219652879983182 0.0062791774980723875 -0.015528215095400814
v 0.003986368421465158 0.00424955738708377 -0.005502406973391772
v 0.003999217879027127 0.004209815058857203 -0.005290796048939229
v 0.003914776723831891 0.004471797496080399 -0.006678323261439802
v 0.0038443270605057474 0.004693192429840566 -0.007837223820388319
v 0.003747630631551146 0.005004053469747306 -0.009440691210329534
v 0.0012877694098278878 0.005307963583618403 -0.03269565105438233
v 0.0014829502906650303 0.005612772889435292 -0.0312475934624672
v 0.0015105982311069963 0.005927446763962509 -0.029497962445020683
v 0.001562559977173805 0.006557490676641466 -0.025950357317924506
v 0.0016228131717070935 0.007173000834882261 -0.022755671292543415
v 0.0016614799387753008 0.007423456292599441 -0.021361263468861583
v 0.0017012724420055745 0.0075972257182002085 -0.02009411342442036
v 0.00173562450800091 0.007661133073270323 -0.018929403275251392
v 0.0017587672919034956 0.007584055885672571 -0.017834320664405826
v 0.0017763318028300998 0.007363727781921627 -0.016664700582623485
v 0.0018023179145529864 0.007019070442765953 -0.01519452687352896
v 0.0018508594948798416 0.00656951777637005 -0.013196894899010662
v 0.0026379160117357965 0.0048645511269569406 -0.03264895081520081
v 0.00210055336356163 0.004982696846127511 -0.032987881451845176
v 0.0014528420288115738 0.005099392030388118 -0.03322830796241761
v 0.0007348635117523371 0.005174783058464528 -0.03339228034019471
v 0.0005951588973402976 0.004966349806636573 -0.03393718600273133
v 0.0011816880432888863 0.00492476485669613 -0.03381043672561646
v 0.001450840034522116 0.004896078258752824 -0.033725392073392875
v 0.0017139257397502659 0.00486107124015689 -0.033626135438680656
v 0.002260837936773896 0.004763546865433455 -0.0333605706691742
v 0.0026138485409319396 0.004681268706917764 -0.03314140066504479
v 0.0029993618372827764 0.004833699669688941 -0.03210227563977242
v 0.002929534530267119 0.004731266759335996 -0.03256120905280114
v 0.002880900632590055 0.0046093128621578225 -0.032942734658718116
v 0.0030892919749021526 0.0045421258546412 -0.03275833278894425
v 0.0031768963672220703 0.004605442285537721 -0.03243189677596093
v 0.003264872590079903 0.004675069358199836 -0.0320202261209488
v 0.0033503265585750337 0.004435101058334113 -0.032469011843204505
v 0.0031796365510672327 0.004400390665978194 -0.032871812582016
v 0.003488211194053292 0.004486027639359237 -0.03200748190283776
v 0.0036637324374169107 0.004275250248610974 -0.03204027563333512
v 0.003489814698696136 0.004238483030349017 -0.032536391168832786
v 0.0032698654104024167 0.004222755320370198 -0.0329844392836094
v 0.002631669864058494 0.0045111491344869145 -0.03344396501779557
v 0.0029323943890631195 0.004438990261405707 -0.03318887948989869
v 0.002678310731425881 0.004275709856301547 -0.0337224267423153
v 0.0029977976810187097 0.004239878617227078 -0.0333794727921486
v 0.0005069105536676942 0.0044551314786076554 -0.03475776687264443
v 0.0007359592709690331 0.004717223811894656 -0.03435460478067399
v 0.001463841297663748 0.004403891507536174 -0.034495521336793906
v 0.0011118006659671662 0.004428111482411624 -0.03462192416191102
v 0.0007389899692498146 0.00444698939099908 -0.03471750020980836
v 0.002195124980062246 0.004333518911153079 -0.03410425782203675
v 0.0016436148434877393 0.0043891333043575296 -0.034416541457176215
v 0.002103284932672977 0.004583038855344058 -0.03383859246969224
v 0.001454898854717612 0.004663233179599048 -0.034150190651416786
v 0.00020163055160082874 0.003919485490769149 -0.03524113446474076
v 4.36932765524034e-08 0.00391798047348857 -0.03524856641888619
v 3.863134523385269e-08 0.004199236165732146 -0.03505255654454232
v 0.0007077856571413576 0.003929230384528638 -0.03516234830021859
v 0.0007426729425787925 0.004186813719570638 -0.03497220948338509
v 0.0014742881758138535 0.004153319168835879 -0.03473694622516633
v 0.0012422334402799604 0.003945610485970975 -0.03498820215463639
v 0.001180894556455314 0.003943506162613631 -0.03501297160983086
v 0.0022477211896330114 0.003958682529628278 -0.034404579550027854
v 0.0017340419581159947 0.003962424118071795 -0.03474348410964013
v 0.0014828761341050265 0.003954299725592137 -0.034878663718700416
v 0.0021469481289386745 0.004106491338461638 -0.034367542713880546
v 0.0026886579580605026 0.004227338824421168 -0.03376576304435731
v 0.0027533471584320064 0.003901516320183874 -0.03398719429969788
v -0.001241969293914735 0.003946191165596248 -0.03498785942792893
v -0.001482793712057173 0.003954639192670585 -0.03487843647599221
v -0.0014742076164111493 0.004153288435190917 -0.034736949950456626
v -0.001693586818873882 0.003961400128901006 -0.034766595810651786
v -0.0022609476000070568 0.0039584250189363965 -0.034394335001707084
v -0.002146868268027901 0.004106440581381322 -0.03436753898859025
v -0.002753261942416429 0.0039014567155390987 -0.033987190574407584
v -0.002688580425456166 0.0042272787541151055 -0.03376575931906701
v -0.0011616055853664873 0.003943456336855889 -0.03502004593610764
v -0.00027261066134087736 0.0039205881766974935 -0.03523500636219979
v -0.0006740656099282204 0.003928855061531068 -0.035169962793588645
v -0.000742593896575272 0.004186797887086869 -0.03497220948338509
v -0.0027668077964335676 0.0038988406304270038 -0.033974766731262214
v -0.0030769251752644773 0.003977617248892785 -0.03354478627443314
v -0.0027803306002169843 0.0038962336257100114 -0.03396223857998849
v -0.0030792141333222385 0.0038282922469079503 -0.033659588545560844
v -0.0031927402596920724 0.00355507922358811 -0.03365635871887208
v -0.002861217129975557 0.003564906073734165 -0.034043163061141975
v -0.002826212672516703 0.003623625962063671 -0.03405960276722909
v -0.002859328873455524 0.003216155106201769 -0.03409495577216149
v 4.8265285101933835e-08 0.00313356681726873 -0.03544504940509797
v -0.00035149022005498404 0.0031375729013234386 -0.03542544320225716
v -0.0005747002433054148 0.0031420362647622832 -0.03539294749498368
v -0.0008525315788574516 0.003149047726765276 -0.0353308878839016
v -0.0008928826428018509 0.003150187199935318 -0.035319883376359947
v -0.0013561061350628731 0.003165240166708828 -0.0351567529141903
v -0.0014266675570979712 0.003167849266901613 -0.03512585163116456
v -0.0018083538161590693 0.003183410968631507 -0.034929577261209495
v -0.0019297726685181258 0.0031885800417512664 -0.034856382757425315
v -0.00238951900973916 0.0032060358207672843 -0.03452767059206963
v -0.0013197107473388312 0.003567374777048827 -0.035122320055961616
v -0.0020735184662044044 0.0036005906295031318 -0.03470569849014283
v -0.0024745708797127004 0.0036169951781630525 -0.03439450636506081
v -0.0005566789186559616 0.0035461867228150376 -0.035350255668163306
v 5.035397876440583e-08 0.0035065112169832 -0.03540847823023797
v 4.6070450565593994e-08 0.0038565630093216905 -0.0352817215025425
v 0.0003646224795375019 0.0031370490323752174 -0.035423986613750465
v 0.0005568363121710717 0.0035456311888992795 -0.03535038977861405
v 0.0005748440162278711 0.0031407491769641646 -0.03539285063743592
v 0.0013198865344747899 0.0035668371710926303 -0.035122442990541465
v 0.0012082397006452081 0.0031588298734277495 -0.03521630540490151
v 0.0009327428997494279 0.0031497166492044934 -0.03530846163630486
v 0.002073699608445167 0.0036000728141516456 -0.03470582142472268
v 0.0014864306431263683 0.0031697608064860114 -0.03509844467043877
v 0.0013562475796788929 0.003164456458762289 -0.0351567566394806
v 0.002522720722481608 0.0032106845173984775 -0.034415960311889655
v 0.0020898615475744005 0.0031956564635038385 -0.034751534461975105
v 0.001993705285713076 0.003191753989085556 -0.03481570258736611
v 0.0024747604038566347 0.003616482950747014 -0.03439461439847947
v 0.002835770836099982 0.0035677726846188315 -0.034069173038005836
v 0.002859425731003284 0.0032161027193069467 -0.03409496322274209
v 0.002766903024166822 0.003898920491337777 -0.03397474810481072
v 0.003424773924052715 0.0038087053690105685 -0.03316695243120194
v 0.0030770057346671815 0.003977684304118157 -0.03354478999972344
v 0.0033723618835210796 0.003970700316131116 -0.033107850700616843
v 0.0036821574904024597 0.0038191271014511594 -0.03266761079430581
v 0.0037580148782581087 0.003512985538691283 -0.03274564817547799
v 0.004038614220917224 0.003337923903018237 -0.032174635678529746
v 0.003913570195436477 0.0037914090789854535 -0.032134287059307105
v 0.0037181070074439044 0.004192454274743796 -0.03205737099051476
v 0.004044367466121911 0.0030385090503841647 -0.03223428502678872
v 0.0038424758240580554 0.003103912342339755 -0.03268308192491532
v 0.004125940147787332 0.0032812212593853482 -0.03195882588624955
v 0.004131404217332601 0.003006020328029991 -0.03201133757829667
v 0.004083567764610051 0.003309443127363921 -0.032065864652395255
v 0.004088376183062791 0.0030218593310564765 -0.032124090939760215
v 0.004488665610551833 0.0021032402291893963 -0.03078569285571576
v 0.004488625563681125 0.002863200614228845 -0.030806584283709533
v 0.004638558253645896 0.002081435872241855 -0.03005321510136128
v 0.00464083207771182 0.0028134540189057593 -0.03006058372557164
v 0.004779264330863952 0.0020643163006752734 -0.029144648462533958
v 0.00476564560085535 0.0027925199829041962 -0.02926441095769406
v 0.00557649228721857 0.0031457210425287494 -0.02008800767362118
v 0.005576510448008775 0.001852938206866384 -0.02005245536565781
v 0.005480260588228702 0.003089301986619831 -0.021277233958244327
v 0.00548159098252654 0.001972384518012405 -0.021230801939964298
v 0.005263068247586488 0.002897931728512049 -0.023932078853249557
v 0.005349075887352227 0.0020332913845777516 -0.02280436456203461
v 0.004794750362634658 0.0027903700247406964 -0.029047636315226562
v 0.004795674700289964 0.002790309023112059 -0.029040535911917693
v 0.004823092371225356 0.002060211263597012 -0.028804266825318343
v 0.005020424257963895 0.0028060982003808026 -0.026948377490043647
v 0.0050448309630155555 0.002048087073490024 -0.026658074930310256
v 0.005070786923170089 0.0028164386749267582 -0.026382492855191238
v 0.0052285781130194655 0.00287755741737783 -0.02439107187092305
v 0.004764804616570472 0.0028519949410110716 -0.029263315722346313
v 0.00453264033421874 0.002926869317889214 -0.0306029673665762
v 0.0044882241636514655 0.002962965751066805 -0.030796309933066375
v 0.00494003016501665 0.0028532971628010277 -0.02776604518294335
v 0.005227467045187949 0.0029331790283322343 -0.02439334988594056
v 0.005342434626072644 0.0030268337577581414 -0.022894211113452915
v 0.005466846749186515 0.003176369471475483 -0.021399693563580516
v 0.00557210762053728 0.003263313556089998 -0.0200879629701376
v 0.005558539647608995 0.003380199661478401 -0.0200872365385294
v 0.005488346796482801 0.003336710389703513 -0.020983951166272167
v 0.005365645978599786 0.003180892439559103 -0.022485036402940754
v 0.005230776965618133 0.0030516558326780805 -0.024240463972091682
v 0.005018803756684064 0.0029782699421048173 -0.026863532140851028
v 0.004813043400645255 0.002958216704428197 -0.028831008821725852
v 0.004756811074912547 0.0029643368907272824 -0.029260350391268737
v 0.0046467725187540046 0.0029902909882366666 -0.0299691241234541
v 0.004492108710110187 0.0030566367786377677 -0.030738307163119323
v 0.004481295589357614 0.0030622847843915233 -0.030784556642174728
v 0.004324513487517833 0.002928395057097078 -0.03143065050244332
v 0.0043235491029918185 0.0031542058568447837 -0.03137736395001412
v 0.004131429828703403 0.00216151773929596 -0.031988140195608146
v 0.004407891072332858 0.0021157590672373776 -0.031111177057027824
v 0.003948491532355546 0.0021927803754806523 -0.03243418782949448
v 0.003801829414442181 0.0005963931907899679 -0.03134694695472718
v 0.003961955197155475 0.0009765708819031718 -0.03148512914776803
v 0.0038122083060443397 0.0006006641197018326 -0.03132790699601174
v 0.003822425147518515 0.0006047831848263742 -0.03130875900387765
v 0.0037508502136915918 0.0009753106860443952 -0.03196008130908013
v 0.003838781267404556 0.0013991352170705797 -0.0321960598230362
v 0.004089013673365115 0.001564996200613678 -0.031757976859807975
v 0.0038831613492220636 0.0018374657956883316 -0.032409284263849265
v 0.003779889084398746 0.0005869271699339152 -0.031385689973831184
v 0.003862833604216575 0.0005239473539404572 -0.031325958669185645
v 0.003812925890088081 0.0005959214176982642 -0.03133268281817437
v 0.0038238347042351957 0.0005952686187811197 -0.031318306922912605
v 0.0036855554208159442 0.0002365170512348414 -0.0315786898136139
v 0.0038810067344456907 0.00033264220110140746 -0.031299535185098655
v 0.0036805202253162857 0.0003265681734774262 -0.03161783143877984
v 0.003886054269969463 0.0004285681061446668 -0.03132047131657601
v 0.0036508450284600254 0.0004184606659691782 -0.03163629025220872
v 0.003515447955578565 0.0003342773707117886 -0.03177188709378243
v 0.003416592255234718 0.0002659720194060356 -0.03184702619910241
v 0.0035503960680216546 0.000245867733610794 -0.03174681961536408
v 0.003456081263720989 0.00018086985801346603 -0.03181764855980874
v 0.003563241101801395 0.00016115453036036345 -0.031698610633611686
v 0.0034756083041429515 0.0001011303465929814 -0.031763546168804176
v 0.00381909217685461 -6.612533616134898e-05 -0.030363269150257118
v 0.0037648999132215972 -0.00011630614608293402 -0.03035534545779229
v 0.00379932508803904 -0.0001139802916441113 -0.03040259890258313
v 0.0035422367509454484 -0.0002777993213385344 -0.030375232920050628
v 0.003549996297806501 -0.0002815431216731668 -0.030383940786123283
v 0.0035927575081586833 -0.0002959507983177901 -0.03044171258807183
v 0.003625594079494476 -0.0002964421873912216 -0.03050274774432183
v 0.0038188134785741563 -0.00012050527584506201 -0.03049608878791333
v 0.00393391354009509 6.29982096143067e-05 -0.030408272519707687
v 0.003925307188183068 4.40006479038857e-05 -0.030413310974836356
v 0.004006693605333566 0.00017352052964270118 -0.030475508421659477
v 0.003928581252694129 1.6387455616495575e-05 -0.030504910275340087
v 0.003999095410108565 0.00013021014456171545 -0.030555881559848792
v 0.0040575945749878875 0.00042469977051951 -0.030849331989884383
v 0.004043701104819774 0.0004907211405225099 -0.030887451022863395
v 0.004068431444466113 0.00042409671004861604 -0.030755907297134406
v 0.003932123538106679 0.0005741222994402052 -0.031153034418821342
v 0.003966649062931537 0.0005438457592390479 -0.031104540452361114
v 0.003983807284384965 0.00044980106758885096 -0.03110937029123307
v 0.0039724819362163535 0.0003549531393218786 -0.03110321424901486
v 0.004039833787828683 0.000332652940414846 -0.03086869604885579
v 0.004039231687784194 0.00022324376914184546 -0.030640553683042533
v 0.004050022456794976 0.00027040453278459614 -0.03070925176143647
v 0.00406977767124772 0.00035177066456526523 -0.03066287189722062
v 0.004071416333317756 0.00038589566247537743 -0.03069684654474259
v 0.004070086404681205 0.00035883183591067796 -0.030659545212984092
v 0.004057175945490598 0.00029265388729982083 -0.030581446364521987
v 0.004055021796375512 0.0002853643381968141 -0.030573800206184394
v 0.0040379613637924186 0.0002380881342105568 -0.030528120696544654
v 0.003959195688366889 0.000562890199944377 -0.03110266104340554
v 0.0036066842731088396 -0.0003018953430000693 -0.0306692160665989
v 0.0036350339651107784 -0.0002795921172946692 -0.030652362853288657
v 0.0036075855605304237 -0.0003174649027641863 -0.030554033815860755
v 0.0035594142973423 -0.0003488592628855259 -0.030539497733116157
v 0.0035580366384238 -0.0003240887308493257 -0.030460566282272346
v 0.0035234794486314054 -0.0003507256333250553 -0.030481101945042617
v 0.003476125886663794 -0.00033737946068868046 -0.030422937124967582
v 0.003498547244817018 -0.0003029534709639848 -0.03038682788610459
v 0.003453901037573814 -0.00032673429814167326 -0.030400846153497703
v 0.003510856302455067 -0.00036972836824134003 -0.030736517161130912
v 0.003305735299363732 -0.0004761899181175978 -0.030936323106288917
v 0.003357674460858106 -0.00033373615588061517 -0.03116522543132306
v 0.003237279132008552 -0.0004980907542631031 -0.031024662777781493
v 0.003133323974907398 -0.0005106909666210414 -0.03119612485170365
v 0.003055048175156116 -0.0003728371229954065 -0.031625028699636466
v 0.0031144812237471338 -0.00027504499303177005 -0.03172350674867631
v 0.0032279361039400096 -0.00015405540762003514 -0.03177228569984437
v 0.003120987908914685 -0.0005090435734018685 -0.031222682446241386
v 0.0030471326317638154 -0.0004616482474375517 -0.03145518153905869
v 0.003043704433366656 -0.00044991428148932766 -0.031485520303249366
v 0.0029630793724209066 -0.00014436522906180474 -0.03190730512142182
v 0.002880971180275082 -7.500312494812535e-05 -0.031914874911308296
v 0.00295079150237143 -2.6069101295433943e-06 -0.03194372728466988
v 0.002799707697704434 -0.00017282630142290148 -0.03185134008526803
v 0.0028558860067278142 -0.0002813088358379901 -0.03180850669741631
v 0.0027553800027817483 -0.00023741448239889 -0.03179269656538964
v 0.0027944282628595825 -0.0004082731029484422 -0.03165146708488465
v 0.0026927257422357793 -0.0003796797536779196 -0.03160375356674195
v 0.002789294812828302 -0.0005011401372030378 -0.03146914392709733
v 0.0027021626010537143 -0.0004853133286815138 -0.03137049451470376
v 0.0028530177660286422 -0.000571238691918552 -0.031213946640491493
v 0.002755151595920324 -0.0005316011956892909 -0.031185602769255645
v 0.002783541334792971 -0.000541742250788957 -0.031115770339965827
v 0.0028922280762344594 -0.0005806057015433909 -0.031082782894372947
v 0.002816984429955482 -0.0005478583043441177 -0.0310449916869402
v 0.003238648874685168 -0.00011526072194101292 -0.03181578218936921
v 0.0031906603835523124 -6.030583608662711e-05 -0.03189658001065255
v 0.003126041498035192 1.334948410658399e-05 -0.031946312636137016
v 0.0030721188522875305 0.00010859187750611457 -0.03195727616548539
v 0.0030645257793366905 -0.0005603624158538879 -0.03116510063409806
v 0.0029796042945235963 -0.0005861633690074087 -0.031125226989388473
v 0.0030531629454344507 -0.000531024648807943 -0.03128166869282723
v 0.002956127049401402 -0.0005704082432202996 -0.031251918524503715
v 0.003002781188115477 -0.0004779665614478291 -0.031481284648180015
v 0.002898123580962419 -0.0005079082329757513 -0.03148273006081582
v 0.0030062822625041004 -0.00041051724110730003 -0.031614422798156745
v 0.002902516163885593 -0.00042628590017557155 -0.03164332732558251
v 0.00304892030544579 -0.00032217759871855384 -0.03172300755977631
v 0.002955693751573562 -0.00031639117514714604 -0.03177888318896294
v 0.0031225264538079496 -0.00022793383686803287 -0.031789660453796394
v 0.0030481340363621707 -0.00019829219672828918 -0.03186337649822236
v 0.0027431426569819446 -9.960115130525085e-05 -0.03204751387238503
v 0.0027602540794759984 0.00017863832181319597 -0.03244863823056222
v 0.0030640433542430397 0.0002651187242008746 -0.032199215143919
v -0.0007438916363753377 -0.0006054818513803185 -0.0327027440071106
v -0.0007076270994730293 -0.0006322896806523205 -0.03281988203525544
v -0.0007117559434846043 -0.0006786158774048091 -0.03274918347597123
v 0.0005412957398220896 -0.0006911476375535132 -0.032972022891044624
v 0.0005701048066839575 -0.0007883338257670405 -0.03281617164611817
v 0.00048266304656863207 -0.0008078961982391777 -0.03282878920435906
v 0.0006984896608628332 -0.00046722943079657863 -0.03292614221572877
v 0.0007440851186402141 -0.0006068779039196671 -0.03270045667886735
v 0.0007127638091333209 -0.0006787384627386929 -0.03274620696902276
v 0.0006773085915483533 -0.0005578597774729134 -0.03294052183628083
v 0.0005469069583341478 -0.0004346295027062298 -0.03314825519919396
v 0.0005663939518854021 -0.0003498743753880263 -0.03312693908810616
v 0.00047022954095154995 -0.00039443248533643793 -0.033218439668416984
v 0.0003657509223558008 -0.000266666291281581 -0.033276882022619254
v 0.00024312025925610212 -0.00032704137265682226 -0.03333938121795655
v 0.00025391904637217516 -0.0002418015210423619 -0.033323507755994804
v 0.00012069620424881576 -0.00022491857816930866 -0.03335558995604516
v 1.3179666211726724e-06 -0.0003060516901314259 -0.03337811678647996
v -4.0569236858800644e-08 -0.00022019979951437568 -0.0333646833896637
v -0.00013694528024643657 -0.000226271920837462 -0.033352978527545936
v -0.0002522164431866258 -0.0003287412400823087 -0.03333628177642823
v -0.0002634566917549818 -0.0002435012575006113 -0.033320281654596336
v -0.0003818021796178072 -0.0002713370777200908 -0.03326827660202981
v -0.00046892874524928624 -0.00039395038038492214 -0.03321931883692742
v -0.0004897938342764973 -0.00031049060635268694 -0.033196974545717246
v -0.0006300037493929266 -0.0004991518217138947 -0.0330382063984871
v -0.0007045890088193117 -0.0004767220816574992 -0.03291041776537896
v -0.0006578892352990805 -0.0004194428038317711 -0.03300654888153077
v -0.0005782158696092664 -0.00035707524511963134 -0.033114243298769004
v -0.0005658954614773392 -0.0007510338909924032 -0.03287529200315476
v -0.0004331182281021028 -0.0006926119094714523 -0.03301453217864037
v -0.000569585827179253 -0.0007873569848015907 -0.03281799703836442
v -0.00048246773076243693 -0.0008069682517088952 -0.03283026814460755
v -0.0005028583691455423 -0.0006438899436034263 -0.03305014222860337
v -0.0003728724550455808 -0.0005594398826360704 -0.0331939458847046
v -0.00028354479582048947 -0.0005998577107675375 -0.03317114710807801
v -0.00019981410878244785 -0.0005074788350611926 -0.03328562900424004
v -6.81512101436965e-05 -0.0005552872898988427 -0.03324918448925019
v 1.0582473350950747e-06 -0.000489507627207786 -0.033318102359771735
v 0.0001926316617755219 -0.0005061295232735575 -0.033288042992353446
v 0.00015740781964268533 -0.0005661839386448265 -0.03322988376021386
v 0.0003739565436262637 -0.0005598259158432485 -0.03319325298070908
v 0.00033881230046972627 -0.0006239779759198428 -0.033129718154668815
v 0.0004617180384229868 -0.0007309718639589847 -0.032951701432466514
v 0.0004356835852377116 -0.0005920316325500609 -0.033137734979391105
v -0.0006512042018584906 -0.0007428416865877809 -0.03278987109661103
v -0.0006474322290159761 -0.0007009923574514688 -0.03285489603877068
v -0.0005760007188655435 -0.0005790835130028428 -0.03305444866418839
v -0.00042812424362637097 -0.0004828587989322842 -0.03321944177150727
v -0.00022995796462055293 -0.0004233880317769946 -0.03332547843456269
v 1.2077955489075973e-06 -0.00040274279308505367 -0.03336326405405999
v 0.00022167363204061982 -0.0004218374670017512 -0.03332828357815743
v 0.0004293331294320523 -0.00048329593846574437 -0.0332186482846737
v 0.0004996618372388183 -0.0005200359737500549 -0.03315480053424836
v 0.0006195435416884719 -0.0006328446324914695 -0.032965213060379035
v 0.0006521744653582572 -0.0007434959989041092 -0.03278749808669091
v -0.000394000468077138 -0.0009622839861549439 -0.032593555748462684
v -0.0004744880425278097 -0.0008553317165933552 -0.03275484591722489
v 9.630350206180081e-08 -0.0008744460646994414 -0.032773338258266456
v 0.000379338685888797 -0.0009735461790114643 -0.032577008008956916
v 0.0002294636360602453 -0.0010456743184477093 -0.03247326612472535
v 2.1383515047546095e-07 -0.0010792296379804613 -0.03242647275328637
v 0.00047468070988543326 -0.0008553381194360556 -0.032754860818386085
v -0.00022223517589736727 -0.0010478245094418528 -0.0324702374637127
v -0.00048050325131043786 -0.0008312031859532001 -0.032792326062917716
v 0.00048062225687317545 -0.000831645855214447 -0.03279161825776101
v -0.0006999504403211175 -0.0007500831270590427 -0.03263958543539048
v -0.0007320037693716585 -0.0006798499380238355 -0.032587423920631416
v -0.0007381010800600051 -0.0006575938314199449 -0.032621555030345924
v -0.0005673081032000481 -0.000815743347629905 -0.03277358785271645
v -0.0006035233964212238 -0.0008284584619104864 -0.03271048143506051
v -0.0006486303755082189 -0.0007751984521746638 -0.03273927792906762
v -0.0007089598802849649 -0.0007140069501474501 -0.03269386664032937
v -0.0007409812533296644 -0.0006425755564123393 -0.03264477103948594
v -0.002220118418335914 -2.1370600734371695e-05 -0.032699588686227805
v 0.002220288151875138 -2.1328756702132526e-05 -0.03269957751035691
v 0.0007922383374534546 -0.0003206824185326696 -0.033106371760368354
v -0.0007920675561763345 -0.00032070439192466443 -0.03310637548565865
v -0.0007933747256174682 -0.0006505362689495088 -0.032614573836326606
v -0.0022181430831551547 -0.0003089669044129551 -0.03226758912205697
v -0.0015447482001036403 -0.00019514173618517821 -0.032943122088909156
v -0.001546032610349357 -0.0005087500903755427 -0.032472644001245506
v 0.0009161146590486168 -0.0006332134944386781 -0.03259741887450219
v 0.0007382828625850378 -0.0006575855077244342 -0.032621555030345924
v 0.0015449271304532883 -0.00019510311540216213 -0.03294311463832856
v 0.0015435434179380534 -0.0005093428771942855 -0.03247325867414475
v 0.0021592222619801755 -0.0003293975023552776 -0.0322888195514679
v 0.0005679343594238161 -0.0008161182631738486 -0.03277255967259408
v 0.0006036991253495215 -0.0008284134091809394 -0.032710462808609016
v 0.0006495943525806068 -0.0007751901284791531 -0.032737787812948234
v 0.0007098768255673348 -0.0007134463521651925 -0.03269189596176148
v 0.0007001063786447047 -0.0007500457577407362 -0.032639574259519584
v 0.0007321892189793288 -0.0006798360263928772 -0.032587423920631416
v 0.0002628338988870382 -0.0010173975024372341 -0.032125279307365424
v 0.0004886172828264533 -0.0009283401886932554 -0.03222693502902985
v 0.0004739304422400891 -0.0009358255774714055 -0.03221669793128968
v 0.00028877626755274827 -0.0010040991473942997 -0.03212518990039826
v 0.0002474752545822411 -0.0010139506775885823 -0.03211228922009469
v 5.20966659678379e-06 -0.001049429411068559 -0.03208944573998452
v -9.303068509325383e-06 -0.0010402161860838535 -0.032078415155410774
v -0.0002646773937158286 -0.0010100001236423852 -0.03211745992302895
v -0.0004884478985331951 -0.000928330351598561 -0.032226957380771644
v -0.000479984184494242 -0.0009330759057775142 -0.03222147375345231
v -0.00025284278672188515 -0.0010197996161878111 -0.032122537493705756
v 0.0006269410368986427 -0.0008698528981767597 -0.03248415514826775
v 0.000559760839678347 -0.0009182966314256193 -0.03255638107657433
v -0.0004726114857476204 -0.0009867600165307524 -0.03231592103838921
v -0.0002496219531167298 -0.001067938399501145 -0.0322040617465973
v 2.570855883732292e-07 -0.001095585059374571 -0.032167084515094764
v 0.0002551505458541214 -0.00106669741217047 -0.032205734401941306
v 0.0004730132641270756 -0.0009866503532975914 -0.03231606632471085
v 0.0006518931477330624 -0.0008089406765066089 -0.032395306974649436
v 0.000472027895739302 -0.0009339455282315614 -0.032618936151266105
v -0.0006158339092507957 -0.0008816503686830404 -0.03246682509779931
v -0.0006408930639736353 -0.000819981098175049 -0.03237936273217202
v 0.000421957898652181 -0.0010216827504336836 -0.03240684792399407
v 0.00022751148208044467 -0.001092153135687113 -0.03230899572372437
v 2.3610034816101686e-07 -0.001117504667490721 -0.0322747714817524
v -0.00022255822841543702 -0.001093242899514735 -0.03230751678347588
v -0.00042157986899837846 -0.001021776697598398 -0.03240672498941422
v -0.0005497787497006356 -0.0009287719149142506 -0.03254093602299691
v -0.000463516276795417 -0.0009427338954992595 -0.03260589018464089
v -0.0003549182438291609 -0.0010203928686678412 -0.032492794096469886
v -0.0001871726708486676 -0.0010795511770993473 -0.03240957111120225
v 2.0922911403431496e-07 -0.0010995287448167803 -0.032382160425186164
v 0.0001913691958179697 -0.0010786551283672454 -0.032410807907581336
v 0.0003552633861545473 -0.0010203110286965968 -0.03249290585517884
v 0.002230029553174972 -0.0005645605269819499 -0.0317998193204403
v 0.0015521481400355695 -0.000792138045653701 -0.03196883201599122
v 0.002163715427741408 -0.0008290430996567013 -0.031319901347160346
v 0.0007960593793541192 -0.0009501542663201692 -0.03209012374281884
v 1.0036873021590508e-07 -0.0012840849813073876 -0.03157919272780419
v -0.0006537538138218223 -0.0012406894238665702 -0.03155190497636796
v -0.0007958629867061972 -0.0009501615422777834 -0.03209012374281884
v -0.0022298421245068307 -0.0005646030185744167 -0.03179981559515
v -0.0015519639709964392 -0.0007921566721051934 -0.03196882456541062
v -0.002274095313623547 -0.0007805725908838215 -0.03129559382796288
v -0.001424768823198974 -0.0010386009234935047 -0.03156151250004769
v -0.0015894242096692322 -0.0010375457350164654 -0.03143242746591569
v -0.0008337661274708806 -0.0011632215464487674 -0.03164614364504815
v -0.0010723657906055448 -0.0010926567483693363 -0.03167566284537316
v -0.001182650914415717 -0.0010694268858060243 -0.03166003525257111
v -0.0011971861822530625 -0.0011546666501089933 -0.03165493905544282
v -0.0013981770025566218 -0.0011278305901214483 -0.031578768044710166
v -0.0018573207780718801 -0.0013163771945983174 -0.03070157207548619
v -0.001848906511440873 -0.001222221530042589 -0.030958076938986785
v -0.0018234936287626622 -0.0010998324723914268 -0.031064094975590713
v -0.0017826262628659604 -0.0011681151809170844 -0.031160509213805206
v -0.0016868176171556113 -0.001049027778208256 -0.03132018446922303
v -0.0016237286617979405 -0.0011284472420811655 -0.031399980187416084
v -0.0014583553420379756 -0.0016227302839979534 -0.030245177447795875
v -0.0015544804045930503 -0.0015838647959753875 -0.030273411422967918
v -0.001627450226806104 -0.0015353669878095393 -0.030324494466185577
v -0.0016612126491963861 -0.001522205071523786 -0.030340606346726424
v -0.0017219884321093557 -0.0014725369401276116 -0.030390670523047454
v -0.0017851793672889469 -0.0014232331886887553 -0.030487230047583587
v -0.001841611345298588 -0.0013274982338771226 -0.03057865239679814
v -0.0012777226511389015 -0.001713454606942833 -0.030249489471316345
v -0.001359057961963117 -0.0016628837911412124 -0.03021600469946862
v -0.0011342918733134864 -0.001727331662550569 -0.030237354338169105
v -0.001126673421822488 -0.0017124376026913528 -0.030217511579394347
v -0.001269389293156564 -0.0017556569073349242 -0.03040356561541558
v -0.0011860098456963895 -0.0017748881364241247 -0.030416687950491912
v -0.001441978965885937 -0.001697082538157702 -0.0304173231124878
v -0.001595727866515517 -0.0016173486365005378 -0.03049402683973313
v -0.0016925927484408019 -0.0015413804212585096 -0.030607022345066077
v -0.0017503675771877167 -0.0014568947954103353 -0.030777061358094222
v -0.0017429495928809045 -0.0013797617284581067 -0.030986990779638297
v -0.0016866965452209113 -0.001334408298134804 -0.03115540929138661
v -0.0015525828348472712 -0.0013008969835937025 -0.031354345381259925
v -0.0013669373001903293 -0.0013000516919419172 -0.031499732285738
v -0.0012068428331986068 -0.0013212739722803237 -0.031559906899929054
v -0.001162049127742648 -0.0017662052996456627 -0.030322482809424407
v -0.0012581920018419621 -0.0017442099051550035 -0.03030758351087571
v -0.00145888642873615 -0.0016756569966673855 -0.030323917046189315
v -0.001638533780351281 -0.001581556629389525 -0.030414307489991195
v -0.0017508276505395768 -0.0014925877330824737 -0.030546216294169433
v -0.0018167884554713962 -0.0013954587047919633 -0.030741233378648765
v -0.0018087639473378656 -0.001308712409809232 -0.030977502465248115
v -0.0017467137658968566 -0.0012584368232637646 -0.03116519749164582
v -0.0015983053017407654 -0.0012214975431561472 -0.031387139111757285
v -0.0013897572644054888 -0.0012208560947328808 -0.031551476567983634
v -0.00120629312004894 -0.001245309482328594 -0.031620722264051444
v -0.001788038061931729 -0.0013582165120169523 -0.030414065346121795
v -0.0017060624668374655 -0.001428888528607786 -0.030306041240692146
v -0.0016340289730578659 -0.0014777295291423802 -0.03024514205753804
v -0.0015035298420116303 -0.0015481628943234686 -0.030178952962160117
v -0.0013247205642983315 -0.0016191097674891357 -0.030146667733788497
v -0.0011996964458376167 -0.0016548689454793934 -0.030153507366776473
v -0.0009733178885653614 -0.0016932615544646983 -0.030218821018934257
v -0.0009659374481998383 -0.0017212894745171074 -0.030255280435085304
v -0.0009218814666382967 -0.001697128871455789 -0.030243268236517913
v -0.0007295136456377803 -0.0016931395512074236 -0.03037188574671746
v -0.000927134184166789 -0.001752930693328381 -0.030316628515720374
v -0.0006970687536522745 -0.0017394559690728788 -0.03049361519515515
v -0.0006897093262523412 -0.001687974552623928 -0.030407570302486427
v -0.0005351707222871481 -0.0016802175668999557 -0.030731841921806342
v -0.0005191210075281559 -0.001637525158002973 -0.030625173822045333
v -0.00048815598711371416 -0.001638559042476118 -0.03086055628955365
v -0.0004224872682243585 -0.0015524788759648804 -0.030885264277458198
v -0.00046707404544576997 -0.0015272254822775726 -0.03115040250122548
v -0.0004174387722741812 -0.0014490500325337055 -0.03114685975015164
v -0.000478665082482621 -0.0014995757956057791 -0.031213996931910522
v -0.0005725627997890114 -0.0013957612682133915 -0.03142632171511651
v -0.0004999507800675928 -0.0013411345425993206 -0.03137811645865441
v -0.0007387863006442784 -0.0012966820504516365 -0.031583860516548164
v -0.0009374257642775773 -0.001219116500578821 -0.03166049718856812
v -0.0011646362254396079 -0.0011601541191339495 -0.03166142851114274
v -0.0011814384488388894 -0.001326037687249482 -0.031565010547637946
v -0.0010056186001747844 -0.0013717005494982006 -0.03156477585434914
v -0.0008527851896360515 -0.0014315695734694602 -0.03150701522827149
v -0.0007227679598145186 -0.0015092849498614673 -0.03138570114970208
v -0.0006472414825111626 -0.0015926990890875463 -0.031217094510793693
v -0.0006377382669597863 -0.0016151848249137406 -0.031165676191449172
v -0.0006554948049597441 -0.0017061248654499654 -0.03092786297202111
v -0.0006949480739422141 -0.0017399559728801255 -0.030821286141872413
v -0.000830300326924771 -0.0017870081355795269 -0.030624328181147582
v -0.0010195547947660086 -0.0017961458070203666 -0.030479997396469123
v -0.0011768414406105874 -0.001250560279004276 -0.031626705080270774
v -0.0009717167704366146 -0.001303793163970113 -0.03162611648440362
v -0.000792765466030687 -0.0013737013796344402 -0.03155773505568505
v -0.0006420663557946681 -0.001463520806282759 -0.03141600266098977
v -0.0005560065619647502 -0.0015584962675347929 -0.03122269362211228
v -0.0005453028716146945 -0.001583904842846096 -0.031164390966296203
v -0.0005649930099025368 -0.0016863751225173478 -0.03089712746441365
v -0.000608826521784067 -0.001724620815366507 -0.03077800758183003
v -0.0007595235365442931 -0.0017784986412152652 -0.030557675287127502
v -0.0009722679969854652 -0.0017899931408464913 -0.03039484657347203
v 0.00237885327078402 -0.00164290179964155 -0.028275584802031524
v -0.0008596176630817353 -0.0027320934459567074 -0.021966498345136646
v -0.002460233168676495 -0.0020498251542449 -0.02518564276397229
v 0.000843097805045545 -0.002510742284357548 -0.02671152167022229
v -0.002371753333136439 -0.0016468352405354385 -0.028275866061449058
v 4.0826066651789e-06 -0.002311433665454388 -0.02835251390933991
v 0.0024676597677171226 -0.0020456199999898676 -0.02518539875745774
v -0.0025023601483553644 -0.0021620481275022034 -0.021868379786610607
v 4.01191164201009e-06 -0.0018621141789481048 -0.03006385266780854
v 3.981328063673572e-06 -0.001565476413816214 -0.03090994060039521
v -0.0015901490114629266 -0.0015799261163920168 -0.029978929087519653
v -0.0008069060277193784 -0.0017877151258289818 -0.03003883361816407
v -0.0023179515264928337 -0.0012641329085454347 -0.029907768592238433
v -0.0022814776748418804 -0.0010204162681475284 -0.03069241903722287
v -0.0024184493813663717 -0.001901130075566471 -0.026673486456274993
v -0.002511648461222648 -0.002219615271314979 -0.021085286512970928
v -0.0025393296964466567 -0.0023500255774706606 -0.02036337181925774
v -0.0025907808449119325 -0.0025546529795974497 -0.019610416144132618
v -0.0027717822231352325 -0.003153087105602027 -0.017702668905258182
v -0.0024888529442250724 -0.003857464762404562 -0.015867484733462337
v -0.0020085475407540794 -0.003944958560168744 -0.01609086245298386
v -0.001515915268100798 -0.00401275558397174 -0.01626740396022797
v -0.001014048117212951 -0.004060980863869191 -0.016395425423979763
v -0.0005060299881733953 -0.004089748021215201 -0.016473267227411274
v 5.046961177868069e-06 -0.004099184181541205 -0.016499245539307598
v 0.0005160956061445176 -0.00408936943858862 -0.01647225767374039
v 0.0010240207193419335 -0.004060219042003156 -0.01639344170689583
v 0.001525743515230715 -0.004011611919850112 -0.01626447215676308
v 0.0020181660074740644 -0.003943426068872214 -0.016087023541331295
v 0.002498202491551637 -0.0038555464707314977 -0.015862762928009037
v 0.002962765516713261 -0.0037478450685739526 -0.015593372285366062
v 0.003408764954656362 -0.003620203584432603 -0.01528052426874638
v 0.002780252834782004 -0.0031500388868153104 -0.017699170857667926
v 0.0025470983237028118 -0.0023462795652449135 -0.020362295210361484
v 0.002509987913072109 -0.0021581244654953484 -0.021867709234356884
v 0.0024257251061499114 -0.001896990579552949 -0.026673311367630965
v 0.002288046525791287 -0.0010172573383897545 -0.03069142438471318
v 0.0023247718345373865 -0.0012606201926246288 -0.029907116666436202
v 0.0028228538576513524 -0.0005484481225721539 -0.031033502891659744
v 0.001597636844962835 -0.0015773400664329533 -0.029978265985846526
v 0.0008147943881340324 -0.0017862985841929917 -0.030038390308618552
v -0.000834902049973607 -0.002512373728677631 -0.026711650192737586
v -0.0016503472579643128 -0.0022714096121490006 -0.026693973690271385
v 0.0008567512850277125 -0.0026673863176256423 -0.025226779282093055
v 4.2690553527791045e-06 -0.0028165092226117854 -0.02393965423107148
v -0.0008484169957228004 -0.0026690321974456315 -0.025226894766092307
v -0.0008599118445999919 -0.0027365651912987237 -0.022856323048472408
v -0.0008574409876018762 -0.0027319446671754126 -0.023931354284286506
v -0.0017022772226482628 -0.0025097688194364314 -0.021928539499640468
v -0.0016777210403233764 -0.0024254855234175925 -0.025209579616785056
v 0.0008680765167810022 -0.002730601700022817 -0.02196624875068665
v 0.0008704648353159427 -0.0027701051440089945 -0.02120763994753361
v 4.291825007385341e-06 -0.002846523188054562 -0.021224390715360645
v -0.0008619803702458738 -0.0027715475298464303 -0.021207945421338085
v 0.000868368544615805 -0.0027350040618330245 -0.022856129333376888
v 0.0008658699807710945 -0.0027303283568471674 -0.02393119968473912
v 0.001658199820667505 -0.002268401207402349 -0.026693785563111312
v 0.0017104253638535736 -0.002506966004148126 -0.02192807197570801
v 0.0016857135342434046 -0.002422439865767956 -0.02520937845110894
v 0.002519327215850353 -0.0022158008068799977 -0.021084448322653774
v 0.0017157428665086625 -0.0025540369097143416 -0.021159896627068523
v -0.001707560149952769 -0.0025567519478499894 -0.02116048149764538
v -0.0008892634650692343 -0.0030786660499870786 -0.01983364671468735
v -0.0009515287238173186 -0.003583210753276945 -0.01820359751582146
v -0.0017615156248211858 -0.0028753115329891448 -0.019747313112020496
v -0.0014224684564396737 -0.0035136679653078326 -0.01812301948666573
v -0.0018847525352612136 -0.003418074222281576 -0.018011953681707386
v 0.0017699587624520061 -0.0028727333992719655 -0.01974624022841454
v 0.002598701044917106 -0.002551007550209761 -0.019608892500400547
v 0.0018937790300697086 -0.0034159577917307624 -0.01800954155623913
v 0.001431690528988838 -0.0035120469983667144 -0.018121181055903438
v 0.0008980197017081081 -0.0030773058533668527 -0.019833076745271686
v -0.0017262244364246724 -0.002680484671145678 -0.02046018280088902
v -0.0008713571587577461 -0.0028905833605676894 -0.02052145823836327
v 4.338565759098855e-06 -0.002963795559480787 -0.020542731508612636
v 4.4303451431915156e-06 -0.0031493837013840684 -0.019863527268171314
v 0.0008799349307082592 -0.002889175666496158 -0.020521055907011036
v 0.0017344986554235218 -0.002677826909348369 -0.02045942470431328
v 0.0009608922409825026 -0.003582112258300186 -0.018202347680926326
v 0.0004842745547648519 -0.0036250592675060042 -0.018251972272992138
v 4.737816652777837e-06 -0.0036398058291524657 -0.01826896890997887
v -0.00047482905210927123 -0.003625619225203992 -0.018252605572342876
v -0.002953741233795881 -0.0037501556798815736 -0.015598937869071964
v -0.003400127170607447 -0.003622906282544137 -0.015286905691027645
v 0.0031087400857359167 -0.0005447388975881041 -0.030756441876292236
v 0.0033878069370985027 -0.0004037213802803309 -0.030490607023239143
v 0.0034509575925767417 -0.0004135335620958359 -0.03056397661566735
v 0.0035015416797250505 -0.0003954571147914977 -0.0306451115757227
v 0.0032541602849960323 -0.0005247512599453331 -0.03088024817407132
v 0.0031849513761699195 -0.0005500398692674936 -0.030816702172160156
v 0.0036861740518361326 -7.987855497049169e-05 -0.03023184463381768
v 0.003818371100351214 6.781479169148953e-05 -0.030199902132153518
v 0.003858881769701838 0.00011950762564083564 -0.03019793890416623
v 0.003981539048254489 0.000305685360217467 -0.030234830453991897
v 0.004018118139356374 0.0003767662274185569 -0.03027173876762391
v 0.004052366130053996 0.0004617953090928496 -0.030341090634465225
v 0.004071399569511413 0.0005605706246569754 -0.03048511222004891
v 0.004068166483193635 0.00059076223988086 -0.03055782243609429
v 0.004043066408485173 0.0006310864118859173 -0.030720787122845657
v 0.003940230701118707 0.0006415838142856957 -0.031053546816110618
v 0.004251621197909116 -0.00041791622061282407 -0.02530429884791375
v 0.003986520692706107 -3.316940637887456e-05 -0.029201252385973937
v 0.004203077871352433 0.0003482916508801282 -0.029377123340964324
v 0.004326474387198686 0.00021069069043733185 -0.028096236288547523
v 0.004262601491063832 0.00028644702979363506 -0.02882742881774903
v 0.004351144190877675 -0.0005234112613834442 -0.023127308115363125
v 0.004402192775160073 -0.0006120523903518916 -0.02148852683603764
v 0.004466107580810784 -0.0007988993893377485 -0.02014265023171902
v 0.004609961993992328 -0.0011966575402766468 -0.018582560122013096
v 0.004879618529230355 -0.001872457680292428 -0.016251334920525554
v 0.005155978724360465 -0.001343468436971307 -0.016388716176152233
v 0.00550677441060543 -0.002220274647697807 -0.013197301886975769
v 0.005145464092493056 -0.002550715813413263 -0.013851848430931572
v 0.004848028533160686 -0.0005648803780786694 -0.019219167530536655
v 0.004489528946578502 3.859017670038157e-05 -0.02582430839538575
v 0.004641311243176459 -9.104772470891477e-05 -0.02301747910678387
v 0.004709967877715825 -0.00019032924319617456 -0.021339556202292446
v 0.004764831624925136 -0.00033190051908604806 -0.020269721746444706
v 0.004781371913850307 -0.00037878172588534664 -0.020025324076414112
v 0.005797733087092637 -0.0018860857235267763 -0.012549568898975853
v 0.0059351036325097075 -0.0016980131622403864 -0.012191474437713627
v 0.006059211678802966 -0.0015048641944304113 -0.011828674003481868
v 0.006268082652240991 -0.0011056143557652833 -0.011095321737229826
v 0.006425421684980392 -0.0006926657515577973 -0.010361787863075735
v 0.00648510456085205 -0.00048239383613690745 -0.009998771362006666
v 0.006532298400998115 -0.00027033637161366647 -0.009640363976359369
v 0.006589792203158139 0.00015704472025390717 -0.008943325839936735
v 0.006598263513296842 0.0005854607443325223 -0.008281195536255838
v 0.0065833781845867625 0.0007992002065293493 -0.007964350283145906
v 0.006555223371833562 0.001012110500596464 -0.00765742687508464
v 0.006457480136305093 0.0014344983501359823 -0.007073712535202505
v 0.0063018365763127795 0.0018501236336305742 -0.0065317358821630495
v 0.0062012667767703524 0.0020546864252537493 -0.006276851985603573
v 0.005091958213597535 0.003027191851288081 -0.004054502584040166
v 0.006085091736167668 0.00225649424828589 -0.006033194251358511
v 0.004601441789418458 0.003703067312017084 -0.004536977969110013
v 0.004885052330791949 0.003623259952291847 -0.005588798318058253
v 0.004455870017409324 0.003914879169315101 -0.005305551458150149
v 0.004239473026245832 0.004044434055685998 -0.005188126582652331
v 0.004746418446302413 0.0037231300957500943 -0.0054884878918528565
v 0.004604400135576724 0.0038197208195924768 -0.005395723506808282
v 0.0037949348334223028 0.006470558233559133 -0.018194675445556644
v 0.003833275288343429 0.006273637525737287 -0.017096277326345447
v 0.003888851962983608 0.005958151537925007 -0.01569343358278275
v 0.004150743596255778 0.00499703222885728 -0.011201133951544763
v 0.0045651416294276706 0.004733676556497813 -0.011822833679616455
v 0.004873584955930709 0.0038939416408538827 -0.007616820745170118
v 0.0047339657321572295 0.004264540970325471 -0.009499081410467626
v 0.004646669141948222 0.004503171425312758 -0.01069010701030493
v 0.0037454979028552766 0.006545810960233213 -0.019215261563658718
v 0.0036735662724822755 0.006508407648652794 -0.020304312929511074
v 0.0035903216339647766 0.00638351356610656 -0.021501149982213977
v 0.0035085026174783702 0.006197405513375999 -0.02283767238259316
v 0.003373418468981981 0.005734184756875039 -0.025944273918867118
v 0.003237240947782993 0.005265614483505488 -0.029315460473299033
v 0.003131761914119124 0.005045417696237565 -0.030900962650775916
v 0.003445685608312487 0.004846351221203805 -0.030847854912281043
v 0.003530737245455384 0.004959524143487216 -0.02995505742728711
v 0.0035765871871262784 0.005039519630372525 -0.029291884973645217
v 0.0037457670550793405 0.005483584944158793 -0.02579233422875405
v 0.003889971179887652 0.005876597948372366 -0.02288705483078957
v 0.003983279224485158 0.0060473373159766215 -0.0215221680700779
v 0.004070696420967578 0.006150752771645786 -0.020394986495375637
v 0.00413353182375431 0.006180971860885622 -0.019560936838388446
v 0.004204252269119023 0.006103934720158579 -0.018331639468669895
v 0.0042468723841011516 0.0059143435209989565 -0.01725832559168339
v 0.004215273540467023 0.006065823137760164 -0.01806948706507683
v 0.004204885102808475 0.006102010607719423 -0.018317157402634624
v 0.004341569263488053 0.00546424137428403 -0.015244720503687862
v 0.0042294012382626525 0.005533407907932998 -0.02293375320732594
v 0.004061376675963401 0.00516625912860036 -0.025980120524764068
v 0.0049815261736512175 0.004281088244169951 -0.011685613542795183
v 0.004679056350141763 0.005222862120717765 -0.01606131158769131
v 0.004612980876117944 0.005520899314433337 -0.017415044829249385
v 0.004566412884742021 0.005705855786800385 -0.018467297777533535
v 0.004507383331656455 0.00578373670578003 -0.01944220252335072
v 0.004423212260007857 0.0057670078240335 -0.020484371110796932
v 0.004325983114540576 0.005676457658410073 -0.02163629420101643
v 0.0038720262236893173 0.00479195173829794 -0.02927855961024762
v 0.0037145910318940874 0.004624360240995885 -0.03082339651882649
v 0.003599121235311031 0.004543981514871121 -0.03151217103004456
v 0.003853456815704703 0.004343623761087657 -0.03126847371459008
v 0.004175931680947541 0.004592271987348796 -0.028575772419571883
v 0.004120086785405873 0.004525965079665185 -0.029278028756380088
v 0.0040253731422126285 0.004443242214620114 -0.03018519841134549
v 0.00438313279300928 0.004960280843079091 -0.025087781250476844
v 0.004513375461101531 0.005177723709493876 -0.023009141907095913
v 0.004555271938443183 0.005231863353401423 -0.022457864135503772
v 0.004687633831053971 0.005356764420866967 -0.020917110145092014
v 0.0047844070941209784 0.005384993739426137 -0.019820626825094226
v 0.004849917721003293 0.005335154477506877 -0.01894677430391312
v 0.004907293710857629 0.005163419526070357 -0.017822487279772762
v 0.005024152807891368 0.004695872310549022 -0.015674047172069553
v 0.005323142744600772 0.0038452630396932372 -0.011706224642693998
v 0.006371493451297282 0.00034066478838212794 -0.011425382457673551
v 0.006369528360664844 0.00033817894291132694 -0.011445874348282816
v 0.006316292565315961 0.0006286228308454157 -0.011986893601715568
v 0.0063675306737422934 0.0003358685644343496 -0.011466676369309427
v 0.006359757855534553 0.0003280808159615845 -0.011546741239726545
v 0.006275335792452096 0.00029598834225907927 -0.012369072996079925
v 0.006257162895053624 0.000301055726595223 -0.012540315277874473
v 0.006257150322198867 0.0008930376498028638 -0.0125566003844142
v 0.006314689759165048 0.0006875103572383524 -0.011996426619589332
v 0.006258446723222732 0.000931139453314245 -0.01254004426300526
v 0.0062585962004959575 0.000969215761870146 -0.012523378245532516
v 0.005293672438710927 0.0031508144456893214 -0.023330830037593845
v 0.005072457250207662 0.0030646310187876233 -0.02614953368902207
v 0.00493466667830944 0.0037139311898499736 -0.026111813262104995
v 0.004636175464838742 0.0035364471841603526 -0.029310977086424835
v 0.004204326774924993 0.003432029392570258 -0.031605608761310584
v 0.006118539255112409 0.0017210692167282109 -0.013533831574022773
v 0.006150719709694385 0.0014047519071027639 -0.01352877635508776
v 0.006102250888943671 0.0015678111230954532 -0.01399857830256224
v 0.006049799267202615 0.001733950106427074 -0.014519969001412395
v 0.005942899268120526 0.0020813220180571084 -0.015594186261296276
v 0.005839248653501271 0.0024512270465493207 -0.016658762469887737
v 0.006481118500232696 0.0006988122477196158 -0.009891510941088201
v 0.006446008104830979 0.0005007543950341643 -0.010542491450905802
v 0.006438329815864562 0.00047496685874648403 -0.010649061761796476
v 0.006488807965070008 0.0008365359390154483 -0.009539861232042314
v 0.006205532234162091 0.001197194214910269 -0.01301467884331942
v 0.006358434911817311 0.0016739867860451345 -0.008066385984420778
v 0.006407239008694886 0.001498585101217032 -0.008328093215823175
v 0.005989073310047387 0.002485162345692516 -0.012966228649020198
v 0.006455478258430957 0.0012634022859856488 -0.008704301901161672
v 0.006486646831035613 0.0009727930882945659 -0.009240050800144674
v 0.006141862366348504 0.002202863106504083 -0.007315035443753006
v 0.006212574895471334 0.0020570298656821255 -0.007517348974943163
v 0.00571294268593192 0.0032264175824821004 -0.012460843659937385
v 0.006276344880461692 0.001907055615447462 -0.007729787845164539
v 0.006319446954876184 0.0017918105004355316 -0.007895538583397867
v 0.005517822224646806 0.0035838729236274966 -0.012230455875396732
v 0.005961653310805558 0.0025117145851254468 -0.006898263934999706
v 0.00538756139576435 0.00413294741883874 -0.016618736088275913
v 0.005312703549861907 0.004408967681229115 -0.01789583079516888
v 0.005258299410343169 0.004581641871482135 -0.018883617594838146
v 0.005191747099161147 0.004667499568313361 -0.019798032939434055
v 0.005100278183817863 0.0046822172589600095 -0.020777648314833645
v 0.004888238850980996 0.004556606523692609 -0.02310903556644917
v 0.004685961175709962 0.004317610990256072 -0.02606481686234475
v 0.004424815531820058 0.004063682164996863 -0.029299162328243263
v 0.0042035654187202445 0.0039561763405799874 -0.030851054936647422
v 0.004042344167828559 0.003910191822797061 -0.03157200664281846
v 0.004384427797049283 0.003462842432782055 -0.030869545415043838
v 0.004931893199682235 0.0030121197924017915 -0.0277107022702694
v 0.005150897428393363 0.0038738222792744645 -0.023220052942633632
v 0.0055213896557688704 0.0038041756488382825 -0.01914952136576176
v 0.005453597288578748 0.003897582646459342 -0.020026776939630512
v 0.005362915340811013 0.0039328737184405336 -0.020966935902833942
v 0.005701540503650903 0.003006471786648036 -0.018178595229983333
v 0.00563730951398611 0.0032515488564968118 -0.018995372578501705
v 0.005592253990471362 0.003355486551299692 -0.019630834460258487
v 0.005579213146120309 0.003635614179074765 -0.018199970945715908
v 0.005658354610204696 0.0033700508065521726 -0.016969805583357814
v 0.004803258925676345 0.0036223144270479688 -0.02770178765058518
v 0.006200636271387338 0.0011144140735268595 -0.013094725087285045
v 0.006151424255222081 0.001287363236770034 -0.013568737544119362
v 0.006052108015865087 0.0015983901685103778 -0.014560497365891937
v 0.006052621640264987 0.0016662402777001266 -0.01454037427902222
v 0.005844506435096263 0.0023658340796828274 -0.01668786816298962
v 0.005844340194016694 0.0022801428567618136 -0.01671657152473927
v 0.00569941522553563 0.002951733302325011 -0.018347762525081638
v 0.005723817739635705 0.002763002878054977 -0.01809570007026196
v 0.005632956512272357 0.0031858691945672044 -0.019235679879784588
v 0.005589108448475598 0.003256905125454069 -0.019856069236993793
v 0.005617526359856128 0.003109064418822528 -0.019514042884111408
v 0.005701167508959769 0.0028543949592858557 -0.018378218635916713
v 0.005663190968334674 0.002991198794916273 -0.018875749781727794
v 0.005635638255625962 0.003070576349273325 -0.019257243722677234
v 0.0056625939905643454 0.0016336819389835004 -0.018848113715648655
v 0.005765763577073812 0.0013404021738097074 -0.017562231048941616
v 0.005844372790306806 0.0011318187462165954 -0.016684951260685924
v 0.005914785899221896 -0.00024045072495937353 -0.014623629860579971
v 0.005139187444001435 0.0003041661984752864 -0.020049465820193294
v 0.0045196949504315844 0.0008480046526528897 -0.02892540022730828
v 0.004511100705713033 0.002053327159956098 -0.03066560439765454
v 0.004777123685926198 0.0020351654384285216 -0.029139842838048942
v 0.006052121054381131 0.0006195626338012518 -0.01453361846506596
v 0.0061074336990714065 0.0004337244899943472 -0.01393767632544041
v 0.005759460851550101 0.0013026868691667917 -0.01758046261966229
v 0.00560075370594859 0.0017473887419328098 -0.01963727176189423
v 0.005541860125958919 0.0018625434022396807 -0.02043845131993294
v 0.005093371029943227 0.0020141231361776595 -0.026057468727231033
v 0.005302613601088523 0.002004557522013784 -0.023342715576291088
v 0.005472015589475631 0.001937753520905972 -0.021287841722369198
v 0.004142486490309238 0.0010002073831856253 -0.03100263327360154
v 0.004303892608731984 0.0009559110039845111 -0.030339729040861137
v 0.004773691296577453 0.0006784064462408425 -0.026039857417345054
v 0.004939422477036714 0.0005860789678990842 -0.023494806140661247
v 0.005047753918915986 0.000491913058795035 -0.0215759351849556
v 0.0056071728467941276 -0.0008867010474205019 -0.015316728502511982
v 0.006112749222666024 0.0004744908364955337 -0.01392195746302605
v 0.00615146430209279 0.0004097752971574665 -0.013544605113565925
v 0.006184465251863002 0.0003618115151766688 -0.013227273710072044
v 0.004267079755663871 0.0015259231440722947 -0.03120770677924157
v 0.0044463789090514174 0.0015049058711156253 -0.030510272830724723
v 0.0043205590918660155 0.002056432189419866 -0.03139108046889306
v 0.004692059475928544 0.0014444965636357667 -0.02903724648058415
v 0.004982510581612586 0.00134827068541199 -0.0260522160679102
v 0.005172505043447017 0.001292936271056533 -0.023422909900546077
v 0.0053125862032175055 0.0012069231597706678 -0.021438062191009525
v 0.005580793134868144 0.0005857447395101191 -0.01792704872786999
v 0.005291671492159366 -0.00010881630441872406 -0.018262568861246112
v 0.005423665046691894 0.001014955807477236 -0.019851170480251316
f 1 2 3
f 1 3 4
f 3 5 6
f 4 3 7
f 7 3 6
f 7 6 8
f 9 10 11
f 12 13 11
f 11 13 14
f 11 14 9
f 11 15 16
f 12 11 17
f 17 11 16
f 17 16 18
f 19 20 11
f 11 20 21
f 11 21 15
f 22 19 23
f 23 19 11
f 23 11 24
f 24 11 25
f 26 25 27
f 27 25 11
f 27 11 28
f 28 11 10
f 29 30 31
f 32 33 20
f 34 35 36
f 30 37 31
f 31 37 38
f 31 38 39
f 39 38 40
f 39 40 41
f 41 40 42
f 41 42 43
f 43 42 44
f 43 44 45
f 45 44 46
f 45 46 47
f 47 46 48
f 47 48 49
f 49 48 50
f 49 50 51
f 51 50 52
f 51 52 53
f 53 52 34
f 53 34 54
f 54 34 36
f 10 55 28
f 28 55 56
f 28 56 27
f 27 56 57
f 27 57 26
f 57 58 26
f 26 58 59
f 26 59 25
f 25 59 60
f 25 60 24
f 24 60 61
f 24 61 23
f 20 19 32
f 32 19 22
f 32 22 62
f 62 22 23
f 62 23 63
f 63 23 61
f 10 64 55
f 55 64 65
f 55 65 56
f 56 65 66
f 56 66 57
f 57 66 67
f 57 67 58
f 58 67 68
f 58 68 59
f 59 68 69
f 59 69 60
f 60 69 70
f 60 70 61
f 61 70 71
f 61 71 63
f 63 71 72
f 63 72 62
f 62 72 73
f 62 73 32
f 32 73 74
f 32 74 33
f 33 74 75
f 64 29 65
f 65 29 31
f 65 31 66
f 66 31 39
f 66 39 67
f 67 39 41
f 67 41 68
f 68 41 43
f 68 43 69
f 69 43 45
f 69 45 70
f 70 45 47
f 70 47 71
f 71 47 49
f 71 49 72
f 72 49 51
f 72 51 73
f 73 51 53
f 73 53 74
f 74 53 54
f 74 54 75
f 75 54 36
f 76 77 78
f 79 80 81
f 82 83 80
f 80 83 84
f 80 84 81
f 78 77 85
f 77 86 85
f 85 86 87
f 85 87 88
f 88 87 89
f 88 89 82
f 82 89 90
f 82 90 83
f 76 78 91
f 91 78 92
f 91 92 93
f 93 92 94
f 93 94 95
f 95 94 96
f 95 96 97
f 97 96 98
f 97 98 99
f 20 33 100
f 89 101 90
f 97 102 95
f 103 37 30
f 102 97 30
f 30 97 99
f 30 99 103
f 76 91 104
f 104 91 105
f 90 101 83
f 83 101 84
f 84 101 106
f 84 106 107
f 81 108 79
f 79 108 109
f 79 109 110
f 110 109 36
f 110 36 35
f 20 100 21
f 21 100 111
f 21 111 15
f 15 111 112
f 15 112 16
f 16 112 113
f 16 113 18
f 18 113 114
f 18 114 17
f 87 86 114
f 114 86 115
f 114 115 17
f 17 115 116
f 17 116 12
f 12 116 117
f 12 117 13
f 13 117 118
f 13 118 14
f 14 118 9
f 9 118 64
f 9 64 10
f 91 93 105
f 105 93 95
f 105 95 119
f 119 95 102
f 119 102 29
f 29 102 30
f 75 36 120
f 120 36 109
f 120 109 107
f 107 109 108
f 107 108 84
f 84 108 81
f 33 75 100
f 100 75 120
f 100 120 111
f 111 120 107
f 111 107 112
f 112 107 106
f 112 106 113
f 113 106 101
f 113 101 114
f 114 101 89
f 114 89 87
f 86 77 115
f 115 77 76
f 115 76 116
f 116 76 104
f 116 104 117
f 117 104 105
f 117 105 118
f 118 105 119
f 118 119 64
f 64 119 29
f 121 122 123
f 123 124 121
f 121 124 125
f 121 125 126
f 126 127 121
f 121 127 128
f 121 128 129
f 121 130 131
f 129 132 121
f 121 132 133
f 121 133 130
f 134 135 136
f 136 135 137
f 138 139 136
f 131 140 121
f 121 140 134
f 121 134 122
f 122 134 136
f 122 136 139
f 137 141 136
f 136 141 142
f 136 142 143
f 143 144 136
f 136 144 145
f 136 145 138
f 146 147 148
f 134 140 149
f 150 151 152
f 152 151 153
f 150 154 151
f 151 154 155
f 151 155 156
f 156 155 157
f 156 157 158
f 158 157 159
f 158 159 160
f 160 159 161
f 160 161 162
f 162 161 163
f 162 163 164
f 147 146 165
f 165 146 166
f 165 166 167
f 167 166 168
f 167 168 169
f 169 168 170
f 169 170 164
f 164 170 171
f 164 171 162
f 149 140 172
f 172 140 131
f 172 131 173
f 173 131 130
f 173 130 174
f 174 130 133
f 174 133 175
f 175 133 132
f 175 132 176
f 176 132 129
f 176 129 177
f 177 129 128
f 177 128 178
f 178 128 127
f 178 127 179
f 179 127 126
f 179 126 180
f 180 126 125
f 180 125 181
f 181 125 124
f 181 124 182
f 182 124 123
f 182 123 122
f 122 183 182
f 182 183 184
f 182 184 181
f 181 184 185
f 181 185 180
f 180 185 186
f 180 186 179
f 179 186 187
f 179 187 178
f 178 187 188
f 178 188 177
f 177 188 189
f 177 189 176
f 176 189 190
f 176 190 175
f 175 190 191
f 175 191 174
f 174 191 192
f 174 192 173
f 173 192 193
f 173 193 172
f 172 193 194
f 172 194 149
f 149 194 195
f 149 195 134
f 134 195 196
f 183 148 184
f 184 148 147
f 184 147 185
f 185 147 165
f 185 165 186
f 186 165 167
f 186 167 187
f 187 167 169
f 187 169 188
f 188 169 164
f 188 164 189
f 189 164 163
f 189 163 190
f 190 163 161
f 190 161 191
f 191 161 159
f 191 159 192
f 192 159 157
f 192 157 193
f 193 157 155
f 193 155 194
f 194 155 154
f 194 154 195
f 195 154 150
f 195 150 196
f 196 150 152
f 168 166 197
f 197 166 146
f 197 146 198
f 198 146 148
f 198 148 199
f 199 148 200
f 200 148 201
f 200 201 202
f 202 201 203
f 202 203 204
f 204 203 205
f 204 205 206
f 205 207 206
f 206 207 208
f 206 208 209
f 209 208 210
f 210 208 211
f 210 211 212
f 203 201 213
f 214 212 215
f 215 216 214
f 214 216 217
f 214 217 218
f 218 217 219
f 218 219 220
f 220 219 221
f 220 221 222
f 221 223 222
f 222 223 152
f 222 152 153
f 224 142 225
f 225 142 141
f 225 141 226
f 226 141 137
f 226 137 227
f 227 137 135
f 227 135 228
f 228 135 134
f 228 134 229
f 145 144 224
f 224 144 143
f 224 143 142
f 224 230 145
f 145 230 231
f 145 231 138
f 138 231 232
f 138 232 139
f 139 232 233
f 139 233 183
f 139 183 122
f 203 213 205
f 234 207 235
f 235 207 205
f 235 205 236
f 236 205 213
f 212 211 215
f 215 211 208
f 215 208 237
f 196 152 238
f 238 152 223
f 238 223 239
f 239 223 221
f 239 221 240
f 240 221 219
f 240 219 241
f 241 219 217
f 241 217 242
f 242 217 216
f 242 216 243
f 243 216 215
f 243 215 234
f 234 215 237
f 234 237 207
f 207 237 208
f 134 196 229
f 229 196 238
f 229 238 228
f 228 238 239
f 228 239 227
f 227 239 240
f 227 240 226
f 226 240 241
f 226 241 225
f 225 241 242
f 225 242 224
f 224 242 243
f 224 243 230
f 230 243 234
f 230 234 231
f 231 234 235
f 231 235 232
f 232 235 236
f 232 236 233
f 233 236 213
f 233 213 183
f 183 213 201
f 183 201 148
f 244 245 246
f 246 245 247
f 246 247 248
f 246 249 250
f 250 251 246
f 246 251 252
f 246 252 244
f 253 254 255
f 253 255 256
f 257 258 255
f 255 258 259
f 255 259 256
f 248 260 246
f 246 260 261
f 246 261 262
f 254 249 255
f 255 249 246
f 255 246 257
f 257 246 262
f 257 262 263
f 264 265 266
f 267 268 262
f 269 270 271
f 271 270 272
f 271 272 273
f 273 272 274
f 274 272 275
f 274 275 276
f 266 265 277
f 265 278 277
f 277 278 279
f 277 279 275
f 275 279 280
f 275 280 276
f 264 266 281
f 281 266 282
f 281 282 283
f 283 282 284
f 283 284 285
f 285 284 286
f 286 284 287
f 286 287 288
f 289 290 291
f 291 292 289
f 289 292 293
f 289 293 287
f 287 293 294
f 287 294 288
f 249 295 250
f 250 295 296
f 250 296 251
f 251 296 297
f 251 297 252
f 252 297 298
f 252 298 244
f 244 298 299
f 244 299 245
f 300 247 301
f 301 247 245
f 301 245 302
f 302 245 299
f 262 261 267
f 267 261 260
f 267 260 300
f 300 260 248
f 300 248 247
f 295 303 296
f 296 303 304
f 296 304 297
f 297 304 305
f 297 305 298
f 298 305 306
f 298 306 299
f 299 306 307
f 299 307 302
f 302 307 308
f 302 308 301
f 301 308 309
f 301 309 300
f 300 309 310
f 300 310 267
f 267 310 311
f 267 311 268
f 268 311 312
f 303 290 304
f 304 290 289
f 304 289 305
f 305 289 287
f 305 287 306
f 306 287 284
f 306 284 307
f 307 284 282
f 307 282 308
f 308 282 266
f 308 266 309
f 309 266 277
f 309 277 310
f 310 277 275
f 310 275 311
f 311 275 272
f 311 272 312
f 312 272 270
f 313 314 315
f 315 314 316
f 316 314 317
f 317 314 318
f 317 318 319
f 319 318 320
f 319 320 321
f 321 320 322
f 321 322 323
f 323 322 324
f 323 324 325
f 325 324 326
f 325 326 327
f 327 326 328
f 327 328 329
f 330 331 328
f 328 331 332
f 328 332 329
f 323 325 333
f 332 331 334
f 334 331 330
f 334 330 290
f 290 330 335
f 290 335 291
f 336 337 329
f 333 325 337
f 337 325 327
f 337 327 329
f 338 319 321
f 323 333 321
f 321 333 339
f 321 339 338
f 319 338 317
f 317 338 340
f 317 340 316
f 316 340 341
f 316 341 315
f 315 341 342
f 315 342 343
f 344 345 313
f 270 269 345
f 345 344 270
f 270 344 346
f 270 346 312
f 312 346 347
f 312 347 268
f 348 349 263
f 263 349 257
f 349 350 257
f 257 350 351
f 257 351 258
f 258 351 352
f 258 352 259
f 352 353 259
f 259 353 354
f 259 354 256
f 256 354 253
f 253 354 355
f 253 355 254
f 254 355 295
f 254 295 249
f 329 332 336
f 336 332 334
f 336 334 303
f 303 334 290
f 348 342 349
f 349 342 341
f 349 341 350
f 350 341 340
f 350 340 351
f 351 340 338
f 351 338 352
f 352 338 339
f 352 339 353
f 353 339 333
f 353 333 354
f 354 333 337
f 354 337 355
f 355 337 336
f 355 336 295
f 295 336 303
f 262 268 263
f 263 268 347
f 263 347 348
f 348 347 346
f 348 346 342
f 342 346 344
f 342 344 343
f 343 344 313
f 343 313 315
f 356 357 358
f 358 357 359
f 358 359 360
f 358 361 362
f 356 358 363
f 363 358 362
f 363 362 364
f 365 366 367
f 366 365 360
f 368 369 365
f 365 369 370
f 365 370 360
f 371 368 372
f 372 368 365
f 372 365 373
f 373 365 367
f 370 374 360
f 360 374 375
f 360 375 358
f 358 375 376
f 358 376 361
f 377 376 375
f 377 375 378
f 379 380 381
f 381 380 382
f 381 382 383
f 384 385 386
f 386 385 387
f 386 387 388
f 388 387 389
f 388 389 390
f 390 389 391
f 390 391 382
f 382 391 392
f 382 392 383
f 393 394 384
f 384 394 395
f 384 395 385
f 396 397 393
f 393 397 398
f 393 398 394
f 399 400 401
f 401 400 402
f 401 402 403
f 403 402 396
f 403 396 404
f 404 396 393
f 405 406 366
f 366 406 407
f 366 407 367
f 367 407 408
f 367 408 373
f 373 408 409
f 373 409 372
f 410 368 411
f 411 368 371
f 411 371 412
f 412 371 372
f 412 372 413
f 413 372 409
f 375 374 378
f 378 374 370
f 378 370 410
f 410 370 369
f 410 369 368
f 405 414 406
f 406 414 415
f 406 415 407
f 407 415 416
f 407 416 408
f 408 416 417
f 408 417 409
f 409 417 418
f 409 418 413
f 413 418 419
f 413 419 412
f 412 419 420
f 412 420 411
f 411 420 421
f 411 421 410
f 410 421 422
f 410 422 378
f 378 422 423
f 378 423 377
f 414 399 415
f 415 399 401
f 415 401 416
f 416 401 403
f 416 403 417
f 417 403 404
f 417 404 418
f 418 404 393
f 418 393 419
f 419 393 384
f 419 384 420
f 420 384 386
f 420 386 421
f 421 386 388
f 421 388 422
f 422 388 390
f 422 390 423
f 423 390 382
f 423 382 377
f 377 382 380
f 424 425 426
f 427 428 429
f 428 427 430
f 431 424 426
f 426 432 431
f 431 432 433
f 431 433 434
f 434 433 435
f 434 435 436
f 435 437 436
f 436 437 438
f 436 438 439
f 439 438 440
f 440 441 439
f 439 441 442
f 439 442 443
f 443 442 444
f 443 444 445
f 445 444 446
f 445 446 427
f 427 446 447
f 427 447 430
f 448 449 450
f 430 447 451
f 437 440 438
f 446 444 452
f 452 444 442
f 452 442 453
f 453 442 441
f 453 441 454
f 380 379 455
f 455 429 456
f 361 376 377
f 455 456 380
f 380 456 450
f 380 450 377
f 377 450 449
f 377 449 361
f 361 449 448
f 361 448 362
f 400 399 457
f 457 399 458
f 457 458 425
f 425 458 459
f 425 459 426
f 426 459 432
f 364 362 460
f 460 362 448
f 460 448 451
f 451 448 450
f 451 450 430
f 430 450 456
f 430 456 428
f 428 456 429
f 447 446 451
f 451 446 452
f 451 452 460
f 460 452 453
f 460 453 364
f 364 453 454
f 364 454 363
f 363 454 461
f 363 461 356
f 356 461 462
f 356 462 357
f 357 462 463
f 357 463 359
f 359 463 464
f 359 464 360
f 360 464 405
f 360 405 366
f 441 440 454
f 454 440 437
f 454 437 461
f 461 437 465
f 461 465 462
f 462 465 466
f 462 466 463
f 463 466 467
f 463 467 464
f 464 467 468
f 464 468 405
f 405 468 414
f 437 435 465
f 465 435 433
f 465 433 466
f 466 433 432
f 466 432 467
f 467 432 459
f 467 459 468
f 468 459 458
f 468 458 414
f 414 458 399
f 469 470 471
f 471 470 472
f 471 472 473
f 473 472 474
f 473 474 475
f 475 474 476
f 476 474 477
f 477 474 478
f 477 478 479
f 479 480 477
f 477 480 481
f 477 481 482
f 482 481 483
f 484 477 485
f 485 477 482
f 485 482 486
f 486 482 483
f 487 488 471
f 489 490 491
f 491 490 492
f 491 492 493
f 493 492 494
f 493 494 495
f 496 497 494
f 494 497 498
f 494 498 495
f 499 500 501
f 501 500 502
f 501 502 496
f 496 502 503
f 496 503 497
f 501 504 499
f 499 504 505
f 499 505 506
f 506 505 507
f 506 507 508
f 508 507 509
f 508 509 510
f 510 509 511
f 510 511 512
f 512 511 513
f 512 513 514
f 515 486 516
f 516 486 483
f 515 517 486
f 486 517 518
f 486 518 485
f 485 518 519
f 485 519 484
f 471 473 487
f 487 473 475
f 487 475 520
f 520 475 476
f 520 476 521
f 521 476 477
f 521 477 522
f 522 477 484
f 522 484 523
f 523 484 519
f 516 524 515
f 515 524 525
f 515 525 517
f 517 525 526
f 517 526 518
f 518 526 527
f 518 527 519
f 519 527 528
f 519 528 523
f 523 528 529
f 523 529 522
f 522 529 530
f 522 530 521
f 521 530 531
f 521 531 520
f 520 531 532
f 520 532 487
f 487 532 533
f 487 533 488
f 488 533 534
f 524 513 525
f 525 513 511
f 525 511 526
f 526 511 509
f 526 509 527
f 527 509 507
f 527 507 528
f 528 507 505
f 528 505 529
f 529 505 504
f 529 504 530
f 530 504 501
f 530 501 531
f 531 501 496
f 531 496 532
f 532 496 494
f 532 494 533
f 533 494 492
f 533 492 534
f 534 492 490
f 535 536 537
f 537 536 538
f 537 538 539
f 539 538 540
f 541 542 535
f 535 542 543
f 535 543 536
f 535 544 541
f 541 544 545
f 541 545 546
f 546 545 547
f 546 547 548
f 548 547 549
f 548 549 550
f 550 549 551
f 552 553 551
f 551 553 554
f 551 554 550
f 555 540 556
f 536 557 538
f 558 514 513
f 550 554 559
f 559 554 553
f 559 553 513
f 513 553 552
f 513 552 558
f 540 538 556
f 556 538 557
f 556 557 560
f 560 557 536
f 560 536 561
f 561 536 543
f 561 543 562
f 563 564 480
f 480 564 481
f 481 564 516
f 481 516 483
f 543 542 562
f 562 542 541
f 562 541 565
f 565 541 546
f 565 546 566
f 566 546 548
f 566 548 567
f 567 548 550
f 567 550 568
f 568 550 559
f 568 559 524
f 524 559 513
f 469 471 569
f 569 471 488
f 569 488 534
f 524 516 568
f 568 516 564
f 568 564 567
f 567 564 563
f 567 563 566
f 566 563 570
f 566 570 565
f 565 570 571
f 565 571 562
f 562 571 572
f 562 572 561
f 561 572 573
f 561 573 560
f 470 469 574
f 574 469 569
f 574 569 575
f 575 569 534
f 575 534 490
f 489 555 490
f 490 555 556
f 490 556 575
f 575 556 560
f 575 560 574
f 574 560 573
f 574 573 470
f 470 573 572
f 470 572 472
f 472 572 571
f 472 571 474
f 474 571 570
f 474 570 478
f 478 570 563
f 478 563 479
f 479 563 480
f 576 577 578
f 578 579 580
f 577 581 578
f 578 581 582
f 578 582 579
f 583 584 585
f 586 584 587
f 587 584 583
f 587 583 588
f 585 589 583
f 583 589 590
f 583 590 591
f 580 592 578
f 578 592 588
f 578 588 576
f 576 588 583
f 576 583 593
f 593 583 591
f 594 595 596
f 596 595 597
f 588 598 587
f 599 600 601
f 600 599 602
f 603 604 605
f 603 605 606
f 605 607 606
f 606 607 608
f 606 608 609
f 609 608 610
f 609 610 611
f 611 610 612
f 613 596 612
f 612 596 597
f 612 597 611
f 614 615 613
f 613 615 594
f 613 594 596
f 616 617 614
f 614 617 618
f 614 618 615
f 599 619 602
f 602 619 620
f 602 620 621
f 621 620 622
f 621 622 623
f 623 622 624
f 623 624 625
f 598 626 587
f 587 626 627
f 587 627 586
f 576 593 628
f 628 593 591
f 628 591 629
f 629 591 590
f 629 590 630
f 630 590 589
f 630 589 631
f 631 589 585
f 631 585 632
f 632 585 584
f 632 584 633
f 633 584 586
f 633 586 634
f 634 586 627
f 588 600 598
f 598 600 602
f 598 602 626
f 626 602 621
f 626 621 627
f 627 621 623
f 627 623 634
f 634 623 625
f 634 625 633
f 633 625 635
f 633 635 632
f 632 635 636
f 632 636 631
f 631 636 637
f 631 637 630
f 630 637 638
f 630 638 629
f 629 638 639
f 629 639 628
f 628 639 640
f 628 640 576
f 576 640 641
f 624 642 625
f 625 642 616
f 625 616 635
f 635 616 614
f 635 614 636
f 636 614 613
f 636 613 637
f 637 613 612
f 637 612 638
f 638 612 610
f 638 610 639
f 639 610 608
f 639 608 640
f 640 608 607
f 640 607 641
f 641 607 605
f 643 595 594
f 594 615 643
f 643 615 618
f 643 618 644
f 644 618 617
f 644 617 645
f 645 617 616
f 616 642 645
f 645 642 624
f 645 624 646
f 646 624 622
f 646 622 647
f 647 622 620
f 599 648 619
f 619 648 649
f 619 649 620
f 620 649 650
f 620 650 647
f 599 601 648
f 648 601 651
f 648 651 652
f 651 653 652
f 652 653 654
f 652 654 655
f 655 654 656
f 576 657 577
f 601 600 658
f 659 654 660
f 660 654 653
f 660 653 651
f 661 662 659
f 659 662 656
f 659 656 654
f 659 663 661
f 661 663 664
f 661 664 665
f 665 664 666
f 665 666 667
f 668 669 666
f 666 669 670
f 666 670 667
f 671 672 673
f 673 672 674
f 673 674 668
f 668 674 675
f 668 675 669
f 673 676 671
f 671 676 677
f 671 677 678
f 678 677 605
f 678 605 604
f 657 679 577
f 577 679 680
f 577 680 581
f 581 680 681
f 581 681 582
f 582 681 682
f 582 682 579
f 682 683 579
f 579 683 684
f 579 684 580
f 580 684 685
f 580 685 592
f 592 685 686
f 592 686 588
f 576 641 657
f 657 641 687
f 657 687 679
f 679 687 688
f 679 688 680
f 680 688 689
f 680 689 681
f 681 689 690
f 681 690 682
f 682 690 691
f 682 691 683
f 683 691 692
f 683 692 684
f 684 692 693
f 684 693 685
f 685 693 694
f 685 694 686
f 686 694 658
f 686 658 588
f 588 658 600
f 641 605 687
f 687 605 677
f 687 677 688
f 688 677 676
f 688 676 689
f 689 676 673
f 689 673 690
f 690 673 668
f 690 668 691
f 691 668 666
f 691 666 692
f 692 666 664
f 692 664 693
f 693 664 663
f 693 663 694
f 694 663 659
f 694 659 658
f 658 659 660
f 658 660 601
f 601 660 651
f 695 696 697
f 697 696 698
f 697 698 699
f 697 700 701
f 701 702 697
f 697 702 703
f 697 703 695
f 704 705 697
f 697 705 706
f 697 706 700
f 699 707 697
f 697 707 708
f 697 708 709
f 709 710 697
f 697 710 711
f 697 711 704
f 712 713 714
f 714 713 715
f 716 717 718
f 719 720 721
f 722 723 724
f 724 723 725
f 724 725 726
f 726 725 727
f 726 727 728
f 728 727 719
f 728 719 729
f 729 719 721
f 720 730 721
f 721 730 731
f 721 731 732
f 732 731 733
f 732 733 734
f 734 733 735
f 734 735 736
f 736 735 718
f 718 735 737
f 718 737 716
f 738 739 740
f 740 739 741
f 740 741 742
f 743 738 744
f 744 738 740
f 744 740 745
f 745 740 742
f 745 742 746
f 747 748 749
f 750 751 752
f 752 751 747
f 752 747 753
f 753 747 749
f 751 754 747
f 747 754 738
f 747 738 748
f 748 738 743
f 733 755 756
f 717 757 758
f 717 758 759
f 759 758 760
f 759 760 761
f 761 760 762
f 761 762 763
f 763 762 764
f 763 764 765
f 764 766 765
f 765 766 767
f 765 767 768
f 769 754 770
f 770 754 751
f 769 771 754
f 754 771 772
f 754 772 738
f 772 773 738
f 738 773 774
f 738 774 739
f 774 775 739
f 739 775 776
f 739 776 741
f 741 776 777
f 741 777 742
f 742 777 778
f 742 778 746
f 778 779 746
f 746 779 780
f 746 780 745
f 727 781 719
f 719 781 782
f 719 782 720
f 733 731 755
f 755 731 730
f 755 730 720
f 717 716 757
f 757 716 737
f 757 737 756
f 756 737 735
f 756 735 733
f 770 783 769
f 769 783 784
f 769 784 771
f 771 784 785
f 771 785 772
f 772 785 786
f 772 786 773
f 773 786 787
f 773 787 774
f 774 787 788
f 774 788 775
f 775 788 789
f 775 789 776
f 776 789 790
f 776 790 777
f 777 790 791
f 777 791 778
f 778 791 792
f 778 792 779
f 779 792 793
f 779 793 780
f 780 793 794
f 781 794 782
f 782 794 793
f 782 793 720
f 720 793 792
f 720 792 755
f 755 792 791
f 755 791 756
f 756 791 790
f 756 790 757
f 757 790 789
f 757 789 758
f 758 789 788
f 758 788 760
f 760 788 787
f 760 787 762
f 762 787 786
f 762 786 764
f 764 786 785
f 764 785 766
f 766 785 784
f 766 784 767
f 767 784 783
f 770 795 796
f 770 796 783
f 783 796 797
f 783 797 767
f 798 799 800
f 800 799 801
f 798 800 802
f 802 800 803
f 802 803 804
f 804 803 805
f 804 805 806
f 806 805 807
f 807 805 808
f 807 808 809
f 722 810 811
f 811 810 812
f 811 812 808
f 808 812 813
f 808 813 809
f 811 814 722
f 722 814 815
f 722 815 723
f 781 727 815
f 815 727 725
f 815 725 723
f 744 745 780
f 770 751 795
f 795 751 750
f 795 750 752
f 816 817 818
f 818 817 819
f 818 819 820
f 820 819 821
f 820 821 822
f 822 821 823
f 822 823 824
f 824 823 825
f 824 825 826
f 826 825 827
f 826 827 828
f 828 827 829
f 828 829 794
f 794 781 828
f 828 781 815
f 828 815 826
f 826 815 814
f 826 814 824
f 824 814 811
f 824 811 822
f 822 811 808
f 822 808 820
f 820 808 805
f 820 805 818
f 818 805 803
f 818 803 816
f 816 803 800
f 768 767 801
f 801 767 797
f 801 797 800
f 800 797 796
f 800 796 816
f 816 796 795
f 816 795 817
f 817 795 752
f 817 752 819
f 819 752 753
f 819 753 821
f 821 753 749
f 821 749 823
f 823 749 748
f 823 748 825
f 825 748 743
f 825 743 827
f 827 743 744
f 827 744 829
f 829 744 780
f 829 780 794
f 830 831 832
f 833 834 835
f 836 837 832
f 832 837 838
f 832 838 833
f 833 835 832
f 832 835 839
f 832 839 830
f 832 831 840
f 841 842 840
f 840 842 843
f 836 832 844
f 844 832 840
f 844 840 845
f 845 840 843
f 842 846 843
f 843 846 847
f 848 849 850
f 846 851 847
f 847 851 848
f 847 848 852
f 852 848 850
f 852 850 853
f 854 855 849
f 849 848 854
f 854 848 851
f 854 851 856
f 856 851 846
f 856 846 857
f 857 846 842
f 857 842 841
f 858 859 860
f 850 849 861
f 861 862 859
f 850 861 853
f 859 858 861
f 861 858 863
f 861 863 853
f 864 865 866
f 867 868 869
f 869 868 870
f 869 870 871
f 867 864 868
f 868 864 866
f 868 866 870
f 870 866 872
f 873 874 875
f 876 877 878
f 878 877 879
f 878 879 880
f 880 879 870
f 880 870 872
f 871 870 881
f 881 870 879
f 881 879 882
f 882 879 877
f 882 877 883
f 875 884 885
f 885 884 886
f 885 886 887
f 873 875 876
f 876 875 885
f 876 885 877
f 877 885 887
f 877 887 883
f 888 889 871
f 890 889 891
f 891 889 888
f 891 888 892
f 892 888 893
f 892 893 894
f 894 893 895
f 895 893 896
f 895 896 897
f 897 896 898
f 898 896 899
f 898 899 900
f 884 899 886
f 886 899 896
f 886 896 887
f 887 896 893
f 871 881 888
f 888 881 882
f 888 882 893
f 893 882 883
f 893 883 887
f 869 901 867
f 867 901 902
f 889 890 903
f 904 902 903
f 903 902 901
f 903 901 889
f 889 901 869
f 889 869 871
f 905 906 907
f 907 906 908
f 909 910 911
f 911 910 912
f 913 914 915
f 913 915 916
f 916 915 917
f 916 917 910
f 910 917 918
f 910 918 912
f 919 920 921
f 921 920 922
f 921 922 913
f 913 922 923
f 913 923 914
f 924 925 913
f 913 925 926
f 913 926 921
f 921 926 927
f 921 927 919
f 924 913 928
f 928 913 916
f 928 916 929
f 929 916 910
f 929 910 930
f 930 910 909
f 930 909 931
f 911 908 909
f 909 908 906
f 909 906 931
f 931 906 905
f 931 905 932
f 933 934 935
f 935 934 936
f 937 938 939
f 936 937 935
f 935 937 939
f 935 939 940
f 940 939 941
f 942 943 944
f 944 943 932
f 944 932 905
f 945 946 947
f 947 946 948
f 947 948 942
f 942 948 949
f 942 949 943
f 950 935 940
f 941 945 940
f 940 945 947
f 940 947 950
f 950 947 942
f 950 942 951
f 951 942 944
f 951 944 952
f 952 944 905
f 952 905 907
f 952 907 953
f 952 953 951
f 951 953 954
f 951 954 950
f 950 954 935
f 935 954 955
f 935 955 933
f 953 907 956
f 956 907 908
f 956 908 957
f 908 911 957
f 957 911 912
f 957 912 958
f 958 912 918
f 958 918 959
f 959 918 917
f 959 917 960
f 960 917 915
f 960 915 961
f 961 915 962
f 915 914 962
f 962 914 923
f 962 923 963
f 923 922 963
f 963 922 920
f 963 920 964
f 965 966 967
f 967 966 968
f 969 970 971
f 971 970 972
f 971 972 973
f 973 972 974
f 973 974 975
f 975 974 976
f 975 976 977
f 977 976 978
f 977 978 979
f 979 978 980
f 979 980 981
f 980 982 981
f 981 982 983
f 981 983 984
f 970 969 985
f 985 969 986
f 985 986 987
f 987 986 988
f 987 988 989
f 989 988 990
f 989 990 991
f 991 990 992
f 991 992 993
f 993 992 994
f 993 994 995
f 995 994 996
f 995 996 983
f 983 996 984
f 997 998 999
f 1000 1001 1002
f 1003 1004 1005
f 1005 1004 1006
f 1005 1006 1007
f 1008 1009 1003
f 1003 1009 1010
f 1003 1010 1004
f 998 1011 999
f 999 1011 1012
f 999 1012 1008
f 1008 1012 1013
f 1008 1013 1009
f 997 999 1014
f 1014 999 1015
f 1014 1015 1016
f 1017 1018 1019
f 1017 1019 1015
f 1015 1019 1020
f 1015 1020 1016
f 1002 1021 1000
f 1000 1021 1022
f 1000 1022 1017
f 1017 1022 1023
f 1017 1023 1018
f 1024 1025 1001
f 1001 1025 1026
f 1001 1026 1002
f 1027 1028 1029
f 1029 1028 1030
f 1029 1030 1024
f 1024 1030 1031
f 1024 1031 1025
f 1027 1029 1032
f 1032 1029 1033
f 1032 1033 1034
f 1034 1033 1035
f 1035 1033 1036
f 1035 1036 1037
f 1038 1039 1040
f 1040 1039 1041
f 1040 1041 1036
f 1036 1041 1042
f 1036 1042 1037
f 1038 1040 1043
f 1043 1040 1044
f 1043 1044 1045
f 1045 1044 1046
f 1046 1044 1005
f 1046 1005 1007
f 1047 1048 1049
f 1049 1048 1050
f 1051 1052 1053
f 1053 1052 1048
f 1053 1048 1054
f 1054 1048 1047
f 1053 1055 1051
f 1051 1055 1056
f 1057 1055 1053
f 1053 1054 1057
f 1057 1054 1047
f 1057 1047 1058
f 1058 1047 1059
f 1059 1047 1049
f 1059 1049 1060
f 1060 1049 1061
f 1061 1049 1050
f 1061 1050 1062
f 1063 1064 1065
f 1065 1064 1066
f 1065 1066 1067
f 1068 1069 1070
f 1070 1069 1071
f 1072 1073 1074
f 1074 1073 1075
f 1074 1075 1076
f 1076 1075 1077
f 1076 1077 1078
f 1078 1077 1079
f 1079 1077 1071
f 1079 1071 1069
f 1080 1073 1072
f 1064 1063 1081
f 1081 1063 1082
f 1081 1082 1083
f 1083 1082 1084
f 1084 1082 1085
f 1084 1085 1086
f 1087 1088 1089
f 1087 1089 1085
f 1085 1089 1090
f 1085 1090 1086
f 1091 1092 1093
f 1091 1093 1087
f 1087 1093 1094
f 1087 1094 1088
f 1095 1096 1097
f 1095 1097 1091
f 1091 1097 1098
f 1091 1098 1092
f 1099 1100 1101
f 1099 1101 1095
f 1095 1101 1102
f 1095 1102 1096
f 1103 1104 1105
f 1103 1105 1099
f 1099 1105 1106
f 1099 1106 1100
f 1072 1107 1080
f 1080 1107 1108
f 1080 1108 1103
f 1103 1108 1109
f 1103 1109 1104
f 1068 1110 1056
f 1086 1090 1035
f 1037 1042 1067
f 1067 1042 1041
f 1067 1041 1039
f 1068 1056 1069
f 1069 1056 1055
f 1069 1055 1057
f 1004 1057 1058
f 1097 1031 1030
f 1039 1038 1067
f 1067 1038 1043
f 1067 1043 1111
f 1111 1043 1045
f 1111 1045 1062
f 1076 1020 1074
f 1074 1020 1019
f 1074 1019 1072
f 1072 1019 1018
f 1072 1018 1107
f 1107 1018 1108
f 1097 1096 1031
f 1031 1096 1102
f 1031 1102 1025
f 1025 1102 1101
f 1025 1101 1026
f 1026 1101 1100
f 1026 1100 1002
f 1002 1100 1106
f 1002 1106 1021
f 1021 1106 1105
f 1058 1059 1004
f 1004 1059 1060
f 1004 1060 1061
f 1018 1023 1108
f 1108 1023 1022
f 1108 1022 1109
f 1109 1022 1021
f 1109 1021 1104
f 1104 1021 1105
f 1032 1094 1027
f 1027 1094 1093
f 1027 1093 1028
f 1028 1093 1092
f 1028 1092 1030
f 1030 1092 1098
f 1030 1098 1097
f 1035 1090 1034
f 1034 1090 1089
f 1034 1089 1032
f 1032 1089 1088
f 1032 1088 1094
f 1004 1010 1057
f 1057 1010 1009
f 1057 1009 1069
f 1069 1009 1013
f 1069 1013 1012
f 1064 1081 1035
f 1012 1011 1069
f 1069 1011 998
f 1069 998 1079
f 1079 998 997
f 1079 997 1078
f 1078 997 1014
f 1078 1014 1076
f 1076 1014 1016
f 1076 1016 1020
f 1037 1067 1035
f 1035 1067 1066
f 1035 1066 1064
f 1081 1083 1035
f 1035 1083 1084
f 1035 1084 1086
f 1045 1046 1062
f 1062 1046 1007
f 1062 1007 1061
f 1061 1007 1006
f 1061 1006 1004
f 1052 1051 1112
f 1112 1051 1056
f 1112 1056 1110
f 1048 1052 1113
f 1113 1052 1112
f 1114 1115 1116
f 1114 1116 1117
f 1117 1116 1118
f 1117 1118 1119
f 1119 1118 1120
f 1119 1120 1121
f 1121 1120 1122
f 1121 1122 1123
f 1123 1122 1124
f 1123 1124 1125
f 1125 1124 1126
f 1125 1126 1127
f 1128 1129 1130
f 1130 1129 1131
f 1130 1131 1132
f 1132 1131 1127
f 1132 1127 1133
f 1133 1127 1126
f 990 1117 1119
f 979 1134 977
f 977 1134 1113
f 977 1113 975
f 990 1119 992
f 992 1119 1121
f 992 1121 994
f 994 1121 1123
f 994 1123 996
f 996 1123 1125
f 996 1125 984
f 984 1125 1127
f 984 1127 981
f 981 1127 1131
f 981 1131 979
f 979 1131 1129
f 979 1129 1134
f 1117 990 1114
f 1114 990 988
f 1114 988 1135
f 1113 1112 975
f 975 1112 1136
f 975 1136 973
f 973 1136 1137
f 973 1137 971
f 971 1137 1138
f 971 1138 969
f 969 1138 1135
f 969 1135 986
f 986 1135 988
f 1048 1113 1134
f 1048 1134 1139
f 1129 1128 1134
f 1134 1128 1140
f 1134 1140 1139
f 1048 1139 1050
f 1050 1139 1141
f 1050 1141 1062
f 1062 1141 1111
f 1142 1143 1144
f 1145 1146 1147
f 1147 1146 1148
f 1149 1150 1151
f 1151 1150 1152
f 1151 1152 1148
f 1148 1152 1153
f 1148 1153 1147
f 1154 1155 1156
f 1156 1155 1157
f 1156 1157 1151
f 1151 1157 1158
f 1151 1158 1149
f 1154 1156 1159
f 1159 1156 1160
f 1159 1160 1161
f 1162 1163 1164
f 1162 1164 1160
f 1160 1164 1165
f 1160 1165 1161
f 1144 1166 1142
f 1142 1166 1167
f 1142 1167 1162
f 1162 1167 1168
f 1162 1168 1163
f 1169 1144 1143
f 1169 1143 1170
f 1170 1143 1171
f 1170 1171 1172
f 1172 1171 1173
f 1172 1173 1174
f 1175 1176 1177
f 1175 1177 1173
f 1173 1177 1178
f 1173 1178 1174
f 1179 1180 1181
f 1179 1181 1175
f 1175 1181 1182
f 1175 1182 1176
f 1180 1179 1183
f 1183 1179 1184
f 1183 1184 1185
f 1186 1187 1184
f 1184 1187 1188
f 1184 1188 1185
f 1145 1189 1146
f 1146 1189 1190
f 1146 1190 1186
f 1186 1190 1191
f 1186 1191 1187
f 1192 1193 1194
f 1194 1193 1195
f 1196 1197 1198
f 1198 1197 1199
f 1199 1200 1198
f 1198 1200 1201
f 1198 1201 1202
f 1202 1201 1203
f 1202 1203 1194
f 1194 1203 1192
f 1204 1205 1206
f 1206 1205 1207
f 1206 1207 1208
f 1209 1210 1211
f 1196 1212 1197
f 1197 1212 1213
f 1211 1210 1212
f 1212 1210 1214
f 1212 1214 1213
f 1209 1211 1215
f 1215 1211 1216
f 1215 1216 1217
f 1218 1219 1220
f 1220 1219 1221
f 1220 1221 1216
f 1216 1221 1222
f 1216 1222 1217
f 1218 1220 1223
f 1223 1220 1224
f 1223 1224 1225
f 1226 1227 1228
f 1228 1227 1229
f 1228 1229 1224
f 1224 1229 1230
f 1224 1230 1225
f 1226 1228 1231
f 1231 1228 1232
f 1231 1232 1233
f 1233 1232 1234
f 1234 1232 1235
f 1234 1235 1236
f 1236 1235 1237
f 1237 1235 1205
f 1237 1205 1204
f 1145 1147 1208
f 1221 1167 1166
f 1238 1239 1191
f 1144 1217 1166
f 1166 1217 1222
f 1166 1222 1221
f 1191 1239 1187
f 1187 1239 1240
f 1187 1240 1188
f 1192 1241 1242
f 1145 1208 1189
f 1192 1180 1183
f 1238 1191 1208
f 1208 1191 1190
f 1208 1190 1189
f 1241 1192 1243
f 1243 1192 1183
f 1243 1183 1240
f 1240 1183 1185
f 1240 1185 1188
f 1158 1157 1236
f 1221 1219 1167
f 1167 1219 1218
f 1167 1218 1168
f 1168 1218 1223
f 1168 1223 1163
f 1163 1223 1225
f 1163 1225 1164
f 1242 1244 1192
f 1192 1244 1245
f 1192 1245 1193
f 1193 1245 1246
f 1193 1246 1247
f 1180 1192 1181
f 1181 1192 1203
f 1181 1203 1182
f 1182 1203 1201
f 1182 1201 1176
f 1176 1201 1200
f 1176 1200 1177
f 1177 1200 1199
f 1177 1199 1178
f 1178 1199 1197
f 1178 1197 1174
f 1174 1197 1213
f 1174 1213 1172
f 1172 1213 1214
f 1172 1214 1170
f 1170 1214 1210
f 1170 1210 1169
f 1169 1210 1209
f 1169 1209 1144
f 1144 1209 1215
f 1144 1215 1217
f 1236 1157 1234
f 1225 1230 1164
f 1164 1230 1229
f 1164 1229 1165
f 1165 1229 1227
f 1165 1227 1161
f 1161 1227 1226
f 1161 1226 1159
f 1157 1155 1234
f 1234 1155 1154
f 1234 1154 1233
f 1233 1154 1159
f 1233 1159 1231
f 1231 1159 1226
f 1147 1153 1208
f 1208 1153 1152
f 1208 1152 1206
f 1236 1237 1158
f 1158 1237 1204
f 1158 1204 1149
f 1149 1204 1206
f 1149 1206 1150
f 1150 1206 1152
f 1208 1207 1238
f 1238 1207 1248
f 1238 1248 1141
f 1141 1248 1249
f 1141 1249 1111
f 1111 1249 1250
f 1111 1250 1067
f 1067 1250 1065
f 999 1008 1070
f 1070 1008 1003
f 1251 1252 1003
f 1003 1252 1253
f 1003 1253 1070
f 1015 1073 1017
f 1017 1073 1080
f 1017 1080 1000
f 1000 1080 1103
f 1000 1103 1001
f 1001 1103 1099
f 1001 1099 1024
f 1024 1099 1095
f 1024 1095 1029
f 1029 1095 1091
f 1029 1091 1033
f 1070 1071 999
f 999 1071 1077
f 999 1077 1015
f 1015 1077 1075
f 1015 1075 1073
f 1091 1087 1033
f 1033 1087 1085
f 1033 1085 1036
f 1036 1085 1082
f 1036 1082 1040
f 1040 1082 1063
f 1040 1063 1044
f 1044 1063 1065
f 1254 1251 1250
f 1250 1251 1003
f 1250 1003 1065
f 1065 1003 1005
f 1065 1005 1044
f 1255 1256 1257
f 1258 1259 1137
f 1137 1259 1260
f 1137 1260 1261
f 1261 1262 1137
f 1137 1262 1263
f 1137 1263 1138
f 1258 1137 1264
f 1264 1137 1136
f 1264 1136 1265
f 1110 1068 1070
f 1266 1267 1070
f 1070 1267 1265
f 1070 1265 1110
f 1110 1265 1136
f 1110 1136 1112
f 1253 1268 1070
f 1070 1268 1269
f 1070 1269 1270
f 1270 1271 1070
f 1070 1271 1272
f 1070 1272 1266
f 1257 1273 1135
f 1263 1274 1138
f 1138 1274 1275
f 1138 1275 1276
f 1276 1277 1138
f 1138 1277 1278
f 1138 1278 1135
f 1135 1278 1279
f 1135 1279 1257
f 1257 1279 1280
f 1257 1280 1255
f 1135 1273 1114
f 1114 1273 1115
f 1273 1281 1115
f 1115 1281 1282
f 1283 967 976
f 976 967 978
f 991 1284 989
f 989 1284 1285
f 989 1285 987
f 987 1285 1282
f 987 1282 985
f 985 1282 1281
f 1283 976 1286
f 1286 976 974
f 1286 974 1287
f 1287 974 972
f 1287 972 1281
f 1281 972 970
f 1281 970 985
f 967 968 978
f 978 968 1288
f 978 1288 980
f 980 1288 1289
f 980 1289 982
f 982 1289 1290
f 982 1290 983
f 983 1290 1291
f 983 1291 995
f 995 1291 1292
f 995 1292 993
f 993 1292 1293
f 993 1293 991
f 991 1293 1294
f 991 1294 1284
f 1116 1115 1282
f 1282 1285 1116
f 1116 1285 1284
f 1116 1284 1118
f 1118 1284 1294
f 1118 1294 1120
f 1120 1294 1293
f 1120 1293 1122
f 1122 1293 1292
f 1122 1292 1124
f 1124 1292 1291
f 1124 1291 1126
f 1126 1291 1133
f 1133 1291 1290
f 1133 1290 1132
f 1289 1128 1290
f 1290 1128 1130
f 1290 1130 1132
f 966 1139 1140
f 968 966 1288
f 1288 966 1140
f 1288 1140 1289
f 1289 1140 1128
f 1239 1238 1295
f 1295 1238 1141
f 1295 1141 966
f 966 1141 1139
f 1240 1239 1295
f 1295 1296 1240
f 1240 1296 1297
f 1240 1297 1243
f 1243 1297 1241
f 1241 1297 1298
f 1241 1298 1242
f 1242 1298 1244
f 1244 1298 1299
f 1244 1299 1245
f 1298 1297 966
f 966 1297 1296
f 966 1296 1295
f 965 1300 966
f 966 1300 1299
f 966 1299 1298
f 1245 1299 1246
f 1246 1299 1300
f 1247 1246 967
f 967 1246 1300
f 967 1300 965
f 1247 967 1283
f 1301 1302 1195
f 1303 1304 1195
f 1195 1304 1305
f 1195 1305 1306
f 1306 1307 1195
f 1195 1307 1308
f 1195 1308 1301
f 1195 1193 1247
f 1195 1247 1303
f 1303 1247 1283
f 1303 1283 1309
f 1309 1283 1286
f 1309 1286 1310
f 1286 1311 1312
f 1312 1313 1286
f 1286 1313 1314
f 1286 1314 1310
f 1315 1316 1287
f 1287 1316 1317
f 1287 1317 1286
f 1286 1317 1318
f 1286 1318 1311
f 1319 1320 1287
f 1287 1320 1321
f 1287 1321 1315
f 1287 1281 1319
f 1319 1281 1273
f 1319 1273 1322
f 1322 1273 1257
f 1322 1257 1323
f 1323 1257 1256
f 1324 1146 1302
f 1302 1146 1186
f 1302 1186 1195
f 1195 1186 1184
f 1195 1184 1194
f 1194 1184 1179
f 1194 1179 1202
f 1202 1179 1175
f 1173 1196 1175
f 1175 1196 1198
f 1175 1198 1202
f 1324 1325 1146
f 1146 1325 1326
f 1146 1326 1148
f 1148 1326 1248
f 1148 1248 1151
f 1151 1248 1207
f 1151 1207 1156
f 1156 1207 1205
f 1205 1235 1156
f 1156 1235 1232
f 1156 1232 1160
f 1160 1232 1228
f 1160 1228 1162
f 1162 1228 1224
f 1162 1224 1142
f 1142 1224 1220
f 1142 1220 1143
f 1143 1220 1216
f 1143 1216 1171
f 1171 1216 1211
f 1171 1211 1173
f 1173 1211 1212
f 1173 1212 1196
f 1327 1328 1329
f 1326 1325 1330
f 1330 1327 1326
f 1326 1327 1329
f 1326 1329 1248
f 1248 1329 1249
f 1329 1254 1249
f 1249 1254 1250
f 1251 1254 1331
f 1331 1254 1329
f 1331 1329 1332
f 1332 1329 1328
f 1333 1334 1335
f 1335 1336 1337
f 1333 1335 1338
f 1338 1335 1337
f 1338 1337 1339
f 1340 1341 1342
f 1342 1341 1343
f 1335 1344 1345
f 1345 1346 1335
f 1335 1346 1347
f 1335 1347 1336
f 1344 1335 1348
f 1348 1335 1334
f 1348 1334 1349
f 1342 1350 1351
f 1352 1340 1353
f 1353 1340 1342
f 1353 1342 1354
f 1354 1342 1351
f 1355 1356 1357
f 1350 1342 1357
f 1357 1342 1343
f 1357 1343 1355
f 1349 1358 1348
f 1348 1358 1357
f 1348 1357 1359
f 1359 1357 1356
f 1360 1361 1362
f 1362 1361 1363
f 1364 1365 1366
f 1366 1365 1367
f 1367 1365 1368
f 1367 1368 1369
f 1369 1368 1363
f 1369 1363 1370
f 1370 1363 1361
f 1370 1361 1371
f 1360 1372 1361
f 1361 1372 1373
f 1361 1373 1371
f 1374 1336 1375
f 1375 1336 1347
f 1375 1347 1376
f 1376 1347 1346
f 1376 1346 1377
f 1377 1346 1345
f 1377 1345 1378
f 1378 1345 1344
f 1378 1344 1379
f 1379 1344 1348
f 1379 1360 1378
f 1378 1360 1362
f 1378 1362 1377
f 1377 1362 1363
f 1377 1363 1376
f 1376 1363 1368
f 1376 1368 1375
f 1375 1368 1365
f 1375 1365 1374
f 1374 1365 1364
f 1380 1381 1382
f 1380 1382 1383
f 1383 1382 1384
f 1383 1384 1385
f 1366 1386 1364
f 1364 1386 1387
f 1364 1387 1384
f 1384 1387 1388
f 1384 1388 1385
f 1366 1367 1386
f 1386 1367 1369
f 1386 1369 1389
f 1369 1370 1389
f 1389 1370 1371
f 1389 1371 1390
f 1390 1371 1373
f 1390 1373 1391
f 1381 1380 1392
f 1392 1380 1393
f 1392 1393 1394
f 1394 1393 1395
f 1396 1397 1334
f 1398 1392 1399
f 1399 1392 1394
f 1394 1395 1399
f 1399 1395 1400
f 1399 1400 1401
f 1382 1381 1402
f 1402 1381 1392
f 1402 1392 1403
f 1403 1392 1398
f 1374 1364 1404
f 1404 1364 1384
f 1404 1384 1405
f 1405 1384 1382
f 1334 1333 1396
f 1396 1333 1338
f 1396 1338 1406
f 1406 1338 1339
f 1406 1339 1407
f 1407 1339 1337
f 1398 1397 1403
f 1403 1397 1396
f 1403 1396 1402
f 1402 1396 1406
f 1402 1406 1382
f 1382 1406 1407
f 1382 1407 1405
f 1405 1407 1337
f 1405 1337 1404
f 1404 1337 1336
f 1404 1336 1374
f 1358 1349 1408
f 1358 1408 1409
f 1409 1408 1410
f 1409 1410 1411
f 1411 1410 1412
f 1411 1412 1413
f 1401 1414 1412
f 1412 1414 1415
f 1412 1415 1413
f 1413 1415 1416
f 1413 1416 1417
f 1401 1412 1399
f 1399 1412 1410
f 1399 1410 1398
f 1398 1410 1408
f 1398 1408 1397
f 1397 1408 1349
f 1397 1349 1334
f 1418 1419 1420
f 1418 1420 1421
f 1420 1422 1423
f 1423 1424 1420
f 1420 1424 1425
f 1420 1425 1421
f 1426 1427 1428
f 1429 1430 1431
f 1432 1433 1429
f 1429 1433 1434
f 1429 1434 1430
f 1435 1436 1437
f 1437 1438 1426
f 1426 1438 1439
f 1426 1439 1427
f 1440 1441 1432
f 1431 1435 1429
f 1429 1435 1437
f 1429 1437 1432
f 1432 1437 1426
f 1432 1426 1440
f 1440 1426 1428
f 1442 1443 1444
f 1444 1445 1442
f 1442 1445 1446
f 1442 1446 1447
f 1447 1446 1448
f 1447 1448 1449
f 1449 1448 1450
f 1449 1450 1451
f 1451 1450 1452
f 1452 1450 1453
f 1452 1453 1454
f 1454 1453 1455
f 1454 1455 1456
f 1456 1455 1457
f 1456 1457 1458
f 1458 1457 1459
f 1458 1459 1460
f 1460 1459 1461
f 1460 1461 1462
f 1428 1427 1463
f 1463 1464 1428
f 1428 1464 1465
f 1428 1465 1440
f 1440 1465 1466
f 1440 1466 1441
f 1467 1430 1468
f 1468 1430 1434
f 1468 1434 1469
f 1469 1434 1433
f 1469 1433 1470
f 1470 1433 1432
f 1470 1432 1471
f 1471 1432 1441
f 1471 1441 1472
f 1472 1441 1466
f 1463 1473 1464
f 1464 1473 1474
f 1464 1474 1465
f 1465 1474 1475
f 1465 1475 1466
f 1466 1475 1476
f 1466 1476 1472
f 1472 1476 1477
f 1472 1477 1471
f 1471 1477 1478
f 1471 1478 1470
f 1470 1478 1479
f 1470 1479 1469
f 1469 1479 1480
f 1469 1480 1468
f 1468 1480 1481
f 1468 1481 1467
f 1467 1481 1482
f 1473 1461 1474
f 1474 1461 1459
f 1474 1459 1475
f 1475 1459 1457
f 1475 1457 1476
f 1476 1457 1455
f 1476 1455 1477
f 1477 1455 1453
f 1477 1453 1478
f 1478 1453 1450
f 1478 1450 1479
f 1479 1450 1448
f 1479 1448 1480
f 1480 1448 1446
f 1480 1446 1481
f 1481 1446 1445
f 1481 1445 1482
f 1482 1445 1444
f 1483 1462 1461
f 1461 1484 1483
f 1483 1484 1485
f 1483 1485 1486
f 1486 1485 1487
f 1486 1487 1488
f 1488 1487 1489
f 1488 1489 1490
f 1490 1489 1491
f 1491 1489 1492
f 1491 1492 1493
f 1493 1492 1494
f 1493 1494 1495
f 1495 1494 1496
f 1495 1496 1497
f 1497 1496 1498
f 1497 1498 1499
f 1499 1498 1500
f 1500 1498 1444
f 1500 1444 1443
f 1431 1430 1467
f 1467 1501 1431
f 1431 1501 1502
f 1431 1502 1435
f 1435 1502 1503
f 1435 1503 1436
f 1463 1427 1504
f 1504 1427 1439
f 1504 1439 1505
f 1505 1439 1438
f 1505 1438 1506
f 1506 1438 1437
f 1506 1437 1507
f 1507 1437 1436
f 1507 1436 1508
f 1508 1436 1503
f 1467 1482 1501
f 1501 1482 1509
f 1501 1509 1502
f 1502 1509 1510
f 1502 1510 1503
f 1503 1510 1511
f 1503 1511 1508
f 1508 1511 1512
f 1508 1512 1507
f 1507 1512 1513
f 1507 1513 1506
f 1506 1513 1514
f 1506 1514 1505
f 1505 1514 1515
f 1505 1515 1504
f 1504 1515 1516
f 1504 1516 1463
f 1463 1516 1473
f 1482 1444 1509
f 1509 1444 1498
f 1509 1498 1510
f 1510 1498 1496
f 1510 1496 1511
f 1511 1496 1494
f 1511 1494 1512
f 1512 1494 1492
f 1512 1492 1513
f 1513 1492 1489
f 1513 1489 1514
f 1514 1489 1487
f 1514 1487 1515
f 1515 1487 1485
f 1515 1485 1516
f 1516 1485 1484
f 1516 1484 1473
f 1473 1484 1461
f 1517 1518 1519
f 1520 1521 1522
f 1522 1521 1517
f 1522 1517 1523
f 1523 1517 1519
f 1524 1518 1525
f 1525 1518 1517
f 1525 1517 1526
f 1526 1517 1521
f 1527 1528 1529
f 1530 1531 1532
f 1532 1531 1522
f 1532 1522 1533
f 1520 1522 1529
f 1529 1522 1531
f 1529 1531 1527
f 1527 1531 1530
f 1527 1530 1534
f 1535 1536 1537
f 1535 1537 1538
f 1538 1537 1539
f 1538 1539 1540
f 1541 1542 1543
f 1543 1542 1544
f 1543 1544 1545
f 1545 1544 1546
f 1547 1548 1541
f 1541 1548 1549
f 1541 1549 1542
f 1541 1550 1547
f 1547 1550 1551
f 1547 1551 1552
f 1552 1551 1553
f 1554 1555 1556
f 1556 1555 1557
f 1556 1557 1558
f 1558 1557 1559
f 1558 1559 1553
f 1553 1559 1560
f 1553 1560 1552
f 1561 1562 1563
f 1563 1562 1525
f 1563 1525 1526
f 1535 1532 1536
f 1536 1532 1533
f 1536 1533 1522
f 1564 1565 1566
f 1566 1565 1567
f 1566 1567 1568
f 1568 1567 1569
f 1568 1569 1570
f 1570 1569 1571
f 1570 1571 1572
f 1572 1571 1573
f 1572 1573 1574
f 1574 1573 1575
f 1574 1575 1576
f 1576 1575 1577
f 1576 1577 1578
f 1545 1564 1543
f 1543 1564 1566
f 1543 1566 1541
f 1541 1566 1568
f 1541 1568 1550
f 1550 1568 1570
f 1550 1570 1551
f 1551 1570 1572
f 1551 1572 1553
f 1553 1572 1574
f 1553 1574 1558
f 1558 1574 1576
f 1558 1576 1556
f 1556 1576 1578
f 1556 1578 1554
f 1579 1540 1546
f 1546 1540 1539
f 1546 1539 1545
f 1545 1539 1537
f 1545 1537 1564
f 1564 1537 1536
f 1564 1536 1565
f 1565 1536 1522
f 1565 1522 1567
f 1567 1522 1523
f 1567 1523 1569
f 1569 1523 1519
f 1569 1519 1571
f 1571 1519 1518
f 1571 1518 1573
f 1573 1518 1524
f 1573 1524 1575
f 1575 1524 1525
f 1575 1525 1577
f 1577 1525 1562
f 1577 1562 1578
f 1578 1562 1561
f 1578 1561 1554
f 1560 1580 1581
f 1560 1581 1552
f 1548 1547 1582
f 1582 1547 1552
f 1582 1552 1583
f 1583 1552 1581
f 1584 1585 1586
f 1586 1585 1587
f 1586 1587 1588
f 1589 1584 1590
f 1590 1584 1586
f 1590 1586 1591
f 1591 1586 1588
f 1591 1588 1592
f 1593 1594 1595
f 1596 1597 1598
f 1598 1597 1593
f 1598 1593 1599
f 1599 1593 1595
f 1597 1600 1593
f 1593 1600 1584
f 1593 1584 1594
f 1594 1584 1589
f 1601 1602 1603
f 1603 1602 1604
f 1604 1602 1605
f 1604 1605 1606
f 1606 1605 1607
f 1606 1607 1608
f 1608 1607 1609
f 1608 1609 1610
f 1610 1609 1611
f 1610 1611 1612
f 1612 1611 1613
f 1613 1611 1614
f 1613 1614 1615
f 1615 1614 1616
f 1615 1616 1617
f 1617 1616 1618
f 1617 1618 1619
f 1591 1620 1590
f 1590 1620 1621
f 1590 1621 1589
f 1589 1621 1622
f 1589 1622 1594
f 1594 1622 1623
f 1594 1623 1595
f 1623 1624 1595
f 1595 1624 1625
f 1595 1625 1599
f 1599 1625 1626
f 1599 1626 1598
f 1598 1626 1627
f 1598 1627 1596
f 1627 1628 1596
f 1596 1628 1629
f 1596 1629 1597
f 1630 1631 1632
f 1632 1633 1630
f 1630 1633 1601
f 1630 1601 1634
f 1634 1601 1603
f 1591 1635 1620
f 1620 1635 1636
f 1620 1636 1621
f 1621 1636 1637
f 1621 1637 1622
f 1622 1637 1638
f 1622 1638 1623
f 1623 1638 1639
f 1623 1639 1624
f 1624 1639 1640
f 1624 1640 1625
f 1625 1640 1641
f 1625 1641 1626
f 1626 1641 1642
f 1626 1642 1627
f 1627 1642 1643
f 1627 1643 1628
f 1628 1643 1644
f 1628 1644 1629
f 1635 1618 1636
f 1636 1618 1616
f 1636 1616 1637
f 1637 1616 1614
f 1637 1614 1638
f 1638 1614 1611
f 1638 1611 1639
f 1639 1611 1609
f 1639 1609 1640
f 1640 1609 1607
f 1640 1607 1641
f 1641 1607 1605
f 1641 1605 1642
f 1642 1605 1602
f 1642 1602 1643
f 1643 1602 1601
f 1643 1601 1644
f 1644 1601 1633
f 1644 1633 1629
f 1629 1633 1632
f 1645 1646 1647
f 1647 1646 1648
f 1647 1648 1649
f 1649 1648 1650
f 1651 1652 1653
f 1654 1655 1651
f 1651 1655 1656
f 1651 1653 1654
f 1654 1653 1650
f 1654 1650 1655
f 1655 1650 1648
f 1655 1648 1646
f 1646 1645 1657
f 1658 1659 1660
f 1660 1659 1661
f 1660 1661 1662
f 1662 1661 1656
f 1662 1656 1657
f 1657 1656 1655
f 1657 1655 1646
f 1663 1664 1665
f 1665 1664 1666
f 1665 1666 1667
f 1668 1669 1670
f 1670 1669 1671
f 1670 1671 1666
f 1666 1671 1672
f 1666 1672 1667
f 1673 862 1674
f 1658 1664 1659
f 1659 1664 1663
f 1659 1663 1661
f 1675 1668 1674
f 1674 1668 1670
f 1674 1670 1673
f 1673 1670 1666
f 1673 1666 1676
f 1676 1666 1664
f 1676 1664 1677
f 1677 1664 1658
f 1678 1679 1680
f 1678 1680 1675
f 1675 1680 1681
f 1675 1681 1668
f 1682 1683 1684
f 1682 1684 1679
f 1679 1684 1631
f 1679 1631 1680
f 1680 1631 1681
f 1681 1631 1630
f 1681 1630 1668
f 1672 1671 1630
f 1630 1671 1669
f 1630 1669 1668
f 1630 1634 1672
f 1672 1634 1603
f 1672 1603 1667
f 1667 1603 1604
f 1667 1604 1685
f 1685 1604 1606
f 1685 1606 1686
f 1686 1606 1608
f 1687 1619 1618
f 1688 1689 1690
f 1690 1689 1691
f 1690 1691 1692
f 1692 1691 1693
f 1692 1693 1694
f 1694 1693 1695
f 1694 1695 1696
f 1696 1695 1697
f 1696 1697 1698
f 1698 1697 1699
f 1698 1699 1700
f 1701 1684 1699
f 1699 1684 1683
f 1699 1683 1700
f 1600 1597 1702
f 1702 1597 1629
f 1584 1600 1703
f 1703 1600 1702
f 1703 1702 1704
f 1704 1702 1629
f 1704 1629 1632
f 1687 1618 1705
f 1705 1618 1635
f 1705 1635 1706
f 1706 1635 1591
f 1706 1591 1707
f 1707 1591 1592
f 1707 1592 1588
f 1708 1709 1710
f 1710 1709 1711
f 1710 1711 1712
f 1712 1711 1713
f 1712 1713 1714
f 1714 1713 1715
f 1714 1715 1716
f 1716 1715 1717
f 1716 1717 1718
f 1689 1708 1691
f 1691 1708 1710
f 1691 1710 1693
f 1693 1710 1712
f 1693 1712 1695
f 1695 1712 1714
f 1695 1714 1697
f 1697 1714 1716
f 1697 1716 1699
f 1699 1716 1718
f 1699 1718 1701
f 1631 1684 1632
f 1632 1684 1701
f 1632 1701 1704
f 1704 1701 1718
f 1704 1718 1703
f 1703 1718 1717
f 1703 1717 1584
f 1584 1717 1715
f 1584 1715 1585
f 1585 1715 1713
f 1585 1713 1587
f 1587 1713 1711
f 1587 1711 1588
f 1588 1711 1709
f 1588 1709 1707
f 1707 1709 1708
f 1707 1708 1706
f 1706 1708 1689
f 1706 1689 1705
f 1705 1689 1688
f 1705 1688 1687
f 1582 1583 1719
f 1610 1612 1720
f 1721 1692 1694
f 1722 1723 1724
f 1725 1726 1727
f 1723 1728 1724
f 1724 1728 1729
f 1724 1729 1730
f 1731 1732 1726
f 1726 1732 1733
f 1726 1733 1727
f 1443 1442 1724
f 1724 1442 1725
f 1724 1725 1722
f 1722 1725 1727
f 1442 1447 1725
f 1725 1447 1449
f 1725 1449 1734
f 1734 1449 1451
f 1734 1451 1735
f 1735 1451 1452
f 1735 1452 1736
f 1736 1452 1454
f 1736 1454 1737
f 1454 1456 1737
f 1737 1456 1458
f 1737 1458 1738
f 1617 1739 1615
f 1615 1739 1613
f 1617 1619 1739
f 1739 1619 1687
f 1739 1687 1740
f 1740 1687 1688
f 1665 1667 1685
f 1685 1686 1665
f 1665 1686 1608
f 1665 1608 1610
f 1610 1720 1665
f 1665 1720 1741
f 1665 1741 1663
f 1663 1741 1742
f 1663 1742 1661
f 1743 1744 1741
f 1741 1744 1745
f 1741 1745 1742
f 1746 1747 1748
f 1748 1747 1743
f 1749 1750 1751
f 1752 1753 1754
f 1754 1753 1755
f 1754 1755 1749
f 1749 1755 1756
f 1749 1756 1750
f 1757 1758 1759
f 1759 1758 1760
f 1759 1760 1761
f 1762 1763 1757
f 1757 1763 1764
f 1757 1764 1758
f 1762 1757 1765
f 1765 1757 1766
f 1765 1766 1767
f 1767 1766 1768
f 1767 1768 1421
f 1582 1719 1548
f 1579 1546 1769
f 1769 1546 1544
f 1769 1544 1770
f 1770 1544 1542
f 1770 1542 1719
f 1719 1542 1549
f 1719 1549 1548
f 1495 1497 1771
f 1771 1497 1499
f 1771 1499 1500
f 1491 1493 1754
f 1754 1493 1759
f 1754 1759 1752
f 1752 1759 1761
f 1772 1486 1749
f 1749 1486 1488
f 1749 1488 1754
f 1754 1488 1490
f 1754 1490 1491
f 1458 1460 1738
f 1738 1460 1462
f 1738 1462 1772
f 1772 1462 1483
f 1772 1483 1486
f 1729 1579 1730
f 1730 1579 1769
f 1730 1769 1724
f 1724 1769 1771
f 1724 1771 1443
f 1443 1771 1500
f 1743 1741 1748
f 1748 1741 1720
f 1748 1720 1739
f 1739 1720 1612
f 1739 1612 1613
f 1692 1721 1690
f 1690 1721 1737
f 1690 1737 1688
f 1688 1737 1738
f 1688 1738 1740
f 1740 1738 1772
f 1740 1772 1739
f 1739 1772 1749
f 1739 1749 1748
f 1748 1749 1751
f 1748 1751 1746
f 1493 1495 1759
f 1759 1495 1771
f 1759 1771 1757
f 1757 1771 1769
f 1757 1769 1766
f 1766 1769 1770
f 1766 1770 1768
f 1768 1770 1719
f 1555 1554 1773
f 1773 1554 1774
f 1773 1774 1775
f 1775 1774 1776
f 1775 1776 1777
f 1778 1779 1776
f 1776 1779 1780
f 1776 1780 1777
f 1778 1781 1779
f 1779 1781 1782
f 1779 1782 1783
f 1784 1733 1732
f 1784 1732 1782
f 1782 1732 1731
f 1782 1731 1783
f 1728 1723 1785
f 1785 1723 1722
f 1785 1722 1784
f 1784 1722 1727
f 1784 1727 1733
f 1785 1786 1728
f 1728 1786 1787
f 1728 1787 1729
f 1729 1787 1540
f 1729 1540 1579
f 1788 1530 1535
f 1535 1530 1532
f 1788 1789 1530
f 1530 1789 1790
f 1530 1790 1534
f 1534 1790 1791
f 1534 1791 1527
f 1527 1791 1792
f 1527 1792 1528
f 1792 1793 1528
f 1528 1793 1794
f 1528 1794 1529
f 1529 1794 1795
f 1529 1795 1520
f 1520 1795 1796
f 1520 1796 1521
f 1521 1796 1563
f 1521 1563 1526
f 1535 1538 1788
f 1788 1538 1797
f 1788 1797 1789
f 1789 1797 1798
f 1789 1798 1790
f 1790 1798 1799
f 1790 1799 1791
f 1791 1799 1800
f 1791 1800 1792
f 1792 1800 1801
f 1792 1801 1793
f 1793 1801 1802
f 1793 1802 1794
f 1794 1802 1803
f 1794 1803 1795
f 1795 1803 1804
f 1795 1804 1796
f 1796 1804 1805
f 1796 1805 1563
f 1563 1805 1561
f 1538 1540 1797
f 1797 1540 1787
f 1797 1787 1798
f 1798 1787 1786
f 1798 1786 1799
f 1799 1786 1785
f 1799 1785 1800
f 1800 1785 1784
f 1800 1784 1801
f 1801 1784 1782
f 1801 1782 1802
f 1802 1782 1781
f 1802 1781 1803
f 1803 1781 1778
f 1803 1778 1804
f 1804 1778 1776
f 1804 1776 1805
f 1805 1776 1774
f 1805 1774 1561
f 1561 1774 1554
f 1773 1806 1555
f 1555 1806 1807
f 1555 1807 1557
f 1557 1807 1808
f 1557 1808 1559
f 1559 1808 1580
f 1559 1580 1560
f 1775 1809 1773
f 1773 1809 1810
f 1773 1810 1806
f 1811 1807 1812
f 1812 1807 1806
f 1812 1806 1810
f 1768 1719 1813
f 1814 1580 1808
f 1814 1808 1815
f 1815 1808 1807
f 1815 1807 1811
f 1580 1814 1581
f 1581 1814 1816
f 1581 1816 1583
f 1418 1421 1768
f 1813 1817 1818
f 1768 1813 1418
f 1418 1813 1818
f 1418 1818 1419
f 1719 1583 1813
f 1813 1583 1816
f 1813 1816 1817
f 1817 1816 1814
f 1817 1814 1819
f 1819 1814 1815
f 1819 1815 1820
f 1821 1822 1823
f 1824 1825 1823
f 1823 1825 1826
f 1823 1826 1821
f 1823 1827 1828
f 1824 1823 1829
f 1829 1823 1828
f 1829 1828 1830
f 1831 1827 1823
f 1832 1831 1833
f 1833 1831 1834
f 1822 1835 1823
f 1823 1835 1836
f 1823 1836 1831
f 1831 1836 1837
f 1831 1837 1834
f 1838 1839 1840
f 1841 1842 1843
f 1843 1842 1838
f 1843 1838 1844
f 1844 1838 1840
f 1832 1845 1831
f 1831 1845 1839
f 1831 1839 1827
f 1827 1839 1838
f 1846 1830 1828
f 1846 1828 1847
f 1828 1827 1838
f 1847 1828 1848
f 1848 1828 1838
f 1848 1838 1842
f 1849 1850 1851
f 1851 1850 1852
f 1851 1852 1853
f 1854 1855 1856
f 1856 1855 1849
f 1849 1851 1856
f 1856 1851 1857
f 1856 1857 1858
f 1858 1857 1859
f 1858 1859 1860
f 1861 1847 1848
f 1862 1863 1864
f 1864 1863 1865
f 1864 1865 1866
f 1866 1865 1861
f 1866 1861 1867
f 1867 1861 1848
f 1842 1860 1848
f 1848 1860 1859
f 1848 1859 1867
f 1867 1859 1857
f 1867 1857 1866
f 1866 1857 1851
f 1866 1851 1864
f 1864 1851 1853
f 1864 1853 1862
f 1868 1860 1842
f 1854 1856 1869
f 1869 1856 1858
f 1869 1858 1870
f 1870 1858 1871
f 1870 1871 1872
f 1872 1871 1873
f 1872 1873 1874
f 1874 1873 1875
f 1876 1877 1878
f 1878 1877 1879
f 1878 1879 1880
f 1880 1879 1881
f 1880 1881 1882
f 1882 1881 1883
f 1884 1885 1886
f 1886 1885 1887
f 1886 1887 1888
f 1889 1845 1890
f 1890 1845 1832
f 1889 1891 1845
f 1845 1891 1892
f 1845 1892 1839
f 1890 1888 1889
f 1889 1888 1887
f 1889 1887 1891
f 1891 1887 1893
f 1891 1893 1892
f 1885 1894 1887
f 1887 1894 1883
f 1887 1883 1893
f 1893 1883 1881
f 1893 1881 1892
f 1892 1881 1879
f 1892 1879 1839
f 1839 1879 1877
f 1839 1877 1840
f 1840 1877 1895
f 1840 1895 1844
f 1844 1895 1896
f 1844 1896 1843
f 1843 1896 1868
f 1843 1868 1841
f 1841 1868 1842
f 1876 1897 1877
f 1877 1897 1898
f 1877 1898 1895
f 1895 1898 1875
f 1895 1875 1896
f 1896 1875 1873
f 1896 1873 1868
f 1868 1873 1871
f 1868 1871 1860
f 1860 1871 1858
f 1832 1833 1899
f 1832 1899 1890
f 1890 1899 1900
f 1890 1900 1888
f 1888 1900 1901
f 1888 1901 1886
f 1902 1903 1904
f 1884 1886 1904
f 1904 1886 1901
f 1904 1901 1902
f 1902 1901 1900
f 1902 1900 1905
f 1905 1900 1899
f 1905 1899 1906
f 1906 1899 1833
f 1906 1833 1834
f 1903 1907 1908
f 1909 1874 1875
f 1909 1875 1910
f 1876 1911 1897
f 1897 1911 1910
f 1897 1910 1898
f 1898 1910 1875
f 1876 1878 1911
f 1911 1878 1880
f 1911 1880 1912
f 1880 1882 1912
f 1912 1882 1883
f 1912 1883 1913
f 1913 1883 1894
f 1913 1894 1914
f 1894 1885 1914
f 1914 1885 1884
f 1914 1884 1908
f 1908 1884 1904
f 1908 1904 1903
f 1874 1909 1872
f 1872 1909 1915
f 1872 1915 1870
f 1870 1915 1916
f 1870 1916 1869
f 1869 1916 1854
f 1854 1916 1917
f 1854 1917 1855
f 1855 1917 1918
f 1855 1918 1849
f 1818 1817 1919
f 1920 1419 1818
f 1818 1919 1920
f 1920 1919 1921
f 1920 1921 1922
f 1923 1924 1852
f 1850 1849 1925
f 1925 1849 1918
f 1925 1918 1917
f 1820 1924 1819
f 1819 1924 1923
f 1819 1923 1926
f 1817 1819 1919
f 1919 1819 1926
f 1919 1926 1921
f 1921 1926 1923
f 1921 1923 1925
f 1925 1923 1852
f 1925 1852 1850
f 1927 1928 1820
f 1820 1928 1862
f 1820 1862 1924
f 1924 1862 1853
f 1924 1853 1852
f 1830 1846 1929
f 1930 1928 1927
f 1830 1929 1931
f 1931 1929 1932
f 1931 1932 1933
f 1933 1932 1930
f 1933 1930 1934
f 1934 1930 1927
f 1934 1927 1935
f 1863 1862 1928
f 1928 1930 1863
f 1863 1930 1932
f 1863 1932 1865
f 1865 1932 1929
f 1865 1929 1861
f 1861 1929 1846
f 1861 1846 1847
f 1936 1937 1938
f 1938 1937 1935
f 1938 1935 1927
f 1815 1811 1939
f 1940 1936 1939
f 1939 1936 1938
f 1939 1938 1815
f 1815 1938 1927
f 1815 1927 1820
f 1941 1942 1940
f 1940 1942 1943
f 1940 1943 1936
f 1944 1945 1946
f 1944 1946 1947
f 1948 1949 1950
f 1950 1949 1951
f 1950 1951 1952
f 1952 1951 1947
f 1952 1947 1953
f 1953 1947 1946
f 1954 1942 1948
f 1948 1942 1941
f 1948 1941 1949
f 1937 1936 1954
f 1954 1936 1943
f 1954 1943 1942
f 1954 1955 1937
f 1937 1955 1934
f 1937 1934 1935
f 1956 1829 1931
f 1931 1829 1830
f 1956 1957 1829
f 1829 1957 1958
f 1829 1958 1824
f 1824 1958 1959
f 1824 1959 1825
f 1825 1959 1960
f 1825 1960 1826
f 1826 1960 1961
f 1826 1961 1821
f 1821 1961 1962
f 1821 1962 1822
f 1931 1933 1956
f 1956 1933 1963
f 1956 1963 1957
f 1957 1963 1964
f 1957 1964 1958
f 1958 1964 1965
f 1958 1965 1959
f 1959 1965 1966
f 1959 1966 1960
f 1960 1966 1967
f 1960 1967 1961
f 1961 1967 1968
f 1961 1968 1962
f 1962 1968 1969
f 1933 1934 1963
f 1963 1934 1955
f 1963 1955 1964
f 1964 1955 1954
f 1964 1954 1965
f 1965 1954 1948
f 1965 1948 1966
f 1966 1948 1950
f 1966 1950 1967
f 1967 1950 1952
f 1967 1952 1968
f 1968 1952 1953
f 1968 1953 1969
f 1969 1953 1946
f 1907 1903 1902
f 1970 1971 1972
f 1972 1971 1973
f 1972 1973 1907
f 1945 1974 1946
f 1946 1974 1975
f 1822 1962 1976
f 1976 1962 1969
f 1976 1969 1977
f 1977 1969 1946
f 1977 1946 1978
f 1978 1946 1975
f 1978 1975 1970
f 1979 1836 1835
f 1906 1834 1837
f 1907 1902 1972
f 1972 1902 1905
f 1972 1905 1980
f 1980 1905 1906
f 1980 1906 1979
f 1979 1906 1837
f 1979 1837 1836
f 1970 1972 1978
f 1978 1972 1980
f 1978 1980 1977
f 1977 1980 1979
f 1977 1979 1976
f 1976 1979 1835
f 1976 1835 1822
f 1981 1914 1982
f 1415 1981 1416
f 1416 1981 1417
f 1417 1981 1983
f 1983 1981 1982
f 1983 1982 1984
f 1984 1982 1985
f 1984 1985 1986
f 1975 1985 1970
f 1970 1985 1971
f 1914 1908 1982
f 1982 1908 1907
f 1982 1907 1985
f 1985 1907 1973
f 1985 1973 1971
f 1987 1988 1989
f 1989 1990 1987
f 1987 1990 1991
f 1987 1991 1986
f 1986 1991 1992
f 1986 1992 1984
f 1992 1993 1984
f 1984 1993 1994
f 1984 1994 1983
f 1983 1994 1413
f 1983 1413 1417
f 1358 1409 1357
f 1357 1409 1995
f 1996 1340 1997
f 1997 1340 1352
f 1997 1352 1998
f 1998 1352 1353
f 1998 1353 1999
f 1999 1353 1354
f 1999 1354 2000
f 2000 1354 1351
f 2000 1351 1995
f 1995 1351 1350
f 1995 1350 1357
f 1409 1411 1995
f 1995 1411 2001
f 1995 2001 2000
f 2000 2001 2002
f 2000 2002 1999
f 1999 2002 2003
f 1999 2003 1998
f 1998 2003 2004
f 1998 2004 1997
f 1997 2004 2005
f 1997 2005 1996
f 1411 1413 2001
f 2001 1413 1994
f 2001 1994 2002
f 2002 1994 1993
f 2002 1993 2003
f 2003 1993 1992
f 2003 1992 2004
f 2004 1992 1991
f 2004 1991 2005
f 2005 1991 1990
f 2005 1990 1996
f 1996 1990 1989
f 1341 2006 1343
f 1343 2006 2007
f 1343 2007 2008
f 2008 2007 2009
f 2008 2009 2010
f 1989 1988 2011
f 1341 1340 2006
f 2006 1340 1996
f 2006 1996 2007
f 2007 1996 1989
f 2007 1989 2009
f 2009 1989 2011
f 2009 2011 2010
f 2010 2011 2012
f 1391 1373 1372
f 2010 2012 2013
f 2014 2008 2015
f 2015 2008 2010
f 2015 2010 2016
f 2016 2010 2013
f 2016 2013 2017
f 1359 1356 2018
f 2018 1356 1355
f 1391 1372 2019
f 2019 1372 1360
f 2019 1360 2020
f 2020 1360 1379
f 2020 1379 2018
f 2018 1379 1348
f 2018 1348 1359
f 1343 2008 1355
f 1355 2008 2014
f 1355 2014 2018
f 2018 2014 2015
f 2018 2015 2020
f 2020 2015 2016
f 2020 2016 2019
f 2019 2016 2017
f 2019 2017 1391
f 2021 2022 2023
f 2023 2022 2024
f 2023 2024 2025
f 2026 2027 2028
f 2028 2027 2029
f 2028 2029 2030
f 1386 2028 2023
f 2023 2028 2030
f 2023 2030 2021
f 1386 1389 2028
f 2028 1389 1390
f 2028 1390 2026
f 2026 1390 1391
f 2026 1391 2017
f 2031 2032 2033
f 2033 2032 2034
f 2033 2034 2035
f 2033 2036 2037
f 2031 2033 2038
f 2038 2033 2037
f 2038 2037 2039
f 2040 2036 2041
f 2041 2036 2033
f 2041 2033 2042
f 2042 2033 2043
f 2044 2045 2046
f 2044 2046 2047
f 2048 2049 2046
f 2046 2049 2050
f 2046 2050 2047
f 2046 2051 2052
f 2053 2048 2054
f 2054 2048 2046
f 2054 2046 2055
f 2055 2046 2052
f 2043 2033 2045
f 2045 2033 2035
f 2045 2035 2046
f 2046 2035 2056
f 2046 2056 2051
f 2057 2058 2059
f 2059 2058 2060
f 2059 2060 2061
f 2057 2059 2062
f 2062 2059 2063
f 2062 2063 2064
f 2056 2035 2065
f 2065 2066 2056
f 2056 2066 2067
f 2056 2067 2051
f 2065 2064 2066
f 2066 2064 2063
f 2066 2063 2067
f 2067 2063 2059
f 2067 2059 2068
f 2068 2059 2061
f 2068 2061 2069
f 2070 2057 2062
f 2071 2065 2035
f 2070 2062 2072
f 2062 2073 2072
f 2072 2073 2074
f 2072 2074 2075
f 2075 2074 2076
f 2076 2074 2077
f 2076 2077 2078
f 2078 2077 2079
f 2078 2079 2080
f 2080 2079 2081
f 2080 2081 2082
f 2082 2081 2083
f 2082 2083 2084
f 2084 2083 2085
f 2084 2085 2086
f 2037 2036 2087
f 2035 2034 2071
f 2071 2034 2032
f 2071 2032 2088
f 2088 2032 2031
f 2088 2031 2089
f 2089 2031 2038
f 2089 2038 2090
f 2090 2038 2039
f 2090 2039 2091
f 2091 2039 2037
f 2091 2037 2092
f 2092 2037 2087
f 2087 2093 2092
f 2092 2093 2094
f 2092 2094 2091
f 2091 2094 2095
f 2091 2095 2090
f 2090 2095 2096
f 2090 2096 2089
f 2089 2096 2097
f 2089 2097 2088
f 2088 2097 2098
f 2088 2098 2071
f 2071 2098 2099
f 2071 2099 2065
f 2065 2099 2064
f 2093 2085 2094
f 2094 2085 2083
f 2094 2083 2095
f 2095 2083 2081
f 2095 2081 2096
f 2096 2081 2079
f 2096 2079 2097
f 2097 2079 2077
f 2097 2077 2098
f 2098 2077 2074
f 2098 2074 2099
f 2099 2074 2073
f 2099 2073 2064
f 2064 2073 2062
f 2100 2086 2085
f 2087 2101 2102
f 2087 2102 2093
f 2093 2102 2103
f 2093 2103 2085
f 2104 2030 2029
f 2021 2030 2105
f 2105 2030 2104
f 2105 2104 2106
f 2106 2104 2107
f 2106 2107 2108
f 2108 2107 2109
f 2087 2036 2101
f 2101 2036 2040
f 2101 2040 2041
f 2042 2108 2041
f 2041 2108 2109
f 2041 2109 2101
f 2101 2109 2107
f 2101 2107 2102
f 2102 2107 2104
f 2102 2104 2103
f 2103 2104 2029
f 2103 2029 2085
f 2085 2029 2027
f 2085 2027 2100
f 2052 2051 2067
f 2110 2111 2112
f 2113 2114 2115
f 2116 2117 2118
f 2043 2119 2042
f 2042 2119 2108
f 2106 2120 2105
f 2105 2120 2022
f 2105 2022 2021
f 2117 2116 2120
f 2120 2116 2121
f 2120 2121 2122
f 2122 2025 2120
f 2120 2025 2024
f 2120 2024 2022
f 2123 2124 2118
f 2114 2125 2126
f 2126 2125 2127
f 2127 2125 2128
f 2128 2125 2129
f 2128 2129 2110
f 2110 2129 2130
f 2110 2130 2111
f 2052 2067 2055
f 2131 2050 2132
f 2132 2050 2049
f 2043 2045 2119
f 2119 2045 2044
f 2119 2044 2131
f 2131 2044 2047
f 2131 2047 2050
f 2133 2130 2134
f 2134 2130 2129
f 2134 2129 2135
f 2135 2129 2125
f 2135 2125 2136
f 2136 2125 2114
f 2136 2114 2137
f 2137 2114 2113
f 2124 2123 2113
f 2113 2123 2138
f 2113 2138 2137
f 2137 2138 2048
f 2137 2048 2136
f 2136 2048 2053
f 2136 2053 2135
f 2135 2053 2054
f 2135 2054 2134
f 2134 2054 2055
f 2134 2055 2133
f 2133 2055 2067
f 2133 2067 2130
f 2130 2067 2068
f 2130 2068 2111
f 2111 2068 2069
f 2111 2069 2112
f 2132 2139 2131
f 2131 2139 2140
f 2131 2140 2119
f 2119 2140 2141
f 2119 2141 2108
f 2106 2108 2120
f 2120 2108 2141
f 2120 2141 2117
f 2117 2141 2140
f 2117 2140 2118
f 2118 2140 2139
f 2118 2139 2123
f 2123 2139 2132
f 2123 2132 2138
f 2138 2132 2049
f 2138 2049 2048
f 2116 2142 2121
f 2142 2116 2143
f 2143 2116 2118
f 2143 2118 2144
f 2145 2146 2147
f 2148 2149 2150
f 2149 2151 2152
f 2149 2148 2151
f 2151 2148 2153
f 2151 2153 2154
f 2155 2156 2157
f 2157 2156 2158
f 2157 2158 2150
f 2150 2158 2159
f 2150 2159 2148
f 2155 2157 2160
f 2160 2157 2161
f 2160 2161 2162
f 2163 2164 2161
f 2161 2164 2165
f 2161 2165 2162
f 2122 2121 2166
f 2166 2121 2142
f 2142 2143 2166
f 2166 2143 2144
f 2166 2144 2163
f 2163 2144 2167
f 2163 2167 2164
f 1387 2166 1388
f 1388 2166 1385
f 2025 2122 2023
f 2023 2122 2166
f 2023 2166 1386
f 1386 2166 1387
f 2168 1380 1383
f 2168 1383 2169
f 2145 2147 2168
f 2168 2147 1393
f 2168 1393 1380
f 1415 1414 2147
f 2147 1414 1401
f 1401 1400 2147
f 2147 1400 1395
f 2147 1395 1393
f 1914 1981 1913
f 1913 1981 1415
f 1913 1415 1912
f 1912 1415 2147
f 1912 2147 1911
f 1911 2147 2146
f 1911 2146 1910
f 2161 2170 2163
f 2163 2170 2169
f 2163 2169 2166
f 2166 2169 1383
f 2166 1383 1385
f 2152 2171 2149
f 2149 2171 2172
f 2149 2172 2150
f 2150 2172 2173
f 2150 2173 2157
f 2157 2173 2174
f 2157 2174 2161
f 2161 2174 2175
f 2161 2175 2170
f 2144 2118 2124
f 2144 2124 2167
f 2124 2113 2167
f 2167 2113 2115
f 2167 2115 2164
f 2164 2115 2114
f 2164 2114 2176
f 2114 2126 2176
f 2176 2126 2127
f 2176 2127 2177
f 2177 2127 2128
f 2177 2128 2178
f 2128 2110 2178
f 2178 2110 2112
f 2178 2112 2179
f 2179 2112 2069
f 2179 2069 2180
f 2180 2069 2061
f 2180 2061 2060
f 2176 2177 2181
f 2178 2179 2182
f 2183 2184 2185
f 2186 2184 2187
f 2187 2184 2183
f 2187 2183 2188
f 2189 2190 2188
f 2188 2190 2191
f 2188 2191 2187
f 2192 2193 2194
f 2194 2193 2189
f 2177 2178 2181
f 2181 2178 2182
f 2181 2182 2195
f 2195 2182 2196
f 2195 2196 2197
f 2197 2196 2198
f 2197 2198 2199
f 2164 2176 2165
f 2165 2176 2181
f 2165 2181 2162
f 2162 2181 2195
f 2162 2195 2160
f 2160 2195 2197
f 2158 2156 2197
f 2197 2156 2155
f 2197 2155 2160
f 2159 2158 2194
f 2194 2158 2197
f 2194 2197 2192
f 2192 2197 2199
f 2189 2188 2194
f 2194 2188 2148
f 2194 2148 2159
f 2185 2200 2183
f 2183 2200 2154
f 2183 2154 2188
f 2188 2154 2153
f 2188 2153 2148
f 2201 2185 2184
f 2202 2203 2204
f 2205 2204 2206
f 2206 2204 2207
f 2207 2204 2208
f 2208 2204 2203
f 2208 2203 2209
f 2205 2201 2204
f 2204 2201 2184
f 2204 2184 2202
f 2202 2184 2186
f 2210 2211 2212
f 2213 2209 2203
f 2203 2202 2213
f 2213 2202 2214
f 2213 2214 2215
f 2215 2214 2216
f 2215 2216 2217
f 2217 2216 2218
f 2217 2218 2219
f 2220 2221 2222
f 2222 2221 2223
f 2222 2223 2224
f 2224 2223 2225
f 2224 2225 2226
f 2210 2212 2227
f 2228 2226 2212
f 2212 2226 2225
f 2212 2225 2227
f 2227 2225 2223
f 2227 2223 2229
f 2229 2223 2221
f 2229 2221 2230
f 2231 2230 2232
f 2232 2233 2231
f 2231 2233 2234
f 2231 2234 2235
f 2235 2234 2236
f 2235 2236 2237
f 2237 2236 2238
f 2237 2238 2239
f 2239 2238 2240
f 2239 2240 2241
f 2241 2240 2242
f 2241 2242 2243
f 2230 2221 2232
f 2232 2221 2220
f 2232 2220 2233
f 2233 2220 2244
f 2233 2244 2234
f 2234 2244 2245
f 2234 2245 2236
f 2236 2245 2246
f 2236 2246 2238
f 2238 2246 2247
f 2238 2247 2240
f 2240 2247 2219
f 2240 2219 2242
f 2242 2219 2218
f 2242 2218 2243
f 2243 2218 2216
f 2243 2216 2248
f 2248 2216 2214
f 2248 2214 2249
f 2249 2214 2202
f 2249 2202 2186
f 2250 2251 2252
f 2252 2251 2253
f 2252 2253 2254
f 2254 2253 2255
f 2253 2256 2257
f 2257 2258 2253
f 2253 2258 2259
f 2253 2259 2255
f 2260 2261 2262
f 2263 2264 2260
f 2265 2266 2260
f 2260 2266 2267
f 2260 2267 2261
f 2268 2265 2269
f 2269 2265 2260
f 2269 2260 2270
f 2270 2260 2264
f 2256 2253 2262
f 2262 2253 2271
f 2262 2271 2260
f 2260 2271 2272
f 2260 2272 2263
f 2251 2273 2253
f 2253 2273 2274
f 2253 2274 2275
f 2275 2276 2253
f 2253 2276 2277
f 2253 2277 2271
f 2262 2278 2256
f 2256 2278 2279
f 2278 2280 2279
f 2279 2280 2281
f 2279 2281 2282
f 2282 2281 2283
f 2282 2283 2284
f 2285 2286 2281
f 2281 2286 2287
f 2281 2287 2283
f 2285 2281 2288
f 2288 2281 2280
f 2288 2280 2289
f 2289 2280 2278
f 2289 2278 2290
f 2290 2278 2262
f 2290 2262 2261
f 2250 2291 2292
f 2250 2292 2251
f 2293 2294 2295
f 2295 2294 2296
f 2295 2296 2297
f 2298 2299 2297
f 2297 2299 2300
f 2297 2300 2295
f 2301 2302 2298
f 2298 2302 2303
f 2298 2303 2299
f 2298 2304 2301
f 2301 2304 2305
f 2301 2305 2306
f 2306 2305 2307
f 2307 2305 2282
f 2307 2282 2284
f 2257 2308 2258
f 2258 2308 2309
f 2258 2309 2259
f 2259 2309 2310
f 2259 2310 2255
f 2255 2310 2311
f 2255 2311 2254
f 2291 2250 2311
f 2311 2250 2252
f 2311 2252 2254
f 2257 2256 2308
f 2308 2256 2279
f 2308 2279 2309
f 2309 2279 2312
f 2309 2312 2310
f 2310 2312 2313
f 2310 2313 2311
f 2311 2313 2314
f 2311 2314 2291
f 2291 2314 2315
f 2291 2315 2292
f 2292 2315 2316
f 2292 2316 2251
f 2251 2316 2317
f 2279 2282 2312
f 2312 2282 2305
f 2312 2305 2313
f 2313 2305 2304
f 2313 2304 2314
f 2314 2304 2298
f 2314 2298 2315
f 2315 2298 2297
f 2315 2297 2316
f 2316 2297 2296
f 2316 2296 2317
f 2317 2296 2294
f 2318 2319 2320
f 2320 2319 2321
f 2320 2321 2322
f 2293 2323 2294
f 2294 2323 2324
f 2325 2317 2326
f 2326 2317 2294
f 2326 2294 2327
f 2327 2294 2324
f 2327 2324 2328
f 2320 2276 2318
f 2318 2276 2275
f 2318 2275 2274
f 2251 2317 2273
f 2273 2317 2325
f 2273 2325 2329
f 2329 2325 2326
f 2329 2326 2330
f 2330 2326 2327
f 2330 2327 2331
f 2331 2327 2328
f 2331 2328 2332
f 2333 2322 2332
f 2332 2322 2321
f 2332 2321 2331
f 2331 2321 2319
f 2331 2319 2330
f 2330 2319 2318
f 2330 2318 2329
f 2329 2318 2274
f 2329 2274 2273
f 2334 2335 2336
f 2336 2335 2337
f 2338 2339 2337
f 2337 2339 2340
f 2337 2340 2336
f 2341 2342 2343
f 2343 2342 2344
f 2343 2344 2345
f 2346 2347 2348
f 2348 2347 2349
f 2348 2349 2350
f 2350 2349 2351
f 2350 2351 2352
f 2352 2351 2341
f 2352 2341 2353
f 2353 2341 2343
f 2354 2335 2355
f 2356 2357 2358
f 2358 2357 2359
f 2358 2359 2360
f 2360 2359 2354
f 2360 2354 2361
f 2361 2354 2355
f 2355 2346 2361
f 2361 2346 2348
f 2361 2348 2360
f 2360 2348 2350
f 2360 2350 2358
f 2358 2350 2352
f 2358 2352 2356
f 2356 2352 2353
f 2362 2338 2337
f 2357 2363 2362
f 2337 2335 2354
f 2362 2337 2357
f 2357 2337 2354
f 2357 2354 2359
f 2364 2365 2366
f 2357 2367 2363
f 2363 2367 2368
f 2363 2368 2364
f 2369 2370 2371
f 2371 2370 2366
f 2371 2366 2372
f 2364 2366 2363
f 2363 2366 2370
f 2363 2370 2373
f 2373 2370 2369
f 2373 2369 2374
f 2365 2375 2366
f 2366 2375 2372
f 2375 2376 2372
f 2372 2376 2377
f 2376 2378 2377
f 2377 2378 2379
f 2377 2379 2380
f 2381 2382 2383
f 2384 2380 2383
f 2383 2380 2379
f 2383 2379 2381
f 2381 2379 2378
f 2381 2378 2385
f 2385 2378 2376
f 2385 2376 2386
f 2386 2376 2375
f 2386 2375 2365
f 2387 2388 2389
f 2387 2389 2390
f 2390 2389 2391
f 2390 2391 2392
f 2393 2394 2395
f 2395 2394 2396
f 2395 2396 2397
f 2397 2396 2398
f 2397 2398 2399
f 2399 2398 2400
f 2371 2372 2377
f 2387 2363 2388
f 2388 2363 2373
f 2388 2373 2374
f 2401 2402 2403
f 2403 2402 2404
f 2403 2404 2405
f 2405 2404 2406
f 2405 2406 2407
f 2407 2406 2408
f 2402 2393 2404
f 2404 2393 2395
f 2404 2395 2406
f 2406 2395 2397
f 2406 2397 2408
f 2408 2397 2399
f 2409 2392 2400
f 2400 2392 2391
f 2400 2391 2399
f 2399 2391 2389
f 2399 2389 2408
f 2408 2389 2388
f 2408 2388 2407
f 2407 2388 2374
f 2407 2374 2405
f 2405 2374 2369
f 2405 2369 2403
f 2403 2369 2371
f 2403 2371 2401
f 2401 2371 2377
f 2401 2377 2402
f 2402 2377 2380
f 2402 2380 2393
f 2393 2380 2384
f 2393 2384 2394
f 2398 2396 2410
f 2411 2412 2413
f 2413 2412 2414
f 2413 2414 2415
f 2398 2410 2400
f 2416 2417 2418
f 2415 2419 2413
f 2413 2419 2420
f 2413 2420 2416
f 2421 2411 2410
f 2410 2411 2413
f 2410 2413 2400
f 2400 2413 2416
f 2400 2416 2409
f 2409 2416 2418
f 2418 2417 2422
f 2422 2417 2423
f 2392 2409 2418
f 2418 2422 2392
f 2392 2422 2424
f 2392 2424 2390
f 2390 2424 2425
f 2390 2425 2387
f 2426 2338 2362
f 2363 2387 2362
f 2362 2387 2425
f 2362 2425 2426
f 2426 2425 2424
f 2426 2424 2427
f 2427 2424 2422
f 2427 2422 2428
f 2428 2422 2423
f 2428 2423 2429
f 2430 2431 2432
f 2433 2434 2435
f 2434 2436 2435
f 2435 2436 2437
f 2435 2437 2438
f 2428 2429 2439
f 2439 2440 2428
f 2428 2440 2432
f 2428 2432 2427
f 2427 2432 2431
f 2427 2431 2426
f 2339 2338 2426
f 2426 2431 2339
f 2339 2431 2430
f 2339 2430 2340
f 2340 2430 2441
f 2340 2441 2336
f 2336 2441 2442
f 2336 2442 2334
f 2442 2443 2334
f 2334 2443 2355
f 2334 2355 2335
f 2346 2355 2444
f 2444 2355 2443
f 2444 2443 2445
f 2445 2443 2442
f 2445 2442 2446
f 2446 2442 2441
f 2439 2447 2440
f 2440 2447 2433
f 2440 2433 2432
f 2432 2433 2435
f 2432 2435 2430
f 2430 2435 2438
f 2430 2438 2441
f 2441 2438 2448
f 2441 2448 2446
f 2449 2450 2345
f 2449 2345 2451
f 2345 2344 2451
f 2451 2344 2342
f 2451 2342 2341
f 2341 2351 2451
f 2451 2351 2349
f 2451 2349 2452
f 2452 2349 2347
f 2452 2347 2453
f 2453 2347 2346
f 2453 2346 2454
f 2454 2346 2444
f 2454 2444 2455
f 2455 2444 2445
f 2455 2445 2456
f 2456 2445 2446
f 2456 2446 2448
f 2448 2438 2456
f 2456 2438 2437
f 2456 2437 2457
f 2457 2437 2436
f 2457 2436 2458
f 2458 2436 2434
f 2458 2434 2459
f 2459 2434 2433
f 2459 2433 2447
f 2460 2382 2381
f 2461 2462 2463
f 2463 2462 2460
f 2343 2345 2450
f 2450 2464 2343
f 2343 2464 2465
f 2343 2465 2353
f 2353 2465 2466
f 2353 2466 2356
f 2364 2368 2467
f 2467 2368 2367
f 2460 2381 2463
f 2463 2381 2385
f 2463 2385 2468
f 2468 2385 2386
f 2468 2386 2467
f 2467 2386 2365
f 2467 2365 2364
f 2357 2356 2367
f 2367 2356 2466
f 2367 2466 2467
f 2467 2466 2465
f 2467 2465 2468
f 2468 2465 2464
f 2468 2464 2463
f 2463 2464 2450
f 2463 2450 2461
f 2469 2333 2332
f 2461 2450 2324
f 2324 2450 2469
f 2324 2469 2328
f 2328 2469 2332
f 2333 2469 2470
f 2470 2469 2471
f 2470 2471 2472
f 2452 2471 2451
f 2451 2471 2469
f 2451 2469 2449
f 2449 2469 2450
f 2473 2474 2475
f 2288 2476 2285
f 2477 2478 2479
f 2322 2333 2480
f 2480 2333 2470
f 2480 2470 2481
f 2481 2470 2472
f 2481 2472 2479
f 2479 2472 2482
f 2479 2482 2477
f 2276 2483 2277
f 2277 2483 2484
f 2277 2484 2271
f 2271 2484 2485
f 2271 2485 2272
f 2272 2485 2486
f 2272 2486 2263
f 2263 2486 2264
f 2264 2486 2475
f 2264 2475 2270
f 2270 2475 2474
f 2270 2474 2269
f 2290 2261 2267
f 2290 2267 2487
f 2288 2289 2476
f 2476 2289 2488
f 2476 2488 2489
f 2289 2290 2488
f 2488 2290 2487
f 2488 2487 2489
f 2489 2487 2490
f 2489 2490 2491
f 2491 2490 2492
f 2491 2492 2493
f 2493 2492 2494
f 2494 2492 2495
f 2494 2495 2496
f 2267 2266 2487
f 2487 2266 2265
f 2487 2265 2490
f 2490 2265 2268
f 2490 2268 2492
f 2492 2268 2269
f 2492 2269 2495
f 2495 2269 2474
f 2495 2474 2496
f 2496 2474 2473
f 2497 2498 2499
f 2499 2498 2500
f 2499 2500 2501
f 2276 2320 2483
f 2483 2320 2502
f 2483 2502 2484
f 2484 2502 2503
f 2484 2503 2485
f 2485 2503 2504
f 2485 2504 2486
f 2486 2504 2500
f 2486 2500 2475
f 2475 2500 2498
f 2475 2498 2473
f 2473 2498 2497
f 2320 2322 2502
f 2502 2322 2480
f 2502 2480 2503
f 2503 2480 2481
f 2503 2481 2504
f 2504 2481 2479
f 2504 2479 2500
f 2500 2479 2478
f 2500 2478 2501
f 2505 2478 2477
f 2506 2287 2286
f 2506 2286 2507
f 2507 2286 2285
f 2507 2285 2508
f 2508 2285 2476
f 2508 2476 2509
f 2509 2476 2489
f 2509 2489 2510
f 2510 2489 2491
f 2510 2491 2511
f 2511 2491 2493
f 2511 2493 2512
f 2512 2493 2494
f 2512 2494 2513
f 2513 2494 2496
f 2513 2496 2514
f 2514 2496 2515
f 2515 2496 2473
f 2515 2473 2516
f 2516 2473 2497
f 2516 2497 2517
f 2517 2497 2499
f 2517 2499 2505
f 2505 2499 2501
f 2505 2501 2478
f 2518 2519 2520
f 2510 2511 2521
f 2511 2512 2521
f 2521 2512 2513
f 2521 2513 2514
f 2522 2507 2508
f 2508 2509 2522
f 2522 2509 2523
f 2522 2523 2524
f 2524 2523 2525
f 2524 2525 2526
f 2526 2525 2527
f 2527 2525 2528
f 2527 2528 2529
f 2529 2528 2530
f 2529 2530 2531
f 2532 2533 2534
f 2534 2533 2535
f 2534 2535 2530
f 2530 2535 2536
f 2530 2536 2531
f 2537 2211 2538
f 2532 2534 2538
f 2538 2534 2520
f 2538 2520 2537
f 2537 2520 2519
f 2537 2519 2539
f 2518 2520 2540
f 2540 2520 2534
f 2540 2534 2541
f 2541 2534 2530
f 2541 2530 2542
f 2542 2530 2528
f 2542 2528 2543
f 2543 2528 2525
f 2543 2525 2544
f 2509 2510 2523
f 2523 2510 2521
f 2523 2521 2525
f 2525 2521 2545
f 2525 2545 2544
f 2546 2228 2212
f 2547 2548 2549
f 2549 2548 2550
f 2549 2550 2551
f 2551 2550 2552
f 2552 2550 2537
f 2552 2537 2539
f 2548 2546 2550
f 2550 2546 2212
f 2550 2212 2537
f 2537 2212 2211
f 2553 2554 2555
f 2547 2549 2556
f 2556 2549 2557
f 2556 2557 2558
f 2558 2557 2559
f 2558 2559 2560
f 2559 2561 2560
f 2560 2561 2562
f 2560 2562 2563
f 2563 2562 2564
f 2564 2562 2565
f 2564 2565 2566
f 2566 2565 2567
f 2567 2565 2568
f 2567 2568 2569
f 2555 2554 2568
f 2568 2554 2570
f 2568 2570 2569
f 2571 2572 2573
f 2573 2572 2574
f 2573 2574 2575
f 2575 2574 2553
f 2575 2553 2576
f 2576 2553 2555
f 2577 2578 2571
f 2571 2578 2579
f 2571 2579 2572
f 2571 2580 2577
f 2577 2580 2581
f 2577 2581 2582
f 2582 2581 2583
f 2582 2583 2584
f 2585 2586 2587
f 2588 2589 2590
f 2590 2589 2591
f 2590 2591 2592
f 2592 2591 2593
f 2592 2593 2594
f 2594 2593 2595
f 2594 2595 2596
f 2596 2595 2597
f 2596 2597 2598
f 2598 2597 2599
f 2598 2599 2600
f 2600 2599 2601
f 2600 2601 2602
f 2602 2601 2603
f 2602 2603 2604
f 2604 2603 2585
f 2604 2585 2605
f 2605 2585 2587
f 2588 2590 2606
f 2606 2590 2607
f 2606 2607 2608
f 2608 2607 2609
f 2608 2609 2610
f 2609 2611 2610
f 2610 2611 2612
f 2610 2612 2613
f 2613 2612 2552
f 2613 2552 2539
f 2587 2614 2605
f 2605 2614 2615
f 2605 2615 2604
f 2604 2615 2616
f 2604 2616 2602
f 2602 2616 2617
f 2602 2617 2600
f 2600 2617 2618
f 2600 2618 2598
f 2598 2618 2619
f 2598 2619 2596
f 2596 2619 2620
f 2596 2620 2594
f 2594 2620 2621
f 2594 2621 2592
f 2592 2621 2622
f 2592 2622 2590
f 2590 2622 2623
f 2590 2623 2607
f 2607 2623 2624
f 2607 2624 2609
f 2609 2624 2625
f 2609 2625 2611
f 2611 2625 2626
f 2611 2626 2612
f 2612 2626 2627
f 2612 2627 2552
f 2552 2627 2551
f 2614 2583 2615
f 2615 2583 2581
f 2615 2581 2616
f 2616 2581 2580
f 2616 2580 2617
f 2617 2580 2571
f 2617 2571 2618
f 2618 2571 2573
f 2618 2573 2619
f 2619 2573 2575
f 2619 2575 2620
f 2620 2575 2576
f 2620 2576 2621
f 2621 2576 2555
f 2621 2555 2622
f 2622 2555 2568
f 2622 2568 2623
f 2623 2568 2565
f 2623 2565 2624
f 2624 2565 2562
f 2624 2562 2625
f 2625 2562 2561
f 2625 2561 2626
f 2626 2561 2559
f 2626 2559 2627
f 2627 2559 2557
f 2627 2557 2551
f 2551 2557 2549
f 2628 2629 2630
f 2630 2629 2584
f 2630 2584 2583
f 2631 2632 2628
f 2628 2632 2633
f 2628 2633 2629
f 2628 2634 2631
f 2631 2634 2635
f 2631 2635 2636
f 2636 2635 2637
f 2636 2637 2638
f 2638 2637 2639
f 2638 2639 2640
f 2639 2641 2640
f 2640 2641 2642
f 2640 2642 2643
f 2643 2642 2644
f 2643 2644 2645
f 2645 2644 2646
f 2645 2646 2647
f 2647 2646 2648
f 2647 2648 2649
f 2649 2648 2650
f 2649 2650 2651
f 2651 2650 2652
f 2651 2652 2653
f 2653 2652 2654
f 2653 2654 2655
f 2655 2654 2656
f 2655 2656 2657
f 2657 2656 2658
f 2657 2658 2659
f 2660 2661 2662
f 2662 2663 2660
f 2660 2663 2664
f 2660 2664 2665
f 2665 2664 2666
f 2665 2666 2667
f 2667 2666 2668
f 2668 2666 2669
f 2668 2669 2670
f 2670 2669 2671
f 2670 2671 2672
f 2672 2671 2673
f 2672 2673 2674
f 2673 2675 2674
f 2674 2675 2676
f 2674 2676 2677
f 2677 2676 2678
f 2677 2678 2679
f 2679 2678 2680
f 2679 2680 2681
f 2681 2680 2682
f 2681 2682 2683
f 2683 2682 2684
f 2683 2684 2685
f 2684 2686 2685
f 2685 2686 2687
f 2685 2687 2688
f 2688 2687 2689
f 2688 2689 2690
f 2690 2689 2587
f 2690 2587 2586
f 2662 2691 2663
f 2663 2691 2692
f 2663 2692 2664
f 2664 2692 2693
f 2664 2693 2666
f 2666 2693 2694
f 2666 2694 2669
f 2669 2694 2695
f 2669 2695 2671
f 2671 2695 2696
f 2671 2696 2673
f 2673 2696 2697
f 2673 2697 2675
f 2675 2697 2698
f 2675 2698 2676
f 2676 2698 2699
f 2676 2699 2678
f 2678 2699 2700
f 2678 2700 2680
f 2680 2700 2701
f 2680 2701 2682
f 2682 2701 2702
f 2682 2702 2684
f 2684 2702 2703
f 2684 2703 2686
f 2686 2703 2704
f 2686 2704 2687
f 2687 2704 2705
f 2687 2705 2689
f 2689 2705 2706
f 2689 2706 2587
f 2587 2706 2614
f 2691 2658 2692
f 2692 2658 2656
f 2692 2656 2693
f 2693 2656 2654
f 2693 2654 2694
f 2694 2654 2652
f 2694 2652 2695
f 2695 2652 2650
f 2695 2650 2696
f 2696 2650 2648
f 2696 2648 2697
f 2697 2648 2646
f 2697 2646 2698
f 2698 2646 2644
f 2698 2644 2699
f 2699 2644 2642
f 2699 2642 2700
f 2700 2642 2641
f 2700 2641 2701
f 2701 2641 2639
f 2701 2639 2702
f 2702 2639 2637
f 2702 2637 2703
f 2703 2637 2635
f 2703 2635 2704
f 2704 2635 2634
f 2704 2634 2705
f 2705 2634 2628
f 2705 2628 2706
f 2706 2628 2630
f 2706 2630 2614
f 2614 2630 2583
f 2707 2228 2546
f 2659 2708 1252
f 2708 2709 1252
f 1252 2709 2710
f 1252 2710 2711
f 2659 1252 2657
f 2657 1252 1251
f 2657 1251 2655
f 1251 1331 2655
f 2655 1331 1332
f 2655 1332 1328
f 1325 2629 2633
f 1325 2633 1330
f 1330 2633 2632
f 1330 2632 1327
f 2629 1325 2584
f 2584 1325 1324
f 2584 1324 2582
f 2645 2647 2712
f 2712 2647 2649
f 2712 2649 2651
f 2632 2631 2712
f 2712 2631 2636
f 2712 2636 2638
f 2638 2640 2712
f 2712 2640 2643
f 2712 2643 2645
f 2651 2653 2712
f 2712 2653 2655
f 2712 2655 2632
f 2632 2655 1328
f 2632 1328 1327
f 1302 2578 1324
f 1324 2578 2577
f 1324 2577 2582
f 1302 1301 2578
f 2578 1301 1308
f 2578 1308 2579
f 2579 1308 1307
f 2579 1307 2572
f 2572 1307 1306
f 2572 1306 2574
f 2574 1306 1305
f 2574 1305 2553
f 2553 1305 2554
f 1305 1304 2554
f 2554 1304 1303
f 2554 1303 2570
f 2570 1303 1309
f 2570 1309 2569
f 2569 1309 1310
f 2569 1310 2567
f 2567 1310 1314
f 2567 1314 2566
f 2566 1314 1313
f 2566 1313 2564
f 2564 1313 2563
f 1313 1312 2563
f 2563 1312 1311
f 2563 1311 2560
f 1311 1318 2560
f 2560 1318 1317
f 2560 1317 2558
f 2558 1317 1316
f 2558 1316 1315
f 1315 1321 2558
f 2558 1321 1320
f 2558 1320 2556
f 1322 2546 1319
f 1319 2546 2548
f 1319 2548 1320
f 1320 2548 2547
f 1320 2547 2556
f 1322 1323 2546
f 2546 1323 1256
f 2546 1256 2208
f 2208 1256 1255
f 1255 1280 2208
f 2208 1280 1279
f 2208 1279 2207
f 2207 1279 1278
f 2222 2224 2707
f 2707 2224 2226
f 2707 2226 2228
f 2245 2244 2707
f 2707 2244 2220
f 2707 2220 2222
f 2707 2217 2219
f 2219 2247 2707
f 2707 2247 2246
f 2707 2246 2245
f 2208 2209 2546
f 2546 2209 2213
f 2546 2213 2707
f 2707 2213 2215
f 2707 2215 2217
f 1277 2713 1278
f 1278 2713 2206
f 1278 2206 2207
f 1277 1276 2713
f 2713 1276 1275
f 2713 1275 2714
f 2714 1275 1274
f 2714 1274 2715
f 2715 1274 1263
f 2715 1263 2716
f 2716 1263 1262
f 2716 1262 2717
f 2717 1262 1261
f 2717 1261 2718
f 2718 1261 1260
f 2718 1260 2719
f 2719 1260 1259
f 2719 1259 2720
f 1259 1258 2720
f 2720 1258 1264
f 2720 1264 2721
f 1264 1265 2721
f 2721 1265 1267
f 2721 1267 2722
f 1253 1252 1268
f 1268 1252 2711
f 1268 2711 1269
f 1269 2711 2723
f 1269 2723 1270
f 1270 2723 2724
f 1270 2724 1271
f 1271 2724 2725
f 1271 2725 1272
f 1272 2725 2722
f 1272 2722 1266
f 1266 2722 1267
f 2708 2659 2658
f 2708 2658 2709
f 2658 2726 2709
f 2709 2726 2727
f 2709 2727 2710
f 2710 2727 2711
f 2711 2727 2728
f 2711 2728 2723
f 2723 2728 2729
f 2723 2729 2724
f 2729 2730 2724
f 2724 2730 2731
f 2724 2731 2725
f 2725 2731 2722
f 2722 2731 2732
f 2722 2732 2721
f 2721 2732 2733
f 2721 2733 2720
f 2720 2733 2719
f 2719 2733 2734
f 2719 2734 2718
f 2718 2734 2717
f 2717 2734 2735
f 2717 2735 2716
f 2716 2735 2715
f 2715 2735 2736
f 2715 2736 2714
f 2736 2737 2714
f 2714 2737 2738
f 2714 2738 2713
f 2713 2738 2205
f 2713 2205 2206
f 2739 2740 2741
f 2741 2740 2742
f 2741 2742 2743
f 2743 2742 2744
f 2742 2745 2744
f 2744 2745 2746
f 2744 2746 2747
f 2747 2746 2748
f 2748 2746 2749
f 2748 2749 2750
f 2750 2749 2751
f 2751 2749 2752
f 2751 2752 2753
f 2753 2752 2754
f 2753 2754 2755
f 2756 2757 2758
f 2758 2757 2759
f 2758 2759 2760
f 2760 2759 2761
f 2760 2761 2762
f 2762 2761 2755
f 2762 2755 2763
f 2763 2755 2754
f 2764 2765 2756
f 2756 2765 2766
f 2756 2766 2757
f 2756 2767 2764
f 2764 2767 2662
f 2764 2662 2661
f 2740 2768 2742
f 2742 2768 2769
f 2742 2769 2745
f 2745 2769 2770
f 2745 2770 2746
f 2746 2770 2771
f 2746 2771 2749
f 2749 2771 2772
f 2749 2772 2752
f 2752 2772 2773
f 2752 2773 2754
f 2754 2773 2774
f 2754 2774 2763
f 2763 2774 2775
f 2763 2775 2762
f 2762 2775 2776
f 2762 2776 2760
f 2760 2776 2777
f 2760 2777 2758
f 2758 2777 2778
f 2758 2778 2756
f 2756 2778 2779
f 2756 2779 2767
f 2767 2779 2780
f 2767 2780 2662
f 2662 2780 2691
f 2658 2691 2726
f 2726 2691 2780
f 2726 2780 2727
f 2727 2780 2779
f 2727 2779 2728
f 2728 2779 2778
f 2728 2778 2729
f 2729 2778 2777
f 2729 2777 2730
f 2730 2777 2776
f 2730 2776 2731
f 2731 2776 2775
f 2731 2775 2732
f 2732 2775 2774
f 2732 2774 2733
f 2733 2774 2773
f 2733 2773 2734
f 2734 2773 2772
f 2734 2772 2735
f 2735 2772 2771
f 2735 2771 2736
f 2736 2771 2770
f 2736 2770 2737
f 2737 2770 2769
f 2737 2769 2738
f 2738 2769 2768
f 2738 2768 2205
f 2205 2768 2740
f 2205 2740 2201
f 2201 2740 2739
f 2201 2739 2185
f 2200 2185 2739
f 2748 2781 2782
f 2781 2748 2783
f 2764 2784 2785
f 2786 2784 2787
f 2787 2784 2764
f 2787 2764 2661
f 2759 2757 2788
f 2788 2757 2766
f 2788 2766 2785
f 2785 2766 2765
f 2785 2765 2764
f 2788 2789 2759
f 2759 2789 2790
f 2759 2790 2761
f 2761 2790 2791
f 2791 2792 2761
f 2761 2792 2793
f 2761 2793 2755
f 2755 2793 2794
f 2755 2794 2753
f 2753 2794 2795
f 2750 2751 2796
f 2796 2751 2753
f 2796 2753 2795
f 2750 2796 2748
f 2748 2796 2797
f 2748 2797 2783
f 2798 2744 2782
f 2782 2744 2747
f 2782 2747 2748
f 2798 2799 2744
f 2744 2799 2152
f 2744 2152 2743
f 2154 2200 2151
f 2151 2200 2739
f 2151 2739 2152
f 2152 2739 2741
f 2152 2741 2743
f 2800 2801 2802
f 2784 2786 2800
f 2802 2803 2804
f 2800 2802 2784
f 2784 2802 2804
f 2784 2804 2785
f 2805 2806 2807
f 2806 2805 1922
f 2171 2808 2809
f 2797 2796 2810
f 2811 2810 933
f 933 2810 934
f 2812 2813 2796
f 2812 2796 2814
f 2814 2796 2815
f 2815 2796 2795
f 2813 2816 2796
f 2796 2816 2817
f 2796 2817 2810
f 2810 2817 2818
f 2810 2818 934
f 2793 2819 2794
f 2794 2819 2820
f 2794 2820 2795
f 2795 2820 2821
f 2795 2821 2815
f 2822 2823 2791
f 2791 2823 2824
f 2791 2824 2792
f 2792 2824 2825
f 2792 2825 2793
f 2793 2825 2826
f 2793 2826 2819
f 2785 2804 2788
f 2788 2804 2789
f 2822 2791 2827
f 2827 2791 2790
f 2827 2790 2828
f 2828 2790 2789
f 2828 2789 2829
f 2829 2789 2804
f 2829 2804 2803
f 2783 2830 2781
f 2781 2830 2782
f 2171 2152 2808
f 2808 2152 2799
f 2808 2799 2798
f 2831 2173 2809
f 2809 2173 2172
f 2809 2172 2171
f 2174 2832 2175
f 2175 2832 2833
f 2175 2833 2170
f 2170 2833 2834
f 2170 2834 2169
f 2169 2834 2168
f 2168 2834 2835
f 2168 2835 2145
f 2836 1910 2835
f 2835 1910 2146
f 2835 2146 2145
f 1916 1915 2836
f 2836 1915 1909
f 2836 1909 1910
f 2836 2837 1916
f 1916 2837 1925
f 1916 1925 1917
f 2838 963 2807
f 2807 963 964
f 2807 964 2805
f 960 2838 2839
f 960 961 2838
f 2838 961 962
f 2838 962 963
f 933 955 2811
f 2811 955 954
f 2811 954 2840
f 2840 954 953
f 2840 953 2841
f 2841 953 956
f 2841 956 2842
f 2842 956 957
f 2842 957 2843
f 2843 957 958
f 2843 958 2839
f 2839 958 959
f 2839 959 960
f 2844 2831 2845
f 2845 2831 2809
f 2845 2809 2846
f 2846 2809 2808
f 2846 2808 2830
f 2830 2808 2798
f 2830 2798 2782
f 1922 1921 2806
f 2806 1921 2847
f 2806 2847 2807
f 2807 2847 2848
f 2807 2848 2838
f 2838 2848 2849
f 2838 2849 2839
f 2839 2849 2850
f 2839 2850 2843
f 2843 2850 2851
f 2843 2851 2842
f 2842 2851 2844
f 2842 2844 2841
f 2841 2844 2845
f 2841 2845 2840
f 2840 2845 2846
f 2840 2846 2811
f 2811 2846 2830
f 2811 2830 2810
f 2810 2830 2783
f 2810 2783 2797
f 1921 1925 2847
f 2847 1925 2837
f 2847 2837 2848
f 2848 2837 2836
f 2848 2836 2849
f 2849 2836 2835
f 2849 2835 2850
f 2850 2835 2834
f 2850 2834 2851
f 2851 2834 2833
f 2851 2833 2844
f 2844 2833 2832
f 2844 2832 2831
f 2831 2832 2174
f 2831 2174 2173
f 2817 2852 2818
f 2818 2852 936
f 2818 936 934
f 2813 2853 2816
f 2816 2853 2852
f 2816 2852 2817
f 2853 2813 2854
f 2854 2813 2812
f 2854 2812 2814
f 2854 2814 2855
f 2853 2854 2856
f 2856 2854 2855
f 2856 2855 2857
f 2852 2853 2858
f 2858 2853 2856
f 2858 2856 2859
f 2859 2856 2857
f 2860 938 937
f 936 2852 937
f 937 2852 2858
f 937 2858 2860
f 2861 2862 2863
f 2864 2865 2866
f 927 2867 2868
f 928 2869 924
f 929 930 2870
f 2870 930 931
f 2859 2857 2820
f 2820 2857 2855
f 2814 2815 2855
f 2855 2815 2821
f 2855 2821 2820
f 939 938 2871
f 2871 938 2860
f 2871 2860 2858
f 939 2871 941
f 941 2871 2872
f 941 2872 2873
f 2874 946 2873
f 2873 946 945
f 2873 945 941
f 2869 2875 924
f 924 2875 2876
f 924 2876 925
f 2867 927 2876
f 2876 927 926
f 2876 926 925
f 2868 2877 2878
f 2878 2879 2868
f 2868 2879 2880
f 2868 2880 927
f 2881 2865 2882
f 2882 2865 2864
f 2882 2864 2883
f 2884 2885 2866
f 2866 2885 2886
f 2866 2886 2864
f 2887 2888 2884
f 2884 2888 2889
f 2884 2889 2885
f 2890 2891 2892
f 2892 2891 2893
f 2892 2893 2894
f 2894 2893 2895
f 2894 2895 2896
f 2896 2895 2897
f 2896 2897 2898
f 2898 2897 2899
f 2898 2899 2900
f 2900 2899 2887
f 2900 2887 2901
f 2901 2887 2884
f 2902 2903 2890
f 2890 2903 2904
f 2890 2904 2891
f 2902 2905 2903
f 2903 2905 2829
f 2903 2829 2803
f 2824 2823 2902
f 2824 2902 2825
f 2823 2822 2902
f 2902 2822 2827
f 2902 2827 2905
f 2905 2827 2828
f 2905 2828 2829
f 2858 2859 2871
f 2871 2859 2820
f 2871 2820 2872
f 2872 2820 2819
f 2872 2819 2826
f 2901 2862 2900
f 2900 2862 2861
f 2900 2861 2898
f 2898 2861 2906
f 2898 2906 2896
f 2896 2906 2907
f 2896 2907 2894
f 2894 2907 2908
f 2894 2908 2892
f 2892 2908 2874
f 2892 2874 2890
f 2890 2874 2873
f 2890 2873 2902
f 2902 2873 2872
f 2902 2872 2825
f 2825 2872 2826
f 2881 2877 2865
f 2865 2877 2868
f 2865 2868 2866
f 2866 2868 2867
f 2866 2867 2884
f 2884 2867 2876
f 2884 2876 2901
f 2901 2876 2875
f 2901 2875 2862
f 2862 2875 2869
f 2862 2869 2863
f 2863 2869 928
f 928 929 2863
f 2863 929 2870
f 2863 2870 2861
f 2861 2870 931
f 2861 931 2906
f 2906 931 932
f 2906 932 2907
f 2907 932 943
f 2907 943 2908
f 2908 943 949
f 2908 949 2874
f 2874 949 948
f 2874 948 946
f 2879 2909 2910
f 2910 920 919
f 2879 2910 2880
f 2880 2910 919
f 2880 919 927
f 1922 2910 2909
f 1922 2805 2910
f 2910 2805 964
f 2910 964 920
f 1420 1419 1920
f 1922 2909 1920
f 1920 2909 2911
f 1422 1420 2912
f 2912 1420 1920
f 2912 1920 2913
f 2913 1920 2911
f 2877 2913 2878
f 2878 2913 2911
f 2878 2911 2879
f 2879 2911 2909
f 2913 2877 2912
f 2912 2877 2914
f 2914 2915 2912
f 2912 2915 2916
f 2912 2916 1422
f 2915 2917 2916
f 2916 2917 2918
f 2916 2918 1422
f 1422 2918 1423
f 2919 2917 2920
f 2920 2917 2915
f 2920 2915 2914
f 2919 2920 2921
f 2921 2920 2922
f 2921 2922 904
f 2883 2922 2882
f 2882 2922 2920
f 2882 2920 2881
f 2881 2920 2914
f 2881 2914 2877
f 2923 2924 2883
f 2883 2924 2922
f 864 867 902
f 904 2922 902
f 902 2922 2924
f 902 2924 864
f 864 2924 2923
f 864 2923 865
f 2925 2926 2927
f 2928 2929 2930
f 2931 2923 2883
f 2932 2933 2934
f 2934 2933 2931
f 2931 2933 865
f 2931 865 2923
f 2928 2930 2935
f 2935 2930 2936
f 2935 2936 2937
f 2937 2936 2938
f 2937 2938 2939
f 2925 2927 2940
f 2940 2927 2941
f 2940 2941 2942
f 2943 2944 2945
f 2945 2944 2946
f 2945 2946 2947
f 2947 2946 2948
f 2947 2948 2941
f 2941 2948 2949
f 2941 2949 2942
f 2802 2801 2950
f 2951 2952 2943
f 2943 2952 2953
f 2943 2953 2944
f 2903 2803 2802
f 2950 2951 2802
f 2802 2951 2943
f 2802 2943 2903
f 2903 2943 2945
f 2903 2945 2904
f 2904 2945 2947
f 2904 2947 2891
f 2891 2947 2941
f 2891 2941 2893
f 2893 2941 2927
f 2893 2927 2895
f 2895 2927 2926
f 2895 2926 2897
f 2930 2899 2936
f 2936 2899 2897
f 2936 2897 2938
f 2938 2897 2926
f 2938 2926 2939
f 2939 2926 2925
f 2929 2888 2930
f 2930 2888 2887
f 2930 2887 2899
f 2886 2885 2929
f 2929 2885 2889
f 2929 2889 2888
f 2883 2864 2931
f 2931 2864 2886
f 2931 2886 2934
f 2934 2886 2929
f 2934 2929 2932
f 2932 2929 2928
f 2954 2951 2950
f 2950 2801 2955
f 2955 2956 2950
f 2950 2956 2957
f 2950 2957 2954
f 2958 2944 2959
f 2959 2944 2953
f 2959 2953 2954
f 2954 2953 2952
f 2954 2952 2951
f 2960 2948 2958
f 2958 2948 2946
f 2958 2946 2944
f 2940 2942 2960
f 2960 2942 2949
f 2960 2949 2948
f 2960 2961 2940
f 2940 2961 2962
f 2940 2962 2925
f 2925 2962 2963
f 2925 2963 2939
f 2939 2963 2964
f 2939 2964 2937
f 2965 2966 2935
f 2935 2966 2928
f 2967 2933 2966
f 2966 2933 2932
f 2966 2932 2928
f 2968 872 866
f 865 2933 866
f 866 2933 2967
f 866 2967 2968
f 2968 2967 2966
f 2968 2966 2969
f 2969 2966 2970
f 2970 2966 2965
f 2970 2965 2971
f 2935 2937 2965
f 2965 2937 2964
f 2965 2964 2971
f 2971 2964 2963
f 2971 2963 2972
f 2972 2963 2962
f 2972 2962 2973
f 2973 2962 2961
f 2973 2961 2974
f 2974 2961 2960
f 2974 2960 2975
f 2975 2960 2958
f 2975 2958 2976
f 2976 2958 2959
f 2976 2959 2977
f 2977 2959 2978
f 2978 2959 2954
f 2978 2954 2979
f 2980 2981 2957
f 2957 2982 2980
f 2980 2982 2983
f 2980 2983 2984
f 2981 2985 2957
f 2957 2985 2986
f 2957 2986 2954
f 2954 2986 2987
f 2954 2987 2979
f 2984 2983 2988
f 2988 2983 2989
f 2988 2989 2990
f 2983 2982 2989
f 2989 2982 2957
f 2989 2957 2786
f 2786 2957 2956
f 2786 2956 2800
f 2800 2956 2955
f 2800 2955 2801
f 2991 2992 2993
f 2994 2995 2996
f 2996 2995 2997
f 2996 2997 2998
f 2992 2991 2995
f 2995 2991 2999
f 2995 2999 2997
f 3000 3001 3002
f 3002 3001 3003
f 3002 3003 2993
f 2993 3003 3004
f 2993 3004 2991
f 3005 3006 3000
f 3007 3008 3009
f 3009 3008 3010
f 3007 3009 3011
f 3011 3009 3012
f 3011 3012 3013
f 3014 3015 3016
f 3014 3016 3012
f 3012 3016 3017
f 3012 3017 3013
f 3015 3014 3018
f 3018 3014 3019
f 3018 3019 3020
f 3020 3019 2988
f 3020 2988 2990
f 2984 2988 3021
f 3021 2988 3019
f 3021 3019 3022
f 3022 3019 3014
f 3022 3014 3023
f 3023 3014 3024
f 3024 3014 3025
f 3025 3014 3012
f 3025 3012 3026
f 3009 3027 3028
f 3009 3028 3012
f 3012 3028 3029
f 3012 3029 3026
f 3030 3027 3031
f 3031 3027 3009
f 3031 3009 3032
f 3032 3009 3010
f 3032 3010 3033
f 3033 3010 3034
f 3008 3006 3010
f 3010 3006 3005
f 3010 3005 3034
f 3034 3005 3035
f 3000 3002 3005
f 3005 3002 3036
f 3005 3036 3035
f 2994 3037 2995
f 2995 3037 3038
f 2995 3038 2992
f 2992 3038 3039
f 2992 3039 2993
f 2993 3039 3040
f 2993 3040 3002
f 3002 3040 3041
f 3002 3041 3036
f 3024 3025 3042
f 873 876 3043
f 3044 874 873
f 873 3043 3044
f 3044 3043 3045
f 3044 3045 3046
f 3046 3045 3047
f 3046 3047 3048
f 3049 3050 3051
f 3051 3050 3048
f 3051 3048 3052
f 3052 3048 3047
f 3049 3051 3053
f 3053 3051 3054
f 3053 3054 3055
f 3055 3054 3056
f 3055 3056 3057
f 3057 3056 3058
f 3057 3058 3059
f 3059 3058 3060
f 3059 3060 3061
f 3061 3060 3062
f 3061 3062 3063
f 3063 3062 3064
f 3063 3064 3065
f 3065 3064 3066
f 3065 3066 3067
f 3068 3069 3066
f 3066 3069 3070
f 3066 3070 3067
f 3027 3030 3071
f 3027 3071 3028
f 3028 3071 3072
f 3028 3072 3073
f 3073 3068 3028
f 3028 3068 3066
f 3028 3066 3029
f 3029 3066 3026
f 3024 3042 3023
f 3074 2979 2987
f 3074 2987 3022
f 3022 2987 2986
f 3022 2986 2985
f 2985 2981 3022
f 3022 2981 2980
f 3022 2980 3021
f 3021 2980 2984
f 3075 2977 3074
f 3074 2977 2978
f 3074 2978 2979
f 3075 3076 2977
f 2977 3076 3077
f 2977 3077 2976
f 2976 3077 3078
f 2976 3078 2975
f 2975 3078 3079
f 2975 3079 2974
f 2974 3079 3080
f 2974 3080 2973
f 2973 3080 3081
f 2973 3081 2972
f 2972 3081 3082
f 2972 3082 2971
f 2971 3082 3083
f 2971 3083 2970
f 2970 3083 3084
f 2970 3084 2969
f 2969 3084 3085
f 2969 3085 2968
f 2968 3085 880
f 2968 880 872
f 876 878 3043
f 3043 878 3086
f 3043 3086 3045
f 3045 3086 3087
f 3045 3087 3047
f 3047 3087 3088
f 3047 3088 3052
f 3052 3088 3089
f 3052 3089 3051
f 3051 3089 3090
f 3051 3090 3054
f 3054 3090 3091
f 3054 3091 3056
f 3056 3091 3092
f 3056 3092 3058
f 3058 3092 3093
f 3058 3093 3060
f 3060 3093 3094
f 3060 3094 3062
f 3062 3094 3095
f 3062 3095 3064
f 3064 3095 3096
f 3064 3096 3066
f 3066 3096 3042
f 3066 3042 3026
f 3026 3042 3025
f 878 880 3086
f 3086 880 3085
f 3086 3085 3087
f 3087 3085 3084
f 3087 3084 3088
f 3088 3084 3083
f 3088 3083 3089
f 3089 3083 3082
f 3089 3082 3090
f 3090 3082 3081
f 3090 3081 3091
f 3091 3081 3080
f 3091 3080 3092
f 3092 3080 3079
f 3092 3079 3093
f 3093 3079 3078
f 3093 3078 3094
f 3094 3078 3077
f 3094 3077 3095
f 3095 3077 3076
f 3095 3076 3096
f 3096 3076 3075
f 3096 3075 3042
f 3042 3075 3074
f 3042 3074 3023
f 3023 3074 3022
f 3041 3040 3097
f 3039 3038 3098
f 3099 3100 3098
f 3101 3102 3103
f 3030 3031 3071
f 3071 3031 3032
f 3071 3032 3033
f 3068 3036 3069
f 3069 3036 3104
f 3069 3104 3070
f 3068 3073 3036
f 3036 3073 3072
f 3036 3072 3035
f 3035 3072 3071
f 3035 3071 3034
f 3034 3071 3033
f 3070 3104 3067
f 3067 3104 3105
f 3067 3105 3065
f 3065 3105 3106
f 3065 3106 3063
f 3063 3106 3107
f 3063 3107 3061
f 3061 3107 3108
f 3061 3108 3059
f 3059 3108 3109
f 3059 3109 3057
f 3057 3109 3055
f 3055 3109 3110
f 3055 3110 3053
f 3053 3110 3049
f 3049 3110 3111
f 3049 3111 3050
f 3050 3111 3112
f 3050 3112 3048
f 3113 3114 3115
f 3112 3116 3048
f 3048 3116 3117
f 3048 3117 3046
f 3046 3117 3113
f 3046 3113 3044
f 3044 3113 3115
f 3044 3115 874
f 3118 3119 3120
f 3120 3121 3118
f 3118 3121 3122
f 3118 3122 3123
f 3123 3122 3124
f 3123 3124 3125
f 3125 3124 3126
f 3125 3126 3127
f 3127 3126 3128
f 3127 3128 3129
f 3129 3128 3130
f 3129 3130 3131
f 3131 3130 3132
f 3132 3130 3133
f 3132 3133 3134
f 3102 3101 3135
f 3101 3136 3135
f 3135 3136 3137
f 3135 3137 3133
f 3133 3137 3138
f 3133 3138 3134
f 3098 3100 3139
f 3139 3100 3140
f 3139 3140 3103
f 3103 3140 3141
f 3103 3141 3101
f 3142 3038 3143
f 3143 3038 3037
f 3143 3037 2994
f 3142 3144 3038
f 3038 3144 3145
f 3038 3145 3098
f 3098 3145 3146
f 3098 3146 3099
f 3147 3114 3148
f 3148 3114 3113
f 3148 3113 3149
f 3149 3113 3117
f 3149 3117 3150
f 3150 3117 3116
f 3150 3116 3151
f 3151 3116 3112
f 3151 3112 3152
f 3152 3112 3111
f 3152 3111 3153
f 3153 3111 3110
f 3153 3110 3154
f 3154 3110 3109
f 3154 3109 3155
f 3155 3109 3108
f 3155 3108 3156
f 3156 3108 3107
f 3156 3107 3157
f 3157 3107 3106
f 3157 3106 3158
f 3158 3106 3105
f 3158 3105 3097
f 3097 3105 3104
f 3097 3104 3041
f 3041 3104 3036
f 3120 3147 3121
f 3121 3147 3148
f 3121 3148 3122
f 3122 3148 3149
f 3122 3149 3124
f 3124 3149 3150
f 3124 3150 3126
f 3126 3150 3151
f 3126 3151 3128
f 3128 3151 3152
f 3128 3152 3130
f 3130 3152 3153
f 3130 3153 3133
f 3133 3153 3154
f 3133 3154 3135
f 3135 3154 3155
f 3135 3155 3102
f 3102 3155 3156
f 3102 3156 3103
f 3103 3156 3157
f 3103 3157 3139
f 3139 3157 3158
f 3139 3158 3098
f 3098 3158 3097
f 3098 3097 3039
f 3039 3097 3040
f 3119 3159 3160
f 3119 3160 3120
f 3120 3160 3161
f 3120 3161 3147
f 3147 3161 3162
f 3147 3162 3114
f 3114 3162 3115
f 3115 3162 875
f 3115 875 874
f 884 875 3163
f 3163 875 3162
f 3163 3162 3164
f 3164 3162 3161
f 3164 3161 3165
f 3165 3161 3166
f 3166 3161 3160
f 3166 3160 3167
f 3167 3160 3159
f 3167 3159 3168
f 3119 3169 3170
f 3119 3170 3159
f 3159 3170 3171
f 3159 3171 3168
f 3172 3171 3173
f 3173 3171 3170
f 3173 3170 3174
f 3174 3170 3169
f 3173 3175 3172
f 3172 3175 3176
f 3177 3178 3179
f 3180 3176 3179
f 3179 3176 3175
f 3179 3175 3177
f 3177 3175 3173
f 3177 3173 3174
f 3181 3182 3183
f 3183 3182 3184
f 3171 3172 3176
f 3180 3184 3176
f 3176 3184 3182
f 3176 3182 3171
f 3171 3182 3181
f 3171 3181 3168
f 900 899 3185
f 3185 899 3186
f 3187 3188 3186
f 3186 3188 3189
f 3186 3189 3185
f 3190 3191 3192
f 3192 3191 3193
f 3181 3183 3190
f 3190 3192 3181
f 3181 3192 3167
f 3181 3167 3168
f 3163 3164 3193
f 3193 3164 3165
f 3193 3165 3192
f 3192 3165 3166
f 3192 3166 3167
f 3191 3187 3193
f 3193 3187 3186
f 3193 3186 3163
f 3163 3186 899
f 3163 899 884
f 3194 3195 3196
f 3197 3194 3198
f 3198 3194 3196
f 3198 3196 900
f 3199 3200 3198
f 3198 3200 3201
f 3198 3201 3197
f 3202 3203 3199
f 3199 3203 3204
f 3199 3204 3200
f 3199 3205 3202
f 3202 3205 3206
f 3202 3206 3207
f 3183 3206 3190
f 3190 3206 3205
f 3190 3205 3191
f 3191 3205 3199
f 3191 3199 3187
f 900 3185 3198
f 3198 3185 3189
f 3198 3189 3199
f 3199 3189 3188
f 3199 3188 3187
f 3208 3209 3210
f 3211 3212 3213
f 3213 3212 3214
f 3213 3214 3215
f 3208 3210 3216
f 3217 3218 3219
f 3219 3218 3216
f 3196 3195 3217
f 3219 897 898
f 3217 3219 3196
f 3196 3219 898
f 3196 898 900
f 3216 3210 3219
f 3219 3210 895
f 3219 895 897
f 891 892 3210
f 3210 892 894
f 3210 894 895
f 3209 3211 3210
f 3210 3211 3213
f 3210 3213 891
f 891 3213 3215
f 891 3215 890
f 3214 3220 3221
f 3221 3220 3222
f 3221 3222 3223
f 3214 3221 3215
f 3215 3221 903
f 3215 903 890
f 904 903 2921
f 2921 903 3221
f 2921 3221 2919
f 2919 3221 3223
f 2919 3223 2917
f 2918 2917 3224
f 3224 2917 3223
f 3224 3223 3225
f 3225 3223 3222
f 1423 2918 1424
f 1424 2918 3224
f 1424 3224 1425
f 1425 3224 3225
f 3220 3214 3226
f 3220 3226 3222
f 3222 3226 3225
f 3225 3226 3227
f 3225 3227 1425
f 3228 1753 3229
f 3229 1753 1752
f 3229 1752 3230
f 3230 1752 1761
f 3230 1761 3231
f 3231 1761 1760
f 3231 1760 3232
f 3232 1760 1758
f 3232 1758 3233
f 3233 1758 1764
f 3233 1764 3234
f 3234 1764 3235
f 3235 1764 1763
f 3235 1763 3236
f 3236 1763 1762
f 3236 1762 3237
f 1762 1765 3237
f 3237 1765 1767
f 3237 1767 3227
f 3227 1767 1421
f 3227 1421 1425
f 3232 3233 3238
f 3239 3237 3240
f 3240 3237 3227
f 3240 3227 3226
f 3234 3235 3239
f 3239 3235 3236
f 3239 3236 3237
f 3229 3230 3241
f 3241 3230 3231
f 3241 3231 3232
f 3241 3218 3217
f 3228 3229 3242
f 3242 3229 3241
f 3242 3241 3243
f 3243 3241 3217
f 3243 3217 3195
f 3232 3238 3241
f 3241 3238 3216
f 3241 3216 3218
f 3211 3209 3238
f 3238 3209 3208
f 3238 3208 3216
f 3233 3234 3238
f 3238 3234 3239
f 3238 3239 3211
f 3211 3239 3240
f 3211 3240 3212
f 3212 3240 3226
f 3212 3226 3214
f 3195 3194 3243
f 3243 3194 3242
f 3228 3242 3244
f 3244 3242 3245
f 3244 3245 3246
f 3247 3248 3245
f 3245 3248 3249
f 3245 3249 3246
f 3250 3251 3247
f 3247 3251 3252
f 3247 3252 3248
f 3253 3254 3250
f 3250 3254 3255
f 3250 3255 3251
f 3256 3202 3257
f 3257 3202 3207
f 3203 3202 3250
f 3250 3202 3256
f 3250 3256 3253
f 3253 3256 3257
f 3253 3257 3258
f 3203 3250 3204
f 3204 3250 3247
f 3204 3247 3200
f 3242 3194 3245
f 3245 3194 3197
f 3245 3197 3247
f 3247 3197 3201
f 3247 3201 3200
f 3252 3251 1746
f 1656 1661 3258
f 3258 1661 1742
f 3258 1742 3253
f 3253 1742 1745
f 3253 1745 3254
f 3254 1745 1744
f 3254 1744 3255
f 3255 1744 1743
f 3255 1743 3251
f 3251 1743 1747
f 3251 1747 1746
f 3252 1746 3248
f 3248 1746 1751
f 3248 1751 3249
f 1751 1750 3249
f 3249 1750 1756
f 3249 1756 3246
f 3246 1756 3244
f 1756 1755 3244
f 3244 1755 1753
f 3244 1753 3228
f 3259 1652 1651
f 3207 3259 3257
f 3257 3259 1651
f 3257 1651 3258
f 3258 1651 1656
f 3260 1650 1653
f 3261 1653 1652
f 3184 3180 3262
f 1652 3259 3261
f 3261 3259 3207
f 3261 3207 3206
f 3260 1653 3262
f 3262 1653 3261
f 3262 3261 3184
f 3184 3261 3206
f 3184 3206 3183
f 3263 3264 1649
f 3180 3179 3262
f 3262 3179 3263
f 3262 3263 3260
f 3260 3263 1649
f 3260 1649 1650
f 3265 3264 3266
f 3266 3264 3263
f 3266 3263 3267
f 3267 3263 3179
f 3267 3179 3178
f 1647 1649 3264
f 3265 3268 3264
f 3264 3268 3269
f 3264 3269 1647
f 1647 3269 1645
f 3270 3271 3272
f 3272 3271 3273
f 3272 3273 3265
f 3265 3273 3268
f 3274 3275 3276
f 3276 3275 3277
f 3276 3277 3278
f 3278 3277 3279
f 3280 3281 3282
f 3282 3281 3283
f 3282 3283 3284
f 3284 3283 3285
f 3279 3286 3278
f 3278 3286 3287
f 3278 3287 3288
f 3288 3287 3289
f 3288 3289 3290
f 3290 3289 3291
f 3290 3291 3285
f 3285 3291 3292
f 3285 3292 3284
f 3286 3279 3293
f 3293 3279 3277
f 3293 3277 3294
f 3294 3277 3275
f 3294 3275 3295
f 3286 3293 3287
f 3287 3293 3296
f 3287 3296 3289
f 3289 3296 3291
f 3291 3296 3297
f 3291 3297 3292
f 3292 3297 3284
f 3284 3297 3298
f 3284 3298 3282
f 3298 3299 3282
f 3282 3299 3300
f 3282 3300 3280
f 3301 3300 3302
f 3302 3300 3299
f 3302 3299 3303
f 3303 3299 3298
f 3303 3298 3304
f 3304 3298 3297
f 3304 3297 3305
f 3305 3297 3296
f 3305 3296 3306
f 3306 3296 3293
f 3306 3293 3307
f 3307 3293 3308
f 3308 3293 3294
f 3308 3294 3309
f 3309 3294 3295
f 3309 3295 3310
f 3295 3275 3311
f 3312 3310 3295
f 3295 3311 3312
f 3312 3311 3271
f 3312 3271 3270
f 3311 3313 3271
f 3313 3311 3314
f 3314 3311 3275
f 3314 3275 3274
f 1657 1645 3269
f 3315 1658 1660
f 3315 1660 3269
f 3269 1660 1662
f 3269 1662 1657
f 3271 3313 3273
f 3273 3313 3315
f 3273 3315 3268
f 3268 3315 3269
f 3316 3317 3318
f 3318 3317 3319
f 3320 3321 3317
f 3317 3321 3322
f 3321 3323 3322
f 3322 3323 3315
f 3322 3315 3313
f 3320 1673 3321
f 3321 1673 1676
f 3321 1676 3323
f 3323 1676 1677
f 3323 1677 3315
f 3315 1677 1658
f 3316 3324 3317
f 3317 3324 860
f 3317 860 3320
f 3320 860 859
f 3320 859 1673
f 1673 859 862
f 860 3324 3325
f 3324 3316 3325
f 3325 3316 3326
f 3325 3326 3327
f 852 853 863
f 845 843 847
f 3328 844 845
f 3329 836 844
f 844 3328 3329
f 3329 3328 3330
f 3329 3330 3331
f 3331 3330 3332
f 3331 3332 3325
f 858 3333 3334
f 3334 3333 3335
f 3334 3335 3336
f 3336 3335 3337
f 3336 3337 3338
f 860 3325 858
f 858 3325 3332
f 858 3332 3333
f 3333 3332 3330
f 3333 3330 3335
f 3335 3330 3328
f 3335 3328 3337
f 3337 3328 845
f 3337 845 3338
f 3338 845 847
f 3338 847 3336
f 3336 847 852
f 3336 852 3334
f 3334 852 863
f 3334 863 858
f 3339 3340 3341
f 3342 3343 3340
f 3340 3343 3344
f 3340 3344 3341
f 3341 3344 3345
f 3341 3345 3346
f 3347 3348 3349
f 3349 3348 3350
f 3349 3350 3351
f 3352 3353 3354
f 3327 3355 3325
f 3325 3355 3356
f 3325 3356 3357
f 3331 3358 3329
f 3329 3358 837
f 3329 837 836
f 838 837 3359
f 3359 837 3358
f 3359 3358 3357
f 3357 3358 3331
f 3357 3331 3325
f 3345 839 3346
f 3346 839 835
f 3346 835 834
f 3360 3361 3362
f 3362 3361 3352
f 3362 3352 3363
f 3363 3352 3354
f 3363 3364 3362
f 3362 3364 3365
f 3362 3365 3360
f 3360 3365 3366
f 3360 3366 3351
f 3351 3366 3367
f 3351 3367 3349
f 3355 3368 3356
f 3356 3368 3353
f 3356 3353 3357
f 3357 3353 3352
f 3357 3352 3359
f 3359 3352 3361
f 3359 3361 838
f 838 3361 3360
f 838 3360 833
f 833 3360 3351
f 833 3351 834
f 834 3351 3350
f 834 3350 3346
f 3346 3350 3348
f 3346 3348 3341
f 3341 3348 3347
f 3341 3347 3339
f 3369 3370 3371
f 3369 3371 3372
f 3372 3371 3373
f 3372 3373 3374
f 3374 3373 3375
f 3375 3373 3376
f 3375 3376 3377
f 3342 3376 3343
f 3343 3376 3373
f 3343 3373 3344
f 3344 3373 3371
f 3344 3371 3345
f 3345 3371 3370
f 3345 3370 839
f 3378 3379 3380
f 3380 3379 3381
f 3380 3381 3382
f 830 839 3370
f 3380 831 3378
f 3378 831 830
f 3378 830 3369
f 3369 830 3370
f 840 831 3380
f 3383 3384 3385
f 3380 3382 3386
f 3386 3387 3380
f 3380 3387 3388
f 3380 3388 3383
f 3383 3385 3380
f 3380 3385 841
f 3380 841 840
f 3389 3390 3391
f 3390 3389 3392
f 3392 3389 3393
f 3392 3393 3394
f 3394 3393 3395
f 3394 3395 3396
f 3396 3395 3397
f 3396 3397 3398
f 3398 3397 3399
f 3398 3399 3400
f 3400 3399 3401
f 3401 3399 3402
f 3401 3402 3403
f 3404 3385 3384
f 857 841 3385
f 3385 3404 857
f 857 3404 3405
f 857 3405 856
f 856 3405 3406
f 856 3406 854
f 854 3406 3407
f 854 3407 855
f 3408 3409 3410
f 3410 3409 3411
f 3410 3411 3412
f 3412 3411 3413
f 3412 3413 3414
f 3414 3413 3415
f 3414 3415 3416
f 3416 3415 3417
f 3416 3417 3418
f 3418 3417 3419
f 3409 3402 3411
f 3411 3402 3399
f 3411 3399 3413
f 3413 3399 3397
f 3413 3397 3415
f 3415 3397 3395
f 3415 3395 3417
f 3417 3395 3393
f 3417 3393 3419
f 3419 3393 3389
f 3382 3408 3386
f 3386 3408 3410
f 3386 3410 3387
f 3387 3410 3412
f 3387 3412 3388
f 3388 3412 3414
f 3388 3414 3383
f 3383 3414 3416
f 3383 3416 3384
f 3384 3416 3418
f 3384 3418 3404
f 3404 3418 3419
f 3404 3419 3405
f 3405 3419 3389
f 3405 3389 3406
f 3406 3389 3391
f 3406 3391 3407
f 3391 3390 3420
f 3420 3390 3392
f 3420 3392 3394
f 3391 3420 3421
f 3407 3422 855
f 855 3422 849
f 849 3422 861
f 861 3422 1674
f 861 1674 862
f 3407 3391 3422
f 3422 3391 3421
f 3422 3421 1674
f 1674 3421 1675
f 3423 3424 3425
f 3426 3427 3428
f 3429 3430 3431
f 3431 3432 3429
f 3429 3432 3433
f 3429 3433 3434
f 3434 3433 3435
f 3434 3435 3436
f 3436 3435 3437
f 3436 3437 3438
f 3438 3437 3439
f 3439 3437 3440
f 3439 3440 3441
f 3441 3440 3442
f 3442 3440 3443
f 3442 3443 3444
f 3444 3443 3445
f 3445 3443 3446
f 3445 3446 3447
f 3424 3423 3448
f 3423 3449 3448
f 3448 3449 3450
f 3448 3450 3446
f 3446 3450 3451
f 3446 3451 3447
f 3452 3453 3454
f 3454 3453 3455
f 3452 3456 3453
f 3453 3456 3457
f 3453 3457 3458
f 3458 3457 3459
f 3458 3459 3460
f 3459 3461 3460
f 3460 3461 3462
f 3460 3462 3463
f 3463 3462 3464
f 3463 3464 3465
f 3428 3466 3426
f 3426 3466 3465
f 3426 3465 3467
f 3467 3465 3464
f 3454 3468 3452
f 3452 3468 3469
f 3452 3469 3456
f 3456 3469 3470
f 3456 3470 3457
f 3457 3470 3471
f 3457 3471 3459
f 3459 3471 3472
f 3459 3472 3461
f 3461 3472 3473
f 3461 3473 3462
f 3462 3473 3474
f 3462 3474 3464
f 3464 3474 3475
f 3464 3475 3467
f 3467 3475 3476
f 3467 3476 3426
f 3426 3476 3477
f 3426 3477 3427
f 3427 3477 3478
f 3468 3425 3469
f 3469 3425 3424
f 3469 3424 3470
f 3470 3424 3448
f 3470 3448 3471
f 3471 3448 3446
f 3471 3446 3472
f 3472 3446 3443
f 3472 3443 3473
f 3473 3443 3440
f 3473 3440 3474
f 3474 3440 3437
f 3474 3437 3475
f 3475 3437 3435
f 3475 3435 3476
f 3476 3435 3433
f 3476 3433 3477
f 3477 3433 3432
f 3477 3432 3478
f 3478 3432 3431
f 3479 3480 3481
f 3482 3483 3484
f 3481 3485 3482
f 3482 3484 3481
f 3481 3484 3486
f 3481 3486 3479
f 3480 3487 3481
f 3481 3487 3455
f 3481 3455 3453
f 3466 3428 3481
f 3481 3428 3488
f 3481 3488 3485
f 3465 3466 3463
f 3463 3466 3481
f 3463 3481 3460
f 3460 3481 3453
f 3460 3453 3458
f 3489 3490 3491
f 3492 3493 3494
f 3494 3493 3489
f 3494 3489 3495
f 3495 3489 3491
f 3495 3491 3496
f 3454 3455 3487
f 3480 3493 3487
f 3487 3493 3492
f 3487 3492 3454
f 3454 3492 3494
f 3454 3494 3468
f 3468 3494 3495
f 3468 3495 3425
f 3425 3495 3496
f 3425 3496 3423
f 1777 1780 3497
f 1698 1700 3498
f 3429 3434 3499
f 3447 3451 3500
f 3496 3491 3501
f 1940 1939 3497
f 3451 3450 3500
f 3500 3450 3449
f 3500 3449 3423
f 1940 3497 3502
f 3502 3497 3503
f 3502 3503 3504
f 3504 3503 3500
f 3504 3500 3501
f 3501 3500 3423
f 3501 3423 3496
f 3445 1725 3444
f 3444 1725 1734
f 3444 1734 3442
f 3442 1734 3441
f 1734 1735 3441
f 3441 1735 3439
f 3439 1735 1736
f 3439 1736 3438
f 3438 1736 1737
f 3438 1737 3436
f 3429 3499 3430
f 3505 3506 3430
f 3430 3499 3505
f 3505 3499 3507
f 3505 3507 3508
f 3508 3507 3498
f 3508 3498 3509
f 3509 3498 3421
f 3509 3421 3420
f 3498 1700 3421
f 3421 1700 1683
f 3421 1683 1682
f 1682 1679 3421
f 3421 1679 1678
f 3421 1678 1675
f 1698 3498 1696
f 1696 3498 3507
f 1696 3507 1694
f 1694 3507 1721
f 1721 3507 3499
f 1721 3499 1737
f 1737 3499 3434
f 1737 3434 3436
f 3445 3447 1725
f 1725 3447 3500
f 1725 3500 1726
f 1726 3500 3503
f 1726 3503 1731
f 1731 3503 1783
f 3497 1780 3503
f 3503 1780 1779
f 3503 1779 1783
f 1939 1811 1812
f 1777 3497 1775
f 1775 3497 1939
f 1775 1939 1809
f 1809 1939 1812
f 1809 1812 1810
f 3488 3510 3485
f 3485 3510 3511
f 3510 3512 3511
f 3511 3512 3513
f 3511 3513 3514
f 3431 3430 3506
f 3515 3514 3506
f 3506 3514 3513
f 3506 3513 3431
f 3431 3513 3512
f 3431 3512 3478
f 3478 3512 3510
f 3478 3510 3427
f 3427 3510 3488
f 3427 3488 3428
f 3516 3517 3518
f 3518 3519 3516
f 3516 3519 3520
f 3516 3520 3521
f 3521 3520 3522
f 3521 3522 3523
f 3524 3525 3523
f 3523 3525 3526
f 3523 3526 3521
f 3514 3527 3528
f 3524 3529 3525
f 3525 3529 3530
f 3525 3530 3526
f 3526 3530 3531
f 3526 3531 3521
f 3521 3531 3532
f 3521 3532 3516
f 3516 3532 3533
f 3516 3533 3517
f 3517 3533 3527
f 3517 3527 3534
f 3534 3527 3514
f 3534 3514 3515
f 3482 3485 3535
f 3535 3485 3511
f 3493 3480 3479
f 3493 3536 3489
f 3489 3536 3537
f 3489 3537 3490
f 3528 3527 3538
f 3538 3527 3533
f 3538 3533 3539
f 3539 3533 3532
f 3539 3532 3540
f 3540 3532 3531
f 3540 3531 3541
f 3541 3531 3530
f 3541 3530 3542
f 3542 3530 3529
f 3542 3529 3543
f 3543 3544 3542
f 3542 3544 3545
f 3542 3545 3541
f 3541 3545 3546
f 3541 3546 3540
f 3540 3546 3547
f 3540 3547 3539
f 3539 3547 3548
f 3539 3548 3538
f 3538 3548 3549
f 3538 3549 3528
f 3524 3537 3529
f 3529 3537 3536
f 3529 3536 3543
f 3543 3536 3493
f 3543 3493 3544
f 3544 3493 3479
f 3544 3479 3545
f 3545 3479 3486
f 3545 3486 3546
f 3546 3486 3484
f 3546 3484 3547
f 3547 3484 3483
f 3547 3483 3548
f 3548 3483 3482
f 3548 3482 3549
f 3549 3482 3535
f 3549 3535 3528
f 3528 3535 3511
f 3528 3511 3514
f 3509 3550 3551
f 3398 3400 3552
f 801 799 3553
f 3520 3519 3553
f 3553 3519 3518
f 3518 3517 3553
f 3553 3517 3534
f 3553 3534 3515
f 3554 3522 3520
f 3553 799 3520
f 3520 799 798
f 3520 798 3554
f 3522 3554 3523
f 3523 3554 3555
f 3523 3555 3556
f 3490 3537 3556
f 3556 3537 3524
f 3556 3524 3523
f 3501 3491 3490
f 3557 1949 1941
f 3490 3556 3501
f 3501 3556 3558
f 3501 3558 3504
f 3504 3558 3557
f 3504 3557 3502
f 3502 3557 1941
f 3502 1941 1940
f 3559 1947 1951
f 3560 3561 3558
f 3558 3561 3559
f 3558 3559 3557
f 3557 3559 1951
f 3557 1951 1949
f 3555 3562 3556
f 3556 3562 3563
f 3556 3563 3558
f 3558 3563 3564
f 3558 3564 3560
f 801 3553 768
f 768 3553 3551
f 768 3551 765
f 765 3551 763
f 763 3551 3550
f 763 3550 3552
f 3398 3552 3396
f 3396 3552 3550
f 3396 3550 3394
f 3394 3550 3509
f 3394 3509 3420
f 3515 3506 3553
f 3553 3506 3505
f 3553 3505 3551
f 3551 3505 3508
f 3551 3508 3509
f 3564 3565 3566
f 3567 712 3568
f 3568 712 3569
f 3568 3569 3570
f 3570 3569 3571
f 3570 3571 3572
f 3572 3571 3561
f 3572 3561 3566
f 3566 3561 3560
f 3566 3560 3564
f 3573 3574 3575
f 3573 3575 3576
f 3576 3575 3577
f 3576 3577 3578
f 3578 3577 3579
f 3578 3579 3567
f 3567 3579 713
f 3567 713 712
f 3573 3580 3581
f 3581 3580 3582
f 3581 3582 3583
f 3584 709 3585
f 3585 709 708
f 3584 3586 709
f 709 3586 3587
f 709 3587 710
f 710 3587 3588
f 710 3588 711
f 711 3588 3589
f 711 3589 704
f 3589 3590 704
f 704 3590 3591
f 704 3591 705
f 705 3591 3592
f 705 3592 706
f 3592 3593 706
f 706 3593 3594
f 706 3594 700
f 3585 3595 3584
f 3584 3595 3596
f 3584 3596 3586
f 3586 3596 3597
f 3586 3597 3587
f 3587 3597 3598
f 3587 3598 3588
f 3588 3598 3599
f 3588 3599 3589
f 3589 3599 3600
f 3589 3600 3590
f 3590 3600 3601
f 3590 3601 3591
f 3591 3601 3602
f 3591 3602 3592
f 3592 3602 3603
f 3592 3603 3593
f 3593 3603 3604
f 3593 3604 3594
f 3594 3604 3605
f 3595 3582 3596
f 3596 3582 3580
f 3596 3580 3597
f 3597 3580 3573
f 3597 3573 3598
f 3598 3573 3576
f 3598 3576 3599
f 3599 3576 3578
f 3599 3578 3600
f 3600 3578 3567
f 3600 3567 3601
f 3601 3567 3568
f 3601 3568 3602
f 3602 3568 3570
f 3602 3570 3603
f 3603 3570 3572
f 3603 3572 3604
f 3604 3572 3566
f 3604 3566 3605
f 3605 3566 3565
f 713 3579 715
f 715 3579 3606
f 3606 3579 3607
f 3607 3579 3577
f 3607 3577 3608
f 3608 3577 3575
f 3608 3575 3609
f 3575 3574 3609
f 3609 3574 3573
f 3609 3573 3610
f 3610 3573 3581
f 3610 3581 3611
f 3611 3581 3583
f 3611 3583 3612
f 3612 3583 3613
f 3612 3613 3614
f 3614 3613 3615
f 3582 3616 3583
f 3583 3616 3613
f 3613 3616 3615
f 3615 3616 3617
f 3615 3617 3618
f 3618 3617 3619
f 3618 3619 3620
f 3620 3619 3621
f 3620 3621 3622
f 3622 3621 3623
f 3622 3623 3624
f 3623 3625 3624
f 3624 3625 3626
f 3624 3626 3627
f 3627 3626 3628
f 3627 3628 3555
f 3555 3628 3629
f 3555 3629 3562
f 3562 3629 3630
f 3562 3630 3563
f 3563 3630 3565
f 3563 3565 3564
f 701 700 3594
f 3594 3631 701
f 701 3631 3632
f 701 3632 702
f 3632 3633 702
f 702 3633 3634
f 702 3634 703
f 703 3634 3635
f 703 3635 695
f 3635 3636 695
f 695 3636 3637
f 695 3637 696
f 3637 3638 696
f 696 3638 3639
f 696 3639 698
f 698 3639 3640
f 698 3640 699
f 699 3640 707
f 707 3640 3585
f 707 3585 708
f 3594 3605 3631
f 3631 3605 3641
f 3631 3641 3632
f 3632 3641 3642
f 3632 3642 3633
f 3633 3642 3643
f 3633 3643 3634
f 3634 3643 3644
f 3634 3644 3635
f 3635 3644 3645
f 3635 3645 3636
f 3636 3645 3646
f 3636 3646 3637
f 3637 3646 3647
f 3637 3647 3638
f 3638 3647 3648
f 3638 3648 3639
f 3639 3648 3649
f 3639 3649 3640
f 3640 3649 3650
f 3640 3650 3585
f 3585 3650 3595
f 3605 3565 3641
f 3641 3565 3630
f 3641 3630 3642
f 3642 3630 3629
f 3642 3629 3643
f 3643 3629 3628
f 3643 3628 3644
f 3644 3628 3626
f 3644 3626 3645
f 3645 3626 3625
f 3645 3625 3646
f 3646 3625 3623
f 3646 3623 3647
f 3647 3623 3621
f 3647 3621 3648
f 3648 3621 3619
f 3648 3619 3649
f 3649 3619 3617
f 3649 3617 3650
f 3650 3617 3616
f 3650 3616 3595
f 3595 3616 3582
f 212 214 3651
f 330 328 3652
f 397 396 3653
f 491 493 3654
f 609 611 3655
f 661 665 3656
f 761 763 3552
f 2301 2306 3657
f 2506 2507 34
f 2196 2182 3658
f 2100 2027 2026
f 3627 3555 3554
f 3659 3620 3660
f 3660 3620 3622
f 3660 3622 3554
f 3554 3622 3624
f 3554 3624 3627
f 3661 3609 3610
f 3661 3610 3662
f 3662 3610 3611
f 3662 3611 3612
f 3612 3614 3662
f 3662 3614 3615
f 3662 3615 3659
f 3659 3615 3618
f 3659 3618 3620
f 3609 3661 3608
f 3608 3661 3663
f 3608 3663 3607
f 3561 3571 3559
f 3559 3571 3569
f 3559 3569 3664
f 3664 3569 712
f 712 714 3664
f 3664 714 715
f 3664 715 3663
f 3663 715 3606
f 3663 3606 3607
f 1947 3559 1944
f 1944 3559 3664
f 1944 3664 1945
f 1945 3664 1974
f 1988 1987 3663
f 3655 2013 2012
f 1988 3663 2011
f 1974 3664 1975
f 1975 3664 3663
f 1975 3663 1985
f 1985 3663 1987
f 1985 1987 1986
f 2013 3655 2017
f 2017 3655 3665
f 2017 3665 2026
f 2078 2080 3665
f 2078 3665 2076
f 2075 2076 3653
f 2080 2082 3665
f 3665 2082 2084
f 3665 2084 2026
f 2026 2084 2086
f 2026 2086 2100
f 2058 396 2060
f 2060 396 402
f 2060 402 2180
f 2058 2057 396
f 396 2057 2070
f 396 2070 3653
f 3653 2070 2072
f 3653 2072 2075
f 2180 402 2179
f 2179 402 400
f 2179 400 457
f 431 2182 424
f 424 2182 2179
f 424 2179 425
f 425 2179 457
f 431 434 2182
f 2182 434 436
f 2182 436 3658
f 3666 2198 2196
f 3667 2192 2199
f 3668 2193 2192
f 3669 2190 2189
f 2249 2186 2187
f 2249 3670 2248
f 2248 3670 3671
f 2248 3671 2243
f 2243 3671 3672
f 2243 3672 2241
f 3672 3673 2241
f 2241 3673 3674
f 2241 3674 2239
f 2239 3674 3675
f 2239 3675 2237
f 2237 3675 3676
f 2237 3676 2235
f 2235 3676 3677
f 2235 3677 2231
f 2231 3677 3678
f 2231 3678 2230
f 3678 3679 2230
f 2230 3679 3680
f 2230 3680 2229
f 2229 3680 3681
f 2229 3681 2227
f 2227 3681 3682
f 2227 3682 2210
f 2210 3682 2538
f 2210 2538 2211
f 2536 2535 3683
f 3683 2535 2533
f 3684 2527 2529
f 3685 2526 2527
f 2526 3685 2524
f 78 85 3685
f 3685 85 88
f 3685 88 2524
f 2524 88 82
f 2524 82 2522
f 34 2507 35
f 82 80 2522
f 2522 80 79
f 2522 79 2507
f 2507 79 110
f 2507 110 35
f 2307 2284 52
f 52 2284 2283
f 52 2283 34
f 34 2283 2287
f 34 2287 2506
f 3686 2324 2323
f 2323 2293 3686
f 3686 2293 2295
f 3686 2295 2300
f 2300 2299 3686
f 3686 2299 2303
f 3686 2303 2302
f 3687 2410 3688
f 3688 2410 2396
f 2396 2394 3688
f 3688 2394 2384
f 3688 2384 3651
f 3651 2384 2383
f 2461 2324 2462
f 2462 2324 3686
f 2462 3686 2460
f 2460 3686 3651
f 2460 3651 2382
f 2382 3651 2383
f 3552 3400 3687
f 3687 3400 3401
f 3687 3401 3403
f 3403 3689 3687
f 3687 3689 2421
f 3687 2421 2410
f 3687 718 717
f 3687 717 3552
f 3552 717 759
f 3552 759 761
f 721 732 3688
f 3688 732 734
f 3688 734 3687
f 3687 734 736
f 3687 736 718
f 728 729 3690
f 728 3690 726
f 3659 810 3691
f 3691 810 722
f 3691 722 724
f 3554 798 802
f 802 804 3554
f 3554 804 806
f 3554 806 3660
f 3660 806 807
f 807 809 3660
f 3660 809 813
f 3660 813 3659
f 3659 813 812
f 3659 812 810
f 671 678 3662
f 3662 678 3661
f 3661 678 604
f 3661 604 603
f 665 667 3656
f 3656 667 670
f 3656 670 3659
f 3659 670 669
f 669 675 3659
f 3659 675 674
f 3659 674 3662
f 3662 674 672
f 3662 672 671
f 662 661 499
f 499 661 500
f 662 499 656
f 656 499 506
f 656 506 655
f 506 508 655
f 655 508 3692
f 655 3692 652
f 652 3692 648
f 3693 650 3692
f 3692 650 649
f 3692 649 648
f 611 597 3655
f 3655 597 595
f 3655 595 3665
f 3665 595 643
f 3665 643 644
f 644 645 3665
f 3665 645 646
f 3665 646 3693
f 3693 646 647
f 3693 647 650
f 603 606 3661
f 3661 606 609
f 3661 609 3663
f 3663 609 3655
f 3663 3655 2011
f 2011 3655 2012
f 491 3654 489
f 535 537 3694
f 3694 537 539
f 539 540 3694
f 3694 540 555
f 3694 555 489
f 547 545 3695
f 558 552 3696
f 508 510 3692
f 3692 510 512
f 3692 512 514
f 552 551 3696
f 3696 551 549
f 3696 549 547
f 661 3656 500
f 500 3656 162
f 500 162 171
f 495 498 197
f 197 498 168
f 168 498 497
f 168 497 170
f 170 497 503
f 170 503 171
f 171 503 502
f 171 502 500
f 429 455 3697
f 3697 455 379
f 392 3698 383
f 383 3698 3697
f 383 3697 381
f 381 3697 379
f 436 439 3658
f 3658 439 443
f 3658 443 3699
f 3699 443 445
f 3700 395 394
f 3700 394 3653
f 3653 394 398
f 3653 398 397
f 392 391 3698
f 3698 391 389
f 3698 389 387
f 547 3698 3696
f 3696 3698 387
f 3696 387 3700
f 3700 387 385
f 3700 385 395
f 314 313 3701
f 3701 313 345
f 320 318 3702
f 320 3702 322
f 322 3702 3703
f 322 3703 324
f 324 3703 3704
f 324 3704 326
f 330 3652 335
f 291 335 3697
f 3697 335 3652
f 3697 3652 429
f 429 3652 3699
f 429 3699 427
f 427 3699 445
f 3695 264 281
f 547 3695 3698
f 3698 3695 281
f 3698 281 283
f 283 285 3698
f 3698 285 286
f 3698 286 288
f 288 294 3698
f 3698 294 293
f 3698 293 3697
f 3697 293 292
f 3697 292 291
f 345 269 3705
f 3705 269 271
f 3705 271 3706
f 3706 271 273
f 273 274 3706
f 3706 274 276
f 3706 276 280
f 280 279 3706
f 3706 279 278
f 3706 278 3695
f 3695 278 265
f 3695 265 264
f 3690 220 222
f 222 153 3690
f 3690 153 3691
f 3690 3691 726
f 726 3691 724
f 729 721 3690
f 3690 721 3688
f 3690 3688 220
f 220 3688 3651
f 220 3651 218
f 218 3651 214
f 3686 3707 204
f 204 206 3686
f 3686 206 209
f 3686 209 3651
f 3651 209 210
f 3651 210 212
f 198 3654 197
f 197 3654 493
f 197 493 495
f 198 199 3654
f 3654 199 200
f 3654 200 3707
f 3707 200 202
f 3707 202 204
f 153 151 3691
f 3691 151 156
f 3691 156 3659
f 3659 156 158
f 3659 158 3656
f 3656 158 160
f 3656 160 162
f 96 94 3708
f 3708 94 3685
f 3685 94 92
f 3685 92 78
f 37 103 3705
f 3705 103 99
f 345 3705 3701
f 3701 3705 99
f 3701 99 3708
f 3708 99 98
f 3708 98 96
f 44 42 3706
f 3706 42 40
f 3706 40 3705
f 3705 40 38
f 3705 38 37
f 545 544 3695
f 3695 544 535
f 3695 535 3706
f 3706 535 3694
f 3706 3694 44
f 44 3694 3709
f 44 3709 46
f 46 3709 48
f 48 3709 50
f 50 3709 3657
f 50 3657 52
f 52 3657 2306
f 52 2306 2307
f 2527 3710 3685
f 3685 3710 3711
f 3685 3711 3708
f 3708 3711 3702
f 3708 3702 3701
f 3701 3702 318
f 3701 318 314
f 489 3654 3694
f 3694 3654 3707
f 3694 3707 3709
f 3709 3707 3686
f 3709 3686 3657
f 3657 3686 2302
f 3657 2302 2301
f 2196 3658 3666
f 3666 3658 3699
f 3666 3699 3712
f 3712 3699 3652
f 3712 3652 3704
f 3704 3652 328
f 3704 328 326
f 2076 3665 3653
f 3653 3665 3693
f 3653 3693 3700
f 3700 3693 3692
f 3700 3692 3696
f 3696 3692 514
f 3696 514 558
f 3713 3714 3715
f 3715 3714 3716
f 3716 3717 3715
f 3715 3717 3669
f 3715 3669 3668
f 3668 3669 2189
f 3668 2189 2193
f 3718 3719 3683
f 3683 3719 2531
f 3683 2531 2536
f 3683 3720 3718
f 3718 3720 3721
f 3718 3721 3722
f 2192 3667 3668
f 3668 3667 3723
f 3668 3723 3715
f 3715 3723 3724
f 3715 3724 3713
f 3713 3724 3725
f 3713 3725 3726
f 3726 3725 3727
f 3726 3727 3722
f 3722 3727 3728
f 3722 3728 3718
f 3718 3728 3684
f 3718 3684 3719
f 3719 3684 2529
f 3719 2529 2531
f 3721 3729 3722
f 3722 3729 3730
f 3722 3730 3726
f 3726 3730 3731
f 3726 3731 3713
f 3713 3731 3732
f 3713 3732 3714
f 2190 3669 2191
f 2191 3669 3733
f 2191 3733 2187
f 2187 3733 3734
f 2187 3734 2249
f 2249 3734 3733
f 2249 3733 3670
f 3670 3733 3669
f 3670 3669 3671
f 3671 3669 3717
f 3671 3717 3672
f 3672 3717 3716
f 3672 3716 3673
f 3673 3716 3714
f 3673 3714 3674
f 3674 3714 3732
f 3674 3732 3675
f 3675 3732 3731
f 3675 3731 3676
f 3676 3731 3730
f 3676 3730 3677
f 3677 3730 3729
f 3677 3729 3678
f 3678 3729 3721
f 3678 3721 3679
f 3679 3721 3720
f 3679 3720 3680
f 3680 3720 3683
f 3680 3683 3681
f 3681 3683 2533
f 3681 2533 3682
f 3682 2533 2532
f 3682 2532 2538
f 2527 3684 3710
f 3710 3684 3728
f 3710 3728 3711
f 3711 3728 3727
f 3711 3727 3702
f 3702 3727 3725
f 3702 3725 3703
f 3703 3725 3724
f 3703 3724 3704
f 3704 3724 3723
f 3704 3723 3712
f 3712 3723 3667
f 3712 3667 3666
f 3666 3667 2199
f 3666 2199 2198
f 3689 3403 3402
f 3689 3402 2421
f 3735 2411 2421
f 3736 2414 2412
f 3377 2414 3375
f 3375 2414 3736
f 3375 3736 3374
f 3374 3736 3737
f 3374 3737 3372
f 3372 3737 3738
f 3381 3379 3739
f 3739 3379 3378
f 2421 3402 3735
f 3735 3402 3409
f 3735 3409 3740
f 3740 3409 3408
f 3740 3408 3739
f 3739 3408 3382
f 3739 3382 3381
f 3369 3372 3378
f 3378 3372 3738
f 3378 3738 3739
f 3739 3738 3737
f 3739 3737 3740
f 3740 3737 3736
f 3740 3736 3735
f 3735 3736 2412
f 3735 2412 2411
f 2415 2414 3377
f 2415 3377 2419
f 3377 3376 2419
f 2419 3376 3342
f 2419 3342 2420
f 2420 3342 3340
f 2420 3340 3741
f 3741 3340 3742
f 3742 3340 3339
f 3742 3339 3743
f 3743 3339 3347
f 3743 3347 3744
f 3744 3347 3349
f 3744 3349 3745
f 3745 3349 3367
f 3745 3367 3746
f 3367 3366 3746
f 3746 3366 3365
f 3746 3365 3747
f 3747 3365 3364
f 3747 3364 3748
f 3364 3363 3748
f 3748 3363 3354
f 3748 3354 3749
f 3749 3354 3353
f 3749 3353 3750
f 3353 3368 3750
f 3750 3368 3355
f 3750 3355 3319
f 3319 3355 3327
f 3319 3327 3318
f 3318 3327 3326
f 3318 3326 3316
f 2505 2477 3751
f 2423 2417 3752
f 3746 3753 3745
f 3745 3753 3744
f 2420 3741 2416
f 2416 3741 2417
f 2417 3741 3752
f 3752 3741 3742
f 3752 3742 3743
f 3752 2459 2447
f 2447 2439 3752
f 3752 2439 2429
f 3752 2429 2423
f 2457 2458 3754
f 3754 2458 2459
f 3754 2459 3755
f 3755 2459 3752
f 3755 3752 3753
f 3753 3752 3743
f 3753 3743 3744
f 2457 3754 2456
f 2456 3754 3751
f 2456 3751 2455
f 2471 2452 2453
f 2477 2482 3751
f 3751 2482 2472
f 3751 2472 2471
f 2471 2453 3751
f 3751 2453 2454
f 3751 2454 2455
f 3756 2515 2516
f 3756 2516 3751
f 3751 2516 2517
f 3751 2517 2505
f 3757 2521 3756
f 3756 2521 2514
f 3756 2514 2515
f 2543 2544 3757
f 3757 2544 2545
f 3757 2545 2521
f 3757 3758 2543
f 2543 3758 3759
f 2543 3759 2542
f 3760 2540 3759
f 3759 2540 2541
f 3759 2541 2542
f 3761 3762 3763
f 3758 3764 3759
f 3759 3764 3761
f 3759 3761 3760
f 3760 3761 3763
f 3760 3763 2540
f 2540 3763 2518
f 3754 3765 3751
f 3751 3765 3766
f 3751 3766 3756
f 3756 3766 3767
f 3756 3767 3757
f 3757 3767 3768
f 3757 3768 3758
f 3758 3768 3769
f 3758 3769 3764
f 2519 2518 3763
f 2608 2610 3762
f 3762 2610 2613
f 3762 2613 3763
f 3763 2613 2539
f 3763 2539 2519
f 3762 3770 2608
f 2608 3770 3771
f 2608 3771 2606
f 3771 3772 2606
f 2606 3772 3773
f 2606 3773 2588
f 2588 3773 3774
f 2588 3774 2589
f 2589 3774 3775
f 2589 3775 2591
f 3775 3776 2591
f 2591 3776 3777
f 2591 3777 2593
f 3777 3778 2593
f 2593 3778 3779
f 2593 3779 2595
f 3779 3780 2595
f 2595 3780 3781
f 2595 3781 2597
f 2597 3781 3782
f 2597 3782 2599
f 2599 3782 3783
f 2599 3783 2601
f 3 2 3784
f 3783 3785 2601
f 2601 3785 5
f 2601 5 2603
f 2603 5 3
f 2603 3 2585
f 2585 3 3784
f 2585 3784 2586
f 3784 2 3786
f 2999 2685 2997
f 2997 2685 2688
f 2997 2688 2998
f 2998 2688 2690
f 2998 2690 3786
f 3786 2690 2586
f 3786 2586 3784
f 2999 2991 2685
f 2685 2991 3004
f 2685 3004 2683
f 2683 3004 3003
f 2683 3003 2681
f 2681 3003 3001
f 2681 3001 2679
f 3001 3000 2679
f 2679 3000 3006
f 2679 3006 2677
f 3006 3008 2677
f 2677 3008 3007
f 2677 3007 2674
f 2674 3007 3011
f 2674 3011 2672
f 3011 3013 2672
f 2672 3013 3017
f 2672 3017 2670
f 2670 3017 3016
f 2670 3016 2668
f 2668 3016 3015
f 2668 3015 2667
f 2667 3015 3018
f 2667 3018 2665
f 2665 3018 3020
f 2989 2786 2787
f 3020 2990 2665
f 2665 2990 2989
f 2665 2989 2660
f 2660 2989 2787
f 2660 2787 2661
f 1 4 3787
f 3788 3789 3786
f 1 3787 2
f 2 3787 3790
f 2 3790 3786
f 3786 3790 3791
f 3786 3791 3788
f 3789 2994 3786
f 3786 2994 2996
f 3786 2996 2998
f 3138 3137 3792
f 3136 3101 3793
f 3794 3795 3796
f 3797 3798 3795
f 3795 3798 3799
f 3795 3799 3796
f 3787 4 3797
f 3795 3099 3146
f 3146 3145 3795
f 3795 3145 3791
f 3795 3791 3797
f 3797 3791 3790
f 3797 3790 3787
f 3145 3144 3791
f 3791 3144 3142
f 3791 3142 3143
f 2994 3789 3143
f 3143 3789 3788
f 3143 3788 3791
f 3793 3101 3794
f 3101 3141 3794
f 3794 3141 3140
f 3794 3140 3795
f 3795 3140 3100
f 3795 3100 3099
f 3132 3134 3800
f 3800 3134 3138
f 3132 3800 3131
f 3131 3800 3801
f 3131 3801 3129
f 3129 3801 3802
f 3129 3802 3127
f 3802 3803 3127
f 3127 3803 3804
f 3127 3804 3125
f 3125 3804 3805
f 3125 3805 3123
f 3123 3805 3806
f 3123 3806 3118
f 3169 3119 3118
f 3118 3806 3169
f 3169 3806 3807
f 3169 3807 3174
f 3807 3806 3808
f 3808 3806 3805
f 3808 3805 3809
f 3809 3805 3804
f 3809 3804 3810
f 3810 3804 3803
f 3810 3803 3811
f 3811 3803 3802
f 3811 3802 3812
f 3812 3802 3801
f 3812 3801 3813
f 3813 3801 3800
f 3813 3800 3814
f 3138 3792 3800
f 3800 3792 3815
f 3800 3815 3814
f 3816 3817 3792
f 3792 3817 3818
f 3792 3818 3815
f 3796 3819 3794
f 3794 3819 3816
f 3794 3816 3793
f 3793 3816 3792
f 3793 3792 3136
f 3136 3792 3137
f 3811 3820 3821
f 3796 3822 3823
f 3796 3823 3819
f 3819 3823 3824
f 3819 3824 3816
f 3816 3824 3817
f 3817 3824 3825
f 3817 3825 3818
f 3818 3825 3815
f 3815 3825 3826
f 3815 3826 3814
f 3814 3826 3827
f 3814 3827 3813
f 3813 3827 3828
f 3813 3828 3812
f 3811 3821 3810
f 3810 3821 3829
f 3810 3829 3809
f 3830 3807 3829
f 3829 3807 3808
f 3829 3808 3809
f 3831 3174 3830
f 3830 3174 3807
f 3832 3178 3177
f 3833 3834 3829
f 3829 3834 3835
f 3829 3835 3830
f 3830 3835 3832
f 3830 3832 3831
f 3831 3832 3177
f 3831 3177 3174
f 3833 3829 3836
f 3836 3829 3821
f 3836 3821 3837
f 3837 3821 3820
f 3837 3820 3838
f 3811 3812 3820
f 3820 3812 3828
f 3820 3828 3838
f 3838 3828 3827
f 3838 3827 3839
f 3839 3827 3826
f 3839 3826 3840
f 3840 3826 3825
f 3840 3825 3841
f 3841 3825 3824
f 3841 3824 3842
f 3842 3824 3823
f 3842 3823 3843
f 3843 3823 3822
f 3843 3822 3844
f 3844 3822 7
f 3844 7 8
f 3796 3799 3822
f 3822 3799 3798
f 3822 3798 7
f 7 3798 3797
f 7 3797 4
f 3845 3846 3847
f 3847 3846 3848
f 3847 3848 3849
f 3849 3850 3847
f 3847 3850 3851
f 3847 3851 3852
f 3853 3845 3847
f 3847 3852 3853
f 3853 3852 3854
f 3853 3854 3855
f 3856 3857 3858
f 3307 3308 3859
f 3272 3265 3860
f 3267 3178 3832
f 3861 3862 3863
f 3863 3864 3861
f 3861 3864 3865
f 3861 3865 3866
f 3867 3868 3853
f 3853 3868 3869
f 3853 3869 3845
f 3867 3853 3870
f 3870 3853 3855
f 3870 3855 3861
f 3861 3855 3871
f 3861 3871 3862
f 3872 3873 3874
f 3874 3873 3875
f 3874 3875 3876
f 3877 3878 3879
f 3879 3878 3880
f 3879 3880 3881
f 3882 3883 3877
f 8 3883 3844
f 3844 3883 3882
f 3844 3882 3843
f 3877 3879 3882
f 3882 3879 3884
f 3882 3884 3843
f 3843 3884 3885
f 3843 3885 3842
f 3842 3885 3886
f 3842 3886 3841
f 3841 3886 3887
f 3841 3887 3840
f 3840 3887 3888
f 3840 3888 3839
f 3839 3888 3838
f 3838 3888 3889
f 3838 3889 3837
f 3837 3889 3836
f 3836 3889 3890
f 3836 3890 3833
f 3833 3890 3891
f 3833 3891 3834
f 3834 3891 3892
f 3834 3892 3835
f 3835 3892 3893
f 3835 3893 3832
f 3832 3893 3266
f 3832 3266 3267
f 3272 3860 3270
f 3270 3860 3312
f 3312 3860 3894
f 3312 3894 3310
f 3859 3308 3894
f 3894 3308 3309
f 3894 3309 3310
f 3306 3895 3305
f 3305 3895 3857
f 3305 3857 3304
f 3304 3857 3856
f 3302 3303 3896
f 3897 3301 3898
f 3898 3301 3302
f 3898 3302 3899
f 3899 3302 3896
f 3900 3901 3897
f 3897 3901 3902
f 3897 3902 3301
f 3897 3903 3900
f 3900 3903 3904
f 3900 3904 3866
f 3866 3904 3874
f 3866 3874 3861
f 3861 3874 3876
f 3861 3876 3870
f 3881 3872 3879
f 3879 3872 3874
f 3879 3874 3884
f 3884 3874 3904
f 3884 3904 3885
f 3885 3904 3903
f 3885 3903 3886
f 3886 3903 3897
f 3886 3897 3887
f 3887 3897 3898
f 3887 3898 3888
f 3888 3898 3899
f 3888 3899 3889
f 3889 3899 3896
f 3889 3896 3890
f 3858 3857 3905
f 3905 3857 3895
f 3905 3895 3859
f 3859 3895 3306
f 3859 3306 3307
f 3265 3266 3860
f 3860 3266 3893
f 3860 3893 3894
f 3894 3893 3892
f 3894 3892 3859
f 3859 3892 3891
f 3859 3891 3905
f 3905 3891 3890
f 3905 3890 3858
f 3858 3890 3896
f 3858 3896 3856
f 3856 3896 3303
f 3856 3303 3304
f 3854 3852 3906
f 3907 3862 3906
f 3906 3862 3871
f 3906 3871 3854
f 3854 3871 3855
f 3907 3908 3862
f 3862 3908 3909
f 3862 3909 3863
f 3863 3909 3864
f 3910 3866 3865
f 3865 3864 3909
f 3910 3865 3911
f 3911 3865 3909
f 3911 3909 3908
f 3912 3910 3913
f 3913 3910 3911
f 3866 3910 3900
f 3900 3910 3912
f 3900 3912 3914
f 3901 3915 3902
f 3902 3915 3300
f 3902 3300 3301
f 3280 3300 3916
f 3916 3300 3915
f 3916 3915 3914
f 3914 3915 3901
f 3914 3901 3900
f 3913 3917 3912
f 3912 3917 3918
f 3912 3918 3914
f 3914 3918 3919
f 3914 3919 3916
f 3920 3913 3921
f 3921 3913 3911
f 3921 3911 3922
f 3281 3280 3916
f 3916 3919 3281
f 3281 3919 3918
f 3281 3918 3920
f 3920 3918 3917
f 3920 3917 3913
f 3774 3773 3923
f 3769 3768 3924
f 3754 3755 3925
f 3314 3274 3926
f 3276 3278 3927
f 3928 3929 3922
f 3922 3929 3930
f 3922 3930 3921
f 3921 3930 3920
f 3920 3930 3931
f 3920 3931 3281
f 3281 3931 3932
f 3281 3932 3283
f 3278 3288 3927
f 3927 3288 3290
f 3927 3290 3933
f 3933 3290 3285
f 3933 3285 3934
f 3934 3285 3935
f 3936 3317 3322
f 3319 3317 3750
f 3750 3317 3936
f 3750 3936 3749
f 3749 3936 3748
f 3753 3746 3937
f 3937 3746 3747
f 3754 3925 3765
f 3925 3938 3765
f 3765 3938 3939
f 3765 3939 3766
f 3766 3939 3940
f 3766 3940 3767
f 3769 3924 3764
f 3772 3771 3941
f 3941 3771 3770
f 3851 3850 3775
f 3928 3942 3929
f 3929 3942 3943
f 3929 3943 3775
f 3775 3943 3944
f 3775 3944 3851
f 3850 3849 3775
f 3775 3849 3848
f 3775 3848 3846
f 3846 3845 3775
f 3775 3845 3869
f 3775 3869 3776
f 3776 3869 3868
f 3776 3868 3777
f 3868 3867 3777
f 3777 3867 3870
f 3777 3870 3778
f 3778 3870 3876
f 3778 3876 3779
f 3876 3875 3779
f 3779 3875 3873
f 3779 3873 3780
f 3780 3873 3872
f 3780 3872 3781
f 3781 3872 3881
f 3881 3880 3781
f 3781 3880 3878
f 3781 3878 3782
f 3782 3878 3877
f 3782 3877 3783
f 3783 3877 3883
f 3883 8 3783
f 3783 8 6
f 3783 6 3785
f 3785 6 5
f 3322 3945 3936
f 3936 3945 3937
f 3936 3937 3748
f 3748 3937 3747
f 3755 3753 3925
f 3925 3753 3937
f 3925 3937 3946
f 3946 3937 3945
f 3946 3945 3947
f 3947 3945 3322
f 3947 3322 3313
f 3313 3314 3947
f 3947 3314 3926
f 3947 3926 3946
f 3946 3926 3948
f 3946 3948 3925
f 3925 3948 3949
f 3925 3949 3938
f 3938 3949 3950
f 3938 3950 3939
f 3939 3950 3951
f 3939 3951 3940
f 3940 3951 3924
f 3940 3924 3767
f 3767 3924 3768
f 3773 3772 3923
f 3923 3772 3941
f 3923 3941 3952
f 3952 3941 3953
f 3952 3953 3954
f 3775 3774 3929
f 3929 3774 3923
f 3929 3923 3930
f 3930 3923 3952
f 3930 3952 3931
f 3931 3952 3954
f 3931 3954 3932
f 3932 3954 3935
f 3932 3935 3283
f 3283 3935 3285
f 3274 3276 3926
f 3926 3276 3927
f 3926 3927 3948
f 3948 3927 3933
f 3948 3933 3949
f 3949 3933 3934
f 3949 3934 3950
f 3950 3934 3935
f 3950 3935 3951
f 3951 3935 3954
f 3951 3954 3924
f 3924 3954 3953
f 3924 3953 3764
f 3764 3953 3941
f 3764 3941 3761
f 3761 3941 3770
f 3761 3770 3762
f 3852 3851 3906
f 3906 3851 3944
f 3906 3944 3907
f 3907 3944 3943
f 3928 3908 3942
f 3942 3908 3907
f 3942 3907 3943
f 3922 3911 3928
f 3928 3911 3908
